sequence_id,split,frame_index,timestamp_s,target_x_m,target_y_m,target_z_m,uav_x_m,uav_y_m,uav_z_m,horizontal_separation_m,vertical_separation_m,range_m
seq00,calibration,0,1788536082.166929,-2.6709949185857678,13.93323447874845,0.3199303750012714,-13.25974464416504,-13.368877649307251,33.52970886230468,29.283561043764493,33.20977848730341,44.27658901247523
seq00,calibration,1,1788536082.3620832,-2.708192356761184,13.88423983844108,0.31991338203711117,-13.293549537658688,-13.405792236328125,33.503761291503906,29.27107167988747,33.18384790946679,44.24888020467562
seq00,calibration,2,1788536082.5531452,-2.7449645384077828,13.83429415554179,0.3199016350734145,-13.327193260192873,-13.44365906715393,33.477500915527344,29.258678998542454,33.15759928045393,44.22099825629119
seq00,calibration,3,1788536082.741458,-2.781310041758851,13.783423602034567,0.3199055696034039,-13.360670089721678,-13.482466220855713,33.45092773437499,29.246394766849875,33.131022164771586,44.19294328895746
seq00,calibration,4,1788536082.9238532,-2.817213184462766,13.731608646701401,0.3199031258228511,-13.3939733505249,-13.522202014923096,33.424049377441406,29.23419318520824,33.10414625161855,44.16472065165392
seq00,calibration,5,1788536083.105084,-2.8526736124414622,13.678882100733883,0.3199058089943252,-13.427097320556642,-13.562856435775757,33.39687728881835,29.222093615110857,33.076971479824024,44.13634327317335
seq00,calibration,6,1788536083.294677,-2.887685493275647,13.625252497671704,0.319913441616823,-13.460036277770998,-13.604419708251953,33.36941146850586,29.21009499389673,33.04949802688903,44.1078107525392
seq00,calibration,7,1788536083.469243,-2.922241051935079,13.570727273948744,0.31991833054260477,-13.492782592773438,-13.64687728881836,33.3416633605957,29.198190810420943,33.0217450300531,44.07913328811703
seq00,calibration,8,1788536083.6686761,-2.9563272185156237,13.5152951074326,0.31990413865024525,-13.525332450866701,-13.69022011756897,33.313640594482415,29.186365485604004,32.99373645583217,44.05031867735085
seq00,calibration,9,1788536083.8570902,-2.9899409127207957,13.458977995121757,0.3198793316502999,-13.557679176330566,-13.734434843063354,33.285346984863274,29.17462585528961,32.965467653212976,44.02136812266475
seq00,calibration,10,1788536084.039732,-3.0231044758510786,13.401878640189345,0.31990467550336943,-13.589816093444824,-13.77950668334961,33.25679016113281,29.163043437132714,32.936885485629446,43.99228941541412
seq00,calibration,11,1788536084.225234,-3.055782897896314,13.343914143660179,0.31991344165448665,-13.621738433837894,-13.82542610168457,33.22797775268555,29.15154311103967,32.90806431103106,43.96308863642045
seq00,calibration,12,1788536084.4024572,-3.0879777260559225,13.28512011013626,0.31991785372066706,-13.653439521789549,-13.872179508209229,33.19891357421875,29.140142510250268,32.87899572049808,43.93377135082107
seq00,calibration,13,1788536084.5889041,-3.119684072234486,13.225515505496356,0.31992149088298194,-13.684913635253906,-13.919754266738892,33.169612884521484,29.12884732918088,32.8496913936385,43.90435025580057
seq00,calibration,14,1788536084.7698612,-3.150890042806048,13.1650877639924,0.3199050332703597,-13.716156005859373,-13.968136548995972,33.14007568359375,29.117635661038765,32.82017065032339,43.87482544700714
seq00,calibration,15,1788536084.949511,-3.181609690355297,13.103917149802232,0.31991713795884413,-13.747160911560059,-14.017311096191406,33.11030960083008,29.106561016018098,32.79039246287123,43.8452019273296
seq00,calibration,16,1788536085.12661,-3.211817765562262,13.041950224476869,0.3199061659366538,-13.777921676635742,-14.067266941070557,33.080326080322266,29.095570233085546,32.760419914385615,43.81549178264792
seq00,calibration,17,1788536085.3096771,-3.2415271381718957,12.979258796242966,0.31991666133114505,-13.808433532714844,-14.117989063262936,33.05012893676758,29.084709940285286,32.730212275436436,43.785695699687814
seq00,calibration,18,1788536085.517532,-3.2707203617761027,12.915819303131869,0.31991570714178996,-13.838691711425781,-14.1694643497467,33.01972961425781,29.073950694804232,32.699813907116024,43.755827481193016
seq00,calibration,19,1788536085.7083051,-3.2993953373790226,12.851656015438332,0.31991129467914936,-13.868689537048342,-14.221675634384155,32.989131927490234,29.063297584762186,32.66922063281108,43.72588756395612
seq00,calibration,20,1788536085.885801,-3.3275490237966006,12.78678713817457,0.31990473451528767,-13.898422241210938,-14.274612426757812,32.95833969116211,29.05275730445512,32.63843495664682,43.69588245373739
seq00,calibration,21,1788536086.068753,-3.3551802765715744,12.721240792812505,0.31990837294915875,-13.927884101867674,-14.32825660705566,32.927371978759766,29.042337642877605,32.60746360581061,43.66582254540923
seq00,calibration,22,1788536086.258131,-3.3822711480595204,12.654987286116086,0.3198820734079997,-13.95707130432129,-14.38259768486023,32.89622497558594,29.03200646541052,32.576342902177934,43.635713770808394
seq00,calibration,23,1788536086.4482403,-3.4088500588359176,12.588150553690532,0.31991427622322766,-13.985976219177246,-14.437617063522346,32.86491394042968,29.02184889202218,32.54499966420645,43.60555831834478
seq00,calibration,24,1788536086.6347,-3.4348733098042703,12.520620805648049,0.31990097777486626,-14.0145959854126,-14.493299722671516,32.83344268798828,29.01176372100025,32.51354171021342,43.575369519316
seq00,calibration,25,1788536086.819355,-3.4603648095909607,12.4525027600366,0.31991558770557993,-14.042924880981445,-14.54963111877441,32.801822662353516,29.001824281824437,32.481907074647935,43.54515011892696
seq00,calibration,26,1788536087.009869,-3.4852998001476885,12.383746076825572,0.3199037806713434,-14.070957183837889,-14.60659408569336,32.77005386352539,28.991974826378375,32.450150082854044,43.51490370819071
seq00,calibration,27,1788536087.1891742,-3.509695433567555,12.314438457984405,0.319921192524379,-14.09868907928467,-14.664175271987922,32.738155364990234,28.98227708824979,32.41823417246586,43.48464432510541
seq00,calibration,28,1788536087.387226,-3.533524165444888,12.244517598204167,0.319907121049664,-14.126114845275877,-14.722359418869019,32.706123352050774,28.97266700468551,32.38621623100111,43.454371875860225
seq00,calibration,29,1788536087.581841,-3.5568080434599567,12.174085830904952,0.31992411464282866,-14.153230667114258,-14.7811279296875,32.67397308349609,28.963213241944086,32.354048968853256,43.42409706576844
seq00,calibration,30,1788536087.769241,-3.57950888533908,12.103046039855347,0.3198877402362983,-14.18002986907959,-14.840466260910034,32.641712188720696,28.953823585637497,32.3218244484844,43.393827163628494
seq00,calibration,31,1788536087.958511,-3.60167298395775,12.031583658145788,0.3199236972266355,-14.20651054382324,-14.900356531143188,32.60934829711914,28.94463649850474,32.289424599892506,43.36356677007458
seq00,calibration,32,1788536088.145919,-3.6232518056848053,11.959564575266798,0.319918331043449,-14.232665061950684,-14.960785388946533,32.57688522338867,28.935529921498773,32.256966892345226,43.33332210818606
seq00,calibration,33,1788536088.3315551,-3.6442602913561153,11.887067667240505,0.3199164827474099,-14.258491516113281,-15.021732091903687,32.54433822631836,28.92655197168042,32.22442174357095,43.30310341855254
seq00,calibration,34,1788536088.5128803,-3.6646890111240125,11.814091423644204,0.3199037811446277,-14.283985137939451,-15.083181262016296,32.5117073059082,28.91768884533783,32.19180352476358,43.2729123393926
seq00,calibration,35,1788536088.6918752,-3.684545471903416,11.740687173112292,0.31990777690079786,-14.309139251708984,-15.145119190216072,32.47900390624999,28.908970524601376,32.159096129349194,43.24275708889286
seq00,calibration,36,1788536088.8716881,-3.703805631182565,11.666806586191386,0.31987456029945016,-14.33395290374756,-15.20752763748169,32.44623947143555,28.900343786918985,32.12636491113609,43.2126508490926
seq00,calibration,37,1788536089.0609581,-3.7224769553739367,11.59249933995288,0.3198291687252719,-14.358419418334961,-15.270386099815369,32.41341781616211,28.89183078701539,32.09358864743684,43.18259277181509
seq00,calibration,38,1788536089.236838,-3.7406083960813796,11.51796275397012,0.3199109965807925,-14.38253498077393,-15.333679676055905,32.380550384521484,28.88358188701602,32.06063938794069,43.15258857342783
seq00,calibration,39,1788536089.419687,-3.75811033872927,11.442919891965088,0.31988994552720085,-14.40629577636719,-15.39739096164703,32.34764099121094,28.875355233015796,32.027751045683736,43.12265039253905
seq00,calibration,40,1788536089.5996742,-3.7750345046506313,11.367575916651214,0.3199118312547584,-14.429698944091797,-15.461502194404602,32.314701080322266,28.867305149705718,31.99478924906751,43.0927818282653
seq00,calibration,41,1788536089.790385,-3.791343003571329,11.291824415916043,0.31988135890621416,-14.452738761901859,-15.525997877120972,32.28173828125,28.859330415944534,31.961856922343785,43.062991651545026
seq00,calibration,42,1788536089.9705431,-3.807073343265429,11.215826468544549,0.31990395951633066,-14.47541236877441,-15.590857148170471,32.24876022338867,28.851546649873995,31.92885626387234,43.03328486658758
seq00,calibration,43,1788536090.153769,-3.822195740607326,11.139505078467703,0.3199102215399132,-14.497715950012207,-15.656063079833984,32.21577453613281,28.84387638074334,31.8958643145929,43.00366687902933
seq00,calibration,44,1788536090.327948,-3.8367161170462745,11.06290912920123,0.3199204174906751,-14.519645690917969,-15.721599698066711,32.18278884887695,28.83634681089643,31.86286843138628,42.97414667069177
seq00,calibration,45,1788536090.490421,-3.8506228482537126,10.986021335175588,0.3199089689394614,-14.541198730468752,-15.787449538707733,32.14981460571288,28.82892913946122,31.82990563677342,42.944732484601374
seq00,calibration,46,1788536090.678684,-3.8639205064054267,10.908887271874404,0.31989567202864144,-14.562291250898639,-15.853872449933995,32.11664403488629,28.82187441013992,31.79674836285765,42.91542439455503
seq00,calibration,47,1788536090.8717132,-3.8766244740569906,10.831588452260059,0.3199267379939372,-14.58315658569336,-15.920006394386288,32.08392333984375,28.814538981157,31.76399660184981,42.886234817467276
seq00,calibration,48,1788536091.057243,-3.888696970233588,10.754015194209549,0.31990437724891163,-14.603555679321289,-15.986681342124939,32.05102157592773,28.807517220406964,31.731117198678817,42.857167977834635
seq00,calibration,49,1788536091.235229,-3.9001637015826254,10.676285155553185,0.31990574913891545,-14.623564720153805,-16.053594648838043,32.0181655883789,28.800656307839507,31.698259839239984,42.82823228430365
seq00,calibration,50,1788536091.40995,-3.91101362212067,10.598384762585857,0.31990449701299384,-14.643178939819336,-16.120729863643646,31.985355377197262,28.793930937195874,31.665450880184267,42.799430349729754
seq00,calibration,51,1788536091.5900152,-3.9212462659428695,10.52033830468731,0.31990407969007717,-14.662395477294922,-16.18806678056717,31.95260620117187,28.787344243236056,31.632702121481795,42.77077310600049
seq00,calibration,52,1788536091.784199,-3.9308413289118413,10.442092144493216,0.31984801568698873,-14.68121147155762,-16.25558850169182,31.919923782348633,28.780837550175164,31.600075766661643,42.742267119893505
seq00,calibration,53,1788536091.961597,-3.9398524207794807,10.363878300581572,0.31990264882702024,-14.699625015258789,-16.32327499985695,31.887313842773438,28.774587009477905,31.567411193946416,42.71391233607275
seq00,calibration,54,1788536092.1342232,-3.9482274274424625,10.285520635970657,0.3199144553220412,-14.717631340026855,-16.39110991358757,31.854787826538086,28.768431971694447,31.534873371216044,42.68572263238192
seq00,calibration,55,1788536092.314832,-3.9559743086053922,10.207076511517261,0.3199127253637415,-14.735230445861816,-16.45907273888588,31.822349548339844,28.762403910614918,31.5024368229761,42.65770041273858
seq00,calibration,56,1788536092.49744,-3.963085046289942,10.128532465862728,0.31987628988634476,-14.75241661071777,-16.52714757621288,31.79000854492187,28.75647673329726,31.470132255035526,42.6298507886445
seq00,calibration,57,1788536092.669804,-3.9695914138229806,10.050044369585502,0.31990551075874274,-14.76918888092041,-16.595312744379044,31.757774353027344,28.750762793046693,31.4378688422686,42.602182555894025
seq00,calibration,58,1788536092.857065,-3.9754572856819053,9.971488751796366,0.31989251084033987,-14.785544395446777,-16.663551142439246,31.725656509399414,28.745144520218144,31.405763998559074,42.574703120766635
seq00,calibration,59,1788536093.032596,-3.9807068710475426,9.892987167353876,0.31991511057164623,-14.801481246948242,-16.731846511363983,31.69365692138672,28.739709923963012,31.373741810815073,42.54741592300552
seq00,calibration,60,1788536093.201576,-3.98531911645409,9.814476691125723,0.3199106979472335,-14.816996574401855,-16.80017493665218,31.661788940429684,28.734385635001747,31.34187824248245,42.52032748683375
seq00,calibration,61,1788536093.3758712,-3.989301732229568,9.736009157800048,0.3199059281519039,-14.832088470458983,-16.868521094322205,31.630062103271484,28.729202115387956,31.31015617511958,42.49344577575688
seq00,calibration,62,1788536093.5572991,-3.9926510445757213,9.657591058843574,0.3198886346843932,-14.846755027770996,-16.936867266893387,31.598478317260742,28.724149890246977,31.27858968257635,42.46677477097062
seq00,calibration,63,1788536093.7475781,-3.9953718019243585,9.57926727677757,0.31987760005019417,-14.860993385314945,-17.005192160606384,31.567047119140625,28.71924817907593,31.24716951909043,42.44032067416704
seq00,calibration,64,1788536093.9264362,-3.9974729251650216,9.501097425686513,0.3199043769051926,-14.874801635742186,-17.073478668928146,31.535776138305664,28.714532461567458,31.21587176140047,42.414089926704904
seq00,calibration,65,1788536094.118258,-3.9989349322760734,9.423015905925483,0.3199075386261625,-14.8881778717041,-17.141710221767426,31.504674911499023,28.70993357765241,31.184767372872862,42.3880879744936
seq00,calibration,66,1788536094.304038,-3.9997638664191806,9.345068004786,0.31990121665516114,-14.901122093200682,-17.20986586809159,31.473751068115234,28.70547202506028,31.153849851460073,42.362323882771555
seq00,calibration,67,1788536094.4736671,-3.999964515903437,9.26729778530353,0.31990843235154176,-14.913630485534672,-17.277927696704865,31.443010330200195,28.701168979457172,31.123101897848652,42.336799271215874
seq00,calibration,68,1788536094.6680942,-3.9995230298044153,9.189657441813559,0.31987807938546275,-14.925702095031738,-17.34587353467941,31.412460327148438,28.69696487731463,31.092582247762977,42.31151691919985
seq00,calibration,69,1788536094.8643732,-3.9984590254507895,9.112262008973357,0.31987962915621226,-14.937335014343262,-17.4136922955513,31.382110595703125,28.69294790825959,31.062230966546913,42.28649255122969
seq00,calibration,70,1788536095.0497801,-3.996769581768449,9.03511400691712,0.3199049745989613,-14.948529243469238,-17.481357753276825,31.351972579956055,28.689097481392118,31.032067605357092,42.2617265875434
seq00,calibration,71,1788536095.238567,-3.994444677124624,8.95818201773762,0.31991099627086705,-14.959281921386722,-17.548859238624573,31.322040557861328,28.685377668067133,31.00212956159046,42.237222083291485
seq00,calibration,72,1788536095.447068,-3.991486141391055,8.881495995399211,0.31991111355150115,-14.969593048095701,-17.616171002387997,31.292333602905273,28.68179191718428,30.97242248935377,42.212985471767865
seq00,calibration,73,1788536095.618044,-3.9879012233226487,8.805102995867104,0.31992286229134526,-14.979460716247557,-17.683279514312744,31.262855529785153,28.67836794680111,30.942932667493807,42.18902547057901
seq00,calibration,74,1788536095.8005772,-3.9836801773991435,8.728972111815583,0.3199092669494521,-14.988883972167969,-17.750166416168213,31.23361206054687,28.675063866512136,30.91370279359742,42.16534487181888
seq00,calibration,75,1788536095.984251,-3.9788311730416637,8.653160949722045,0.31990211175256467,-14.997861862182617,-17.816811323165894,31.204618453979492,28.671910809286608,30.884716342226927,42.14195264810952
seq00,calibration,76,1788536096.1562703,-3.9733562552982233,8.577694600237264,0.31990336418222887,-15.006394386291502,-17.88319432735443,31.175865173339844,28.668913011104845,30.855961809157616,42.11884319881649
seq00,calibration,77,1788536096.3340843,-3.967251844486659,8.502570015981359,0.3198978183746293,-15.014479637145996,-17.94930100440979,31.147377014160153,28.666055228829688,30.827479195785525,42.09603539466517
seq00,calibration,78,1788536096.510502,-3.9605239321187735,8.427826734232797,0.3199019929948832,-15.022117614746094,-18.015114307403564,31.119152069091797,28.6633561491148,30.799250076096914,42.073528387585384
seq00,calibration,79,1788536096.690525,-3.953167601577453,8.353456188043438,0.3198914960824335,-15.02930736541748,-18.080614089965817,31.091197967529293,28.660791048588496,30.77130647144686,42.05132870065532
seq00,calibration,80,1788536096.8817213,-3.9451942069310806,8.279537218936524,0.3199185095165351,-15.036048889160158,-18.145782470703125,31.063522338867184,28.65841199860836,30.743603829350647,42.02943914327246
seq00,calibration,81,1788536097.0748892,-3.936592137045065,8.206006707937853,0.31991743612955736,-15.042341232299803,-18.210601925849915,31.036134719848633,28.65614898547015,30.716217283719075,42.007866869172304
seq00,calibration,82,1788536097.2637253,-3.927369879630465,8.13292760112592,0.31992316033896295,-15.048185348510739,-18.275055050849915,31.009035110473633,28.654041328230534,30.68911195013467,41.98661306568847
seq00,calibration,83,1788536097.44609,-3.917522482692051,8.060276816602347,0.31990509347833607,-15.053579330444336,-18.339124441146847,30.982234954833984,28.652053135578612,30.662329861355648,41.965683854914154
seq00,calibration,84,1788536097.6362321,-3.907061477727778,7.9881401143872495,0.3199124274174556,-15.058524131774902,-18.40279197692871,30.955739974975582,28.650242860629618,30.635827547558126,41.94508726295345
seq00,calibration,85,1788536097.827191,-3.895982338265025,7.9164890998898905,0.3199135608297661,-15.06301975250244,-18.466041803359985,30.9295597076416,28.648571717834606,30.609646146811837,41.924826758198364
seq00,calibration,86,1788536098.0158951,-3.8842861496063392,7.8453387663397525,0.3199025283796857,-15.067066192626953,-18.528852701187134,30.903696060180664,28.647033791587358,30.58379353180098,41.904903911740206
seq00,calibration,87,1788536098.201972,-3.8719817146541815,7.774760540613315,0.3199231007615686,-15.070663452148436,-18.591213464736935,30.878156661987305,28.64568131339334,30.558233561225737,41.885327935816804
seq00,calibration,88,1788536098.389756,-3.8590573995454753,7.704665682782969,0.319894777046702,-15.073811531066895,-18.65310311317444,30.85294914245605,28.644418062366405,30.53305436540935,41.866097203019365
seq00,calibration,89,1788536098.5703561,-3.84553019176658,7.635184637694329,0.3199003815374324,-15.076511383056639,-18.714508295059204,30.828075408935543,28.64334575725246,30.50817502739811,41.84722212610856
seq00,calibration,90,1788536098.7435982,-3.8313963309586323,7.566295286585495,0.3199142762087488,-15.078733162367472,-18.775670637494336,30.803335172217295,28.642656206164762,30.483420896008546,41.82870669848351
seq00,calibration,91,1788536098.928966,-3.816653613096643,7.497972929710558,0.31990145534044845,-15.080569267272953,-18.835785150527954,30.779375076293945,28.641623740509633,30.459473620953496,41.81055062730563
seq00,calibration,92,1788536099.104008,-3.801309773128768,7.430282634886102,0.3199015749607872,-15.081927299499512,-18.895630359649658,30.75555038452148,28.64098508732075,30.435648809560693,41.79275948332489
seq00,calibration,93,1788536099.284589,-3.785368765541773,7.363256835858818,0.3199223254850796,-15.082839965820312,-18.95491814613343,30.732091903686523,28.6405165788588,30.412169578201443,41.77534258814842
seq00,calibration,94,1788536099.4600253,-3.7688270928104077,7.296848201069862,0.31991904595244547,-15.083307266235352,-19.013641834259033,30.708995819091793,28.640170172224316,30.389076773139347,41.75829659621815
seq00,calibration,95,1788536099.6329222,-3.75169006841385,7.2311110682983255,0.3199188073329049,-15.083331108093262,-19.071775674819946,30.686275482177734,28.639971013837524,30.36635667484483,41.74162859038141
seq00,calibration,96,1788536099.815741,-3.73396052347886,7.166054440108586,0.31991737647130347,-15.082911491394043,-19.12930917739868,30.6639347076416,28.639916826853177,30.3440173311703,41.725342702528295
seq00,calibration,97,1788536099.99394,-3.7156402676769207,7.101683229849359,0.31990646525267685,-15.082050323486332,-19.18622779846192,30.641977310180664,28.639999018666447,30.322070844927985,41.70944166629477
seq00,calibration,98,1788536100.172604,-3.696735594688753,7.0380562063238825,0.3199146931873931,-15.080748558044434,-19.24251413345337,30.62040519714355,28.640253639481443,30.30049050395616,41.6939306532038
seq00,calibration,99,1788536100.365847,-3.677245786947688,6.975141358949496,0.3199116528716057,-15.078999014272675,-19.298269360956784,30.59913609819314,28.640741741681587,30.279224445321532,41.678813808982845
seq00,calibration,100,1788536100.553965,-3.657175152145245,6.912967457964099,0.31990258851940334,-15.076828956604004,-19.353128671646115,30.578458786010742,28.641164412495765,30.258556197491338,41.66409151848094
seq00,calibration,101,1788536100.7383623,-3.636525310017973,6.851531488981687,0.319877124872463,-15.074213981628418,-19.407427072525024,30.558088302612305,28.64181605421717,30.238211177739842,41.64976641126818
seq00,calibration,102,1788536100.925117,-3.615306212965111,6.790951268821779,0.3199091477753462,-15.071165084838867,-19.4610333442688,30.53812980651855,28.64268490589234,30.218220658743206,41.63585304036327
seq00,calibration,103,1788536101.1051762,-3.5935141313980226,6.7311245223457234,0.3199134409404616,-15.067682266235352,-19.513929605484005,30.518583297729492,28.64366248508086,30.19866985678903,41.622338493633045
seq00,calibration,104,1788536101.292926,-3.5711512982908875,6.672051924978006,0.31988028579702443,-15.063768386840819,-19.566105127334595,30.499460220336914,28.644740058968093,30.17957993453989,41.60923188513739
seq00,calibration,105,1788536101.479047,-3.5482293905330393,6.613885315785775,0.31990723930331,-15.059425354003904,-19.61754608154297,30.480758666992188,28.6460403138408,30.16085142768888,41.59654534339739
seq00,calibration,106,1788536101.672686,-3.524745378768132,6.556523066029135,0.31991266579204725,-15.05465507507324,-19.668235778808594,30.46248626708984,28.6474570263199,30.142573601297794,41.58427031203625
seq00,calibration,107,1788536101.858161,-3.5007025625532036,6.4999602728009975,0.31988195484201243,-15.049458503723143,-19.718163013458252,30.444650650024414,28.64897471886555,30.1247686951824,41.57241202264356
seq00,calibration,108,1788536102.0318663,-3.4761102054066964,6.444343093146504,0.319910042152453,-15.043840408325195,-19.767311334609985,30.427249908447262,28.650710460434297,30.107339866294808,41.560980783809995
seq00,calibration,109,1788536102.2063942,-3.450967833540634,6.389573271986956,0.3199168994338428,-15.037800788879395,-19.81567025184631,30.410295486450195,28.6525650872366,30.090378587016353,41.54997436326889
seq00,calibration,110,1788536102.3813012,-3.4252793152235306,6.335662142344999,0.31990151591976823,-15.031342506408691,-19.863224267959595,30.393783569335938,28.65453457897765,30.07388205341617,41.53938773863444
seq00,calibration,111,1788536102.5575461,-3.3990517241482054,6.2826962568554094,0.3199139178929995,-15.024468421936033,-19.909959793090817,30.377723693847656,28.65668411292536,30.057809775954656,41.52923636277778
seq00,calibration,112,1788536102.741563,-3.3722862437669554,6.230623391184406,0.3199088494153677,-15.017180442810059,-19.955863952636715,30.362117767333984,28.65895462704478,30.042208917918618,41.51951344829176
seq00,calibration,113,1788536102.9194083,-3.3449884513762322,6.179489664854358,0.31991290487187474,-15.009481430053711,-20.00092911720276,30.346969604492188,28.661380358480734,30.027056699620314,41.510225946093314
seq00,calibration,114,1788536103.0944052,-3.3171624950353706,6.129304463752052,0.3199187478751646,-15.001374244689941,-20.045135736465454,30.332286834716797,28.663951646720456,30.012368086841633,41.501377834785174
seq00,calibration,115,1788536103.265377,-3.2888125013133034,6.080044314296975,0.31990413931205275,-14.992861747741697,-20.08847451210022,30.318065643310547,28.666638211173726,29.998161503998496,41.49296133021001
seq00,calibration,116,1788536103.4581802,-3.259943175841668,6.031777087235608,0.3199080751685752,-14.983945846557617,-20.13093376159668,30.30431747436523,28.669490361402683,29.984409399196657,41.484991076306066
seq00,calibration,117,1788536103.645843,-3.2305594749851796,5.98448213275529,0.3199052716715758,-14.974630355834961,-20.172502994537354,30.291038513183594,28.672479345250775,29.971133241512018,41.47746254997163
seq00,calibration,118,1788536103.831784,-3.200665771724665,5.938137685614797,0.3198752760510293,-14.964919090271,-20.21317100524902,30.278242111206055,28.675575014073875,29.958366835155026,41.47037913761453
seq00,calibration,119,1788536104.013051,-3.170265976588253,5.892875789596221,0.3199036621226701,-14.954813003540039,-20.25292587280274,30.265914916992188,28.678885843071775,29.946011254869518,41.46374420233554
seq00,calibration,120,1788536104.186246,-3.1393657179284653,5.8485881919865434,0.31990276733606837,-14.944316864013672,-20.29175233840942,30.254079818725586,28.682298977008806,29.93417705138952,41.457559387287326
seq00,calibration,121,1788536104.3697002,-3.1079703542562,5.805308115779159,0.3198903047327386,-14.933433532714844,-20.32964706420898,30.242721557617188,28.68584078679009,29.92283125288445,41.45181892068994
seq00,calibration,122,1788536104.548737,-3.0760831797321373,5.763100262392913,0.31990521281144724,-14.92216682434082,-20.36659049987793,30.231855392456055,28.689552750905122,29.911950179644606,41.44653424107387
seq00,calibration,123,1788536104.7269492,-3.043710423315593,5.72192423843409,0.3199099831266514,-14.91051959991455,-20.402580261230476,30.221479415893555,28.69339462989361,29.9015694327669,41.44170302882578
seq00,calibration,124,1788536104.917076,-3.0108588023497824,5.681771301251993,0.31988940892715245,-14.898494720458984,-20.437604904174805,30.211593627929688,28.697346586089374,29.891704219002534,41.437322333838964
seq00,calibration,125,1788536105.091741,-2.9775293836558903,5.642727810316026,0.3199023495585971,-14.886096954345701,-20.4716534614563,30.20220565795898,28.701478895575715,29.882303308400385,41.433403695670656
seq00,calibration,126,1788536105.2843611,-2.9437291331892754,5.604767484908956,0.3199231010147876,-14.873330116271973,-20.504717350006104,30.193317413330078,28.705758620183286,29.87339431231529,41.42994407067548
seq00,calibration,127,1788536105.4576993,-2.909468051690673,5.567821488455015,0.31988976755342535,-14.860197067260742,-20.53678321838379,30.1849308013916,28.710108166008343,29.865041033838175,41.42693552336133
seq00,calibration,128,1788536105.638019,-2.8747430331635155,5.532052156406605,0.3199185094121437,-14.846701622009277,-20.567846775054928,30.177040100097656,28.714674239586014,29.857121590685512,41.42439168372329
seq00,calibration,129,1788536105.8241541,-2.8395670599716896,5.497327491752079,0.31990449615034566,-14.832847595214844,-20.597900867462158,30.169654846191403,28.719326613216083,29.849750350041056,41.42230458432218
seq00,calibration,130,1788536105.9996822,-2.8039414037043002,5.4637372480804265,0.31990795518740067,-14.81864070892334,-20.62692880630493,30.162776947021484,28.724133660674386,29.842868991834084,41.42067942731094
seq00,calibration,131,1788536106.182135,-2.767875288691212,5.431233320763584,0.3198888734028744,-14.804082870483398,-20.65492868423462,30.15640830993652,28.72904699259973,29.836519436533646,41.41951271067362
seq00,calibration,132,1788536106.3662071,-2.731369038145141,5.399900332431668,0.31989889163386787,-14.7891788482666,-20.681894302368164,30.150548934936523,28.7341397781269,29.830650043302654,41.41881783434828
seq00,calibration,133,1788536106.5378582,-2.6944316318839574,5.3696994978635075,0.3199090289419475,-14.773933410644531,-20.707815647125244,30.14519500732422,28.739366022238514,29.825285978382272,41.418580891340106
seq00,calibration,134,1788536106.7433522,-2.65706755388198,5.340651969776801,0.3199259031250947,-14.758349418640137,-20.732679843902588,30.140357971191406,28.744732641591057,29.82043206806631,41.41881001867036
seq00,calibration,135,1788536106.916284,-2.61928871486202,5.3127005546850326,0.31990413909155224,-14.742433547973636,-20.75649118423462,30.136032104492188,28.75018953963882,29.816127965400636,41.41949885518056
seq00,calibration,136,1788536107.0955741,-2.5810941532525136,5.2859304363877015,0.319900322809864,-14.72618770599365,-20.77923202514649,30.132221221923828,28.75579926816512,29.812320899113963,41.42065268610278
seq00,calibration,137,1788536107.287553,-2.5424884012734377,5.260355774058768,0.31991976150180745,-14.70961856842041,-20.8009033203125,30.128925323486328,28.761576488228997,29.80900556198452,41.42227775826277
seq00,calibration,138,1788536107.4653351,-2.5034852452000647,5.235910913339301,0.3199113543760921,-14.692728996276855,-20.82149314880371,30.126144409179684,28.767446353142848,29.80623305480359,41.424358759046804
seq00,calibration,139,1788536107.637275,-2.4640852779279756,5.2126584065224915,0.319913559894089,-14.675524711608885,-20.840999603271484,30.123884201049805,28.77346605353201,29.803970641155715,41.42691172067538
seq00,calibration,140,1788536107.810729,-2.424298318832873,5.1905675224088235,0.3199043778178534,-14.65800952911377,-20.85941934585571,30.122135162353512,28.779602252520917,29.80223078453566,41.42992234542604
seq00,calibration,141,1788536107.9894621,-2.3841279983941153,5.169667715119672,0.31989579057129025,-14.640188217163084,-20.876739978790283,30.120906829833984,28.785870941200702,29.801011039262693,41.43339987022209
seq00,calibration,142,1788536108.170214,-2.343578600860811,5.14998266388596,0.31990533184361514,-14.622066497802733,-20.892957687377937,30.120197296142575,28.7922907594175,29.80029196429896,41.43734316208388
seq00,calibration,143,1788536108.341979,-2.302657512261571,5.1315037747347825,0.31992095402295373,-14.60364818572998,-20.908073902130127,30.120004653930664,28.798853746950382,29.80008369990771,41.441753892176706
seq00,calibration,144,1788536108.516732,-2.261378591956046,5.114184409565942,0.31990592717827604,-14.58493900299072,-20.922079563140876,30.120328903198242,28.805506120547374,29.800422976019966,41.44662100112132
seq00,calibration,145,1788536108.6869462,-2.2197372035944962,5.098106888766521,0.31991916520851094,-14.565942764282225,-20.93497133255005,30.121171951293945,28.812322943906203,29.801252786085435,41.451955575631274
seq00,calibration,146,1788536108.8572843,-2.1777486495598746,5.0832169201375095,0.31991475272772796,-14.546666145324707,-20.946743488311764,30.122533798217773,28.819246327454056,29.802619045490047,41.45775031104655
seq00,calibration,147,1788536109.037809,-2.1354237233768605,5.069488026590315,0.31987289049837453,-14.527112960815433,-20.957393646240234,30.12441253662109,28.82624727169275,29.804539646122716,41.46399782083337
seq00,calibration,148,1788536109.2146811,-2.0927473344459497,5.057071645869213,0.31990181351754976,-14.507289886474608,-20.966919422149665,30.126808166503903,28.833469751045516,29.806906352986353,41.47072032434637
seq00,calibration,149,1788536109.3925312,-2.049744731856989,5.0458486265568405,0.3199102207695166,-14.487199783325194,-20.975315093994137,30.129718780517578,28.8407914164818,29.809808559748063,41.47789695606371
seq00,calibration,150,1788536109.586754,-2.006422070840701,5.035824110323996,0.31990282745344634,-14.466850280761717,-20.982580184936523,30.133148193359375,28.848217158885685,29.813245365905928,41.48553039909142
seq00,calibration,151,1788536109.76693,-1.9627832120907134,5.027019089291291,0.3198909609066931,-14.446245193481445,-20.988712310791016,30.137094497680664,28.855763779911566,29.81720353677397,41.4936227639316
seq00,calibration,152,1788536109.942537,-1.9188263882546983,5.01949096381123,0.3199146931589565,-14.425427155406034,-20.993934845367967,30.14133901636336,28.863703592549946,29.821424323204404,41.5021774578538
seq00,calibration,153,1788536110.1302123,-1.8745808970062103,5.013105458586519,0.3198762899680596,-14.404291152954102,-20.99756813049316,30.146520614624023,28.871244858087657,29.826644324655962,41.51117309020771
seq00,calibration,154,1788536110.3186283,-1.8300299071471273,5.00800749222017,0.3198777198197924,-14.382953643798826,-21.00029230117798,30.152000427246094,28.879188916613774,29.8321227074263,41.52063460151359
seq00,calibration,155,1788536110.4990742,-1.7851834319800526,5.004177967144737,0.31990932675235384,-14.361382484436035,-21.001871585845947,30.157989501953125,28.887287791684454,29.838080175200773,41.53054808814002
seq00,calibration,156,1788536110.6867192,-1.7400697546667836,5.001498242609805,0.3198786162544023,-14.339584350585936,-21.002309799194336,30.164491653442383,28.89542871680186,29.84461303718798,41.54090427599366
seq00,calibration,157,1788536110.8716362,-1.6946656632935968,5.0001371496930895,0.31991099664552247,-14.3175630569458,-21.00160837173462,30.171499252319336,28.90377672159397,29.851588255673814,41.55172234887551
seq00,calibration,158,1788536111.0567572,-1.6490072232694843,4.999938607351369,0.3198893495598547,-14.295326232910156,-20.9997615814209,30.17901229858398,28.912173809654018,29.859122949024126,41.56297652580459
seq00,calibration,159,1788536111.2220511,-1.6030825070376078,5.001004496063916,0.31989185421786437,-14.272877693176271,-20.996775150299072,30.18702888488769,28.92072365276409,29.867137030669827,41.57468136989576
seq00,calibration,160,1788536111.402306,-1.5569036238790575,5.003309256610237,0.3198983542733156,-14.250225067138672,-20.9926495552063,30.195547103881836,28.929401718797713,29.87564874960852,41.58683291641191
seq00,calibration,161,1788536111.5898452,-1.5104793862524355,5.006843387544588,0.31990306518243883,-14.227373123168945,-20.987375259399414,30.204565048217773,28.938189117171063,29.884661983035336,41.59942080391787
seq00,calibration,162,1788536111.7702281,-1.463817428869792,5.011606207740793,0.3199047343021515,-14.204327583312987,-20.980966567993164,30.214080810546875,28.947097237845735,29.894176076244722,41.61245248450058
seq00,calibration,163,1788536111.9619892,-1.41692222865654,5.017610128792777,0.31991517093613875,-14.181095123291017,-20.973415851593018,30.224090576171875,28.95613132304125,29.904175405235737,41.6259203845911
seq00,calibration,164,1788536112.1485782,-1.3698059572831918,5.024829693186157,0.3199139782942395,-14.157681465148922,-20.964725971221924,30.23459434509277,28.96526823003782,29.91468036679853,41.6398230674166
seq00,calibration,165,1788536112.338529,-1.3224699941935996,5.0332921527468,0.31992399520034875,-14.1340913772583,-20.95490074157715,30.245582580566406,28.9745373108112,29.925658585366058,41.65415770536578
seq00,calibration,166,1788536112.5193863,-1.2749379121395394,5.042921711465275,0.3198901252853199,-14.11033248901367,-20.9439435005188,30.257064819335934,28.983866503451154,29.937174694050615,41.66892062619312
seq00,calibration,167,1788536112.7205262,-1.22718611283338,5.0538588987676505,0.3199210736815714,-14.086409568786621,-20.931850433349606,30.269027709960938,28.993390925923514,29.949106636279367,41.68411814701922
seq00,calibration,168,1788536112.919079,-1.1792499623100454,5.065972372933016,0.31991880805374073,-14.06233024597168,-20.918631076812744,30.281471252441406,29.002989053471893,29.961552444387664,41.699736197170395
seq00,calibration,169,1788536113.1056721,-1.1311339965382974,5.07927603136686,0.3198951946088955,-14.038098335266117,-20.904287815093994,30.294395446777344,29.012675136986235,29.974500252168447,41.715776200036665
seq00,calibration,170,1788536113.2859242,-1.0828288098758763,5.093840827584847,0.31990622570744476,-14.013721466064451,-20.888814926147468,30.30779266357422,29.022515137438223,29.987886437866774,41.73223835254017
seq00,calibration,171,1788536113.483009,-1.0343510037575594,5.109622233706771,0.31992453210018956,-13.989206314086914,-20.87222671508789,30.321664810180664,29.032477519315346,30.001740278080476,41.74912179463117
seq00,calibration,172,1788536113.659143,-0.9857176043669741,5.126576442798133,0.31991493189669296,-13.964557647705078,-20.85452318191528,30.336002349853516,29.042517566144983,30.016087417956822,41.76641390474248
seq00,calibration,173,1788536113.846663,-0.9369238736053119,5.144753555127702,0.31992214697029286,-13.93978214263916,-20.83570671081543,30.350807189941406,29.052687290418277,30.030885042971114,41.784120132641036
seq00,calibration,174,1788536114.0384672,-0.8879936402323919,5.164080863085187,0.31989251086112724,-13.914886474609373,-20.81578302383423,30.366071701049805,29.062919063666023,30.046179190188678,41.80222659655977
seq00,calibration,175,1788536114.221332,-0.8389224475337019,5.184605730659484,0.3198666281116149,-13.88987636566162,-20.794755935668945,30.381793975830078,29.073263159868958,30.061927347718463,41.82073775798912
seq00,calibration,176,1788536114.4033003,-0.7897020653401733,5.206386086051303,0.3198920936104035,-13.864758491516113,-20.772634506225586,30.397968292236328,29.083786058242683,30.078076198625926,41.83966155804775
seq00,calibration,177,1788536114.582386,-0.7403589049636494,5.22934082896367,0.3199104597812883,-13.839538574218748,-20.749420642852783,30.414596557617184,29.09440763474935,30.094686097835897,41.85898573716566
seq00,calibration,178,1788536114.7700713,-0.690910873359215,5.253424864737361,0.3198921523575122,-13.814224243164062,-20.725114822387695,30.431669235229492,29.1050833717691,30.11177708287198,41.878693833096136
seq00,calibration,179,1788536114.950694,-0.6413425001981269,5.2787240383991465,0.3199085516009954,-13.788820266723633,-20.699733734130856,30.449176788330078,29.115913859269593,30.129268236729082,41.898797647918
seq00,calibration,180,1788536115.1376102,-0.5916774685946653,5.305170185021684,0.3199097438990339,-13.76333427429199,-20.673274993896484,30.467124938964844,29.126828816764952,30.14721519506581,41.91928841164573
seq00,calibration,181,1788536115.312585,-0.5419255481955251,5.332749359417697,0.3198935241595542,-13.737771034240723,-20.645751953125,30.48550987243652,29.13782539135963,30.165616348276966,41.94016306845738
seq00,calibration,182,1788536115.5036771,-0.4920786784200562,5.361516136380718,0.3199037211243765,-13.712139129638672,-20.617165088653564,30.504318237304688,29.148960127692778,30.18441451618031,41.961419854557114
seq00,calibration,183,1788536115.6901941,-0.44215224792684604,5.391433755593986,0.31991934419818846,-13.686443328857422,-20.587524890899658,30.523550033569336,29.16020470766013,30.20363068937115,41.98305426493607
seq00,calibration,184,1788536115.868422,-0.3921615400781681,5.42246797864794,0.3199189267476248,-13.660690307617186,-20.556837558746338,30.543203353881836,29.17153015973443,30.22328442713421,42.00506033115235
seq00,calibration,185,1788536116.06659,-0.342113892452113,5.454612323386806,0.3199042577601683,-13.634886741638182,-20.52510690689087,30.563268661499023,29.182933733675885,30.243364403738855,42.02742808882619
seq00,calibration,186,1788536116.2467961,-0.2920152630807442,5.487868511142786,0.3198813583066322,-13.609038352966307,-20.492347717285156,30.583742141723633,29.194429935390342,30.263860783417,42.050160627165994
seq00,calibration,187,1788536116.4312801,-0.24185334629488187,5.522299918875625,0.3199069415187079,-13.58315277099609,-20.45856714248657,30.604618072509762,29.206090522350088,30.284711130991056,42.07326290992037
seq00,calibration,188,1788536116.6135511,-0.19166076291304618,5.557809020881094,0.3199117717754518,-13.557236671447754,-20.42376708984375,30.625892639160156,29.217818477158612,30.305980867384704,42.09671475184826
seq00,calibration,189,1788536116.792091,-0.14144139430303201,5.594400992840433,0.31990533121890974,-13.531294822692871,-20.387962341308594,30.647565841674805,29.22963187009879,30.327660510455896,42.120521973249105
seq00,calibration,190,1788536116.972998,-0.09120216690784402,5.632071525741651,0.31989435961467483,-13.505334854125977,-20.35116195678711,30.669620513916016,29.241535150499498,30.34972615430134,42.14467054799432
seq00,calibration,191,1788536117.152419,-0.04093810749148372,5.670857282134723,0.3199105792286281,-13.47936248779297,-20.313371658325195,30.692060470581055,29.25357078127927,30.372149891352425,42.169169928729865
seq00,calibration,192,1788536117.335037,0.009318250845845002,5.710660585743528,0.319886784523961,-13.453384399414062,-20.274600982666012,30.714879989624023,29.265648488082014,30.39499320510006,42.19400186479182
seq00,calibration,193,1788536117.515708,0.05958805936635991,5.751574482721983,0.31990658437386443,-13.427408218383787,-20.234859466552734,30.73806571960449,29.27787249777661,30.418159135230624,42.219168906697796
seq00,calibration,194,1788536117.691554,0.10984801778069,5.793535001803768,0.31992298173175815,-13.40143871307373,-20.194162368774414,30.761619567871094,29.290190913480213,30.441696586139336,42.244670371428946
seq00,calibration,195,1788536117.8773432,0.16008515966540976,5.8365141782860865,0.3199254265357523,-13.37548351287842,-20.15251350402832,30.785533905029293,29.302579735601004,30.46560847849354,42.27049182498486
seq00,calibration,196,1788536118.05957,0.2102873561041026,5.880487312727153,0.3199003220336316,-13.34954833984375,-20.109928131103516,30.809799194335938,29.315027529306764,30.489898872302305,42.29662837966207
seq00,calibration,197,1788536118.2365952,0.2604756515444154,5.925543014699041,0.3199290635365519,-13.32363986968994,-20.06641626358033,30.834415435791016,29.32763443610775,30.514486372254463,42.32309086279589
seq00,calibration,198,1788536118.409426,0.3106123478508289,5.971568447765767,0.31992822852519187,-13.297764778137205,-20.021982669830322,30.859376907348633,29.340290177607233,30.53944867882344,42.349858952689395
seq00,calibration,199,1788536118.581531,0.36069118762405383,6.018557863816774,0.3199060477269158,-13.27192974090576,-19.976646661758423,30.884666442871094,29.35300685973201,30.564760395144177,42.3769228439259
seq00,calibration,200,1788536118.7563522,0.41071922629560687,6.066550534580841,0.31989871302402806,-13.246140480041506,-19.93041634559632,30.910289764404293,29.365832254639106,30.590391051380266,42.404293752920445
seq00,calibration,201,1788536118.936057,0.46069467357916183,6.115555011983169,0.3199233395120349,-13.22040271759033,-19.883301258087158,30.936235427856445,29.378784065689988,30.61631208834441,42.43196341284886
seq00,calibration,202,1788536119.112055,0.5105787423937129,6.165454707074997,0.31989996538621535,-13.194725036621094,-19.83531808853149,30.962499618530273,29.391759689474668,30.642599653144057,42.459915816528564
seq00,calibration,203,1788536119.292181,0.5603949198734167,6.216344013149938,0.3199083724131717,-13.169111251831053,-19.786474466323853,30.989070892333984,29.404861989054375,30.669162519920814,42.48815644704593
seq00,calibration,204,1788536119.488887,0.6101184234500794,6.268152862652528,0.31990825400546985,-13.14356994628906,-19.736786127090454,31.015947341918945,29.41803521026094,30.696039087913476,42.516674509171864
seq00,calibration,205,1788536119.670961,0.6597424524526228,6.320871573490196,0.31989847423953166,-13.118105888366703,-19.686266183853146,31.04312133789062,29.431281304626403,30.72322286365109,42.54546676629162
seq00,calibration,206,1788536119.8442903,0.709271837810029,6.374529852060282,0.3199123077898167,-13.092726707458493,-19.634922266006466,31.070585250854492,29.444638957297492,30.750672943064675,42.57453052914302
seq00,calibration,207,1788536120.0106292,0.758677689554254,6.429044649734886,0.3199003233701041,-13.067437171936033,-19.582769632339474,31.098331451416012,29.45803683900627,30.77843112804591,42.60384674078288
seq00,calibration,208,1788536120.191879,0.8079726609899199,6.4844692806404165,0.31990676263394113,-13.042244911193851,-19.52982521057129,31.12635993957519,29.471546356991787,30.80645317694125,42.63343291379888
seq00,calibration,209,1788536120.3695881,0.8571339646146018,6.540741815282523,0.31989906979269844,-13.01715564727783,-19.476101160049435,31.154653549194332,29.48511540824872,30.834754479401635,42.66326422629573
seq00,calibration,210,1788536120.548477,0.9061725241450963,6.597909258481669,0.31992453179918345,-12.992176055908203,-19.421607971191406,31.183210372924805,29.49880285906402,30.86328584112562,42.69334588702259
seq00,calibration,211,1788536120.7286541,0.9550256547063611,6.65577674663144,0.3198434250818738,-12.967310905456541,-19.36636376380921,31.212020874023438,29.51242538388814,30.892177448941563,42.72364543875509
seq00,calibration,212,1788536120.8995252,1.0037860846472744,6.714660502309241,0.3199057485991996,-12.9425687789917,-19.310381174087524,31.2410831451416,29.526320601130358,30.9211773965424,42.75421405930859
seq00,calibration,213,1788536121.077968,1.052359792836831,6.774261768533756,0.31990056145620804,-12.91795349121094,-19.253671884536743,31.270387649536133,29.540192678841507,30.950487088079925,42.78499309912862
seq00,calibration,214,1788536121.2541971,1.1007806951499919,6.8347036370029395,0.3199273937574849,-12.893472671508787,-19.196251392364502,31.29992294311523,29.554183240806886,30.979995549357746,42.816000178314376
seq00,calibration,215,1788536121.4352973,1.1490044035530496,6.895848722773997,0.31989555190298424,-12.869131088256838,-19.138140201568604,31.32968711853027,29.568170419887892,31.009791566627285,42.847215486950866
seq00,calibration,216,1788536121.6111202,1.1970729599403946,6.957846551725086,0.31992971914859103,-12.84493637084961,-19.079345703125,31.35967254638672,29.582315774158367,31.03974282723813,42.87865484530852
seq00,calibration,217,1788536121.774558,1.2449346093794125,7.020536147381326,0.31991964274553397,-12.820893287658688,-19.019884109497067,31.38986778259277,29.59646941079185,31.069948139847234,42.91028640077731
seq00,calibration,218,1788536121.966845,1.2925967735159476,7.083950923714023,0.3199005610020971,-12.797009468078613,-18.959774255752563,31.420270919799805,29.610684309329333,31.100370358797708,42.94211990250534
seq00,calibration,219,1788536122.134634,1.3400645773207047,7.148117226644784,0.3199066428313859,-12.773288726806639,-18.899030923843384,31.450868606567383,29.625000730136723,31.130961963736,42.97414875303732
seq00,calibration,220,1788536122.3047912,1.3873178919054605,7.212977984604833,0.3199068226499442,-12.749738693237305,-18.83766794204712,31.481657028198242,29.639374522538702,31.161750205548298,43.006362296296416
seq00,calibration,221,1788536122.488221,1.4343429555774185,7.278496649036088,0.319883267629685,-12.726364135742188,-18.77570152282715,31.512626647949215,29.65378336241214,31.19274338031953,43.03875122834466
seq00,calibration,222,1788536122.662098,1.4811528511295708,7.344723241974995,0.31988821784103694,-12.703171730041502,-18.713148593902588,31.54377174377441,29.668295340970236,31.223883525933374,43.071320514700844
seq00,calibration,223,1788536122.834911,1.527736723172442,7.411631302180525,0.3199124278188108,-12.680166244506834,-18.650024890899665,31.575082778930664,29.68289794250731,31.255170351111854,43.10406133930219
seq00,calibration,224,1788536123.0050921,1.5740731259014435,7.479157510203186,0.3199207157177706,-12.657354354858398,-18.586345911025997,31.606552124023438,29.697541930978677,31.286631408305666,43.13695980967383
seq00,calibration,225,1788536123.177431,1.6201472107915924,7.547260161817129,0.3198943588278804,-12.634741783142092,-18.52212929725647,31.6381778717041,29.712201651816873,31.31828351287622,43.170010530356876
seq00,calibration,226,1788536123.3516002,1.665973059200261,7.615992715061645,0.3198886936748657,-12.61233425140381,-18.457390308380127,31.669940948486328,29.726946730923295,31.350052254811462,43.20320750039932
seq00,calibration,227,1788536123.528443,1.7115426056895988,7.685336193342336,0.3198972808695357,-12.590136528015137,-18.39214730262756,31.701845169067383,29.7417748550087,31.381947888197846,43.2365565787054
seq00,calibration,228,1788536123.715029,1.7568424687709663,7.75525305033133,0.3199114143311723,-12.568156242370605,-18.326414108276364,31.733871459960938,29.75666227664996,31.413960045629764,43.270033921815056
seq00,calibration,229,1788536123.8943272,1.8018611671281413,7.825710806682426,0.3199132026231073,-12.546396255493166,-18.260212421417233,31.766021728515625,29.771595216382288,31.44610852589252,43.303644455753684
seq00,calibration,230,1788536124.0651271,1.8465952475280216,7.896705753234813,0.31991522972051034,-12.524863243103024,-18.19355607032776,31.798282623291016,29.786583912392132,31.478367393570505,43.33737641960552
seq00,calibration,231,1788536124.24309,1.8908675517528981,7.96765721186443,0.3199544325837589,-12.503562927246094,-18.126463174819946,31.830650329589844,29.801052792972136,31.510695897006084,43.37080473640198
seq00,calibration,232,1788536124.4288032,1.9351860198108894,8.040248021538648,0.31993174656214296,-12.482501029968262,-18.058950901031494,31.863109588623047,29.816738323721054,31.543177842060903,43.4051834766441
seq00,calibration,233,1788536124.5977652,1.979018034214795,8.112724346894714,0.3199189274999783,-12.461682319641113,-17.991037726402283,31.895660400390625,29.83186586670624,31.57574147289065,43.43924113807675
seq00,calibration,234,1788536124.7799273,2.0225399633745154,8.185674491246122,0.31990908764694015,-12.44111156463623,-17.922743439674377,31.928293228149414,29.847055170976898,31.608384140502473,43.47340164230201
seq00,calibration,235,1788536124.9630702,2.065749842174349,8.259097704715543,0.31992101378448967,-12.420795440673833,-17.85407829284668,31.96099090576172,29.862316636719108,31.641069891977228,43.50764598114518
seq00,calibration,236,1788536125.156625,2.1086250220244143,8.332921180150349,0.319910161519833,-12.400737762451172,-17.78506875038147,31.993757247924805,29.877600412732054,31.673847086404972,43.54197510076744
seq00,calibration,237,1788536125.329806,2.151171255884553,8.407170107014743,0.31990962449960003,-12.380944252014162,-17.715725183486935,32.02657699584961,29.89294297143433,31.706667371350008,43.57637886849774
seq00,calibration,238,1788536125.5055413,2.1933753256091135,8.481802913379891,0.31990479566171937,-12.361419677734375,-17.64607262611389,32.0594482421875,29.908325559894358,31.73954344652578,43.610853648954496
seq00,calibration,239,1788536125.681724,2.2352404070874137,8.556836329230181,0.31991660159538426,-12.342169761657715,-17.57612442970276,32.09235382080078,29.92377859254681,31.772437219205397,43.64539256444042
seq00,calibration,240,1788536125.862775,2.2767525213099846,8.632225148647256,0.3199294211146815,-12.32319927215576,-17.50590360164642,32.12529754638672,29.93927799627861,31.805368125272036,43.67999322942396
seq00,calibration,241,1788536126.036489,2.3178823655596728,8.707871535457143,0.31988076313652614,-12.30451202392578,-17.43542075157165,32.158260345458984,29.954735006116724,31.838379582322457,43.7146264277155
seq00,calibration,242,1788536126.214615,2.3586667879087546,8.783909073484258,0.31988594927141967,-12.28611373901367,-17.364702224731445,32.19123840332031,29.970309799982054,31.871352454048893,43.74931515757828
seq00,calibration,243,1788536126.390232,2.3990830452520626,8.86026283245262,0.31990694207907144,-12.268009185791016,-17.293762683868405,32.22422409057617,29.985940792683085,31.9043171484971,43.784039305826745
seq00,calibration,244,1788536126.5591283,2.4391185560366324,8.936892419784174,0.3199218490336122,-12.250203132629391,-17.2226220369339,32.25720977783203,30.00160609508024,31.93728792879842,43.818794238674904
seq00,calibration,245,1788536126.721448,2.478752358623392,9.013721202657083,0.3198885155704103,-12.23270034790039,-17.15129667520523,32.290184020996094,30.017245064881294,31.970295505425682,43.85356081311279
seq00,calibration,246,1788536126.8828402,2.5180163711318384,9.09087483931635,0.31991725752732103,-12.21550464630127,-17.07980757951737,32.323143005371094,30.03300284418119,32.00322574784377,43.88835515379958
seq00,calibration,247,1788536127.049286,2.5568738228709806,9.168218447415384,0.31991994049613837,-12.198621749877928,-17.008175551891327,32.356075286865234,30.04876457367845,32.0361553463691,43.92315450626294
seq00,calibration,248,1788536127.2207732,2.5953286608250683,9.245773101403513,0.31992703600807193,-12.18205451965332,-16.936412930488583,32.38897323608398,30.064562512554396,32.0690462000759,43.95795312857383
seq00,calibration,249,1788536127.3856642,2.6333665465493286,9.32348638913644,0.3199139781682876,-12.165808677673342,-16.864542067050934,32.42183303833008,30.080366050620558,32.10191906016179,43.99274518695673
seq00,calibration,250,1788536127.547262,2.6709926464060194,9.401380330696288,0.3199093860078097,-12.149887084960938,-16.792585253715515,32.454639434814446,30.09621752062863,32.13473004880664,44.02752757490102
seq00,calibration,251,1788536127.7079601,2.7081952202219823,9.479416612566716,0.319904020338843,-12.134295463562012,-16.72055625915528,32.487388610839844,30.11209239121691,32.167484590501,44.06228742425094
seq00,calibration,252,1788536127.8728042,2.744975126279014,9.55760037782576,0.3199110563111942,-12.119037628173828,-16.648475736379623,32.52007293701172,30.128015209569693,32.20016188070053,44.09702626721423
seq00,calibration,253,1788536128.040029,2.7813172475582597,9.635876056176937,0.31990527220655784,-12.104117393493652,-16.576364666223526,32.55268478393555,30.1439501084728,32.23277951172899,44.13173238378292
seq00,calibration,254,1788536128.2232263,2.817223083594409,9.714253066035155,0.31990747801634245,-12.089538574218748,-16.50423794984817,32.58521270751953,30.159920660916917,32.26530522950319,44.166398266394886
seq00,calibration,255,1788536128.390113,2.8526841837606374,9.792701678334497,0.3199114135992216,-12.075305938720701,-16.432119607925415,32.61764907836914,30.175919879817606,32.29773766476992,44.20101807487548
seq00,calibration,256,1788536128.559058,2.8876861793625968,9.871165959227232,0.31988935064237056,-12.06142234802246,-16.36002522706985,32.6499900817871,30.191906809865557,32.33010073114473,44.2355812678162
seq00,calibration,257,1788536128.73879,2.9222473592714437,9.949724147394134,0.3199136801396911,-12.047892570495605,-16.28797538951039,32.68222045898437,30.207978523987425,32.362306778844676,44.27008997679744
seq00,calibration,258,1788536128.9134989,2.9563434252166947,10.028280206760153,0.3199263802614545,-12.034719467163084,-16.21598831377923,32.71434020996093,30.22405659109082,32.394413829699474,44.304532998230385
seq00,calibration,259,1788536129.083681,2.9899571341366658,10.106762738456313,0.3198891713360028,-12.021906852722168,-16.144082814455032,32.746337890625,30.24008850190016,32.426448719289,44.33889409026158
seq00,calibration,260,1788536129.2537832,3.0231197586133565,10.185311138677262,0.3199214907799801,-12.009458541870117,-16.072279363870617,32.77820587158203,30.25623025691831,32.45828438080205,44.37318665934054
seq00,calibration,261,1788536129.418553,3.05579172032632,10.26375308603102,0.31990789553752985,-11.997378349304203,-16.00059735774994,32.80993652343749,30.27233115204307,32.49002862789996,44.40738670109643
seq00,calibration,262,1788536129.591097,3.0879721197529624,10.342089707835068,0.31986567417500344,-11.985669136047363,-15.929051041603088,32.841522216796875,30.288405322587646,32.52165654262187,44.44148558792354
seq00,calibration,263,1788536129.7663052,3.1196840638584087,10.420429280295794,0.3198873227257011,-11.974333763122559,-15.857665926218033,32.87295150756835,30.3045815322341,32.553064184842654,44.47549493447273
seq00,calibration,264,1788536129.9347332,3.150906504169406,10.498680693091105,0.31992053684837196,-11.96337604522705,-15.786457002162933,32.90422058105469,30.320784960839237,32.584300044206316,44.50939911987488
seq00,calibration,265,1788536130.107378,3.18161543636748,10.576734432473362,0.31989769831902604,-11.952800750732422,-15.715444386005402,32.93532180786133,30.336928327489172,32.6154241095423,44.54318253327357
seq00,calibration,266,1788536130.3010073,3.211831878674874,10.654693186466586,0.31991350147189923,-11.942607879638672,-15.644650161266323,32.96624755859374,30.353130067759032,32.64633405712184,44.576850856464624
seq00,calibration,267,1788536130.479614,3.2415325991068866,10.73244568965382,0.31989268980047103,-11.932802200317383,-15.574085772037503,32.996986389160156,30.369294264931046,32.67709369935969,44.61038541401213
seq00,calibration,268,1788536130.657638,3.2707323046557937,10.810073783595547,0.31991367940574067,-11.92338752746582,-15.503775060176846,33.027534484863274,30.385521526637863,32.70762080545753,44.64379438622317
seq00,calibration,269,1788536130.8375282,3.2994086949063335,10.887468798077624,0.3199120700275371,-11.9143648147583,-15.43373745679855,33.05788421630859,30.40172368657912,32.73797214628105,44.67705925154184
seq00,calibration,270,1788536131.011722,3.327567313099611,10.964661514388663,0.3199209542490167,-11.905736923217773,-15.363990843296051,33.088027954101555,30.417946888769826,32.76810699985254,44.710181494619405
seq00,calibration,271,1788536131.179004,3.35519530819308,11.041588658719911,0.3199098634094366,-11.89750862121582,-15.294551610946655,33.117958068847656,30.43414630742513,32.79804820543822,44.74314726914064
seq00,calibration,272,1788536131.3516731,3.3822950013001423,11.118265235485584,0.3199038405416106,-11.889679908752441,-15.225441098213196,33.14766311645508,30.450354366565865,32.827759275913465,44.77595180592769
seq00,calibration,273,1788536131.5266821,3.4088619718382125,11.194673775775541,0.31990330360247676,-11.882255554199219,-15.15667712688446,33.17714309692383,30.46657134615264,32.85723979332135,44.808594894573844
seq00,calibration,274,1788536131.6939142,3.434892306667074,11.270797030790552,0.31991087700549725,-11.875236511230472,-15.08827817440033,33.206382751464844,30.482796625203626,32.886471874459346,44.84106290492155
seq00,calibration,275,1788536131.8641582,3.4603809459889017,11.346613186114777,0.3199236972489248,-11.86862564086914,-15.020262360572811,33.23538208007812,30.499025706314768,32.91545838282919,44.87335478417242
seq00,calibration,276,1788536132.036944,3.4853154262707853,11.422048536632657,0.3198996673712702,-11.86242389678955,-14.95264637470245,33.26412963867187,30.51520332546743,32.9442299713006,44.90545537455955
seq00,calibration,277,1788536132.2159183,3.509710523580308,11.497201498067989,0.31992560510561496,-11.856636047363281,-14.885452508926392,33.29262161254883,30.531443454103613,32.97269600744321,44.93737555076384
seq00,calibration,278,1788536132.385024,3.533543752013798,11.571939037131388,0.31991815185180617,-11.851262092590332,-14.818695545196533,33.32084655761719,30.547632388355858,33.00092840576538,44.96909071992206
seq00,calibration,279,1788536132.5604372,3.5568162967489,11.646266528919355,0.319894837095253,-11.84630489349365,-14.752394318580624,33.34880065917968,30.56379290831927,33.028905822084425,45.00060062651109
seq00,calibration,280,1788536132.7385752,3.5795366742158854,11.720252028980124,0.3199169590800446,-11.841765403747559,-14.686567425727851,33.3764762878418,30.58000443906677,33.05655932876175,45.03190853327548
seq00,calibration,281,1788536132.9077032,3.6016873988592506,11.793785069970886,0.31992065613696874,-11.837646484375,-14.62123322486877,33.403865814208984,30.59617986407288,33.08394515807201,45.062996454929795
seq00,calibration,282,1788536133.0766563,3.623268086313186,11.866868049215556,0.3199176746954524,-11.83395004272461,-14.55640625953674,33.430965423583984,30.612334401091072,33.11104774888853,45.09386322453866
seq00,calibration,283,1788536133.2544582,3.6442765906356,11.93948371689791,0.31991022084161425,-11.830677032470703,-14.49210798740387,33.457763671875,30.628470899805066,33.137853451033386,45.124500673163915
seq00,calibration,284,1788536133.433432,3.6647115409893662,12.011641118962707,0.319918748475464,-11.827828407287596,-14.428354978561401,33.484256744384766,30.644611070888917,33.1643379959093,45.15490562932184
seq00,calibration,285,1788536133.6046972,3.6845659233130865,12.083286648828357,0.31991463417090626,-11.82540607452393,-14.365160465240482,33.510440826416016,30.66071731253828,33.19052619224511,45.185070709665744
seq00,calibration,286,1788536133.7888942,3.703840500219187,12.15443353727045,0.31992184880693975,-11.823412895202637,-14.302547931671143,33.536304473876946,30.676822952410788,33.216382625070004,45.214992437781184
seq00,calibration,287,1788536133.9625,3.722529339758961,12.225042467319723,0.31992423371318646,-11.821847915649412,-14.240530252456661,33.56184005737304,30.69290151882401,33.24191582365985,45.24465903586319
seq00,calibration,288,1788536134.132839,3.740627193860013,12.295072785477597,0.31990503324786723,-11.820713996887207,-14.179125547409058,33.587051391601555,30.708932202599698,33.267146358353685,45.27407143003586
seq00,calibration,289,1788536134.302354,3.7581382266918624,12.364572032314946,0.3199123681394047,-11.820011138916014,-14.118351459503174,33.61191940307617,30.724973137997715,33.292007034936766,45.303219606833245
seq00,calibration,290,1788536134.482767,3.7750539986931035,12.433471410465057,0.319906523848968,-11.819740295410156,-14.058224439620968,33.63644790649414,30.740975229957503,33.31654138264517,45.33210217704854
seq00,calibration,291,1788536134.657616,3.7913734228214855,12.501768161776104,0.3198996668216276,-11.819903373718265,-13.998760461807251,33.66062545776367,30.756950117778928,33.340725790942045,45.3607096154186
seq00,calibration,292,1788536134.8394399,3.8070950036162587,12.569455058058203,0.31989781714478016,-11.820500373840332,-13.939976215362549,33.6844482421875,30.772905025715737,33.36455042504272,45.38903952263078
seq00,calibration,293,1788536135.031718,3.822218619137132,12.636541729044962,0.31992125226913215,-11.821531295776365,-13.881885528564453,33.707908630371094,30.788859927211956,33.38798737810196,45.417084855567005
seq00,calibration,294,1788536135.212231,3.836733216252528,12.70292208044312,0.31990407949967015,-11.822999000549316,-13.824506759643551,33.73100280761719,30.80473492773154,33.411098728117516,45.444837024548995
seq00,calibration,295,1788536135.390347,3.8506436763789678,12.768649173663807,0.31989608771205846,-11.824902534484863,-13.767858743667599,33.75372314453125,30.820593788172214,33.43382705681919,45.4722969853164
seq00,calibration,296,1788536135.564368,3.8639455632377073,12.833689319591976,0.3198873235043196,-11.827241897583008,-13.711952209472656,33.77606582641601,30.836414320089457,33.45617850291169,45.499454152098444
seq00,calibration,297,1788536135.7527502,3.8766430471123283,12.898103718134665,0.31993025580542933,-11.830018043518066,-13.656803131103516,33.79802322387695,30.85226540122523,33.47809296807152,45.526310954946474
seq00,calibration,298,1788536135.9334512,3.8887201872486785,12.961696425064686,0.31989608927598945,-11.833239168636895,-13.60254329843917,33.81949840769408,30.868087697100673,33.499602318418084,45.552850553703664
seq00,calibration,299,1788536136.120968,3.9001868745502146,13.024605133858842,0.3198953133684166,-11.836882591247559,-13.548845767974857,33.84076690673828,30.883711697325353,33.52087159336986,45.57907941789414
seq00,calibration,300,1788536136.300414,3.911037987165382,13.086768712067963,0.3198958496737816,-11.840970993041992,-13.496065855026242,33.861541748046875,30.899399355554344,33.54164589837309,45.60498755734816
seq00,calibration,301,1788536136.477554,3.921272832155342,13.14820388703138,0.3199208945148324,-11.84549617767334,-13.444105386734009,33.88191223144531,30.915075893823758,33.56199133693048,45.63057286536166
seq00,calibration,302,1788536136.650502,3.930886832926193,13.208829105714454,0.31992178891262957,-11.850459098815918,-13.392977237701416,33.90187072753906,30.93068024065934,33.58194893862643,45.65582410455896
seq00,calibration,303,1788536136.8261771,3.9398793123054996,13.268650786487203,0.3199134410739788,-11.85585880279541,-13.342697620391842,33.92141342163086,30.94623089542821,33.60149998055688,45.68074000688386
seq00,calibration,304,1788536136.9958842,3.948250801191728,13.327685273300025,0.31992041782658154,-11.861695289611816,-13.293279886245731,33.9405403137207,30.961753526243683,33.62061989589412,45.705319861084604
seq00,calibration,305,1788536137.1664681,3.955997596861068,13.385872597056473,0.3199077171850486,-11.86796760559082,-13.244738101959229,33.95923995971679,30.97720615115149,33.639332242531744,45.729552530659795
seq00,calibration,306,1788536137.346229,3.9631204048605673,13.443234224957296,0.3199009780840767,-11.874678637377077,-13.197188087164188,33.977426760566054,30.992708488779805,33.657525782481976,45.75343726179403
seq00,calibration,307,1788536137.5192993,3.9696170109422133,13.499733240567299,0.3198849366332266,-11.881819725036621,-13.150338888168331,33.99534606933593,31.007973024071582,33.6754611327027,45.77697099592459
seq00,calibration,308,1788536137.6934652,3.975487869177366,13.555408050258844,0.3198990701359461,-11.889397621154785,-13.104505777359009,34.01274871826172,31.023307317521148,33.69284964812577,45.8001497194995
seq00,calibration,309,1788536137.8620071,3.9807303937876823,13.610196534958698,0.3199066435709641,-11.897409439086914,-13.059604406356808,34.02970504760742,31.03858255142642,33.709798404036455,45.82296493290773
seq00,calibration,310,1788536138.037746,3.98534390531335,13.66407109703752,0.31989555141814496,-11.905855178833008,-13.015645980834961,34.04621505737305,31.053784176607117,33.726319505954905,45.84541568254179
seq00,calibration,311,1788536138.210598,3.9893284695147098,13.71705771659608,0.31989936910329564,-11.914731979370117,-12.972641468048096,34.06227493286133,31.068942391535934,33.74237556375803,45.86749491758051
seq00,calibration,312,1788536138.393457,3.992683349531528,13.769122532790638,0.31989549209599,-11.924039840698242,-12.93060493469238,34.07788085937499,31.084039698087267,33.757985367279005,45.88920461295542
seq00,calibration,313,1788536138.575508,3.9954072467276647,13.820285527203128,0.3199155879930178,-11.933777809143066,-12.889549255371094,34.09302520751953,31.09910305228411,33.773109619526515,45.91053412920766
seq00,calibration,314,1788536138.7768042,3.997500436595433,13.870494531154563,0.3199259627827826,-11.943944931030273,-12.849483251571655,34.10771179199219,31.114094766172737,33.787785829209405,45.93148554487326
seq00,calibration,315,1788536138.9533882,3.9989621860991997,13.91972159566452,0.31991731735126216,-11.95453929901123,-12.810420751571652,34.12192916870117,31.129001261507398,33.80201185134991,45.95204810166495
seq00,calibration,316,1788536139.124257,3.999792614151463,13.967996103192597,0.31991904611297506,-11.965559005737305,-12.772375822067257,34.13568115234375,31.14385883361133,33.81576210623078,45.97222759311434
seq00,calibration,317,1788536139.289338,3.999991252946109,14.015292433901562,0.31992172934530205,-11.977004051208496,-12.735355854034424,34.148956298828125,31.15865149158145,33.82903456948282,45.992011726788974
seq00,calibration,318,1788536139.45608,3.9995584606818144,14.061589107307253,0.31991707859162366,-11.98887252807617,-12.69936990737915,34.16175842285156,31.17336768570252,33.84184134425994,46.011401613492104
seq00,calibration,319,1788536139.6319401,3.9984947336537413,14.106858124059933,0.3198940012429565,-12.001161575317383,-12.664434909820557,34.17407989501953,31.18799661265689,33.854185893776574,46.030392516700076
seq00,calibration,320,1788536139.8071811,3.9967982181655737,14.151167625882106,0.31991010170881284,-12.013870239257812,-12.630556106567386,34.18592071533203,31.202599740002125,33.86601061362322,46.04898376095635
seq00,calibration,321,1788536139.977493,3.9944711437854035,14.194439930643115,0.31991791338093134,-12.026996612548828,-12.597746372222897,34.19727706909179,31.217121519363996,33.877359155710856,46.06716986444647
seq00,calibration,322,1788536140.148649,3.991513201693456,14.236660094494686,0.31991165198300364,-12.040531741410051,-12.566167307350865,34.208024471124645,31.23168298044173,33.88811281914164,46.08494561387358
seq00,calibration,323,1788536140.312767,3.9879253803097794,14.277845545165645,0.3199145742634084,-12.054494857788084,-12.535370349884033,34.2185173034668,31.24592443392061,33.89860272920339,46.10231079590949
seq00,calibration,324,1788536140.50453,3.9837067776892607,14.317985103405338,0.3199235180745361,-12.068862915039062,-12.505823135375973,34.228401184082024,31.260225241843862,33.908477666007485,46.11926430242509
seq00,calibration,325,1788536140.6738713,3.978860734594704,14.35702993987347,0.31991195080241974,-12.083640098571777,-12.477381229400635,34.23778915405273,31.274423349074507,33.917877203250306,46.13579900458974
seq00,calibration,326,1788536140.8471751,3.9733856004184305,14.395017590813856,0.3199123082433939,-12.098825454711914,-12.45005464553833,34.246681213378906,31.288558157505776,33.92676890513551,46.15191783575295
seq00,calibration,327,1788536141.01701,3.9672829305232296,14.431915002858105,0.3199085515694491,-12.114415168762207,-12.423852920532227,34.255069732666016,31.302608270103658,33.93516118109657,46.16761255359178
seq00,calibration,328,1788536141.1975,3.9605533458534,14.467729725721723,0.3199143359554477,-12.130407333374022,-12.398781299591064,34.26295852661133,31.31658394930227,33.94304419065588,46.18288296742111
seq00,calibration,329,1788536141.367108,3.9531992802210514,14.502432206716563,0.31991105624121996,-12.146799087524414,-12.374849319458004,34.27033996582031,31.33046775390772,33.950428909579095,46.19772540745957
seq00,calibration,330,1788536141.5367932,3.945221222878245,14.53601612839327,0.31990306575360306,-12.163589477539062,-12.352064609527588,34.277217864990234,31.344260526463692,33.957314799236634,46.212140140068016
seq00,calibration,331,1788536141.709105,3.9366184242466615,14.568504685528051,0.3199114136738246,-12.18077373504639,-12.330434799194336,34.28358840942383,31.35798583166971,33.963676995750006,46.22612497809909
seq00,calibration,332,1788536141.8734553,3.9273959824791502,14.599841656796412,0.31990366193205055,-12.198349952697754,-12.309967517852783,34.289451599121094,31.37160358958255,33.96954793718904,46.23967667316558
seq00,calibration,333,1788536142.0329542,3.9175527017442433,14.630051295522659,0.31990252999101254,-12.216315269470213,-12.290668964385986,34.2947998046875,31.385137804776893,33.97489727469649,46.25278931968335
seq00,calibration,334,1788536142.191662,3.9070877356046525,14.659151194189914,0.31992143130434947,-12.23466682434082,-12.27254486083984,34.29964065551758,31.39860654032318,33.97971922421323,46.265471047319856
seq00,calibration,335,1788536142.3696473,3.8960102750034826,14.68705653655411,0.319908968898889,-12.253401756286621,-12.25560188293457,34.3039665222168,31.4119460025262,33.98405755331791,46.27771082770674
seq00,calibration,336,1788536142.5398102,3.8843162505457047,14.713815922043821,0.3199065249624031,-12.272516250610352,-12.239845752716064,34.307777404785156,31.425198712941064,33.98787087982275,46.2895072461496
seq00,calibration,337,1788536142.7150962,3.8720055722774673,14.739444000065705,0.31992512822426433,-12.292007446289062,-12.225282669067383,34.311073303222656,31.438381020743503,33.99114817499839,46.300863441842445
seq00,calibration,338,1788536142.881695,3.8590869779403616,14.763869175253959,0.31991982173693256,-12.311872482299803,-12.211917877197262,34.313850402832024,31.451439028507515,33.99393058109509,46.31177316100344
seq00,calibration,339,1788536143.0580812,3.845562268841003,14.787094413381901,0.31989632772292076,-12.332108497619629,-12.199757099151611,34.31611633300781,31.464379637735227,33.99622000528489,46.32224261232675
seq00,calibration,340,1788536143.2453802,3.831424588439255,14.809186195602516,0.3199062259665215,-12.352710723876951,-12.188802719116207,34.31786727905273,31.47725593578061,33.99796105308621,46.33226734160333
seq00,calibration,341,1788536143.419869,3.816684929474587,14.830065484351843,0.319899666765171,-12.373676300048828,-12.179062366485596,34.319091796875,31.49001086067354,33.999192130109826,46.34183692416022
seq00,calibration,342,1788536143.5987191,3.801340111162468,14.849772658010119,0.31990533112402386,-12.395001411437988,-12.170537948608398,34.319801330566406,31.50267709250839,33.99989599944238,46.350961068436874
seq00,calibration,343,1788536143.7676811,3.785395364093847,14.868277055157382,0.3199098637478348,-12.416646125404029,-12.163495941067218,34.319806113498636,31.51543906955491,33.999896249750805,46.35963594271041
seq00,calibration,344,1788536143.9434183,3.768854151564161,14.885577222115646,0.31990944589534065,-12.43871784210205,-12.157154560089111,34.31966781616211,31.52768199811303,33.99975837026677,46.36785849498191
seq00,calibration,345,1788536144.1266701,3.7517164804263348,14.901676636927306,0.3199129047149185,-12.461100578308105,-12.152299880981442,34.318824768066406,31.54002350049138,33.99891186335149,46.37563034939246
seq00,calibration,346,1788536144.3153653,3.7339862105659583,14.916566853380012,0.3199170785597951,-12.483828544616703,-12.148675918579098,34.31746292114258,31.55225636525073,33.99754584258278,46.382949507949824
seq00,calibration,347,1788536144.4908843,3.715669750941912,14.930223079776047,0.3199048540402041,-12.506896972656248,-12.146284103393551,34.31558609008789,31.56436142775312,33.99568123604769,46.38981844160197
seq00,calibration,348,1788536144.665296,3.696763879637374,14.942679222605005,0.31990551043197013,-12.53030204772949,-12.145128250122074,34.31319046020508,31.576367465093885,33.993284949773106,46.39623264842859
seq00,calibration,349,1788536144.838848,3.6772729969938256,14.953924992048625,0.3199129041807398,-12.554040908813475,-12.145208358764645,34.31027603149414,31.58826648415537,33.9903631273134,46.402191381449214
seq00,calibration,350,1788536145.027069,3.6572014016581305,14.96394602807854,0.31992053734967185,-12.578106880187988,-12.14652681350708,34.3068504333496,31.600047036372153,33.98692989599993,46.40769738369429
seq00,calibration,351,1788536145.192668,3.6365561294315127,14.972720990722141,0.3199087302623802,-12.60249900817871,-12.149084568023682,34.30290603637695,31.61169480633332,33.98299730611457,46.41274991245564
seq00,calibration,352,1788536145.3687341,3.615341877597501,14.980238545671646,0.3198761110286914,-12.627209663391113,-12.152883529663086,34.2984504699707,31.623200251029125,33.97857435894201,46.41734923046382
seq00,calibration,353,1788536145.555038,3.5935405203313713,14.98662165999961,0.3199149922138784,-12.652237892150879,-12.157923221588135,34.293479919433594,31.634658731461062,33.97356492721971,46.42149014109757
seq00,calibration,354,1788536145.731174,3.571185309127586,14.991696637281363,0.3198934654240091,-12.677576065063477,-12.164203643798828,34.28799819946289,31.645934435111485,33.96810473403888,46.42517964956096
seq00,calibration,355,1788536145.918487,3.548253783747085,14.995606694016013,0.3199222660229526,-12.703191187874324,-12.171884177727742,34.281893112689616,31.657258629450514,33.96197084666667,46.428412504863395
seq00,calibration,356,1788536146.0975204,3.524773866203763,14.99822043016978,0.31990479515823655,-12.729169845581055,-12.180490970611572,34.27550888061523,31.66817076486786,33.95560408545699,46.431197361269234
seq00,calibration,357,1788536146.271656,3.500735352203264,14.999611612138928,0.319894001231358,-12.755414962768553,-12.190494537353516,34.26849746704101,31.679082933122054,33.94860346580965,46.433522080092175
seq00,calibration,358,1788536146.447035,3.4761406909986525,14.999786921477027,0.3198971020107906,-12.781953811645508,-12.2017388343811,34.26098632812499,31.689882301825,33.9410892261142,46.43539790029334
seq00,calibration,359,1788536146.6312041,3.4509929835146362,14.998748788082732,0.3199163038882018,-12.808780670166016,-12.214221954345703,34.25296783447265,31.700568068998283,33.93305153058445,46.43681731206924
seq00,calibration,360,1788536146.806984,3.4253110427292524,14.996424155751567,0.31989286773579484,-12.83589172363281,-12.227941989898682,34.244449615478516,31.711083668666525,33.92455674774272,46.43779040794237
seq00,calibration,361,1788536146.977909,3.399074494525313,14.992934630285104,0.31992351836142263,-12.863281249999998,-12.242895603179928,34.23543167114258,31.721517348128593,33.91550815278116,46.43830699033922
seq00,calibration,362,1788536147.1573222,3.372315884475121,14.988141921891902,0.31989913026022254,-12.890944480895996,-12.259084701538086,34.22591781616211,31.7317663608631,33.906018685901884,46.43837959607474
seq00,calibration,363,1788536147.331216,3.3450154045413765,14.982162070982946,0.3199080153165992,-12.9188756942749,-12.276500701904293,34.21590805053711,31.74190999042345,33.89600003522051,46.43799810745305
seq00,calibration,364,1788536147.502548,3.3171855033428965,14.97495830356497,0.3199205965356082,-12.947072029113768,-12.295146942138672,34.205406188964844,31.751924558896057,33.885485592429234,46.43717096280258
seq00,calibration,365,1788536147.683355,3.288835621522666,14.966508293049056,0.3199194041924691,-12.975525856018066,-12.31501817703247,34.194412231445305,31.761787430966002,33.87449282725284,46.43589565318487
seq00,calibration,366,1788536147.8635123,3.259965772102562,14.956834877131854,0.3199202986552576,-13.004234313964842,-12.336109638214111,34.18293380737305,31.771512786730636,33.86301350871779,46.43417608452843
seq00,calibration,367,1788536148.038451,3.2305832358477096,14.945933627322066,0.31991570721049833,-13.03318977355957,-12.358419418334957,34.17097091674805,31.781095131278985,33.85105520953755,46.432014241712196
seq00,calibration,368,1788536148.210408,3.200686919590546,14.933824557206826,0.31992149084514,-13.062389373779295,-12.381938934326172,34.15852355957031,31.790542393129048,33.83860206872517,46.429404213438566
seq00,calibration,369,1788536148.383251,3.170285423337496,14.920498105105917,0.31992751298643696,-13.091826438903807,-12.406671524047852,34.145599365234375,31.79985034808487,33.825671852247936,46.426356290544184
seq00,calibration,370,1788536148.548032,3.139388010823542,14.905936087533322,0.3199176152201817,-13.121496200561522,-12.432605743408207,34.13220214843749,31.808995972495136,33.81228453321731,46.422869473282866
seq00,calibration,371,1788536148.7244523,3.107995059829389,14.890164175315068,0.319907418355607,-13.151392936706543,-12.459740161895752,34.11833190917969,31.817997505758907,33.79842449082408,46.41894509075381
seq00,calibration,372,1788536148.894221,3.076109697792196,14.873192001959428,0.319903304391544,-13.181510925292969,-12.48806619644165,34.1039924621582,31.826854675316792,33.78408915776666,46.414581316044
seq00,calibration,373,1788536149.06883,3.043740656357728,14.855008833331217,0.3198920938797676,-13.211845397949219,-12.51758241653442,34.08919143676758,31.835559201955274,33.76929934288781,46.409787844923
seq00,calibration,374,1788536149.237927,3.010880530028774,14.835671379601095,0.3199139782859617,-13.242390632629395,-12.548279285430905,34.07392501831055,31.844145105683122,33.75401104002459,46.40455622890821
seq00,calibration,375,1788536149.4124131,2.9775606905968477,14.815076534713473,0.3198857117855929,-13.273140907287601,-12.580152988433834,34.058204650878906,31.852533699054558,33.73831893909331,46.3989015805912
seq00,calibration,376,1788536149.5805771,2.943754215574021,14.793359072479477,0.3199077761074829,-13.30409049987793,-12.613197803497311,34.04202651977539,31.8608194761778,33.722118743667906,46.39281313151455
seq00,calibration,377,1788536149.744012,2.9094878971172564,14.77043955797989,0.319916482344484,-13.335233688354492,-12.64739990234375,34.0254020690918,31.868933149096346,33.705485586747315,46.38629817844924
seq00,calibration,378,1788536149.912727,2.8747616527392297,14.746344311453301,0.3199252473441847,-13.366564750671387,-12.682762145996094,34.008331298828125,31.876897032117398,33.68840605148394,46.37936250840318
seq00,calibration,379,1788536150.073959,2.8395872709089707,14.721053893490106,0.3199166615022757,-13.398077964782715,-12.719271183013916,33.99081802368164,31.884686177075757,33.670901362179364,46.37200460571246
seq00,calibration,380,1788536150.2386801,2.8039624526007523,14.69460773765807,0.3199140973624319,-13.429767608642576,-12.756920337676998,33.972869873046875,31.892324866215457,33.65295577568444,46.364229938740465
seq00,calibration,381,1788536150.399131,2.7678935399144384,14.66700880627435,0.3199154689804866,-13.461601638481598,-12.795793271491593,33.95442529288249,31.899874791417684,33.634509823902,46.356038040392164
seq00,calibration,382,1788536150.555814,2.7313843986532147,14.63826902608263,0.3199257243844016,-13.493653297424316,-12.835601806640621,33.93568038940429,31.907137552157483,33.615754665019885,46.34743130391483
seq00,calibration,383,1788536150.7275622,2.6944621524575307,14.608319699892448,0.3198842208311157,-13.525836944580078,-12.87662315368652,33.916446685791016,31.914263056850626,33.5965624649599,46.33842030026286
seq00,calibration,384,1788536150.905292,2.6570864132791767,14.577333315473252,0.3199230414449348,-13.558174133300781,-12.918747425079346,33.896797180175774,31.92129588040655,33.57687413873084,46.3289931642447
seq00,calibration,385,1788536151.077127,2.619307895002692,14.545158583491768,0.3199139183088786,-13.590658187866211,-12.961969375610352,33.876731872558594,31.92812379339221,33.556817954249716,46.319165797549005
seq00,calibration,386,1788536151.2429812,2.5811117177342333,14.511874742444263,0.319914752812414,-13.623282432556154,-13.006277561187744,33.856258392333984,31.934794440920594,33.53634363952157,46.308934782522606
seq00,calibration,387,1788536151.402973,2.5425125014576255,14.477462610170017,0.31990592873741774,-13.656042098999022,-13.051662921905514,33.83538055419922,31.94128869824679,33.5154746254618,46.29830410581712
seq00,calibration,388,1788536151.5719383,2.5035040918420792,14.441972115297336,0.3199148724517791,-13.688930511474613,-13.098118305206295,33.814102172851555,31.94763713879641,33.49418730039977,46.28727796777928
seq00,calibration,389,1788536151.761246,2.4641013098399407,14.405383616288587,0.31992226599925555,-13.72194194793701,-13.145626068115234,33.79243469238281,31.95381246381627,33.47251242638356,46.275860003971204
seq00,calibration,390,1788536151.9429011,2.4243156270252086,14.367686427720471,0.3199140377526839,-13.755069732666014,-13.194183349609375,33.770381927490234,31.959805635201835,33.45046788973755,46.26405708843791
seq00,calibration,391,1788536152.1157682,2.384151018250012,14.328896370661043,0.31989441913618033,-13.78830814361572,-13.243776321411133,33.7479362487793,31.965617696618306,33.428041829643114,46.2518615332478
seq00,calibration,392,1788536152.291629,2.3435933501550292,14.289095952587514,0.3199194043994351,-13.821650505065918,-13.294393539428711,33.72512054443359,31.971299652265127,33.40520114003415,46.239284863209846
seq00,calibration,393,1788536152.4616852,2.302679201639913,14.248190717530226,0.31990831352026294,-13.855091094970703,-13.346022129058838,33.70193099975586,31.97677475263716,33.382022686235594,46.22632975053547
seq00,calibration,394,1788536152.6403043,2.261396854957969,14.20625469848646,0.3199094463266745,-13.888624191284183,-13.398650646209713,33.67837905883789,31.982088407164717,33.358469612511215,46.21300113358289
seq00,calibration,395,1788536152.81695,2.2197582248877374,14.163276128129187,0.31990694122645413,-13.922242164611816,-13.452268600463867,33.65446472167969,31.98722381250876,33.33455778045323,46.19929901686715
seq00,calibration,396,1788536152.995135,2.177775502115686,14.119249686421773,0.3198900056253944,-13.955939292907717,-13.506862640380856,33.63019561767578,31.992168344460072,33.310305612050385,46.18522810757211
seq00,calibration,397,1788536153.1752331,2.1354266216924773,14.074278973556135,0.31992876525636893,-13.989709854125977,-13.56242227554321,33.6055793762207,31.996988644179318,33.28565061096433,46.17078967151126
seq00,calibration,398,1788536153.356615,2.092763109757931,14.02822942864614,0.31991034103819826,-14.023547172546385,-13.618932723999023,33.580623626708984,32.00157858934717,33.26071328567079,46.155997232014826
seq00,calibration,399,1788536153.5437021,2.0497547217933274,13.981232635784378,0.3199277517980921,-14.057445526123047,-13.676382064819336,33.55533218383789,32.006023663578205,33.2354044320398,46.14084587992269
seq01,calibration,0,1788536154.6968663,-3.718663854860902,8.300875785383772,0.31992679810328606,-39.46944808959961,-1.8475728034973145,44.78169631958008,37.16328271506709,44.46176952147679,57.94789496729736
seq01,calibration,1,1788536154.9054341,-3.7368917014880862,8.374946084040037,0.3199254262879967,-39.51007843017578,-1.803035378456114,44.809452056884766,37.192905175267946,44.48952663059677,57.98818996305241
seq01,calibration,2,1788536155.1513402,-3.754527429207783,8.44940928324366,0.3199178541717973,-39.55004501342773,-1.7584218978881836,44.83780288696288,37.22255897362091,44.517885032791085,58.02896676951513
seq01,calibration,3,1788536155.344945,-3.771567197440927,8.52427128125823,0.3199222663748622,-39.58934020996094,-1.7137495279312152,44.86673355102538,37.25224736396185,44.54681128465052,58.070201732868725
seq01,calibration,4,1788536155.54037,-3.7880139414473946,8.599486613157637,0.31991815231132215,-39.627960205078125,-1.6690319776535034,44.896255493164055,37.28195571895032,44.57633734085273,58.11190990627716
seq01,calibration,5,1788536155.733927,-3.803876641180808,8.674961802544939,0.3198504639574542,-39.665897369384766,-1.6242891550064087,44.92634201049805,37.31164832859509,44.606491546540596,58.154090046086615
seq01,calibration,6,1788536155.9237692,-3.8191215684542854,8.750864083890484,0.3198608920346855,-39.70320038341243,-1.579844964339424,44.95688109902055,37.34154069983331,44.637020206985866,58.196685771581286
seq01,calibration,7,1788536156.1042051,-3.833754300217737,8.827127138625698,0.3199040800606108,-39.73970413208008,-1.5347858667373675,44.98821258544922,37.37119846163524,44.66830850538861,58.239713762959894
seq01,calibration,8,1788536156.289588,-3.847787722466546,8.903644827140857,0.3199229218231858,-39.77555465698242,-1.4900586605072004,45.01997756958008,37.40098272893427,44.70005464775689,58.28317419806931
seq01,calibration,9,1788536156.4716501,-3.861221224783904,8.980387938787386,0.31991129498376725,-39.81070327758789,-1.4453713893890363,45.05228424072265,37.43075897485828,44.73237294573888,58.32706838844727
seq01,calibration,10,1788536156.654119,-3.8740397850975,9.057413661204066,0.319919523078535,-39.84513854980469,-1.4007365703582764,45.08513259887695,37.46055061803345,44.76521307579842,58.37137272951425
seq01,calibration,11,1788536156.8347,-3.8862478137357575,9.134663467597353,0.3199240550331599,-39.878852844238274,-1.3561732769012433,45.1184959411621,37.490335721109204,44.79857188612894,58.4160706956411
seq01,calibration,12,1788536157.0186083,-3.8978498400515362,9.212077398572037,0.3198905429069758,-39.91184616088868,-1.3116990923881549,45.15238571166992,37.52009864897689,44.83249516876295,58.46118734413552
seq01,calibration,13,1788536157.196393,-3.9088264044640675,9.289753439508804,0.3199081345343744,-39.94411087036133,-1.2673273086547852,45.18678283691406,37.54988256255115,44.86687470237969,58.50666736381779
seq01,calibration,14,1788536157.37143,-3.9191882149187416,9.367585542602178,0.31991195109145565,-39.97563934326171,-1.2230758666992188,45.221683502197266,37.5796457814207,44.90177155110581,58.552530820492684
seq01,calibration,15,1788536157.555392,-3.9289316163069703,9.445568904056548,0.31991057894703645,-40.006431579589844,-1.1789622902870196,45.257080078125,37.60939598956962,44.93716949917796,58.5987702029497
seq01,calibration,16,1788536157.7334652,-3.93805777512459,9.523668516078137,0.31989435813763323,-40.03647232055664,-1.135000407695772,45.29295349121094,37.639112050106654,44.973059133073306,58.64536472482197
seq01,calibration,17,1788536157.9189272,-3.946555623530388,9.601931324190186,0.3199123078411896,-40.065765380859375,-1.0912093222141284,45.32930374145508,37.668827568398164,45.009391433613885,58.69229836700884
seq01,calibration,18,1788536158.101661,-3.9544354345918102,9.680256092768778,0.3199052725151028,-40.09430694580078,-1.0476031005382556,45.36612319946289,37.6985049533548,45.04621792694779,58.739586525955296
seq01,calibration,19,1788536158.2818272,-3.961688993960027,9.758673459421887,0.3199047347596089,-40.12208557128906,-1.0041989386081678,45.40340042114258,37.72815530722363,45.08349568638297,58.78720342208922
seq01,calibration,20,1788536158.4563782,-3.9683173147722566,9.837144496667728,0.3199028270346882,-40.14910125732422,-0.9610140174627304,45.44112014770508,37.757772100508184,45.12121732067039,58.83513921537944
seq01,calibration,21,1788536158.6329963,-3.974321176988583,9.915635275376781,0.3198852351721262,-40.17534637451172,-0.9180626794695854,45.47929000854492,37.787342281887824,45.1594047733728,58.88340238313233
seq01,calibration,22,1788536158.804914,-3.979688692177046,9.994228230156546,0.3199273341453772,-40.200820922851555,-0.8753624190576357,45.51788330078125,37.816906549233934,45.197955966635874,58.93194078354664
seq01,calibration,23,1788536158.984211,-3.984438175558551,10.072729402627957,0.3199018137549712,-40.22551345825195,-0.8329290002584493,45.55690002441406,37.84638586240828,45.23699821065909,58.98080136754223
seq01,calibration,24,1788536159.173361,-3.988551906555255,10.151273064521726,0.3199189866618737,-40.24942779541015,-0.7907792180776596,45.596317291259766,37.875844919712044,45.27639830459789,59.029923528822835
seq01,calibration,25,1788536159.3581212,-3.992037067547783,10.2297659655686,0.3199275728991695,-40.272552490234375,-0.7489272952079773,45.63614273071288,37.905243767189,45.316215157813716,59.07932685194785
seq01,calibration,26,1788536159.526318,-3.994893286838003,10.308188469162944,0.3199247104762619,-40.294891357421875,-0.7073907256126404,45.67635726928711,37.93458639448657,45.356432558810845,59.12900150841989
seq01,calibration,27,1788536159.6990812,-3.997119935254876,10.386521769227501,0.31991248677023787,-40.31643676757812,-0.6661851406097412,45.71695327758789,37.96386578315546,45.397040790817655,59.17893559168333
seq01,calibration,28,1788536159.876481,-3.998717374254921,10.464731824072597,0.31988153820877563,-40.33718490600586,-0.6253270506858826,45.75791931152344,37.993073426635625,45.43803777331466,59.22912210298998
seq01,calibration,29,1788536160.052084,-3.9996779633711483,10.542891619959194,0.3198971027981816,-40.35713195800781,-0.584830105304718,45.79924774169922,38.02223891049858,45.47935063890104,59.27952417406149
seq01,calibration,30,1788536160.226016,-4.000009124097625,10.620891615955253,0.3198930477193691,-40.37627029418945,-0.5447129011154175,45.84092712402343,38.05132193428186,45.52103407630406,59.33015796643723
seq01,calibration,31,1788536160.4014113,-3.9997072460209995,10.69876280852616,0.31990712059492177,-40.39460754394531,-0.5049874782562256,45.88294219970703,38.08034648193774,45.56303507911211,59.380998255374834
seq01,calibration,32,1788536160.5919921,-3.998774250884067,10.77644743522466,0.3199120105994868,-40.41213226318359,-0.4656738042831403,45.92529296875,38.10928930976922,45.60538095815051,59.43205115115688
seq01,calibration,33,1788536160.770108,-3.9972113219203114,10.853921926265437,0.319901276861823,-40.42884063720703,-0.4267825484275818,45.96796417236328,38.138142430011165,45.64806289550146,59.48330483525167
seq01,calibration,34,1788536160.9519413,-3.9950152607583975,10.931210196030632,0.3199090878843145,-40.44473648071288,-0.38833242654800415,46.01093673706055,38.16692576297932,45.691027649176235,59.53473129052118
seq01,calibration,35,1788536161.1294332,-3.9921899505937777,11.008256792710453,0.3199091478779936,-40.45981216430665,-0.3503384590148926,46.05421447753906,38.19561697387021,45.73430532966107,59.58633937406515
seq01,calibration,36,1788536161.3017051,-3.9887335754466546,11.085044002592499,0.31990103811102855,-40.474063873291016,-0.312813401222229,46.09777069091796,38.22421327300922,45.777869652806935,59.6381071990877
seq01,calibration,37,1788536161.477636,-3.9846479356868496,11.161568293561254,0.3198972221987646,-40.48749542236329,-0.2757737636566162,46.14161682128906,38.25272105314032,45.8217195990903,59.690038155349015
seq01,calibration,38,1788536161.6642342,-3.979931491153957,11.237834912250278,0.31991224853868316,-40.50009536743164,-0.23923373222350897,46.18571853637695,38.28113731617885,45.86580628783827,59.742092871388806
seq01,calibration,39,1788536161.8391511,-3.9745875807397026,11.313772908383182,0.3199121887319203,-40.51186752319336,-0.20321035385131836,46.23007583618164,38.30944699490996,45.91016364744972,59.794287814066564
seq01,calibration,40,1788536162.037683,-3.9686166248110233,11.389379918143996,0.31990771749016167,-40.52281188964844,-0.1677159070968628,46.274681091308594,38.3376532324771,45.95477337381843,59.846611025292596
seq01,calibration,41,1788536162.2163773,-3.9620186164453517,11.464622736838704,0.31988481721079887,-40.532920837402344,-0.13276553153991522,46.31951904296875,38.365743885689525,45.99963422575795,59.89905385568161
seq01,calibration,42,1788536162.4039881,-3.9547940829355133,11.539578369079189,0.3199200006160299,-40.54219818115235,-0.09837460517883301,46.36458206176758,38.393750638316845,46.04466206115155,59.951572059479005
seq01,calibration,43,1788536162.5773683,-3.9469458840742866,11.614109583405174,0.3199207161171089,-40.55063247680664,-0.0645564794540423,46.40985107421875,38.42162299001376,46.08993035810164,60.00418980039155
seq01,calibration,44,1788536162.753246,-3.9384743091983974,11.68817796585856,0.31987259153722136,-40.55823516845703,-0.03132462501525879,46.45532226562499,38.44936444685125,46.13544967408777,60.056917528267086
seq01,calibration,45,1788536162.9329402,-3.9293806646486042,11.76194323561136,0.3199101023528048,-40.56499481201171,0.0013054609298723818,46.500984191894524,38.47701683890965,46.18107408954172,60.109670011450554
seq01,calibration,46,1788536163.1135252,-3.919666626874738,11.835234075988117,0.3199173768668082,-40.570919036865234,0.033321261405944824,46.546821594238274,38.50453803519571,46.22690421737147,60.162497644511646
seq01,calibration,47,1788536163.2958531,-3.9093338241436584,11.908074199074633,0.3199266187310019,-40.57599639892579,0.06470727920532404,46.59282302856445,38.53192811645406,46.27289640983345,60.21536702974383
seq01,calibration,48,1788536163.4644172,-3.898383671700124,11.980412534650785,0.3199130838444688,-40.58023452758789,0.09545230865478516,46.63898468017578,38.55918129041514,46.31907159633131,60.26829062892996
seq01,calibration,49,1788536163.6304522,-3.8868177125366516,12.052291462986991,0.3199202386736839,-40.5836296081543,0.12554121017456232,46.685283660888665,38.58631071889752,46.36536342221498,60.321225950484276
seq01,calibration,50,1788536163.8133903,-3.8746373918657806,12.123629182643,0.31990181289130226,-40.58618164062499,0.15496158599853516,46.73171615600586,38.61329415068821,46.41181434311456,60.37419147108561
seq01,calibration,51,1788536164.00336,-3.861846208665718,12.194488793156495,0.3199182710558621,-40.58788681030273,0.18369960784912287,46.77827072143555,38.640149004979094,46.458352450379685,60.42714313560328
seq01,calibration,52,1788536164.1838431,-3.8484452503468924,12.264785815368215,0.31991850958811496,-40.588748931884766,0.21174335479736328,46.824932098388665,38.66685592555916,46.50501358880055,60.48009619752992
seq01,calibration,53,1788536164.35587,-3.8344362449769775,12.33452403397117,0.31991844979555606,-40.58876419067382,0.23907876014709473,46.8716926574707,38.69341570748058,46.551774207675145,60.533033138892634
seq01,calibration,54,1788536164.540703,-3.8198217329530335,12.403694471573642,0.3199253665189985,-40.587932586669915,0.26569461822509943,46.91854476928711,38.719827171503525,46.59861940276811,60.58594182180499
seq01,calibration,55,1788536164.714708,-3.8046025356181548,12.47222843688755,0.31990032288484516,-40.58626174926757,0.2915771007537842,46.96546173095703,38.746080078912485,46.64556140807218,60.63882519109133
seq01,calibration,56,1788536164.904972,-3.7887857888186858,12.540222401209203,0.31992638019521014,-40.58374023437499,0.31671595573425293,47.01244354248047,38.77219083922305,46.692517162285256,60.6916299123976
seq01,calibration,57,1788536165.077181,-3.7723671143766073,12.607524793945528,0.3199054511385162,-40.580379486083984,0.3410973548889178,47.05948257446289,38.798131615754436,46.73957712332437,60.744407862292896
seq01,calibration,58,1788536165.278812,-3.7553558555808175,12.674228738249615,0.31991707903606925,-40.576171875,0.36470985412597834,47.10655212402344,38.82391978528846,46.78663504498737,60.79708846916399
seq01,calibration,59,1788536165.454301,-3.737749536960214,12.740249063504713,0.31991099683666135,-40.57112121582031,0.3875422477722168,47.15365600585937,38.84953841306866,46.83374500902271,60.84970259975521
seq01,calibration,60,1788536165.6386173,-3.7195547650568197,12.80561667834567,0.3199210137204993,-40.56522750854492,0.40958380699157715,47.200775146484375,38.87499493077669,46.88085413276387,60.90221436931006
seq01,calibration,61,1788536165.8163671,-3.700768984663918,12.870241338399921,0.3198948958381298,-40.558494567871094,0.43082213401794434,47.24789810180664,38.90027101845631,46.92800320596851,60.95464354918945
seq01,calibration,62,1788536165.98754,-3.6814016837712185,12.934199345428398,0.3198993086731339,-40.55091857910156,0.4512460231781006,47.29501342773437,38.9253824610694,46.97511411906123,61.00694014814507
seq01,calibration,63,1788536166.1620712,-3.6614497003880015,12.99739199324327,0.319873366921098,-40.542503356933594,0.47084522247314453,47.342109680175774,38.950307993869394,47.02223631325467,61.059128725497324
seq01,calibration,64,1788536166.3316712,-3.640925252074235,13.059914525933635,0.31989865277734086,-40.533252716064446,0.4896087646484375,47.38917922973633,38.975074248068935,47.06928057695899,61.111157628333096
seq01,calibration,65,1788536166.503153,-3.619825232282723,13.121668599749503,0.31991403714714406,-40.5231590270996,0.5075263977050781,47.436206817626946,38.99964908387089,47.1162927804798,61.163041733067566
seq01,calibration,66,1788536166.6786482,-3.5981505348307885,13.182621477238278,0.3199070010001379,-40.51223373413086,0.5245873928070068,47.483177185058594,39.02403573859925,47.163270184058455,61.21478105639167
seq01,calibration,67,1788536166.84892,-3.575909912277238,13.242810319840363,0.31991534928180343,-40.500476837158196,0.5407817363739014,47.530086517333984,39.048241608620636,47.210171168052184,61.26634830346915
seq01,calibration,68,1788536167.0218592,-3.553099828562275,13.302155291026585,0.3198901841642732,-40.48788833618163,0.5561008453369141,47.57691955566406,39.07224726113225,47.25702937149979,61.31775706150585
seq01,calibration,69,1788536167.19264,-3.529731872111705,13.360713853157351,0.319888336836208,-40.47447204589844,0.5705347061157227,47.62366104125976,39.096067693849086,47.30377270442355,61.368961382720144
seq01,calibration,70,1788536167.3641443,-3.5058089774626806,13.4184679261443,0.3199023495507183,-40.460227966308594,0.5840721130371094,47.67030334472656,39.11969834611048,47.350400995175846,61.41995826353702
seq01,calibration,71,1788536167.5436811,-3.48132996131521,13.475355560210165,0.31990091825943945,-40.44515609741211,0.5967059135437012,47.71683502197265,39.143122759192096,47.39693410371321,61.47075257203961
seq01,calibration,72,1788536167.715562,-3.456303989458864,13.53140727072492,0.3199152893990753,-40.42926788330078,0.608426570892334,47.76324462890625,39.16635659930067,47.44332933950717,61.52132141039012
seq01,calibration,73,1788536167.90309,-3.430731150486071,13.586578013641017,0.3199233991130839,-40.412559509277344,0.6192259788513201,47.80952072143554,39.18938437323637,47.48959732232245,61.57166313645912
seq01,calibration,74,1788536168.08416,-3.4046108111936544,13.64082134740674,0.3198981756859032,-40.3950309753418,0.6290950775146484,47.85565185546875,39.212194588454466,47.53575367978285,61.621782531405294
seq01,calibration,75,1788536168.2631872,-3.3779565787071624,13.694192822798414,0.31989394175699637,-40.37668991088867,0.6380250453948992,47.90162658691406,39.23480323918535,47.58173264515707,61.671639079343386
seq01,calibration,76,1788536168.429661,-3.3507742675949377,13.746692877087575,0.3199183900927949,-40.35753631591796,0.6460099220275879,47.947437286376946,39.25720737890306,47.62751889628415,61.72121910174899
seq01,calibration,77,1788536168.6145601,-3.3230608251851925,13.7982506468069,0.3199307327666767,-40.337581634521484,0.6530394554138166,47.993057250976555,39.27940081023532,47.67312651820988,61.770529543078716
seq01,calibration,78,1788536168.791504,-3.2948176523226684,13.848839320924709,0.31991862867694265,-40.31681823730469,0.6591076850891113,48.03849411010742,39.30136827058024,47.71857548143048,61.81957613828122
seq01,calibration,79,1788536168.9797761,-3.2660593498575228,13.898510151655653,0.3199309117792184,-40.2952537536621,0.6642069816589355,48.08372497558594,39.323123204930425,47.76379406380672,61.86831209884326
seq01,calibration,80,1788536169.1437461,-3.236783211141182,13.947208196740512,0.3199344294197426,-40.272895812988274,0.6683304309844971,48.12874984741211,39.34465950258798,47.80881541799236,61.91675914521246
seq01,calibration,81,1788536169.3061562,-3.206990229694384,13.994896259806167,0.3199107576443867,-40.2497444152832,0.6714708805084229,48.17354202270508,39.36596628423686,47.85363126506069,61.96490399205075
seq01,calibration,82,1788536169.4914813,-3.176697727270957,14.041640045970286,0.31991892711959324,-40.22580337524414,0.6736226081848145,48.2181053161621,39.38705522797579,47.89818638904251,62.012711429924366
seq01,calibration,83,1788536169.6584651,-3.1459003833832275,14.087369458720948,0.3199134413535414,-40.20107650756836,0.674778938293457,48.26241683959961,39.407913698431706,47.94250339824607,62.06019089685333
seq01,calibration,84,1788536169.822487,-3.11460983761872,14.132108349572675,0.31992208702174496,-40.17557144165039,0.6749329566955566,48.306472778320305,39.42854859832108,47.98655069129856,62.107322368773346
seq01,calibration,85,1788536170.001617,-3.0828204718512224,14.175791379165174,0.3199022307042263,-40.149288177490234,0.6740808486938477,48.35026168823242,39.448944414544485,48.03035945752819,62.154120097071505
seq01,calibration,86,1788536170.174333,-3.0505476017497113,14.218458953519875,0.3198962083350778,-40.12223434448242,0.6722140312194806,48.39377212524414,39.4691108266484,48.07387591690906,62.20054867218313
seq01,calibration,87,1788536170.3357482,-3.017795197699586,14.260103443542569,0.31990014325618077,-40.09440994262695,0.6693310737609863,48.43699264526367,39.48904220857964,48.117092502007495,62.24659866529038
seq01,calibration,88,1788536170.506755,-2.9845618671958296,14.300668385173259,0.3198858316164226,-40.06582260131836,0.6654238700866664,48.479915618896484,39.508730561967894,48.16002978728006,62.29228090004314
seq01,calibration,89,1788536170.6968143,-2.9508716872907526,14.340249092530653,0.31992745343510354,-40.036479949951165,0.6604895591735822,48.52252960205078,39.52819450850215,48.202602148615675,62.337540976523194
seq01,calibration,90,1788536170.905844,-2.91670222684062,14.37869049902061,0.31991892741482775,-40.00638580322265,0.6545238494873047,48.56481170654297,39.547406716753315,48.24489277912814,62.38242586890859
seq01,calibration,91,1788536171.092024,-2.882072323733367,14.4160512754857,0.3199096254171465,-39.97554397583008,0.6475205421447772,48.60676956176758,39.56637559544538,48.28685993635043,62.426908623385955
seq01,calibration,92,1788536171.2767823,-2.846993420056433,14.452353726249273,0.3199229814683653,-39.943958282470696,0.6394772529602051,48.64838409423828,39.58510273410366,48.328461112769915,62.47095734817944
seq01,calibration,93,1788536171.4526942,-2.811453884953363,14.487503847118175,0.3198962674872967,-39.91163635253906,0.6303901672363281,48.68964385986328,39.60357482179256,48.36974759237599,62.51460326048214
seq01,calibration,94,1788536171.6284943,-2.7754776743637137,14.521580762372174,0.3198955514322943,-39.878582000732415,0.6202549934387225,48.73054504394531,39.62180219004952,48.410649492513016,62.55779881896712
seq01,calibration,95,1788536171.8085542,-2.739068152084854,14.554566817287345,0.3199139183739512,-39.844802856445305,0.6090698242187518,48.77106857299804,39.63978347990898,48.45115465462409,62.6005337173763
seq01,calibration,96,1788536171.9806862,-2.702218682070583,14.586392506086451,0.3199044965351723,-39.81030273437499,0.5968308448791504,48.811214447021484,39.657505437251224,48.49130995048631,62.6428358092108
seq01,calibration,97,1788536172.154345,-2.6649492567127337,14.617119075788931,0.319918628677482,-39.775093078613274,0.5835361480712908,48.85096740722656,39.67498234746011,48.53104877854908,62.68466255645939
seq01,calibration,98,1788536172.3413372,-2.627256138668873,14.646691597797393,0.31992375695297404,-39.73917007446289,0.5691828727722168,48.89031219482422,39.6921958057367,48.570388437871244,62.72601566245571
seq01,calibration,99,1788536172.5148032,-2.5891418364881034,14.675092115114348,0.3199084925324247,-39.70254516601563,0.5537686347961444,48.92924880981445,39.70914861258009,48.609340317282026,62.76690568776918
seq01,calibration,100,1788536172.693203,-2.5506246257877283,14.702364845744492,0.3199117715415467,-39.66522979736328,0.5372929573059064,48.96776580810547,39.725850257062795,48.64785403656392,62.8072995838016
seq01,calibration,101,1788536172.874582,-2.5116977211951035,14.728446622773946,0.3198926302453695,-39.62722015380859,0.5197534561157227,49.0058479309082,39.74228185384018,48.68595530066283,62.847205271899035
seq01,calibration,102,1788536173.061427,-2.4723878723191683,14.753418807967982,0.3199170789446215,-39.588531494140625,0.5011491775512713,49.04349136352539,39.75846208008776,48.72357428458077,62.88658042888671
seq01,calibration,103,1788536173.2448573,-2.4326756811710646,14.777169151660987,0.319904377998651,-39.54916763305664,0.4814772605896014,49.0806884765625,39.77437342635118,48.760784098563846,62.925470577228005
seq01,calibration,104,1788536173.4316382,-2.3925856706572795,14.799767642555189,0.3199115931755494,-39.50913619995117,0.4607405662536621,49.11741638183594,39.79002413530978,48.79750478866039,62.9638189303021
seq01,calibration,105,1788536173.6054702,-2.352115105114566,14.821169900213723,0.31990890953477114,-39.46843719482422,0.43893623352050604,49.1536865234375,39.805401778030486,48.833777613902726,63.00164955582147
seq01,calibration,106,1788536173.7830343,-2.311270423851036,14.841373019867826,0.31989889115232284,-39.42708587646484,0.4160642623901385,49.18947219848633,39.82051342538225,48.86957330733401,63.03894419088839
seq01,calibration,107,1788536173.9532602,-2.2700686004996236,14.86041035359323,0.319913441601023,-39.38508605957031,0.39212560653686523,49.22477340698242,39.83535847094922,48.9048599653814,63.075677663760295
seq01,calibration,108,1788536174.1414433,-2.228505377619792,14.878237969042464,0.3199171379867214,-39.342445373535156,0.36712026596069336,49.25958251953125,39.84993198254044,48.93966538154453,63.111868350339996
seq01,calibration,109,1788536174.327837,-2.1865897478769782,14.894860360755906,0.319921133037951,-39.299171447753906,0.3410477638244629,49.293891906738274,39.86423436536365,48.97397077370032,63.14750188946427
seq01,calibration,110,1788536174.504928,-2.144323393235689,14.910253578534046,0.31990855159413356,-39.255271911621094,0.3139123916625959,49.327686309814446,39.8782606939898,49.007777758220314,63.1825763702061
seq01,calibration,111,1788536174.6781561,-2.101718773894895,14.924437340010169,0.31989728111448,-39.21075057983398,0.285710811614992,49.36095428466797,39.89201117952489,49.04105700355349,63.2170691188157
seq01,calibration,112,1788536174.852884,-2.05879124103677,14.93743863506521,0.3199110557493494,-39.16562271118164,0.2564482688903791,49.393699645996094,39.90549360533524,49.07378859024674,63.2509695300055
seq01,calibration,113,1788536175.017887,-2.015528064043149,14.949183242677545,0.3198957907256399,-39.119834216539225,0.22591593098440832,49.425886187267864,39.91871911008331,49.105990396542225,63.28429843345842
seq01,calibration,114,1788536175.1942132,-1.9719524308761742,14.959728082945198,0.31989686379057747,-39.07356262207031,0.19474267959594727,49.45757293701171,39.93161996138445,49.13767607322114,63.31702363991256
seq01,calibration,115,1788536175.368566,-1.9280722256938558,14.96907450916335,0.3199167206070439,-39.02664947509765,0.16230487823486328,49.488685607910156,39.944271940208985,49.16876888730311,63.34913333840009
seq01,calibration,116,1788536175.542547,-1.8838753579357521,14.977149019133712,0.3199030659691968,-38.97915649414062,0.12881326675414684,49.51923751831055,39.95663846208124,49.19933445234135,63.380655311718044
seq01,calibration,117,1788536175.7153633,-1.839378658499568,14.983988401334145,0.3198832675812264,-38.93109130859374,0.09427022933959961,49.54922103881836,39.9687234542033,49.229337771237134,63.41156481236791
seq01,calibration,118,1788536175.8982742,-1.7946136019412546,14.989676188710789,0.31992202749879617,-38.88246536254882,0.05868101119995117,49.57863235473633,39.9805373301517,49.25871032723753,63.44181514041311
seq01,calibration,119,1788536176.06689,-1.7495456181518088,14.994064130443544,0.3199092076953103,-38.83328247070312,0.022046566009521484,49.607460021972656,39.99205982315731,49.287550814277346,63.47147008041459
seq01,calibration,120,1788536176.243804,-1.7042023558258144,14.99722415735531,0.3198986524559182,-38.7835578918457,-0.015627384185792792,49.63570022583008,40.003303843244275,49.31580157337416,63.50049293666416
seq01,calibration,121,1788536176.422732,-1.6586041722566691,14.999198841300993,0.3199264398743129,-38.73329162597656,-0.05433893203735174,49.66334533691406,40.014265572222364,49.34341889703975,63.528847287929594
seq01,calibration,122,1788536176.60179,-1.612727934088069,14.99988421330237,0.319910996618765,-38.682498931884766,-0.09408235549926758,49.690383911132805,40.02493908314153,49.37047291451404,63.55658380067288
seq01,calibration,123,1788536176.781373,-1.5666051478614562,14.999364787969265,0.319916243566017,-38.631187438964844,-0.13485288619995117,49.71681594848633,40.035331958447784,49.39689970492031,63.58365753462966
seq01,calibration,124,1788536176.959291,-1.5202277630575762,14.997587277722443,0.3199037810457763,-38.57936096191406,-0.17664670944213867,49.74263000488281,40.045433329504725,49.42272622383704,63.610082517979464
seq01,calibration,125,1788536177.1364,-1.4736161543601431,14.994596323662355,0.3199065840795188,-38.527034759521484,-0.21945762634277344,49.767822265625,40.05525268829275,49.44791568154548,63.63583607663385
seq01,calibration,126,1788536177.3150332,-1.4267659244407764,14.9903523751839,0.3198940616228514,-38.47413809306933,-0.26354146077482987,49.79236138854576,40.064810766551396,49.4724673269229,63.66093060247413
seq01,calibration,127,1788536177.4964323,-1.3796825620939897,14.984851534425328,0.3198616188628154,-38.42091369628906,-0.30811309814453125,49.81631851196288,40.07402614150336,49.49645689310007,63.68537364387845
seq01,calibration,128,1788536177.679209,-1.3324156406822842,14.978234969300345,0.3199160057010517,-38.36713790893554,-0.3539462089538574,49.839603424072266,40.082994313916544,49.51968741837121,63.70907215760294
seq01,calibration,129,1788536177.8515842,-1.2849065773471156,14.970285626824838,0.3198900658314314,-38.31289291381835,-0.4007730484008789,49.86224365234375,40.09166019175475,49.54235358651232,63.73214272109594
seq01,calibration,130,1788536178.040947,-1.2372090046939226,14.961155798984276,0.3199004424728462,-38.25819396972656,-0.4485893249511754,49.88423538208007,40.1000445456838,49.56433493960723,63.75450470807059
seq01,calibration,131,1788536178.210064,-1.1893173128578063,14.950806946399931,0.31991266553838793,-38.203044891357415,-0.4973874092102033,49.905567169189446,40.108138053318896,49.58565450365106,63.77617008459773
seq01,calibration,132,1788536178.3924341,-1.141222900620208,14.939187865455565,0.319890543602545,-38.1474609375,-0.5471601486206037,49.926239013671875,40.115939830138466,49.60634847006933,63.797166371158205
seq01,calibration,133,1788536178.570278,-1.092965606100422,14.92640591115028,0.3199086110935119,-38.091453552246094,-0.5979013442993182,49.94623947143555,40.12346228907336,49.62633086034204,63.817434457386554
seq01,calibration,134,1788536178.743412,-1.0445147955942298,14.912340537392677,0.31987634937367426,-38.0350227355957,-0.6496028900146502,49.965576171875,40.130683533888856,49.64569982250133,63.83703683413764
seq01,calibration,135,1788536178.918196,-0.9959155419689383,14.897117132088043,0.31988493713169786,-37.9781837463379,-0.7022576332092267,49.984222412109375,40.13762143685239,49.66433747497768,63.8558930047693
seq01,calibration,136,1788536179.0937102,-0.9471672958848267,14.880711578297868,0.31991278498950226,-37.92094802856445,-0.7558565139770508,50.002197265625,40.144273855341076,49.682284480635495,63.87403317927729
seq01,calibration,137,1788536179.2778661,-0.8982535284643429,14.863049766142042,0.3199027080086434,-37.863319396972656,-0.810393810272215,50.01947784423828,40.150627992675275,49.69957513622964,63.89147593324116
seq01,calibration,138,1788536179.4594293,-0.849206807982836,14.844217655366087,0.3199144553336606,-37.80531311035156,-0.8658580780029332,50.03607177734375,40.15669648489735,49.71615732201009,63.90818861027924
seq01,calibration,139,1788536179.6265953,-0.8000234651247641,14.824181873720686,0.31991874800369824,-37.7469367980957,-0.9222421646118182,50.05196762084961,40.16247346502754,49.73204887284591,63.92418133946007
seq01,calibration,140,1788536179.8053703,-0.7507104829143189,14.802944667449934,0.31991505088358907,-37.68820190429687,-0.9795370101928693,50.06717300415039,40.16795987363361,49.747257953266804,63.939461010229884
seq01,calibration,141,1788536180.0012722,-0.7012787249836638,14.78052151177266,0.3199133227915332,-37.62911605834961,-1.037733078002928,50.0816650390625,40.173154573502096,49.761751716270965,63.95400129982711
seq01,calibration,142,1788536180.188651,-0.6517365707280652,14.756920182535914,0.3199096254424638,-37.56969451904297,-1.0968222618102992,50.095458984375,40.178063275439406,49.77554935893254,63.96782068000083
seq01,calibration,143,1788536180.3629572,-0.602089193478214,14.732139023918952,0.3199005612641306,-37.509944915771484,-1.1567926406860352,50.10853958129883,40.18268238258993,49.7886390200347,63.980907612563804
seq01,calibration,144,1788536180.533042,-0.5523533738482753,14.706209782129767,0.3199086711026189,-37.449871063232415,-1.2176361083984357,50.120906829833984,40.187008840963856,49.80099815873137,63.99324259005534
seq01,calibration,145,1788536180.7157493,-0.5025220634441608,14.67909344042624,0.31989662590127366,-37.3894920349121,-1.2793421745300275,50.13256072998047,40.19104652721402,49.8126641040792,64.00485705084031
seq01,calibration,146,1788536180.88929,-0.45262131396674277,14.65085452596503,0.319908134625035,-37.32881164550782,-1.3418998718261719,50.14349365234375,40.19479576507528,49.82358551771871,64.0157111999667
seq01,calibration,147,1788536181.072307,-0.40264651721161976,14.621458915603265,0.319912785279008,-37.26784896850586,-1.4052996635437047,50.153709411621094,40.19826043909328,49.833796626342085,64.0258340712934
seq01,calibration,148,1788536181.244728,-0.3525935429560953,14.590877350475568,0.3198830891587303,-37.20660400390625,-1.4695291519165004,50.1631965637207,40.201427139815586,49.843313474561974,64.03522969585845
seq01,calibration,149,1788536181.4202392,-0.3025041034358042,14.55922348689187,0.31989901073914706,-37.14509201049804,-1.5345797538757306,50.17196273803711,40.204313032834555,49.85206372729796,64.04385250992267
seq01,calibration,150,1788536181.5968473,-0.25236179777928713,14.526428958313234,0.3199037219244574,-37.08332443237304,-1.600437641143797,50.180000305175774,40.20691028800303,49.86009658325132,64.05173585624884
seq01,calibration,151,1788536181.775184,-0.20217194091562507,14.492493653399633,0.31988899274198257,-37.021308898925774,-1.667091369628908,50.18729782104492,40.20921579002999,49.86740882830294,64.05887524534211
seq01,calibration,152,1788536181.956006,-0.1519612495426806,14.457483644947805,0.31990181374906523,-36.95906066894531,-1.734531879425047,50.193870544433594,40.21124139356209,49.87396873068453,64.065253385596
seq01,calibration,153,1788536182.1447802,-0.10171823458851481,14.421348074984213,0.3198931666748044,-36.896583557128906,-1.8027443885803205,50.199710845947266,40.21297415474484,49.87981767927246,64.07089434437168
seq01,calibration,154,1788536182.329287,-0.051472607172361504,14.384164681014568,0.3199182709379347,-36.83389282226563,-1.8717164993286115,50.20481491088867,40.21442663807527,49.88489663995074,64.07576002364472
seq01,calibration,155,1788536182.4987543,-0.001208003440175694,14.345865016405961,0.3199168995290236,-36.770999908447266,-1.9414391517639125,50.20917892456055,40.21559242139806,49.88926202503152,64.079890287096
seq01,calibration,156,1788536182.672808,0.04906273985533048,14.306473340538535,0.31990157540735,-36.707908630371094,-2.01189613342285,50.21281051635742,40.216465864125354,49.89290894095007,64.08327776565658
seq01,calibration,157,1788536182.8457103,0.0993132974321136,14.266059161984712,0.31991499144402646,-36.6446418762207,-2.083077907562256,50.215702056884766,40.21706757985025,49.895787065440736,64.08589619878968
seq01,calibration,158,1788536183.0364301,0.14955653087196946,14.224566121758679,0.31990896883347,-36.58119583129883,-2.1549682617187464,50.21785354614258,40.21737579343827,49.89794457730911,64.08776941625325
seq01,calibration,159,1788536183.225873,0.19977231804741455,14.182042745548047,0.3199129048618121,-36.51759338378906,-2.2275552749633807,50.21926498413086,40.21740731669771,49.89935207926905,64.08888506759985
seq01,calibration,160,1788536183.3993633,0.24995938799883655,14.138477649527134,0.3199081339739651,-36.453834533691406,-2.3008265495300275,50.21993637084961,40.2171507045818,49.90002823687564,64.08925049363606
seq01,calibration,161,1788536183.5757892,0.30010649953305946,14.093892751122729,0.31990682293299755,-36.38994216918945,-2.374767780303955,50.21986770629883,40.216619089781744,49.89996088336583,64.08886445533294
seq01,calibration,162,1788536183.7629242,0.35020628770589063,14.04829853908225,0.3199030054389891,-36.3259162902832,-2.4493641853332555,50.21906280517578,40.21580339523568,49.89915979973679,64.08772886788795
seq01,calibration,163,1788536183.936633,0.4002434689602037,14.001729638460528,0.3199186882205558,-36.26176834106445,-2.5246019363403303,50.21751403808594,40.21470807153332,49.897595349865384,64.08582344776069
seq01,calibration,164,1788536184.1114662,0.45022564268633475,13.954145345717027,0.31991385847098863,-36.19751739501953,-2.600468635559082,50.215225219726555,40.21333502492402,49.895311361255565,64.08318351692135
seq01,calibration,165,1788536184.2893813,0.5001430379937551,13.905564848785202,0.3198928090495108,-36.1331672668457,-2.676947832107542,50.21219635009765,40.21167928230087,49.892303541048136,64.07980261622777
seq01,calibration,166,1788536184.4632573,0.5499700071121839,13.856058801595083,0.319900441738622,-36.068729400634766,-2.754026412963867,50.208431243896484,40.2097510207392,49.88853080215786,64.07565514879805
seq01,calibration,167,1788536184.6373782,0.5914944990784786,13.822202933037431,0.3201539374110385,-36.00421905517578,-2.8316893577575684,50.20392990112304,40.2069444123578,49.883775963712004,64.07019184750612
seq01,calibration,168,1788536184.8088162,0.6477282273593706,13.759510691381887,0.31976869050425627,-35.93964385986328,-2.9099202156066895,50.19868850708007,40.205792157495736,49.87891981657582,64.06568789203894
seq01,calibration,169,1788536184.9814103,0.6988309335650229,13.702047785846673,0.31975961506352446,-35.87501144409179,-2.988706111907959,50.192718505859375,40.202328439296856,49.87295889079585,64.05887323754696
seq01,calibration,170,1788536185.1650121,0.7483804719940603,13.64843169403507,0.31978169778392007,-35.81033706665038,-3.0680303573608416,50.18600845336914,40.199252873481974,49.866226755585224,64.05170179179935
seq01,calibration,171,1788536185.3362162,0.7893795666221832,13.61215419401956,0.3200570158774776,-35.745628356933594,-3.147877931594847,50.17856979370117,40.19583909841801,49.85851277782369,64.04355375244505
seq01,calibration,172,1788536185.513394,0.8444397945948486,13.547531791329796,0.31977331825357913,-35.6808967590332,-3.2282338142395037,50.17040252685547,40.19361295042783,49.85062920860189,64.03601919624855
seq01,calibration,173,1788536185.693276,0.894580240040885,13.48820301176745,0.31977638112518036,-35.61615753173828,-3.3090815544128382,50.16150665283203,40.189336165665395,49.84173027170685,64.02640719198946
seq01,calibration,174,1788536185.8878562,0.9437746711289025,13.430483070061651,0.31977095794761157,-35.551414489746094,-3.3904049396514875,50.15188217163086,40.18508560801332,49.83211121368325,64.01625116590516
seq01,calibration,175,1788536186.067893,0.9933507065194317,13.369975183261499,0.31976885629200935,-35.4866828918457,-3.4721879959106463,50.141536712646484,40.180235338928895,49.82176785635448,64.00515498164337
seq01,calibration,176,1788536186.255459,1.0422003014463408,13.31070325332346,0.31990992288662223,-35.42197036743164,-3.554416179656984,50.130474090576165,40.1754651007024,49.81056416768954,63.99343949782097
seq01,calibration,177,1788536186.430299,1.0906447520654392,13.251446672701078,0.319913859050315,-35.35729598999023,-3.637071371078491,50.11868667602539,40.17056666331045,49.798772816975074,63.98118629822493
seq01,calibration,178,1788536186.5996492,1.1389178208228934,13.19138480914594,0.31991457442189875,-35.29265594482422,-3.7201378345489484,50.10618209838867,40.16539761000745,49.78626752396677,63.96820772178928
seq01,calibration,179,1788536186.77743,1.1870060704302032,13.130554296896419,0.3199293018989038,-35.22806930541992,-3.8035976886749285,50.09297180175781,40.15997034485056,49.77304249985891,63.95450709521603
seq01,calibration,180,1788536186.965558,1.2349217362801188,13.068896096883739,0.3199034240555829,-35.16354751586914,-3.887436628341675,50.07905197143555,40.154274783492305,49.759148547379965,63.940117669178804
seq01,calibration,181,1788536187.136863,1.2826301768921236,13.006526096261824,0.3199097440433818,-35.09910202026367,-3.9716348648071307,50.064422607421875,40.14832981937765,49.744512863378496,63.92499469925952
seq01,calibration,182,1788536187.307657,1.3301433819881514,12.94338611120508,0.3198969241849934,-35.03473663330079,-4.056177377700806,50.049095153808594,40.142118246795384,49.7291982296236,63.909176288706
seq01,calibration,183,1788536187.477281,1.3774383471366294,12.87955117325894,0.3199069419904026,-34.97046661376953,-4.1410462856292725,50.0330696105957,40.1356566273006,49.7131626686053,63.892640228901094
seq01,calibration,184,1788536187.6461701,1.4245154171592331,12.815007751330757,0.31991833094839817,-34.90629959106445,-4.226224422454832,50.0163459777832,40.12893860000083,49.696427646834806,63.87539928657764
seq01,calibration,185,1788536187.83083,1.471370605181063,12.749758434125237,0.31992119309889233,-34.84225082397461,-4.311694145202635,49.99893569946289,40.12196736722525,49.679014506364,63.85747213709772
seq01,calibration,186,1788536188.0049162,1.5180006048567494,12.683802012093539,0.319902827734055,-34.77832794189453,-4.397439002990721,49.98084259033203,40.11473869526148,49.66093976259798,63.83886902736838
seq01,calibration,187,1788536188.1982632,1.5643779638646718,12.617233776977413,0.3199228031881154,-34.71454620361328,-4.483439922332762,49.96206283569336,40.107273401714735,49.642140032505246,63.8195537960487
seq01,calibration,188,1788536188.3745222,1.6105224493172317,12.549963461013952,0.31989930924615106,-34.650901794433594,-4.5696804523468,49.94260787963867,40.09953984655622,49.62270857039252,63.79957916607019
seq01,calibration,189,1788536188.540553,1.6564052548111026,12.482093850560545,0.31989805691126416,-34.58742141723632,-4.65614128112793,49.9224853515625,40.09157112489429,49.60258729465124,63.77892082487719
seq01,calibration,190,1788536188.6991513,1.702019966391268,12.41363838932231,0.31991749577618456,-34.524105072021484,-4.742806911468506,49.90169143676758,40.08336002205582,49.5817739409914,63.75757255254717
seq01,calibration,191,1788536188.864723,1.747378175813487,12.344536211888844,0.3198996673436134,-34.460968017578125,-4.829657077789307,49.880237579345696,40.07489549845043,49.56033791200208,63.73558145309066
seq01,calibration,192,1788536189.032094,1.792453438910329,12.274885349635861,0.31990223109182514,-34.398017883300774,-4.916674852371214,49.85812759399414,40.066194687080255,49.53822536290232,63.71291649900133
seq01,calibration,193,1788536189.195233,1.8372434759509069,12.204682394230995,0.3199123678251108,-34.335262298583984,-5.003840446472166,49.83536529541015,40.05725193230013,49.51545292758504,63.68958714728532
seq01,calibration,194,1788536189.3518012,1.881744965309582,12.133928600933329,0.31991868875934415,-34.27272033691406,-5.091138362884525,49.811958312988274,40.04807477517118,49.49203962422893,63.66561300548318
seq01,calibration,195,1788536189.509586,1.9259531180674785,12.062631964748334,0.31991123527738896,-34.21038818359376,-5.178548097610475,49.78791046142578,40.03864948537633,49.46799922614839,63.64099622139054
seq01,calibration,196,1788536189.6778502,1.9698542959252876,11.99083931961985,0.31991248682458484,-34.14828872680664,-5.266052007675171,49.763233184814446,40.02899641125904,49.44332069798986,63.61574109712832
seq01,calibration,197,1788536189.836028,2.0134450712743104,11.918552057965123,0.31991463433464884,-34.08642578125,-5.353632092475891,49.73792266845703,40.01910819715602,49.41800803412238,63.58984619384029
seq01,calibration,198,1788536190.0066242,2.056718796730942,11.8457874098785,0.3199102210500866,-34.02481079101562,-5.4412678480148315,49.71199417114257,40.008987201388734,49.392083950092484,63.56333073253691
seq01,calibration,199,1788536190.207915,2.09966488359385,11.772579205947174,0.3199184504070971,-33.96345138549805,-5.528943657875061,49.68545150756836,39.998638082382314,49.365533057161265,63.53618577207075
seq01,calibration,200,1788536190.3952432,2.142289177545189,11.698889086463607,0.319889170984722,-33.902359008789055,-5.616638064384459,49.65829849243164,39.9880500073255,49.33840932144692,63.508446507208824
seq01,calibration,201,1788536190.567922,2.184565634012346,11.624823384563726,0.3198942990090903,-33.841541290283196,-5.704334855079649,49.63054656982422,39.97724484522883,49.310652270815126,63.48007981082428
seq01,calibration,202,1788536190.741013,2.226492576402605,11.55038118012595,0.3199195830365089,-33.781009674072266,-5.792012572288511,49.60219955444335,39.96622122970518,49.282279971406844,63.451098954721544
seq01,calibration,203,1788536190.9238973,2.2680792981641513,11.475498449168537,0.3199002035921559,-33.72077560424804,-5.879655480384828,49.57326126098633,39.954962709347754,49.25336105739417,63.42154697384323
seq01,calibration,204,1788536191.1018481,2.309305668540078,11.400263886628467,0.31988899229069356,-33.66084671020508,-5.967241644859314,49.54375076293945,39.94348645945174,49.22386177064876,63.3914085515722
seq01,calibration,205,1788536191.270054,2.3501599234123756,11.324721316848326,0.3199065838847621,-33.60123062133789,-6.0547546148300135,49.51365661621094,39.93180018182183,49.19375003232618,63.36066372761524
seq01,calibration,206,1788536191.4375372,2.390647917687975,11.248826881281147,0.3199063458365017,-33.541934967041016,-6.142174005508423,49.48299789428711,39.91988758266027,49.16309154845061,63.32935334592933
seq01,calibration,207,1788536191.6142552,2.4307550163568012,11.172642594003177,0.31991809215672595,-33.48297500610351,-6.229480862617493,49.451786041259766,39.90776747608959,49.13186794910304,63.297475092563786
seq01,calibration,208,1788536191.78247,2.4704832606488667,11.096142381247708,0.3199104000028865,-33.42435836791992,-6.316656112670898,49.42002487182617,39.895428396369546,49.10011447182328,63.2650491825937
seq01,calibration,209,1788536191.958686,2.5098257253719614,11.01934551963337,0.3198845198092666,-33.3660888671875,-6.403684377670288,49.38771057128906,39.882868736525936,49.0678260514798,63.23207075585329
seq01,calibration,210,1788536192.129446,2.5487576915895884,10.942378171881613,0.3199186887737706,-33.308181762695305,-6.490541934967045,49.35487365722656,39.870124284732555,49.034954968452794,63.19852545145507
seq01,calibration,211,1788536192.307518,2.5872948972006737,10.865135280540246,0.3199198217348309,-33.25064468383789,-6.577211141586304,49.32149887084961,39.8571619928419,49.00157904911478,63.16445291008453
seq01,calibration,212,1788536192.485248,2.625427410831371,10.787653731607309,0.31990336449986567,-33.1934814453125,-6.66367369890213,49.28761291503906,39.84398399672895,48.9677095505392,63.12986329272035
seq01,calibration,213,1788536192.667125,2.663138741837191,10.710019760551608,0.31991707881672604,-33.1367073059082,-6.74991250038147,49.25321578979492,39.83061902103259,48.93329871097819,63.09473777056581
seq01,calibration,214,1788536192.8486342,2.700432300792028,10.632191504113898,0.319917019256869,-33.080326080322266,-6.835903346538547,49.21831512451172,39.81704419013384,48.89839810525485,63.05910200200335
seq01,calibration,215,1788536193.0304232,2.7373053108770717,10.554170267403558,0.3198896486841698,-33.024349212646484,-6.921633005142212,49.18292236328125,39.803261603549196,48.86303271459708,63.02297676521126
seq01,calibration,216,1788536193.209834,2.7737315686787727,10.476111188864737,0.3199355027361923,-32.968788146972656,-7.007078677415844,49.14704513549804,39.78931569560033,48.82710963276185,62.98631818588773
seq01,calibration,217,1788536193.3838801,2.809731999783929,10.397849609276355,0.3199174360313253,-32.91364288330078,-7.09222275018692,49.11069107055664,39.77514480396858,48.790773634525316,62.94919964568381
seq01,calibration,218,1788536193.5606241,2.8452846872764512,10.319515960655396,0.31991934421457424,-32.85892868041992,-7.177043974399567,49.07387161254883,39.76079050731963,48.75395226833425,62.91159132902278
seq01,calibration,219,1788536193.7387233,2.8803901076826173,10.241091383144141,0.3199126059833275,-32.80465316772461,-7.261528208851818,49.03659439086914,39.746245183033416,48.716681784885814,62.87351660500335
seq01,calibration,220,1788536193.917601,2.9150447489816442,10.162572637185574,0.31988076282595457,-32.75082015991211,-7.34565170109272,48.99887084960937,39.73149681523387,48.678990086783415,62.83498957625518
seq01,calibration,221,1788536194.0930562,2.949232162035874,10.08406786429311,0.3198890526018974,-32.69743728637695,-7.429399773478504,48.96070861816406,39.71657829501029,48.64081956556217,62.79598649175963
seq01,calibration,222,1788536194.2684093,2.9829541609535077,10.005541669713464,0.3198955520298341,-32.6445198059082,-7.512751223053783,48.922119140625,39.70147965927956,48.602223588595166,62.7565424867558
seq01,calibration,223,1788536194.4553602,3.016207348090299,9.926993277147924,0.3198873227346166,-32.592071533203125,-7.595686078071594,48.88310623168945,39.68619176330482,48.56321890895484,62.71666483059245
seq01,calibration,224,1788536194.6270921,3.0489797214911114,9.848503837294109,0.319909088061608,-32.540096282958984,-7.678188964724541,48.84367752075195,39.67073595771646,48.523768432690346,62.67633839285934
seq01,calibration,225,1788536194.7965043,3.081273242449864,9.770030363286486,0.319914991388518,-32.48861312866211,-7.760236606001854,48.803855895996094,39.65510151882528,48.48394090460758,62.63560969695928
seq01,calibration,226,1788536194.968102,3.1130816858507346,9.691598332784245,0.31990980363913524,-32.43761444091797,-7.84181588888168,48.76363754272461,39.639281140888066,48.443727739085475,62.594467540071015
seq01,calibration,227,1788536195.149318,3.144398013563927,9.613249396564667,0.3199101611438495,-32.38711929321288,-7.922904878854752,48.723045349121094,39.62329401870939,48.40313518797724,62.55292898752777
seq01,calibration,228,1788536195.318259,3.1752174012088394,9.534999872608411,0.31991409747099775,-32.337127685546875,-8.003486454486843,48.682075500488274,39.607135167877644,48.362161403017275,62.510989528066375
seq01,calibration,229,1788536195.4932601,3.2055344842571274,9.45687545959756,0.3199246510975151,-32.28765487670899,-8.083539962768555,48.640750885009766,39.590815402092666,48.32082623391225,62.4686714452174
seq01,calibration,230,1788536195.6731322,3.235347311975898,9.378862278742863,0.3199194043184119,-32.238704681396484,-8.163050055503845,48.59907150268555,39.5743231549307,48.279152098367135,62.42598481808799
seq01,calibration,231,1788536195.8423042,3.264649353696911,9.300997327684716,0.31990908831544895,-32.190248536227,-8.24237045427768,48.55693838303986,39.55779995801242,48.237029294724415,62.38293462717371
seq01,calibration,232,1788536196.013185,3.293435321021053,9.223315435487383,0.319906523865642,-32.14238739013672,-8.320360302925106,48.51470565795898,39.54084078052929,48.19479913409334,62.33952801559193
seq01,calibration,233,1788536196.18433,3.321700828013028,9.145825274134644,0.31990533154949663,-32.095039367675774,-8.398124992847439,48.47203826904296,39.52386212225799,48.15213293749346,62.295775005126174
seq01,calibration,234,1788536196.349628,3.3494397861372915,9.068584591680365,0.3199329389529588,-32.04824447631836,-8.475271642208096,48.42906188964844,39.50674553414704,48.10912895069548,62.25167653239946
seq01,calibration,235,1788536196.5211842,3.376652928533435,8.991518363795716,0.31991844984720363,-32.00200271606445,-8.551783084869385,48.385791778564446,39.48945050184635,48.065873328717245,62.20727352802134
seq01,calibration,236,1788536196.6862123,3.403332855801627,8.914699154967064,0.31990318522337313,-31.956323623657223,-8.627641558647156,48.34222412109375,39.47200304086256,48.022320935870376,62.16254766437423
seq01,calibration,237,1788536196.844074,3.4294734811882948,8.838186300206589,0.3199173174788441,-31.911212921142578,-8.702827930450436,48.29838943481445,39.45442048272927,47.978472117335606,62.117510271596984
seq01,calibration,238,1788536196.9992461,3.4550732210915527,8.76194630432224,0.3199191055589048,-31.866676330566403,-8.77732515335083,48.254280090332024,39.436683869919825,47.93436098477312,62.072175712427985
seq01,calibration,239,1788536197.160767,3.4801282294905143,8.685991782426429,0.3199078957790986,-31.82272338867187,-8.85111665725708,48.20991897583008,39.4187963387926,47.89001108005098,62.0265641966941
seq01,calibration,240,1788536197.3228211,3.5046330719296095,8.610379086796325,0.31990956580038143,-31.779356002807617,-8.924184918403625,48.16531753540039,39.40077181831125,47.84540796960001,61.98067346888136
seq01,calibration,241,1788536197.485307,3.528583345636462,8.535133438524005,0.3199284074480866,-31.736583709716797,-8.996512055397034,48.12047576904297,39.382618008031095,47.80054736159488,61.93450515855091
seq01,calibration,242,1788536197.6479762,3.5519781223882028,8.460209616287951,0.3199185696192324,-31.694410324096676,-9.068078994750977,48.07542037963867,39.364308709189594,47.75550181001944,61.88809864003862
seq01,calibration,243,1788536197.80337,3.574811561190252,8.38567130322794,0.3199124279673389,-31.652841567993164,-9.138872027397156,48.03014373779297,39.345865906560284,47.71023130982563,61.84143704324867
seq01,calibration,244,1788536197.966726,3.5970803572749364,8.311540731580079,0.31991248699265107,-31.611885070800778,-9.208873629570004,47.98467254638672,39.327295430805115,47.66476005939407,61.79454278026041
seq01,calibration,245,1788536198.1386273,3.6187812043266647,8.23779761212763,0.31989280917598606,-31.571542739868164,-9.278064846992496,47.93901443481445,39.308578414694495,47.61912162563847,61.74742975526621
seq01,calibration,246,1788536198.3117142,3.63991019166366,8.164509255459421,0.3198878000539509,-31.531824111938473,-9.346429705619812,47.8931770324707,39.28974264641887,47.573289232416755,61.700095021101916
seq01,calibration,247,1788536198.47937,3.660464583506732,8.091716878940899,0.3199135009307503,-31.49273289420918,-9.414355970469975,47.84702114949209,39.27098011911815,47.52710764856134,61.65254123679016
seq01,calibration,248,1788536198.6544762,3.6804411260250465,8.019355922934347,0.3199098034402461,-31.454273223876953,-9.48061728477478,47.8010139465332,39.251716073564815,47.481104143092956,61.60480878443651
seq01,calibration,249,1788536198.830773,3.6998366706735015,7.947505721969957,0.3199235776808025,-31.41645050048828,-9.54640793800354,47.75471496582031,39.232520181988164,47.43479138813951,61.55688486161741
seq01,calibration,250,1788536199.003088,3.7186473734608914,7.876111265624255,0.3199002035157297,-31.379270553588867,-9.611305236816403,47.70828628540038,39.21318118622557,47.388386081884654,61.508801924517385
seq01,calibration,251,1788536199.1721423,3.7368715407859354,7.805290309321177,0.31991135374148194,-31.34273910522461,-9.675296783447266,47.66172790527344,39.19374960607315,47.341816551531956,61.46053695325533
seq01,calibration,252,1788536199.346459,3.754504050957679,7.734959060135547,0.3198868456253836,-31.306859970092773,-9.738365173339844,47.61506271362305,39.17417908246157,47.29517586799766,61.41213208454497
seq01,calibration,253,1788536199.5137691,3.7715460288742944,7.665262278135806,0.31991666091917836,-31.271635055541992,-9.800497293472286,47.56830596923828,39.154531001257205,47.248389308319105,61.36356891640915
seq01,calibration,254,1788536199.689286,3.787990693444008,7.596079458832491,0.3199004414196782,-31.23707389831543,-9.861673355102539,47.52145767211914,39.13474521405981,47.201557230699464,61.31488634884985
seq01,calibration,255,1788536199.853249,3.8038374176973657,7.527511324715004,0.31990235072457573,-31.20318134789231,-9.922013479607386,47.474483589659485,39.114923990096294,47.15458123893491,61.26607389551189
seq01,calibration,256,1788536200.0253081,3.8190852739616004,7.459581644400888,0.31992274312392377,-31.169950485229492,-9.981104135513306,47.42755889892578,39.09488641538243,47.107636155801856,61.21715060356096
seq01,calibration,257,1788536200.199264,3.8337270262162644,7.392211015036114,0.31989429977745587,-31.137397766113278,-10.039328098297116,47.38051986694335,39.074776072299535,47.0606255671659,61.168133892357226
seq01,calibration,258,1788536200.3712971,3.847765671556637,7.325542228646001,0.3199077763325737,-31.10552406311035,-10.096538782119747,47.33344268798828,39.05459473635927,47.01353491165571,61.11901369386397
seq01,calibration,259,1788536200.5430832,3.861196119110694,7.259512165480868,0.31990783644115983,-31.074331283569336,-10.152721881866459,47.28634262084961,39.03430503317574,46.96643478440845,61.06982041713485
seq01,calibration,260,1788536200.7116952,3.87401781387853,7.194179983735069,0.3199216696513896,-31.04382514953613,-10.207861185073853,47.23922348022461,39.013930769131775,46.91930181057322,61.020551263080755
seq01,calibration,261,1788536200.8843462,3.8862260170996126,7.129513661061054,0.31991672044500663,-31.014009475708004,-10.261943817138675,47.19209671020508,38.9934511254064,46.87217998976007,60.97122671934625
seq01,calibration,262,1788536201.0525672,3.8978212223103585,7.06555891127012,0.31991517040822104,-30.984884262084957,-10.314955234527591,47.14498519897461,38.972880492508345,46.82507002856639,60.921856480769556
seq01,calibration,263,1788536201.220979,3.908798846823034,7.00229961062418,0.3198919142480632,-30.956457138061523,-10.366882801055908,47.09788513183594,38.9522088275074,46.77799321758788,60.8724504353689
seq01,calibration,264,1788536201.393089,3.9191642653061516,6.939853285175302,0.3199220870152666,-30.928730010986328,-10.41771149635315,47.05081939697265,38.93148842051399,46.730897309957385,60.823001849879105
seq01,calibration,265,1788536201.570235,3.928905664614272,6.878094580393196,0.3199037812435208,-30.901704788208015,-10.46742844581604,47.003791809082024,38.91064884538689,46.683888027838506,60.773546835484034
seq01,calibration,266,1788536201.741308,3.938029312463264,6.817134665853369,0.31990694220866356,-30.875385284423828,-10.5160219669342,46.95682144165038,38.88974356757189,46.63691449944172,60.72408046878715
seq01,calibration,267,1788536201.920615,3.946533001855958,6.756984758274638,0.31992661866088334,-30.849775314331055,-10.563477039337158,46.909912109375,38.86877241845535,46.58998549071411,60.674609329954706
seq01,calibration,268,1788536202.095746,3.954405757514785,6.697550893887178,0.3198850565203313,-30.824878692626953,-10.609781742095947,46.86307907104492,38.84768191071942,46.54319401452459,60.625170506235406
seq01,calibration,269,1788536202.275795,3.9616606245200265,6.6390005624531145,0.31989465801264383,-30.800695419311523,-10.654922485351562,46.81633758544922,38.8265524107086,46.496442927436576,60.575740829195546
seq01,calibration,270,1788536202.447729,3.9682917444092354,6.5812985050677835,0.31991719807683605,-30.7772274017334,-10.69888877868652,46.769691467285156,38.805360110384086,46.44977426920832,60.526337266986474
seq01,calibration,271,1788536202.6229641,3.9742935686086365,6.5244117572512375,0.3199188074526427,-30.75448226928711,-10.741668701171875,46.72315979003906,38.784087015109066,46.40324098258642,60.47698884107524
seq01,calibration,272,1788536202.7919362,3.979666964457411,6.468376664684791,0.3199173766051209,-30.73245620727539,-10.783249139785767,46.67675018310547,38.762740976187736,46.35683280650035,60.427692623803296
seq01,calibration,273,1788536202.9610052,3.98440901350412,6.41318697626986,0.3198956711537737,-30.711154937744137,-10.823617935180664,46.63047409057617,38.7413164651198,46.3105784194224,60.378466981135205
seq01,calibration,274,1788536203.1409812,3.9885282176546135,6.358933669445214,0.31991391881844855,-30.690580368041992,-10.86276626586914,46.58434295654297,38.71985951628108,46.26442903772452,60.32930395046167
seq01,calibration,275,1788536203.3136442,3.9920113072200625,6.305531842817267,0.319894776715137,-30.670734405517578,-10.90067911148071,46.53837203979492,38.698315670707366,46.218477263079784,60.28023951733717
seq01,calibration,276,1788536203.488584,3.994866683535527,6.253063144392821,0.3198932264812242,-30.6516170501709,-10.937349319458008,46.49256896972656,38.67672576352995,46.172675743245335,60.23126348565318
seq01,calibration,277,1788536203.6582222,3.9970931253752053,6.201530765475174,0.3199006808941445,-30.633232116699215,-10.972764968872077,46.446937561035156,38.65508841462757,46.12703688014101,60.18238439680306
seq01,calibration,278,1788536203.827893,3.9986906047699544,6.150951084822592,0.31991868837751336,-30.61557960510254,-11.006914615631104,46.40150451660156,38.63340597924123,46.08158582822405,60.13362295755056
seq01,calibration,279,1788536203.99552,3.99965295204859,6.101295030361632,0.31991779395347963,-30.598663330078125,-11.03978943824768,46.35626983642578,38.61165971980581,46.0363520424723,60.08498960386461
seq01,calibration,280,1788536204.163774,3.999984659526519,6.052606011211609,0.31992077515315587,-30.582483291625977,-11.07137680053711,46.311248779296875,38.58986754226496,45.99132800414372,60.0364899749668
seq01,calibration,281,1788536204.3418021,3.999685707678185,6.004898443435587,0.3199295999987126,-30.567039489746094,-11.101673364639282,46.26646041870117,38.568034561007494,45.946530818702456,59.988140362683716
seq01,calibration,282,1788536204.515902,3.9987542253229593,5.958169240044458,0.31993293888226515,-30.552333831787106,-11.130661487579342,46.221893310546875,38.54615183864082,45.90196037166461,59.939934830873995
seq01,calibration,283,1788536204.689387,3.997188966442803,5.912422041853447,0.3199244125400813,-30.538368225097656,-11.158337116241455,46.17757797241211,38.52422002797517,45.85765355987203,59.89190194659948
seq01,calibration,284,1788536204.8650591,3.994993397879503,5.867693234390949,0.31992381668666914,-30.52514266967773,-11.184690475463867,46.13352584838867,38.502254275701674,45.813602031702004,59.84404494542425
seq01,calibration,285,1788536205.032134,3.9921590631359116,5.823931503687635,0.31988356586985645,-30.512659072875973,-11.209712982177741,46.089736938476555,38.48022244049671,45.7698533726067,59.79637946247267
seq01,calibration,286,1788536205.1918092,3.988707684751981,5.781285271844688,0.3199070017706942,-30.500917434692383,-11.233394622802734,46.04622268676758,38.458205532722495,45.726315684996884,59.74888717726146
seq01,calibration,287,1788536205.353836,3.984623429065443,5.739656919060214,0.3199137399462544,-30.48991584777832,-11.255729675292969,46.00300216674805,38.43614215607705,45.683088426801795,59.70160460199672
seq01,calibration,288,1788536205.517249,3.9799065731975882,5.699063565675502,0.31990706093280696,-30.479658126831055,-11.276710987091064,45.96008300781249,38.41404067501644,45.64017594687969,59.65454032547692
seq01,calibration,289,1788536205.6763332,3.974564340588426,5.659546923418732,0.31991427668023875,-30.470144271850586,-11.296326160430912,45.91747283935547,38.391920809350594,45.59755856267523,59.60769187200629
seq01,calibration,290,1788536205.83821,3.968595788989356,5.621106866231848,0.31992375689668173,-30.46137237548828,-11.314571857452393,45.87518310546875,38.36977875410275,45.555259348572065,59.561074335126435
seq01,calibration,291,1788536206.0125682,3.961993181291333,5.5837121896338315,0.3199077770443919,-30.453344345092773,-11.331439971923828,45.833232879638665,38.347592228242846,45.51332510259427,59.514709035649574
seq01,calibration,292,1788536206.1962461,3.954773355248437,5.547447563881046,0.3199217297297898,-30.44605827331543,-11.346923828124996,45.791614532470696,38.32540934507852,45.471692802740904,59.46857865978193
seq01,calibration,293,1788536206.3671472,3.9469241827531314,5.512258375835301,0.3199177342637676,-30.439516067504883,-11.361017227172852,45.75035095214844,38.30319441847683,45.43043321788467,59.42271421791766
seq01,calibration,294,1788536206.5459862,3.9384519167282637,5.478175700205161,0.31991463370241013,-30.4337158203125,-11.37371444702148,45.709453582763665,38.28096284679188,45.389538949061254,59.377119856774875
seq01,calibration,295,1788536206.719186,3.929357156428852,5.44520762645291,0.3199100424259702,-30.42865753173828,-11.385008335113525,45.66892623901367,38.25871590402995,45.349016196587705,59.33180102292234
seq01,calibration,296,1788536206.8935032,3.919643583643366,5.413371082866676,0.31991063852647805,-30.42433929443359,-11.394894123077393,45.6287841796875,38.2364608608458,45.30887354116102,59.28676885049408
seq01,calibration,297,1788536207.061448,3.909310455818203,5.382664204988847,0.3199106984505282,-30.420763015747077,-11.403364181518555,45.58903121948242,38.2141949222498,45.269120521031894,59.242028715291426
seq01,calibration,298,1788536207.231985,3.8983607024270563,5.353097200765087,0.31991141414929736,-30.417926788330078,-11.410417556762695,45.5496826171875,38.19192341548336,45.229771203038204,59.19759469145119
seq01,calibration,299,1788536207.404941,3.8867913604832838,5.324660218163279,0.3198979370788013,-30.41600983246496,-11.416862200812517,45.510303915724926,38.17015512921058,45.190405978646126,59.15347441277525
seq01,calibration,300,1788536207.571443,3.874619107711995,5.29742506920235,0.3199231603714192,-30.414470672607422,-11.420246601104733,45.47223663330078,38.14737506092645,45.152313472929364,59.109674639577165
seq01,calibration,301,1788536207.745617,3.8618211264514755,5.271289933766128,0.31990175378195906,-30.413848876953125,-11.423014163970954,45.434150695800774,38.125074996516545,45.11424894201882,59.066206929956635
seq01,calibration,302,1788536207.9028623,3.848426600178577,5.246377382902426,0.31992310096982424,-30.41396141052246,-11.42434549331665,45.396507263183594,38.10281135836993,45.07658416221377,59.0230689912399
seq01,calibration,303,1788536208.064678,3.834417454191472,5.222609043167988,0.3199223258803141,-30.414810180664062,-11.42423677444458,45.35931396484375,38.08053399388613,45.03939163896344,58.980283726576346
seq01,calibration,304,1788536208.226246,3.8197983853435673,5.200000999136113,0.31990753803847083,-30.41638946533203,-11.4226861000061,45.32257843017578,38.05824857954891,45.00267089213731,58.93785432443871
seq01,calibration,305,1788536208.382364,3.804587401240177,5.178623599924534,0.31992822871449267,-30.418701171874996,-11.419689178466797,45.286312103271484,38.03600225901803,44.96638387455699,58.89578207819337
seq01,calibration,306,1788536208.5431802,3.7887637143649218,5.158386376798374,0.3199112948108187,-30.421743392944332,-11.415241241455075,45.250526428222656,38.01373342580008,44.930615133411834,58.85409166094204
seq01,calibration,307,1788536208.70632,3.7723430828530957,5.139350748591464,0.31990032332324914,-30.425512313842773,-11.40934419631958,45.21522521972656,37.991480862333404,44.89532489640332,58.812777656446876
seq01,calibration,308,1788536208.867604,3.7553347793961085,5.121544183626038,0.31991111606310696,-30.43000602722168,-11.40199089050293,45.18041229248047,37.969260427490255,44.86050117641736,58.77184107385033
seq01,calibration,309,1788536209.034346,3.73773110017429,5.104935774678227,0.3199176752364703,-30.435224533081055,-11.393182754516602,45.14611053466797,37.94705274083614,44.8261928594315,58.73130662591075
seq01,calibration,310,1788536209.194698,3.7195363495978895,5.089527988175964,0.3199192255277137,-30.441164016723633,-11.382917881011963,45.11231994628906,37.924858897969884,44.79240072076135,58.69117552716241
seq01,calibration,311,1788536209.367818,3.7007531137743794,5.075329188748174,0.3199188677997502,-30.44782257080078,-11.37119722366333,45.07904815673828,37.90268397250131,44.75912928893853,58.65145443229198
seq01,calibration,312,1788536209.538256,3.6813800631512765,5.062323641536892,0.31990079967686325,-30.455198287963867,-11.358013153076172,45.04629898071289,37.88051533401237,44.726398181036025,58.61215007333317
seq01,calibration,313,1788536209.7045362,3.661435935881793,5.050576751014305,0.319914037385018,-30.463289260864258,-11.34337234497071,45.01408767700195,37.85839981714999,44.694173639616935,58.57326688894356
seq01,calibration,314,1788536209.880074,3.640906764392843,5.040025034040954,0.31990741830966285,-30.472091674804688,-11.327268600463867,44.982425689697266,37.83629161837607,44.662518271387604,58.5348229840394
seq01,calibration,315,1788536210.0570161,3.6198046259483827,5.030703013526053,0.3199057485554444,-30.48160362243652,-11.309705734252933,44.95131301879883,37.81421693711911,44.631407270243386,58.49681630217015
seq01,calibration,316,1788536210.238483,3.5981342031324925,5.022621090891965,0.3199152898331279,-30.491821289062507,-11.290683746337887,44.92076110839844,37.79218146882001,44.60084581856531,58.459254424801365
seq01,calibration,317,1788536210.4073741,3.5758867024635768,5.015732885057931,0.31989817567208445,-30.502786902585846,-11.270365048761226,44.89067962201818,37.770265826301,44.570781446346096,58.422149389828085
seq01,calibration,318,1788536210.582727,3.553088717058519,5.010128139150813,0.3199221469744735,-30.514364242553707,-11.248258590698242,44.86136627197265,37.748198502878566,44.54144412499818,58.38550106792832
seq01,calibration,319,1788536210.7605383,3.529720154490375,5.005718331076096,0.31991850991111814,-30.526681900024414,-11.224861145019531,44.83253860473632,37.72625386953515,44.5126200948252,58.349323721315336
seq01,calibration,320,1788536210.92928,3.5057926472620595,5.002535414141969,0.3199099828391341,-30.539695739746094,-11.20000696182251,44.80430221557617,37.704345359054194,44.48439223273704,58.31362457668728
seq01,calibration,321,1788536211.10629,3.481315005039355,5.000598307206117,0.3199124277016483,-30.55340003967285,-11.173698902130123,44.77665328979492,37.6824855654547,44.45674086209328,58.278396739014845
seq01,calibration,322,1788536211.273667,3.4562865907614926,4.9998914706065465,0.3199109963659661,-30.567790985107422,-11.145935535430908,44.74961471557617,37.66066362396757,44.4297037192102,58.24366194852823
seq01,calibration,323,1788536211.444466,3.430710154859104,5.000409514231558,0.31990485504261756,-30.58286666870117,-11.116726398468018,44.72318267822265,37.6388825333679,44.403277823180034,58.20941985454913
seq01,calibration,324,1788536211.6231341,3.4045945483784084,5.002171768663886,0.3199039002989461,-30.598621368408203,-11.086067199707028,44.69736862182617,37.61715201589587,44.377464721527225,58.17567791523716
seq01,calibration,325,1788536211.7958071,3.3779460574704943,5.005181183308642,0.31991564704842035,-30.615055084228523,-11.053965091705322,44.672176361083984,37.59548251721004,44.352260714035566,58.14244006014564
seq01,calibration,326,1788536211.9644911,3.3507560431214456,5.009396805946748,0.31990837317713905,-30.632160186767578,-11.020422458648685,44.64761734008789,37.5738433107827,44.32770896691075,58.109719353980616
seq01,calibration,327,1788536212.129074,3.3230411166887497,5.014857048437025,0.31990980437323313,-30.649932861328125,-10.9854416847229,44.62368392944336,37.55226385268098,44.30377412507013,58.07750788546805
seq01,calibration,328,1788536212.2882931,3.294799039033801,5.021539599597916,0.31990586896746986,-30.668371200561523,-10.949028015136715,44.60039520263671,37.53073357477234,44.280489333669244,58.04582412447721
seq01,calibration,329,1788536212.444765,3.2660385926359483,5.029456487393235,0.319905212191264,-30.687471389770508,-10.911184787750248,44.57775115966797,37.50926398089121,44.2578459474767,58.014668940697774
seq01,calibration,330,1788536212.611612,3.2367524613550507,5.038566601317726,0.31987992738981386,-30.70722770690918,-10.871915817260742,44.55576705932617,37.487827897271,44.23588713193636,57.9840577297314
seq01,calibration,331,1788536212.771084,3.206979159362949,5.048982414812081,0.3199179131752259,-30.727636337280273,-10.831228733062744,44.534427642822266,37.466508177385656,44.21450972964704,57.95396540047246
seq01,calibration,332,1788536212.932754,3.1766866390482287,5.060575999772816,0.31992172932978913,-30.748691558837887,-10.789123535156246,44.51375961303711,37.44521680024216,44.19383788370732,57.92442980391384
seq01,calibration,333,1788536213.095387,3.145891586841175,5.0733846289881175,0.31992381652032975,-30.7703914642334,-10.745611667633053,44.493755340576165,37.42398829404908,44.173831524055835,57.895442751124996
seq01,calibration,334,1788536213.256844,3.1145966134288394,5.087398432024847,0.3199168998860058,-30.792728424072266,-10.700695514678959,44.47442626953125,37.40281542435936,44.15450936964525,57.86701391417035
seq01,calibration,335,1788536213.4163682,3.08281605691737,5.102645830480244,0.31992679777745714,-30.815702438354492,-10.654381275177002,44.45576858520508,37.38172627611927,44.13584178742762,57.83913890842038
seq01,calibration,336,1788536213.5712032,3.05053972088178,5.11907072924399,0.3199124277374401,-30.839303970336914,-10.606674671173096,44.43780517578125,37.36068219149611,44.11789274804381,57.81184164461353
seq01,calibration,337,1788536213.7316942,3.0177817145825747,5.136702163885374,0.3199008003551773,-30.863529205322266,-10.557583332061768,44.4205207824707,37.339708446633054,44.100619982115525,57.78510629640242
seq01,calibration,338,1788536213.899195,2.9845597087326188,5.155572841532877,0.3199183307835034,-30.888376235961914,-10.507114887237549,44.40393066406249,37.31883675039128,44.08401233327899,57.7589449332573
seq01,calibration,339,1788536214.075402,2.9508539292621347,5.175598251506115,0.3199052125945119,-30.913837432861328,-10.455272674560543,44.38802719116211,37.29800861921767,44.068121978567596,57.73335969504242
seq01,calibration,340,1788536214.25093,2.916687690357185,5.196832308685722,0.319905987730841,-30.93990707397461,-10.40206956863403,44.37282943725586,37.27726852673663,44.05292344952502,57.70835999458085
seq01,calibration,341,1788536214.4267612,2.882055794335598,5.219234415997158,0.31989388256723816,-30.966581344604492,-10.347509860992428,44.35832977294922,37.256593558037785,44.03843589038198,57.68394576673918
seq01,calibration,342,1788536214.5967712,2.8469795356489143,5.242851625117342,0.31990879009831197,-30.99385643005371,-10.291601657867435,44.344539642333984,37.23602311819602,44.024630852235674,57.66012087512868
seq01,calibration,343,1788536214.766977,2.811449999752924,5.267629994160481,0.3199147532475868,-31.021724700927734,-10.234354496002204,44.331459045410156,37.215524092239015,44.01154429216257,57.636891523060214
seq01,calibration,344,1788536214.937036,2.7754731932634167,5.293565839278759,0.3199112346332471,-31.050180435180664,-10.175773620605465,44.319091796875,37.195097885562866,43.999180562241754,57.61426209598936
seq01,calibration,345,1788536215.118314,2.7390432565506053,5.320613673253043,0.31987283118258936,-31.07921981811523,-10.115873336792,44.30744171142578,37.1747232484466,43.987568880243195,57.592241357605936
seq01,calibration,346,1788536215.2918322,2.7022112976214916,5.34891637284157,0.3199095654786981,-31.108835220336914,-10.05465936660767,44.29650115966797,37.15450191027322,43.97659159418927,57.570805278740146
seq01,calibration,347,1788536215.45824,2.664942674312732,5.378333418548648,0.3199198807091337,-31.139022827148434,-9.992141723632812,44.28628921508789,37.134345150014354,43.966369334378754,57.54998889806492
seq01,calibration,348,1788536215.634385,2.627250224443253,5.408881240032226,0.3199247702537198,-31.169776916503906,-9.928329944610596,44.27680206298828,37.114270712062385,43.95687729273456,57.529784910225196
seq01,calibration,349,1788536215.8042822,2.5891321465940393,5.4405272770396,0.3199030663844,-31.201091766357422,-9.863233566284187,44.268035888671875,37.094262737477976,43.94813282228748,57.51019654463431
seq01,calibration,350,1788536215.984916,2.550622223033789,5.473353307895001,0.3199232203653042,-31.232959747314453,-9.796865940093994,44.26000213623047,37.074384777483395,43.940078915865165,57.49122143215737
seq01,calibration,351,1788536216.153361,2.5116969051385425,5.507255190840223,0.31991141424419967,-31.2653751373291,-9.729232788085938,44.25270080566406,37.05457005139866,43.93278939141986,57.47287312641386
seq01,calibration,352,1788536216.337298,2.472380657740426,5.542283332302214,0.31991266580634514,-31.2983341217041,-9.660349369049072,44.24612808227539,37.03486489467443,43.92621541646905,57.455144404838386
seq01,calibration,353,1788536216.513297,2.432675162987731,5.578415227378272,0.3199185694203117,-31.331829071044922,-9.590221881866455,44.24028778076172,37.01525763684436,43.92036921134141,57.43803730614854
seq01,calibration,354,1788536216.690929,2.3925850564262165,5.615638013884288,0.3199224448128106,-31.36585235595703,-9.518867969512943,44.23518371582031,36.995747970371994,43.9152612710075,57.42155989163073
seq01,calibration,355,1788536216.880765,2.3521098175225053,5.653917121709879,0.31990920805562895,-31.400400161743164,-9.44629287719727,44.23081588745117,36.97632042147412,43.910906679395545,57.40571397794917
seq01,calibration,356,1788536217.0567691,2.3112637425800457,5.693270823326408,0.3198952533589725,-31.435466766357422,-9.37251091003418,44.22718811035156,36.956996621480386,43.90729285699259,57.39050413883663
seq01,calibration,357,1788536217.2268262,2.2700613245046353,5.733714989316431,0.31990431787865226,-31.47104263305664,-9.297537326812744,44.22429656982422,36.93779422848766,43.904392251945566,57.375920920528976
seq01,calibration,358,1788536217.408878,2.2285079631689704,5.7752373974145526,0.3199331774618588,-31.507123947143555,-9.221380233764645,44.22214889526367,36.918713422380954,43.902215717801816,57.361972993406496
seq01,calibration,359,1788536217.5732942,2.1865867355437656,5.817749373702527,0.3199207751577362,-31.54370307922363,-9.1440544128418,44.22073745727538,36.89970221472327,43.90081668211765,57.3486680655458
seq01,calibration,360,1788536217.7452161,2.1443231091901582,5.86130259508471,0.31991576682205136,-31.580774307250984,-9.065570831298825,44.22005844116211,36.88080457413748,43.90014267434006,57.33599456591935
seq01,calibration,361,1788536217.9134212,2.1017218133722335,5.90588000488979,0.319912486852578,-31.618328094482422,-8.985944747924808,44.22012710571289,36.86201581922441,43.90021461886031,57.323965789526
seq01,calibration,362,1788536218.093151,2.058789895597175,5.951472277296863,0.31991409745843113,-31.656362533569336,-8.905189514160156,44.2209358215332,36.84334272168679,43.90102172407477,57.3125781249226
seq01,calibration,363,1788536218.263703,2.015538501013474,5.998081272853151,0.31992894410698924,-31.69486618041992,-8.823317050933838,44.22248458862305,36.82479099816267,43.902555644516056,57.301829152115126
seq01,calibration,364,1788536218.422086,1.971958576680377,6.045644252079854,0.31991815206446694,-31.73383522033692,-8.740343570709229,44.22477340698242,36.806330588401735,43.904855254917955,57.29172965043047
seq01,calibration,365,1788536218.578418,1.9280724575068773,6.094199375965222,0.3199196424700852,-31.77326202392578,-8.656279087066654,44.22779846191406,36.78799479066193,43.90787881944398,57.28226936095275
seq01,calibration,366,1788536218.7358441,1.8838822206797585,6.143720284700387,0.31992286228577393,-31.81314086914062,-8.571142673492428,44.2315673828125,36.7697777664522,43.91164452052673,57.2734587875692
seq01,calibration,367,1788536218.893599,1.839393562782986,6.194189402248293,0.3199231603531989,-31.85346221923828,-8.484945535659794,44.23606872558594,36.75167388396613,43.91614556523274,57.265289439416165
seq01,calibration,368,1788536219.058311,1.7946086990083359,6.2455764261562114,0.31990861160019923,-31.89422035217285,-8.397705316543579,44.24130630493164,36.73367532708638,43.92139769333144,57.257768716319845
seq01,calibration,369,1788536219.222685,1.749546277791648,6.297910793960207,0.3199098044233568,-31.9354076385498,-8.309435367584229,44.24728012084961,36.715809704121114,43.927370316426256,57.250891217042906
seq01,calibration,370,1788536219.395339,1.7042074598611732,6.351158361657262,0.31991016191723776,-31.977016448974606,-8.220149993896488,44.253990173339844,36.69806358910183,43.93408001142261,57.244661389861015
seq01,calibration,371,1788536219.5607362,1.6586030159117615,6.405318469499861,0.31992035827731113,-32.01903915405273,-8.129865646362301,44.26142501831055,36.6804465541272,43.94150466003324,57.23906874852092
seq01,calibration,372,1788536219.7331243,1.612734115552943,6.460356583868205,0.31992339921363455,-32.06147384643555,-8.038599252700806,44.26959991455078,36.662951357167465,43.949676515337146,57.23413376666764
seq01,calibration,373,1788536219.904704,1.5666044122569946,6.5162453652954655,0.31990902865400206,-32.10430908203125,-7.946365594863888,44.27849197387695,36.64556632561112,43.95858294522295,57.22983964573734
seq01,calibration,374,1788536220.0849102,1.5202304320843814,6.573004896718189,0.3199029456147653,-32.14753341674805,-7.853181838989254,44.28811264038085,36.628311267573466,43.96820969476609,57.22618849859889
seq01,calibration,375,1788536220.2514393,1.4736200302199756,6.630623698585598,0.3199081940327928,-32.19114685058594,-7.759061813354492,44.2984619140625,36.61119471243113,43.97855372002971,57.22318381195758
seq01,calibration,376,1788536220.420053,1.4267707207507614,6.689050234618178,0.3198955523939162,-32.23522842706512,-7.664366310468868,44.30935008130197,36.594408768886204,43.989454528908055,57.22082543004081
seq01,calibration,377,1788536220.5968232,1.3797062238042896,6.748331954428329,0.3199108770022552,-32.279502868652344,-7.568084955215454,44.321311950683594,36.57734476230402,44.001401073681336,57.219100362618555
seq01,calibration,378,1788536220.763519,1.3324209569849195,6.808404793191838,0.3199191656217635,-32.32422637939453,-7.47126221656799,44.33381271362304,36.56061815444374,44.01389354800128,57.218018360389145
seq01,calibration,379,1788536220.930186,1.28491973576127,6.869244617568621,0.3199114139392263,-32.36930847167968,-7.3735716342926025,44.347026824951165,36.54401306675002,44.02711541101194,57.217582808410924
seq01,calibration,380,1788536221.0932682,1.2372218043592704,6.930879582170228,0.3199199404629518,-32.41473770141601,-7.2750303745269775,44.36094665527344,36.5275547535847,44.041026714810485,57.21777949528257
seq01,calibration,381,1788536221.263442,1.1893221909020262,6.99324826540256,0.31991177139901006,-32.46051025390625,-7.175657272338867,44.37557601928711,36.51121892927038,44.055664247888096,57.21862161939727
seq01,calibration,382,1788536221.431476,1.1412402053568715,7.056380133297769,0.3199192845932175,-32.5066146850586,-7.07547044754028,44.39090347290039,36.49503171070809,44.07098418830717,57.22009251033775
seq01,calibration,383,1788536221.60164,1.0929672718548606,7.120195072302711,0.31989441913597183,-32.55315593213065,-6.9749421009473895,44.40669528413459,36.479233799389334,44.08680086499862,57.22220293820007
seq01,calibration,384,1788536221.7775042,1.0445295885370334,7.184751348898731,0.3198940020673755,-32.599788665771484,-6.872720956802365,44.42365264892578,36.46303166801618,44.1037586468584,57.224943907382624
seq01,calibration,385,1788536221.9315312,0.9959385391961826,7.250050097205329,0.31992709558847787,-32.64689681466905,-6.770404718707274,44.44095411376252,36.447407642963185,44.12102701817405,57.22830199325134
seq01,calibration,386,1788536222.0954392,0.94717401678191,7.315961360824814,0.31991242796547303,-32.69420623779297,-6.66693115234375,44.45915603637695,36.43163115299294,44.13924360841148,57.23230359500148
seq01,calibration,387,1788536222.253147,0.898266420799593,7.38256090116647,0.3199167807133563,-32.74185562133789,-6.562942743301392,44.47793197631836,36.4161349254389,44.158015195605,57.236921553513454
seq01,calibration,388,1788536222.422364,0.8492106523817615,7.449779792591241,0.31990002425095465,-32.789794921875,-6.4582483768463135,44.49738693237305,36.400768447750465,44.17748690812209,57.24217233040728
seq01,calibration,389,1788536222.587841,0.8000287282576182,7.517661424179209,0.3199102212776932,-32.8380126953125,-6.352867364883419,44.51751327514648,36.385565815334445,44.19760305386878,57.24803503535633
seq01,calibration,390,1788536222.7496672,0.7507164163051078,7.586138396552878,0.3199068820852251,-32.88650131225585,-6.246818542480469,44.53831100463867,36.37049785465916,44.218404122553444,57.2545227675615
seq01,calibration,391,1788536222.9106991,0.7012861889790055,7.655213636419145,0.31990515251557494,-32.93524932861328,-6.140125274658203,44.55976104736328,36.35557587630448,44.23985589484771,57.2616166982266
seq01,calibration,392,1788536223.0693383,0.651751737728865,7.724896120071487,0.3199264397922761,-32.9842529296875,-6.032801151275638,44.58187484741211,36.340817880126025,44.26194840761983,57.269320940930385
seq01,calibration,393,1788536223.229202,0.60210594993149,7.795103085446911,0.31991916563267897,-33.033504486083984,-5.924868822097778,44.60463333129882,36.326187778890436,44.284714165666145,57.277638108444734
seq01,calibration,394,1788536223.390108,0.5523680532120363,7.865866882275473,0.3199207752471336,-33.08299636840821,-5.8163483142852765,44.6280403137207,36.31171646259916,44.30811953847357,57.28656220699457
seq01,calibration,395,1788536223.586139,0.5025443544688232,7.937163975930639,0.31992858624261533,-33.13271713256835,-5.707256317138674,44.65208435058594,36.29739688235629,44.33215576434332,57.296082371740624
seq01,calibration,396,1788536223.7793722,0.45263910965367715,8.008960204426053,0.31992983874501957,-33.182655334472656,-5.597616672515871,44.67676544189453,36.28321880223978,44.35683560314951,57.3062023813831
seq01,calibration,397,1788536223.9673321,0.40266072469317105,8.081239265688271,0.31992262378015646,-33.23281478881836,-5.487446188926693,44.70207595825195,36.26919406309318,44.382153334471795,57.31692570777745
seq01,calibration,398,1788536224.137808,0.3526162429826848,8.153979083581778,0.3199069417544407,-33.28317642211914,-5.376767635345459,44.72800064086914,36.25531209328473,44.4080936991147,57.32823423908004
seq01,calibration,399,1788536224.308754,0.3025244200633055,8.227216171150822,0.3199219676999472,-33.33373641967773,-5.26559853553772,44.75455093383789,36.24160719377836,44.43462896613794,57.340128560602935
seq02,validation,0,1788536224.5840452,3.797803324893178,14.617988012402172,0.31991612485139154,-6.054717063903809,19.235585689544678,34.24636459350586,10.880917531146542,33.92644846865447,35.62861591496194
seq02,validation,1,1788536224.8384671,3.813282140083682,14.587321344299857,0.31992143143198915,-6.031139373779295,19.21941614151001,34.237457275390625,10.879748947147153,33.91753584395864,35.61977224631242
seq02,validation,2,1788536225.0543413,3.8281589012181945,14.55552175366235,0.3199250684749475,-6.008469104766844,19.202162742614746,34.228050231933594,10.87890265644204,33.90812516345865,35.61055286160437
seq02,validation,3,1788536225.255718,3.8424272864844853,14.522583499785945,0.3199193447041244,-5.986710071563721,19.18383026123047,34.2181510925293,10.878380512486954,33.89823174782517,35.600972995182566
seq02,validation,4,1788536225.464531,3.8560898461538198,14.488532262906778,0.3199145743298999,-5.965866565704346,19.164430618286133,34.207759857177734,10.878182439464835,33.887845282847834,35.59102290045221
seq02,validation,5,1788536225.653464,3.869151085758001,14.45339817353326,0.3199293019253735,-5.945942878723143,19.143969535827637,34.19687271118164,10.87830543956044,33.87694340925627,35.580680488016554
seq02,validation,6,1788536225.840151,3.8815901804858073,14.41713012114338,0.31991701933334205,-5.92694091796875,19.122453689575195,34.18550109863281,10.878756923150275,33.865584079299474,35.57000333462301
seq02,validation,7,1788536226.0254822,3.89342268761695,14.37979031023702,0.31991916579689916,-5.908865451812744,19.099887371063232,34.173641204833984,10.879529816679778,33.85372203903709,35.55894634165092
seq02,validation,8,1788536226.2151933,3.9046400235553653,14.341371431198995,0.3199216701049372,-5.891719341278076,19.076284408569336,34.16130065917969,10.880627633929485,33.84137898907475,35.54753141345289
seq02,validation,9,1788536226.406737,3.915235884760188,14.301863704248108,0.3199113547861956,-5.8755054473876935,19.051649570465088,34.14848327636719,10.88205318898706,33.828571921580995,35.53577577402134
seq02,validation,10,1788536226.5988312,3.9252245165958195,14.261331899352513,0.3199286461160622,-5.860227584838869,19.02598810195923,34.135189056396484,10.88379628431694,33.81526041028042,35.52363801996622
seq02,validation,11,1788536226.7848742,3.934587692007044,14.219730475313918,0.3199316867456765,-5.845888137817383,18.999313354492188,34.121421813964844,10.885867900939909,33.80149012721917,35.51116521289056
seq02,validation,12,1788536226.9611783,3.943327582826334,14.17708000858748,0.3199295402559301,-5.83248996734619,18.971632957458496,34.10718536376953,10.888266471472347,33.787255823513604,35.49835211439177
seq02,validation,13,1788536227.1475701,3.9514386382013296,14.133378678512566,0.31991260676988853,-5.8200364112854,18.94295358657837,34.09248352050781,10.890993317371832,33.77257091373792,35.48521215326878
seq02,validation,14,1788536227.3243651,3.9589286579834626,14.088668098209787,0.3199025882050821,-5.808529376983643,18.913285732269287,34.07732009887695,10.894042949232455,33.75741751067187,35.47172689297121
seq02,validation,15,1788536227.5055943,3.965801939627096,14.042976035960528,0.31991427604042766,-5.797971725463867,18.882641792297363,34.06169891357422,10.89741440967458,33.74178463753379,35.45788588370568
seq02,validation,16,1788536227.67816,3.972044115166209,13.996270339386689,0.31991362014393343,-5.788365364074707,18.851027250289917,34.045623779296875,10.901112689373438,33.72571015915294,35.44372699936634
seq02,validation,17,1788536227.857259,3.9776564991107084,13.948569637623104,0.3199071807793199,-5.779712200164795,18.818451166152954,34.02909469604492,10.90513594759449,33.709187515265604,35.42924375392249
seq02,validation,18,1788536228.045047,3.9826497637589666,13.899926139991015,0.3199219080929132,-5.772015094757081,18.784926414489746,34.01212310791015,10.9094781810965,33.692201199817234,35.414419886153524
seq02,validation,19,1788536228.221885,3.987007927236782,13.850298162256896,0.31992256440625977,-5.7652759552001935,18.750465869903564,33.99470901489257,10.914150653472912,33.67478645048631,35.39929274678464
seq02,validation,20,1788536228.394596,3.9907280343965654,13.799692654267007,0.3199006809498779,-5.759495735168455,18.715075492858887,33.97685623168945,10.91915069987196,33.656955550739575,35.383873571882624
seq02,validation,21,1788536228.5638013,3.993834673811998,13.748203901142478,0.31992053684494537,-5.754676818847656,18.67876648902893,33.95856857299805,10.92446446081376,33.6386480361531,35.36810095913788
seq02,validation,22,1788536228.740125,3.9963029477616647,13.69576631421631,0.3199222660395189,-5.750820636749267,18.641552209854126,33.93985366821288,10.930105960017915,33.619931402173364,35.35204384167996
seq02,validation,23,1788536228.916028,3.998130512741779,13.64238461535817,0.3198991898112744,-5.747929096221925,18.603442192077637,33.920711517333984,10.936076544218194,33.60081232752271,35.33570940635551
seq02,validation,24,1788536229.0927062,3.9993360929310766,13.588133402232977,0.3198992495235886,-5.746002197265623,18.56444478034973,33.90115356445312,10.942362328233708,33.58125431492953,35.31905908551814
seq02,validation,25,1788536229.262974,3.9999146913626147,13.533015420063888,0.31991206998428323,-5.745041370391847,18.524576902389526,33.88117980957031,10.948965918175192,33.56126773958603,35.30210400196481
seq02,validation,26,1788536229.4374971,3.999850069379858,13.476983830185766,0.31989400238823396,-5.745048522949219,18.48384976387024,33.860794067382805,10.955900467449826,33.540900064994574,35.28489382473214
seq02,validation,27,1788536229.6068902,3.999166042758509,13.420136945931844,0.31990789598850977,-5.746024608612059,18.442274808883667,33.840003967285156,10.963147793679267,33.52009607129665,35.267370899671725
seq02,validation,28,1788536229.7869272,3.997845263687133,13.362427754896625,0.3199075971718315,-5.747969150543213,18.39986276626587,33.818817138671875,10.970717847542549,33.49890954150004,35.24958993463599
seq02,validation,29,1788536229.957055,3.995893546920209,13.303890791571778,0.3199095060665129,-5.75088357925415,18.3566255569458,33.797237396240234,10.978606148165394,33.47732789017372,35.23153808199038
seq02,validation,30,1788536230.1273382,3.9933137961518823,13.244548576302611,0.31991922549108875,-5.754767894744871,18.31257462501526,33.775264739990234,10.986809577071337,33.45534551449914,35.21320956938382
seq02,validation,31,1788536230.2901373,3.9900917022590927,13.184365336773983,0.31989746081500714,-5.7596230506896955,18.267726182937622,33.75290298461914,10.995339706265412,33.433005523804134,35.194649502600456
seq02,validation,32,1788536230.460129,3.98625786507578,13.123460193602783,0.31992345861785654,-5.765449047088623,18.222094535827637,33.730171203613274,11.004174655850827,33.41024774499542,35.17579443649341
seq02,validation,33,1788536230.6186361,3.9817834718095395,13.061745286349831,0.31992155086143526,-5.77224588394165,18.17568826675415,33.70706176757812,11.013332896071132,33.38714021671668,35.15671533761911
seq02,validation,34,1788536230.8056672,3.9766800750127267,12.999274148357115,0.31991833117975954,-5.780012607574463,18.128519535064697,33.68358993530273,11.022804105104628,33.36367160412297,35.13739878316653
seq02,validation,35,1788536230.967336,3.9709470319912255,12.936056609210986,0.3199094465461645,-5.788751125335693,18.080610036849976,33.659751892089844,11.032594350014078,33.33984244554368,35.11784777553486
seq02,validation,36,1788536231.137255,3.964598433123573,12.872156570576538,0.31993276009722593,-5.798458576202394,18.031965494155884,33.635562896728516,11.042685827967667,33.31563013663129,35.09803586664093
seq02,validation,37,1788536231.3086011,3.9576158711146068,12.807520423748342,0.3199356219171545,-5.809136867523193,17.98260259628296,33.61102294921875,11.05309615221792,33.2910873273016,35.07801918558395
seq02,validation,38,1788536231.465922,3.9500053743902983,12.7421779169241,0.3199281689980611,-5.820783615112305,17.932533740997314,33.58613967895508,11.063819912574319,33.26621150995702,35.05779427292985
seq02,validation,39,1788536231.6488903,3.941771592448476,12.67616293958258,0.3199241149298544,-5.833398342132568,17.88177514076233,33.56092071533203,11.074851946595432,33.24099660040218,35.037354361123754
seq02,validation,40,1788536231.8265781,3.932919801123027,12.609503151732595,0.31993085211947125,-5.846981048583984,17.830338954925537,33.535369873046875,11.0861890257203,33.215439020927406,35.01669568173085
seq02,validation,41,1788536232.003911,3.9234429344239206,12.542183425155732,0.31992596275067875,-5.861529350280762,17.778241634368896,33.50949478149414,11.097837094799479,33.18956881874346,34.99584927611867
seq02,validation,42,1788536232.185565,3.9133471606018175,12.474240685238307,0.3199255459435,-5.877043247222901,17.725494861602783,33.483299255371094,11.109789141221881,33.163373709427596,34.97480193730288
seq02,validation,43,1788536232.3649602,3.9026378086154665,12.405702996301592,0.31993526434095143,-5.893521785736082,17.67211651802063,33.45679473876953,11.122043615260237,33.13685947442858,34.95355933245967
seq02,validation,44,1788536232.541086,3.8913018233117125,12.336531032238529,0.3199132023251008,-5.910961627960203,17.6181218624115,33.42998504638672,11.134611374695949,33.110071844061615,34.93216895619896
seq02,validation,45,1788536232.7214441,3.879348133641291,12.26677147124482,0.31988463842509596,-5.929363250732422,17.563522338867188,33.40287780761718,11.147483517619605,33.082993169192086,34.91061193689407
seq02,validation,46,1788536232.914578,3.866803842684191,12.19653753945043,0.3199218493737277,-5.948723793029786,17.508334398269653,33.3754768371582,11.160634777503768,33.055554987784475,34.88881603303944
seq02,validation,47,1788536233.103035,3.8536278577787435,12.125679301869395,0.31989203321107595,-5.969040870666504,17.452573537826538,33.3477897644043,11.174105026795193,33.02789773119322,34.86692776388548
seq02,validation,48,1788536233.28339,3.8398600878909903,12.054361714989794,0.31991594572974136,-5.990313529968262,17.396254062652588,33.319828033447266,11.187856238407534,32.999912087717526,34.844832113361655
seq02,validation,49,1788536233.470849,3.8254798667364636,11.982514846579535,0.31992131222964315,-6.012539386749268,17.33939528465271,33.29159164428711,11.201910143353542,32.971670332057464,34.822605234899434
seq02,validation,50,1788536233.6477923,3.8104839828845543,11.910129781210912,0.3198898873248053,-6.035716533660891,17.28200852870941,33.263092041015625,11.216271478965096,32.94320215369082,34.80027749930718
seq02,validation,51,1788536233.8230093,3.7948995505085263,11.837329524022019,0.319900501880376,-6.059841156005859,17.224111199378967,33.23433303833008,11.230909634156669,32.9144325364497,34.77776876694495
seq02,validation,52,1788536233.9952102,3.7787198358927134,11.764089978144717,0.3199210136425472,-6.084911823272705,17.165718913078308,33.205326080322266,11.245835880822828,32.885405066679716,34.75512467331985
seq02,validation,53,1788536234.166428,3.761935689322788,11.690384258595142,0.319919940614777,-6.110926151275635,17.106844782829285,33.17607498168945,11.261058810526269,32.85615504107468,34.7323821471731
seq02,validation,54,1788536234.356214,3.7445611432231583,11.616276935646177,0.31993007716678434,-6.137880802154541,17.047508001327515,33.14658737182617,11.276565509612517,32.826657294659384,34.709513952713266
seq02,validation,55,1788536234.528401,3.7265899410320737,11.54174773194423,0.3199214311287153,-6.165771961212161,16.98772644996643,33.11687469482422,11.292365040243956,32.79695326369551,34.68656298313731
seq02,validation,56,1788536234.6982872,3.7080305176270816,11.466840256532288,0.3199149912692332,-6.19459819793701,16.927512288093567,33.086936950683594,11.308447926863797,32.76702195941436,34.66350707304921
seq02,validation,57,1788536234.873233,3.688885462986992,11.39156831107016,0.3199090294121345,-6.2243547439575195,16.866880536079407,33.056785583496094,11.324812376455382,32.736876554083956,34.64035885898483
seq02,validation,58,1788536235.053167,3.669165957618687,11.315988733114596,0.3199278114350741,-6.255039691925049,16.8058522939682,33.026432037353516,11.341448747458326,32.706504225918444,34.617103841471845
seq02,validation,59,1788536235.2266152,3.6488550289685384,11.240031388282665,0.31990503311549,-6.286647796630859,16.744442224502563,32.99587631225586,11.35837818754899,32.67597127914037,34.59381236704904
seq02,validation,60,1788536235.4043033,3.627974520008092,11.163799094192353,0.3199079547982624,-6.31917667388916,16.682664275169373,32.96512603759765,11.375574260671504,32.64521808279939,34.570420209097605
seq02,validation,61,1788536235.606421,3.606523109475865,11.087287258454445,0.3199172577853657,-6.352622032165526,16.62053644657135,32.934200286865234,11.39304254929629,32.61428302907987,34.54696623483751
seq02,validation,62,1788536235.808315,3.5845006986662398,11.010501465442232,0.31992047727687734,-6.3869979750507575,16.557988639156893,32.9030959012906,11.410758070455639,32.58317542401372,34.523451745943945
seq02,validation,63,1788536236.0035312,3.5619113896906214,10.933461182264232,0.3199209544998096,-6.422245979309082,16.495302617549896,32.8718147277832,11.428800397251305,32.551893773283396,34.49990241649008
seq02,validation,64,1788536236.1992621,3.538756758526914,10.85617783834155,0.31991207033889846,-6.4584174156188965,16.43222600221634,32.84037780761719,11.447087166351944,32.520465737278286,34.476317906115646
seq02,validation,65,1788536236.372128,3.515044890709111,10.778689334139642,0.3199065246269417,-6.49548816680908,16.368868470191956,32.80878829956055,11.46563887748167,32.4888817749336,34.4526967573575
seq02,validation,66,1788536236.5604062,3.49078349715717,10.701038679485183,0.3199242935032378,-6.533454418182373,16.305245101451874,32.77705383300781,11.484444932313602,32.45712953950458,34.429024577346425
seq02,validation,67,1788536236.7335892,3.4659618096329137,10.623166224967763,0.3199052724838425,-6.5723114013671875,16.24137234687805,32.74517822265624,11.503528549403983,32.4252729501724,34.40537014740772
seq02,validation,68,1788536236.906784,3.4405968654958174,10.545160538604877,0.3199005608062575,-6.612054347991943,16.177265763282776,32.71317672729492,11.522864473813836,32.39327616648866,34.38169202468493
seq02,validation,69,1788536237.0898812,3.414692323360018,10.467043114285744,0.31991594616060515,-6.652679443359375,16.112943917512894,32.681053161621094,11.542450786952472,32.36113721546049,34.357988474983244
seq02,validation,70,1788536237.2592351,3.388244260226874,10.38878481919594,0.31991040069773846,-6.694179534912109,16.048423141241074,32.6488151550293,11.562299750531752,32.32890475433156,34.33431021785334
seq02,validation,71,1788536237.4177642,3.361262760393019,10.310440238491,0.31991183169517634,-6.736551284790039,15.983720153570177,32.61647415161133,11.58239843408683,32.29656231991615,34.31063816326016
seq02,validation,72,1788536237.575864,3.3337495569907447,10.23201177729928,0.3199072397201532,-6.779788494110106,15.918855473399162,32.58403396606445,11.602751532931133,32.2641267263443,34.28699048543836
seq02,validation,73,1788536237.7619033,3.3057125766410094,10.153546761717548,0.319919285072213,-6.823886394500732,15.853842809796333,32.5515022277832,11.62334505862656,32.23158294271099,34.263349067841524
seq02,validation,74,1788536237.9427452,3.277145058367652,10.074985263183212,0.31988732280728893,-6.868879864812809,15.78842841144562,32.518919996545506,11.644108138892637,32.199032673738216,34.23978620661477
seq02,validation,75,1788536238.1176372,3.2480713953565155,9.996480160738043,0.31991034049069444,-6.9146409034729,15.723438445478678,32.486202239990234,11.66528064231367,32.16629189949954,34.2162111728892
seq02,validation,76,1788536238.3205101,3.2184826878962514,9.917963016821428,0.31992500902155574,-6.961286067962649,15.658083274960518,32.45344924926758,11.686602265015262,32.133524240246025,34.19269004625315
seq02,validation,77,1788536238.5062442,3.1883799559357753,9.839428477324308,0.3199115931366756,-7.008781135159085,15.59255356518048,32.420650279734886,11.708140014291724,32.10073868659821,34.16925470096651
seq02,validation,78,1788536238.68829,3.157775332576367,9.760941630750432,0.3199029463758558,-7.05708122253418,15.52715289592743,32.387779235839844,11.729982386863972,32.06787628946399,34.14588081324752
seq02,validation,79,1788536238.858214,3.126676498717272,9.682543409231334,0.319917317176337,-7.10621976852417,15.461609095335007,32.354881286621094,11.752011156411687,32.03496396944476,34.12255387194881
seq02,validation,80,1788536239.0457532,3.09508033477458,9.604202331423915,0.3199164227180016,-7.156177043914795,15.396038085222244,32.32194519042969,11.77427871434637,32.002028767711685,34.09931794761526
seq02,validation,81,1788536239.2244291,3.0629932183793325,9.525936914703907,0.31989823536025774,-7.206946849822996,15.330455929040909,32.28898620605469,11.796783883426341,31.96908797069443,34.07618957087583
seq02,validation,82,1788536239.3902123,3.0304272431159154,9.447829940483084,0.3199111751951609,-7.258522033691409,15.264877378940582,32.256011962890625,11.819497371799654,31.936100787695466,34.053121026476
seq02,validation,83,1788536239.575968,2.9973791067430744,9.36982631262338,0.3198999651199246,-7.310895919799805,15.19932210445404,32.22302627563476,11.842447179946339,31.903126310514835,34.030178130513555
seq02,validation,84,1788536239.7560472,2.9638600448637344,9.2920007842592,0.31990592834357034,-7.364062309265137,15.13380640745163,32.1900405883789,11.865608837816858,31.87013466003533,34.007325039480286
seq02,validation,85,1788536239.934268,2.9298729046147254,9.21434775658171,0.31990873011807186,-7.4180145263671875,15.068345427513123,32.15706253051758,11.888989150282873,31.837153800399506,33.984590995417854
seq02,validation,86,1788536240.115016,2.895422796562166,9.13688944847499,0.31991433600276964,-7.472743988037109,15.002958953380585,32.124099731445305,11.91258384690958,31.804185395442534,33.96197671775498
seq02,validation,87,1788536240.292459,2.8605177096488608,9.059662761211861,0.3199321637479282,-7.528244495391846,14.937662184238434,32.09115982055664,11.93638376435606,31.771227656808712,33.93947795990312
seq02,validation,88,1788536240.4675972,2.825157708786412,8.982640915900955,0.3199304346650673,-7.584508419036865,14.872470378875732,32.05825424194336,11.960403003062941,31.73832380727829,33.91714077116945
seq02,validation,89,1788536240.6426241,2.789348775261354,8.905837022834183,0.31990390025553705,-7.641528606414793,14.807401776313782,32.02538681030273,11.984643068989405,31.70548291004719,33.894974790525666
seq02,validation,90,1788536240.8161302,2.753102533396983,8.829338545252062,0.31990467577167636,-7.699297904968262,14.742473483085632,31.992565155029297,12.009073224731624,31.67266047925762,33.872928151420474
seq02,validation,91,1788536241.000724,2.716422998900088,8.753141518216864,0.3199148728526844,-7.75780725479126,14.67769968509674,31.959806442260742,12.033698055048836,31.639891569408057,33.85103583945379
seq02,validation,92,1788536241.184906,2.679311437214746,8.67721646838184,0.3198968045255204,-7.817050457000732,14.613101482391357,31.927106857299805,12.058538216296432,31.607210052774285,33.82933743415731
seq02,validation,93,1788536241.38191,2.6417786745858085,8.601643629765924,0.31989913010723825,-7.877018928527832,14.548691034317017,31.89447975158691,12.083562216798784,31.574580621479672,33.80778929876319
seq02,validation,94,1788536241.5646942,2.603829712768261,8.52642518958361,0.3199080151561646,-7.937703609466553,14.48448634147644,31.8619327545166,12.10877440013982,31.542024739360436,33.7864135730904
seq02,validation,95,1788536241.754897,2.5654676509876397,8.451545110567427,0.31989823516806837,-7.999098300933838,14.420503497123718,31.829471588134766,12.134187981605494,31.509573352966697,33.765244421726436
seq02,validation,96,1788536241.925051,2.526702601127834,8.37708045713815,0.3199137989617227,-8.061193466186522,14.356759786605835,31.7971134185791,12.159774176172595,31.47719961961738,33.744246974984556
seq02,validation,97,1788536242.0968342,2.4875375194454583,8.302995679594941,0.31991326211629745,-8.123981475830078,14.293269991874695,31.764854431152344,12.185553812751072,31.444941169036046,33.72346433638736
seq02,validation,98,1788536242.269542,2.4479789594964227,8.229323877972577,0.3199102809758496,-8.187452316284181,14.230049729347229,31.732709884643555,12.211515432787541,31.412799603667704,33.70289435798347
seq02,validation,99,1788536242.448332,2.4080320794833043,8.156047043040298,0.3198736043302788,-8.251599311828613,14.167116165161133,31.700685501098633,12.237675162773238,31.380811896768353,33.68257782132946
seq02,validation,100,1788536242.630013,2.3677080816442504,8.083287400402394,0.3198851156105025,-8.316412925720215,14.10448694229126,31.668785095214844,12.263983269038219,31.34889997960434,33.66242438616813
seq02,validation,101,1788536242.805704,2.327009884823433,8.01100407569418,0.31989936890753534,-8.381884574890137,14.042173385620117,31.637025833129883,12.290460682752151,31.317126464222348,33.642500409011994
seq02,validation,102,1788536242.976233,2.2859441028064915,7.939203737065977,0.3199059277817131,-8.448005676269531,13.980193853378296,31.605409622192383,12.317111651889388,31.28550369441067,33.62281934725422
seq02,validation,103,1788536243.1488793,2.2445169260471243,7.86790509200336,0.31990932681288364,-8.514765739440918,13.918564319610596,31.573944091796875,12.343931325331491,31.25403476498399,33.60338271149689
seq02,validation,104,1788536243.337738,2.2027342984880676,7.797092861914649,0.3198833872772222,-8.582157135009766,13.857299566268921,31.542638778686523,12.37093321184119,31.2227553914093,33.5842290780005
seq02,validation,105,1788536243.530278,2.160605211644374,7.726864726056741,0.31988517487156676,-8.65017032623291,13.79641342163086,31.511497497558594,12.398076024057577,31.19161232268703,33.565294105476156
seq02,validation,106,1788536243.7049422,2.1181350629899742,7.657224557775807,0.3199089091516534,-8.718795776367188,13.735925912857056,31.480533599853516,12.425364388269543,31.160624690701862,33.5465976113235
seq02,validation,107,1788536243.8808331,2.0753296177863723,7.588089916111138,0.3198786744018842,-8.788023948669434,13.675845861434937,31.449752807617188,12.452839963624898,31.129874133215303,33.528231189692676
seq02,validation,108,1788536244.0615802,2.0321967473331704,7.5196073691389795,0.31989239203605613,-8.8578462600708,13.616193294525146,31.419164657592773,12.480440563086097,31.099272265556717,33.51009000429497
seq02,validation,109,1788536244.2449272,1.9887429135269414,7.45172643975441,0.31989650675290693,-8.928252220153809,13.556979656219482,31.388769149780273,12.508193298233214,31.068872643027365,33.49223412814709
seq02,validation,110,1788536244.4212523,1.944975017171588,7.3844919339353,0.31991320280790836,-8.999231338500977,13.498222351074219,31.35857772827148,12.536082018278014,31.038664525463574,33.47464783822623
seq02,validation,111,1788536244.595784,1.9008999666956614,7.317886996757289,0.3199186882092693,-9.070775985717772,13.43993592262268,31.328603744506836,12.564121786080268,31.008685056297566,33.45737146244619
seq02,validation,112,1788536244.7679093,1.8565249137470556,7.251934695252429,0.3199175553289628,-9.142874717712402,13.382131338119507,31.298847198486325,12.592303329128045,30.97892964315736,33.44039750015635
seq02,validation,113,1788536244.9483511,1.8118562914024459,7.18666912290505,0.31992381631085176,-9.2155179977417,13.324827432632446,31.269317626953125,12.620616908382601,30.949393810642274,33.42371835081153
seq02,validation,114,1788536245.125083,1.766902872985971,7.122047707870638,0.31989143661143227,-9.2886962890625,13.268035650253296,31.240026473999023,12.649088529210312,30.920135037387592,33.407397254950645
seq02,validation,115,1788536245.305699,1.721669190926868,7.058183833227913,0.31989656636651453,-9.362398147583006,13.211771249771118,31.21097373962402,12.677664881896044,30.891077173257507,33.39134372531018
seq02,validation,116,1788536245.47743,1.6761627832548645,6.995074998690839,0.31992083481224554,-9.436614036560057,13.15604829788208,31.182167053222653,12.706352767035995,30.86224621841041,33.375584523512856
seq02,validation,117,1788536245.6511161,1.6303929554127978,6.932670146582068,0.31991839021703505,-9.511334419250487,13.100879907608032,31.15361785888672,12.735183569440105,30.833699468669685,33.36018470379891
seq02,validation,118,1788536245.823836,1.5843651782028374,6.871029367221031,0.31992161006994757,-9.5865478515625,13.04627776145935,31.125335693359375,12.764129059560778,30.805414083289428,33.345112497816686
seq02,validation,119,1788536246.0013032,1.538088481961027,6.810132105952005,0.31990413917508875,-9.662243843078613,12.992260456085205,31.097320556640625,12.793207382390412,30.777416417465535,33.33039928448091
seq02,validation,120,1788536246.1700351,1.4915673978729733,6.750057215029064,0.3199124277280647,-9.738412857055664,12.938835144042969,31.069583892822266,12.822379996737606,30.749671465094202,33.31599801884922
seq02,validation,121,1788536246.345246,1.4448107491051048,6.690784449489581,0.3199200597261316,-9.815043449401855,12.886018991470337,31.042131423950195,12.851663223170235,30.722211364224062,33.30194466859022
seq02,validation,122,1788536246.5368972,1.397825183270734,6.632334945274917,0.31993365440676436,-9.892125129699707,12.833824396133423,31.014965057373047,12.88105001459317,30.695031402966283,33.2882321895822
seq02,validation,123,1788536246.7037401,1.3506213988128157,6.574679005521922,0.3199183302636792,-9.969646453857424,12.782262802124023,30.988101959228516,12.91056005168003,30.668183628964837,33.274916197459355
seq02,validation,124,1788536246.885224,1.3032049113214281,6.517860167778835,0.31989996535142273,-10.047597885131836,12.731348276138306,30.9615421295166,12.940176142413819,30.64164216416518,33.261966164276
seq02,validation,125,1788536247.0579863,1.2555805864776843,6.461932482282275,0.31990288689925794,-10.12596797943115,12.681092262268066,30.935287475585938,12.969872633419897,30.61538458868668,33.249351416837115
seq02,validation,126,1788536247.222811,1.2077571314192905,6.406886755175482,0.31991356099709534,-10.204745292663574,12.631507396697998,30.90935516357422,12.999658215144176,30.589441602577125,33.23710353307041
seq02,validation,127,1788536247.396315,1.1597464469790981,6.35268682501734,0.3198932266278136,-10.283918380737303,12.582605838775635,30.88374519348144,13.029556999648936,30.56385196685363,33.22526753329223
seq02,validation,128,1788536247.5658722,1.111546153200228,6.299461930037053,0.3199284075614435,-10.363477706909181,12.534398078918457,30.858463287353516,13.05950234008587,30.53853487979207,33.213742848028815
seq02,validation,129,1788536247.7283673,1.0631757157702342,6.247085730869107,0.3199173771505597,-10.443410873413086,12.486899137496948,30.833515167236325,13.089568605722114,30.513597790085765,33.202657369238274
seq02,validation,130,1788536247.8983831,1.0146376361940528,6.195637075838519,0.3199054509906216,-10.523707389831543,12.440117120742798,30.80891609191894,13.11971558269528,30.48901064092832,33.19196750470598
seq02,validation,131,1788536248.0648043,0.9659378064372819,6.1451427763536755,0.31990556979948304,-10.604354858398438,12.394064664840698,30.784658432006836,13.149931449188754,30.46475286220735,33.1816495080298
seq02,validation,132,1788536248.228562,0.9170873372181074,6.095580241457396,0.31989179440644055,-10.685329741741489,12.348635243043109,30.760786055297572,13.180166119096885,30.44089426089113,33.17174735116834
seq02,validation,133,1788536248.384156,0.8680871749725282,6.0470262625439934,0.31991320292338754,-10.766660690307617,12.304192543029785,30.737218856811523,13.21058241525669,30.417305653888135,33.16220696805845
seq02,validation,134,1788536248.548028,0.8189545746604019,5.999407136733912,0.3199019919134638,-10.848294258117676,12.260395526885986,30.71404266357422,13.241022277285863,30.394140671660754,33.153106311721125
seq02,validation,135,1788536248.714378,0.7696950002907285,5.952754625874266,0.3198780795972087,-10.930234909057615,12.217370510101318,30.69124031066894,13.271539928002847,30.371362231071732,33.14443265212944
seq02,validation,136,1788536248.8795452,0.7203035164147773,5.907186520226552,0.3199171981258222,-11.012469291687012,12.175126314163208,30.668813705444336,13.302068524366705,30.348896507318514,33.136091293918135
seq02,validation,137,1788536249.040468,0.6708052993635256,5.862570952195744,0.3199129646091259,-11.094986915588379,12.133678674697876,30.646772384643555,13.332691345435427,30.326859420034427,33.12822151572854
seq02,validation,138,1788536249.20118,0.6212011469418788,5.818976660376941,0.3199090887076099,-11.177775382995605,12.09303331375122,30.6251163482666,13.363369112756171,30.30520725955899,33.12076721769278
seq02,validation,139,1788536249.367372,0.5714962727455859,5.7764343111255005,0.319920119679455,-11.260822296142578,12.053200721740723,30.603851318359375,13.394086728444128,30.28393119867992,33.11371389825463
seq02,validation,140,1788536249.535624,0.5217035440487245,5.7349145630427225,0.31991725754020184,-11.344118118286133,12.014187812805176,30.5829906463623,13.424864850996359,30.2630733888221,33.10710810694208
seq02,validation,141,1788536249.709537,0.47182909284448943,5.694444070674162,0.3199116523370227,-11.427648544311523,11.976008296012878,30.56253051757812,13.455690883571577,30.2426188652411,33.10093069662042
seq02,validation,142,1788536249.8848221,0.4218788145376588,5.655043802268028,0.31991266606727176,-11.511404037475584,11.938668966293335,30.542482376098633,13.486555706633379,30.22256971003136,33.095179478374654
seq02,validation,143,1788536250.070719,0.371860140520881,5.616727868091139,0.3199219677494054,-11.595371246337892,11.902178883552551,30.522846221923825,13.517452479457166,30.20292425417442,33.08984972824416
seq02,validation,144,1788536250.2508621,0.32178773588874054,5.579461067857322,0.3199081344039436,-11.67953872680664,11.866546630859375,30.503629684448242,13.548405136424776,30.1837215500443,33.084986449314286
seq02,validation,145,1788536250.433109,0.2716658308654584,5.543278202908367,0.31988815710872,-11.763894081115723,11.831780433654785,30.484832763671875,13.579394784046567,30.164944606563154,33.08056598394312
seq02,validation,146,1788536250.6074371,0.22149256689222688,5.508245495122224,0.3199079557249098,-11.84842586517334,11.797887682914734,30.466468811035153,13.61038316165917,30.14656085531024,33.07654246154061
seq02,validation,147,1788536250.7894883,0.17128885135625052,5.474295126779211,0.31990562922901256,-11.933122634887695,11.764878630638123,30.448537826538086,13.641415551449791,30.128632197309074,33.072990435218664
seq02,validation,148,1788536250.962685,0.12105386419804808,5.441484351290046,0.31992238516381155,-12.01797103881836,11.732758283615112,30.43103981018066,13.672456007887002,30.11111742501685,33.06985705851719
seq02,validation,149,1788536251.134833,0.0708060922195304,5.40976292876374,0.3199112942005309,-12.102960586547852,11.70153558254242,30.413984298706055,13.70353962580122,30.094073004505525,33.06720774840858
seq02,validation,150,1788536251.3116581,0.02054536915617801,5.379182975565751,0.3199091482549421,-12.188077926635742,11.671215295791626,30.397375106811523,13.734633358678352,30.07746595855658,33.06499829102445
seq02,validation,151,1788536251.4888852,-0.02971638888503614,5.349732430214972,0.31989787816219994,-12.273310661315918,11.641810297966003,30.381216049194336,13.76574896624752,30.061318171032134,33.06325293708669
seq02,validation,152,1788536251.6613152,-0.07998197873271957,5.321474236212557,0.31992023928396307,-12.358649253845215,11.613320231437683,30.36550903320312,13.796847323955896,30.04558879391916,33.061917700790275
seq02,validation,153,1788536251.830908,-0.13023005433617008,5.294344313611381,0.31992196790220473,-12.444078445434569,11.585755109786987,30.350263595581055,13.82796846992325,30.03034162767885,33.061066683945526
seq02,validation,154,1788536251.9981263,-0.18045771897780782,5.268376325606351,0.3199253667564641,-12.529553878567562,11.55895334148939,30.335523032547673,13.858987522598841,30.01559766579121,33.0606660305899
seq02,validation,155,1788536252.1644633,-0.23064899789353233,5.243536182957348,0.3198990708226346,-12.615165710449219,11.533425211906433,30.321151733398434,13.890246873258414,30.001252662575798,33.060764049304375
seq02,validation,156,1788536252.336755,-0.28082037541219024,5.2199509299801425,0.31993395253740564,-12.700798034667967,11.508670091629028,30.307302474975586,13.921344538172399,29.98736852243818,33.0612477781922
seq02,validation,157,1788536252.513021,-0.3309302834281537,5.197462547696366,0.3199055103554642,-12.786474227905273,11.484862804412842,30.29392051696777,13.95248999071345,29.974015006612305,33.0622678072388
seq02,validation,158,1788536252.6853893,-0.38099672007808405,5.176200652630898,0.31991057959679536,-12.872181892395018,11.462010502815247,30.281015396118164,13.983601556172323,29.96110481652137,33.06370992959449
seq02,validation,159,1788536252.856049,-0.43099956170358117,5.1561130941603865,0.3199016342062819,-12.957909584045408,11.440115928649902,30.26858520507812,14.01471249550701,29.94868357087184,33.065628891039246
seq02,validation,160,1788536253.0288112,-0.48094165938363576,5.137254404507284,0.3199189268760989,-13.0436429977417,11.419184565544128,30.256637573242188,14.045786252998722,29.93671864636609,33.06797899443828
seq02,validation,161,1788536253.204435,-0.530803381207034,5.119574661197955,0.31992095425881284,-13.129371643066406,11.399221181869507,30.245180130004883,14.076856278065518,29.92525917574607,33.07081824522773
seq02,validation,162,1788536253.373223,-0.5805713379510052,5.103055727677485,0.319889886381842,-13.215083122253418,11.380228281021118,30.234203338623047,14.107933345891848,29.914313452241206,33.074158078643
seq02,validation,163,1788536253.5458322,-0.6302626316393999,5.087810659865568,0.3199085514815536,-13.300765991210938,11.362212657928467,30.223716735839844,14.138945357352837,29.90380818435829,33.07790077597282
seq02,validation,164,1788536253.7259212,-0.6798523705100828,5.073768799784448,0.3199201789550672,-13.386405944824219,11.345175743103027,30.213727951049805,14.169934678241104,29.89380777209474,33.08212193769577
seq02,validation,165,1788536253.906406,-0.7293325639801832,5.060931906341286,0.3199247703145853,-13.471993446350096,11.32912302017212,30.204227447509766,14.200902302409808,29.88430267719518,33.08681267068201
seq02,validation,166,1788536254.084571,-0.7786875011221525,5.049272197897543,0.3198982957651959,-13.557514190673828,11.314055919647217,30.195228576660156,14.231863076979693,29.87533028089496,33.09201242043852
seq02,validation,167,1788536254.250092,-0.8279356039948029,5.0389011691674375,0.3199211928108101,-13.642957687377933,11.299979209899902,30.186729431152344,14.26274479999343,29.866808238341534,33.09761507383282
seq02,validation,168,1788536254.424988,-0.8770439770884926,5.029716960292724,0.319915945459774,-13.728310585021973,11.286895751953125,30.178730010986328,14.293611854915847,29.858814065526555,33.10371757459693
seq02,validation,169,1788536254.5970562,-0.9260121773104232,5.021752171297197,0.3199067631094483,-13.813562393188477,11.274805426597595,30.171234130859375,14.324441545149375,29.851327367749928,33.11029101649481
seq02,validation,170,1788536254.7668362,-0.9748394271280731,5.015036250856679,0.319913083754614,-13.898699760437012,11.263712167739868,30.164247512817383,14.355212176387788,29.84433442906277,33.11731290643692
seq02,validation,171,1788536254.9266741,-1.0235100143126779,5.0095403711416475,0.31991063868042113,-13.983710289001465,11.253617644309998,30.157766342163086,14.385940780961835,29.837855703482663,33.124808303372774
seq02,validation,172,1788536255.085031,-1.0720167671653758,5.005267565461311,0.3199034837941064,-14.068583488464354,11.244526386260986,30.151790618896484,14.416625720816318,29.831887135102377,33.132772102792565
seq02,validation,173,1788536255.244339,-1.1203628670866979,5.002260128693053,0.31991934440869496,-14.153306961059569,11.236435532569885,30.146329879760742,14.447234154775966,29.826410535352046,33.14117288428828
seq02,validation,174,1788536255.4099221,-1.1685236420003722,5.000453234990373,0.3199115330961484,-14.237868309020996,11.229348063468933,30.141376495361328,14.477807182361126,29.82146496226518,33.150062945720585
seq02,validation,175,1788536255.5800552,-1.2165046662867316,4.999897826851888,0.31991791320965235,-14.322255134582518,11.2232666015625,30.136940002441406,14.508308455615296,29.817022089231752,33.15940018325139
seq02,validation,176,1788536255.741053,-1.264291225558114,5.000566826899292,0.31991737699040934,-14.406456947326658,11.218188405036926,30.133014678955078,14.53875297084832,29.813097301964667,33.16920422144257
seq02,validation,177,1788536255.911163,-1.311873450185598,5.00245325836054,0.3199031251714648,-14.490460395812988,11.214116930961609,30.129606246948242,14.569142715512552,29.809703121776778,33.17948642871738
seq02,validation,178,1788536256.0701263,-1.3592598156266484,5.005612100093339,0.3199214317600261,-14.574254989624023,11.211050510406494,30.126712799072262,14.599437088907358,29.806791367312236,33.19018491854848
seq02,validation,179,1788536256.233756,-1.4064214168017317,5.009967886302383,0.31991063914310036,-14.657828330993652,11.208991646766663,30.12433815002441,14.62968491760141,29.80442751088131,33.20137918881794
seq02,validation,180,1788536256.388302,-1.4533669330887509,5.0155775427363976,0.3199161242084172,-14.741168975830082,11.207937002182007,30.122474670410156,14.6598430688076,29.802558546201737,33.21300189235909
seq02,validation,181,1788536256.557207,-1.5000726663004849,5.022377846126312,0.31989531420232353,-14.824220501229737,11.207729589671139,30.121180951387668,14.68984314818994,29.801285637185345,33.22511275146455
seq02,validation,182,1788536256.7294552,-1.546550691923416,5.0304404640505105,0.31989817654212827,-14.907105445861813,11.208842754364014,30.120309829711914,14.719955101627756,29.800411653169785,33.23765354071064
seq02,validation,183,1788536256.8943992,-1.5927901842924395,5.0397491547368904,0.31991594571441784,-14.989677429199222,11.210800766944885,30.119998931884766,14.74986324862983,29.80008298617035,33.25061520988627
seq02,validation,184,1788536257.0652401,-1.6387755798239638,5.050272326541807,0.3199273341667739,-15.071969985961914,11.213759779930115,30.120214462280273,14.779691794525723,29.8002871281135,33.264040681480324
seq02,validation,185,1788536257.237888,-1.684481677876643,5.061945240953427,0.319885176075297,-15.153972625732422,11.217719197273254,30.120941162109375,14.809481401982792,29.80105598603408,33.27797585909353
seq02,validation,186,1788536257.404278,-1.7299515697939025,5.074939936183188,0.31991994065833174,-15.235671997070312,11.222678184509277,30.12218856811523,14.839109468889392,29.8022686274569,33.29225713544795
seq02,validation,187,1788536257.570521,-1.7751302631047843,5.0890879758277325,0.3199086710392065,-15.317058563232422,11.228631138801575,30.12395477294922,14.868685629060042,29.80404610191001,33.30704094302876
seq02,validation,188,1788536257.7475863,-1.820018357293472,5.104411716564843,0.3198708636309391,-15.398119926452637,11.235578060150146,30.126237869262695,14.898189250882664,29.806367005631756,33.3222981954956
seq02,validation,189,1788536257.9178271,-1.8646465970473056,5.121037665341779,0.3199036030896747,-15.478845596313477,11.243517994880676,30.129037857055664,14.927530933721448,29.80913425396599,33.337901324891156
seq02,validation,190,1788536258.0887132,-1.9099839681711783,5.138601304403966,0.31984947966430033,-15.559224128723145,11.252444505691528,30.13235282897949,14.955963213726983,29.81250334931519,33.353653347171495
seq02,validation,191,1788536258.2647061,-2.0583903253322218,5.144319686077358,0.34379595195595214,-15.639243125915526,11.26235842704773,30.136180877685547,14.895299957608296,29.792384925729596,33.308499821966855
seq02,validation,192,1788536258.4384882,-2.299497114112208,5.139504195671701,0.4391565030553324,-15.718894004821777,11.273253202438354,30.140525817871094,14.754764985874786,29.70136931481576,33.16435479492215
seq02,validation,193,1788536258.6070192,-2.3375726661467033,5.160576538213136,0.44027588649023874,-15.798163414001465,11.285125732421875,30.145381927490234,14.788428115033597,29.705106040999997,33.182690231814696
seq02,validation,194,1788536258.7771573,-2.390813660929209,5.18124030169295,0.4374232791206474,-15.877041816711426,11.297972440719604,30.1507511138916,14.808536792351045,29.713327834770954,33.19901524062105
seq02,validation,195,1788536258.9518752,-2.4209659664737946,5.205665733230298,0.42651394674780985,-15.955517768859862,11.311789512634277,30.156633377075195,14.84819315946808,29.730119430327385,33.23174448388776
seq02,validation,196,1788536259.127028,-2.4522422816195135,5.2310148052158265,0.41719407420808685,-16.033580780029297,11.326572179794312,30.16301727294922,14.886523271575733,29.74582319874113,33.262930912442634
seq02,validation,197,1788536259.295375,-2.4771698111191887,5.258693993596401,0.40569013485179983,-16.11121940612793,11.342318058013916,30.1699161529541,14.929761890811182,29.764226018102303,33.29875283810185
seq02,validation,198,1788536259.465619,-2.5265165812411454,5.284850765128884,0.4027593801289051,-16.188425064086914,11.359018087387085,30.177318572998047,14.951362882775689,29.77455919286914,33.31767739777355
seq02,validation,199,1788536259.634572,-2.550635342496904,5.315290504715377,0.3922106300827979,-16.26518440246582,11.376670598983765,30.185224533081055,14.994305071109077,29.793013902998258,33.3534535241815
seq02,validation,200,1788536259.804904,-2.5874216169649404,5.347574332336654,0.3870321951170448,-16.341487884521484,11.395269751548767,30.193632125854492,15.0249445515082,29.80659993073745,33.37937024880688
seq02,validation,201,1788536259.98304,-2.732724094587512,5.352159748840904,0.4270778943855489,-16.417325973510742,11.41480827331543,30.202537536621094,14.967432502468228,29.775459642235546,33.325696281133276
seq02,validation,202,1788536260.155622,-2.770536488564331,5.382507133106287,0.43329765034428247,-16.492689132690426,11.43528151512146,30.21194458007812,14.997784866715348,29.77864692973384,33.34218594924488
seq02,validation,203,1788536260.3295681,-2.8127123700361336,5.414536035894653,0.42981123955940226,-16.567565917968746,11.456682801246643,30.221847534179688,15.023432818737795,29.792036294620285,33.3656853704386
seq02,validation,204,1788536260.502299,-2.824890549786693,5.45234493255937,0.4175353652808962,-16.64194488525391,11.479007482528687,30.232240676879883,15.074204854666666,29.814705311598985,33.40880579754303
seq02,validation,205,1788536260.6770601,-2.85121772504021,5.489305150211265,0.41003540324809595,-16.715818405151367,11.502248048782349,30.243125915527344,15.112333847570175,29.83309051227925,33.44242700274999
seq02,validation,206,1788536260.8598,-2.8745069095361293,5.528146583763651,0.4032220730530305,-16.789175033569336,11.52639639377594,30.2544994354248,15.152458209323601,29.85127736237177,33.476794200618244
seq02,validation,207,1788536261.037478,-2.898449561105031,5.568018180290511,0.39673843685924726,-16.86200523376465,11.551447749137878,30.26635360717773,15.191521201934373,29.869615170318482,33.51083745375131
seq02,validation,208,1788536261.2151082,-2.933299133895581,5.6080285433195725,0.3951785234064187,-16.93429946899414,11.577392101287842,30.278696060180664,15.220424161981478,29.883517536774246,33.53633748699049
seq02,validation,209,1788536261.388904,-2.942549389793573,5.652642407433718,0.38656886997692563,-17.00604629516602,11.604225993156433,30.291513442993164,15.270995134085545,29.904944573016238,33.57840083000436
seq02,validation,210,1788536261.559302,-2.9811798514568792,5.692978294957442,0.3844533528711216,-17.07723999023437,11.631937980651855,30.304805755615234,15.296082949053826,29.92035240274411,33.60353614560126
seq02,validation,211,1788536261.7276642,-3.2436721884353594,5.685571282139709,0.4600924307925076,-17.14786720275879,11.660521984100342,30.31857299804687,15.133627287838047,29.858480567254365,33.47469994895104
seq02,validation,212,1788536261.8978992,-3.2510994015886796,5.728107295349458,0.46394039201715076,-17.21792030334473,11.689970135688782,30.332809448242188,15.186042757372594,29.868869056225037,33.50768916721453
seq02,validation,213,1788536262.063595,-3.277556179124775,5.771647001409393,0.4580331766797787,-17.287391662597656,11.720271706581116,30.347511291503906,15.220434493041095,29.88947811482413,33.54165362848865
seq02,validation,214,1788536262.2365,-3.329697080487358,5.8127630932378445,0.4601918065254329,-17.35626792907715,11.751421570777893,30.362674713134766,15.231951755548833,29.902482906609333,33.558468949930216
seq02,validation,215,1788536262.3979652,-3.3311090640905614,5.86428670791842,0.44912845448104766,-17.424543380737305,11.783408880233765,30.378297805786133,15.285970630889985,29.929169351305084,33.60678616273104
seq02,validation,216,1788536262.5592463,-3.3521877568170977,5.912674395148824,0.44304024620935656,-17.49220848083496,11.816225528717041,30.394376754760742,15.322927333323396,29.951336508551385,33.64334496911376
seq02,validation,217,1788536262.728669,-3.3873868772697544,5.960208113825337,0.4420584143742263,-17.55925369262695,11.8498615026474,30.410900115966797,15.34698100841614,29.96884170159257,33.66988712496374
seq02,validation,218,1788536262.883163,-3.399407087274428,6.012668727383387,0.43483143362504784,-17.625669479370117,11.884307384490967,30.427875518798825,15.390343796302806,29.99304408517378,33.71120549110598
seq02,validation,219,1788536263.050657,-3.432224642458566,6.06261103596015,0.4337142393435094,-17.691450119018555,11.91955292224884,30.445289611816406,15.415228816035796,30.011575372472898,33.73905653376161
seq02,validation,220,1788536263.211318,-3.4335824917205167,6.119121245671252,0.4238995182086125,-17.756584167480472,11.95559048652649,30.463144302368164,15.466504136464446,30.03924478415955,33.78711259350122
seq02,validation,221,1788536263.371145,-3.452710032283109,6.172820312349196,0.41809263026507426,-17.821063995361325,11.992408156394958,30.481430053710938,15.50216753498912,30.063337423445862,33.82486445381313
seq02,validation,222,1788536263.539534,-3.473003419262526,6.227152419059937,0.41258794228410434,-17.8848819732666,12.029995918273926,30.50014495849609,15.53625553766842,30.087557016211985,33.862018890425595
seq02,validation,223,1788536263.703788,-3.496815253263139,6.281497887684602,0.40796730238638146,-18.02936645432638,12.139214769281914,30.473768185799617,15.668691441102371,30.065800883413235,33.90369115948184
seq02,validation,224,1788536263.875929,-3.52867876737522,6.336047450957094,0.4073247394964923,-18.010498046875,12.107442378997803,30.538846969604492,15.589486491206358,30.131522230108,33.925517254170174
seq02,validation,225,1788536264.045015,-3.5467582893492904,6.3940001709587335,0.403759356352297,-18.142055333311983,12.209813926988263,30.519423850040695,15.711345755419185,30.1156644936884,33.967626254166376
seq02,validation,226,1788536264.218363,-3.54920795407807,6.455273937380898,0.39443272215042335,-18.133367538452145,12.187840223312378,30.5792064666748,15.670355037620826,30.184773744524378,34.010007248061804
seq02,validation,227,1788536264.391891,-3.5607225820212363,6.515603360476291,0.3888168650727375,-18.193754196166992,12.22912073135376,30.599992752075195,15.708911323446566,30.211175887002458,34.05121207010562
seq02,validation,228,1788536264.564721,-3.5877446576658065,6.573020323549839,0.3859993591868178,-18.253431320190426,12.271104097366333,30.621183395385742,15.73373839800266,30.235184036198923,34.083968044809595
seq02,validation,229,1788536264.7419891,-3.5963109627570344,6.635689960266413,0.37830355999748067,-18.312389373779297,12.313782453536987,30.642765045166012,15.773512549888537,30.264461485168532,34.12830683096864
seq02,validation,230,1788536264.934935,-3.6158459352890224,6.696250445559539,0.3738036941532741,-18.370624542236325,12.357141971588135,30.664737701416016,15.803454831444045,30.29093400726274,34.165624063403826
seq02,validation,231,1788536265.1033442,-3.6254668312153786,6.759710716490123,0.3669586884753835,-18.428127288818356,12.401170492172241,30.687091827392578,15.84123811523967,30.320133138917196,34.20899441061351
seq02,validation,232,1788536265.2686653,-3.640495163739059,6.822727207693438,0.36159263032073374,-18.48488998413086,12.44585657119751,30.709829330444336,15.873740624766949,30.348236700123604,34.248957826904835
seq02,validation,233,1788536265.4408221,-3.6480387000292014,6.888124482004552,0.3553210401595963,-18.54090690612793,12.491189002990723,30.73293304443359,15.912003501462673,30.377612004273995,34.29272760386336
seq02,validation,234,1788536265.620432,-3.673718967755338,6.950072439990442,0.3538255548725173,-18.59617424011231,12.53715181350708,30.75641059875488,15.934086961023823,30.40258504388236,34.32509729967227
seq02,validation,235,1788536265.8022401,-3.6888480588400747,7.015283195910882,0.351074446415542,-18.650678634643555,12.583736419677734,30.78024291992187,15.964461954113185,30.42916847350633,34.36274639014407
seq02,validation,236,1788536265.975775,-3.6835994150337283,7.085734305774415,0.3439641030345093,-18.704418182373047,12.63092851638794,30.8044376373291,16.011688707774542,30.460473534294593,34.41241960699852
seq02,validation,237,1788536266.16014,-3.697269119576728,7.152033509342418,0.33945275492898874,-18.75738525390625,12.678714036941528,30.8289737701416,16.04217241004583,30.489521015212613,34.45231759070393
seq02,validation,238,1788536266.332838,-3.7192646146957973,7.2168763424813225,0.3358262581314646,-18.809574127197266,12.727081060409546,30.853857040405273,16.064862191023323,30.518030782273808,34.488113895143385
seq02,validation,239,1788536266.506673,-3.723060982920153,7.2870709913087675,0.3307650581157131,-18.860977172851562,12.776016473770142,30.879079818725586,16.102329927150937,30.548314760609873,34.5323697969907
seq02,validation,240,1788536266.69003,-3.730799795957179,7.35685487705971,0.32635629797967414,-18.911588668823242,12.825506210327148,30.904630661010742,16.135752173585892,30.578274363031067,34.57446111262162
seq02,validation,241,1788536266.8624673,-3.7388614841673697,7.427128630972407,0.32200832922847455,-18.961404800415043,12.875537872314453,30.930503845214844,16.168209185812078,30.60849551598637,34.61633987047642
seq02,validation,242,1788536267.032031,-3.7528356003211787,7.49640212953044,0.31981461230054187,-19.010417938232422,12.926095962524414,30.956695556640625,16.194918768496308,30.636880944340085,34.65391562169941
seq02,validation,243,1788536267.209106,-3.765885650522369,7.566431242435524,0.3197307518371011,-19.05862045288086,12.977168560028078,30.983200073242188,16.221708173162753,30.663469321405085,34.689943310417874
seq02,validation,244,1788536267.386778,-3.7762989707441617,7.637673776620138,0.3197299713717434,-19.106010437011722,13.028739929199219,31.01001167297363,16.250035319976966,30.690281701601887,34.72689215614001
seq02,validation,245,1788536267.5579252,-3.781476983827044,7.711030842924764,0.3197731958452401,-19.15258026123047,13.080796957015991,31.037120819091797,16.282051593231262,30.717347623246557,34.76579711572878
seq02,validation,246,1788536267.733109,-3.7980711146638906,7.781099079335449,0.31972348511955406,-19.193034052116772,13.158225935759338,31.063695279727813,16.30700392701317,30.74397179460826,34.801008301244536
seq02,validation,247,1788536267.908422,-3.802230813733766,7.8556045221477335,0.3197736342505013,-19.24324226379394,13.186312198638916,31.092206954956055,16.335277130587393,30.772433320705552,34.83940199559058
seq02,validation,248,1788536268.088849,-3.810901304486811,7.929026097362398,0.31977857671378684,-19.287321090698242,13.23974061012268,31.120170593261715,16.362251007580813,30.800392016547928,34.87674592630609
seq02,validation,249,1788536268.2662349,-3.8208503586018012,8.00226655406151,0.3197628301589923,-19.330562591552734,13.293598890304565,31.148406982421875,16.387476054643656,30.828644152262882,34.91353135545546
seq02,validation,250,1788536268.436788,-3.8284209357578036,8.076664858630233,0.319746150990291,-19.37295913696289,13.34786856174469,31.176908493041992,16.41396528473397,30.8571623420517,34.95114768032926
seq02,validation,251,1788536268.6032891,-3.836239163043116,8.151191904458754,0.3197452834770538,-19.414506912231445,13.402536153793335,31.205663681030273,16.439557247396312,30.88591839755322,34.98855523954564
seq02,validation,252,1788536268.768716,-3.843924000953221,8.225800688525183,0.31969852388247655,-19.4552001953125,13.457589387893677,31.23467254638672,16.46461531319237,30.914974022504243,35.025978590519365
seq02,validation,253,1788536268.944014,-3.8495836485127253,8.301602486029283,0.3196962756941877,-19.495037078857422,13.513008713722229,31.263919830322266,16.490572091686857,30.944223554628078,35.06399776565588
seq02,validation,254,1788536269.1203783,-3.8560012960577663,8.37831733453972,0.3197784675086546,-19.53400993347168,13.56878137588501,31.293407440185547,16.514868204116066,30.97362897267689,35.101375521998754
seq02,validation,255,1788536269.303512,-3.8694180154371334,8.453466632161094,0.3188516456105148,-19.572118759155273,13.624893546104431,31.323123931884766,16.532346081939604,31.00427228627425,35.136638526962955
seq02,validation,256,1788536269.478547,-3.997846295580062,8.497145187269654,0.30891925384029983,-19.609355926513672,13.681328058242798,31.353057861328125,16.449771578852523,31.044138607487824,35.13308308243585
seq02,validation,257,1788536269.6629772,-4.0017616593188166,8.571929270045356,0.31971271972248694,-19.645721435546875,13.738071203231812,31.383209228515625,16.47490515766537,31.063496508793136,35.16195835424802
seq02,validation,258,1788536269.8398051,-3.992606838893331,8.65272897162601,0.3199019822006852,-19.681209564208984,13.795104503631592,31.413568496704098,16.509884360132613,31.09366651450341,35.20500502627577
seq02,validation,259,1788536270.0109851,-3.9779406240538346,8.735698809000834,0.31999045440822016,-19.715816497802734,13.852416515350342,31.444122314453125,16.548762403998623,31.124131860044905,35.2501506542236
seq02,validation,260,1788536270.179042,-3.972269267450337,8.81562515434653,0.3198960889097746,-19.74953842163086,13.909988403320312,31.47487068176269,16.57934735977116,31.154974592852916,35.29174408777868
seq02,validation,261,1788536270.341727,-3.9700805755416533,8.894994554204896,0.31974693676437527,-19.782373428344727,13.967806100845337,31.505802154541016,16.606083892674267,31.18605521777664,35.331742984131836
seq02,validation,262,1788536270.511775,-3.9687680983638827,8.974147776051565,0.31976170496581036,-19.8143196105957,14.025851964950562,31.536909103393555,16.631332416223653,31.217147398427745,35.37105468648194
seq02,validation,263,1788536270.680667,-3.967140797538878,9.053299772986769,0.31975942078237285,-19.84537124633789,14.084112823009491,31.56818580627441,16.656148478248117,31.24842638549204,35.41032947741325
seq02,validation,264,1788536270.856138,-3.9649859620054086,9.132668972390347,0.3197431790862364,-19.87552833557129,14.142570555210114,31.599620819091793,16.68066163227872,31.27987764000556,35.449615197690015
seq02,validation,265,1788536271.0278711,-3.9648550573886383,9.211723091101163,0.31971985273503867,-19.90478515625,14.201211035251617,31.631210327148438,16.702585473554958,31.3114904744134,35.48782604261199
seq02,validation,266,1788536271.2025323,-3.9705446915332567,9.290853164627169,0.3197319490005941,-19.933143615722656,14.260016143321991,31.6629467010498,16.718168115058653,31.343214752049207,35.52315098800272
seq02,validation,267,1788536271.3747501,-3.9763230250530515,9.369572540995588,0.3197454469896508,-19.960596084594727,14.318969190120699,31.6948184967041,16.73300667639742,31.37507304971445,35.55824406951613
seq02,validation,268,1788536271.551103,-3.9814209089495165,9.448062178501315,0.31974013045300254,-19.987144470214844,14.378057599067688,31.726818084716797,16.74777721270645,31.407077954263794,35.59343460796742
seq02,validation,269,1788536271.7208242,-3.985950232507366,9.527000918878548,0.3197257433793008,-20.012784957885742,14.437263995409012,31.758941650390625,16.762163189616444,31.439215907011324,35.628561739747596
seq02,validation,270,1788536271.881629,-3.9967785234197684,9.604572219956514,0.3188741557633985,-20.037517547607422,14.49657115340233,31.791181564331055,16.770121108892795,31.472307408567655,35.66150719790618
seq02,validation,271,1788536272.045363,-4.248421792003694,9.608111502000188,0.31454667030941774,-20.061336517333984,14.55596113204956,31.823524475097656,16.56893141008639,31.508977804788238,35.599791718137695
seq02,validation,272,1788536272.2086003,-4.221042952402319,9.691630421910293,0.32275956624350455,-20.084243774414062,14.61542358994484,31.855966567993164,16.609782644004035,31.53320700174966,35.640258462814934
seq02,validation,273,1788536272.367902,-4.201479210710901,9.775151288304198,0.3221441173109909,-20.106237411499023,14.674936205148697,31.888498306274414,16.642392425876572,31.566354188963423,35.68478586792924
seq02,validation,274,1788536272.52773,-4.182950631898266,9.858269242854632,0.3211701482345466,-20.127315521240234,14.734483316540718,31.921110153198242,16.67333906021512,31.599940004963695,35.728930067022716
seq02,validation,275,1788536272.6886241,-4.163160155516259,9.941604125301366,0.3208916860177913,-20.14747619628906,14.794053897261621,31.953798294067383,16.704628941724618,31.63290660804959,35.77269082071254
seq02,validation,276,1788536272.855276,-4.155963272757388,10.019654696525716,0.32033720422211065,-20.166719436645508,14.853626975789666,31.986547470092773,16.724580740221075,31.666210265870664,35.81145729425859
seq02,validation,277,1788536273.015357,-4.124080490260868,10.107734169398595,0.31994402966843083,-20.185043334960938,14.913185395300388,32.01935577392578,16.764453137020524,31.69941174425735,35.85944218633801
seq02,validation,278,1788536273.18015,-4.113887497516868,10.187556595714648,0.3197537809816562,-20.20244789123535,14.972715944051743,32.052215576171875,16.785098317594237,31.73246179519022,35.89830994788629
seq02,validation,279,1788536273.3414931,-4.101115524475214,10.268492937913576,0.31976846805792825,-20.21893119812012,15.032202154397964,32.08511734008788,16.807049342130572,31.765348872029953,35.93764456041306
seq02,validation,280,1788536273.5200841,-4.087064765940429,10.349672666397181,0.31974810445468194,-20.234495162963864,15.091625392436981,32.11804962158203,16.829308484982757,31.79830151712735,35.9771817053095
seq02,validation,281,1788536273.697031,-4.076228320997294,10.428702196355239,0.31973939875443746,-20.24913787841797,15.150969862937927,32.15100860595703,16.848228852534064,31.831269207202595,36.015170620292295
seq02,validation,282,1788536273.867516,-4.063306721346111,10.508070605848411,0.31975132027736586,-20.26285934448242,15.210220873355865,32.18398666381836,16.868186693535936,31.864235343540994,36.053643593353364
seq02,validation,283,1788536274.0552123,-4.04722013816149,10.588731528146177,0.3197479903480198,-20.275659561157227,15.269361078739166,32.21697235107422,16.88995379199501,31.8972243607262,36.092983542708566
seq02,validation,284,1788536274.230578,-4.033475315443095,10.667243306491676,0.3197228602292166,-20.28753852844238,15.328375339508057,32.24995803833007,16.909190482142783,31.930235178100855,36.13115887001436
seq02,validation,285,1788536274.4032521,-4.015900319169817,10.747728022863894,0.3197296173800557,-20.29849624633789,15.38724571466446,32.282936096191406,16.93068381784861,31.96320647881135,36.17035558225947
seq02,validation,286,1788536274.577243,-4.0003399575277205,10.826343737338703,0.31971767737389234,-20.30853271484375,15.445955693721771,32.31589889526367,16.949866242461393,31.99618121788978,36.20847384474214
seq02,validation,287,1788536274.7497282,-3.9829124908252362,10.906153062048645,0.31974443950976617,-20.31764984130859,15.50448876619339,32.34883499145508,16.969629800242796,32.02909055194531,36.24680644059557
seq02,validation,288,1788536274.9191582,-3.9663312472832644,10.983567414663243,0.3197440265580018,-20.325847625732422,15.562833726406097,32.381744384765625,16.988332940303746,32.06200035820763,36.284643074726745
seq02,validation,289,1788536275.0985441,-3.9482292912087096,11.059825917689759,0.3197201913132186,-20.3331241607666,15.620970129966736,32.41461181640625,17.00790452735587,32.094891625093034,36.3228699972637
seq02,validation,290,1788536275.2680552,-3.9311185282217833,11.14047576258021,0.3197472969995263,-20.33948516845703,15.678882956504822,32.44742965698242,17.024442300946355,32.1276823599829,36.35958758680037
seq02,validation,291,1788536275.433355,-3.920884671168112,11.217414180483644,0.31973559443557464,-20.34492683410644,15.736553549766542,32.480194091796875,17.034429300947497,32.1604584973613,36.39322563842723
seq02,validation,292,1788536275.6133761,-3.910710708222442,11.291299236184791,0.31971828445092854,-20.34945297241211,15.793970227241516,32.512893676757805,17.04424516610106,32.19317539230688,36.42673242444335
seq02,validation,293,1788536275.7884853,-4.0513745928919604,11.325554055192855,0.3659753946859199,-20.35306739807129,15.851114153862,32.5455207824707,16.918211563906564,32.179545387784785,36.35586643013205
seq02,validation,294,1788536275.960606,-4.020051921534006,11.406961565823991,0.370708135483385,-20.355764389038082,15.907971858978271,32.578067779541016,16.944456187203205,32.20735964405763,36.39269996471437
seq02,validation,295,1788536276.13779,-3.992686201808925,11.484805142955782,0.3662096304840503,-20.437445687433424,15.922241143338839,32.57883453669907,17.032937292127052,32.21262490621502,36.43863548688447
seq02,validation,296,1788536276.314912,-3.9649735669315387,11.56034427958696,0.3628658865634036,-20.35842895507812,16.020760536193848,32.64288711547851,16.989428852829494,32.2800212289151,36.47794488844684
seq02,validation,297,1788536276.487977,-3.9347977060186374,11.638373197493898,0.3565978857021481,-20.358396530151367,16.076659560203552,32.67514419555664,17.01273006232299,32.31854630985449,36.52288898424764
seq02,validation,298,1788536276.661251,-3.908298174073352,11.712689679847774,0.35191457226783185,-20.357460021972656,16.132211685180664,32.70729064941406,17.032530647382018,32.35537607714623,36.5647023965405
seq02,validation,299,1788536276.8321502,-3.878795310712755,11.788837719931951,0.3459339807047106,-20.35561752319336,16.187395095825195,32.739315032958984,17.053825881916325,32.39338105225428,36.60825198240508
seq02,validation,300,1788536277.002218,-3.8508366372947442,11.860555347217721,0.34209273038085164,-20.352872848510742,16.24220085144043,32.771209716796875,17.073840119930814,32.42911698641603,36.649197057502036
seq02,validation,301,1788536277.1786582,-3.821816539470079,11.934783664699667,0.3359440725888887,-20.34922981262207,16.296608805656433,32.802974700927734,17.093300092780304,32.46703062833885,36.69181088312944
seq02,validation,302,1788536277.358998,-3.7926506128324546,12.006338516415658,0.3301816271271638,-20.356212383152634,16.347554577524498,32.829240189777735,17.12301770741482,32.499058562650575,36.733997098968594
seq02,validation,303,1788536277.541119,-3.764559895256839,12.080387377598985,0.3231494011438041,-20.339252471923828,16.404174089431763,32.86605453491211,17.129377266568728,32.54290513376831,36.775756145671366
seq02,validation,304,1788536277.7104921,-3.7433775604515493,12.153012326585849,0.31982287173463897,-20.332923889160153,16.4573016166687,32.89735794067382,17.138843417368953,32.577535068939184,36.81081016295421
seq02,validation,305,1788536277.885889,-3.7253432737442638,12.220894436500203,0.3196069832670172,-20.32570457458496,16.50997543334961,32.928497314453125,17.145501191740767,32.60889033118611,36.841660382606364
seq02,validation,306,1788536278.058623,-3.7070731472123324,12.293038500458316,0.31967112660375374,-20.317600250244137,16.562177419662476,32.9594612121582,17.15036902670079,32.63979008555445,36.87127682330891
seq02,validation,307,1788536278.2327561,-3.6881335810998874,12.360289096887007,0.3197119530970147,-20.308612823486328,16.61389398574829,32.990242004394524,17.156150057549134,32.67053005129751,36.90117909538768
seq02,validation,308,1788536278.4151833,-3.6686748359987957,12.431548208490005,0.31970401133522963,-20.298744201660156,16.665108680725098,33.020835876464844,17.16048488180855,32.70113186512961,36.93028928453411
seq02,validation,309,1788536278.5863302,-3.7650513521746554,12.481889747132687,0.34384915624827683,-20.288000106811523,16.71580958366394,33.05122756958008,17.0567849470681,32.7073784133318,36.88775562979418
seq02,validation,310,1788536278.760461,-3.7249893003684176,12.552030987366043,0.34382617467712273,-20.276380538940433,16.765981197357178,33.081417083740234,17.079400700977857,32.73759090906311,36.92500219138429
seq02,validation,311,1788536278.929819,-3.6889034278062023,12.620086574939204,0.33915331607607335,-20.263891220092773,16.815611362457275,33.111392974853516,17.097738112309692,32.772239658777444,36.964203505681986
seq02,validation,312,1788536279.0892642,-3.6547619531875326,12.68404489905292,0.334951314163191,-20.25053596496582,16.864683151245117,33.141151428222656,17.11424702537942,32.806200114059465,37.00194882934443
seq02,validation,313,1788536279.2483761,-3.6149109145051486,12.751983295449874,0.3297022112055905,-20.236318588256836,16.913186073303223,33.17068099975585,17.134374853360303,32.84097878855026,37.04209348032956
seq02,validation,314,1788536279.4124823,-3.5772741099411816,12.81739180092366,0.3248623894181635,-20.221240997314453,16.961102724075317,33.19997406005859,17.152025360365585,32.87511167064042,37.08051970131624
seq02,validation,315,1788536279.5690053,-3.539174972960173,12.883101543347589,0.32061082561223775,-20.2053108215332,17.008420944213867,33.22902679443359,17.1691101773579,32.90841596882135,37.11794964514111
seq02,validation,316,1788536279.728434,-3.5046368937210777,12.946292172100431,0.31977096121264337,-20.188528060913082,17.05513048171997,33.25783157348632,17.182397292965394,32.93806061227368,37.15037837803432
seq02,validation,317,1788536279.89059,-3.4708309339340557,13.007209733411498,0.3197709100356221,-20.1708984375,17.101211547851562,33.28637695312499,17.194566161444662,32.96660604308937,37.18131546194344
seq02,validation,318,1788536280.05091,-3.4428079998534664,13.071095208183637,0.3197664555616606,-20.152427673339847,17.146655797958374,33.31466293334961,17.199464635664917,32.99489647778795,37.208665352756626
seq02,validation,319,1788536280.214824,-3.4170913567883887,13.13238734372442,0.31975690908990195,-20.13311767578125,17.191449642181396,33.34267807006836,17.20178835586628,33.022921160978456,37.23459204347773
seq02,validation,320,1788536280.380093,-3.390882745538211,13.193002226480262,0.31976472741785766,-20.11297607421875,17.235578536987305,33.37041473388672,17.203802734261252,33.050650006468864,37.26011667144207
seq02,validation,321,1788536280.55016,-3.3641803972076207,13.251860137417903,0.31973941931549255,-20.092004776000977,17.279033422470093,33.39786911010742,17.20576162555995,33.07812969079193,37.28539790529856
seq02,validation,322,1788536280.723451,-3.336819055606078,13.312434377431666,0.31972174745006865,-20.070209503173828,17.321799278259277,33.42502975463867,17.207014929346112,33.105308007188604,37.31008953392589
seq02,validation,323,1788536280.89843,-3.308982412891665,13.370770652608083,0.3197015823161071,-20.0475959777832,17.363860607147217,33.451900482177734,17.208310534733275,33.13219889986163,37.33454908526156
seq02,validation,324,1788536281.0717812,-3.2807343212082567,13.426766339553643,0.3197311271683878,-20.024168014526367,17.40521001815796,33.47845840454101,17.2096073733937,33.15872727737262,37.35869083093708
seq02,validation,325,1788536281.262971,-3.2517944666720595,13.484236126823763,0.3197301083234325,-19.99992942810059,17.44583487510681,33.50471115112304,17.210296026757426,33.184981042799606,37.382312075894816
seq02,validation,326,1788536281.4281442,-3.222400325467744,13.54020694718819,0.31975231213051125,-19.974887847900387,17.485722303390503,33.530643463134766,17.21083756286398,33.210891151004255,37.405564033431475
seq02,validation,327,1788536281.613058,-3.192461368577521,13.595261196113848,0.319737572504438,-19.94904899597168,17.524863481521606,33.55625534057617,17.211188309818148,33.236517768071735,37.42848001700535
seq02,validation,328,1788536281.7935731,-3.162189110435849,13.647445007350935,0.31971996061405394,-19.922414779663086,17.563241481781006,33.581539154052734,17.211584079118996,33.26181919343868,37.45113139238371
seq02,validation,329,1788536281.975837,-3.1311986715671924,13.701233349666893,0.3197115497995917,-19.895258971886932,17.59770521416175,33.60653321019059,17.21093288417442,33.286821660391,37.473039735178034
seq02,validation,330,1788536282.147913,-3.0995719755439985,13.755481033848657,0.31970396398879175,-19.866788864135742,17.637675046920776,33.631084442138665,17.210781288024354,33.31138047814987,37.49478712973676
seq02,validation,331,1788536282.337398,-3.0677801870740566,13.80531148629085,0.3197357876814648,-19.837808609008786,17.673710823059082,33.655338287353516,17.21041448371327,33.33560249967205,37.51614000290207
seq02,validation,332,1788536282.5117033,-3.035332501516782,13.855864672727437,0.31974950911507993,-19.808055877685543,17.708937406539917,33.67924118041992,17.209602521427602,33.359491671304845,37.53699646366747
seq02,validation,333,1788536282.7017162,-3.0025817378354236,13.903678930833951,0.3197268872929413,-19.777729412757736,17.74154914006899,33.70280411176968,17.208568425595,33.383077224476736,37.5574849029293
seq02,validation,334,1788536282.875088,-2.968961488235157,13.954133369866625,0.31974330047417276,-19.74626350402832,17.77694797515869,33.725955963134766,17.20731746773947,33.40621266266059,37.577477548373
seq02,validation,335,1788536283.0632222,-2.935415767265553,13.998689568021964,0.3197148908982055,-19.7142333984375,17.809703588485718,33.748756408691406,17.206177639565908,33.4290415177932,37.59725210387908
seq02,validation,336,1788536283.255462,-2.901177564960919,14.04419578118736,0.3196640143246372,-19.681457519531246,17.841618061065674,33.771183013916016,17.204598551709104,33.45151899959138,37.61651678060442
seq02,validation,337,1788536283.443634,-2.865877003186758,14.093856577119723,0.3197490969669239,-19.647939682006832,17.87267780303955,33.793228149414055,17.202241645009753,33.47347905244713,37.63496934352312
seq02,validation,338,1788536283.629205,-2.8308314377379786,14.136440513874518,0.31973327399735196,-19.613687515258793,17.902875423431396,33.814884185791016,17.200299126663644,33.495150911793665,37.65335874328528
seq02,validation,339,1788536283.8125913,-2.7952222160849245,14.178947890566262,0.31971405379013906,-19.578704833984375,17.932201385498047,33.83614349365234,17.198028973767627,33.5164294398622,37.67125220881053
seq02,validation,340,1788536283.994908,-2.758775905095929,14.223386540597486,0.31976968211465073,-19.543001174926758,17.960646152496338,33.85700607299805,17.195270492642972,33.53723639088339,37.68850689604393
seq02,validation,341,1788536284.1687121,-2.7221740828009993,14.264555308556751,0.31976186037932863,-19.506582260131832,17.988200187683105,33.87746810913086,17.192495137387535,33.55770624875153,37.70545766499316
seq02,validation,342,1788536284.349382,-2.685179791823196,14.304351488886748,0.319745629642296,-19.46945571899414,18.0148606300354,33.897518157958984,17.18952577839068,33.577772528316686,37.72196448290222
seq02,validation,343,1788536284.5168102,-2.647553709523458,14.344424898738382,0.3197492718517474,-19.431625366210938,18.04061222076416,33.91715240478515,17.186240487562255,33.5974031329334,37.73794323188755
seq02,validation,344,1788536284.689567,-2.610171703522911,14.378947803267865,0.31970247338948554,-19.393098831176758,18.065448760986328,33.936370849609375,17.183041997370502,33.61666837621989,37.75363989074618
seq02,validation,345,1788536284.865585,-2.5715038233585035,14.418170005590278,0.31971285949721784,-19.353883743286133,18.089365005493164,33.95516204833984,17.17923014876109,33.63544918884262,37.76862971619855
seq02,validation,346,1788536285.038958,-2.5329040858917304,14.453185222242725,0.3197252211056396,-19.313987731933594,18.112350463867188,33.97352981567383,17.17539689791669,33.653804594568186,37.78323467214454
seq02,validation,347,1788536285.214911,-2.4937000823186377,14.488313244476533,0.31972712688725413,-19.27341651916504,18.134400844573975,33.99146270751953,17.171279465682154,33.67173558063228,37.797336090002105
seq02,validation,348,1788536285.3935251,-2.4544018112650017,14.520496942347366,0.319727189388582,-19.232177734375,18.155508041381836,34.00896072387695,17.167034415302876,33.68923353448837,37.81099743140201
seq02,validation,349,1788536285.571166,-2.414052414254355,14.555413126817559,0.31975977454377746,-19.190277099609375,18.175663948059082,34.0260124206543,17.16239874557793,33.70625264611052,37.8240584568294
seq02,validation,350,1788536285.753876,-2.3741314545865677,14.584465510354091,0.3197314837533416,-19.147724151611328,18.194864749908447,34.04262161254883,17.157750278945578,33.722890128795484,37.83677725802594
seq02,validation,351,1788536285.929883,-2.333431516515508,14.6146904469593,0.31974055591154515,-19.104524612426758,18.21309995651245,34.058780670166016,17.1527873720327,33.73904011425447,37.84892260634954
seq02,validation,352,1788536286.105556,-2.2920939205482,14.64518705940296,0.31974688192441647,-19.060686111450195,18.23036813735962,34.07448577880859,17.147571473142133,33.75473889688417,37.86055474267833
seq02,validation,353,1788536286.2868621,-2.2509306018821413,14.67158919518993,0.3197313647699982,-19.016216278076172,18.246657371520996,34.08973693847656,17.142226117684128,33.77000557370656,37.871746628825875
seq02,validation,354,1788536286.4630432,-2.2085657726924124,14.701247365213504,0.3197533874851408,-18.97112274169922,18.261969566345215,34.104522705078125,17.136570798524158,33.78476931759298,37.88235336638687
seq02,validation,355,1788536286.63597,-2.166437821276559,14.726625864258379,0.31973804877113654,-18.925411224365234,18.276296615600586,34.11884307861328,17.130772077415774,33.799105029842146,37.892517108087034
seq02,validation,356,1788536286.81026,-2.124197606836935,14.749654058009748,0.31972343165319894,-18.879089355468746,18.289630889892578,34.132698059082024,17.12477250881417,33.81297462742882,37.90217786135492
seq02,validation,357,1788536286.9848263,-2.081316198068205,14.773005289209399,0.3197296326734793,-18.83216857910156,18.30197238922119,34.146080017089844,17.118547376577734,33.826350384416365,37.911299695650655
seq02,validation,358,1788536287.1632962,-2.038268330528539,14.794377270742407,0.31972253173313225,-18.784652709960938,18.313310146331787,34.15898513793945,17.11210911508576,33.83926260620632,37.91991524381871
seq02,validation,359,1788536287.339446,-1.9947624686134195,14.815182101451956,0.3197185345607636,-18.73655128479004,18.323644161224365,34.17141342163085,17.10546108090393,33.85169488707009,37.928011357275324
seq02,validation,360,1788536287.5189261,-1.9504809091443314,14.836949249310884,0.3197668766874411,-18.687871932983402,18.33297061920166,34.18335723876953,17.09860882363304,33.86359036208209,37.93553974724125
seq02,validation,361,1788536287.704564,-1.906647693552735,14.853900824815408,0.3197225306691922,-18.63862228393555,18.341286182403564,34.194820404052734,17.09154265493716,33.875097873383545,37.94262887909654
seq02,validation,362,1788536287.8877752,-1.8618206259459986,14.872850987372471,0.319781735743744,-18.588809967041016,18.348585605621338,34.20579528808593,17.08428820740273,33.886013552342185,37.949108263872525
seq02,validation,363,1788536288.0573022,-1.817088224828537,14.8887507675255,0.31975726645279434,-18.538442611694336,18.354862689971924,34.216278076171875,17.076815405399255,33.89652080971908,37.95512807768932
seq02,validation,364,1788536288.232859,-1.772090785559222,14.903330433969746,0.3197585231426636,-18.48752784729004,18.360121250152588,34.22627258300781,17.06913117037684,33.906514059865145,37.96059713180712
seq02,validation,365,1788536288.420487,-1.7271792909272197,14.915086619984631,0.31972647111954955,-18.436077117919922,18.364357471466064,34.23576736450195,17.0612055845934,33.9160408933824,37.965544456537806
seq02,validation,366,1788536288.5990732,-1.6815060012671443,14.927745097194247,0.31971691887738474,-18.384094238281246,18.367565631866455,34.244766235351555,17.053117577909163,33.92504931647417,37.96995904990153
seq02,validation,367,1788536288.7806091,-1.6355857721220441,14.939089764003809,0.31972689091746,-18.331588745117188,18.36974287033081,34.25326919555664,17.04482021055704,33.93354230463918,37.97382242217592
seq02,validation,368,1788536288.9547632,-1.589218816168036,14.949953160225364,0.3197381101422776,-18.2785701751709,18.370890140533447,34.26126480102538,17.0363510942775,33.94152669088311,37.97715751231812
seq02,validation,369,1788536289.133086,-1.5426075186500816,14.959521258074767,0.3197598343066528,-18.225046157836914,18.371005535125732,34.26876068115234,17.027682870044288,33.949000846845685,37.979950532115346
seq02,validation,370,1788536289.306694,-1.4959394591069506,14.967069132262386,0.31975332807561485,-18.171024322509766,18.37008762359619,34.27575302124023,17.01878344812124,33.955999693164614,37.98221827666521
seq02,validation,371,1788536289.4892821,-1.4494056682462682,14.971873926908222,0.3197329787721799,-18.116514205932617,18.368134021759033,34.28223037719726,17.009617562981635,33.96249739842508,37.983921850921654
seq02,validation,372,1788536289.6674273,-1.402053161392024,14.977798432901455,0.3197399607200533,-18.061521530151367,18.36514377593994,34.288204193115234,17.000352784654133,33.96846423239518,37.985109676164
seq02,validation,373,1788536289.853766,-1.3549201069766077,14.980721917435595,0.3197322604830637,-18.00605583190918,18.361120223999023,34.29366683959961,16.99080379620525,33.973934579116545,37.98572948394217
seq02,validation,374,1788536290.023026,-1.3070170791699136,14.98458019621301,0.3197498064710347,-17.950128555297848,18.356059074401855,34.29861831665039,16.981166904335367,33.97886851017935,37.985833341720344
seq02,validation,375,1788536290.2048242,-1.259315223265746,14.985587398040682,0.31975941831051746,-17.89374542236328,18.349960327148438,34.30305862426757,16.971248429469213,33.98329920595705,37.98536426278366
seq02,validation,376,1788536290.374653,-1.2113132576108177,14.985739457508068,0.3197419313659804,-17.8369140625,18.34282684326172,34.30698013305664,16.961150840645164,33.98723820169066,37.984378347125535
seq02,validation,377,1788536290.5554311,-1.1631611754549984,14.984485252182154,0.31975046674950525,-17.779645919799805,18.334657192230225,34.3103904724121,16.9508470964412,33.9906400056626,37.982822766106786
seq02,validation,378,1788536290.734632,-1.114901956105579,14.981699233225132,0.31974055770010357,-17.721946716308594,18.325453758239746,34.31328582763671,16.940325557407157,33.99354526993661,37.98072866612977
seq02,validation,379,1788536290.9204702,-1.0662968880795043,14.978306868913057,0.31975822305195223,-17.66382598876953,18.315216541290283,34.315662384033196,16.929646730214337,33.99590416098124,37.97807838915074
seq02,validation,380,1788536291.0941913,-1.0177054575871014,14.97297861311665,0.31969596715816717,-17.60529327392578,18.30394983291626,34.31752395629883,16.91873041430357,33.99782798914066,37.97493577099343
seq02,validation,381,1788536291.276148,-0.9687056008240374,14.967332605203408,0.3197535136872005,-17.546356201171875,18.29164981842041,34.31886672973633,16.907678266435752,33.999113216049125,37.97116384625352
seq02,validation,382,1788536291.4484591,-0.9195819566463128,14.960336879852083,0.31978048280272997,-17.487024307250973,18.278322219848633,34.319690704345696,16.896424851341806,33.99991022154297,37.96686802766358
seq02,validation,383,1788536291.616832,-0.8704610056185025,14.95155860324079,0.3197351818315335,-17.427305221557617,18.263967037200928,34.31999588012695,16.884938259414714,34.00026069829542,37.962071434213115
seq02,validation,384,1788536291.807497,-0.8210758319586419,14.941998642718755,0.31979546180818863,-17.36720848083496,18.24858808517456,34.319786071777344,16.873293672996127,33.99999060996915,37.95665160223122
seq02,validation,385,1788536291.9882152,-0.7716689176931263,14.930824404410126,0.319768246989784,-17.306743621826172,18.232189655303955,34.319053649902344,16.8614266297686,33.99928540291256,37.950745920202586
seq02,validation,386,1788536292.176619,-0.7220759699261372,14.918653466725976,0.31977612627380014,-17.245916366577145,18.214772701263428,34.317806243896484,16.849382880755112,33.99803011762268,37.94427170655753
seq02,validation,387,1788536292.364454,-0.6724296804952863,14.905039796655505,0.3197378696153439,-17.184738159179684,18.196340084075928,34.31604385375976,16.8371312543796,33.99630598414441,37.93728785040886
seq02,validation,388,1788536292.538592,-0.622691985542318,14.89015523171881,0.3197160876952809,-17.123218536376953,18.176896572113037,34.31375885009765,16.824685586763728,33.994042762402366,37.929737521178495
seq02,validation,389,1788536292.724558,-0.5726511551265769,14.874771239343811,0.3197806361911122,-17.061365127563477,18.156446933746338,34.31096267700195,16.81211122459247,33.99118204081084,37.92159728122761
seq02,validation,390,1788536292.892467,-0.5220500144777899,14.859769328047468,0.31977859999845815,-16.99918556213379,18.134994506835938,34.307647705078125,16.799496892097658,33.98786910507967,37.91303657228774
seq02,validation,391,1788536293.06054,-0.47184085438860607,14.84196732308926,0.31991654296914085,-16.936689376831055,18.11254072189331,34.30381774902344,16.786538869699733,33.9839012060543,37.903738976607556
seq02,validation,392,1788536293.234102,-0.42189137223041057,14.821783585612655,0.3199144559599245,-16.873886108398438,18.089093685150146,34.29947280883789,16.773295623861163,33.979558352877966,37.893981473871
seq02,validation,393,1788536293.40734,-0.37187997959901314,14.800394161197637,0.31989960886867586,-16.8107852935791,18.06465768814087,34.29461669921875,16.759863492741662,33.974717090350076,37.88369604017882
seq02,validation,394,1788536293.585447,-0.32181506084295525,14.777803268134331,0.31987032866607823,-16.747394561767575,18.039235591888428,34.28924560546875,16.746241451251773,33.96937527680267,37.87288026332135
seq02,validation,395,1788536293.76264,-0.2716748193866633,14.754116559269635,0.31990700227605506,-16.68372344970703,18.012836456298828,34.283367156982415,16.732441412157836,33.96346015470636,37.861474103521395
seq02,validation,396,1788536293.931936,-0.2215032804096128,14.729217583690899,0.31991290578774656,-16.619779586791992,17.985463619232178,34.2769775390625,16.71845100673026,33.957064633274754,37.84955538144192
seq02,validation,397,1788536294.1084352,-0.17131163086498236,14.703100141592467,0.31987939368631557,-16.555574417114258,17.957123279571533,34.27008056640625,16.704272915376354,33.950201172719936,37.8371364310188
seq02,validation,398,1788536294.289354,-0.12106903456550872,14.675904500264885,0.31990813521102246,-16.491113662719727,17.92782163619995,34.26268005371094,16.689916901732882,33.942771918499915,37.82413372039147
seq02,validation,399,1788536294.4598432,-0.07081930874473319,14.64751349676956,0.3199068838329493,-16.426408767700195,17.897567749023438,34.2547721862793,16.675375833620315,33.93486530244635,37.81062340517101
seq03,validation,0,1788536294.736426,3.9968931566533006,5.209971057103441,0.31992059762125624,17.991069793701175,-11.011608123779293,46.69813919067383,21.423739423138638,46.37821859305257,51.087334739008575
seq03,validation,1,1788536294.9464011,3.998554657017373,5.188044526958629,0.319927335118257,18.002655029296875,-11.077633380889893,46.74460983276367,21.463622831170657,46.42468249764541,51.14624375304539
seq03,validation,2,1788536295.151381,3.9995799881179828,5.16728208742456,0.31991558915216123,18.013383865356445,-11.142204284667969,46.79119110107422,21.503163600530403,46.47127551192206,51.20513150589638
seq03,validation,3,1788536295.362432,3.999978485426654,5.14773875698454,0.31992483112728753,18.02324867248535,-11.205314636230469,46.83788299560547,21.542387565462427,46.51795816447818,51.26397266904636
seq03,validation,4,1788536295.563296,3.999744926371081,5.129391967595118,0.31993317805683485,18.032255172729492,-11.266952991485596,46.88466644287109,21.58127595466323,46.56473326481425,51.32276157665938
seq03,validation,5,1788536295.766929,3.9988767244685848,5.112230104750112,0.3199278716092011,18.040403366088867,-11.32710886001587,46.93153381347656,21.619813505805393,46.61160594186736,51.38149612949909
seq03,validation,6,1788536295.953414,3.9973743502174752,5.096256447059487,0.31991028253050957,18.04768943786621,-11.385775089263916,46.97847366333008,21.657994312183412,46.65856338079957,51.440161881419655
seq03,validation,7,1788536296.1426613,3.995248931211657,5.081539180383845,0.31992721575603755,18.05411911010742,-11.442942142486572,47.0254783630371,21.695859367559926,46.705551147281064,51.49872640821543
seq03,validation,8,1788536296.3328793,3.9924864040386177,5.068002627871011,0.31991982262321006,18.0596866607666,-11.498596668243408,47.07252502441406,21.7333461597819,46.75260520179085,51.55719570007108
seq03,validation,9,1788536296.5204523,3.9890945703938763,5.055687521679022,0.3199159471978954,18.064399719238278,-11.552738666534424,47.11960220336914,21.77048542137772,46.79968625617124,51.61554677767623
seq03,validation,10,1788536296.6949053,3.9850710118812103,5.044585768219382,0.31990592966879405,18.068250656127926,-11.605352401733395,47.16670608520508,21.807255442979876,46.846800155536286,51.673775503325956
seq03,validation,11,1788536296.8792741,3.980421840071903,5.034724446867093,0.3199106998969252,18.07124900817871,-11.656433582305908,47.2138328552246,21.843675666798465,46.89392215532768,51.73186737153624
seq03,validation,12,1788536297.069467,3.9751461909893027,5.0260970526267785,0.3199208954021009,18.07339286804199,-11.705974578857422,47.260955810546875,21.87973446932447,46.941034915144776,51.789801499455336
seq03,validation,13,1788536297.2494621,3.9692383422181843,5.018675490516217,0.3199158272111897,18.074682235717773,-11.753969669342041,47.30806350708008,21.91540948947068,46.98814767986889,51.84757656319483
seq03,validation,14,1788536297.4372392,3.9627073964098174,5.012500912648351,0.31992453261630316,18.075119018554684,-11.80040979385376,47.35515975952148,21.950720448715636,47.03523522690517,51.90517778669064
seq03,validation,15,1788536297.6177711,3.9555488995761223,5.007548626415475,0.3199267386913589,18.074705123901367,-11.84528923034668,47.40221405029297,21.985647962096042,47.08228731160161,51.96258745294945
seq03,validation,16,1788536297.7938402,3.94775903531374,5.003796169887397,0.31990390180475803,18.073442459106445,-11.888603210449219,47.44922637939453,22.020174590906606,47.129322477589774,52.01981474602402
seq03,validation,17,1788536297.977739,3.93934691694596,5.001284629644998,0.31988851741009294,18.071331024169922,-11.930341720581055,47.496185302734375,22.054318073123454,47.17629678532428,52.07682713114825
seq03,validation,18,1788536298.1616051,3.9303200622019347,5.000035957649199,0.31989459930075226,18.06837272644043,-11.97050666809082,47.54307174682617,22.088092949569916,47.22317714752542,52.1336005859504
seq03,validation,19,1788536298.350032,3.9206727941914514,5.000023432914824,0.31990378260469954,18.064573287963864,-12.009087085723877,47.58987808227539,22.121477387665614,47.26997429967069,52.19013539074725
seq03,validation,20,1788536298.538582,3.910407031636807,5.001247069826097,0.3199151123580306,18.0599308013916,-12.046080112457275,47.6365966796875,22.154466524172353,47.31668156732947,52.24642324135433
seq03,validation,21,1788536298.729262,3.8995229430380056,5.003700145859307,0.319922625110554,18.05445098876953,-12.08148193359375,47.68321228027344,22.18705556552966,47.36328965516288,52.302453495287956
seq03,validation,22,1788536298.9072793,3.888014977880069,5.007351287187188,0.3199015163185883,18.04813194274902,-12.11529016494751,47.72970962524413,22.219220570423502,47.409808108925546,52.35822445120034
seq03,validation,23,1788536299.089333,3.875893299304591,5.0122369818792025,0.3198845813593667,18.04098129272461,-12.147497177124023,47.77608108520508,22.250981872020706,47.45619650384571,52.41370794821343
seq03,validation,24,1788536299.276544,3.8631623139959745,5.018365178450198,0.31987724591942657,18.032997131347656,-12.178104400634766,47.82231903076172,22.282342442737622,47.50244178484229,52.46889326313027
seq03,validation,25,1788536299.4731421,3.849840585905565,5.0257986943623925,0.31992840829753466,18.024187088012695,-12.207103729248047,47.868408203125,22.313337372600163,47.548479794827465,52.52373706718317
seq03,validation,26,1788536299.658029,3.835884150761629,5.0343530967376395,0.3198974024414163,18.01454734802246,-12.234495162963867,47.91434097290039,22.343849495508927,47.59444357045898,52.57830987260392
seq03,validation,27,1788536299.83643,3.8213340287210693,5.044179247001551,0.3199013970511435,18.004087448120114,-12.260278701782227,47.96009826660156,22.373975048182686,47.64019686955042,52.63252907875721
seq03,validation,28,1788536300.0171893,3.8061842559659715,5.055243256532732,0.3199182123606843,17.992809295654297,-12.284448623657227,48.00566864013672,22.403688190042224,47.685750427776036,52.68639329444349
seq03,validation,29,1788536300.194123,3.790424980783461,5.0674940398078485,0.31990879109727044,17.980712890624996,-12.307007312774658,48.051048278808594,22.432957188366544,47.731139487711324,52.73992079071073
seq03,validation,30,1788536300.372658,3.7740625879252803,5.080946060384246,0.3198857730207765,17.967802047729492,-12.32795143127441,48.09622573852539,22.461788702769915,47.77633996550461,52.793092466982415
seq03,validation,31,1788536300.556138,3.757116433742056,5.0956576764786865,0.3199008603271456,17.954084396362305,-12.347278594970703,48.14118194580078,22.490218431609563,47.821281085473636,52.84585934354166
seq03,validation,32,1788536300.744776,3.739582737728678,5.11160057433847,0.3199322241272542,17.939559936523445,-12.364990234375,48.1859130859375,22.518227699832405,47.86598086181024,52.89822967363543
seq03,validation,33,1788536300.922475,3.72144223891915,5.128688497926974,0.31991451550147443,17.92414791421574,-12.381403970610167,48.2303144349836,22.545957215337367,47.910399919482124,52.95022764068664
seq03,validation,34,1788536301.1113963,3.702718697177568,5.146995116758623,0.3199110572396251,17.908109664916992,-12.395566940307617,48.27465820312499,22.57287345626057,47.95474714588537,53.001814967962694
seq03,validation,35,1788536301.2869153,3.683414448092135,5.166514426729253,0.31991910666572343,17.891191482543945,-12.40843391418457,48.31863784790038,22.599551708971703,47.99871874123466,53.05296163501749
seq03,validation,36,1788536301.461056,3.6635256264091356,5.187214353510944,0.3199179738440816,17.87348175048828,-12.419687747955322,48.36235427856445,22.625778542602056,48.04243630472037,53.10368669642425
seq03,validation,37,1788536301.6392581,3.6430584942264175,5.2091039610869805,0.31991868938289314,17.85498809814453,-12.429325103759766,48.40578079223633,22.651558951700313,48.08586210285343,53.153958056921695
seq03,validation,38,1788536301.81503,3.622018014319453,5.2321820878906475,0.3199247116196302,17.83571052551269,-12.437355041503906,48.448921203613274,22.676895668715407,48.12899649199365,53.20377712621671
seq03,validation,39,1788536301.990376,3.600402242396345,5.2564235197940885,0.319920478507552,17.815658569335938,-12.443773746490475,48.49175262451172,22.701772963933536,48.171832146004164,53.25313049961273
seq03,validation,40,1788536302.169275,3.5782124593144937,5.281818054284097,0.31990109926129007,17.794830322265625,-12.448587417602539,48.53427505493163,22.726185374116103,48.21437395567035,53.30202020182642
seq03,validation,41,1788536302.3456652,3.555469783815677,5.3084180238221,0.3199164836221342,17.773237228393555,-12.451793670654297,48.576473236083984,22.750165505787308,48.25655675246185,53.350401124492834
seq03,validation,42,1788536302.538141,3.5321632939815695,5.336168690263332,0.3199251887484671,17.75088119506836,-12.45340347290039,48.61833572387695,22.77368693249065,48.29841053512848,53.398289080446254
seq03,validation,43,1788536302.714621,3.5082930421669074,5.365046574936112,0.31991415745818763,17.727764129638672,-12.453413486480713,48.65985107421875,22.796729523502968,48.339936916760564,53.445676888632846
seq03,validation,44,1788536302.910499,3.4838708855351452,5.395077323563293,0.319913860405485,17.703893661499023,-12.451831817626953,48.7010154724121,22.819316677824325,48.38110161200662,53.49254346947937
seq03,validation,45,1788536303.088476,3.458900201766576,5.426248758784568,0.31991463519195973,17.679277420043945,-12.448657989501953,48.74181365966797,22.841440836559347,48.42189902447601,53.53888049470769
seq03,validation,46,1788536303.265001,3.4333839967484976,5.458552211660844,0.3199177353569065,17.653915405273438,-12.443899154663086,48.78223419189453,22.863098619050696,48.46231645653762,53.58467499946263
seq03,validation,47,1788536303.43974,3.407320725884791,5.4919587414057025,0.31990783719653115,17.627817153930664,-12.43756103515625,48.822269439697266,22.884278404140073,48.502361602500734,53.62992894921575
seq03,validation,48,1788536303.612628,3.3807181546774507,5.526473874232542,0.3198963888810782,17.600982666015625,-12.429647445678707,48.861907958984375,22.904982331968633,48.5420115701033,53.674622522192344
seq03,validation,49,1788536303.7919462,3.3535798809861608,5.5620859187506335,0.31987879715401424,17.57342529296875,-12.420162677764889,48.901145935058594,22.92521031806615,48.58126713790458,53.71875635987875
seq03,validation,50,1788536303.973491,3.3259291201015255,5.5988500673768,0.3199041399092175,17.545143127441403,-12.409114837646484,48.93996429443359,22.944996121313267,48.62006015452437,53.762283214505025
seq03,validation,51,1788536304.152363,3.297734975490511,5.636640009572848,0.31988452065434103,17.51614761352539,-12.396509647369385,48.978363037109375,22.96427104210159,48.658478516455034,53.805253238242656
seq03,validation,52,1788536304.3379233,3.269035989361917,5.6755594034806025,0.319905809654202,17.486440658569336,-12.382351398468018,49.01632308959961,22.983096790013605,48.69641727994541,53.84759784764497
seq03,validation,53,1788536304.519644,3.2398166863301143,5.715533100778415,0.3199179145071058,17.45602798461914,-12.366647720336914,49.053848266601555,23.001433149373792,48.73393035209445,53.889348618144425
seq03,validation,54,1788536304.696327,3.210078540122657,5.756538722326107,0.3199093280726477,17.42491340637207,-12.349407196044922,49.09091186523437,23.019270359281947,48.77100253716172,53.930487633188996
seq03,validation,55,1788536304.872409,3.1798344802773704,5.798594248372539,0.3199027088841042,17.393112182617184,-12.33063697814941,49.12751388549805,23.03662926533586,48.807611176613946,53.97100329506631
seq03,validation,56,1788536305.042387,3.149095708217929,5.841711356120953,0.3199166620046985,17.360620498657223,-12.310343265533447,49.16365051269531,23.053514349374055,48.84373385069061,54.01087724092153
seq03,validation,57,1788536305.216376,3.1178571795255796,5.885846259996018,0.3199235786354122,17.327445983886715,-12.288536071777344,49.1993064880371,23.069906526262763,48.87938290940169,54.050112495113375
seq03,validation,58,1788536305.3977401,3.086120474282026,5.930977548460615,0.3199160658541602,17.293527161569884,-12.26546552630925,49.2343987322164,23.08594692342794,48.91448266636224,54.08870085211128
seq03,validation,59,1788536305.5752332,3.0538913398453844,5.977094731682946,0.31989483822494336,17.259086608886715,-12.240410327911373,49.26914596557617,23.101191814015547,48.94925112735123,54.12665008252806
seq03,validation,60,1788536305.746907,3.0211991669102454,6.024269059899861,0.31992405587834516,17.22391128540039,-12.214109659194946,49.30330276489258,23.11613051143805,48.98337870901423,54.16388907355662
seq03,validation,61,1788536305.9132202,2.988012515324726,6.0723664833439726,0.3199073607341776,17.188077926635742,-12.186331033706661,49.33695602416992,23.13054025967968,49.017048663435745,54.20048848837334
seq03,validation,62,1788536306.079483,2.9543694551597564,6.121483494295601,0.3199312703333381,17.151501899641595,-12.15740319806256,49.36998855601868,23.14468121098727,49.05005728568535,54.23637513779144
seq03,validation,63,1788536306.2443993,2.920250660896468,6.1715267424733735,0.31993001812803024,17.114477157592773,-12.126371622085571,49.40267944335937,23.157917661120667,49.082749425231334,54.27158963527134
seq03,validation,64,1788536306.413609,2.8856665273624733,6.222501573914333,0.31991976321898385,17.076721191406254,-12.094215869903564,49.43474197387695,23.170847425041266,49.11482221065797,54.30611320265043
seq03,validation,65,1788536306.583591,2.850633537236256,6.274430669971177,0.31992602374688905,17.03833198547363,-12.060619592666626,49.46624755859375,23.183288278231192,49.14632153484686,54.33990960425058
seq03,validation,66,1788536306.744637,2.8151474809573243,6.327268866738886,0.31992280335370094,16.99932670593262,-12.025594711303711,49.49720764160156,23.195226702933155,49.177284838247864,54.37300695991189
seq03,validation,67,1788536306.913283,2.7792138536759006,6.381003088735136,0.31991368069414605,16.95970153808594,-11.98915505409241,49.527603149414055,23.206657259506336,49.207689468719906,54.40538249116686
seq03,validation,68,1788536307.0810342,2.742844969642976,6.435642700670018,0.31991481420874224,16.919469833374023,-11.95130729675293,49.557430267333984,23.217592957382315,49.23751545312524,54.43702371301572
seq03,validation,69,1788536307.242017,2.7060371523237587,6.491143438740025,0.3198996681963653,16.878637313842773,-11.912067651748657,49.586677551269524,23.228017000583034,49.26677788307316,54.46793714433695
seq03,validation,70,1788536307.4088151,2.6688156946315673,6.547553518900397,0.3199207766175234,16.837211608886715,-11.87144684791565,49.6153450012207,23.23796499902372,49.29542422460318,54.49809048746062
seq03,validation,71,1788536307.597894,2.6311626967046413,6.604782172515722,0.31991439660439225,16.79520034790039,-11.8294563293457,49.6434211730957,23.24738935295748,49.323506776491314,54.527510785461175
seq03,validation,72,1788536307.778731,2.5930996011378338,6.6628669514389465,0.31992304218157375,16.752609252929688,-11.786108016967773,49.6708984375,23.256319376979764,49.35097539531843,54.5561652192803
seq03,validation,73,1788536307.954695,2.55461816889631,6.721746053794216,0.3199092092744096,16.709442138671875,-11.741417169570923,49.69776916503906,23.264725182730096,49.377859955764656,54.58406811184984
seq03,validation,74,1788536308.137371,2.515746853582204,6.781479013569351,0.3199304356359587,16.665714263916016,-11.695394515991211,49.72403335571289,23.272654192010087,49.40410292007693,54.61118766771548
seq03,validation,75,1788536308.316533,2.476463202472854,6.84195406166854,0.31990926825169885,16.621427536010742,-11.64805436134338,49.749671936035156,23.2800435454943,49.42976266778346,54.637549953063505
seq03,validation,76,1788536308.512913,2.436790071023284,6.903213990017497,0.31989483851031486,16.57659149169922,-11.5994131565094,49.77469253540038,23.28693186187359,49.45479769689007,54.66313392753718
seq03,validation,77,1788536308.6986072,2.3967406620845906,6.9652679784199085,0.3199026492874555,16.531215667724606,-11.549480676651001,49.79907989501953,23.293331694833014,49.479177245732075,54.68791715141547
seq03,validation,78,1788536308.877895,2.3563144088287906,7.028074728671902,0.31991505246422514,16.485301971435547,-11.49827241897583,49.82283401489258,23.299223767744962,49.50291896242835,54.711907424071775
seq03,validation,79,1788536309.057012,2.3155084514562767,7.09158970327917,0.31990658529362426,16.438861846923825,-11.445801258087158,49.84594726562499,23.304591281286417,49.52604068033137,54.73511377769894
seq03,validation,80,1788536309.229665,2.274339541397807,7.155831459477213,0.31990587002819537,16.39189910888672,-11.392086267471313,49.868408203125,23.309456024267256,49.548502333096806,54.7575092895956
seq03,validation,81,1788536309.407315,2.2328109602162223,7.220774003155085,0.3199029473695927,16.344430923461914,-11.337139368057251,49.890213012695305,23.313814931934584,49.570310065325714,54.779098264329136
seq03,validation,82,1788536309.5857902,2.190933154410893,7.2864121852887065,0.3199095665582343,16.296455383300778,-11.280975580215454,49.91136169433594,23.3176681034854,49.5914521277777,54.79987016340429
seq03,validation,83,1788536309.771671,2.1487158085750284,7.352743285094323,0.31993484752814894,16.247983932495114,-11.223612070083615,49.93184280395507,23.321027848532683,49.61190795642692,54.819811665026855
seq03,validation,84,1788536309.9559062,2.106143834770175,7.419674622429303,0.31991701969169095,16.19902229309082,-11.165062189102176,49.951663970947266,23.32384328524978,49.63174695125557,54.83896398573152
seq03,validation,85,1788536310.1279192,2.06323810702758,7.487235952768865,0.31989543450742053,16.149581909179688,-11.105343341827389,49.97080612182617,23.326145985530452,49.65091068731875,54.85728774391222
seq03,validation,86,1788536310.3149462,2.020023026065458,7.555477508898956,0.3199208958856268,16.09967041015625,-11.044470071792603,49.98927307128906,23.3279772047387,49.66935217540343,54.87475800392256
seq03,validation,87,1788536310.492984,1.9764786659842994,7.624285271264881,0.31991696065024633,16.049293518066403,-10.982462167739868,50.00705337524413,23.329277059520994,49.68713641459389,54.89140819110359
seq03,validation,88,1788536310.6763642,1.9326240312360228,7.693686202882756,0.3199179741997953,15.998461723327637,-10.919332504272457,50.02414321899414,23.330071911015942,49.704225244794344,54.907215031891994
seq03,validation,89,1788536310.8689072,1.8884670407554502,7.7636654205184135,0.3199270966443726,15.947179794311523,-10.855098962783813,50.04054641723633,23.33036200850565,49.72061932059196,54.92217928188161
seq03,validation,90,1788536311.0626462,1.8440054789295173,7.834173630095116,0.3199178549046322,15.895458221435547,-10.789779663085938,50.056255340576165,23.33012988479639,49.736337485671534,54.93631064177941
seq03,validation,91,1788536311.2453332,1.799256847006118,7.905230594307108,0.31992023981157147,15.84330749511719,-10.723392724990845,50.07125473022461,23.329401307770425,49.751334490413036,54.949579151763864
seq03,validation,92,1788536311.423058,1.7542210329622199,7.976793909056533,0.3199145159316732,15.790729522705075,-10.655950784683231,50.0855598449707,23.32815349325168,49.76564532903903,54.962006881303154
seq03,validation,93,1788536311.6031451,1.708904692952811,8.048842326987774,0.3198975218283775,15.737738609313965,-10.587477087974545,50.09915542602538,23.326392399797843,49.779257904197,54.973585474133905
seq03,validation,94,1788536311.778954,1.6633298189931212,8.121415676077117,0.3199142770539496,15.684337615966797,-10.517984747886658,50.112041473388665,23.324148597701427,49.79212719633472,54.98428719683136
seq03,validation,95,1788536311.956895,1.6174878310697682,8.19443568524662,0.3199179736796678,15.630541801452633,-10.447494745254513,50.12420654296875,23.321390433516335,49.804288569289085,54.994130701789686
seq03,validation,96,1788536312.137844,1.5713896025662257,8.267897725788417,0.31991928569838124,15.576354980468748,-10.37602436542511,50.13566207885742,23.31812355614165,49.81574279315904,55.00311914985972
seq03,validation,97,1788536312.316488,1.5250305991706745,8.341737055583824,0.31988231546647805,15.521781921386717,-10.303593158721927,50.14639663696288,23.314317197303023,49.826514321496404,55.01126171800412
seq03,validation,98,1788536312.50199,1.4784527427619658,8.416072702683593,0.31991159365878064,15.466837882995605,-10.230217099189758,50.156410217285156,23.310063110316868,49.836498623626376,55.0185026810951
seq03,validation,99,1788536312.6870131,1.4316268889759916,8.490741221516103,0.31989758151631986,15.411527633666992,-10.155914187431335,50.16569900512695,23.30526512982508,49.84580142361063,55.02489711333829
seq03,validation,100,1788536312.867014,1.3845836842947012,8.56581656711229,0.31991010372154327,15.355863571166992,-10.08070993423462,50.17426300048828,23.299991679027585,49.85435289676674,55.03041081981952
seq03,validation,101,1788536313.0487833,1.3373136929364342,8.641213032890889,0.31989573270460325,15.299848556518555,-10.004613876342773,50.18208694458007,23.294188995237597,49.86219121187547,55.035055677227035
seq03,validation,102,1788536313.2253962,1.2898404464520536,8.716976641639736,0.3199073607425982,15.24349308013916,-9.927652478218079,50.18919372558594,23.287907094426778,49.86928636484334,55.03882574489942
seq03,validation,103,1788536313.4009712,1.2421557258788383,8.793025347381521,0.3198934661651056,15.186806678771973,-9.849842309951782,50.195564270019524,23.28110402637443,49.87567080385442,55.0417327381808
seq03,validation,104,1788536313.572235,1.1942866851330642,8.86942146306118,0.3199189278170864,15.129796981811523,-9.771202087402344,50.20119857788086,23.273832808090006,49.881279650063775,55.04374036261338
seq03,validation,105,1788536313.762835,1.1462194652280018,8.946055356242496,0.31991284602255976,15.07247543334961,-9.691753983497616,50.20609664916992,23.2660383880485,49.88618380314736,55.044889651225105
seq03,validation,106,1788536313.942176,1.0979714044892392,9.022950757463105,0.31990819549473115,15.014842987060547,-9.611515641212463,50.21025848388672,23.25774392775769,49.890350288391986,55.04516059116918
seq03,validation,107,1788536314.123004,1.0495557227693686,9.100112123879363,0.3199210743483747,14.956918716430664,-9.530506312847141,50.21368408203124,23.248971778819662,49.89376300768287,55.04454810277923
seq03,validation,108,1788536314.295442,1.0009663638975226,9.177459767638672,0.3199077778759325,14.898700714111326,-9.44874769449234,50.21636962890625,23.239677805242003,49.89646185103032,55.0430697703424
seq03,validation,109,1788536314.4729471,0.952224286256306,9.255034356572777,0.31991254775875877,14.84020709991455,-9.366261184215546,50.21831893920898,23.229909906193132,49.898406391450216,55.04070924921089
seq03,validation,110,1788536314.646889,0.9033340520868967,9.332803963499392,0.3199271563533712,14.781439781188965,-9.28306245803833,50.21952438354492,23.21965334049308,49.89959722719155,55.03746092152702
seq03,validation,111,1788536314.8239503,0.8542856720661618,9.410665098217207,0.31988338874522326,14.72240924835205,-9.19917494058609,50.219993591308594,23.20885602085943,49.90011020256337,55.03337165779462
seq03,validation,112,1788536315.0002072,0.8051166968157779,9.488738573416589,0.3198926918434195,14.663126945495605,-9.114620208740234,50.21971893310546,23.1976163868223,49.89982624126204,55.02837508902394
seq03,validation,113,1788536315.17351,0.7558175639153245,9.566923303723254,0.31988988919069805,14.603595733642582,-9.029415279626843,50.21870422363281,23.18587434073967,49.898814334442115,55.02250849359466
seq03,validation,114,1788536315.3517902,0.7064066092836978,9.645251941125727,0.3199170801507374,14.543773756815629,-8.94387085310952,50.21686055463814,23.17386924608733,49.8969434744874,55.015753961305876
seq03,validation,115,1788536315.524714,0.6568698727592589,9.723598525770045,0.31988827909852935,14.483837127685547,-8.857145428657532,50.21445846557617,23.160938438862978,49.894570186477644,55.00815579041116
seq03,validation,116,1788536315.6971443,0.6072380903982615,9.80205500949691,0.3198916767229789,14.423546153358737,-8.770526911099866,50.21109873761981,23.148027295817343,49.891207060896825,54.99967008702131
seq03,validation,117,1788536315.877949,0.5575165137089536,9.880594393669293,0.3199229824603256,14.363198280334473,-8.682531215250492,50.20726013183593,23.134097808513513,49.887337149375604,54.99029813766553
seq03,validation,118,1788536316.066317,0.5076976630985138,9.959114118617105,0.3199164238692451,14.302570343017578,-8.594396770000458,50.202552795410156,23.119932494478178,49.88263637154091,54.980075390313935
seq03,validation,119,1788536316.2527413,0.45779934304930053,10.037647230904092,0.3199115938342678,14.24174976348877,-8.505741450935599,50.19710922241211,23.105292748608786,49.87719762857784,54.96898576724083
seq03,validation,120,1788536316.4362822,0.4078282259164281,10.116168889797395,0.31990724204107956,14.180744171142578,-8.416582226753235,50.19093322753906,23.090172749078196,49.87102598549798,54.95703149214383
seq03,validation,121,1788536316.6317163,0.35779625218791516,10.194680616691464,0.3199147545923735,14.119563102722168,-8.32694287598133,50.18402099609375,23.074591299799707,49.864106241501375,54.944206745720955
seq03,validation,122,1788536316.816489,0.3077065543157878,10.27313880713788,0.319917914483683,14.058215141296385,-8.236842930316925,50.1763801574707,23.05853226728747,49.85646224298702,54.93052646487132
seq03,validation,123,1788536316.992279,0.25756445343412837,10.351505899965787,0.319903961755702,13.996706008911133,-8.146304994821552,50.168010711669915,23.041983824765353,49.848106749914216,54.915997351696994
seq03,validation,124,1788536317.193196,0.20738568036127636,10.429809584585612,0.3199070022058954,13.935050964355469,-8.055349737405773,50.15891647338867,23.024984458383123,49.83900947118278,54.90060814214567
seq03,validation,125,1788536317.3781803,0.15716917607127184,10.507977681213525,0.31988953137089204,13.873251914978027,-7.964000582695004,50.14908599853515,23.00749674959979,49.82919646716426,54.88436687478594
seq03,validation,126,1788536317.562931,0.10693300831589721,10.586050913869732,0.31989400366563414,13.811320304870605,-7.87227475643158,50.13854217529297,22.98956323475665,49.81864817162734,54.86727370093453
seq03,validation,127,1788536317.7425742,0.056682033642710475,10.663994583820042,0.3199099247171875,13.74926471710205,-7.780197203159329,50.127273559570305,22.971178272310016,49.80736363485312,54.84932546050805
seq03,validation,128,1788536317.9428492,0.0064225706643617235,10.741778532642591,0.3199291834298148,13.687091827392578,-7.68778795003891,50.11529159545898,22.952333912950245,49.795362412029164,54.83053665428502
seq03,validation,129,1788536318.137238,-0.04384127196334944,10.819356574083717,0.3199312701805108,13.624816894531248,-7.5950703620910645,50.10259246826172,22.933018455061664,49.78266119808121,54.810917629822065
seq03,validation,130,1788536318.318484,-0.09410004558945424,10.89671990375603,0.3199227439428458,13.562440872192381,-7.502061843872067,50.08918380737304,22.913233722805305,49.76926106343019,54.79047021550163
seq03,validation,131,1788536318.498162,-0.1443416552637315,10.973877852594946,0.3199277523990194,13.499975204467772,-7.408787310123444,50.07506561279296,22.893006815474756,49.755137860393944,54.76918389532731
seq03,validation,132,1788536318.672966,-0.1945669416356906,11.050747202172612,0.3198950173696191,13.437428474426268,-7.315265417098999,50.06024932861328,22.872291502050647,49.740354311243664,54.747096412164495
seq03,validation,133,1788536318.865684,-0.24475020334673997,11.127443538998993,0.31992888547548515,13.374809265136719,-7.221521377563477,50.044727325439446,22.8511906391067,49.72479843996396,54.724149089043316
seq03,validation,134,1788536319.066523,-0.2949002652420197,11.203819345775957,0.3199290640190744,13.312129020690916,-7.127575159072872,50.02850341796875,22.82961389250021,49.70857435394968,54.70039885396433
seq03,validation,135,1788536319.2707222,-0.34500447281502117,11.279892622220855,0.31992560583341256,13.249391555786131,-7.033445239067078,50.0115966796875,22.807585295338235,49.69167107385409,54.67584586557611
seq03,validation,136,1788536319.472453,-0.3950543500063432,11.35564780288708,0.31992161121784757,13.186606407165527,-6.939157962799072,49.99399185180664,22.785114152162716,49.67407024058879,54.65047741048595
seq03,validation,137,1788536319.677418,-0.4450409068309915,11.431078578840797,0.319924592708807,13.123784065246582,-6.844730377197262,49.9757080078125,22.76221000079906,49.65578341510369,54.62430805683642
seq03,validation,138,1788536319.8532581,-0.4949605821911919,11.506120094447747,0.3198986537862225,13.060932159423828,-6.750187516212463,49.95674133300781,22.73884332144493,49.63684267922159,54.59735475972269
seq03,validation,139,1788536320.0317142,-0.5447987291327895,11.580823695186016,0.31989978711318456,12.998061180114746,-6.655546426773071,49.93709945678711,22.715066580280727,49.61719966967392,54.569595497922435
seq03,validation,140,1788536320.2118332,-0.5945492113168577,11.655154254167053,0.3199141578717104,12.93514727257164,-6.561172080183647,49.91667194139714,22.69112672534583,49.59675778352543,54.54104522928942
seq03,validation,141,1788536320.3877141,-0.644207788650635,11.729056996626678,0.3199124881007267,12.872289657592773,-6.466064453125,49.89581298828124,22.666233647995384,49.575900500180516,54.51172404345066
seq03,validation,142,1788536320.5831492,-0.6937635942480329,11.802545312845972,0.31992322145422625,12.809406280517578,-6.37126612663269,49.87417984008789,22.64117971538813,49.554256618633666,54.481624130801215
seq03,validation,143,1788536320.775521,-0.7432125024147925,11.875555758867868,0.31990551223702757,12.746535301208496,-6.276455283164978,49.85188293457031,22.615675994217852,49.531977422333284,54.45076297024658
seq03,validation,144,1788536320.9596841,-0.7925413858542577,11.94813677312561,0.3199144564764167,12.68368625640869,-6.181654334068298,49.82894515991211,22.58977726885724,49.50903070343569,54.41913411889533
seq03,validation,145,1788536321.139691,-0.8417492944453792,12.02017865650842,0.3198773648506916,12.620868682861326,-6.086885690689087,49.80535888671875,22.56341866997226,49.48548152186806,54.386769931000664
seq03,validation,146,1788536321.3230102,-0.8908173848929518,12.091820708935344,0.31991797445628234,12.558088302612305,-5.992168664932249,49.78113555908203,22.53671972283383,49.46121758462575,54.35361791839858
seq03,validation,147,1788536321.5026813,-0.9397504720311761,12.162862529423704,0.3198926914355218,12.495353698730467,-5.897524833679197,49.756282806396484,22.50954499283679,49.436390114960965,54.31975960351034
seq03,validation,148,1788536321.692436,-0.9885306424195768,12.233442401730983,0.31992167055981025,12.432673454284668,-5.802974700927733,49.7308006286621,22.482016397700423,49.410878958102295,54.28513627797858
seq03,validation,149,1788536321.872628,-1.037157997783748,12.303415694665688,0.3199101034717784,12.370058059692386,-5.708539247512817,49.7047004699707,22.454041134079063,49.384790366498926,54.24980629268606
seq03,validation,150,1788536322.058567,-1.0856203776092272,12.372841841456335,0.3199128457129825,12.307512283325195,-5.614238023757935,49.67799377441406,22.425678240601442,49.35808092870108,54.213754689333136
seq03,validation,151,1788536322.2400022,-1.1339151837730626,12.441600218294155,0.31985655272793245,12.245048522949217,-5.520092487335203,49.65066909790039,22.396854125462596,49.330812545172456,54.17700749473152
seq03,validation,152,1788536322.419924,-1.182025750938409,12.509867536283151,0.3198817195879824,12.182670593261719,-5.426124334335331,49.622749328613274,22.367720329876455,49.30286760902529,54.139520382329245
seq03,validation,153,1788536322.6002293,-1.229951112134873,12.577483854393211,0.3198834487318223,12.120389938354492,-5.332350015640259,49.59423828125,22.338168130278266,49.27435483251818,54.101347483935065
seq03,validation,154,1788536322.7805312,-1.2776815965284631,12.64448127540292,0.3198963281329559,12.058212280273438,-5.23879337310791,49.56513977050781,22.308240128871496,49.24524344237486,54.06247847949774
seq03,validation,155,1788536322.968828,-1.3252109714708225,12.710817516137922,0.3199067646180782,11.996147155761717,-5.14547276496887,49.53546905517578,22.277919224136113,49.215562290557706,54.02293269096837
seq03,validation,156,1788536323.150614,-1.3725309338622167,12.776478692742783,0.3199086719258952,11.934206008911131,-5.0524091720581055,49.5052146911621,22.24721309647151,49.18530601923621,53.98270851639187
seq03,validation,157,1788536323.3357992,-1.419634462816408,12.84146014278548,0.3199173778585698,11.872389793395994,-4.959620952606201,49.474403381347656,22.21612920813277,49.15448600348908,53.94181950267949
seq03,validation,158,1788536323.5445871,-1.4665137042711383,12.90573936745248,0.3199242347891904,11.810712814331053,-4.867129564285278,49.44304275512695,22.184670700531086,49.12311852033776,53.900281884737424
seq03,validation,159,1788536323.741229,-1.513161824882393,12.96928275795427,0.3199166029591274,11.749176979064941,-4.77495265007019,49.4111213684082,22.152821959427115,49.09120476544908,53.85809044228478
seq03,validation,160,1788536323.939017,-1.5595705401834108,13.032112628600022,0.3199235788578083,11.687797546386719,-4.683111667633055,49.37866210937499,22.120622348544433,49.05873853051718,53.81525582297807
seq03,validation,161,1788536324.1182113,-1.6057334089038608,13.094173408198136,0.3199145159326633,11.62657642364502,-4.5916242599487305,49.34567642211914,22.088038904873354,49.025761906186474,53.771802956059446
seq03,validation,162,1788536324.296592,-1.6516421284225822,13.155471916661469,0.3199055711563452,11.56552505493164,-4.500510454177855,49.31216049194336,22.05509514448135,48.99225492078701,53.72772342148422
seq03,validation,163,1788536324.487878,-1.6972906077173615,13.216015160713203,0.3199145749621266,11.504663053393847,-4.410528205807626,49.277855629669176,22.022411573712063,48.95794105470705,53.68301969746241
seq03,validation,164,1788536324.667361,-1.7426702739049276,13.275715871872498,0.3198889351012699,11.443957328796387,-4.319477319717407,49.24359130859375,21.988132503277672,48.92370237349248,53.637735083724124
seq03,validation,165,1788536324.843255,-1.7877753584476543,13.33465702972271,0.3198970439088984,11.383459091186523,-4.2295966148376465,49.20855712890625,21.954143641182682,48.888660084997355,53.59184180380532
seq03,validation,166,1788536325.030395,-1.8325988053885274,13.392794154672984,0.31992179000009435,11.323159217834473,-4.1401636600494385,49.17302703857422,21.91982159823461,48.853105248574124,53.54534967041202
seq03,validation,167,1788536325.2112572,-1.877131410449287,13.450040085278683,0.31990360350029956,11.263066291809082,-4.051196575164795,49.13701629638672,21.88511092727855,48.81711269288642,53.498304384057434
seq03,validation,168,1788536325.3894832,-1.921368177572416,13.50645807258954,0.3199040806028832,11.203190803527832,-3.962714672088623,49.10053634643555,21.85008111728159,48.780632265832665,53.45068876156957
seq03,validation,169,1788536325.560209,-1.9653000727996541,13.56196646834513,0.3198710437971959,11.143537521362305,-3.8747355937957764,49.063587188720696,21.814678587455347,48.7437161449235,53.40252864322868
seq03,validation,170,1788536325.743944,-2.008924724395615,13.61667653087788,0.3198993702860038,11.084111213684082,-3.78727650642395,49.02619171142578,21.779007585297688,48.70629234113978,53.35380103629942
seq03,validation,171,1788536325.938918,-2.0522317811784965,13.670481280077816,0.31991791465854025,11.02492618560791,-3.700355052947998,48.98833847045898,21.742999227269795,48.66842055580044,53.30453240385205
seq03,validation,172,1788536326.1177433,-2.095213420008641,13.72335586930476,0.3199165429951003,10.965986251831053,-3.6139891147613508,48.95005416870117,21.70664570964818,48.63013762570607,53.25475334145583
seq03,validation,173,1788536326.2975512,-2.137863175888808,13.775287710006841,0.31989704397358065,10.907299995422362,-3.528195381164551,48.91134643554687,21.669951759350727,48.591449391573285,53.20447127099766
seq03,validation,174,1788536326.4916651,-2.1801787455449135,13.826353866388413,0.31992888527292895,10.848872184753416,-3.442991256713867,48.87221908569336,21.632994455810415,48.55229020042043,53.153657755896404
seq03,validation,175,1788536326.680098,-2.2221451483469,13.87639147177887,0.31989662746091496,10.790712356567381,-3.358393430709839,48.83268356323242,21.595653985889307,48.51278693577151,53.102380053570286
seq03,validation,176,1788536326.8633533,-2.2637623840996803,13.925503517496047,0.31988631066926354,10.732827186584473,-3.274417877197269,48.792747497558594,21.558029512282538,48.47286118688933,53.050607047383416
seq03,validation,177,1788536327.060766,-2.3050272072432354,13.973715703849546,0.3199290640746746,10.675224304199219,-3.191082000732422,48.75242614746094,21.52015821362674,48.43249708338627,52.99833943881398
seq03,validation,178,1788536327.252414,-2.3459216523811968,14.020861837160405,0.3199068835356982,10.61791515350342,-3.108401298522949,48.71172714233398,21.48191612266209,48.391820258798276,52.94564182499754
seq03,validation,179,1788536327.4395561,-2.3864488021451553,14.067052065942905,0.319912190306737,10.560897827148438,-3.0263919830322266,48.670658111572266,21.44340491140629,48.35074592126553,52.892478154623255
seq03,validation,180,1788536327.617459,-2.426596369846649,14.112212105813287,0.3198969842172583,10.504186630249023,-2.9450697898864746,48.62923812866211,21.404579291939612,48.30934114444485,52.838891514444946
seq03,validation,181,1788536327.803445,-2.466365598593387,14.156408859184056,0.3199210148800786,10.44778537750244,-2.8644495010375977,48.587459564208984,21.365507594066752,48.267538549328904,52.7848481324241
seq03,validation,182,1788536327.988188,-2.505740578312579,14.199530851346253,0.31990765850723,10.391701698303223,-2.7845468521118164,48.54534912109375,21.326108710117236,48.22544146258652,52.730409793373475
seq03,validation,183,1788536328.160459,-2.5447204171193056,14.241621440101408,0.31989764084764305,10.335947036743164,-2.7053775787353516,48.50291442871094,21.286436287021978,48.183016787863295,52.67556811825537
seq03,validation,184,1788536328.342813,-2.5832967161560636,14.282651256115809,0.3198782603203687,10.280519485473633,-2.6269555091857892,48.46015930175781,21.246471900681396,48.14028104143745,52.62033092802654
seq03,validation,185,1788536328.555569,-2.6214717947199317,14.322688832421994,0.3199058695415862,10.225434303283691,-2.549294948577881,48.41709899902344,21.206292297269826,48.09719312948185,52.56469176102836
seq03,validation,186,1788536328.7315762,-2.6592303495872955,14.361630090026372,0.31991230979638696,10.170693397521973,-2.472410202026367,48.37374496459961,21.1658181016254,48.05383265480322,52.50869155413155
seq03,validation,187,1788536328.915869,-2.6965645543346612,14.399460748100234,0.3198909016249887,10.11630630493164,-2.3963165283203107,48.33010482788086,21.12505133663254,48.01021392625587,52.45234442062827
seq03,validation,188,1788536329.099099,-2.7334805574840795,14.436268969284313,0.3199185102835065,10.062277793884276,-2.3210268020629883,48.286190032958984,21.08407914410841,47.96627152267548,52.3956257443506
seq03,validation,189,1788536329.2927651,-2.769962778730301,14.471960344829142,0.31993067396849884,10.008618354797363,-2.2465548515319806,48.24201202392578,21.042834556140647,47.92208134995728,52.33857819113002
seq03,validation,190,1788536329.487227,-2.8060042097991182,14.506525443138433,0.31992441389532567,9.95532703399658,-2.1729135513305664,48.19758224487304,21.00131567983514,47.87765783097771,52.281214405025736
seq03,validation,191,1788536329.656433,-2.8416035341188524,14.539985258966407,0.31992173013542,9.902417182922363,-2.100116252899168,48.15291213989258,20.95955730356838,47.83299040975716,52.223538887186564
seq03,validation,192,1788536329.8259242,-2.8767534800187216,14.572320871346601,0.31991809339850286,9.849894523620605,-2.0281758308410627,48.10801315307617,20.917553876299213,47.788095059677666,52.165564212425316
seq03,validation,193,1788536330.0233443,-2.9114525521052914,14.603551642164843,0.319931389488467,9.797763824462889,-1.9571037292480504,48.06289291381836,20.875332026991465,47.74296152432989,52.107291834740174
seq03,validation,194,1788536330.223303,-2.9456874075000767,14.633616966196358,0.31992083600850174,9.7460298538208,-1.8869142532348633,48.01756286621094,20.832849992584112,47.69764203020244,52.0487530499516
seq03,validation,195,1788536330.403531,-2.9794602798943632,14.662558378555024,0.3199270966254768,9.694704055786131,-1.8176174163818342,47.97203826904297,20.790157186511557,47.65211117241749,51.989944556888055
seq03,validation,196,1788536330.6019332,-3.012761439713244,14.690341032926074,0.31992530767823024,9.643789291381836,-1.7492256164550763,47.92633056640624,20.747231816033395,47.60640525872801,51.930891092744346
seq03,validation,197,1788536330.810878,-3.045584765994476,14.716957012986414,0.3199176760689195,9.59329032897949,-1.681750297546385,47.88044357299805,20.704076050934393,47.56052589692913,51.87159520118252
seq03,validation,198,1788536330.985162,-3.0779280231124506,14.742412252003641,0.31991189183267643,9.543217658996586,-1.6152024269104004,47.83440017700195,20.660708514299397,47.51448828516928,51.8120784500519
seq03,validation,199,1788536331.159157,-3.109785656782125,14.766699084627724,0.3199079571704282,9.493574142456055,-1.5495929718017578,47.7881965637207,20.61713037014989,47.468288606550274,51.75233799486268
seq03,validation,200,1788536331.3393083,-3.141152396163016,14.789812756317088,0.3199053923248363,9.444367408752441,-1.4849324226379395,47.74185943603515,20.57334779271082,47.421954043710315,51.69240142152048
seq03,validation,201,1788536331.537127,-3.172026665594262,14.81176456590767,0.3199186299518959,9.39560317993164,-1.4212303161621076,47.69539260864258,20.529379990040052,47.375473978690685,51.63226682493279
seq03,validation,202,1788536331.73567,-3.202398142887749,14.832517354026443,0.3199233402925272,9.34728717803955,-1.3584990501403826,47.648807525634766,20.485204755000556,47.32888418534224,51.571958389068726
seq03,validation,203,1788536331.9097443,-3.2322601334688392,14.852058081039353,0.31991189203677073,9.299423217773438,-1.296745777130127,47.60211944580078,20.440815875728454,47.28220755376401,51.51149488048907
seq03,validation,204,1788536332.1128342,-3.2616191368148035,14.870439006898076,0.3199298987830699,9.252023696899414,-1.2359805107116717,47.55533218383789,20.39627433251003,47.23540228505482,51.45086234144156
seq03,validation,205,1788536332.3053951,-3.2904552214955625,14.88757855128094,0.31991857067398066,9.205087661743164,-1.1762127876281738,47.508460998535156,20.35151061044043,47.18854242786117,51.39010138726059
seq03,validation,206,1788536332.493823,-3.318776364907716,14.903536038620246,0.3199238772941002,9.158622741699219,-1.1174511909484863,47.46152114868164,20.306588100307742,47.14159727138754,51.32920916567148
seq03,validation,207,1788536332.6865323,-3.346574381891267,14.918288268567537,0.3199320452255907,9.112636566162108,-1.059703826904295,47.41452407836914,20.26149473388016,47.09459203314355,51.26820425584732
seq03,validation,208,1788536332.8900492,-3.3738394699642433,14.931804074712254,0.31992345933939115,9.067133903503418,-1.0029802322387695,47.367481231689446,20.21621055955799,47.04755777235005,51.2071075313867
seq03,validation,209,1788536333.0648432,-3.4005699480646756,14.944095059336837,0.31990986461980686,9.022116661071777,-0.9472880363464355,47.32039260864258,20.170751083749614,47.00048274402277,51.14591457246384
seq03,validation,210,1788536333.238899,-3.4267693072297205,14.955195080700785,0.31991660239383424,8.977595329284668,-0.8926324844360352,47.27328491210937,20.125155914176645,46.953368309715536,51.08464246911902
seq03,validation,211,1788536333.4194381,-3.4524146271894485,14.965010592698127,0.31987766393858097,8.933573722839354,-0.8390240669250488,47.22616577148437,20.079348070333854,46.906288107545784,51.023328811022424
seq03,validation,212,1788536333.608027,-3.4775352551127505,14.973697112491658,0.31991290635231584,8.890055656433104,-0.7864680290222186,47.17904281616211,20.03347474211952,46.859129909809795,50.96192859525208
seq03,validation,213,1788536333.808695,-3.502094121117736,14.98110047422804,0.3199019938801002,8.847047805786133,-0.7349710464477539,47.13193130493164,19.987401291158683,46.81202931105154,50.900513736037674
seq03,validation,214,1788536334.010111,-3.526105660610188,14.987296781118689,0.3199111172347182,8.804557800292969,-0.6845407485961896,47.0848388671875,19.941207409378,46.76492774995278,50.83906195438834
seq03,validation,215,1788536334.1872451,-3.549556211685652,14.992245098094003,0.3199051537648707,8.762585639953613,-0.6351819038391113,47.03778076171875,19.89485641254129,46.71787560795388,50.77760542794321
seq03,validation,216,1788536334.3666391,-3.572444276137706,14.995953479167845,0.31989418264224767,8.721139907836914,-0.5869011878967285,46.99077224731445,19.848364458144328,46.67087806467221,50.71615552258302
seq03,validation,217,1788536334.552596,-3.5947697771407188,14.99843768199413,0.3198873235361943,8.680221557617188,-0.5397024154663086,46.94381332397461,19.801747649050817,46.623926000438416,50.65471039943913
seq03,validation,218,1788536334.7354772,-3.61652099643148,14.99965950132858,0.3198600688793798,8.639843940734863,-0.49359273910522283,46.89692687988281,19.754982826079793,46.577066811003434,50.59330488488951
seq03,validation,219,1788536334.9152882,-3.637728343141344,14.999758361618838,0.31992012085603516,8.600005149841307,-0.44857645034790217,46.85011672973633,19.708200564939784,46.530196608880296,50.531894541655056
seq03,validation,220,1788536335.1088312,-3.658344283880513,14.99855635289371,0.31992572548286513,8.560708045959473,-0.40465736389160334,46.80340194702148,19.66123680352615,46.48347622153861,50.4705636414205
seq03,validation,221,1788536335.2921822,-3.678382357157801,14.996117685595381,0.3199288255723294,8.521963119506836,-0.36184072494506836,46.75678634643555,19.61416111613906,46.43685752086322,50.409295300597215
seq03,validation,222,1788536335.471793,-3.69783161049891,14.992417635711107,0.3199104018795924,8.483774185180664,-0.3201284408569336,46.71028518676758,19.566951400469964,46.39037478488799,50.34811277288082
seq03,validation,223,1788536335.6664212,-3.716705475305249,14.987517374005783,0.3199159468229582,8.446142196655273,-0.2795257568359357,46.66391372680664,19.51966878433896,46.34399777998368,50.28701223657485
seq03,validation,224,1788536335.8483322,-3.734986901911385,14.981365700813972,0.3199058097168932,8.409074783325195,-0.2400374412536621,46.61767578125,19.472271254996876,46.29776997153311,50.22601768172717
seq03,validation,225,1788536336.023868,-3.7526883376185314,14.974023078889262,0.31992465194894604,8.372575759887694,-0.2016620635986328,46.57158660888672,19.424815288135978,46.251661956937774,50.165124167662995
seq03,validation,226,1788536336.2253451,-3.7697912932678017,14.96542997527472,0.3199260830758692,8.33664798736572,-0.16440677642822266,46.52566146850586,19.377250377410295,46.20573538542999,50.104369217636346
seq03,validation,227,1788536336.409953,-3.786280745601807,14.955544205319827,0.31987438417865377,8.301299095153809,-0.12827110290527344,46.47990798950195,19.329538811344865,46.1600336053233,50.04377856541075
seq03,validation,228,1788536336.6060162,-3.8022014329754663,14.944544158750343,0.31990616720284604,8.266530990600584,-0.09325790405273438,46.434329986572266,19.281851394301334,46.11442381936942,49.98329598360182
seq03,validation,229,1788536336.7870522,-3.8175090650618086,14.932276991975572,0.3199043792077907,8.232345581054688,-0.059369564056396484,46.38895034790039,19.234044386283415,46.0690459686926,49.92299530195511
seq03,validation,230,1788536336.966644,-3.832223119033366,14.918825919362865,0.3199262618414036,8.198752403259277,-0.02660512924194336,46.343772888183594,19.18620028162443,46.02384662634219,49.862859319654696
seq03,validation,231,1788536337.143934,-3.8463212920131804,14.904122028515943,0.3199182722813234,8.165754318237305,0.005031585693357599,46.29881286621093,19.138256359704815,45.97889459392961,49.802927670664815
seq03,validation,232,1788536337.350198,-3.8598154446561623,14.888219544897712,0.319919405064655,8.133349418640138,0.035541534423828125,46.25408172607422,19.090260540941273,45.934162321009566,49.743193661584236
seq03,validation,233,1788536337.5207303,-3.872686862292796,14.87106751820233,0.31988529694432866,8.101547241210938,0.06492424011230469,46.20958709716796,19.04216797365369,45.889701800223634,49.683688394183164
seq03,validation,234,1788536337.6985931,-3.8849670746878364,14.852782328255305,0.31990616808453853,8.070351600646973,0.09317874908447266,46.16534423828124,18.994092303742278,45.84543807019671,49.62438648780782
seq03,validation,235,1788536337.8718653,-3.89662212900656,14.833260483573032,0.3198948374776287,8.039763450622559,0.12030553817749023,46.121360778808594,18.945932120928152,45.80146594133097,49.56533694332882
seq03,validation,236,1788536338.052375,-3.9076756866396987,14.812592094377258,0.3199220880935918,8.009787559509277,0.14630460739135742,46.077651977539055,18.897775500683434,45.757729889445464,49.506522434015515
seq03,validation,237,1788536338.2394261,-3.918103437764477,14.790707862865549,0.31992578497468105,7.980427265167234,0.17117881774902344,46.034217834472656,18.84955337374375,45.71429204949798,49.44797427576187
seq03,validation,238,1788536338.416626,-3.927897148754028,14.767588558689765,0.3198873245169769,7.95168924331665,0.19492769241333185,45.9910774230957,18.80125042570774,45.67119009857873,49.389721831477154
seq03,validation,239,1788536338.589202,-3.9370898459992496,14.743358319275416,0.31990008528707903,7.923571586608885,0.21755313873291016,45.9482421875,18.75298124997819,45.62834210221292,49.331733283542846
seq03,validation,240,1788536338.76738,-3.9456647652744494,14.717970498195857,0.31992411534193277,7.896081447601317,0.23905658721923828,45.90571975708008,18.704702654991067,45.585795641738144,49.27403642591037
seq03,validation,241,1788536338.9417841,-3.953605282392784,14.691380602253806,0.3199180935341934,7.869221210479736,0.25944042205810547,45.863525390625,18.656369519424604,45.54360729709081,49.216666783488485
seq03,validation,242,1788536339.114514,-3.960920576799803,14.663630423013675,0.3199087317828446,7.842990398406982,0.27870750427246094,45.821662902832024,18.608017672195324,45.50175417104918,49.159617109283154
seq03,validation,243,1788536339.29222,-3.967603735079352,14.6347076304299,0.3198838066887755,7.817397117614746,0.2968583106994629,45.78014373779296,18.559638148770446,45.46025993110418,49.102906240026684
seq03,validation,244,1788536339.469908,-3.973676150851885,14.604692518865644,0.3198983567251643,7.7925531392522664,0.31354352060855817,45.73884050568411,18.51164745228499,45.41894214895895,49.04652278529201
seq03,validation,245,1788536339.6453693,-3.979117205346205,14.573530324272193,0.31990288799561206,7.768129825592041,0.3298320770263672,45.69818878173828,18.462956224951657,45.37828589374267,48.99050503126831
seq03,validation,246,1788536339.8305511,-3.9839306475794585,14.541240501973332,0.3199112962390189,7.744465351104736,0.34465932846069514,45.657764434814446,18.4146189131919,45.337853138575426,48.93484563103391
seq03,validation,247,1788536340.007292,-3.988103982954476,14.507796130160692,0.31988887421559853,7.721442699432373,0.3583869934082031,45.61772918701172,18.36625335843464,45.29784031279612,48.87958264377662
seq03,validation,248,1788536340.1799111,-3.99166195787869,14.473283872258824,0.3199056913657592,7.699071884155272,0.3710174560546857,45.57808303833008,18.31794682378124,45.25817734696432,48.82468425507892
seq03,validation,249,1788536340.3600101,-3.994591689553245,14.437675338768523,0.3199256058358366,7.677353382110596,0.3825559616088867,45.53885269165039,18.269665636298495,45.218927085814556,48.770196321671285
seq03,validation,250,1788536340.5274713,-3.9968745559928163,14.400920333384592,0.31990604867508643,7.656293869018555,0.3930068016052246,45.50003433227539,18.22136042823064,45.180128283600304,48.71613662410095
seq03,validation,251,1788536340.7047682,-3.998536948941358,14.36311320389368,0.31991362175844684,7.635888576507568,0.402376651763916,45.46163558959961,18.173112622365757,45.141721967841164,48.662481282884286
seq03,validation,252,1788536340.87872,-3.9995702619362588,14.32423799486701,0.3199266197088324,7.616142272949219,0.41066884994506836,45.42367172241211,18.124905076816802,45.10374510270328,48.60925844253592
seq03,validation,253,1788536341.067178,-3.999961157263067,14.284260825680207,0.31991195187083377,7.597060203552246,0.4178910255432129,45.38615798950195,18.07670091242752,45.06624603763112,48.55649954230289
seq03,validation,254,1788536341.23005,-3.9997211103740757,14.243228747813687,0.31989817715461943,7.57864236831665,0.42404937744140625,45.34908676147461,18.028539023315282,45.02918858431999,48.504185838723814
seq03,validation,255,1788536341.400926,-3.9988601251883154,14.201183442627238,0.31991421799642006,7.560888290405273,0.42914724349975586,45.31248092651367,17.980455069377314,44.99256670851725,48.452325264348985
seq03,validation,256,1788536341.567608,-3.9973616453402983,14.158081889645329,0.3199121905720088,7.543808460235596,0.4331936836242676,45.276348114013665,17.932405406794,44.95643592344165,48.40095344734574
seq03,validation,257,1788536341.731208,-3.995228733173439,14.113944426992079,0.31990264987397676,7.527394771575928,0.43619441986083984,45.240692138671875,17.884398164036195,44.9207894887979,48.35006748688855
seq03,validation,258,1788536341.902558,-3.9924778000696928,14.068833393582544,0.3199263213619936,7.511655330657959,0.4381575584411639,45.20552444458008,17.83649076506398,44.88559812321809,48.2996617140457
seq03,validation,259,1788536342.089394,-3.989080953108192,14.02266882581663,0.31991081900268536,7.496589183807371,0.4390897750854492,45.17085647583008,17.788598548550613,44.85094565682739,48.24978305270585
seq03,validation,260,1788536342.2713962,-3.9850657246666246,13.975548912107339,0.3199241748907782,7.482199668884276,0.4389994144439697,45.13669204711913,17.740810238228143,44.816767872228354,48.200404878196
seq03,validation,261,1788536342.4497502,-3.9804057599077094,13.927397762602938,0.31989984781945546,7.468488693237303,0.43789219856262207,45.10304260253906,17.693047916103353,44.783142754719606,48.15157130926388
seq03,validation,262,1788536342.6440191,-3.9751395897410937,13.878349630720098,0.3199296007635335,7.455456256866455,0.4357798099517822,45.069915771484375,17.645430139124205,44.74998617072084,48.10324798882523
seq03,validation,263,1788536342.848555,-3.969227177378381,13.828284935881278,0.31991445649249095,7.443100452423096,0.43266820907592596,45.03731918334961,17.597834225307317,44.71740472685712,48.05548933188529
seq03,validation,264,1788536343.0174663,-3.962697063348486,13.777305285687603,0.3199211342374457,7.431430339813232,0.42856788635254084,45.005264282226555,17.550354111410044,44.68534314798911,48.008278678676085
seq03,validation,265,1788536343.220968,-3.955540602458497,13.725390807236794,0.3199261424551072,7.420444011688232,0.42348551750183105,44.97374725341797,17.502962899988734,44.65382111096286,47.9616247648915
seq03,validation,266,1788536343.401588,-3.947752365018874,13.672535508373228,0.3199142775047512,7.410139083862305,0.4174330234527588,44.94279098510742,17.45564206926554,44.62287670760267,47.91555661486384
seq03,validation,267,1788536343.578738,-3.9393415213309706,13.618775925287942,0.3199037231647277,7.400522232055662,0.4104170799255371,44.912395477294915,17.408424780353773,44.59249175413019,47.870069711411574
seq03,validation,268,1788536343.75956,-3.9303111786169644,13.5641319719335,0.3198990711019236,7.391589164733885,0.4024503231048602,44.882568359375,17.361315941191805,44.56266928827308,47.82516895219375
seq03,validation,269,1788536343.9433281,-3.920672796861032,13.508647989005224,0.31992739468309317,7.383344650268555,0.3935413360595703,44.85332107543945,17.31435337987386,44.53339368075636,47.78085375637798
seq03,validation,270,1788536344.1223302,-3.91039504706955,13.452233792378532,0.3199042001894532,7.37578582763672,0.3836991786956787,44.82465362548828,17.267439754798986,44.504749425298826,47.737167878857754
seq03,validation,271,1788536344.326419,-3.899511906297126,13.395006788849587,0.3199104010592002,7.368918418884277,0.37293672561645685,44.79657745361328,17.220680321207418,44.47666705255408,47.69408498785746
seq03,validation,272,1788536344.514205,-3.8880029225836976,13.336909738030496,0.31989316852563343,7.362739086151121,0.3612637519836426,44.769100189208984,17.17400898166541,44.44920702068335,47.65163784456826
seq03,validation,273,1788536344.69253,-3.8758881785807655,13.278015361781856,0.31989465901205794,7.357250690460205,0.3486905097961426,44.74222946166992,17.127488139810065,44.422334802657865,47.60981704752459
seq03,validation,274,1788536344.875325,-3.86316454675753,13.218322527909876,0.3199074208728281,7.352450847625731,0.33522939682006836,44.715965270996094,17.081104100703214,44.39605785012326,47.568624848008284
seq03,validation,275,1788536345.0560842,-3.849822035591623,13.157806786738368,0.31989340697378643,7.348344326019287,0.3208911418914777,44.69032287597656,17.03482706502267,44.37042946900278,47.528100576385114
seq03,validation,276,1788536345.2428071,-3.8358914778865776,13.096578492356944,0.3199337146552226,7.344926357269287,0.30568909645080566,44.66530609130859,16.98874742296334,44.345372376653366,47.488204748392995
seq03,validation,277,1788536345.4266713,-3.8213389551302686,13.034529937543809,0.31993031620298695,7.342199325561523,0.2896304130554199,44.64091873168945,16.94275806454709,44.32098841548647,47.44899435140287
seq03,validation,278,1788536345.606101,-3.8061793226328744,12.971723725087458,0.31991892826613255,7.340168476104736,0.2727329730987549,44.61716842651367,16.896906088675447,44.29724949824754,47.41046032764826
seq03,validation,279,1788536345.780381,-3.7904175551241996,12.908178076856709,0.31990306748460906,7.338822841644287,0.2550058364868164,44.59405517578125,16.851194603158877,44.27415210829664,47.37260077789817
seq03,validation,280,1788536345.959063,-3.774059647736434,12.843923609166838,0.3198928693196492,7.338171005249022,0.2364625930786115,44.57159423828125,16.805646174941742,44.2517013689616,47.33542877597172
seq03,validation,281,1788536346.1660852,-3.7571212884777667,12.779019061621778,0.3199255464099082,7.338210105895996,0.21711444854736328,44.54978561401367,16.76030507654787,44.22986006760377,47.29892544084661
seq03,validation,282,1788536346.3637052,-3.739578578494175,12.71339202889252,0.3199285274990038,7.338940143585205,0.1969761848449707,44.52863311767578,16.715090267676924,44.20870459017678,47.26313366883437
seq03,validation,283,1788536346.546677,-3.7214401153955716,12.647078416063053,0.3199182128735605,7.34036111831665,0.17606067657470703,44.508148193359375,16.670024894786156,44.188229980485815,47.22805732613925
seq03,validation,284,1788536346.747894,-3.7027170067680806,12.580120617927744,0.3199149932439995,7.342470645904542,0.15438008308410645,44.488330841064446,16.625137536935085,44.16841584782045,47.1936876777817
seq03,validation,285,1788536346.930128,-3.683401374844193,12.512501161426645,0.319890843159399,7.345273494720459,0.13194942474365234,44.46918869018555,16.580402006080888,44.14929784702615,47.16004909951514
seq03,validation,286,1788536347.1052082,-3.663523995184889,12.444327657340356,0.31992006132947237,7.348762035369871,0.1087803840637207,44.45072555541992,16.53590548322027,44.13080549409045,47.12710646440367
seq03,validation,287,1788536347.3075721,-3.6430617710883864,12.375531632055498,0.3199324030088393,7.352939128875732,0.08488941192626953,44.43294906616211,16.49157124034077,44.11301666315327,47.094905893300954
seq03,validation,288,1788536347.5182562,-3.622019585876317,12.306131554455238,0.31993156826265756,7.357802391052246,0.06028914451599299,44.41585159301758,16.447405478497515,44.09592002475492,47.063439205010205
seq03,validation,289,1788536347.6979742,-3.600400787639483,12.236146979881951,0.31991815276644053,7.363354206085205,0.03499293327331543,44.399452209472656,16.403416827950736,44.079534056706215,47.032726970566145
seq03,validation,290,1788536347.88434,-3.5782130346408056,12.16560977755758,0.3199040803811608,7.369589805603027,0.00901699066162287,44.38374710083008,16.359619042485733,44.063843020448914,47.00275946097236
seq03,validation,291,1788536348.056914,-3.5554663622995935,12.094557971900295,0.3199062868225826,7.376511096954346,-0.017625331878663886,44.3687400817871,16.316038598691105,44.04883379496452,46.973533763709824
seq03,validation,292,1788536348.249104,-3.53216153491954,12.023002523090183,0.31992024032148314,7.384116172790527,-0.044918537139894354,44.35443878173828,16.27267149879799,44.0345185414168,46.94506002639865
seq03,validation,293,1788536348.434727,-3.508296515145301,11.95093860438164,0.31992357871418076,7.392402172088622,-0.07284832000732422,44.340843200683594,16.22950041969778,44.02091962196941,46.917353380565515
seq03,validation,294,1788536348.6140072,-3.483866616466418,11.87835357589889,0.3198965072817903,7.401369571685791,-0.10139977931976318,44.327964782714844,16.186502319022818,44.008068275433054,46.890435385682956
seq03,validation,295,1788536348.7870862,-3.4588996956005413,11.805352461861558,0.31990849352146444,7.411015510559083,-0.13055741786956787,44.31578826904297,16.1437604431608,43.9958797755215,46.86425544557712
seq03,validation,296,1788536348.9587972,-3.4333837518214185,11.731897908116816,0.3199126076668377,7.421339988708497,-0.16030478477478205,44.30433654785156,16.101227045540412,43.984423940184726,46.83886272874201
seq03,validation,297,1788536349.129416,-3.407328624289691,11.65802477156483,0.3199247114978534,7.4323410987853995,-0.19062864780426025,44.29359817504883,16.058923611427936,43.97367346355097,46.81423913123746
seq03,validation,298,1788536349.3079503,-3.38072568055333,11.583707720621298,0.3199090897511929,7.444015979766848,-0.2215125560760498,44.28358840942382,16.016811723748813,43.96367931967263,46.79041950140037
seq03,validation,299,1788536349.4818892,-3.353594600002776,11.509020403076942,0.3199093879130135,7.456362247467041,-0.25293958187103094,44.27429962158203,15.97494506192985,43.95439023366902,46.76737421050422
seq03,validation,300,1788536349.6582801,-3.325939042120551,11.433979608498804,0.3199240557007097,7.469379901885986,-0.28489506244659246,44.2657356262207,15.933327796042859,43.94581157051999,46.74510978966464
seq03,validation,301,1788536349.83191,-3.2977521232587623,11.358561761735247,0.3199217305060391,7.483068466186523,-0.3173642158508283,44.257904052734375,15.8919268817811,43.937982322228336,46.723651725484025
seq03,validation,302,1788536350.0023303,-3.269045844471464,11.282814190787308,0.31992322120972716,7.497421741485596,-0.3503290414810163,44.25080108642578,15.850767985871673,43.930877865216054,46.702985726294465
seq03,validation,303,1788536350.181128,-3.239818742220576,11.206733879961519,0.31991147494640737,7.512438774108887,-0.3837732076644915,44.24443435668945,15.809835427535994,43.924522881743044,46.68312978619301
seq03,validation,304,1788536350.358419,-3.2100825639520214,11.130364359682476,0.31990533272933996,7.528120040893553,-0.4176816940307617,44.23880386352539,15.769158596494428,43.91889853079605,46.66407623643431
seq03,validation,305,1788536350.545087,-3.179845846070907,11.053740383975631,0.3199215520032659,7.544460296630859,-0.452037572860716,44.23390197753906,15.728752926866518,43.9139804255358,46.645807372675556
seq03,validation,306,1788536350.72145,-3.1490953700507918,10.976810418216074,0.31989787848464246,7.561457157135008,-0.48682504892349066,44.22973632812499,15.688558683354767,43.90983844964035,46.628368899572074
seq03,validation,307,1788536350.900787,-3.117854872097327,10.899667464360729,0.3199006823415831,7.579111099243164,-0.522026777267456,44.22631072998047,15.648647875815305,43.906410047638886,46.6117262457921
seq03,validation,308,1788536351.0688052,-3.086124683764823,10.82231540747357,0.3199097455408748,7.597416877746582,-0.5576256513595581,44.22362518310547,15.60900761736817,43.90371543756459,46.595894111195086
seq03,validation,309,1788536351.2543283,-3.053898278278343,10.744721450037655,0.3198909032804831,7.616372108459471,-0.5936058759689313,44.22167968749999,15.569596548329748,43.90178878421951,46.58089087954398
seq03,validation,310,1788536351.4283893,-3.021202085401562,10.66699754198484,0.31991177272249827,7.635976314544678,-0.6299517154693604,44.22047424316406,15.530502695462747,43.900562470441564,46.56668228674787
seq03,validation,311,1788536351.6049402,-2.988016246398473,10.58905523174622,0.31989328816349105,7.656222820281982,-0.6666443943977356,44.22000503540039,15.491629978237397,43.9001117472369,46.553307195112474
seq03,validation,312,1788536351.7841291,-2.9543723079206483,10.51102718695881,0.31991982272492137,7.677109241485596,-0.7036671042442322,44.220283508300774,15.453082798603893,43.900363685575854,46.540731619800894
seq03,validation,313,1788536351.9703622,-2.9202508688358733,10.432824554564839,0.31990825526017685,7.69863748550415,-0.7410029172897321,44.22129440307617,15.414772468405431,43.901386147816,46.52899005944961
seq03,validation,314,1788536352.148575,-2.8856723271002274,10.354534199221108,0.3199103413874913,7.720798015594482,-0.778636693954466,44.223045349121094,15.376758672331249,43.9031350077336,46.51806069447004
seq03,validation,315,1788536352.3238122,-2.8506363384218645,10.27614600944877,0.3199064059612704,7.743593692779541,-0.8165494799613953,44.22553634643555,15.339022236596124,43.90562994047428,46.50795570270383
seq03,validation,316,1788536352.4994392,-2.8151501454773893,10.19769069991848,0.3199028878203338,7.767014026641844,-0.8547248393297195,44.22876739501953,15.301571416619243,43.9088645071992,46.49867170285057
seq03,validation,317,1788536352.6816683,-2.779221510151591,10.119195372579929,0.31990694269196673,7.791061878204345,-0.8931452855467796,44.23273849487305,15.264420646745295,43.91283155218108,46.490206631192926
seq03,validation,318,1788536352.85395,-2.7428532465618964,10.040668992780677,0.31990867213611973,7.815732479095457,-0.9317931607365626,44.23744583129883,15.227562452225353,43.917537159162706,46.482563702563354
seq03,validation,319,1788536353.0228572,-2.7060510752497047,9.962127983121627,0.31990694255895,7.841020107269287,-0.9706531688570958,44.242889404296875,15.19099780284968,43.922982461737924,46.47574423912242
seq03,validation,320,1788536353.1963022,-2.668823351360003,9.883605263146027,0.31991213038616273,7.866921424865721,-1.0097054839134216,44.24906539916992,15.154739754339845,43.92915326878376,46.469739012975566
seq03,validation,321,1788536353.3693452,-2.6311758857554235,9.805119093645935,0.31992387670735556,7.893435001373293,-1.0489347875118256,44.25597381591797,15.118793602022093,43.93604993921061,46.464549973515865
seq03,validation,322,1788536353.5423193,-2.593103291399214,9.726630865314666,0.3198965671070899,7.920556545257568,-1.088323950767517,44.26361846923828,15.08311277007598,43.943721902131195,46.46020862465723
seq03,validation,323,1788536353.71988,-2.554625985650799,9.648236175226309,0.3198901867163473,7.948278427124023,-1.1278546452522278,44.27198791503906,15.047761776260502,43.95209772832271,46.45666829632875
seq03,validation,324,1788536353.901108,-2.515749971561566,9.569951968109681,0.3199009198719369,7.976603984832764,-1.1675089597702009,44.281089782714844,15.01274654165622,43.96118886284291,46.45394154384055
seq03,validation,325,1788536354.0799751,-2.4764760251888234,9.491770965992663,0.319911296195607,8.00552272796631,-1.2072718739509583,44.29090881347656,14.978044450197585,43.970997517280956,46.45202297227563
seq03,validation,326,1788536354.2625382,-2.4368110279017947,9.413716912049033,0.319920835960102,8.03503131866455,-1.2471249103546143,44.30146026611328,14.943661883676667,43.98153943015318,46.45092938940802
seq03,validation,327,1788536354.4356532,-2.3967586372962066,9.335793609148723,0.3199202397105776,8.065129280090332,-1.2870493531227112,44.312725067138665,14.909590584487496,43.99280482742809,46.45064873584887
seq03,validation,328,1788536354.6118233,-2.3563245176162018,9.258011191019671,0.3199015164764263,8.095809936523438,-1.327031135559082,44.32470703125,14.875827227515002,44.00480551477357,46.45119098684041
seq03,validation,329,1788536354.788913,-2.3155152851185252,9.18039143006714,0.3198693147992686,8.12706756591797,-1.3670506477355957,44.33740234374999,14.842374169430078,44.01753302895072,46.45254874536093
seq03,validation,330,1788536354.969916,-2.274356424398132,9.10307891157689,0.31991612598603925,8.158901214599608,-1.4070910215377808,44.35081100463867,14.809339518852699,44.03089487865263,46.454668665265615
seq03,validation,331,1788536355.154303,-2.2328251701977595,9.025901567866974,0.3198960305816507,8.191303253173828,-1.4471358060836774,44.36492919921875,14.776568113845332,44.0450331686371,46.45763567003225
seq03,validation,332,1788536355.3282912,-2.190948022963987,8.949006902014041,0.31990932768955926,8.22426986694336,-1.4871675968170148,44.3797492980957,14.74416840192412,44.059839970406145,46.4613818141701
seq03,validation,333,1788536355.5000632,-2.148721043353486,8.872346653822902,0.31990390176869643,8.257797241210938,-1.5271693468093854,44.395278930664055,14.712088765854448,44.07537502889536,46.46594709883953
seq03,validation,334,1788536355.6809533,-2.106157639721169,8.795985652889689,0.3199154104031845,8.291879653930664,-1.5671249628067017,44.41149139404297,14.680369245810324,44.091575983639785,46.471284831758354
seq03,validation,335,1788536355.860593,-2.063254333029936,8.719866308377169,0.31988273295472425,8.326513290405273,-1.6070154905319214,44.42840576171875,14.648950780094196,44.108523028764026,46.47745219713134
seq03,validation,336,1788536356.042293,-2.020038584006258,8.644166289379587,0.3199298988745005,8.36169147491455,-1.646825909614563,44.44600296020508,14.617962903772137,44.12607306133058,46.484353962058485
seq03,validation,337,1788536356.2159832,-1.9764937614611684,8.568720844562547,0.3199167223015684,8.397412300109863,-1.6865390539169312,44.464290618896484,14.587264396029212,44.144373896594914,46.49208566285268
seq03,validation,338,1788536356.393959,-1.93263965089525,8.493652823675696,0.3199210152447587,8.433667182922363,-1.7261370420455933,44.48325729370117,14.556937255904943,44.16333627845641,46.500588098607714
seq03,validation,339,1788536356.5731862,-1.8884762258976153,8.418919451861319,0.3198957318405349,8.470454216003418,-1.7656038999557495,44.502899169921875,14.526938968821034,44.18300343808134,46.509888718565634
seq03,validation,340,1788536356.746846,-1.8440216743580826,8.344638207368957,0.31992035887524817,8.507763862609862,-1.8049246072769147,44.52320861816406,14.497347658513984,44.20328825928881,46.51992886995423
seq03,validation,341,1788536356.9290931,-1.7992720350470892,8.270731148760236,0.31991827225629255,8.545595169067383,-1.8440791368484497,44.544189453125,14.468091255746849,44.224271180868705,46.53076214789129
seq03,validation,342,1788536357.10625,-1.7542363121356825,8.197230841969143,0.31990044360180914,8.583942413330078,-1.8830548524856567,44.56582260131836,14.439186231969687,44.24592215771655,46.54236485856961
seq03,validation,343,1788536357.305411,-1.7089280129738706,8.124221236284466,0.3199179741431464,8.622799873352049,-1.9218327999115026,44.588115692138665,14.410683634555788,44.26819771799552,46.55471116884733
seq03,validation,344,1788536357.4825501,-1.6633458916146595,8.051632102999214,0.31990270891508477,8.662160873413084,-1.9603978395462036,44.611053466796875,14.382518330426688,44.29115075788179,46.56783083827796
seq03,validation,345,1788536357.660819,-1.6175035877941486,7.979550802302272,0.3199084335449225,8.702021598815918,-1.998734474182129,44.6346435546875,14.35474754692624,44.314735121142576,46.58169732838223
seq03,validation,346,1788536357.845107,-1.5714036359979526,7.907940570606285,0.3198944804469337,8.742372512817381,-2.036825180053709,44.658863067626946,14.327328581538573,44.33896858718001,46.59631401364606
seq03,validation,347,1788536358.0176153,-1.5250580683208501,7.836877465638912,0.31990294808147324,8.783209800720213,-2.0746545791625977,44.6837158203125,14.30030957479703,44.36381287223103,46.61165891166462
seq03,validation,348,1788536358.1903412,-1.4784705368108169,7.766333754428117,0.31990115898780136,8.824530601501465,-2.112208604812622,44.709197998046875,14.27366216495885,44.38929683905907,46.6277503796342
seq03,validation,349,1788536358.361275,-1.431651414840161,7.6963675289886,0.31991791428663907,8.866328239440916,-2.1494686603546143,44.735298156738274,14.247416440441667,44.41538024245163,46.64455892501215
seq03,validation,350,1788536358.5301251,-1.3846046042683156,7.6269486078891715,0.31991988191653187,8.90859317779541,-2.1864218711853063,44.76201248168945,14.221538620706694,44.44209259977292,46.66210191779881
seq03,validation,351,1788536358.690485,-1.3373392524108247,7.558116987400257,0.31992274386094,8.951323509216307,-2.223050355911255,44.789329528808594,14.196049310296031,44.46940678494765,46.680359422625536
seq03,validation,352,1788536358.85861,-1.2898622502264094,7.489879247378868,0.31991976284856993,8.994508743286133,-2.259341239929201,44.81724548339843,14.170941635697663,44.49732572054986,46.69933172030471
seq03,validation,353,1788536359.0258791,-1.2421818741055184,7.422268745254882,0.319922565313578,9.038148880004883,-2.295277595520023,44.845760345458984,14.146232972032374,44.52583778014541,46.71901258933926
seq03,validation,354,1788536359.1896663,-1.1943047160488796,7.35527919704453,0.31991368116458285,9.082233428955076,-2.330845832824707,44.874858856201165,14.121906894608133,44.55494517503658,46.73939873265911
seq03,validation,355,1788536359.355857,-1.1462397578476915,7.28895971419864,0.3199180336829017,9.126760482788086,-2.366030693054199,44.90453338623047,14.097991832464903,44.584615352547566,46.7604672757113
seq03,validation,356,1788536359.5186641,-1.0979938093608397,7.223310941707573,0.3199241154853527,9.17171573638916,-2.400818109512329,44.93478012084961,14.07447313929028,44.61485600536426,46.78222066691566
seq03,validation,357,1788536359.6865852,-1.0495732279758856,7.158308402466706,0.3199009208797985,9.217102050781248,-2.4351913928985596,44.96559143066406,14.051329460343467,44.64569050978427,46.80467434667778
seq03,validation,358,1788536359.854172,-1.0009890362686993,7.094072272995548,0.3199263214021171,9.262907981872559,-2.4691386222839355,44.996963500976555,14.028634453381454,44.67703717957444,46.827772056458954
seq03,validation,359,1788536360.0252092,-0.9522448546331798,7.030487241047404,0.31990253088770504,9.309125900268555,-2.5026445388793945,45.02887725830078,14.006296130776434,44.70897472741308,46.85156083290571
seq03,validation,360,1788536360.198663,-0.9033514010699701,6.967677472246339,0.319910580420367,9.355751991271974,-2.5356950759887695,45.06133270263672,13.984394595595145,44.74142212221635,46.8759868773305
seq03,validation,361,1788536360.373204,-0.854315092753482,6.905610146377628,0.31991475436297234,9.402780532836916,-2.5682775974273717,45.09432601928711,13.962899400007302,44.77441126492414,46.90107103015122
seq03,validation,362,1788536360.545191,-0.8051435984821318,6.844272947967495,0.3198930492665646,9.450201988220215,-2.600376129150389,45.12784194946289,13.941790031864596,44.80794890019632,46.92681316619746
seq03,validation,363,1788536360.720571,-0.7558453957421,6.783797778296573,0.31993538405648514,9.49801254272461,-2.6319799423217773,45.161865234375,13.921151989197936,44.841929850318515,46.9531377589106
seq03,validation,364,1788536360.896245,-0.7064276103836842,6.724035337713576,0.31991529065464297,9.546203613281248,-2.6630735397338867,45.19640350341797,13.900872637554883,44.87648821276333,46.980138935467274
seq03,validation,365,1788536361.082564,-0.6568980875662143,6.665118538323451,0.3199253081191624,9.594767570495605,-2.693645715713501,45.23144531249999,13.881034440102939,44.91152000438083,47.00774134364704
seq03,validation,366,1788536361.2589011,-0.6072650182293278,6.607007199613146,0.31992161157431087,9.643700599670408,-2.723681926727295,45.26696777343749,13.861603647189249,44.947046161863184,47.03595448535546
seq03,validation,367,1788536361.433841,-0.5575361319468674,6.54973073566684,0.3199155892710148,9.692995071411133,-2.7531704902648926,45.302978515625,13.842592285062006,44.98306292635399,47.06477782170846
seq03,validation,368,1788536361.612788,-0.5077189798402688,6.493318180213606,0.31991952468296936,9.742643356323242,-2.7820990085601807,45.33946228027344,13.824011431145436,45.01954275559047,47.094187772705865
seq03,validation,369,1788536361.7910962,-0.45782205427260275,6.437756300440263,0.3199115345540202,9.792636871337889,-2.8104546070098877,45.37641143798828,13.805843443060903,45.05649990343426,47.12419226599517
seq03,validation,370,1788536361.9685142,-0.4078523883763461,6.383089630335713,0.3199161851757548,9.842970848083498,-2.8382256031036377,45.41381072998046,13.788111968634638,45.093894544804705,47.15475964181742
seq03,validation,371,1788536362.142076,-0.35781822641882394,6.329316080331382,0.3199216109553715,9.893637657165527,-2.865400552749632,45.45166015625,13.77080831671594,45.13173854529463,47.1858981668948
seq03,validation,372,1788536362.3376462,-0.30772765438624566,6.276442992974483,0.31992405594707063,9.944631576538086,-2.8919670581817662,45.48994064331054,13.753930807811354,45.17001658736347,47.217592178855895
seq03,validation,373,1788536362.512629,-0.25759020109815284,6.224451396684792,0.3198976412392991,9.995939254760742,-2.9179136753082275,45.5286521911621,13.737456293352274,45.2087545499228,47.24985918885822
seq03,validation,374,1788536362.6843562,-0.20740960321248034,6.173447077509397,0.3199134428535064,10.047563552856445,-2.9432296752929688,45.56778335571289,13.721452891249577,45.247869912859386,47.28263953183903
seq03,validation,375,1788536362.857052,-0.15719737432666245,6.123363045764201,0.31991016284408436,10.099489212036135,-2.9679052829742414,45.60731506347656,13.705866610907798,45.28740490063248,47.31595737370034
seq03,validation,376,1788536363.0280473,-0.10696019909749262,6.074238337039963,0.3199089103078614,10.151692764202807,-2.9922514030573915,45.64718768965945,13.690916581029942,45.32727877935159,47.34979829280984
seq03,validation,377,1788536363.2027452,-0.05670605043615382,6.026082273903972,0.31991034200221247,10.204225540161133,-3.0152876377105713,45.68756866455078,13.676004057675843,45.36765832254857,47.384148284601224
seq03,validation,378,1788536363.382515,-0.006442987192122113,5.978907065649723,0.31990986444919556,10.257020950317385,-3.0379748344421387,45.728271484375,13.661729436523121,45.408361619925806,47.419006275993524
seq03,validation,379,1788536363.5534952,0.04382138625872777,5.93272770891529,0.31991338304042305,10.310090065002441,-3.0599780082702672,45.769336700439446,13.647894661817112,45.449423317399024,47.454347625735934
seq03,validation,380,1788536363.72357,0.09407901894591204,5.887554371099321,0.3199169601329126,10.363425254821777,-3.081289291381836,45.81076431274413,13.634501412018198,45.49084735261122,47.49017605371559
seq03,validation,381,1788536363.901154,0.14432056119886003,5.843378871250545,0.31990950659914885,10.41702079772949,-3.1018986701965314,45.8525390625,13.621540310960942,45.532629555900854,47.526484350496936
seq03,validation,382,1788536364.07669,0.19454161998134167,5.800257550462143,0.3199239963237863,10.470870971679686,-3.121795654296875,45.89464569091797,13.609040316389967,45.57472169459418,47.56323407709826
seq03,validation,383,1788536364.256395,0.24472907867458635,5.758137629133082,0.31991165382851094,10.524965286254881,-3.1409730911254883,45.93708419799805,13.596963929313995,45.617172544169534,47.60046070175793
seq03,validation,384,1788536364.4310431,0.29487870043563147,5.717075819086842,0.3199068234411264,10.579297065734863,-3.159420967102049,45.97983932495117,13.585339756801293,45.65993250151004,47.63812435802
seq03,validation,385,1788536364.615842,0.3449841153968194,5.677094581645604,0.31992173050957495,10.633856773376463,-3.177130699157715,46.02289962768554,13.57417422517251,45.70297789717596,47.676203650931484
seq03,validation,386,1788536364.807799,0.3950329344780026,5.638157039953491,0.319919345811303,10.688639640808104,-3.1940951347351074,46.066253662109375,13.563444160754138,45.746334316298075,47.71471597820118
seq03,validation,387,1788536364.9808202,0.44501650212893695,5.600270181968868,0.319896329456665,10.743637084960938,-3.210305213928221,46.10989761352538,13.553148147789063,45.790001284068715,47.75365998864309
seq03,validation,388,1788536365.155472,0.4949368681343971,5.563533724461988,0.31992286329018627,10.798840522766113,-3.225754737854004,46.15380859374999,13.543338665105212,45.833885730459805,47.79296081381212
seq03,validation,389,1788536365.33671,0.5447718418898727,5.527827398342769,0.3199003238936067,10.85424327850342,-3.2404351234436017,46.1979866027832,13.533943584680486,45.8780862788896,47.83269205853411
seq03,validation,390,1788536365.5134292,0.5945281066095249,5.493286817847267,0.31992656023781163,10.909835815429688,-3.254338741302494,46.24241256713867,13.52503331052219,45.92248600690086,47.87276101401235
seq03,validation,391,1788536365.6854692,0.6441858838362334,5.459819803063915,0.3199211935372488,10.96561050415039,-3.2674593925476056,46.28709030151367,13.516553123891494,45.967169107976424,47.91323245359556
seq03,validation,392,1788536365.8539212,0.6937415332371306,5.427469440904579,0.31991451547075855,11.021562576293944,-3.2797899246215803,46.33198547363281,13.50852520284691,46.012070958162056,47.9540501627849
seq03,validation,393,1788536366.0394073,0.7431887096960272,5.396256365391917,0.3199149928748857,11.077682495117188,-3.291325569152832,46.37710952758789,13.500957064976424,46.057194534713005,47.99521861684489
seq03,validation,394,1788536366.219858,0.7925199611444801,5.366188939778666,0.3199228632068807,11.133961677551268,-3.3020582199096715,46.42243194580078,13.49384769423768,46.1025090825939,48.0367075194162
seq03,validation,395,1788536366.3986173,0.8417205318935368,5.33722539512487,0.3199000259706479,11.19039249420166,-3.3119845390319806,46.46795654296874,13.487173309058493,46.148056516998096,48.078549938248244
seq03,validation,396,1788536366.5890682,0.8907969605672248,5.309474724863037,0.31992530771760563,11.246967315673826,-3.3210954666137695,46.513671875,13.480986842735097,46.193746567282396,48.12067360476483
seq03,validation,397,1788536366.7910862,0.9397278984843901,5.282846415064615,0.3199249504477979,11.303678512573242,-3.329389572143553,46.55955123901367,13.475239553738408,46.23962628856587,48.16310953766241
seq03,validation,398,1788536366.9623723,0.9885075171945176,5.25736400733267,0.31990795628905033,11.360477678352618,-3.337118887035958,46.605556962948086,13.47007428507909,46.285649006659035,48.20585239587809
seq03,validation,399,1788536367.1361492,1.037132693336727,5.233062968929017,0.3199022920760348,11.417475700378418,-3.343502521514891,46.651802062988274,13.46510291664021,46.33189977091224,48.24887493960424
seq04,test,0,1788536367.4111772,2.3826237300880213,13.53929329399216,0.3199346089443651,-19.492822647094727,-9.163692951202393,26.16716766357422,31.527142887526153,25.847233054629854,40.76812719798202
seq04,test,1,1788536367.6562803,2.3420571812008286,13.483368170716854,0.3199229230791578,-19.5357666015625,-9.225033283233643,26.190231323242188,31.532692083985246,25.87030840016303,40.787050969431114
seq04,test,2,1788536367.860702,2.301127593654623,13.426607137537108,0.3199293624435928,-19.578844070434567,-9.28730750083923,26.213546752929688,31.53815273951207,25.893617390486096,40.80605959640892
seq04,test,3,1788536368.054132,2.2598288215577407,13.368979856274045,0.3199192858827109,-19.622045516967773,-9.350503921508793,26.237112045288086,31.543483759660393,25.917192759405374,40.825142353997165
seq04,test,4,1788536368.2536871,2.218176310469863,13.310532110008722,0.31991791422119564,-19.665369033813477,-9.414610385894782,26.26091766357422,31.548718805910717,25.940999749353022,40.84430347417321
seq04,test,5,1788536368.451668,2.176174201583531,13.251269734552377,0.3199182718380802,-19.70880126953125,-9.479607105255127,26.284963607788082,31.553841497950653,25.965045335950002,40.86353499852566
seq04,test,6,1788536368.634699,2.133815504417336,13.191161375275591,0.31988577405340624,-19.752340316772457,-9.545481443405155,26.30923843383789,31.55881403496758,25.989352659784483,40.882822737285565
seq04,test,7,1788536368.8157442,2.0911362235690705,13.130320439923699,0.3198934659340589,-19.795976638793945,-9.612217664718628,26.333736419677734,31.563725206174965,26.013842953743676,40.902185444215135
seq04,test,8,1788536368.989675,2.0481348837502145,13.068734773420243,0.31992560580904184,-19.839702606201172,-9.679800748825073,26.358453750610348,31.568549196841126,26.038528144801305,40.92161099396
seq04,test,9,1788536369.178451,2.0047936741919012,13.00633760998747,0.3199145159890284,-19.88351249694824,-9.74821138381958,26.38338470458984,31.573207739365618,26.06347018860081,40.94107870128998
seq04,test,10,1788536369.3554292,1.9611455257958965,12.943230732411495,0.31992745419654667,-19.927398681640625,-9.81743860244751,26.408521652221676,31.577783900896115,26.08859419802513,40.960605260676076
seq04,test,11,1788536369.532872,1.9171713961519115,12.879341699366586,0.31989704459955237,-19.971353530883786,-9.887462615966797,26.433858871459957,31.58219280249783,26.113961826860404,40.98016476917666
seq04,test,12,1788536369.7042372,1.8729112989897982,12.814800107636207,0.3199114745992262,-20.0153694152832,-9.958268880844116,26.459388732910153,31.58653991466776,26.139477258310926,40.99977774474703
seq04,test,13,1788536369.8837411,1.8283447113063596,12.749526536143602,0.31989787966257066,-20.05944061279297,-10.029838562011719,26.485109329223633,31.590736310964875,26.165211449561063,41.019421142541205
seq04,test,14,1788536370.0672152,1.7835067223663423,12.68363353151144,0.3199307932498987,-20.103557586669922,-10.102158308029175,26.511009216308594,31.59487132150984,26.191078423058695,41.039109186062696
seq04,test,15,1788536370.241485,1.7383722750184587,12.617028668608246,0.31992280340793,-20.147714614868164,-10.175207376480103,26.537084579467773,31.5988421193988,26.217161776059843,41.058816286868094
seq04,test,16,1788536370.4168842,1.6929666684989493,12.549789581858683,0.31992483080666845,-20.191904067993164,-10.24896788597107,26.56332969665527,31.60270414426417,26.2434048658486,41.07854924632487
seq04,test,17,1788536370.6020172,1.647279863858925,12.481871384395095,0.31988804019971484,-20.236116409301758,-10.323427677154541,26.589733123779297,31.606402796504693,26.269845083579582,41.098290213221404
seq04,test,18,1788536370.7752361,1.6013590814954093,12.413433193262104,0.3199232805254195,-20.28034591674805,-10.398565769195557,26.616292953491207,31.610066597419916,26.29636967296579,41.118066202955085
seq04,test,19,1788536370.9501522,1.5551718608992393,12.344352736837367,0.3199227443691437,-20.324586868286133,-10.474361658096313,26.64300537109375,31.613566212702374,26.323082626724606,41.13784447024768
seq04,test,20,1788536371.141508,1.5087437186439057,12.274709802960224,0.3199338935644511,-20.368831634521484,-10.550804615020752,26.669855117797848,31.61696398737373,26.349921224233398,41.15763307458524
seq04,test,21,1788536371.3145542,1.4620661023239194,12.204465561764097,0.3199131444604211,-20.413068771362305,-10.62786865234375,26.69684600830078,31.620199420729197,26.37693286384036,41.177416124742756
seq04,test,22,1788536371.4973493,1.4151709417062377,12.133723596413645,0.31992954105191407,-20.457294464111328,-10.705540180206299,26.723960876464844,31.62335707648241,26.40403133541293,41.19720358893523
seq04,test,23,1788536371.668076,1.3680380139614599,12.06240580929736,0.3199065853708485,-20.501499176025387,-10.78380036354065,26.751203536987305,31.626346507240438,26.431296951616456,41.21697771477876
seq04,test,24,1788536371.855648,1.3206900523536378,11.990580696425514,0.3198849388948932,-20.545677185058594,-10.862629175186157,26.7785587310791,31.629214621885637,26.458673792184207,41.23673891614757
seq04,test,25,1788536372.0240252,1.2731493339077145,11.918323428504102,0.3199104613688628,-20.589820861816406,-10.942010879516602,26.80602264404297,31.63201464424278,26.486112182674105,41.25649632490364
seq04,test,26,1788536372.202955,1.2254016847060245,11.84557121286937,0.31991767561714735,-20.633922576904293,-11.021921157836914,26.83358764648437,31.634668711692488,26.513669970867223,41.27622753865234
seq04,test,27,1788536372.3730521,1.1774535451636081,11.77233681811965,0.31990485614823383,-20.6779727935791,-11.102348446846008,26.861249923706055,31.63717570231966,26.54134506755782,41.295930603566994
seq04,test,28,1788536372.5494971,1.1293296372162538,11.698703415061171,0.31992274414879796,-20.721965789794925,-11.183266401290894,26.888998031616207,31.639589986517944,26.56907528746741,41.31560741591582
seq04,test,29,1788536372.735796,1.0810197998290678,11.624623331301969,0.31991737785756547,-20.765893936157227,-11.26465976238251,26.91683006286621,31.64185393320778,26.596912685008647,41.335247485704386
seq04,test,30,1788536372.9084003,1.03253565929465,11.55012640558971,0.3199001449797949,-20.809749603271484,-11.346508383750916,26.944738388061523,31.64397747072509,26.62483824308173,41.35484641052393
seq04,test,31,1788536373.081443,0.9838994933155047,11.475291707675137,0.31991803361354587,-20.853527069091797,-11.428792715072632,26.97271156311035,31.64601526437237,26.652793529496805,41.374408576303246
seq04,test,32,1788536373.257565,0.9351038761575967,11.400076491004661,0.3199232806502663,-20.897214889526367,-11.511493563652039,27.000749588012695,31.647909647492956,26.68082630736243,41.393920779499986
seq04,test,33,1788536373.43203,0.886145103270577,11.32445293961311,0.3198798704944714,-20.940809249877926,-11.59459137916565,27.028837203979492,31.64962130611634,26.70895733348502,41.41336657001573
seq04,test,34,1788536373.5957892,0.8370754743552049,11.248620470380185,0.31992715609047795,-20.98430061340332,-11.678066253662106,27.056974411010742,31.651309901894688,26.737047254920263,41.43277826090855
seq04,test,35,1788536373.762246,0.7878555213717484,11.172406173388916,0.31991785479753454,-21.027681350708008,-11.761898159980774,27.085153579711914,31.652803418855196,26.76523572491438,41.45211463463504
seq04,test,36,1788536373.931497,0.7385124028390047,11.09590751536702,0.31991117609175257,-21.070947647094727,-11.846065640449524,27.113361358642575,31.654173183829368,26.79345018255082,41.47138353897414
seq04,test,37,1788536374.1030982,0.6890565107464468,11.019154079460415,0.31991970341685505,-21.114086151123047,-11.930550217628479,27.141597747802734,31.65542540004247,26.82167804438588,41.490581706868674
seq04,test,38,1788536374.273703,0.6394889903369628,10.942137555568092,0.3199158271838245,-21.1570930480957,-12.015331983566284,27.16985321044922,31.65653796924749,26.849937383265395,41.50970409053383
seq04,test,39,1788536374.4495761,0.5898152951637814,10.864866924816868,0.3198971641278925,-21.199960708618164,-12.100389540195465,27.198122024536133,31.657500577253128,26.878224860408242,41.52874082422257
seq04,test,40,1788536374.619318,0.5400639831695505,10.787449745900606,0.31992918320808217,-21.242679595947266,-12.185703337192535,27.226398468017578,31.658390363579553,26.906469284809496,41.54770474752105
seq04,test,41,1788536374.7970822,0.4902103671978094,10.709763125445322,0.31990431965444,-21.28524589538574,-12.271252036094662,27.25466918945312,31.659083266870187,26.93476486979868,41.56656242570416
seq04,test,42,1788536374.968913,0.4402891325862139,10.631944689226934,0.31991213068789026,-21.3276481628418,-12.357018172740936,27.282934188842773,31.659682682658456,26.963022058154884,41.5853347476628
seq04,test,43,1788536375.1396692,0.39029930683958985,10.553975631858817,0.3199232207956224,-21.369882583618164,-12.44297605752945,27.311180114746094,31.66015323572935,26.99125689395047,41.604005235374785
seq04,test,44,1788536375.304755,0.34024407104760124,10.475852708523798,0.3199223266239004,-21.411939620971676,-12.52910977602005,27.339406967163086,31.6604768486929,27.019484640539186,41.622570133606025
seq04,test,45,1788536375.480617,0.2901292246310351,10.397583475170297,0.3198992511835834,-21.453813552856445,-12.615398645401001,27.36760139465332,31.660644238429263,27.04770214346974,41.64102045860838
seq04,test,46,1788536375.6525671,0.2399761426261411,10.319251647581655,0.31990312663470366,-21.495494842529293,-12.701820999383926,27.395763397216797,31.660708848088042,27.075860270582094,41.65936502343124
seq04,test,47,1788536375.820842,0.18978752661821827,10.240853361937324,0.31991701997028077,-21.536977767944336,-12.788353636860847,27.423879623413086,31.66064915882968,27.103962603442806,41.67758982915554
seq04,test,48,1788536375.992001,0.139565685428024,10.162380576257656,0.3199180933826329,-21.57825469970703,-12.8749790340662,27.45194435119629,31.660443144346047,27.132026257813656,41.69568933296413
seq04,test,49,1788536376.1599882,0.08932011550047889,10.083858520602677,0.3199117725658964,-21.61931800842285,-12.961673490703102,27.479955673217773,31.66009341236341,27.16004390065188,41.713660826699375
seq04,test,50,1788536376.3290951,0.03906304251111039,10.005329146791354,0.31991797415747825,-21.660160064697266,-13.048419754952192,27.50790023803711,31.659621316134654,27.187982263879633,41.73149891223752
seq04,test,51,1788536376.4964612,-0.011202842771114297,9.92678407123701,0.31991153427602015,-21.70077514648438,-13.13519474864006,27.535774230957028,31.6590020974519,27.215862696681008,41.74919874837188
seq04,test,52,1788536376.6655111,-0.061464860797815705,9.848268564269304,0.3199151122595667,-21.741153717041016,-13.221979200839993,27.563568115234375,31.658257072161224,27.24365300297481,41.76675555742323
seq04,test,53,1788536376.8379452,-0.11172322619381725,9.769756182978552,0.3198910812308631,-21.78129196166992,-13.308752626180649,27.591278076171875,31.657349510594884,27.27138699494101,41.784163586983524
seq04,test,54,1788536377.0172522,-0.1619590980400147,9.691327848935135,0.3198892929092463,-21.821180343627933,-13.395491242408752,27.618898391723633,31.656327656911937,27.299009098814388,41.8014231635589
seq04,test,55,1788536377.196027,-0.21216317879424643,9.613011444659834,0.31991433715301865,-21.860811233520508,-13.482175916433334,27.64641761779785,31.655199286079384,27.326503280644832,41.818529665550095
seq04,test,56,1788536377.363911,-0.2623394505749235,9.534757217896189,0.3199118911992558,-21.900180816650387,-13.568786948919303,27.67383575439453,31.653908637819764,27.353923863195277,41.835476365937616
seq04,test,57,1788536377.5458891,-0.3124800027802731,9.456585106369795,0.31988839841147687,-21.93927955627441,-13.655301868915554,27.701139450073242,31.65245296158544,27.381251051661764,41.85224829850252
seq04,test,58,1788536377.714662,-0.3625582611277428,9.378623424750545,0.3199200606854391,-21.978099822998047,-13.741703271865841,27.72832489013672,31.65092642516511,27.40840482945128,41.86886431307043
seq04,test,59,1788536377.8865912,-0.4125874055167061,9.300766248944223,0.3199159465867003,-22.016633987426758,-13.827965319156647,27.755382537841797,31.64921883179117,27.435466591255096,41.8852943136667
seq04,test,60,1788536378.062009,-0.4625582169039523,9.223037622733868,0.3198780217196948,-22.054880142211914,-13.914072155952454,27.782310485839844,31.647341358115963,27.46243246412015,41.901544266094504
seq04,test,61,1788536378.2466593,-0.5124454827509708,9.14556722988303,0.31989102177299,-22.09282684326172,-13.999998331069946,27.809101104736328,31.645379833420428,27.48921008296334,41.917618441256245
seq04,test,62,1788536378.4132671,-0.5622488803292697,9.0683294716262,0.3199198222168871,-22.130466461181637,-14.085727572441098,27.835744857788086,31.64329893065689,27.515825035571197,41.933506824532074
seq04,test,63,1788536378.5904741,-0.6119712970647344,8.99126818349928,0.31990897029641285,-22.167797088623047,-14.17123818397522,27.86223602294922,31.641038648870353,27.542327052652805,41.94919672955131
seq04,test,64,1788536378.7703881,-0.6615934013867296,8.91448137103704,0.31991701986205845,-22.20480728149414,-14.256508111953735,27.888568878173828,31.638660178726308,27.56865185831177,41.9646921016909
seq04,test,65,1788536378.952279,-0.7111153913889668,8.837931288123732,0.3199018145742818,-22.241493225097653,-14.341518878936768,27.91473579406738,31.636119858628295,27.594833979493096,41.97998263536185
seq04,test,66,1788536379.151814,-0.7605203746391468,8.761702392821226,0.3199126671271635,-22.277847290039062,-14.426247119903564,27.94073104858398,31.63346898759078,27.620818381456818,41.99507076134401
seq04,test,67,1788536379.3225963,-0.8098109234431736,8.685734989298929,0.31989066410585143,-22.313861846923828,-14.5106760263443,27.966552734375,31.630644794665564,27.646662070269148,42.00994660498824
seq04,test,68,1788536379.493684,-0.8589655632086179,8.6101561863792,0.3199166619771332,-22.349531173706055,-14.59478414058686,27.9921875,31.627735705186847,27.672270838022868,42.02461468199371
seq04,test,69,1788536379.6722612,-0.9079925924429005,8.53485221623116,0.3198904843327177,-22.384863554040024,-14.678674039273691,28.017516647798903,31.624733793600647,27.697626163466186,42.03905663317427
seq04,test,70,1788536379.8570032,-0.9568722213482197,8.459946209696776,0.3198932282240021,-22.419809341430664,-14.761953234672546,28.042877197265625,31.621421277751146,27.72298396904162,42.05327720609598
seq04,test,71,1788536380.0332801,-1.005604169668184,8.385385873523363,0.3198696722942551,-22.454404830932614,-14.844976663589478,28.067922592163082,31.618045376214404,27.748052919868826,42.06727034472517
seq04,test,72,1788536380.1969202,-1.0541681289936429,8.311310939308898,0.3199124286982298,-22.488628387451172,-14.927599549293518,28.092758178710938,31.61460180468308,27.772845750012706,42.081040960540285
seq04,test,73,1788536380.370922,-1.1025760200447046,8.237553858331973,0.3198802284718967,-22.52247619628906,-15.00979995727539,28.11737823486328,31.610940874771618,27.797498006391386,42.09456590111888
seq04,test,74,1788536380.5570393,-1.1508004420864146,8.16432442322342,0.3199176757234954,-22.55593872070312,-15.091559171676636,28.141775131225586,31.607215418417418,27.82185745550209,42.10785934692621
seq04,test,75,1788536380.7474713,-1.1988472476841534,8.091510208882333,0.3199266791516191,-22.589014053344727,-15.172859191894528,28.165946960449215,31.60332450217518,27.846020281297598,42.12090888259919
seq04,test,76,1788536380.9318202,-1.2467100165905924,8.019102954221733,0.3198877418031143,-22.621690750122067,-15.25367784500122,28.189882278442383,31.59924251445788,27.86999453663927,42.13370056095032
seq04,test,77,1788536381.1061919,-1.2943677802072315,7.947281496905977,0.319921551316541,-22.653966903686523,-15.33399772644043,28.213581085205078,31.595101471448995,27.89365953388854,42.14625344183809
seq04,test,78,1788536381.2787251,-1.3418273931064044,7.875887905197107,0.31989543365342343,-22.685832977294922,-15.413797378540046,28.237035751342773,31.590758379522857,27.91714031768935,42.15854288884935
seq04,test,79,1788536381.454345,-1.389072550318334,7.805051202233683,0.3198969253685633,-22.717287063598633,-15.493059396743774,28.260236740112305,31.586305447245426,27.94033981474374,42.17057363577167
seq04,test,80,1788536381.619265,-1.4360979578069857,7.7347647152937835,0.3199027691406877,-22.748321533203125,-15.571768045425415,28.283180236816403,31.58172482709183,27.963277467675717,42.18234500105902
seq04,test,81,1788536381.799169,-1.4828971780513438,7.665026631975025,0.31990169605940233,-22.778928756713867,-15.649896621704102,28.305866241455078,31.576994906487524,27.985964545395674,42.19384811628921
seq04,test,82,1788536381.9686022,-1.5294616120957625,7.595871775624271,0.31990551222458063,-22.809106826782227,-15.727432489395142,28.32828140258789,31.572136802909007,28.00837589036331,42.20508194894882
seq04,test,83,1788536382.131541,-1.5757836245667882,7.527330767916196,0.31992405557447,-22.83884620666504,-15.80435562133789,28.350421905517578,31.5671573021191,28.030497849943107,42.21604232815289
seq04,test,84,1788536382.2974873,-1.6218590546531664,7.459356265664328,0.31991034165982524,-22.86814308166504,-15.880645751953125,28.372283935546875,31.562006893397108,28.05237359388705,42.2267207274003
seq04,test,85,1788536382.465989,-1.6676777878162825,7.392023642407808,0.3199092688036278,-22.896989822387695,-15.956287622451782,28.39386177062988,31.55673190274886,28.073952501826252,42.23711800604729
seq04,test,86,1788536382.632924,-1.7132324700677966,7.325347289648378,0.3199153500498306,-22.925382614135742,-16.031261682510372,28.41515350341797,31.551331135354786,28.09523815336814,42.24723545165152
seq04,test,87,1788536382.805458,-1.7585181023742535,7.25929184914634,0.3198949580943684,-22.953317642211914,-16.105549097061154,28.436147689819332,31.545765484062628,28.116252731724963,42.25705843583659
seq04,test,88,1788536382.9745371,-1.8035236567629662,7.193975517516827,0.31991916631334694,-22.98078727722168,-16.17913269996643,28.45684051513672,31.54011227304981,28.13692134882337,42.266594672228564
seq04,test,89,1788536383.1459572,-1.8482463061820584,7.1293052508038555,0.3199096856118855,-23.007785797119137,-16.251993417739868,28.477228164672848,31.53428671931823,28.15731847906096,42.275830244093825
seq04,test,90,1788536383.3129942,-1.8926765765768403,7.065349762164101,0.31990586987709735,-23.03431129455566,-16.324117660522468,28.497308731079098,31.528334952314935,28.177402861202,42.284771926402044
seq04,test,91,1788536383.479099,-1.936808355172298,7.00209767449179,0.3198859531598195,-23.06035232543945,-16.395485162734985,28.517072677612305,31.52223013190372,28.197186724452486,42.29340766197893
seq04,test,92,1788536383.6579242,-1.9806333507107028,6.939637508784046,0.3199047961622168,-23.08591079711914,-16.466080188751217,28.53651237487793,31.516033332679925,28.216607578715713,42.30174110220322
seq04,test,93,1788536383.8289433,-2.024146109667697,6.87791396105403,0.3199110575275723,-23.110977172851562,-16.535885334014893,28.555631637573242,31.50968806124596,28.23572058004567,42.30976670216276
seq04,test,94,1788536383.999569,-2.067339117840252,6.816958342457002,0.3199140384612764,-23.13554763793945,-16.60488152503967,28.574420928955075,31.503206075335203,28.254506890493797,42.31748046197929
seq04,test,95,1788536384.1770473,-2.1102055088667875,6.756775888336477,0.3199083735889401,-23.159616470336914,-16.67305588722229,28.592878341674805,31.49658265361247,28.272969968085864,42.32488097646734
seq04,test,96,1788536384.345844,-2.1527389160285573,6.697404404942799,0.31991016239448045,-23.183181762695312,-16.74039077758789,28.610992431640625,31.48983596885153,28.291082269246143,42.33196316390759
seq04,test,97,1788536384.516736,-2.1949321536166835,6.638814607664412,0.31988750269018085,-23.206235885620117,-16.806869506835934,28.628767013549805,31.482931695053992,28.308879510859622,42.33872514939252
seq04,test,98,1788536384.684585,-2.2367798056383705,6.581126873264328,0.3199212531568809,-23.22877693176269,-16.872476816177365,28.646190643310547,31.47595065068893,28.326269390153666,42.34516509506323
seq04,test,99,1788536384.853673,-2.2782734087407883,6.524236667166505,0.31991880837354025,-23.250797271728516,-16.937196969985962,28.66326332092285,31.468804004825145,28.34334451254931,42.35127865426448
seq04,test,100,1788536385.019229,-2.3194075273663852,6.468208113739848,0.3199200012485539,-23.272293090820312,-17.001014709472663,28.679983139038086,31.461529418653427,28.36006313778953,42.357065697947064
seq04,test,101,1788536385.1964922,-2.3601744486570166,6.413032779924212,0.3199067639395867,-23.29326057434082,-17.06391334533691,28.696336746215817,31.454110925500803,28.37642998227623,42.36251730778914
seq04,test,102,1788536385.3623111,-2.4005700745491656,6.358776801005697,0.31992012022089655,-23.31369781494141,-17.125881671905518,28.712331771850586,31.44659115826776,28.39241165162969,42.36764254558945
seq04,test,103,1788536385.533497,-2.4405856707601936,6.305396095514545,0.3199155887912408,-23.333585886134642,-17.187106203029707,28.727793929466017,31.439069996530492,28.407878340674777,42.37242822951409
seq04,test,104,1788536385.699057,-2.4802163015382135,6.252937762893305,0.3199194046901128,-23.35295295715332,-17.24695801734925,28.743209838867188,31.431134837560673,28.423290434177076,42.37687666974175
seq04,test,105,1788536385.8680441,-2.5194546436339755,6.2013802677737315,0.3199067647120646,-23.371765136718746,-17.30603981018067,28.758085250854492,31.42320244057609,28.438178486142426,42.38098214094526
seq04,test,106,1788536386.03282,-2.558296271826776,6.150796500851336,0.3199194049902234,-23.39002799987793,-17.364130496978767,28.7725830078125,31.41516892367081,28.452663602822277,42.38474849044334
seq04,test,107,1788536386.2057712,-2.596731674614724,6.101119075098792,0.31989925027279686,-23.407737731933597,-17.421217441558838,28.78669548034668,31.40697833795298,28.466796230073882,42.388167876486435
seq04,test,108,1788536386.3793612,-2.6347577102824338,6.052415913905924,0.31988863585934246,-23.424890518188473,-17.477285385131832,28.80042457580566,31.398669802912195,28.480535939946318,42.3912419353206
seq04,test,109,1788536386.544934,-2.6723697689478203,6.004720527957377,0.3199050345616419,-23.441482543945312,-17.5323224067688,28.81376075744629,31.390260202357474,28.493855722884646,42.39396477717405
seq04,test,110,1788536386.7246752,-2.7095582133386715,5.957980650791834,0.3198982966449566,-23.45751190185547,-17.586315155029297,28.826705932617184,31.381705614144753,28.506807635972226,42.39633862548945
seq04,test,111,1788536386.889511,-2.7463207504194544,5.9122711070490315,0.31991624484288006,-23.472970962524418,-17.63925170898437,28.839252471923828,31.37304983531395,28.51933622708095,42.398358397494405
seq04,test,112,1788536387.0713751,-2.78264675587511,5.86752997699961,0.3199026492290111,-23.487857818603516,-17.69111824035644,28.85140037536621,31.36424191625336,28.5314977261372,42.40002397968469
seq04,test,113,1788536387.2473533,-2.818533173534019,5.823809730722458,0.31989108107576936,-23.502172470092777,-17.74190330505371,28.863149642944336,31.355314787683135,28.543258561868566,42.401336945483024
seq04,test,114,1788536387.4120102,-2.8539797227508155,5.781174775474924,0.3199216110169172,-23.515907287597656,-17.79159593582153,28.874486923217773,31.34630392410457,28.554565312200857,42.40228731885909
seq04,test,115,1788536387.5800722,-2.8889711321630385,5.739532404305923,0.31991397861445914,-23.529062271118164,-17.840179920196533,28.885421752929684,31.33713764099502,28.565507774315225,42.40288233051063
seq04,test,116,1788536387.747058,-2.92350665598853,5.698945820862379,0.319912011628384,-23.541629791259766,-17.88764953613281,28.89594268798828,31.32785473274278,28.5760306763599,42.403113227357444
seq04,test,117,1788536387.9165912,-2.9575817844062686,5.659434843978222,0.3199188681216927,-23.553613662719727,-17.933990955352783,28.906049728393555,31.318465321293157,28.58613086027186,42.40298512654067
seq04,test,118,1788536388.087336,-2.9911849030053492,5.620946431942904,0.31988964838580536,-23.56500244140625,-17.979193210601807,28.915740966796875,31.30892140031373,28.59585131841107,42.402491340435354
seq04,test,119,1788536388.2650292,-3.0243214463758124,5.583591753990535,0.31990265011154206,-23.5757999420166,-18.023245334625244,28.925016403198242,31.29929752702497,28.6051137530867,42.40163391323808
seq04,test,120,1788536388.4400141,-3.056979879443316,5.547322610519718,0.31990879110272363,-23.58600044250488,-18.066139221191406,28.933866500854492,31.28955520547204,28.61395770975177,42.40041085616678
seq04,test,121,1788536388.6074712,-3.089154361820129,5.5121397389814,0.3199096265644963,-23.595603942871094,-18.10786247253418,28.942296981811523,31.279689558756594,28.622387355247028,42.398821172362695
seq04,test,122,1788536388.7697632,-3.120838658182397,5.478046587966151,0.3198943613755205,-23.604602813720703,-18.148405075073242,28.950302124023434,31.269694788495347,28.630407762647913,42.396863808790656
seq04,test,123,1788536388.9389172,-3.1520314540571968,5.445078421448885,0.31988690694385435,-23.613000869750977,-18.187761783599854,28.9578800201416,31.259597015753805,28.637993113197748,42.39454039306106
seq04,test,124,1788536389.1112351,-3.1827322257363626,5.413279043275337,0.3199133823371574,-23.620790481567383,-18.225915908813473,28.96502876281738,31.249412206497638,28.64511538048022,42.39184353637653
seq04,test,125,1788536389.281798,-3.2129220083861156,5.382548140845066,0.3198934670517186,-23.627971649169922,-18.26286506652832,28.97174835205078,31.239075171699543,28.65185488499906,42.388779245622764
seq04,test,126,1788536389.452799,-3.2426134881795154,5.353019826824,0.31992065745789455,-23.634540557861325,-18.298599243164062,28.978034973144528,31.22866910784135,28.658114315686632,42.38534287201187
seq04,test,127,1788536389.622411,-3.271785026456964,5.32458324986354,0.319905333168504,-23.640497207641598,-18.333109378814697,28.98388862609863,31.218117438964125,28.663983292930126,42.381538370502
seq04,test,128,1788536389.795889,-3.300438809296876,5.2972969889538595,0.3198873245108811,-23.645839691162113,-18.36638879776001,28.989303588867188,31.20745683416268,28.669416264356308,42.377361774832856
seq04,test,129,1788536389.962343,-3.3285504652936537,5.271035637569305,0.3197774700801421,-23.650564193725582,-18.398427963256836,28.99428367614746,31.19659835830518,28.67450620606732,42.372810330342766
seq04,test,130,1788536390.12432,-3.3561576204549564,5.246077375429172,0.319764289248623,-23.6546688079834,-18.429220676422116,28.998826980590817,31.185722603047225,28.679062691342192,42.367887971058295
seq04,test,131,1788536390.277323,-3.3832348360730067,5.222295307723523,0.31974955265639293,-23.658151626586914,-18.45875787734986,29.00293159484863,31.174741872492497,28.683182042192236,42.3625950914492
seq04,test,132,1788536390.434484,-3.4097798662775003,5.199703526599051,0.31974579585793794,-23.661014556884766,-18.487037658691406,29.006595611572266,31.1636681806393,28.68684981571433,42.35693056422218
seq04,test,133,1788536390.596561,-3.435788828843399,5.1783099707155875,0.3197509862124488,-23.66325187683105,-18.514050006866455,29.00981903076172,31.152498818955717,28.69006804454927,42.35089358048901
seq04,test,134,1788536390.748689,-3.4612873070999988,5.158296997148539,0.31989042714855076,-23.66481924605454,-18.540031557438525,29.012431002526235,31.14150733489811,28.692540575377684,42.344484454993754
seq04,test,135,1788536390.909079,-3.48618404648345,5.139162729184193,0.3198056232080375,-23.665849685668945,-18.564247131347656,29.01494026184082,31.129897917045636,28.695134638632783,42.33770537304715
seq04,test,136,1788536391.0688472,-3.5105693535770177,5.121439103443492,0.3198729553053279,-23.66620635986328,-18.58742570877075,29.016838073730465,31.118482832763984,28.696965118425137,42.33055375046653
seq04,test,137,1788536391.234227,-3.534393504637509,5.104880172215119,0.3199112360827834,-23.665931701660156,-18.609312057495114,29.01828956604004,31.106940435951444,28.698378329957254,42.32302756248885
seq04,test,138,1788536391.4041202,-3.5576514835324637,5.089483741573314,0.31991868966762604,-23.665029525756836,-18.629905700683594,29.01930046081543,31.095274355541154,28.699381771147802,42.315134423660595
seq04,test,139,1788536391.5572093,-3.580341939630326,5.075271435964114,0.31990419992933394,-23.663494110107422,-18.649200916290283,29.019865036010742,31.0834938431223,28.69996083608141,42.306871090734525
seq04,test,140,1788536391.711939,-3.6024753480677436,5.062315875991441,0.31992292294214697,-23.66132545471191,-18.667192459106445,29.019987106323242,31.07164355849717,28.700064183381095,42.29823539530335
seq04,test,141,1788536391.873842,-3.624031259046135,5.050533963493086,0.3199068239461138,-23.658525466918945,-18.68387985229492,29.019664764404297,31.059674134548764,28.699757940458184,42.289235783887726
seq04,test,142,1788536392.0429542,-3.6450196464944105,5.039998255223344,0.3199094472929527,-23.655090332031246,-18.69925737380981,29.018898010253906,31.04762771389729,28.698988562960952,42.279866735808504
seq04,test,143,1788536392.2112682,-3.667260849343125,5.033402527213458,0.3199477795342518,-23.65102195739746,-18.71332216262817,29.01768684387207,31.036392211707195,28.697739064337817,42.27076849223042
seq04,test,144,1788536392.3876,-3.6943867752368478,5.044130481232615,0.32037410684901313,-23.64631652832031,-18.7260684967041,29.016035079956055,31.033882456481024,28.695660973107042,42.26751493767027
seq04,test,145,1788536392.553909,-3.7130366524184195,5.04287246038082,0.3203183693445766,-23.64097785949707,-18.73749732971192,29.01393699645996,31.02626029843653,28.693618627115384,42.260532155010566
seq04,test,146,1788536392.719028,-3.7347623270739922,5.04517871556761,0.32149173091821903,-23.635000228881836,-18.74760627746582,29.011398315429688,31.017996167922686,28.68990658451147,42.2519446428358
seq04,test,147,1788536392.8876953,-3.760183736110258,5.053145456125112,0.32430044595183505,-23.62838745117187,-18.75639533996582,29.0084171295166,31.010316860424155,28.684116683564767,42.24237566354744
seq04,test,148,1788536393.0559082,-3.7775729574540367,5.051005570839758,0.3218297342291334,-23.621139526367188,-18.763859272003174,29.00499153137207,30.998627738300996,28.683161797142937,42.23314684390501
seq04,test,149,1788536393.224487,-3.7981775014119763,5.059172385290843,0.3227825680632681,-23.61325454711914,-18.769996643066413,29.001129150390625,30.99139517526327,28.678346582327357,42.224567938647034
seq04,test,150,1788536393.3963242,-3.8124561680713978,5.06394348345414,0.3206523058956465,-23.604732513427734,-18.77480936050415,28.996828079223633,30.984195004651667,28.676175773327987,42.2178090036549
seq04,test,151,1788536393.5670123,-3.83195662439352,5.066724401923556,0.3209466229664466,-23.5955753326416,-18.778293609619137,28.992084503173828,30.970720179159684,28.671137880207382,42.20449805129391
seq04,test,152,1788536393.737222,-3.854029217359682,5.078968614627587,0.3212480662192585,-23.58578300476074,-18.780453205108643,28.986906051635742,30.961494103139163,28.665657985416484,42.19400508171265
seq04,test,153,1788536393.905169,-3.8638096493629983,5.089554799956223,0.3204811996501753,-23.575355529785156,-18.781288623809814,28.981290817260742,30.957425712709735,28.660809617610568,42.18772587726033
seq04,test,154,1788536394.07303,-3.874411280097489,5.09116817966562,0.3207314791488147,-23.564292907714844,-18.780794143676758,28.975242614746094,30.94449908589023,28.65451113559728,42.17396154141474
seq04,test,155,1788536394.238229,-3.8869717769012118,5.093215550303552,0.32066632419624597,-23.55259323120117,-18.778976917266846,28.968761444091797,30.92924571328159,28.64809511989555,42.158410719465344
seq04,test,156,1788536394.3982422,-3.8995563028505353,5.100291316216845,0.320585624710108,-23.54026222229004,-18.7758355140686,28.961845397949215,30.916448072664856,28.641259773239106,42.14437711994267
seq04,test,157,1788536394.552483,-3.9113767687264076,5.106894692193977,0.3205502766377957,-23.52729606628418,-18.77136993408203,28.954504013061523,30.90235931851747,28.633953736423727,42.12907687132983
seq04,test,158,1788536394.720464,-3.922483375230564,5.1173224679225,0.32098761112220076,-23.513698577880856,-18.76558542251587,28.946733474731445,30.890273589266236,28.625745863609243,42.11463318928067
seq04,test,159,1788536394.8772712,-3.931552854524681,5.122975957486784,0.32149705475263346,-23.499469757080075,-18.75848007202148,28.93853378295898,30.87437957262704,28.617036728206347,42.097055777074964
seq04,test,160,1788536395.0391161,-3.9402665211996637,5.1294039290640665,0.3213992775381189,-23.48461151123047,-18.750061511993408,28.929914474487305,30.857904835552276,28.608515196949185,42.07918051262492
seq04,test,161,1788536395.19701,-3.9486334910939114,5.138667215874734,0.3212919500323317,-23.469120025634766,-18.740325927734375,28.92087173461914,30.842433563156483,28.59957978458681,42.06176020987077
seq04,test,162,1788536395.361762,-3.9576231346904125,5.1514830596243435,0.32052251863551406,-23.45300483703613,-18.72928237915039,28.911405563354492,30.827923473077682,28.59088304471898,42.045207324244856
seq04,test,163,1788536395.520621,-3.9638726130981827,5.1601273657863045,0.32044428035794525,-23.436260223388672,-18.716932773590088,28.901525497436523,30.8105157396755,28.581081217078577,42.02577879923266
seq04,test,164,1788536395.6788092,-3.971154139037579,5.174793507639769,0.32002611509555146,-23.41889190673828,-18.703278064727783,28.8912296295166,30.79572707854711,28.57120351442105,42.00821915481333
seq04,test,165,1788536395.8589022,-3.9780154774993233,5.1907943825075415,0.31975937132780397,-23.40156100184637,-18.685861548024434,28.880174870414912,30.779357029694268,28.560415499087107,41.98888129781365
seq04,test,166,1788536396.030322,-3.984284722591809,5.208456096985495,0.3197377206028207,-23.382282257080075,-18.672077655792236,28.869405746459957,30.766251001146845,28.549668025857137,41.97196379789988
seq04,test,167,1788536396.213416,-3.990823685712887,5.230586607416158,0.31972835682753376,-23.363046646118164,-18.654539108276367,28.85788345336914,30.753573010011205,28.538155096541608,41.95483940138912
seq04,test,168,1788536396.3799932,-3.995148931488148,5.248163851170184,0.31975501630635295,-23.34356414149405,-18.634369763722084,28.84575794620458,30.736567521524695,28.526002929898226,41.93410814792427
seq04,test,169,1788536396.5531971,-3.9994436008597196,5.269147403135521,0.31975322745969303,-23.32271957397461,-18.615615844726562,28.83362579345703,30.722482154597834,28.51387256599734,41.915532186166004
seq04,test,170,1788536396.719829,-4.0031163905713765,5.291368931502856,0.3197539440607784,-23.301633834838867,-18.59424018859863,28.820898056030273,30.707573961239135,28.501144111969495,41.89594627498256
seq04,test,171,1788536396.8939521,-4.007080834320759,5.318039600780915,0.319731041351659,-23.27993392944336,-18.57159662246704,28.807775497436523,30.694585602436426,28.488044456084864,41.87751499596371
seq04,test,172,1788536397.069067,-4.009244426673756,5.341779234253797,0.31974786013403156,-23.257623672485348,-18.547691822052,28.794260025024414,30.679095992885166,28.47451216489038,41.85695610014127
seq04,test,173,1788536397.2552352,-4.011242203246597,5.368328684336399,0.31973897395294837,-23.23470306396484,-18.522531986236572,28.78035545349121,30.66455072301397,28.460616479538263,41.83684215425038
seq04,test,174,1788536397.425235,-4.012254531776542,5.3948370329857465,0.31973324718993257,-23.211177825927734,-18.49612426757812,28.766069412231445,30.64925264210763,28.44633616504151,41.8159147781594
seq04,test,175,1788536397.594798,-4.013475493228828,5.425406560743141,0.3197185164800549,-23.187047958374023,-18.468477249145508,28.75139808654785,30.635658383599868,28.431679570067796,41.7959802824583
seq04,test,176,1788536397.7676091,-4.013706290934962,5.455883854304285,0.31971911239398887,-23.162317276000977,-18.43959665298462,28.736351013183594,30.621288204966408,28.416631900789604,41.77521106968328
seq04,test,177,1788536397.936477,-4.012412349167331,5.484473255553306,0.31973271101804857,-23.136987686157227,-18.409489154815674,28.720932006835938,30.605078361087852,28.40119929581789,41.75283155582498
seq04,test,178,1788536398.1038282,-4.0111883525180945,5.516607952479129,0.319728238372871,-23.11106109619141,-18.37816619873047,28.705139160156246,30.590282289672142,28.385410921783375,41.73124637199719
seq04,test,179,1788536398.2686863,-4.0094503821941885,5.550254783725647,0.31975626981207506,-23.084541320800778,-18.345634937286377,28.688982009887695,30.575687071182546,28.36922574007562,41.70953858491183
seq04,test,180,1788536398.441451,-4.007378788612403,5.586048604027529,0.3196945367260864,-23.057430267333984,-18.311903476715088,28.672460556030273,30.561684753877895,28.352766019304187,41.68807882285801
seq04,test,181,1788536398.620577,-4.0039553660471325,5.620518178158994,0.319736229990528,-23.029733657836918,-18.276981830596924,28.655580520629883,30.546206741211396,28.335844290639354,41.665223123609785
seq04,test,182,1788536398.793875,-3.9998696035658954,5.65599939895938,0.31973682644082335,-23.001449584960938,-18.24087905883789,28.63834953308105,30.53065413344575,28.318612706640227,41.64210210165636
seq04,test,183,1788536398.9793653,-3.9963866045362773,5.696675038560231,0.31971064328501164,-22.972587585449215,-18.20360374450684,28.620763778686523,30.517528235037766,28.30105313540151,41.62053745627448
seq04,test,184,1788536399.147102,-3.9901898672636804,5.731532375528726,0.3197517367902112,-22.94314575195312,-18.165167331695557,28.60283660888672,30.5002753047286,28.28308487209651,41.59566904794839
seq04,test,185,1788536399.3117173,-3.984568907925752,5.771454473590023,0.319763426827961,-22.91312789916992,-18.12557983398437,28.58456802368164,30.48538328744446,28.26480459685368,41.57231979431409
seq04,test,186,1788536399.476872,-3.978329568850726,5.8124750399995495,0.3197319356635404,-22.88254165649414,-18.08485221862793,28.565958023071286,30.470501879039393,28.246226087407745,41.54877582963783
seq04,test,187,1788536399.6742332,-3.9717063839061977,5.855331840842032,0.3197441640726997,-22.851385116577145,-18.042992115020752,28.547019958496094,30.456069295761605,28.227275794423395,41.52530861682636
seq04,test,188,1788536399.847294,-3.964192241294327,5.898378084530894,0.3197186940014751,-22.819965804830225,-17.999021537012652,28.527493245472268,30.440530635176003,28.20777455147079,41.50065602490751
seq04,test,189,1788536400.0167413,-3.955857381746347,5.941803753110792,0.31974619152164796,-22.787384033203125,-17.955929279327393,28.50816535949707,30.425779203074057,28.18841916797542,41.476680379506
seq04,test,190,1788536400.1915772,-3.9468507910312494,5.986093842090226,0.31976414219029015,-22.75454521179199,-17.910749435424812,28.488258361816406,30.410335217731987,28.168494219626115,41.451810028706106
seq04,test,191,1788536400.365864,-3.9372620959089004,6.031533585469482,0.31974398320002084,-22.721153259277344,-17.864484786987305,28.468038558959957,30.39497098689294,28.148294575759937,41.426811955759035
seq04,test,192,1788536400.5397172,-3.9282617661949297,6.081892210723772,0.3196503947509812,-22.687211990356445,-17.817148208618164,28.447511672973633,30.381941124258486,28.127861278222653,41.40336854127749
seq04,test,193,1788536400.712501,-3.916546190834054,6.126420584150155,0.3197377222536346,-22.65272521972656,-17.76875138282776,28.426681518554688,30.36484230049875,28.106943796301053,41.376610995858336
seq04,test,194,1788536400.8720052,-3.905222624110181,6.175208032743781,0.31972430166949795,-22.617698669433594,-17.719309091567993,28.405553817749023,30.34970689069058,28.085829516079524,41.35116114400072
seq04,test,195,1788536401.0464642,-3.8930517130802857,6.224208592654587,0.3197576423381281,-22.582134246826172,-17.66883301734924,28.384132385253903,30.33412671119015,28.064374742915774,41.32515424098679
seq04,test,196,1788536401.221809,-3.8807408176961045,6.275683231100055,0.31974684639459827,-22.546035766601562,-17.617336273193352,28.362426757812496,30.319459371205497,28.0426799114179,41.29965512176127
seq04,test,197,1788536401.3902092,-3.867511422701052,6.327089451825947,0.31972585242024243,-22.509408950805664,-17.56483292579651,28.3404369354248,30.30419605181252,28.02071108300456,41.27353326217546
seq04,test,198,1788536401.565501,-3.8539929408497864,6.380444640492444,0.3197679006327081,-22.472259521484375,-17.511337757110592,28.318168640136715,30.28955457912825,27.998400739504007,41.247637030160256
seq04,test,199,1788536401.738673,-3.8395341066912594,6.433621772036529,0.3197641416737218,-22.434589385986328,-17.45686149597168,28.295631408691406,30.274267482781802,27.975867267017684,41.22111620226715
seq04,test,200,1788536401.910195,-3.8245549634260474,6.487959339628803,0.319758954081371,-22.39640235900879,-17.401420831680298,28.27282905578613,30.259147388089936,27.953070101704757,41.19454003584662
seq04,test,201,1788536402.1033912,-3.80914135563507,6.543726270386478,0.31976372521055896,-22.357706069946286,-17.345030069351196,28.249767303466793,30.24437025994008,27.930003578256233,41.168034107809355
seq04,test,202,1788536402.267882,-3.7928942891671795,6.59960277865644,0.31975931160126003,-22.31850624084473,-17.287703037261963,28.226451873779297,30.22915277223871,27.906692562178037,41.14103993687168
seq04,test,203,1788536402.4338531,-3.7760215613762074,6.656244142108998,0.31975120050957107,-22.278946914797142,-17.228977837750246,28.20274185092132,30.21360745858426,27.88299065041175,41.113540874903585
seq04,test,204,1788536402.6001422,-3.758548021503728,6.713720765072759,0.31973998709439266,-22.238601684570312,-17.170301914215095,28.179079055786133,30.198657631334495,27.85933906869174,41.08651477162417
seq04,test,205,1788536402.7729611,-3.7408044387287247,6.773062085053439,0.31972692626740895,-22.19791030883789,-17.11025619506836,28.15503692626953,30.184062834052316,27.83531000000212,41.05949502814466
seq04,test,206,1788536402.9377942,-3.722327878222898,6.832751823359418,0.3197315185630707,-22.15673446655273,-17.049337625503536,28.13076019287109,30.169215149011578,27.81102867430802,41.03211984080926
seq04,test,207,1788536403.112735,-3.7031769152320155,6.892932573765229,0.3196997260265957,-22.115076065063473,-16.987560510635376,28.10626220703125,30.15420335969215,27.786562481004655,41.00450017703478
seq04,test,208,1788536403.303132,-3.6830921028410293,6.952749884696212,0.3197792909831625,-22.073088884159503,-16.92443937088039,28.081350016958456,30.138217405207072,27.761570725975293,40.975809418934666
seq04,test,209,1788536403.491239,-3.6626466513816855,7.014037245526016,0.3197715966378629,-22.03033447265625,-16.861492395401,28.05661392211914,30.123294500014147,27.736842325481277,40.94808046445147
seq04,test,210,1788536403.65957,-3.6416726228574463,7.076217269975807,0.3197667661854213,-21.987262725830078,-16.797233819961548,28.0314769744873,30.10817734719122,27.71171020830188,40.91993677706285
seq04,test,211,1788536403.8487823,-3.6203242840323706,7.139792662198034,0.3197749964916978,-21.94373321533203,-16.73218154907227,28.006139755249023,30.093495436841273,27.686364758757325,40.8919706196968
seq04,test,212,1788536404.017663,-3.598322319018975,7.203801706439328,0.31975740305107747,-21.89974594116211,-16.666355371475216,27.980609893798828,30.07867193746181,27.66085249074775,40.86378917864028
seq04,test,213,1788536404.2200952,-3.575521953948584,7.267736937561885,0.31976652803359684,-21.855310440063477,-16.59976601600647,27.95488929748535,30.06340573414284,27.635122769451755,40.83513652258755
seq04,test,214,1788536404.394936,-3.552797173775939,7.334490403529428,0.3197279399276345,-21.8104305267334,-16.532434701919563,27.928991317749023,30.049480688360255,27.60926337782139,40.807385531372205
seq04,test,215,1788536404.5779722,-3.5287282756097564,7.3992621823472104,0.3197377209277277,-21.765113830566406,-16.464376926422116,27.902914047241207,30.033964600475517,27.58317632631348,40.77831097374089
seq04,test,216,1788536404.748105,-3.5043602525328357,7.465545171030483,0.3197486358795787,-21.71936225891113,-16.3956127166748,27.876670837402344,30.01901320553967,27.556922201522767,40.74954128643835
seq04,test,217,1788536404.9137113,-3.4796020452469714,7.5330174014942175,0.3197465482953934,-21.673187255859375,-16.32615900039673,27.850265502929688,30.004447026938593,27.530518954634296,40.7209567090932
seq04,test,218,1788536405.087073,-3.4540795474791373,7.600354855971058,0.31977475839914593,-21.626588821411133,-16.256033420562744,27.823705673217773,29.989454061584446,27.50393091481863,40.69193495864997
seq04,test,219,1788536405.249789,-3.428298580904186,7.669257562669333,0.31977261100354704,-21.579578399658203,-16.18525123596192,27.796993255615234,29.975098816896047,27.477220644611688,40.66330290858525
seq04,test,220,1788536405.404061,-3.4017748856824945,7.738036446300286,0.31972585141335497,-21.53215789794922,-16.113834619522102,27.770143508911133,29.96034948915157,27.450417657497777,40.634320113460376
seq04,test,221,1788536405.566162,-3.3746512304541016,7.807157639260365,0.3197451763141175,-21.484333038330078,-16.041799545288086,27.743154525756832,29.945506073081134,27.423409349442714,40.60513162544903
seq04,test,222,1788536405.7282012,-3.347273989999783,7.877787704952,0.3197358736837552,-21.436113357543945,-15.969167947769165,27.71603775024414,29.931311424120146,27.396301876560386,40.57635715634527
seq04,test,223,1788536405.889254,-3.3191024273385783,7.947997946666399,0.3197578203599962,-21.387502670288086,-15.895952701568604,27.688795089721676,29.91656848395023,27.36903726936168,40.54707475153532
seq04,test,224,1788536406.047167,-3.2905722894383276,8.019301782237449,0.31975054453108087,-21.33850936701306,-15.822164409841132,27.661152730215417,29.902233076212262,27.341402185684334,40.51784565377911
seq04,test,225,1788536406.2089431,-3.261486299713732,8.0909533517564,0.31973205546695005,-21.289134979248047,-15.747859954833984,27.633975982666016,29.88787608344203,27.314243927199065,40.48892512890058
seq04,test,226,1788536406.3804572,-3.2317887007171593,8.162719886550121,0.3197664091575627,-21.239391326904293,-15.673017382621762,27.606412887573242,29.873334656640715,27.28664647841568,40.459574880931285
seq04,test,227,1788536406.544223,-3.2017422023163054,8.235516248722584,0.31975322833608666,-21.189281463623047,-15.597670078277595,27.57874870300293,29.85920861601258,27.258995474666843,40.430498061024025
seq04,test,228,1788536406.7088351,-3.171061659179109,8.308258645952334,0.319780900710235,-21.138811111450195,-15.521839499473568,27.551000595092773,29.844825313615402,27.23121969438254,40.40115003368031
seq04,test,229,1788536406.886131,-3.140040976784588,8.38201212490749,0.31973223346745994,-21.087991714477536,-15.445543289184567,27.523168563842773,29.83087884548963,27.203436330375315,40.372122570841675
seq04,test,230,1788536407.0611732,-3.1083047535440715,8.455344197230247,0.3197816761215504,-21.03682518005371,-15.368799209594727,27.49526023864746,29.81646615131872,27.17547856252591,40.342636116831045
seq04,test,231,1788536407.227164,-3.0762178510070703,8.529553972057416,0.31976789886642587,-20.985319137573242,-15.291629672050476,27.467287063598633,29.802427738337013,27.147519164732206,40.31342823301315
seq04,test,232,1788536407.393353,-3.0436196680561802,8.604019103247127,0.31973915573934564,-20.933481216430668,-15.214052319526672,27.43924903869629,29.78838150219582,27.119509882956944,40.28418410259989
seq04,test,233,1788536407.5716612,-3.010172949631883,8.677378430113865,0.3197677225072375,-20.881319046020508,-15.136087179183956,27.411161422729492,29.77346145686921,27.091393700222255,40.25422486825598
seq04,test,234,1788536407.751163,-2.976285797737488,8.7511991167962,0.31987362783856677,-20.82883644104004,-15.057756304740906,27.383024215698242,29.75869490983137,27.063150587859674,40.22429666852601
seq04,test,235,1788536407.915517,-2.9424576690625073,8.827371742671723,0.31990086049800803,-20.776042938232422,-14.979078412055966,27.354845046997067,29.74531614426527,27.034944186499057,40.19542311867618
seq04,test,236,1788536408.093683,-2.9081698614633402,8.903833851923197,0.3198777825439483,-20.722944259643555,-14.900074005126953,27.326635360717773,29.732006594325096,27.006757578173826,40.16661761975037
seq04,test,237,1788536408.2672691,-2.8734329098070974,8.980606549475615,0.3198871457970027,-20.66954803466797,-14.82076120376587,27.29840087890625,29.718795743810777,26.978513733109246,40.13785026268734
seq04,test,238,1788536408.4434183,-2.8382432281100214,9.05763523854471,0.3198994300363658,-20.615859985351562,-14.741163194179535,27.270143508911133,29.70566384393376,26.950244078874768,40.10912764346437
seq04,test,239,1788536408.6201212,-2.802600947349439,9.134876732338933,0.31989686604314227,-20.5618896484375,-14.661299288272858,27.241874694824215,29.69259719816597,26.921977828781074,40.0804593110647
seq04,test,240,1788536408.7898781,-2.766521686723412,9.212357908812235,0.3199129054072811,-20.507640838623043,-14.58118849992752,27.213600158691406,29.679625325579035,26.893687253284124,40.05184856588032
seq04,test,241,1788536408.9572732,-2.729999298752019,9.290004569230147,0.31990908997001455,-20.453123092651367,-14.500851333141327,27.185329437255856,29.666714371181804,26.86542034728584,40.02330261257365
seq04,test,242,1788536409.13063,-2.693044875692419,9.367825399734254,0.31990175511014507,-20.39834213256836,-14.42030930519104,27.15706443786621,29.65388513658893,26.837162682756066,39.99482722246371
seq04,test,243,1788536409.297867,-2.6556705830175225,9.445822132272857,0.31991236936355705,-20.34329061246357,-14.33965715067162,27.12876511623796,29.641203198005343,26.808852746874404,39.96642982090141
seq04,test,244,1788536409.4713852,-2.617870145961944,9.523927395732404,0.3198994296267761,-20.288024902343746,-14.258694171905514,27.10059356689453,29.628490642352315,26.780694137267755,39.938115080932974
seq04,test,245,1788536409.639848,-2.579664438468199,9.602186926736405,0.3199147538235021,-20.232501983642578,-14.177660077810287,27.07239723205566,29.615938225151105,26.75248247823216,39.9098874428892
seq04,test,246,1788536409.8067951,-2.541042724405057,9.680505253354445,0.31990187491675526,-20.176744461059567,-14.096504539251328,27.044235229492188,29.60344862379905,26.724333354575432,39.881752264267206
seq04,test,247,1788536409.99079,-2.502026802092588,9.758933888213994,0.31991272748677124,-20.12076187133789,-14.015245705842972,27.016120910644528,29.591070288361134,26.696208183157758,39.85371967795764
seq04,test,248,1788536410.1685913,-2.462613122205722,9.837410596041726,0.319913263761066,-20.06456184387207,-13.933906748890877,26.988054275512695,29.57877832354922,26.66814101175163,39.82579405531464
seq04,test,249,1788536410.343442,-2.4228088273302113,9.91591926700266,0.3199080159640284,-20.00815200805664,-13.852505311369896,26.96004295349121,29.566574061289316,26.640134937527183,39.79797848146766
seq04,test,250,1788536410.508161,-2.3826276386726155,9.994475070396721,0.3199236979600988,-19.9515380859375,-13.771063385065641,26.932098388671875,29.554482441451647,26.612174690711775,39.77028129333553
seq04,test,251,1788536410.6615922,-2.3420648362237975,10.073006643380369,0.3199197629550048,-19.89472770690918,-13.689602345228195,26.904228210449215,29.542470441678326,26.58430844749421,39.74271021745937
seq04,test,252,1788536410.838655,-2.3011360464122053,10.151538767160972,0.31993013750345867,-19.83773040771484,-13.608141511678696,26.876432418823242,29.530569732830312,26.556502281319784,39.715266109687555
seq04,test,253,1788536411.0052323,-2.259837562190716,10.230002983276284,0.31991576774579444,-19.78055191040039,-13.526703551411625,26.84872055053711,29.518748900433494,26.528804782791315,39.6879581214541
seq04,test,254,1788536411.171603,-2.218186075368795,10.308430458105272,0.31991803354448445,-19.723203659057617,-13.44530937075615,26.821100234985348,29.507046556076943,26.501182201440862,39.66079240933618
seq04,test,255,1788536411.33627,-2.176179259881008,10.386753504595466,0.3198983566819349,-19.66568946838379,-13.363975882530212,26.793581008911133,29.49542530213454,26.473682652229197,39.63377331171913
seq04,test,256,1788536411.5052671,-2.133837745845223,10.465028465777811,0.3199148735985988,-19.608016967773438,-13.282726615667343,26.766164779663086,29.483941576532334,26.446249906064487,39.60690526893496
seq04,test,257,1788536411.6629682,-2.0911573360469036,10.543179760780756,0.319924294217818,-19.550195693969723,-13.2015820145607,26.738859176635742,29.472558968490283,26.418934882417926,39.580195205084266
seq04,test,258,1788536411.8299983,-2.0481436945948004,10.621179269143333,0.3199205975113202,-19.492233276367188,-13.120563745498657,26.711673736572266,29.46127327034936,26.391753139060945,39.553650355729935
seq04,test,259,1788536412.0041852,-2.004805465255441,10.69901994241458,0.31991242889717175,-19.434139251708984,-13.03968632221222,26.684616088867188,29.450090854831718,26.364703659970015,39.52727476611408
seq04,test,260,1788536412.164153,-1.9611547676050012,10.776711819873277,0.3199229229551488,-19.375917434692383,-12.958979189395901,26.65768814086914,29.439038476799514,26.33776521791399,39.50107420200674
seq04,test,261,1788536412.349503,-1.9171911080721737,10.854191199754423,0.31991755694459956,-19.31757926940918,-12.878456711769104,26.630897521972656,29.428083271894195,26.310979965028057,39.475052270739894
seq04,test,262,1788536412.515836,-1.8729231077906687,10.931451373622028,0.31990431936911845,-19.259130477905273,-12.798140108585354,26.60425567626953,29.417235060914145,26.284351356900412,39.44921855857311
seq04,test,263,1788536412.691384,-1.8283622579364998,11.008498555616887,0.3199056317075868,-19.200580596923825,-12.718050241470337,26.577762603759766,29.406514377566218,26.257856972052178,39.4235734123983
seq04,test,264,1788536412.859486,-1.7835130476422105,11.085299228899563,0.3199058691732377,-19.141924589954684,-12.638290677113057,26.55136354945245,29.395971991090054,26.231457680279213,39.398128652681336
seq04,test,265,1788536413.0275202,-1.738379129780813,11.161812684228144,0.31989406268996556,-19.083208084106445,-12.558633923530579,26.525262832641598,29.385416089045687,26.205368769951633,39.37288446501604
seq04,test,266,1788536413.198193,-1.6929779791966029,11.23808763028541,0.3199190470939264,-19.02440071105957,-12.479345917701718,26.499267578125,29.375072221421373,26.179348531031074,39.34784819431579
seq04,test,267,1788536413.3757322,-1.6473020814577581,11.314005742085353,0.3199039613969221,-18.965526580810547,-12.400364398956299,26.473445892333984,29.364813144243076,26.153541930937063,39.323021330126636
seq04,test,268,1788536413.547182,-1.6013686153904896,11.389617203736776,0.31990181428211883,-18.906589508056637,-12.32171106338501,26.44781112670898,29.354688864560934,26.127909312426862,39.29841476921913
seq04,test,269,1788536413.711092,-1.55518483777334,11.464908098831245,0.31991773531441403,-18.847599029541016,-12.243404269218441,26.422367095947266,29.344704188672033,26.102449360632853,39.27403119804572
seq04,test,270,1788536413.8796241,-1.5087501365237048,11.53979457707251,0.31990265047103716,-18.7885627746582,-12.165464878082275,26.39712142944336,29.334812947166338,26.077218778972323,39.24987375637818
seq04,test,271,1788536414.047907,-1.4620833130377793,11.614349549954545,0.31992041841391794,-18.7294921875,-12.0879133939743,26.37207794189453,29.325086153343165,26.052157523480613,39.22595555916065
seq04,test,272,1788536414.221384,-1.4151813535201767,11.688470532540595,0.3199130247519053,-18.670391082763672,-12.010766863822937,26.347240447998047,29.31545865186788,26.027327423246142,39.202268923701794
seq04,test,273,1788536414.3972392,-1.3680569688303372,11.762186254144641,0.3199144558449767,-18.611270904541016,-11.934046030044556,26.322622299194332,29.30596955057002,26.002707843349356,39.178829314893
seq04,test,274,1788536414.580243,-1.320715166400665,11.835452729540656,0.3199039013811129,-18.552137374877926,-11.85776877403259,26.29822540283203,29.296598037045,25.978321501450917,39.1556361789326
seq04,test,275,1788536414.7443542,-1.2731679851404567,11.908294438532481,0.3199174970307719,-18.493000030517578,-11.781956315040585,26.274051666259762,29.287379473728375,25.95413416922899,39.132693197791866
seq04,test,276,1788536414.908023,-1.2254175322482634,11.980646838715499,0.31991403810765484,-18.433868408203125,-11.706627249717712,26.2501163482666,29.278280948353355,25.930202310158947,39.11001313137702
seq04,test,277,1788536415.065706,-1.1774746431403167,12.052521343125814,0.31992089583086236,-18.37474822998047,-11.631799697875977,26.22641563415527,29.269323224049273,25.906494738324408,39.087590762551486
seq04,test,278,1788536415.2311413,-1.1293444134268533,12.123873607854014,0.3199152315064395,-18.315649032592777,-11.557491779327393,26.20296287536621,29.260487573927364,25.883047643859772,39.065435981162075
seq04,test,279,1788536415.3939662,-1.0810361399202681,12.194705114499078,0.31991004339678697,-18.256565224834603,-11.483877790676033,26.179632291472927,29.25190742061087,25.85972224807614,39.04355673464744
seq04,test,280,1788536415.559409,-1.0325572027267418,12.2649947392968,0.31990801685371983,-18.197546005249023,-11.41051697731018,26.156818389892578,29.243233330702502,25.836910373038858,39.02195065931933
seq04,test,281,1788536415.716327,-0.9839168064033955,12.334744325020571,0.3199173777627031,-18.138561248779297,-11.33788514137268,26.134132385253903,29.234828745821112,25.8142150074912,39.00062702381171
seq04,test,282,1788536415.8789332,-0.9351198179067604,12.403905916149084,0.31991886851426776,-18.079627990722653,-11.265846014022824,26.111717224121094,29.226551574272793,25.791798355606826,38.97958670047581
seq04,test,283,1788536416.0396423,-0.8861744734405371,12.472461082882091,0.3199101034207277,-18.0207576751709,-11.194421768188477,26.089576721191406,29.218406619515008,25.769666617770678,38.95883728981607
seq04,test,284,1788536416.203562,-0.8370897551398421,12.540415309773076,0.319908314494622,-17.961959838867188,-11.123625040054318,26.06771469116211,29.210408779453925,25.747806376667487,38.93838099193594
seq04,test,285,1788536416.362605,-0.7878734152731216,12.607749752782297,0.3199114148185602,-17.903240203857422,-11.053480386734009,26.0461368560791,29.202561394900435,25.726225441260542,38.918225389622926
seq04,test,286,1788536416.526216,-0.7385323879351683,12.674439896672393,0.3199162452634492,-17.844602784955985,-10.984100982668664,26.024755819305806,29.19493450870003,25.704839574042357,38.898367298570996
seq04,test,287,1788536416.6928332,-0.6890739424061473,12.740453168159002,0.31990509484104224,-17.78607177734375,-10.91520285606384,26.003852844238278,29.187281423664857,25.683947749397234,38.878819026533954
seq04,test,288,1788536416.868809,-0.6395078684111172,12.805812563072768,0.3199120708042906,-17.72764015197754,-10.84710764884949,25.983158111572266,29.17987147833632,25.663246040767977,38.859581789324736
seq04,test,289,1788536417.045175,-0.5898403976237551,12.87047195353835,0.31991302469212046,-17.66932106018066,-10.779728651046753,25.96277046203613,29.172600986881044,25.64285743734401,38.84065892710526
seq04,test,290,1788536417.2310631,-0.5400796250569463,12.934422260517985,0.31991517214321163,-17.611122131347656,-10.713085651397705,25.942689895629883,29.16547826962039,25.62277472348667,38.82205181628409
seq04,test,291,1788536417.409734,-0.4902322854990015,12.997602640123318,0.3198801086223517,-17.553052902221676,-10.647192478179932,25.922929763793945,29.1584667564156,25.603049655171592,38.80376702370758
seq04,test,292,1788536417.583783,-0.4403104463813522,13.060142735940186,0.31992023951490745,-17.495122909545895,-10.58206725120544,25.903486251831055,29.151684706548284,25.583566012316147,38.78581662330367
seq04,test,293,1788536417.7499871,-0.3903174164262372,13.121870340473835,0.3199182718335556,-17.437337875366214,-10.517727613449097,25.88436698913574,29.145008113751405,25.564448717302184,38.76818974584973
seq04,test,294,1788536417.912578,-0.3402627886408785,13.182832734093294,0.31991928551962157,-17.37970542907715,-10.454185724258423,25.865575790405273,29.138483953307823,25.545656504885653,38.75089435565048
seq04,test,295,1788536418.0797012,-0.2901544121731355,13.243004214018542,0.3199164234970371,-17.322237014770504,-10.391460418701172,25.847124099731445,29.132108681950555,25.527207676234408,38.733939742848
seq04,test,296,1788536418.244609,-0.24000029861068994,13.302386632069789,0.3199226245968072,-17.26494026184082,-10.329567193984989,25.82900810241699,29.125896078719627,25.509085477820182,38.717325118131704
seq04,test,297,1788536418.424951,-0.1898081546494802,13.360918805435533,0.31990086037913024,-17.207822799682614,-10.268520116806027,25.81123161315918,29.119807798790614,25.49133075278005,38.70104843264762
seq04,test,298,1788536418.5978992,-0.1395861396214786,13.418663689501432,0.31991284649220697,-17.150892257690426,-10.208335876464844,25.793807983398438,29.113908091027913,25.47389513690623,38.685126053548224
seq04,test,299,1788536418.7710962,-0.08934208076682881,13.475557520660953,0.31991672164711726,-17.094158172607422,-10.149028539657593,25.776735305786133,29.10815756516922,25.456818584139015,38.66955455218593
seq04,test,300,1788536418.943732,-0.03908408534199593,13.531572858426635,0.31990527285854276,-17.03762817382812,-10.090614557266235,25.76001930236816,29.102546957789198,25.44011402950962,38.65433534889427
seq04,test,301,1788536419.114098,0.011180049605706672,13.586719678867093,0.319898177868702,-16.9813117980957,-10.033104419708256,25.743661880493164,29.097093834983582,25.423763702624463,38.63946985206609
seq04,test,302,1788536419.275969,0.0614431256632878,13.64102178230676,0.31991934527653143,-16.92521476745606,-9.976517200469967,25.72766876220703,29.091832083608146,25.4077494169305,38.62497151344431
seq04,test,303,1788536419.439803,0.11169604946616865,13.69439757391415,0.31992035907612815,-16.869346618652344,-9.920864582061768,25.71204376220703,29.086705155309872,25.392123403130903,38.61083199973497
seq04,test,304,1788536419.619111,0.16193160659510245,13.746870211877749,0.3199270368243301,-16.81371688842773,-9.866159915924072,25.696788787841797,29.081743992461103,25.376861751017465,38.59705877360736
seq04,test,305,1788536419.7820852,0.21213999584429544,13.798371032769957,0.31989829678669435,-16.758331298828125,-9.812418699264526,25.68191337585449,29.076902994191894,25.362015079067795,38.58365063863848
seq04,test,306,1788536419.94529,0.26231723358234255,13.84900175272924,0.31992018013789214,-16.703199386596676,-9.75965142250061,25.667415618896484,29.072276466383933,25.347495438758592,38.57062073594031
seq04,test,307,1788536420.1026602,0.3124512912869768,13.898638471269186,0.31990771785199046,-16.648330688476562,-9.707874298095703,25.653303146362305,29.067775465199592,25.333395428510315,38.557962788930205
seq04,test,308,1788536420.267456,0.36253683107413304,13.947331003002544,0.3199108786813951,-16.593730926513672,-9.657099008560177,25.63957405090332,29.063450112431156,25.319663172221926,38.54568037527092
seq04,test,309,1788536420.4218602,0.4125648325482905,13.99504437264985,0.3199089109188893,-16.539411544799805,-9.60733675956726,25.626237869262695,29.059282479245873,25.306328958343805,38.533779772512794
seq04,test,310,1788536420.5811212,0.4625279624771188,14.041778025696233,0.3199114155691778,-16.485376358032227,-9.558601379394528,25.613292694091797,29.055281256965515,25.29338127852262,38.52225986909504
seq04,test,311,1788536420.742954,0.5124174096467119,14.087503326983459,0.3199045574124939,-16.4316349029541,-9.510904788970947,25.600744247436523,29.051433258606977,25.28083969002403,38.51112345559384
seq04,test,312,1788536420.912256,0.5622276508651975,14.132246509657609,0.31991862973286067,-16.378196716308594,-9.464258193969723,25.588598251342773,29.047771204831573,25.268679621609913,38.50037898239193
seq04,test,313,1788536421.08245,0.6119466288393378,14.17593278274265,0.3199040800194297,-16.325069427490234,-9.418674468994137,25.576852798461914,29.044242187670793,25.256948718442484,38.490017703582694
seq04,test,314,1788536421.252546,0.6615717296593151,14.218626845339651,0.31991970294673133,-16.272260665893555,-9.374162673950192,25.565509796142575,29.04090902334479,25.245590093195844,38.48004958489343
seq04,test,315,1788536421.422962,0.7110902250808657,14.260250856064486,0.31991230916132696,-16.219778060913086,-9.330734729766842,25.554576873779297,29.037715161985062,25.23466456461797,38.470471761045026
seq04,test,316,1788536421.602498,0.76049424987323,14.300800324317608,0.3198881598548722,-16.167629241943356,-9.288400650024414,25.544057846069336,29.034664929392434,25.224169686214463,38.461285780912625
seq04,test,317,1788536421.7729082,0.8097834851692168,14.340350082541255,0.3199106999937791,-16.11582374572754,-9.24717378616333,25.53394889831543,29.031835325919253,25.21403819832165,38.452505570609
seq04,test,318,1788536421.9417372,0.8589418578566643,14.378795203201083,0.3199047958487775,-16.064367294311523,-9.207059860229489,25.52425765991211,29.029139700187688,25.20435286406333,38.444119901868355
seq04,test,319,1788536422.1072621,0.9079657302226458,14.416171186424013,0.3199105802987192,-16.013269424438477,-9.168074131011963,25.514984130859375,29.026622716953142,25.195073550560657,38.43613609053987
seq04,test,320,1788536422.2808022,0.956844855627245,14.45244448859666,0.31990533328076287,-15.962537765502928,-9.130220413208008,25.506132125854492,29.024258683918383,25.18622679257373,38.428552043994195
seq04,test,321,1788536422.4512773,1.0055735633082181,14.48762621005369,0.3199058105640702,-15.912179946899414,-9.093512058258057,25.49770164489746,29.022068600659388,25.17779583433339,38.42137255404543
seq04,test,322,1788536422.620423,1.0541453537224754,14.521715838762647,0.3199164831146868,-15.862202644348145,-9.057957172393799,25.489696502685543,29.02005873365675,25.169780019570858,38.41460184797541
seq04,test,323,1788536422.787341,1.102546100754195,14.554651352429323,0.31989919139609535,-15.812615394592283,-9.023561954498287,25.482118606567383,29.018181045004013,25.162219415171286,38.408229808959604
seq04,test,324,1788536422.962557,1.1507774503515977,14.586502461659208,0.3199124291385125,-15.763423919677734,-8.990337848663327,25.474969863891598,29.01650576834419,25.155057434753086,38.402272348782674
seq04,test,325,1788536423.129959,1.1988269355144054,14.617218492665836,0.3199214321723467,-15.714637756347654,-8.958290576934814,25.468252182006836,29.014994671267598,25.14833074983449,38.39672453838684
seq04,test,326,1788536423.302488,1.246684590885925,14.646776569302197,0.319916721729661,-15.66626262664795,-8.927429676055905,25.461965560913086,29.013634444546373,25.142048839183424,38.391582456492365
seq04,test,327,1788536423.4653242,1.2943470524110905,14.675200917271752,0.319921491597978,-15.618318361574211,-8.897839265706944,25.45603305429676,29.012522725087916,25.136111562698783,38.38685425202464
seq04,test,328,1788536423.6327581,1.3418034098290634,14.702458359411619,0.3199174373482425,-15.570779800415043,-8.86929702758789,25.450695037841797,29.011430900043024,25.130777600493555,38.382536467428
seq04,test,329,1788536423.810022,1.3890488613835608,14.728563390727379,0.31991821235974016,-15.523686408996586,-8.842037200927734,25.445714950561523,29.01058128644259,25.12579673820178,38.378633226141915
seq04,test,330,1788536423.9844513,1.436073640734326,14.753490745836926,0.319911534298017,-15.477035522460936,-8.815990924835205,25.441171646118164,29.009890171979436,25.121260111820146,38.37514087786565
seq04,test,331,1788536424.14595,1.4828744615393932,14.777265898660282,0.31991994150226977,-15.430832862854002,-8.79116439819336,25.43706512451172,29.00938472482461,25.11714518300945,38.37206515496999
seq04,test,332,1788536424.317233,1.5294385731504412,14.79984479773027,0.31991469422811036,-15.385087013244629,-8.767567157745361,25.43340301513672,29.00903449086007,25.11348832090861,38.369406794167695
seq04,test,333,1788536424.488104,1.5757578945940616,14.821219518779507,0.31989597136656656,-15.339805603027342,-8.745199680328373,25.43017768859863,29.008833177329663,25.110281717232063,38.36715587880995
seq04,test,334,1788536424.6649942,1.6218355419617625,14.841448885347637,0.3199099839649848,-15.294995307922363,-8.72406816482544,25.427396774291992,29.008839339856213,25.10748679032701,38.3653313914012
seq04,test,335,1788536424.8357592,1.6676565904189593,14.860481168708258,0.31992131286062464,-15.2506628036499,-8.704180240631104,25.425058364868164,29.009012366099853,25.10513705200754,38.363924523653935
seq04,test,336,1788536425.012764,1.7132050910300565,14.878259002219183,0.31988964904829253,-15.206815719604492,-8.685537338256836,25.423160552978512,29.009301994493715,25.10327090393022,38.36292236370747
seq04,test,337,1788536425.18469,1.758493048525832,14.89489279027412,0.31990616801109306,-15.163460731506346,-8.668148040771484,25.421709060668945,29.009815803259897,25.10180289265785,38.36235031122199
seq04,test,338,1788536425.3535602,1.8035001243415631,14.910299882209245,0.3199076588730243,-15.120606422424316,-8.65201187133789,25.420698165893555,29.010479444118623,25.10079050702053,38.36218974009384
seq04,test,339,1788536425.526089,1.8482233109527,14.924498559461481,0.31990992422611253,-15.07825756072998,-8.637134552001953,25.420133590698242,29.011313475584828,25.10022366647213,38.36244957879485
seq04,test,340,1788536425.69055,1.8926537680359141,14.937478631408384,0.31991159422232096,-15.036421775817871,-8.623519897460938,25.42001152038574,29.012312049316073,25.100099926163416,38.36312378769851
seq04,test,341,1788536425.8603451,1.9367868525139214,14.949247607773092,0.3199173180902315,-14.995105743408203,-8.611172199249264,25.420333862304688,29.013485973991024,25.100416544214458,38.36421873381561
seq04,test,342,1788536426.0358443,1.9806105192980306,14.959777659976725,0.31990897011005415,-14.954317092895508,-8.600090026855465,25.421100616455075,29.014808954243946,25.101191646345022,38.36572638068795
seq04,test,343,1788536426.205121,2.024124227863087,14.969097107464135,0.3199118917443027,-14.9140625,-8.590280532836918,25.422311782836914,29.016313418942016,25.10239989109261,38.367654667943945
seq04,test,344,1788536426.374918,2.067315122932089,14.977176225146213,0.3199040810436917,-14.874347686767578,-8.581743240356445,25.42396354675293,29.017970727457854,25.104059465709238,38.369993833690756
seq04,test,345,1788536426.5440311,2.110180075303558,14.984029236718852,0.3198974025330923,-14.835179328918457,-8.574480533599854,25.426061630249023,29.019796483374197,25.10616422771593,38.37275166267726
seq04,test,346,1788536426.720849,2.1527148289799154,14.989667146440791,0.3199019342676148,-14.796565055847168,-8.568493366241452,25.428600311279293,29.021802413969827,25.108698377011677,38.37592669295757
seq04,test,347,1788536426.889332,2.1949085652068834,14.99406791960068,0.3199016959199541,-14.758509635925293,-8.563782215118408,25.431581497192383,29.023967538439056,25.11167980127243,38.37951477173725
seq04,test,348,1788536427.06131,2.236754272246935,14.997230691206845,0.31989740276737555,-14.721020698547363,-8.560350894927982,25.435007095336914,29.026294667895456,25.11510969256954,38.38351882015635
seq04,test,349,1788536427.2325492,2.278248770180499,14.999170945716243,0.31990038399502296,-14.684103965759276,-8.558197021484375,25.438871383666992,29.028795977107514,25.11897099967197,38.38793690683175
seq04,test,350,1788536427.403155,2.3193808861875933,14.999864009435129,0.3198934669164881,-14.647767066955566,-8.557322025299072,25.44317245483398,29.031450593088287,25.123278987917494,38.39276325876614
seq04,test,351,1788536427.579867,2.3601511984397088,14.9993434093162,0.31990115876631475,-14.612013816833496,-8.557726383209229,25.447912216186523,29.03428873789709,25.12801105742021,38.398005966682824
seq04,test,352,1788536427.7476242,2.400549199030576,14.997591381061783,0.31991195170242936,-14.576851844787598,-8.559406757354733,25.453092575073242,29.037291669437728,25.133180623370812,38.40365966601334
seq04,test,353,1788536427.9144232,2.4405683594741805,14.99460742236029,0.31992214766675864,-14.542286872863768,-8.562366485595703,25.45870780944824,29.04046128322806,25.13878566178148,38.40972449903355
seq04,test,354,1788536428.076998,2.4801922137561845,14.990347264868229,0.31989841532460983,-14.508325576782227,-8.566601276397702,25.46475601196289,29.04375253467243,25.144857596638282,38.41618701602892
seq04,test,355,1788536428.248181,2.519427671458819,14.98487076099803,0.31988589141323254,-14.47497272491455,-8.57210922241211,25.471237182617188,29.04721932941329,25.151351291203955,38.42305847462677
seq04,test,356,1788536428.420531,2.5582696164476473,14.978182116095141,0.3198908428894429,-14.442234992980955,-8.57889175415039,25.478151321411133,29.050867221193382,25.15826047852169,38.4303390124073
seq04,test,357,1788536428.601196,2.5967125266170124,14.970286498546157,0.31991058080997137,-14.410117149353027,-8.586945056915283,25.48549461364746,29.054696938448412,25.16558403283749,38.43802848610851
seq04,test,358,1788536428.778214,2.634735706515284,14.961123968960802,0.3198969849188549,-14.378625869750977,-8.59626579284668,25.49326515197754,29.058649048338175,25.173368167058683,38.44611227925092
seq04,test,359,1788536428.9534411,2.6723542475666173,14.950783294446635,0.31992131325526363,-14.347765922546387,-8.60685396194458,25.501464843749996,29.06280722347377,25.181543530494732,38.45460828414457
seq04,test,360,1788536429.1245482,2.7095410150623573,14.939181411936872,0.3199137409224526,-14.317543029785156,-8.618703842163086,25.51008415222168,29.06708703526449,25.190170411299228,38.463492224002955
seq04,test,361,1788536429.2967732,2.746305524101424,14.92638360617856,0.3199236981423963,-14.287962913513184,-8.631811618804932,25.51913070678711,29.071547318007486,25.199207008644713,38.472781252824404
seq04,test,362,1788536429.467339,2.782630857667301,14.91234803880957,0.3199162449396269,-14.259031295776367,-8.646175861358643,25.52859306335449,29.07614653469251,25.20867681841486,38.48245943598457
seq04,test,363,1788536429.643526,2.8185123017149656,14.897084750395072,0.319895195260975,-14.230752944946287,-8.661790847778317,25.538471221923828,29.08088831004343,25.218576026662852,38.49252708921298
seq04,test,364,1788536429.819699,2.8539591902777093,14.88065214997183,0.31990706185386797,-14.203132629394531,-8.678653717041012,25.548768997192383,29.085826003058525,25.228861935338514,38.50299662146529
seq04,test,365,1788536429.986761,2.8889518927336484,14.863001110295027,0.3199083148417403,-14.176175117492674,-8.696760654449463,25.559476852416992,29.09090810350671,25.239568537575252,38.51385145956751
seq04,test,366,1788536430.1567461,2.9234880568901542,14.844151048565603,0.31990831469643033,-14.149933032431164,-8.716276143436385,25.570400990866325,29.096313119756402,25.250492676169895,38.525093349039636
seq04,test,367,1788536430.331675,2.957558591251529,14.824090660032168,0.3198959708341409,-14.124272346496582,-8.736677169799805,25.582117080688477,29.101524511905794,25.262221109854337,38.53671683369282
seq04,test,368,1788536430.5023682,2.991169119087283,14.802864020685105,0.3199046174838114,-14.09933567047119,-8.75847864151001,25.594045639038082,29.10708199059632,25.27414102155427,38.54872794768602
seq04,test,369,1788536430.655291,3.0243080276068137,14.780456625262758,0.3199162451073181,-14.075081825256346,-8.781501770019531,25.606374740600586,29.112798160967163,25.286458495493267,38.561120315747004
seq04,test,370,1788536430.811771,3.0569677910425184,14.756863270893101,0.31992214771443894,-14.05151653289795,-8.805737018585205,25.61910057067871,29.11866013854758,25.29917842296427,38.57388750361079
seq04,test,371,1788536430.974172,3.0891405446433295,14.732080835636364,0.31991648354388147,-14.028642654418945,-8.831182479858395,25.632225036621094,29.124661023356815,25.312308553077212,38.5870294789794
seq04,test,372,1788536431.14455,3.120826856722534,14.706135721628586,0.3199132633603896,-14.006465911865234,-8.857828140258789,25.64573860168457,29.13081788184556,25.32582533832418,38.600543772498284
seq04,test,373,1788536431.3044941,3.152018489274779,14.679023187875597,0.31990765906935814,-13.98499011993408,-8.885668277740482,25.659643173217773,29.13711976056964,25.339735514148416,38.61442662877143
seq04,test,374,1788536431.466003,3.1827201244773455,14.650783391230084,0.3199208955456876,-13.96422004699707,-8.914695739746094,25.67392921447754,29.143599021339092,25.35400831893185,38.62868237143305
seq04,test,375,1788536431.6297443,3.212913467585076,14.621375217607074,0.3199197629397952,-13.944159507751463,-8.944900989532474,25.688600540161133,29.15020630033714,25.36868077722134,38.64329814765782
seq04,test,376,1788536431.8004582,3.242590582549031,14.590796092150832,0.31989239312775264,-13.92481231689453,-8.976275920867916,25.703647613525387,29.156930661141864,25.383755220397635,38.65826735211627
seq04,test,377,1788536431.9691873,3.271764978712433,14.559116160739556,0.3198926321723139,-13.906182289123535,-9.008816242218014,25.719066619873047,29.16383565457278,25.399173987700735,38.6736001601147
seq04,test,378,1788536432.1326191,3.300427263569019,14.526328753059094,0.3199037226403181,-13.888275146484373,-9.042509078979492,25.734859466552734,29.170903436374893,25.414955743912415,38.68929545441911
seq04,test,379,1788536432.285638,3.328567166548895,14.49241925714368,0.3199124286406465,-13.871092796325682,-9.077346801757809,25.751016616821286,29.178111229307756,25.43110418818064,38.705338587072895
seq04,test,380,1788536432.461927,3.3561745815819366,14.457377329716982,0.31990312696716283,-13.854640007019043,-9.113319396972656,25.767538070678707,29.185439571553104,25.447634943711545,38.72172526132051
seq04,test,381,1788536432.6339521,3.3832489068638263,14.421224993666469,0.3198847604504387,-13.838919639587402,-9.150419235229489,25.7844181060791,29.1929015532204,25.464533345628663,38.738455823724465
seq04,test,382,1788536432.8054292,3.4098025058135746,14.384027559771368,0.31990163537463134,-13.823935508728026,-9.188637256622311,25.801649093627926,29.2005522636114,25.481747458253295,38.7555377465737
seq04,test,383,1788536432.98144,3.4358197570205644,14.345756797030694,0.3199263214403436,-13.809690475463867,-9.227958679199215,25.819232940673828,29.20834956879568,25.499306619233483,38.772958651548
seq04,test,384,1788536433.180093,3.461284183720361,14.306378166561506,0.3199225652663218,-13.796189308166504,-9.268377780914307,25.837162017822266,29.216254197042854,25.517239452555945,38.790707889716344
seq04,test,385,1788536433.361998,3.486200939263476,14.265933108073058,0.3199161856306887,-13.78343391418457,-9.30988359451294,25.85543060302734,29.224295049929953,25.53551441739665,38.808786604665094
seq04,test,386,1788536433.559786,3.510570556206447,14.224446918701624,0.31991821273922016,-13.771428108215334,-9.35246133804322,25.874040603637695,29.232483315381188,25.554122390898474,38.82719732292119
seq04,test,387,1788536433.744554,3.5343814915477823,14.181903868540106,0.3199078970782627,-13.76017475128174,-9.396103382110596,25.89297866821289,29.240795159299797,25.573070771134628,38.84592707367904
seq04,test,388,1788536433.9122922,3.5576387136818366,14.138344407436097,0.3199111173617002,-13.749676704406738,-9.440797805786133,25.912242889404297,29.249258357992,25.5923317720426,38.86497857998722
seq04,test,389,1788536434.0743933,3.580338248407158,14.09377681314311,0.3199236979221145,-13.739936828613281,-9.48653268814087,25.931833267211914,29.257869452849757,25.6119095692898,38.8843520803096
seq04,test,390,1788536434.246364,3.6024566462521483,14.048147097388421,0.31989555345409637,-13.73095703125,-9.533295154571533,25.951740264892578,29.26656195042289,25.631844711438482,38.90402436392972
seq04,test,391,1788536434.453107,3.6240241871065835,14.001578541549947,0.31991397880118844,-13.722741127014162,-9.581073760986328,25.971960067749023,29.27544630719576,25.652046088947834,38.924018613640165
seq04,test,392,1788536434.6280901,3.6450108008949385,13.953993233770467,0.31991213125050755,-13.715291023254393,-9.629856348037723,25.992485046386715,29.28443341645723,25.672572915136207,38.94430690878838
seq04,test,393,1788536434.8039932,3.6654120191654873,13.905398635776512,0.31988034710251956,-13.708608627319336,-9.679630756378174,26.013317108154297,29.29351813717979,25.693436761051778,38.964893140459765
seq04,test,394,1788536434.9749122,3.6852540015082336,13.855908013314409,0.31990449862337433,-13.702696800231932,-9.730381727218624,26.034442901611328,29.302796740381456,25.714538402987955,38.98578435900517
seq04,test,395,1788536435.15317,3.704509942971509,13.805450121888232,0.3199136210749809,-13.697558403015137,-9.782097339630123,26.055866241455078,29.31218821527611,25.735952620380097,39.00696905997979
seq04,test,396,1788536435.3223782,3.7231723633752205,13.754025419223199,0.31990145682795057,-13.693193435668944,-9.834764957427979,26.07757186889648,29.321678483328785,25.75767041206853,39.028430843891954
seq04,test,397,1788536435.490631,3.741252177778177,13.701693362685663,0.3199055717240369,-13.689605712890625,-9.888366937637329,26.09956169128418,29.33131009309959,25.779656119560144,39.05017825081392
seq04,test,398,1788536435.6623843,3.758740135406489,13.648443278728552,0.3199058105418895,-13.686796188354492,-9.942896127700806,26.121828079223633,29.34106393117009,25.801922268681743,39.072205279099684
seq04,test,399,1788536435.835281,3.7756347614410095,13.59429495141496,0.3199054517254716,-13.684766769409178,-9.99833345413208,26.144367218017575,29.350940984928247,25.824461766292103,39.09450808258653
seq05,test,0,1788536436.0850272,3.903420852900817,10.030698243458671,0.3199176171187743,-26.099504470825195,-9.754625614732504,34.83250427246093,35.9393178587823,34.512586655342155,49.82723357559689
seq05,test,1,1788536436.30831,3.914100176835043,9.952153421301658,0.3199127866683653,-26.064180374145508,-9.852065801620483,34.83664321899413,35.92915812850139,34.516730432325765,49.822776754820694
seq05,test,2,1788536436.5037472,3.9241523567746137,9.873633764197226,0.3199183912298802,-26.029541015625,-9.949260994791988,34.84136962890624,35.918949083648016,34.52145123767636,49.81868624149944
seq05,test,3,1788536436.703773,3.9335931436477773,9.795104785461543,0.31989191603007705,-25.995594024658203,-10.04619200527668,34.84668350219726,35.90868004944836,34.52679158616718,49.81498409242218
seq05,test,4,1788536436.882598,3.9424023266697517,9.716674398597926,0.3199049755753285,-25.96234130859375,-10.142837822437286,34.852581024169915,35.89838321635502,34.53267604859459,49.811641537149306
seq05,test,5,1788536437.063657,3.9505880449503206,9.638319704638894,0.3199205377353622,-25.929786682128906,-10.239178180694577,34.85906219482422,35.88804419318656,34.539141657088855,49.808674168467505
seq05,test,6,1788536437.23936,3.958157268421246,9.560019719785664,0.3199096856059773,-25.89793586730957,-10.335192114114758,34.866127014160156,35.87764974528299,34.54621732855418,49.80609282966193
seq05,test,7,1788536437.420886,3.965100296869987,9.481833049617183,0.31990312703400225,-25.86679458618164,-10.430862963199615,34.87377548217773,35.86721922330043,34.553872355143724,49.80389050614277
seq05,test,8,1788536437.599432,3.9714142080207524,9.403789123772578,0.3199081358912186,-25.83636474609375,-10.52616685628891,34.88199996948242,35.8567543364502,34.562091833591204,49.8020584259138
seq05,test,9,1788536437.773559,3.9770988628241795,9.325900615151708,0.31991815268052637,-25.80665397644043,-10.6210897564888,34.89080047607422,35.846260029140026,34.57088232339369,49.800605043459626
seq05,test,10,1788536437.945606,3.9821605045595283,9.248155638503354,0.3199117728019254,-25.77766609191894,-10.715606570243835,34.900177001953125,35.835723525273906,34.5802652291512,49.79953638236317
seq05,test,11,1788536438.141138,3.9865950995725004,9.17058926188097,0.319899787065018,-25.749401092529297,-10.809702217578884,34.910125732421875,35.82515201839161,34.590225945356856,49.7988478590791
seq05,test,12,1788536438.3169212,3.9903907610825895,9.093268939559522,0.31992035890059944,-25.721866607666016,-10.903352856636051,34.9206428527832,35.81456576878798,34.60072249388261,49.798525262356044
seq05,test,13,1788536438.507074,3.993560177447338,9.016154345573645,0.31992661946060297,-25.69506454467773,-10.996543824672699,34.9317283630371,35.80394567564527,34.6118017435765,49.79858779002877
seq05,test,14,1788536438.687786,3.996105933300867,8.939252379821061,0.31991028215941286,-25.66900062561035,-11.089253187179565,34.943382263183594,35.793289628070404,34.62347198102418,49.799040095364276
seq05,test,15,1788536438.864219,3.99801365048332,8.862642190190938,0.3199162449384587,-25.6436767578125,-11.181459546089172,34.95559310913085,35.78261903041201,34.63567686419239,49.79985880016484
seq05,test,16,1788536439.0380142,3.9993010606730417,8.786268640589167,0.31988803990836434,-25.619096755981445,-11.2731499671936,34.96836471557617,35.771913061896264,34.64847667566781,49.80107127414189
seq05,test,17,1788536439.213598,3.999942853389652,8.710250129045116,0.31990455843663934,-25.59526252746582,-11.364297986030579,34.98168945312499,35.761203329299555,34.66178489468835,49.802640448525935
seq05,test,18,1788536439.399473,3.999951747928243,8.634555603963394,0.31992417497673586,-25.572181701660156,-11.454891800880432,34.99557113647461,35.7504821476893,34.675646961497876,49.8045928202479
seq05,test,19,1788536439.5751412,3.9993387078571896,8.559160311061603,0.31991374019576324,-25.54985237121582,-11.544908881187443,35.0099983215332,35.73972987466897,34.69008458133744,49.80692983686759
seq05,test,20,1788536439.755305,3.9980858166327686,8.48415074338289,0.31992816972019966,-25.52828025817871,-11.634328722953793,35.02497100830078,35.72897297182203,34.70504283858058,49.80963268333649
seq05,test,21,1788536439.93354,3.9962208081601682,8.409441323277631,0.31988553608953474,-25.50746726989746,-11.723137140274048,35.04048538208008,35.71817920609035,34.72059984599054,49.812733105740975
seq05,test,22,1788536440.111603,3.9937050788819004,8.335200792970141,0.3198999656523187,-25.487417221069336,-11.811314105987549,35.05653762817382,35.70740307889397,34.7366376625215,49.81618844046495
seq05,test,23,1788536440.2865763,3.990559892588322,8.261365072605617,0.31991278643929544,-25.468130111694332,-11.898842334747314,35.073123931884766,35.696615798642746,34.75321114544547,49.82001670409019
seq05,test,24,1788536440.463899,3.9867909703341895,8.187935878083305,0.31990569034110994,-25.44961166381836,-11.985698461532593,35.090240478515625,35.68581402334088,34.770334788174516,49.82422607316858
seq05,test,25,1788536440.6394272,3.9823896641609333,8.114964170200695,0.3199086722435165,-25.431861877441406,-12.071872591972351,35.107879638671875,35.67501327561458,34.78797096642836,49.82880187377918
seq05,test,26,1788536440.8314521,3.977365263064266,8.04243459930429,0.3198943616083032,-25.41488647460937,-12.157341599464413,35.12604522705078,35.66420363180877,34.806150865442476,49.83375922764671
seq05,test,27,1788536441.024848,3.9716979726509205,7.9704428079850915,0.3199205973953809,-25.398681640624996,-12.24208688735962,35.14472198486328,35.653408747455344,34.8248013874679,49.839064467440714
seq05,test,28,1788536441.2225952,3.965412244410207,7.898920951728529,0.31992369799059106,-25.383255004882812,-12.326093673706058,35.16391372680664,35.642607731600776,34.84399002881605,49.8447502455073
seq05,test,29,1788536441.390165,3.958506365907159,7.827894392214524,0.31990849334095794,-25.36860466003418,-12.409343719482422,35.18361282348633,35.63180107035581,34.86370433014537,49.85080869090497
seq05,test,30,1788536441.56519,3.9509759191840272,7.757402501604324,0.3198934672588616,-25.354736328125,-12.491819858551025,35.20381164550781,35.62100190215168,34.88391817824895,49.857231411098844
seq05,test,31,1788536441.73648,3.9428100513467355,7.687504952510266,0.31990861250598246,-25.34164810180664,-12.573505640029907,35.22451019287109,35.610223806581395,34.9046015803651,49.86400757098092
seq05,test,32,1788536441.9131453,3.934033590836677,7.618135770159344,0.31989072267980534,-25.32933998107911,-12.654380798339844,35.24570083618164,35.59943764765917,34.92581011350183,49.871155720656404
seq05,test,33,1788536442.103355,3.924621103901588,7.549406928631115,0.3199163641038576,-25.317817687988278,-12.734432220458984,35.26737976074219,35.588682992260125,34.94746339663833,49.878648287448215
seq05,test,34,1788536442.2944882,3.914610455791666,7.481205416550353,0.3198810038468254,-25.30708122253418,-12.813640832901001,35.2895393371582,35.57791518388912,34.96965833331138,49.88652175468381
seq05,test,35,1788536442.468051,3.903958226609526,7.413708307559664,0.31990891060835325,-25.297130584716797,-12.891992807388306,35.31217575073242,35.56719113925875,34.99226684012407,49.89472741830556
seq05,test,36,1788536442.658737,3.892698826804082,7.34681491554323,0.31991159419607396,-25.287967681884766,-12.969471454620361,35.335281372070305,35.55647324701664,35.015369777874234,49.90329558703591
seq05,test,37,1788536442.854655,3.8808230423108725,7.280582882586475,0.3199183913962691,-25.279592514038082,-13.046056985855099,35.358856201171875,35.54577504796142,35.038937809775604,49.91221580532765
seq05,test,38,1788536443.030834,3.8683396097906795,7.215004618708171,0.3199115937227506,-25.27200698852539,-13.121737003326416,35.38288497924805,35.53509335391403,35.0629733855253,49.92148798168421
seq05,test,39,1788536443.207304,3.855244105621727,7.150117059332358,0.31990926895089866,-25.26521110534668,-13.196493148803711,35.40736770629883,35.52443467046089,35.08745843734793,49.93110451660831
seq05,test,40,1788536443.380705,3.8415355425756124,7.0859478794001864,0.31991737774899387,-25.259206771850586,-13.270313739776611,35.43230056762695,35.513808446279114,35.11238318987796,49.94106570380562
seq05,test,41,1788536443.560398,3.8272293300320093,7.022468327798734,0.31990259001169297,-25.253992080688484,-13.343178033828735,35.457672119140625,35.503196904873484,35.13776952912893,49.95137473532035
seq05,test,42,1788536443.742237,3.8123140363168937,6.959737957093949,0.3198995490174452,-25.24956703186035,-13.415077447891235,35.483482360839844,35.492619430074484,35.1635828118224,49.96202147803862
seq05,test,43,1788536443.9342191,3.7967852588115676,6.897794579983197,0.3199260234469017,-25.24593162536621,-13.485990762710568,35.50971603393555,35.482081518866984,35.18979001048864,49.97298700191743
seq05,test,44,1788536444.129574,3.78066831530114,6.836580230284702,0.319923757906432,-25.243089675903317,-13.555906772613522,35.536373138427734,35.47156684015209,35.216449380521304,49.98430114612184
seq05,test,45,1788536444.305416,3.763966641495438,6.776106247143408,0.31988905439744286,-25.241037368774414,-13.62480974197388,35.56344604492187,35.46107204852655,35.243556990524425,49.99595923847381
seq05,test,46,1788536444.4783921,3.7466536037519007,6.7164835374478535,0.3198972228687196,-25.239776611328132,-13.692684650421143,35.590930938720696,35.450631626734506,35.27103371585198,50.007930392280734
seq05,test,47,1788536444.650932,3.7287495384043976,6.657668335124676,0.3199052136325018,-25.239303588867188,-13.759517669677734,35.618812561035156,35.44022554018426,35.298907347402654,50.02022037396122
seq05,test,48,1788536444.8218393,3.7102585705994446,6.599671356783848,0.31990801624837095,-25.239620208740234,-13.825296640396118,35.64709091186523,35.42985745136844,35.32718289561686,50.03283572180026
seq05,test,49,1788536444.997014,3.6911882235168574,6.542491769944549,0.3198948984319334,-25.2407283782959,-13.890007495880127,35.6757583618164,35.41952603440897,35.355863463384466,50.045778101091194
seq05,test,50,1788536445.1663482,3.6715215522380986,6.4862095605234025,0.3199139190073301,-25.24262237548829,-13.95363473892212,35.70480728149414,35.40924955514946,35.384893362486814,50.05902148797372
seq05,test,51,1788536445.345275,3.651291460120641,6.430741425294627,0.3198943021238412,-25.245304107666016,-14.016165256500251,35.7342300415039,35.399000385070984,35.41433573938006,50.07259134620244
seq05,test,52,1788536445.526432,3.630478458414778,6.376174963479508,0.3198888753178486,-25.2487735748291,-14.077589273452762,35.76401901245117,35.38880712117364,35.44413013713332,50.086465543474645
seq05,test,53,1788536445.702264,3.609085743610977,6.322522455811444,0.31989972791991605,-25.2530288696289,-14.137888431549069,35.794166564941406,35.37866692835409,35.47426683702149,50.1006355374023
seq05,test,54,1788536445.8792143,3.587123390636037,6.269775389803556,0.31991016327422095,-25.258064270019528,-14.197056293487545,35.82466506958008,35.36857433274071,35.504754906305855,50.115104223052896
seq05,test,55,1788536446.055314,3.5646055602332165,6.217915294186274,0.3198923934654154,-25.26388549804687,-14.255075454711914,35.855510711669915,35.35852438807091,35.5356183182045,50.12988545926389
seq05,test,56,1788536446.2235081,3.5415138290090344,6.16702266829575,0.31990324620357136,-25.27048683166504,-14.311935663223267,35.886688232421875,35.34853768424905,35.5667849862183,50.144943021910585
seq05,test,57,1788536446.3993971,3.5178697525926808,6.117053642055198,0.31989632934293644,-25.27786636352539,-14.367624521255486,35.91819763183594,35.3385972829076,35.598301302493,50.1602981803996
seq05,test,58,1788536446.571649,3.4936588583855612,6.068079457764248,0.31991749661528,-25.28602600097656,-14.42213249206543,35.95003128051758,35.32872834327809,35.630113783902296,50.1759310288007
seq05,test,59,1788536446.7448192,3.4689110730284742,6.0200277196856655,0.3199021727839937,-25.294960021972653,-14.47544693946838,35.982173919677734,35.31890091542866,35.662271746893744,50.19185579377558
seq05,test,60,1788536446.919511,3.4436024382306227,5.9729985639345955,0.3199183315504712,-25.304668426513672,-14.527553558349606,36.014625549316406,35.30914492070287,35.69470721776594,50.20804555440521
seq05,test,61,1788536447.0887303,3.417754444030107,5.926949939118553,0.3199248903344718,-25.315149307250977,-14.578447341918945,36.04737091064453,35.29944865905929,35.72744602031006,50.22451069714599
seq05,test,62,1788536447.2589052,3.391366913694575,5.88190478858953,0.3199306143609004,-25.326396942138672,-14.62811279296875,36.080406188964844,35.28981130688052,35.760475574603944,50.241241977055836
seq05,test,63,1788536447.4337862,3.3644519470260126,5.8378513633585625,0.31991511160146313,-25.338413238525387,-14.676544666290283,36.11372375488281,35.2802340457261,35.79380864328135,50.25824958664054
seq05,test,64,1788536447.610524,3.337005094768404,5.7948256199413715,0.3199029484846987,-25.3511962890625,-14.72372484207153,36.147315979003906,35.27072173490935,35.82741303051921,50.275514280421085
seq05,test,65,1788536447.787189,3.3090299427946426,5.752843127655956,0.3198928105077312,-25.3647403717041,-14.769649982452389,36.18116760253906,35.26127943655865,35.86127479203133,50.293029906863396
seq05,test,66,1788536447.9639351,3.280518641383799,5.71195056348781,0.31991624458166923,-25.37904167175293,-14.814308166503906,36.21528244018555,35.251917604477676,35.89536619560388,50.31078422276266
seq05,test,67,1788536448.1368053,3.2514997817163636,5.672082759836245,0.31991433651641565,-25.394102096557617,-14.857693195343018,36.24964141845703,35.24261919520781,35.92972708194061,50.32879390489272
seq05,test,68,1788536448.307498,3.221970095328319,5.633274768522818,0.31990700299756236,-25.409915924072266,-14.899789810180664,36.284236907958984,35.23338811441719,35.964329904961424,50.34704225209319
seq05,test,69,1788536448.4777012,3.191925302683953,5.595563928343326,0.31991314421984374,-25.426479339599606,-14.94059419631958,36.319068908691406,35.22423703631684,35.99915576447156,50.36552482150187
seq05,test,70,1788536448.6548262,3.1613930350498824,5.558885903900699,0.31987849884789865,-25.443790435791012,-14.980095386505127,36.354122161865234,35.215142678230194,36.034243663017335,50.384253395419236
seq05,test,71,1788536448.8270762,3.130336856142461,5.523385236821095,0.3199069430634913,-25.46184730529785,-15.018286228179928,36.38938522338867,35.2061537475731,36.06947828032518,50.40317971232177
seq05,test,72,1788536448.9900181,3.0987993958439097,5.488944601175801,0.31990121882044553,-25.48064422607422,-15.055159091949463,36.42485427856445,35.19722708243193,36.104953059744005,50.422340581716334
seq05,test,73,1788536449.1618042,3.0667680507064192,5.455633748459426,0.31990944802575805,-25.500177383422848,-15.090702056884766,36.46052169799805,35.18838283386277,36.140612249972285,50.44171032256276
seq05,test,74,1788536449.3317273,3.034252722343899,5.423441982688294,0.31991272671307214,-25.52044677734375,-15.124916076660156,36.496376037597656,35.17962311413601,36.176463310884586,50.46129586263547
seq05,test,75,1788536449.500523,3.0012567778570727,5.392384721534086,0.31992268426930415,-25.54144477844238,-15.157785415649414,36.53240966796875,35.17094404191004,36.21248698369945,50.4810807961138
seq05,test,76,1788536449.669783,2.9677915428936883,5.362447627827063,0.31991988205984256,-25.563169479370117,-15.189308166503906,36.568611145019524,35.162343537991795,36.24869126295968,50.50106950710176
seq05,test,77,1788536449.841995,2.933855141362178,5.333665317113234,0.31992423448696505,-25.585615158081055,-15.219476699829102,36.604976654052734,35.153830985106374,36.28505241956577,50.521251588020476
seq05,test,78,1788536450.013395,2.899461043495265,5.30601443757051,0.31991451609897226,-25.608781814575195,-15.248281478881836,36.64148712158203,35.145397870500986,36.321572605483055,50.54162272831366
seq05,test,79,1788536450.194321,2.864612840807782,5.279509499078296,0.31989298967753665,-25.632659912109382,-15.275722503662116,36.67814636230469,35.13704764263267,36.35825337262715,50.562186516692414
seq05,test,80,1788536450.376832,2.829301463885538,5.254205620748257,0.31990330654419497,-25.657249450683594,-15.30178880691528,36.714935302734375,35.12879858347669,36.39503199619018,50.582910591643305
seq05,test,81,1788536450.5459552,2.7935391978754596,5.230086352787886,0.31992077651458173,-25.682542800903317,-15.326477050781246,36.751853942871094,35.120642718579774,36.431933166356515,50.603807161161285
seq05,test,82,1788536450.7268481,2.757340165185324,5.207128782000693,0.3199281102307121,-25.708538055419922,-15.34978342056274,36.788883209228516,35.11257413198624,36.4689550989978,50.62487084612609
seq05,test,83,1788536450.9114902,2.7207190226519065,5.18530909369299,0.31989775919007957,-25.7352294921875,-15.37169885635376,36.82602310180663,35.10458063753897,36.506125342616556,50.64611307166925
seq05,test,84,1788536451.082529,2.6836514762937314,5.164734072953941,0.3199163046946458,-25.76261329650879,-15.392221927642822,36.86325454711914,35.096700977938895,36.5433382424245,50.66748453826282
seq05,test,85,1788536451.2584732,2.646170406694078,5.145318468336992,0.31990497495464365,-25.79068374633789,-15.411348342895504,36.900577545166016,35.0889045783541,36.58067257021137,50.68902080527748
seq05,test,86,1788536451.4369602,2.608275775388185,5.127083674570411,0.3198833889787909,-25.81943702697754,-15.429073810577393,36.937984466552734,35.08119817976556,36.61810107757395,50.71070687986324
seq05,test,87,1788536451.602668,2.5699518024397467,5.110110821511964,0.3199064063361494,-25.848865509033207,-15.445391178131104,36.9754524230957,35.073606028468255,36.65554601675955,50.732503325057614
seq05,test,88,1788536451.7759001,2.531237028263404,5.094294263136047,0.31989149954141194,-25.87896728515625,-15.46030044555664,37.012981414794915,35.06609577310919,36.6930899152535,50.7544472957567
seq05,test,89,1788536451.947707,2.492113641515296,5.079718248407649,0.3198978784547628,-25.909734725952145,-15.473799228668213,37.050567626953125,35.058694661511225,36.730669748498364,50.776512006461495
seq05,test,90,1788536452.128199,2.4525940371293182,5.066366173796136,0.31991445606546787,-25.941164016723633,-15.485884189605713,37.088191986083984,35.051397852592,36.768277530018516,50.798688210869734
seq05,test,91,1788536452.3037982,2.4126970583471,5.054196518749788,0.319901933646094,-25.973249435424805,-15.49654960632325,37.12585067749023,35.04418817214184,36.805948743844134,50.820989635966036
seq05,test,92,1788536452.486763,2.3724198111582315,5.043243432642809,0.31988678690892036,-26.005985260009766,-15.505796432495117,37.16352844238281,35.037079127152154,36.843641655473895,50.84339528590997
seq05,test,93,1788536452.6497502,2.3317548424510983,5.033561493047727,0.31991063965798605,-26.039365768432617,-15.51362037658691,37.20122146606445,35.03008945893734,36.88131082640647,50.865884989599465
seq05,test,94,1788536452.8311062,2.2907405900116613,5.025035131659996,0.3198805861687073,-26.073385238647457,-15.520023345947266,37.23891830444336,35.02317892299769,36.91903771827465,50.88848993550207
seq05,test,95,1788536453.009675,2.2493585285593336,5.017758056266008,0.3198638264602838,-26.10803985595703,-15.524999618530273,37.27661514282226,35.0163809669642,36.956751316361974,50.91118152118447
seq05,test,96,1788536453.2015991,2.207599312329013,5.011793351383697,0.31991702025628466,-26.143320083618164,-15.52855110168457,37.314292907714844,35.00971837713332,36.99437588745856,50.933920211866294
seq05,test,97,1788536453.4036791,2.1655080999149896,5.006997218185575,0.31991880886223933,-26.179222106933594,-15.53067398071289,37.351951599121094,35.00313798465929,37.03203279025885,50.95675736692735
seq05,test,98,1788536453.593627,2.123081935934192,5.003405587996112,0.31989960886431157,-26.215742111206055,-15.531372547149662,37.38957595825195,34.99665786092203,37.06967634938764,50.979672086850314
seq05,test,99,1788536453.78496,2.080310727139654,5.001083870073888,0.31990825446141535,-26.25286865234375,-15.530643939971924,37.42715835571289,34.990297235316426,37.10725010125147,51.00263631120082
seq05,test,100,1788536453.969372,2.037217358369815,4.9999720116969195,0.31989990650600264,-26.290599822998043,-15.528484344482422,37.46468734741211,34.984035596662665,37.14478744090611,51.02566002178371
seq05,test,101,1788536454.1607,1.993796613137681,5.000115298925561,0.3199076584471261,-26.32892799377441,-15.524900436401364,37.502159118652344,34.977893019654594,37.182251460205215,51.048729893547154
seq05,test,102,1788536454.338353,1.9500644358426904,5.00147864170932,0.3199065856006873,-26.36781926691009,-15.520002305524624,37.539519934239316,34.97189897146447,37.21961334863863,51.07184484128683
seq05,test,103,1788536454.532035,1.9060200060468417,5.00409299999395,0.31991761639055816,-26.4073486328125,-15.513454914093018,37.576885223388665,34.96593508097271,37.25696760699811,51.09499242935363
seq05,test,104,1788536454.701309,1.861677786518542,5.007927380817817,0.31991845090015203,-26.44742965698242,-15.505592823028564,37.61411666870117,34.96012121548344,37.29419821780102,51.11816992136874
seq05,test,105,1788536454.894493,1.8170406774209595,5.012997279810798,0.3199229825388512,-26.488079071044922,-15.49631118774414,37.65125656127929,34.95442086192123,37.33133357874044,51.14137272854052
seq05,test,106,1788536455.09711,1.772117458085553,5.01929385503732,0.31992489046900463,-26.529294967651364,-15.48560905456543,37.68828582763672,34.94883386643811,37.368360937167715,51.16459115202948
seq05,test,107,1788536455.295357,1.7269194724779373,5.026798432204486,0.31991028261646903,-26.571065902709957,-15.473485946655273,37.72520065307617,34.94334895095874,37.4052903704597,51.187824564117534
seq05,test,108,1788536455.5048652,1.6814416460716408,5.035560413255926,0.31991916682237065,-26.613389968872067,-15.459947586059574,37.761993408203125,34.937992848302315,37.44207424138075,51.211056108667506
seq05,test,109,1788536455.6868422,1.6357052721089775,5.0455155581290825,0.31990312707167035,-26.656253814697266,-15.444997787475586,37.798648834228516,34.93273659672144,37.47874570715685,51.2342899425536
seq05,test,110,1788536455.858655,1.5897046750711052,5.0567203838945485,0.3199085529769585,-26.699657440185543,-15.42863655090332,37.83516311645508,34.927608816439026,37.515254563478116,51.25750854847273
seq05,test,111,1788536456.033809,1.5434609263666477,5.069107581581997,0.3198855360922519,-26.74358749389648,-15.410870075225827,37.871524810791016,34.922579989938576,37.551639274698765,51.280719626100776
seq05,test,112,1788536456.234919,1.4969611751033027,5.082767992238288,0.31990527337500163,-26.78804206848144,-15.391699314117432,37.9077262878418,34.91769207677719,37.5878210144668,51.30389369808319
seq05,test,113,1788536456.4258971,1.4502325144682655,5.0976093849894255,0.31990169655958045,-26.833009719848633,-15.371128082275387,37.94375991821289,34.91290599175121,37.62385822165331,51.32704659603869
seq05,test,114,1788536456.639244,1.403270484354569,5.113679024985639,0.31991016291147556,-26.87848472595215,-15.349163055419922,37.979610443115234,34.90824521203161,37.65970028020376,51.350156854464494
seq05,test,115,1788536456.8076441,1.3561013863813276,5.130882461668611,0.31986531952024744,-26.924459457397457,-15.3258056640625,38.01527786254882,34.90367044756328,37.695412543028574,51.373245347176756
seq05,test,116,1788536456.985127,1.3087041797074792,5.149356451214552,0.31987354916558663,-26.97088425889451,-15.301284833526534,38.05065841237405,34.89933883634284,37.73078486320846,51.39626423785671
seq05,test,117,1788536457.1759362,1.2611095758285946,5.16897998280499,0.31984480284957373,-27.017879486083984,-15.274942398071286,38.08600997924805,34.894916315690814,37.766165176398474,51.41924169812384
seq05,test,118,1788536457.3494241,1.2132956700025193,5.1898999335084355,0.31989495673959034,-27.065311431884766,-15.247444152832028,38.121063232421875,34.89075311492123,37.801168275682286,51.44213230351979
seq05,test,119,1788536457.516063,1.1653094439324256,5.211905802858912,0.3198715222346393,-27.113210678100586,-15.21857643127441,38.15589141845703,34.886663707088175,37.83601989622239,51.46497552898281
seq05,test,120,1788536457.6898181,1.1171332999769257,5.23512371198176,0.31986919587472085,-27.161571502685543,-15.188344955444336,38.19049072265624,34.882706571099966,37.87062152678152,51.48773827378892
seq05,test,121,1788536457.8912542,1.0687713289202774,5.259569808161902,0.31990831535436803,-27.21038818359375,-15.156755447387695,38.22484588623047,34.87889332640307,37.9049375708761,51.51040178378168
seq05,test,122,1788536458.084798,1.0202491225185195,5.285138791170341,0.3199090300583558,-27.259647369384773,-15.123815536499023,38.25895690917969,34.87517687900175,37.93904787912133,51.53299250301615
seq05,test,123,1788536458.260615,0.9715724526461554,5.311832446767946,0.3198838672192197,-27.309347152709957,-15.089529514312744,38.29281234741211,34.871564111631784,37.97292848019289,51.55549709733667
seq05,test,124,1788536458.43078,0.9227313729326935,5.339747571613368,0.3199042001475707,-27.359477996826172,-15.05390739440918,38.32640075683594,34.86810189425361,38.00649655668837,51.57788586421139
seq05,test,125,1788536458.604782,0.8737510117778645,5.3687737996672205,0.31989740273965883,-27.410030364990234,-15.0169563293457,38.3597183227539,34.86474267597223,38.03982092001424,51.600176913345095
seq05,test,126,1788536458.776523,0.8246327630949758,5.39894195732815,0.3198880990452697,-27.460996627807617,-14.978681564331055,38.39275360107422,34.86150269896539,38.07286550202895,51.622354246639674
seq05,test,127,1788536458.955879,0.7753807707786513,5.430267066970919,0.3198982969365418,-27.51236915588379,-14.939093112945557,38.425498962402344,34.85839396834797,38.1056006654658,51.64440368644511
seq05,test,128,1788536459.1321323,0.7260078140320938,5.462710837791534,0.3199008612931191,-27.564138412475586,-14.898197650909424,38.45794677734375,34.85540084409361,38.13804591605063,51.66632863187811
seq05,test,129,1788536459.3422563,0.6765264238506331,5.496231100821946,0.3198693742825567,-27.616296768188477,-14.856005191802975,38.4900894165039,34.85250875169283,38.170220042221345,51.68813272269004
seq05,test,130,1788536459.5358663,-0.09263463634365371,5.0471861432971385,0.3923800923006653,-27.66883659362793,-14.812521457672116,38.521919250488274,33.98315612748359,38.12953915818761,51.07559746885677
seq05,test,131,1788536459.734008,-0.46781958219586994,4.854621142873329,0.5054085767475431,-27.72175025939941,-14.767757892608643,38.553428649902344,33.5829494888394,38.0480200731548,50.749052482358024
seq05,test,132,1788536459.9089653,-0.45589892900883894,4.927261321462348,0.5051544137169688,-27.775028228759766,-14.721723556518555,38.5846061706543,33.65141055634417,38.07945175693733,50.81793067944177
seq05,test,133,1788536460.078603,-0.5246794186909318,4.94414156830474,0.5091343158579862,-27.828660964965817,-14.674428939819336,38.61544799804687,33.62135804903715,38.10631368218888,50.8181744999457
seq05,test,134,1788536460.264203,-0.609133967154631,4.9438075477600725,0.5147229994478957,-27.88263893127441,-14.625881671905518,38.64594650268555,33.56809212901683,38.13122350323765,50.8016438221838
seq05,test,135,1788536460.434786,-0.5716908524507778,5.038317734073231,0.506365007796727,-27.93695831298828,-14.576089859008789,38.67609405517578,33.668722108424404,38.16972904737906,50.89706341199499
seq05,test,136,1788536460.6073012,-0.6042639851454835,5.085676528222704,0.5029856471217282,-27.991607666015625,-14.525068759918216,38.705879211425774,33.68453539312126,38.20289356430405,50.93239638320568
seq05,test,137,1788536460.787132,-0.652606868906603,5.117323187160752,0.5026808696599969,-28.04657745361328,-14.47282600402832,38.73530197143555,33.67793891746971,38.23262110177555,50.95033744776136
seq05,test,138,1788536460.9599361,-0.6885855076961384,5.157365414366069,0.5051465892529872,-28.101858139038086,-14.41937255859375,38.764347076416016,33.68584548474639,38.25920048716303,50.9755098840526
seq05,test,139,1788536461.13104,-0.7119643576536245,5.208327425913478,0.505124826536564,-28.15744590759277,-14.364721298217773,38.79301452636719,33.70991981398452,38.28788969983062,51.01295121370319
seq05,test,140,1788536461.306119,-0.5728656511629782,5.397892734016216,0.47266255102051646,-28.213327407836914,-14.308881759643555,38.8212890625,33.9463118330418,38.34862651147948,51.214931830307656
seq05,test,141,1788536461.4830003,-0.7740888638276242,5.3161398401310525,0.4992640851771857,-28.269495010375977,-14.251861572265625,38.84917449951171,33.7476523396696,38.34991041433452,51.084436643920135
seq05,test,142,1788536461.6647651,-0.8135073813444244,5.356653111139439,0.4993631437540649,-28.325941085815426,-14.193681716918942,38.87665557861328,33.75129034914227,38.377292434859214,51.10739843567472
seq05,test,143,1788536461.8456962,-0.8093925656508112,5.439857353901209,0.49277164153001785,-28.382654190063477,-14.13434648513794,38.903724670410156,33.81470408772733,38.41095302888014,51.174559354501525
seq05,test,144,1788536462.0189693,-0.9013269080200332,5.437138626459614,0.5019914945968902,-28.43962860107422,-14.073869705200195,38.930381774902344,33.74962972027648,38.42839028030545,51.14468384682072
seq05,test,145,1788536462.198527,-0.8687827317968784,5.546800757284482,0.49097522348801026,-28.496852874755856,-14.01226425170898,38.95661544799805,33.85066149797215,38.46564022451004,51.239367304170905
seq05,test,146,1788536462.367688,-0.9048848265306577,5.601026741873347,0.48754373073372625,-28.5543212890625,-13.949544906616218,38.982421875,33.863198143092,38.49487814426627,51.26959948956319
seq05,test,147,1788536462.5451782,-0.970358940833788,5.622955484514971,0.49165340563054505,-28.61202049255371,-13.885721683502197,39.007793426513665,33.83267559897895,38.51614002088312,51.26541700107413
seq05,test,148,1788536462.727999,-0.9822547950844498,5.69705620519276,0.4891084504922527,-28.669942855834957,-13.820808410644531,39.03272247314453,33.87558278925367,38.54361402265228,51.31437704229465
seq05,test,149,1788536462.907679,-1.0173579012953613,5.753318603573258,0.4856457886811749,-28.841654074329433,-14.056934991634906,38.84981059938493,34.15607713176641,38.364164810703755,51.36581301463082
seq05,test,150,1788536463.084285,-1.0551141601058722,5.808988487296632,0.4820551756340623,-29.008855137062667,-14.299963619169926,38.66290591153235,34.43517953237589,38.18085073589829,51.41555165846131
seq05,test,151,1788536463.2606342,-1.0838337862230158,5.875396146209004,0.47566906404616205,-28.844964981079098,-13.619667530059814,39.10480499267578,33.92252810389856,38.62913592862962,51.40961053686685
seq05,test,152,1788536463.433811,-1.1038125718275718,5.950499042572638,0.4683359769253672,-28.9036922454834,-13.550529479980465,39.12791061401367,33.95767105246136,38.659574637088305,51.455671547729054
seq05,test,153,1788536463.6030102,-1.14420246505403,6.007264839595882,0.4642678957727824,-28.962596893310543,-13.480373859405525,39.15054702758789,33.96514582080975,38.686279131815105,51.480669417690976
seq05,test,154,1788536463.77935,-1.19839577190048,6.048803028862226,0.4613946544793872,-29.02167320251465,-13.409210205078129,39.172698974609375,33.952158193451,38.71130432012999,51.490913063945925
seq05,test,155,1788536463.960872,-1.2539562201601686,6.0854852101055465,0.46428682805399357,-29.08090782165527,-13.337055444717407,39.194377899169915,33.93485407247541,38.73009107111592,51.493633347212295
seq05,test,156,1788536464.1312473,-1.2366507378027365,6.20329255154066,0.45087172676194287,-29.14029312133789,-13.263923645019531,39.2155647277832,34.02331207733655,38.76469300102126,51.57797192770632
seq05,test,157,1788536464.3037,-1.2804968888431398,6.257992656422204,0.44806027667455206,-29.199819564819336,-13.189829349517822,39.236263275146484,34.025084268227815,38.78820299847193,51.59681241424387
seq05,test,158,1788536464.4686642,-1.3276129520723523,6.308033177545169,0.446845185633693,-29.259479522705078,-13.114786386489865,39.25646209716797,34.021097717985114,38.80961691153428,51.61028438941932
seq05,test,159,1788536464.638107,-1.358383970422497,6.37693158939654,0.4418906512046352,-29.319261550903317,-13.038814544677734,39.27615737915039,34.04088531477193,38.83426672794575,51.64186427028646
seq05,test,160,1788536464.8162062,-1.416425801339963,6.408797044372063,0.4443526302784153,-29.379158020019528,-12.961925983428952,39.29534530639648,34.01675034087414,38.85099267611806,51.638541184595255
seq05,test,161,1788536464.9954393,-1.4228817275720584,6.5041026514443585,0.4367189204446771,-29.439159393310547,-12.884138107299805,39.31402587890625,34.07074542716648,38.877306958461574,51.69391347446264
seq05,test,162,1788536465.1662612,-1.4477375572584061,6.581157628397089,0.43187654008615994,-29.4992561340332,-12.805468082427975,39.33218765258789,34.098811576281726,38.90031111250173,51.72971250223792
seq05,test,163,1788536465.3299663,-1.477853800635328,6.65533357595471,0.42648409106822327,-29.559438705444336,-12.72592544555664,39.349822998046875,34.12050134486468,38.92333890697865,51.76132652562558
seq05,test,164,1788536465.5001721,-1.5049700843176554,6.728733178657987,0.4218924147396199,-29.61969757080078,-12.645532846450806,39.366943359375,34.14381474953985,38.94505094463538,51.79302152540572
seq05,test,165,1788536465.680649,-1.5491190541464022,6.783214384248329,0.42108541919164066,-29.680023193359375,-12.564306497573849,39.38352584838867,34.14197317030952,38.96244042919703,51.80488486775028
seq05,test,166,1788536465.859627,-1.6059396886346866,6.813137695846831,0.42393452646936614,-29.740407943725586,-12.482261657714844,39.39957046508788,34.115403269053495,38.97563593861852,51.797306271946965
seq05,test,167,1788536466.040754,-1.6334223075483307,6.882121933010187,0.4217281888750066,-29.80084228515625,-12.399412393569946,39.41508865356445,34.13474936457032,38.993360464689445,51.8233854018747
seq05,test,168,1788536466.2175612,-1.6415487166881133,6.988274905842668,0.4133052370456143,-29.86131477355957,-12.31577897071838,39.430057525634766,34.19066674362649,39.01675228858915,51.87782427514529
seq05,test,169,1788536466.390759,-1.6667052880470055,7.072920012962603,0.40605446412402135,-29.921817779541016,-12.23137903213501,39.444480895996094,34.21998456354908,39.038426431872075,51.91344798610689
seq05,test,170,1788536466.563143,-1.7033322236636133,7.139823534888816,0.40212441620453987,-29.982343673706055,-12.146229028701782,39.45835876464844,34.229436338876674,39.056234348443894,51.93306994158712
seq05,test,171,1788536466.735409,-1.7432591141240512,7.200947876057237,0.3982648790781165,-30.042879104614258,-12.060344696044922,39.471683502197266,34.232526683758984,39.073418623119146,51.948031012270185
seq05,test,172,1788536466.915185,-1.79090340152839,7.239514719170046,0.39789509492706565,-30.103418350219727,-11.973745346069336,39.484451293945305,34.21619302398197,39.08655619901824,51.947153344080405
seq05,test,173,1788536467.094926,-1.8008465695862874,7.352210176987215,0.3889788582019327,-30.163951873779297,-11.886447906494137,39.49666595458984,34.27231692415679,39.107687096387906,52.000027859404355
seq05,test,174,1788536467.269036,-1.8332992847834875,7.428057018150756,0.38294349687054385,-30.224468231201172,-11.79846978187561,39.50830841064453,34.28874169368372,39.125364913773986,52.02414811000888
seq05,test,175,1788536467.4509912,-1.8671019912141877,7.5004283399912,0.3773028271025236,-30.28495979309082,-11.709831476211548,39.51939392089844,34.30173063059202,39.14209109379591,52.045288157994776
seq05,test,176,1788536467.6253242,-1.8990793295814217,7.576270538690393,0.37139903303114696,-30.34541511535644,-11.620546817779541,39.529911041259766,34.31780611074563,39.15851200822862,52.06823291560138
seq05,test,177,1788536467.8205132,-1.9365224710856908,7.6409481422398775,0.36620660297711716,-30.40582847595215,-11.530636072158813,39.53985595703124,34.322747933236734,39.17364935405413,52.082874626914474
seq05,test,178,1788536467.992659,-1.9699654522172714,7.714217031448634,0.3599374401106543,-30.466190338134766,-11.44012069702148,39.549232482910156,34.33545524039367,39.1892950427995,52.103016539512055
seq05,test,179,1788536468.169341,-2.0127203119114436,7.754250497588665,0.35671194123803485,-30.5264892578125,-11.349012613296505,39.55803298950195,34.32156291581048,39.20132104826392,52.10291021539006
seq05,test,180,1788536468.34775,-2.0287942386390494,7.869998778760638,0.3482893575524153,-30.586715698242184,-11.257337808609005,39.56625366210937,34.37164358914759,39.21796430455695,52.14842861690939
seq05,test,181,1788536468.54565,-2.0629252713263733,7.942142409403105,0.34191301320238443,-30.646863937377926,-11.165109872817993,39.57390213012695,34.38209765911673,39.23198911692457,52.165866325706965
seq05,test,182,1788536468.7363281,-2.095843109381146,8.016819038278275,0.33532517399363004,-30.70692253112793,-11.07234799861908,39.58095932006836,34.39462405434998,39.24563414607473,52.18438428656236
seq05,test,183,1788536468.9106462,-2.1263698433620966,8.097338056943022,0.32870457022925526,-30.766881942749023,-10.979072451591492,39.587440490722656,34.41203817278563,39.2587359204934,52.20571536987396
seq05,test,184,1788536469.08466,-2.1707830301987503,8.121439116587386,0.3231739591146201,-30.826732635498047,-10.885302066802975,39.59333801269531,34.386329524882996,39.27016405358069,52.19737007732268
seq05,test,185,1788536469.248147,-2.1806537331350664,8.269788054157807,0.320040141608507,-30.8864688873291,-10.791056156158444,39.59864807128906,34.45779455619152,39.278607929680554,52.250824362590365
seq05,test,186,1788536469.4211721,-2.220813921761483,8.325395040849326,0.31979840909620694,-30.902568707501413,-10.791677237848802,39.600659089832675,34.46890642446151,39.28086068073647,52.25984621023785
seq05,test,187,1788536469.6344552,-2.2553851019248294,8.401898467145463,0.31979866811611535,-31.00555419921875,-10.601209640502926,39.60750961303711,34.46288352523575,39.287710944920995,52.26102345118809
seq05,test,188,1788536469.8247972,-2.2925661145697824,8.46790125326163,0.31975644918311397,-31.06488609313965,-10.50564992427826,39.611053466796875,34.4650843787729,39.29129701761376,52.2651706451082
seq05,test,189,1788536470.018986,-2.3247793877082548,8.55470265715334,0.31978212290421726,-31.12406539916992,-10.409691214561462,39.614013671875,34.48256240031337,39.294231548970785,52.278903419215254
seq05,test,190,1788536470.1903362,-2.357830579029649,8.63933034898659,0.3197648355420655,-31.183082580566403,-10.313352584838867,39.61637496948242,34.497816501080436,39.296610133940355,52.290753593356456
seq05,test,191,1788536470.3810542,-2.3925562588713327,8.713767735757791,0.3198061450713998,-31.24193000793457,-10.216654181480408,39.618152618408196,34.50575661650953,39.2983464733368,52.297297016348885
seq05,test,192,1788536470.5471,-2.4262727611973283,8.791806615878826,0.31979012296456344,-31.293601554218107,-10.161989930135702,39.617326391906076,34.533593429472106,39.29753626894151,52.31505932292204
seq05,test,193,1788536470.7188382,-2.459785259297611,8.869657002822464,0.319795399868511,-31.359079360961914,-10.022255659103394,39.61992645263672,34.52641834306483,39.30013105276821,52.312272597977234
seq05,test,194,1788536470.8895562,-2.5017544135599796,8.913651572521767,0.319759257056649,-31.417364120483395,-9.924592733383179,39.61992263793945,34.510750980702866,39.30016338088281,52.30195765950033
seq05,test,195,1788536471.0681581,-2.536525298004782,9.030397959207509,0.3198046349248349,-31.475440979003906,-9.826650738716125,39.61933135986328,34.54054322658867,39.299526724938445,52.32114225809669
seq05,test,196,1788536471.232623,-2.583849597684577,9.07413242144294,0.31974859743582695,-31.533306121826172,-9.72844523191452,39.61814498901367,34.51967496158824,39.298396391577846,52.30651889012764
seq05,test,197,1788536471.4050913,-2.620899775246959,9.180736019002357,0.31977034679886285,-31.590948104858395,-9.629999220371246,39.61636734008789,34.541387645342716,39.29659699328903,52.31949919216359
seq05,test,198,1788536471.583632,-2.659297548294138,9.275163873913158,0.31979816163845265,-31.648359298706055,-9.53133243322372,39.61399841308594,34.55502864301444,39.294200251447485,52.326706163491735
seq05,test,199,1788536471.746658,-2.702582858821951,9.338015714705167,0.31978040897362026,-31.705528259277344,-9.432461261749268,39.61104583740234,34.54709318923088,39.291265428428716,52.31926210099527
seq05,test,200,1788536471.9295602,-2.742286412938775,9.419323487124238,0.31979166711028384,-31.762451171875,-9.333410143852237,39.607490539550774,34.55191718660717,39.28769887244049,52.319769341633396
seq05,test,201,1788536472.098235,-2.786158225905002,9.475062039344765,0.3197529353769861,-31.819116592407227,-9.234195470809937,39.6033592224121,34.53909362001747,39.28360628703511,52.30822794749518
seq05,test,202,1788536472.277019,-2.819266461731563,9.587042329165728,0.3197931173889288,-31.875516891479492,-9.134838044643402,39.5986328125,34.565510176582755,39.278839695111074,52.32209611207945
seq05,test,203,1788536472.4580534,-2.8563896212211763,9.673832462687601,0.31980775006222695,-31.93164253234863,-9.035360127687454,39.59331512451172,34.57461813570426,39.273507374449494,52.324111083903844
seq05,test,204,1788536472.6167052,-2.8955249458281243,9.747482542149523,0.31979747496793864,-31.987487792968746,-8.935780137777328,39.587417602539055,34.57465266154611,39.267620127571114,52.31971518605377
seq05,test,205,1788536472.791872,-2.9394329840082927,9.795123239812517,0.31977159987611214,-32.04304122924804,-8.836117014288902,39.5809326171875,34.55637605852842,39.26116101731139,52.302790467867844
seq05,test,206,1788536472.9921072,-2.9720391036517433,9.897492103889165,0.31978882162795297,-32.10168603376132,-8.755986949927994,39.5737087025473,34.590296487368214,39.25391988091935,52.319774818912144
seq05,test,207,1788536473.162641,-3.006724824716769,9.986098655661785,0.31978117761238867,-32.153244018554695,-8.63662351295352,39.56622314453125,34.58793665551905,39.24644196691886,52.312604304784216
seq05,test,208,1788536473.36322,-3.0427784776955904,10.065488224263593,0.31979587918802377,-32.207881927490234,-8.536834947764877,39.55799865722656,34.59262474334393,39.23820277803854,52.30952345304134
seq05,test,209,1788536473.534851,-3.0797052363726407,10.13828555855089,0.3197926550325356,-32.26219177246093,-8.437042400240898,39.549198150634766,34.59277857018205,39.22940549560223,52.303026535221
seq05,test,210,1788536473.7124782,-3.12277192203615,10.180584165207796,0.3197541750114872,-32.31616973876953,-8.337268814444538,39.53982162475586,34.57116363477041,39.22006744974437,52.28172764766453
seq05,test,211,1788536473.885865,-3.156603437529114,10.263609245289212,0.31972985876341586,-32.36981201171875,-8.237532109022144,39.5298728942871,34.57895005073631,39.210143035523686,52.279432891697894
seq05,test,212,1788536474.0652351,-3.1920231306176237,10.336810396723683,0.3197201938059506,-32.4231071472168,-8.137853860855099,39.51935577392578,34.579900118648965,39.19963558011983,52.272181146666675
seq05,test,213,1788536474.2315621,-3.215082952688688,10.461986203212469,0.31975660432010033,-32.47604751586914,-8.03825443983078,39.50826644897461,34.6188236515658,39.18850984465451,52.28959987285039
seq05,test,214,1788536474.4054942,-3.2513736444394823,10.525620740224214,0.3197689564413002,-32.52862930297851,-7.938749372959137,39.49661636352539,34.61344626835175,39.17684740708409,52.27729942651997
seq05,test,215,1788536474.5803123,-3.2817428402604,10.612649446617736,0.3197672855391107,-32.58083724975586,-7.839362919330597,39.48440933227539,34.62533311853676,39.16464204673628,52.27602586481323
seq05,test,216,1788536474.762406,-3.3239025795262886,10.64710632352536,0.31973155568316036,-32.632667541503906,-7.740114271640778,39.471633911132805,34.59904022963279,39.15190235544964,52.24906738748943
seq05,test,217,1788536474.941691,-3.350159088958428,10.746701903958234,0.3197527787975938,-32.68411636352539,-7.641021668910977,39.45830535888672,34.62065030553832,39.138552580089126,52.25338004036458
seq05,test,218,1788536475.1287303,-3.3711744075738515,10.864609011378656,0.31980265949354636,-32.73516845703125,-7.542106449604034,39.444427490234375,34.656187334993284,39.12462483074083,52.26650541928713
seq05,test,219,1788536475.3130672,-3.405933626252396,10.92258275531423,0.31976657733952507,-32.785823822021484,-7.443386554718018,39.43000030517578,34.6480414542077,39.11023372783626,52.25033166266484
seq05,test,220,1788536475.498448,-3.4362139034286368,10.99680220385643,0.3197885714358688,-32.836071014404304,-7.344882905483242,39.4150276184082,34.652114088406776,39.09523904697233,52.24181014222104
seq05,test,221,1788536475.676435,-3.4633585598593357,11.080887674860538,0.31979860339031396,-32.885902404785156,-7.246613264083862,39.39951705932617,34.66386269551606,39.07971845593586,52.23799164945762
seq05,test,222,1788536475.848371,-3.4913293796109133,11.158804240036202,0.3197754293139574,-32.935314178466804,-7.148599982261658,39.383460998535156,34.671447766049035,39.0636855692212,52.23103311676734
seq05,test,223,1788536476.0218241,-3.5312268114802174,11.187817912006725,0.3197367337567707,-32.98429489135742,-7.050859332084656,39.36687469482422,34.64292953738206,39.04713796106745,52.19972748858611
seq05,test,224,1788536476.1909273,-3.5481120277466807,11.303823299806318,0.3197716234726271,-33.032840728759766,-6.953413128852844,39.34975814819335,34.6796180570707,39.02998652472073,52.211260822778314
seq05,test,225,1788536476.368241,-3.5791046704479093,11.362371840460675,0.31975938331631215,-33.0809440612793,-6.856277942657467,39.33211898803711,34.67387672819873,39.0123596047208,52.19427103897872
seq05,test,226,1788536476.543528,-3.5999416125142316,11.456947921363458,0.31977174563986743,-33.128597259521484,-6.75947368144989,39.3139533996582,34.69552594112068,38.994181654018334,52.19507374453607
seq05,test,227,1788536476.7125592,-3.624189230616134,11.535581695652743,0.3197600999926977,-33.17579269409179,-6.663023471832275,39.29527282714843,34.70571274739245,38.97551272715573,52.18790175557164
seq05,test,228,1788536476.8878102,-3.6515469174705917,11.600006533758155,0.3197641156004565,-33.22252655029296,-6.566940069198608,39.27608489990234,34.70563045558282,38.95632078430188,52.17351544959289
seq05,test,229,1788536477.06292,-3.6828389935252965,11.647467595385566,0.31973227587979913,-33.27388907183674,-6.491492216818179,39.2560304450194,34.708098591047566,38.9362981691396,52.160209191701114
seq05,test,230,1788536477.237281,-3.700259312105064,11.743199294678943,0.31975396712261994,-33.31457519531249,-6.375959515571594,39.23618698120117,34.71759814879871,38.91643301407855,52.1517054348248
seq05,test,231,1788536477.4073281,-3.7240883903328497,11.81253349811929,0.31975390342961973,-33.359878540039055,-6.281099438667297,39.21548843383788,34.722609502291036,38.89573453040826,52.13959891779554
seq05,test,232,1788536477.578633,-3.7438324482585483,11.893805646202111,0.31974877228234444,-33.404693603515625,-6.186683535575867,39.194297790527344,34.73716703365185,38.874549018245,52.133495325901194
seq05,test,233,1788536477.749432,-3.769530781717648,11.950986981313347,0.31973874651281187,-33.449012756347656,-6.092732071876526,39.17261505126953,34.73395237448274,38.85287630475672,52.11519399086567
seq05,test,234,1788536477.920445,-3.7866292952776917,12.036012766631998,0.3197508707036938,-33.49282836914062,-5.999258756637573,39.15045928955078,34.752399662959,38.83070841884709,52.11097004128358
seq05,test,235,1788536478.0934863,-3.809161148451095,12.098996307511783,0.3197779822953235,-33.536136627197266,-5.906286716461182,39.12782287597656,34.754615346560016,38.80804489368124,52.09556253998342
seq05,test,236,1788536478.259334,-3.8364144864449585,12.142820307545536,0.319757741904211,-33.57892990112305,-5.813831806182861,39.104717254638665,34.74274857183626,38.78495951273445,52.070449035228044
seq05,test,237,1788536478.421288,-3.8514651378395977,12.226371311735267,0.31975475760877314,-33.62120056152344,-5.7219128608703596,39.0811424255371,34.76173257961608,38.76138766792833,52.06556660481252
seq05,test,238,1788536478.584422,-3.870231024180921,12.29410724256713,0.3197819278280758,-33.66294860839843,-5.630547046661377,39.057109832763665,34.769228528129595,38.73732790493559,52.052663963103775
seq05,test,239,1788536478.751029,-3.8870560358256676,12.365557217732286,0.3197616278697697,-33.70416259765625,-5.5397515296936035,39.03262710571289,34.780165684772214,38.712865477843124,52.04177051720843
seq05,test,240,1788536478.914675,-3.9095496207689218,12.414851098809262,0.3197536930350009,-33.74483871459961,-5.449545145034794,39.007694244384766,34.77471967492365,38.68794055134976,52.01959123805468
seq05,test,241,1788536479.076231,-3.9225171985744702,12.493706209993597,0.319756205857453,-33.78497314453124,-5.359943866729736,38.982322692871094,34.79251494483105,38.66256648701364,52.012624847714065
seq05,test,242,1788536479.2431712,-3.9395950081286286,12.555679764923283,0.3197614597759064,-33.82455825805663,-5.2709655761718714,38.95651626586914,34.797992938770726,38.636754806093236,51.99710698214763
seq05,test,243,1788536479.4025102,-3.960821074024257,12.600893380537949,0.3197550171194783,-33.863590240478516,-5.182629108428955,38.93027877807617,34.79122412243983,38.610523760956696,51.97308746873944
seq05,test,244,1788536479.566449,-3.9682896049275707,12.689303309419094,0.3197956663552599,-33.902061462402344,-5.094948768615721,38.903621673583984,34.81824693448012,38.58382600722872,51.97135700505168
seq05,test,245,1788536479.72962,-3.9933966489565074,12.715865533870488,0.31976546353632784,-33.9399642944336,-5.007942438125612,38.876548767089844,34.79842356735902,38.556783303553516,51.93799978330424
seq05,test,246,1788536479.890001,-4.003376477269755,12.789921651710841,0.3197707789410196,-33.97730255126953,-4.921626567840576,38.84906768798828,34.81573185534233,38.52929690904726,51.92920088860041
seq05,test,247,1788536480.0654233,-4.02518915314989,12.82182934950254,0.3197465418456209,-34.01406478881835,-4.836018085479736,38.82118225097656,34.80132523236292,38.501435709130945,51.89887079304369
seq05,test,248,1788536480.2421982,-4.0246631267400685,12.924444154412333,0.31974916578884116,-34.05024719238281,-4.751132011413576,38.79290390014648,34.84195303476675,38.473154734357635,51.90515703175088
seq05,test,249,1788536480.4226573,-4.045973145695048,12.95211890236163,0.319699375178333,-34.085838317871094,-4.666985750198366,38.76423645019531,34.82565646646703,38.44453707501698,51.8730062675447
seq05,test,250,1788536480.605008,-4.044512236268769,13.051555342221592,0.3197679215757112,-34.12084579467774,-4.583594083786009,38.73518753051758,34.865231041745496,38.41541960894187,51.878018459896566
seq05,test,251,1788536480.783803,-4.071496113909615,13.054829725620117,0.3196817541955128,-34.1552619934082,-4.500975131988527,38.70576858520508,34.83158413984237,38.386086831009564,51.83368514671444
seq05,test,252,1788536480.9588451,-4.0721693564831005,13.141136326249363,0.31974595748119516,-34.1890754699707,-4.419142484664919,38.67597961425781,34.862464424731535,38.35623365677662,51.83234594438993
seq05,test,253,1788536481.143094,-4.087515639289746,13.17651624957801,0.31974565371998387,-34.22228622436523,-4.338110208511354,38.64583206176758,34.854935635882825,38.326086408047594,51.804975026909
seq05,test,254,1788536481.322101,-4.090184140822083,13.250055608271659,0.31976075952377236,-34.254886627197266,-4.257897138595585,38.61532974243164,34.87746672965319,38.29556898290787,51.79757030211669
seq05,test,255,1788536481.4973922,-4.095277072868755,13.31260123571675,0.3197797411207395,-34.2868766784668,-4.1785149574279785,38.58448791503906,34.892289010995505,38.26470817391832,51.78474412471273
seq05,test,256,1788536481.6715322,-4.116651871696698,13.319309275757858,0.3197078573278185,-34.31825256347656,-4.099980115890505,38.55330657958984,34.865001466452156,38.233598722262016,51.74337057547244
seq05,test,257,1788536481.8628492,-4.106184953957327,13.426074022043316,0.3197925158916559,-34.349006652832024,-4.022305488586429,38.52179718017578,34.915243259311396,38.202004664284125,51.75391166111868
seq05,test,258,1788536482.0574863,-4.118543178851513,13.455798591707836,0.31976959640584557,-34.3791389465332,-3.9455082416534406,38.4899673461914,34.90715020914513,38.17019774978555,51.724975901217725
seq05,test,259,1788536482.239345,-4.123692813237346,13.505738293678416,0.3197883958720813,-34.40864181518555,-3.869601011276247,38.457820892333984,34.91533405271824,38.1380324964619,51.706770105220166
seq05,test,260,1788536482.4195821,-4.127737618544386,13.55611146488203,0.31978947007025704,-34.43751525878906,-3.794597864150999,38.42537307739258,34.92462934408424,38.10558360732232,51.689121068908705
seq05,test,261,1788536482.599721,-4.142113757055716,13.569924932562758,0.31974040395660475,-34.465747833251946,-3.7205123901367205,38.392627716064446,34.90676161429542,38.07288731210784,51.652945266245084
seq05,test,262,1788536482.7671552,-4.135122759315854,13.649675682105931,0.319763146153466,-34.49334716796875,-3.6473593711853045,38.359588623046875,34.940080292994665,38.03982547689341,51.651113571668745
seq05,test,263,1788536482.942194,-4.141616296441698,13.682619560957852,0.31976165960584657,-34.52030563354492,-3.575149774551388,38.3262710571289,34.93845114308693,38.006509397523054,51.62547941532244
seq05,test,264,1788536483.1227453,-4.134692458256163,13.755845023581564,0.319790601111996,-34.5466194152832,-3.503899097442627,38.29268264770507,34.9683295048931,37.972892046593074,51.62097053276884
seq05,test,265,1788536483.308381,-4.1396884799681954,13.787243664873175,0.31979042652290346,-34.57228088378906,-3.433618783950804,38.25882720947265,34.967138628981516,37.93903678294974,51.59526427799769
seq05,test,266,1788536483.485824,-4.138761574460421,13.834663018635908,0.3197824235502762,-34.597293853759766,-3.3643214702606183,38.22471618652344,34.978954473489104,37.90493376297316,51.57820527736309
seq05,test,267,1788536483.665028,-4.149480486888651,13.840915616355739,0.31975186622068197,-34.62165069580078,-3.2960212230682373,38.19035720825195,34.960374161031496,37.87060534203127,51.54037747680168
seq05,test,268,1788536483.8435993,-4.144635450574423,13.894566320916379,0.3197643392927898,-34.64535140991211,-3.228727579116823,38.15575790405273,34.9785772726552,37.83599356475994,51.52730613035836
seq05,test,269,1788536484.014944,-4.1406644076357555,13.942183865958128,0.31975914323149257,-34.668392181396484,-3.1624546051025373,38.12092971801758,34.99301102012416,37.801170574786084,51.51154547359848
seq05,test,270,1788536484.1954472,-4.134701598499344,13.993104262422369,0.3197851740882327,-34.69076919555664,-3.09721255302429,38.08587646484375,35.01074400592301,37.76609129075552,51.49786255010934
seq05,test,271,1788536484.3819232,-4.133103868794658,14.026456301031557,0.31980307422211185,-34.712486267089844,-3.0330157279968244,38.05061340332031,35.01605651369622,37.7308103290982,51.475608416615636
seq05,test,272,1788536484.557732,-4.1294979121824475,14.063119927624724,0.31979489575813735,-34.73353195190429,-2.9698715209960955,38.015140533447266,35.0247012434545,37.69534563768913,51.45550291210933
seq05,test,273,1788536484.731296,-4.128129763235821,14.089064703874199,0.3197710792542836,-34.753910064697266,-2.9077935218811035,37.97947311401367,35.026156064001796,37.65970203475939,51.430387573560736
seq05,test,274,1788536484.912516,-4.131534555932658,14.095708611745717,0.31975502246925247,-34.773616790771484,-2.8467917442321777,37.943618774414055,35.01407605519437,37.6238637519448,51.395920515385676
seq05,test,275,1788536485.0810509,-4.117856110612745,14.15582886671589,0.31977835894595374,-34.792644500732415,-2.786877155303957,37.907588958740234,35.04280140238802,37.58781059979428,51.389117873468265
seq05,test,276,1788536485.248425,-4.113345062969266,14.182158393100485,0.31976320172979933,-34.8110008239746,-2.728058338165283,37.87138748168945,35.04713253776355,37.551624279959654,51.365610919980504
seq05,test,277,1788536485.429052,-4.104948808738539,14.218109665677845,0.3198017570069296,-34.82868194580078,-2.6703476905822736,37.83502197265625,35.0594890115591,37.51522021564932,51.347439250466
seq05,test,278,1788536485.6033013,-4.099562242996744,14.24061474935318,0.3197622941085876,-34.84568405151367,-2.6137528419494647,37.79850769042969,35.06271114969453,37.4787453963211,51.32299747334691
seq05,test,279,1788536485.776038,-4.102580170240119,14.230975720306237,0.31973472216656673,-34.862003326416016,-2.5582847595214844,37.7618522644043,35.04313599494479,37.44211754223773,51.28287771183421
seq05,test,280,1788536485.941019,-4.079821223953221,14.305693781431112,0.31977811508753384,-34.87763977050781,-2.5039515495300275,37.72505950927734,35.086604329561524,37.4052813941898,51.28571808562036
seq05,test,281,1788536486.115284,-4.069755353400428,14.333948634871094,0.3198027696863439,-34.89259338378906,-2.450763225555418,37.68814468383788,35.09663654091535,37.36834191415154,51.265650038774005
seq05,test,282,1788536486.2802272,-4.0636643120012845,14.345086624350378,0.3197747683734662,-34.906864166259766,-2.3987278938293475,37.6511116027832,35.0949896975186,37.33133683440974,51.23755470075727
seq05,test,283,1788536486.4572592,-4.062562602446514,14.335130424782129,0.3197424690553081,-34.92044830322266,-2.347853660583498,37.613975524902344,35.078926265134285,37.29423305584704,51.19952037996608
seq05,test,284,1788536486.6344101,-4.048030543016185,14.368349655396292,0.31973046511636904,-34.933345794677734,-2.2981491088867188,37.57674026489258,35.09522587552849,37.257009799776206,51.18358778431798
seq05,test,285,1788536486.815534,-4.036320287427516,14.38827766444151,0.3197603253986565,-34.945552825927734,-2.2496237754821777,37.5394172668457,35.10271243712793,37.21965694144705,51.16154105656614
seq05,test,286,1788536486.9909651,-4.022776509960447,14.411284111845818,0.31975781119480784,-34.95707321166992,-2.202281475067137,37.502017974853516,35.11326350455127,37.18226016365871,51.141585278695196
seq05,test,287,1788536487.161899,-4.008576362341885,14.433186410064726,0.31977673426481923,-34.96791076660156,-2.1561326980590785,37.46454620361328,35.123865038260504,37.14476946934846,51.12161767938276
seq05,test,288,1788536487.3379662,-3.9901793289189778,14.466849904395671,0.31975494277732186,-34.978050231933594,-2.1111831665039062,37.4270133972168,35.14369536064385,37.107258454439474,51.10800283327759
seq05,test,289,1788536487.503297,-3.977051582972766,14.478032471849286,0.31977864321047855,-34.98750305175781,-2.0674400329589844,37.38943099975585,35.14826824617735,37.069652356545376,51.08385152413989
seq05,test,290,1788536487.6746671,-3.9607045671219683,14.497390021128401,0.3197743418603818,-34.99626541137695,-2.0249099731445312,37.351806640625,35.15952835318193,37.03203229876462,51.06431092450921
seq05,test,291,1788536487.850835,-3.9502485909201215,14.491520021265197,0.3197401270469482,-35.00434112548828,-1.983598709106447,37.31414794921875,35.153750871356024,36.9944078221718,51.0330521372035
seq05,test,292,1788536488.0232842,-3.927689131067233,14.526838213578255,0.319782516207505,-35.011722564697266,-1.9435129165649414,37.276470184326165,35.177970391329275,36.95668766811866,51.02241041201516
seq05,test,293,1788536488.1977272,-3.9209561802895925,14.499445670221718,0.3197308629405231,-35.01841354370117,-1.904658317565918,37.238777160644524,35.158874869815605,36.919046297704,50.98198173515191
seq05,test,294,1788536488.368784,-3.8988864546864828,14.526011386146589,0.31972434579151665,-35.024417877197266,-1.867039680480957,37.20107650756835,35.17855638889641,36.88135216177684,50.968274121140944
seq05,test,295,1788536488.542237,-3.875517342389963,14.55433489162471,0.31976705657449944,-35.02973175048828,-1.8306622505187988,37.16338348388672,35.20018759515085,36.84361642731222,50.95591504601524
seq05,test,296,1788536488.7156792,-3.8643079880576687,14.53220094105778,0.31976328621728123,-35.03435516357422,-1.7955307960510254,37.125701904296875,35.187592480914596,36.805938618079594,50.91997429458071
seq05,test,297,1788536488.885969,-3.8387436916685784,14.56219340026559,0.31975730056405816,-35.038291931152344,-1.7616505622863752,37.08804702758789,35.21192542394719,36.768289727023834,50.90959459190365
seq05,test,298,1788536489.0565913,-3.8186751241059267,14.56726481550384,0.3197730712486153,-35.04153442382813,-1.7290253639221191,37.05042266845703,35.21982419692501,36.73064959720842,50.8878830007224
seq05,test,299,1788536489.2248,-3.7985534971149875,14.568842465875177,0.31978417562323025,-35.04409408569335,-1.6976580619812012,37.01284027099609,35.226167065056195,36.69305609537285,50.86514731831049
seq05,test,300,1788536489.399112,-3.7775234046789063,14.570456152886848,0.31976374985997125,-35.04596710205078,-1.6675539016723633,36.97530746459961,35.233344175477875,36.655543714739636,50.84306665427322
seq05,test,301,1788536489.57044,-3.7568452894953066,14.56686081394257,0.31975860989116467,-35.04715347290039,-1.6387162208557147,36.93783569335937,35.23782219779265,36.6180770834682,50.81916648799021
seq05,test,302,1788536489.7392962,-3.735375523260241,14.562696416949715,0.3197531813031531,-35.04765701293946,-1.6111469268798828,36.90043640136719,35.24276068357371,36.58068322006403,50.79565498589739
seq05,test,303,1788536489.918306,-3.7214946998013874,14.52253509983156,0.31972630111827915,-35.047481536865234,-1.5848493576049787,36.86311340332031,35.224498369395775,36.54338710220203,50.75612698263089
seq05,test,304,1788536490.0975971,-3.6894242323059503,14.555379296540275,0.31978465289606506,-35.04993948465644,-1.5729433315060763,36.82545962549063,35.26477998920821,36.50567497259456,50.75696024085738
seq05,test,305,1788536490.2748601,-3.663304363469227,14.5599868838483,0.3197735349508881,-35.045074462890625,-1.5360813140869123,36.78874206542969,35.26895101935299,36.4689685304788,50.73346599319401
seq05,test,306,1788536490.450622,-3.6442711353390926,14.529701701827346,0.3197519227290391,-35.04285430908203,-1.5136141777038574,36.751708984375,35.25987818652911,36.43195706164596,50.70055724615348
seq05,test,307,1788536490.620029,-3.6209511175855424,14.51389567117317,0.31973709921070603,-35.03995895385742,-1.492426872253418,36.71479415893555,35.261259404336656,36.39505705972484,50.675009552643864
seq05,test,308,1788536490.795155,-3.593630100811345,14.512227201396733,0.3197251550294322,-35.036380767822266,-1.4725222587585467,36.67800521850586,35.27263507043031,36.35828006347643,50.65652291646099
seq05,test,309,1788536490.973622,-3.5697298723016115,14.49105081192701,0.3197350155151175,-35.03213500976563,-1.45389938354492,36.64135360717773,35.272147280396794,36.32161859166261,50.62987607024349
seq05,test,310,1788536491.1546702,-3.535764805801546,14.512887175828416,0.31977687907276153,-35.02721786499023,-1.4365611076354998,36.604835510253906,35.3000922991141,36.285058631181144,50.62313696516868
seq05,test,311,1788536491.334968,-3.509634928232846,14.494711069639699,0.3197741897526931,-35.02163314819336,-1.4205069541931152,36.5684700012207,35.3029771628531,36.24869581146801,50.59909232973716
seq05,test,312,1788536491.496778,-3.483326102768733,14.473130458551273,0.31976247967370486,-35.015377044677734,-1.4057350158691388,36.53226852416992,35.30451253533867,36.212506044496216,50.57424442718408
seq05,test,313,1788536491.6595132,-3.4494498925577455,14.484644775692926,0.31979060457147446,-35.008460998535156,-1.392249584197998,36.496238708496094,35.32770805617514,36.17644810392462,50.564635407746124
seq05,test,314,1788536491.825137,-3.4222226670118796,14.459865181534632,0.3197864804789017,-35.00088119506836,-1.3800458908081037,36.460384368896484,35.32866339406743,36.14059788841758,50.539660396005964
seq05,test,315,1788536491.9865932,-3.3928455411264755,14.441724957436147,0.3197615811393839,-34.99264144897462,-1.369126319885254,36.42472076416015,35.33454569583755,36.10495918302077,50.51829566739982
seq05,test,316,1788536492.1523032,-3.361497010117315,14.429663037188218,0.31978737582872485,-34.983745574951165,-1.359489917755127,36.38924789428711,35.34492828300452,36.069460518458385,50.50019739984548
seq05,test,317,1788536492.3088112,-3.3296779786411825,14.416616647299074,0.31976023802845566,-34.97419738769531,-1.3511323928833008,36.35398483276367,35.35530396452809,36.034224594735214,50.48230244915535
seq05,test,318,1788536492.469155,-3.299232879137723,14.391993790863284,0.3197725654453567,-34.963993072509766,-1.34405517578125,36.31893539428711,35.35930252683717,35.999162828841754,50.4600832298348
seq05,test,319,1788536492.6374342,-3.270629388951505,14.35275086506179,0.3197668254998609,-34.95314407348633,-1.3382549285888654,36.28410720825195,35.355189146038285,35.96434038275209,50.43236241461029
seq05,test,320,1788536492.80387,-3.236338483054141,14.34100599115949,0.31977410535566,-34.941650390625,-1.3337311744689941,36.249507904052734,35.36840664163272,35.92973379869707,50.416961027149625
seq05,test,321,1788536492.9742951,-3.206639125778448,14.29897025990007,0.31974823942134667,-34.92951202392578,-1.3304781913757324,36.21514892578124,35.36411067456805,35.8954006863599,50.3894841632401
seq05,test,322,1788536493.141379,-3.170408704702701,14.290648816767522,0.3197684374738856,-34.91674041748047,-1.328497886657713,36.18103790283203,35.38060656575632,35.86126946535815,50.37676020376725
seq05,test,323,1788536493.305618,-3.136007215853308,14.268144664679062,0.3197571982725562,-34.903331756591804,-1.327784061431883,36.14718627929687,35.38920599994494,35.82742908102431,50.35871896566041
seq05,test,324,1788536493.486412,-3.102484323990676,14.235872563849954,0.3197579287186092,-34.88928985595703,-1.3283338546752912,36.11359405517578,35.39273269140869,35.79383612645717,50.33730457635947
seq05,test,325,1788536493.663521,-3.067652776581991,14.207422978321151,0.3197539071635349,-34.8746223449707,-1.3301439285278303,36.08028030395508,35.399142623928256,35.76052639679154,50.31813337838397
seq05,test,326,1788536493.848444,-3.031837669119951,14.18098258908916,0.31978229035942096,-34.85932922363281,-1.3332114219665527,36.047245025634766,35.407335884887814,35.727462735275346,50.300407831008215
seq05,test,327,1788536494.026811,-2.9951375770584328,14.15628350525135,0.319774759707407,-34.84341812133789,-1.3375306129455566,36.01449966430664,35.41710391260651,35.694724904599234,50.28403957093527
seq05,test,328,1788536494.2004073,-2.9599108688039815,14.117814179992028,0.3197538999282019,-34.82688903808594,-1.3430981636047363,35.98205184936523,35.41954415485716,35.662297949437026,50.26274567880565
seq05,test,329,1788536494.3748193,-2.9215560392721365,14.096677634707767,0.31976746633966435,-34.809749603271484,-1.3499078750610352,35.94990921020507,35.432384800993695,35.63014174386541,50.24898897862154
seq05,test,330,1788536494.547771,-2.8891824564045185,14.027146874817385,0.3197365093784388,-34.79199981689453,-1.357956886291504,35.918079376220696,35.41879689200171,35.59834286684226,50.21686159192078
seq05,test,331,1788536494.7173772,-2.849759239598124,14.004533944118828,0.31975850743531997,-34.773643493652344,-1.3672389984130842,35.88656997680664,35.43198822057558,35.56681146937132,50.20382323449889
seq05,test,332,1788536494.885823,-2.811478749627427,13.969583175627337,0.3197414137653338,-34.754695892333984,-1.3777499198913574,35.85539245605469,35.43881705941813,35.53565104228935,50.186574395651526
seq05,test,333,1788536495.0692832,-2.7708627365262752,13.948997064851397,0.3197846204480388,-34.73514938354492,-1.389481782913208,35.824546813964844,35.453977974496695,35.504762193516804,50.17541920735966
seq05,test,334,1788536495.241534,-2.7318831906426495,13.911565743365673,0.3197513200600146,-34.71500778198242,-1.4024283885955793,35.79404830932617,35.460381764709,35.47429698926616,50.1583933333352
seq05,test,335,1788536495.4291022,-2.692632120539921,13.87087081666348,0.31979459220221096,-34.69428634643554,-1.416585922241211,35.7639045715332,35.46564826332187,35.44410997933099,50.14077321865486
seq05,test,336,1788536495.596221,-2.6524587066260397,13.834067666357079,0.31978663106780303,-34.67298126220703,-1.4319465160369873,35.73411560058593,35.47344152671865,35.414328969518124,50.1252406489064
seq05,test,337,1788536495.7837372,-2.613247675343372,13.783122997750372,0.3197810203363034,-34.6511001586914,-1.4485020637512207,35.70469665527344,35.47430610679979,35.38491563493714,50.105076072694985
seq05,test,338,1788536495.962,-2.574159619782006,13.724705211081522,0.31975222189951036,-34.62864685058594,-1.4662461280822754,35.6756477355957,35.47189245330188,35.35589551369619,50.08287633307433
seq05,test,339,1788536496.127957,-2.531886055896538,13.693219028222877,0.31975389825789047,-34.605628967285156,-1.485172986984253,35.64698410034179,35.48391985834084,35.327230202083896,50.07116697525817
seq05,test,340,1788536496.3057961,-2.489655377334353,13.657335820634138,0.31977260562395027,-34.58366052489397,-1.5191655034536247,35.61818842014079,35.50142756075621,35.29841581451684,50.063255166500646
seq05,test,341,1788536496.477024,-2.450702602626705,13.578374871310166,0.31973525302375605,-34.55791091918945,-1.5265371799468976,35.590824127197266,35.48282956528928,35.27108887417351,50.03079955716491
seq05,test,342,1788536496.642442,-2.4056892206772655,13.564937379872758,0.319738771469515,-34.53322219848633,-1.5489611625671387,35.5633430480957,35.50504618207636,35.243604276626186,50.027192073899165
seq05,test,343,1788536496.8121853,-2.3640374204882213,13.505540543411922,0.31974165676774335,-34.50799179077148,-1.572532653808592,35.53627014160156,35.50467707076903,35.216528484833816,50.00785910657147
seq05,test,344,1788536496.994409,-2.3226892877178793,13.4338608240568,0.31971803552218736,-34.482215881347656,-1.5972454547882098,35.50961685180663,35.49886345634624,35.18989881628445,49.98498059810219
seq05,test,345,1788536497.1642141,-2.2762523533009653,13.428608761473052,0.3197651918299995,-34.45590591430664,-1.6230897903442418,35.48337936401367,35.52581783155912,35.16361417218367,49.98563287837136
seq05,test,346,1788536497.3356202,-2.2337174850318533,13.361914164448502,0.319739435398674,-34.42906951904297,-1.6500566005706787,35.45757675170898,35.52323125566837,35.1378373163103,49.96566391144206
seq05,test,347,1788536497.500086,-2.189157425085341,13.319423319003157,0.3197718202089943,-34.40170669555664,-1.678135156631468,35.43220520019531,35.532732666270135,35.11243337998632,49.95456003806458
seq05,test,348,1788536497.666172,-2.1444254649071115,13.27510110247375,0.31977707220272045,-34.37382888793945,-1.7073175907134992,35.40727615356445,35.54162791576289,35.087499081361734,49.943366993897165
seq05,test,349,1788536497.828841,-2.099349397778541,13.231858063235535,0.31977324050666067,-34.345436096191406,-1.7375924587249756,35.38279342651367,35.55129472031902,35.06302018600701,49.933054591676225
seq05,test,350,1788536497.9933012,-2.0549495058554537,13.166623821296382,0.3197677019165712,-34.3165397644043,-1.768951177597046,35.3587646484375,35.551112592407904,35.03899694652093,49.91605867430207
seq05,test,351,1788536498.162023,-2.009660640497058,13.112461483096071,0.3197494047665801,-34.287139892578125,-1.8013834953308105,35.3351936340332,35.556412064620254,35.01544422926662,49.90330423410812
seq05,test,352,1788536498.332663,-1.964310461561554,13.04910611489033,0.3197655413543876,-34.25725173950195,-1.8348762989044172,35.31208801269531,35.557938478976226,34.99232247134093,49.88817115121549
seq05,test,353,1788536498.511421,-1.918427828459726,12.990613299691526,0.31975281467175676,-34.22686767578124,-1.869420051574707,35.28945541381836,35.56200045791487,34.9697025991466,49.87520402405887
seq05,test,354,1788536498.6905441,-1.8727056791232277,12.910909637873823,0.31975593070501906,-34.196006774902344,-1.9050033092498815,35.267295837402344,35.55709591888999,34.94753990669732,49.856169284405965
seq05,test,355,1788536498.8749661,-1.825561724298208,12.87647851373499,0.31977146167834714,-34.164669036865234,-1.9416162967681885,35.24562072753906,35.572374050473314,34.92584926586071,49.851867994373194
seq05,test,356,1788536499.043281,-1.7786778124444005,12.82589208639798,0.3197712884721058,-34.13286209106445,-1.9792461395263672,35.22443008422851,35.580687995366695,34.904658795756404,49.842959020024146
seq05,test,357,1788536499.2162352,-1.7317960076397987,12.755991158916204,0.3197635692387186,-34.10059356689453,-2.0178818702697754,35.2037353515625,35.58098340004846,34.88397178232378,49.82868518257818
seq05,test,358,1788536499.390224,-1.684412303599857,12.7001440007863,0.31977235761323386,-34.06786727905273,-2.0575101375579834,35.183536529541016,35.58758929478328,34.863764171927784,49.819258967290644
seq05,test,359,1788536499.5693731,-1.6368294306052207,12.641295624109924,0.319778210168455,-34.034690856933594,-2.0981178283691406,35.16383743286133,35.59314166974724,34.84405922269287,49.809438834795415
seq05,test,360,1788536499.745287,-1.5889959073789302,12.57996196875259,0.31980306480683773,-34.00107192993164,-2.139695167541504,35.144649505615234,35.59790693709098,34.82484644080839,49.799406702567
seq05,test,361,1788536499.91774,-1.540942356744917,12.514162112069183,0.31977761154328355,-33.96701431274413,-2.1822288036346436,35.125972747802734,35.60103999102865,34.806195136259454,49.788605808017884
seq05,test,362,1788536500.0912862,-1.4926371247418038,12.449736509754091,0.31975824989878787,-33.9325294494629,-2.2257056236267125,35.107810974121094,35.60498863712369,34.788052724222304,49.7787487608214
seq05,test,363,1788536500.251588,-1.4440501558093846,12.382737316752516,0.3197540168580988,-33.89761734008789,-2.2701127529144305,35.090171813964844,35.60814567130135,34.770417797106745,49.768684852364494
seq05,test,364,1788536500.409649,-1.3953349620879185,12.320726952895468,0.3197600641051648,-33.8622932434082,-2.315435886383055,35.07305908203124,35.61348961698179,34.753299017926075,49.76055099502267
seq05,test,365,1788536500.5735621,-1.3462547799210662,12.25036622034379,0.3197332205595589,-33.82655715942383,-2.361661672592163,35.05647659301758,35.61574654289688,34.73674337245802,49.7506054428675
seq05,test,366,1788536500.740808,-1.2968662852674355,12.179213996346345,0.3197453643664676,-33.7904167175293,-2.408778190612793,35.04042434692383,35.617977704253875,34.72067898255736,49.74098797521543
seq05,test,367,1788536500.8994591,-1.2473315276408263,12.109552135959119,0.31974864910907996,-33.7538833618164,-2.4567713737487793,35.02491378784179,35.62097265288263,34.70516513873271,49.73230519535687
seq05,test,368,1788536501.058737,-1.198154632494288,12.053288812532182,0.3197774506702038,-33.71696090698242,-2.505625009536743,35.00994110107422,35.6291275952151,34.69016365040402,49.72768029264919
seq05,test,369,1788536501.234761,-1.1485765712194291,11.988238248027907,0.31976466087863353,-33.679656982421875,-2.5553267002105695,34.995513916015625,35.634063396190875,34.67574925513699,49.721163105149536
seq05,test,370,1788536501.414012,-1.0983211308357221,11.912957468379451,0.319780620230262,-33.64197540283203,-2.6058608293533325,34.98163986206055,35.635453106952404,34.661859241830285,49.712473326502874
seq05,test,371,1788536501.60086,-1.0487348285463505,11.853215468993799,0.3197877222122749,-33.60392761230469,-2.657214522361752,34.96831512451171,35.642575043362136,34.648527402299436,49.708285092825285
seq05,test,372,1788536501.787795,-0.998915406487302,11.789652221804989,0.31978001700960434,-33.56552124023437,-2.7093714475631714,34.955543518066406,35.648359049128004,34.6357635010568,49.70353726040718
seq05,test,373,1788536501.973052,-0.9482966493865618,11.714636047054329,0.3197691460669141,-33.526763916015625,-2.762319087982176,34.9433364868164,35.65022804169254,34.62356734074949,49.69637989656888
seq05,test,374,1788536502.150881,-0.8978379316531758,11.644455024254558,0.31977087902738965,-33.4876594543457,-2.8160390853881836,34.93168640136719,35.653924843920976,34.6119155223398,49.69091519484776
seq05,test,375,1788536502.323681,-0.8463481737024473,11.561384447325489,0.3197552297105546,-33.44821548461914,-2.8705190420150757,34.92060470581054,35.653353145030536,34.60084947609999,49.68279757574031
seq05,test,376,1788536502.496937,-0.7959556429789094,11.495101163889116,0.3197612072595324,-33.40844345092773,-2.925741195678711,34.91008758544922,35.65859020464937,34.59032637818969,49.67922839912876
seq05,test,377,1788536502.677164,-0.7440466649101366,11.410775967310396,0.3197505162232934,-33.368343353271484,-2.9816930294036847,34.900142669677734,35.65792896722412,34.58039215345444,49.671837289537564
seq05,test,378,1788536502.85064,-0.6947983608880978,11.358970453943948,0.31977070523045215,-33.32792663574219,-3.038356065750122,34.89076614379883,35.667969831737935,34.570995438568374,49.67250544850021
seq05,test,379,1788536503.0239062,-0.6433740316095613,11.281263781171138,0.3197227236124467,-33.28720474243163,-3.095715522766115,34.88196563720703,35.66955588989931,34.56224291359459,49.667553318046274
seq05,test,380,1788536503.190346,-0.5924106474075996,11.21009958519794,0.3197439530412902,-33.24618148803711,-3.1537550687789953,34.87374496459961,35.673366404545014,34.55400101155832,49.66455533415853
seq05,test,381,1788536503.3631291,-0.5412438970246113,11.137117219854279,0.31975183962234954,-33.204864501953125,-3.2124595642089844,34.86610031127929,35.67663752239605,34.54634847165694,49.66158130415897
seq05,test,382,1788536503.54342,-0.4903751579396342,11.067110173465029,0.31975446329613355,-33.16326522827148,-3.271812319755554,34.85903549194336,35.68084141124724,34.539281028647224,49.65968563926323
seq05,test,383,1788536503.7144191,-0.4370492175460135,10.974628175397893,0.3197256616561932,-33.121383666992195,-3.331797778606415,34.85255813598632,35.6782782933911,34.53283247433013,49.65335900702803
seq05,test,384,1788536503.8877342,-0.3868691590668534,10.911691220496428,0.31975716267685494,-33.077991751170046,-3.4060330403061734,34.84619131937305,35.68902806662427,34.52643415669619,49.65663480258174
seq05,test,385,1788536504.056852,-0.3361016849844679,10.842600825537543,0.3197627162063583,-33.03681945800781,-3.453596293926239,34.84135055541992,35.68918876844204,34.521587839213566,49.65338076999417
seq05,test,386,1788536504.229012,-0.2840597019524634,10.762686073721557,0.319751004332806,-32.99414825439453,-3.515377461910248,34.83662414550781,35.69051682780932,34.516873141175004,49.6510576209622
seq05,test,387,1788536504.401097,-0.23018384927971908,10.668994748558019,0.3197351800650674,-32.95123291015625,-3.5777225494384766,34.832489013671875,35.68803728721042,34.51275383360681,49.64641157820435
seq05,test,388,1788536504.5874252,-0.1795172165289383,10.60081684881848,0.31973250326997804,-32.90807723999023,-3.640617668628691,34.8289451599121,35.69281578026654,34.50921265664213,49.64738519303301
seq05,test,389,1788536504.769151,-0.12998173073419458,10.540252851739085,0.3197798055755725,-32.86468887329101,-3.704042434692383,34.825984954833984,35.69959383404822,34.50620514925841,49.6501681137005
seq05,test,390,1788536504.9345212,-0.0772265048211378,10.45525269466985,0.31974682583382363,-32.821075439453125,-3.7679829001426697,34.8236198425293,35.69958086363959,34.50387301669547,49.64853801464639
seq05,test,391,1788536505.1069772,-0.025952186037185118,10.381177752669174,0.3197605745837162,-32.77724838256835,-3.832419604063034,34.82184600830078,35.70257346988059,34.50208543371706,49.64944764695507
seq05,test,392,1788536505.28621,0.02821380635499055,10.287341376313938,0.3197443260578694,-32.73321151733398,-3.8973349034786224,34.82066345214844,35.700364569597305,34.500919126090565,49.647048763720086
seq05,test,393,1788536505.4572341,0.0767632816608937,10.23078594917262,0.31975806798128237,-32.688968658447266,-3.962713822722433,34.820072174072266,35.70782302725566,34.50031410609098,49.65199189120966
seq05,test,394,1788536505.6237493,0.12803490094928827,10.155315129006054,0.31974899333471907,-32.64453887939453,-4.028536722064018,34.820072174072266,35.71026806845873,34.500323180737546,49.653756606086915
seq05,test,395,1788536505.803328,0.18527883483030944,10.042628570001533,0.31970830509601256,-32.59992218017578,-4.094787202775478,34.8206672668457,35.70344423618988,34.50095896174969,49.64929102824185
seq05,test,396,1788536505.982016,0.23441528358692387,9.980762136254674,0.31975043631809474,-32.555130004882805,-4.161446990445256,34.82184982299805,35.70933154244031,34.50209938667995,49.654317247307546
seq05,test,397,1788536506.15093,0.28196774563374777,9.926575986132603,0.3197632694762993,-32.51016616821289,-4.2284980043768865,34.82362747192383,35.71680509648713,34.50386420244753,49.66091834834903
seq05,test,398,1788536506.322324,0.3342243925461869,9.843739978188953,0.3197498957907636,-32.465042114257805,-4.295923560857771,34.82599639892578,35.71725029144603,34.50624650313502,49.66289375496478
seq05,test,399,1788536506.4878151,0.3861569899096717,9.762717789013305,0.3197373548737641,-32.417161537308466,-4.3806968852759365,34.82834061004982,35.72245631317971,34.508603255176055,49.66827542476364
seq06,test,0,1788536506.7370222,-3.5656431410342835,9.152260827927035,0.3627602136617398,-35.5780143737793,8.172681629657745,50.17206954956054,32.02735529744475,49.8093093358988,59.217554693418556
seq06,test,1,1788536506.9712353,-3.579749773621934,9.090152372575712,0.35196964084503923,-35.62862396240234,8.059664309024809,50.1633186340332,32.06543688174848,49.81134899318816,59.23987450137435
seq06,test,2,1788536507.1551282,-3.614683225531022,8.968746158925311,0.34443757778303175,-35.678855895996094,7.946756601333618,50.15384292602539,32.08045560301826,49.80940534824236,59.246371136490204
seq06,test,3,1788536507.34647,-3.612336040125418,8.946963590539491,0.33446147570215157,-35.72871398925781,7.8339807987213135,50.14363479614257,32.1356571936284,49.80917332044042,59.276084639018414
seq06,test,4,1788536507.5362682,-3.6318889960024707,8.862481157455472,0.3276112226450729,-35.778186798095696,7.7213568687438965,50.13270950317382,32.16654515211653,49.805098280528746,59.28941256039124
seq06,test,5,1788536507.721198,-3.644726194926601,8.793749325845075,0.32173813974439414,-35.827274322509766,7.608910322189331,50.12106704711913,32.20435137444614,49.799328907374736,59.30508753111894
seq06,test,6,1788536507.900437,-3.6609872709965896,8.714825287226525,0.31983618945890124,-35.875965118408196,7.496655941009523,50.10871124267578,32.23800139998264,49.78887505321688,59.31459190899086
seq06,test,7,1788536508.07636,-3.67293295726739,8.649950567208462,0.319788560826604,-35.924251556396484,7.384619832038879,50.09563446044922,32.27613070446789,49.77584589962262,59.324391680613736
seq06,test,8,1788536508.255645,-3.6910814578569027,8.559406552559514,0.3197887275786462,-35.97213363647461,7.272820711135864,50.08185577392578,32.30668093268002,49.762067046347134,59.329461059503465
seq06,test,9,1788536508.431411,-3.710813937855991,8.458988562938336,0.3197651800716328,-36.01960754394531,7.161280512809753,50.06736373901367,32.33484483439262,49.74759855894204,59.33267019817917
seq06,test,10,1788536508.6064231,-3.727480747042724,8.364762650481522,0.3197355906021564,-36.0666618347168,7.050018906593323,50.05217361450195,32.36589539211714,49.732438023899796,59.33689051791056
seq06,test,11,1788536508.786976,-3.7282354688043453,8.334592257581026,0.3198038219668822,-36.1132926940918,6.939059495925903,50.03628921508789,32.415111339836486,49.71648539312101,59.3503863763195
seq06,test,12,1788536508.961373,-3.7444675264386618,8.235320183957185,0.3197456507900205,-36.15949630737304,6.828421354293823,50.01970291137695,32.44554599919243,49.699957260586935,59.35317351995494
seq06,test,13,1788536509.146528,-3.7510941011135044,8.178773326177275,0.3197540273889419,-36.205268859863274,6.718124508857727,50.00242614746094,32.48702747619437,49.682672120072,59.361392025706294
seq06,test,14,1788536509.3261862,-3.7665218236301503,8.071960446179878,0.31974817316073323,-36.250598907470696,6.608192086219788,49.98446273803711,32.517039868360015,49.66471456487638,59.36279773234377
seq06,test,15,1788536509.4971652,-3.7758091905661924,7.996216209061755,0.3197547986244047,-36.29548645019531,6.498642683029175,49.9658203125,32.554141603432164,49.6460655138756,59.367532848724146
seq06,test,16,1788536509.6722822,-3.7847227043549942,7.918420533181819,0.3197291175777217,-36.339927673339844,6.389498233795166,49.94649887084961,32.59108733948866,49.62676975327189,59.37167043392361
seq06,test,17,1788536509.865703,-3.786451626102213,7.891546977087176,0.31978399032680427,-36.38391494750976,6.280777931213379,49.92650604248047,32.63723627866881,49.606722052153664,59.38026662679517
seq06,test,18,1788536510.040909,-3.8003995518580953,7.759987202786684,0.31974505719141755,-36.42744445800781,6.172504663467407,49.90584945678711,32.665641890533145,49.58610439959569,59.3786654417911
seq06,test,19,1788536510.2186782,-3.8065512633159684,7.691974248900253,0.31974739944401476,-36.47051239013672,6.0646960735321045,49.884521484375,32.70447050105668,49.56477408493099,59.38222984062432
seq06,test,20,1788536510.387325,-3.811293454881732,7.6352593592106075,0.3197437337144935,-36.520051843537644,5.986595563239265,49.86059466076339,32.750281947482755,49.54085092704889,59.38751449770984
seq06,test,21,1788536510.5578132,-3.8156650376546963,7.5841539250323695,0.3197581757496466,-36.555240631103516,5.850557804107666,49.83990478515625,32.78544136578971,49.5201466094066,59.389646284236775
seq06,test,22,1788536510.7256691,-3.8207410013305467,7.519317284004752,0.31977734210258446,-36.596893310546875,5.7442686557769775,49.81662368774414,32.82418251578431,49.49684634564156,59.391621934356785
seq06,test,23,1788536510.9018073,-3.8258788139917757,7.451681108577298,0.31977684880803103,-36.63806533813477,5.638525485992432,49.79270553588867,32.8622445643456,49.47292868708064,59.39274190238929
seq06,test,24,1788536511.0696042,-3.830751807419589,7.369675087536695,0.3197345734643311,-36.67875289916992,5.533349275588989,49.7681541442871,32.899289782778844,49.44841957082277,59.392840193607384
seq06,test,25,1788536511.240641,-3.8345167610667428,7.301852751808736,0.31974958656633445,-36.72366586646847,5.42742806224287,49.74026618276652,32.942519587824506,49.42051659620019,59.39357757728945
seq06,test,26,1788536511.411984,-3.8378880832377296,7.234960105559729,0.3197680086135788,-36.7586555480957,5.324772596359253,49.7171630859375,32.9761390522838,49.39739507732392,59.39299947991162
seq06,test,27,1788536511.5912552,-3.840176043801415,7.151810641286736,0.31973046317470666,-36.79785919189453,5.221413135528564,49.69073486328125,33.01416836784381,49.37100440010654,59.3921828904754
seq06,test,28,1788536511.7764502,-3.841008132141772,7.065451786156246,0.3197408889755291,-36.836570739746094,5.118698835372925,49.66370391845703,33.05294236287777,49.3439630294815,59.39127618008016
seq06,test,29,1788536511.950504,-3.9212749968253644,7.062701809886121,0.3269334604927243,-36.87477111816406,5.01664662361145,49.63606643676758,33.01695395466344,49.30913297627485,59.34231073455366
seq06,test,30,1788536512.125823,-3.941755181666955,7.017740552351232,0.3254980469425106,-36.9124641418457,4.915277719497681,49.607837677001946,33.037675452433724,49.28233963005943,59.33158516939244
seq06,test,31,1788536512.3019161,-3.955723351808007,6.919423749013818,0.3247020066264108,-36.94964599609375,4.814611911773682,49.57901382446289,33.06099158112621,49.25431181783648,59.321298004814125
seq06,test,32,1788536512.470153,-3.9753249519224845,6.849886482100051,0.325362741618781,-36.99144301184966,4.7660634483657205,49.54982092133715,33.0818132843859,49.22445817971837,59.308124681782125
seq06,test,33,1788536512.6490602,-3.9851155395685125,6.7902413500078405,0.32465012722129405,-37.022457122802734,4.615459442138672,49.51963424682617,33.10884496979761,49.194984119604875,59.29875275047755
seq06,test,34,1788536512.820707,-3.9980839885018633,6.719357357072247,0.32537838291588916,-37.05808258056641,4.517011642456056,49.48908996582031,33.133273812800304,49.163711582904426,59.2864602600038
seq06,test,35,1788536513.003607,-4.003803101177953,6.650482404315851,0.32402040675330523,-37.09822707515113,4.4567921294542,49.45757297827428,33.16704954003466,49.13355257152097,59.280343820608266
seq06,test,36,1788536513.176011,-4.006683135879729,6.584759297680095,0.3240657891359693,-37.127750396728516,4.322461843490601,49.426326751708984,33.19823920434489,49.10226096257301,59.27187459415742
seq06,test,37,1788536513.344108,-4.010131984071574,6.53422592530804,0.3244234154603256,-37.16178512573242,4.226398229598999,49.39413070678711,33.23188491040003,49.069707291326786,59.26376927225067
seq06,test,38,1788536513.516607,-3.9989183223981333,6.497161638793241,0.33270581623132345,-37.20200157949683,4.162368012971069,49.359568579837834,33.285071714704294,49.02686276360651,59.258157847629
seq06,test,39,1788536513.6787171,-3.995168235526686,6.445489114353319,0.3385342714075372,-37.22825241088867,4.036779165267944,49.328125,33.320260614609815,48.98959072859246,59.247107669324336
seq06,test,40,1788536513.851718,-3.9907712935354795,6.378388341788506,0.34271977097741013,-37.260677337646484,3.9432597160339355,49.294334411621094,33.3589043526304,48.95161464064368,59.237463446150564
seq06,test,41,1788536514.026002,-3.988681107148672,6.3207072740354615,0.3431335854227133,-37.29255676269531,3.8506238460540763,49.26003646850586,33.39535066175081,48.91690288308315,59.229324101278486
seq06,test,42,1788536514.195991,-3.9832672291773146,6.24010708757484,0.3434001355761993,-37.323894500732415,3.7588887214660636,49.22523498535156,33.43282625565896,48.881834849775366,59.22151340283185
seq06,test,43,1788536514.3832562,-3.977367129427888,6.182559556648813,0.34167968587609754,-37.35467529296874,3.6680707931518564,49.18994140625,33.471889011314005,48.848261720373905,59.215876478254295
seq06,test,44,1788536514.563165,-3.9754573183391986,6.146891003550518,0.34164879396999304,-37.384910583496094,3.5781874656677237,49.15415954589844,33.5080558275504,48.81251075192844,59.206849360942726
seq06,test,45,1788536514.7299452,-3.964506510402087,6.067787534814984,0.3397881454059941,-37.41787414314988,3.474084328359355,49.115017561790516,33.55376435357076,48.77522941638452,59.20201100398447
seq06,test,46,1788536514.9000962,-3.9584551072767815,6.026175889547056,0.33935880008786734,-37.44371795654297,3.401289701461793,49.08116912841797,33.58798677481053,48.741810328330104,59.19389267202955
seq06,test,47,1788536515.0684211,-3.950335662635928,5.965207971793363,0.33939312682481604,-37.472286224365234,3.3143086433410645,49.043983459472656,33.6266031099279,48.70459033264784,59.18518020741059
seq06,test,48,1788536515.233191,-3.941904242602371,5.898732469209184,0.33804393046351766,-37.500293731689446,3.2283267974853525,49.00634765625,33.66447046297988,48.66830372578648,59.17685661724731
seq06,test,49,1788536515.396765,-3.9300544529656825,5.842243276489611,0.33544432923817613,-37.52773666381836,3.1433610916137704,48.96826934814453,33.705907716441736,48.63282501890635,59.171275838102815
seq06,test,50,1788536515.5651722,-3.92327563460651,5.805843701127238,0.33358958272161643,-37.55461883544922,3.059426784515378,48.92975997924805,33.743296391620085,48.59617039652643,59.16246976404005
seq06,test,51,1788536515.7246542,-3.908337398608904,5.726695228471435,0.3303794098030899,-37.58093261718749,2.976539134979248,48.89082717895508,33.78471588296716,48.56044776915199,59.15677573053954
seq06,test,52,1788536515.9003873,-3.9005231721154368,5.684736794661823,0.32788883700598137,-37.60668182373046,2.894712924957277,48.85149002075195,33.82143350364328,48.523601183745974,59.14752096310206
seq06,test,53,1788536516.067239,-3.8873102130674724,5.60438835339293,0.3229275470823745,-37.63186264038086,2.8139634132385263,48.81174087524414,33.859729618919545,48.48881332816177,59.140902156119125
seq06,test,54,1788536516.2361753,-3.8813147754699435,5.554378795093055,0.3223970137973202,-37.656471252441406,2.7343063354492196,48.77159881591797,33.8926836311548,48.44920180212065,59.1273131385501
seq06,test,55,1788536516.396509,-3.874004413831991,5.512303658518671,0.32181995417548337,-37.68050765991211,2.655754089355468,48.7310791015625,33.92697359282599,48.40925914738702,59.11426146343356
seq06,test,56,1788536516.567244,-3.868321378276927,5.467824817035733,0.32201461892241623,-37.70034525713144,2.5603969228697423,48.690192321834076,33.95672211358388,48.36817770291166,59.09771223152041
seq06,test,57,1788536516.7405493,-3.8647511648858197,5.443248991394687,0.32163988146285516,-37.72686004638671,2.5020265579223624,48.648929595947266,33.98960440054845,48.32728971448441,59.083162901570304
seq06,test,58,1788536516.9192572,-3.8522025075582778,5.390057300715047,0.32061319099848085,-37.749176025390625,2.4268784523010263,48.60731887817383,34.02624343879759,48.28670568717535,59.071068965071284
seq06,test,59,1788536517.0970101,-3.8316443025618527,5.297662302687756,0.31969865331056924,-37.77091598510742,2.352891445159912,48.56536483764648,34.066784963435936,48.24566618433591,59.06090198528429
seq06,test,60,1788536517.2738671,-3.8296233090197376,5.290316815543532,0.31975322887335467,-37.79207229614258,2.280080318450927,48.52308654785156,34.095593043256336,48.20333331897821,59.04295731102791
seq06,test,61,1788536517.455521,-3.820684889879622,5.253437443411696,0.3197696133497969,-37.81265258789062,2.2084579467773438,48.480476379394524,34.1280788811434,48.160706766044726,59.026938293651085
seq06,test,62,1788536517.628225,-3.814333108541168,5.2311092859682065,0.3197817375698844,-37.832656860351555,2.138036251068116,48.43756103515625,34.158651198228135,48.11777929758637,59.00961054110969
seq06,test,63,1788536517.802813,-3.800355622148936,5.178606975779916,0.3197672256435362,-37.85207748413086,2.06882905960083,48.394344329833984,34.1934274452523,48.074577104190446,58.994537409835544
seq06,test,64,1788536517.9852831,-3.782297396524674,5.112663601937866,0.3197295443953394,-37.87091827392578,2.000847816467285,48.35083770751953,34.23035890559564,48.031108163124195,58.98054613331099
seq06,test,65,1788536518.1560802,-3.7766246374332004,5.103373408804243,0.31976401299120516,-37.889183044433594,1.9341044425964355,48.30705642700195,34.2594644857619,47.987292414010746,58.9617769413283
seq06,test,66,1788536518.337727,-3.7635647891446764,5.065793522482407,0.31976205379207423,-37.906856536865234,1.868612289428711,48.262996673583984,34.29265721997864,47.94323461979191,58.94522953569158
seq06,test,67,1788536518.517281,-3.7438895013755618,5.004622814678142,0.31974645609021946,-37.923954010009766,1.8043818473815918,48.21868896484374,34.32955508105455,47.89894250875352,58.93069697127324
seq06,test,68,1788536518.69799,-3.734794141169232,4.990545151386394,0.31975674176660873,-37.94047164916992,1.741424560546875,48.174129486083984,34.359644328705755,47.854372744317374,58.91202041304667
seq06,test,69,1788536518.880211,-3.7218927686321943,4.963923899408865,0.3197546035780814,-37.95640563964843,1.679751396179201,48.12934112548828,34.39168010648427,47.8095865219102,58.89434797960465
seq06,test,70,1788536519.0616672,-3.6962196260837645,4.889967863947573,0.31972992959238344,-37.971755981445305,1.619372844696045,48.08432006835937,34.431223972256106,47.764590138766984,58.88094135925528
seq06,test,71,1788536519.236785,-3.689625534513145,4.895279583739628,0.31976696956394335,-37.986526489257805,1.560300827026369,48.03908920288086,34.45866361899854,47.719322233316916,58.8602855312003
seq06,test,72,1788536519.438028,-3.676171348810037,4.876282214145469,0.3197899654950349,-38.000713348388665,1.50254440307617,47.993656158447266,34.489944770884684,47.67386619295223,58.84176924670255
seq06,test,73,1788536519.638928,-3.659296808245994,4.8471286329712475,0.3197712664190171,-38.0143165588379,1.446113586425783,47.94803237915039,34.5229530227411,47.62826111273137,58.82419180943252
seq06,test,74,1788536519.8139563,-3.6425659096213834,4.821838203277283,0.3197460023206016,-38.027339935302734,1.3910179138183612,47.902229309082024,34.55550915057878,47.582483306761425,58.8062575776929
seq06,test,75,1788536519.9893582,-3.621166782565781,4.782273521773002,0.31973186688581023,-38.0325390672171,1.3073891219025882,47.85592140960377,34.586375411501734,47.53618954271796,58.78696012166763
seq06,test,76,1788536520.184103,-3.6047984748920103,4.765059694644995,0.31975618556951413,-38.05164337158203,1.2848730087280291,47.81013107299804,34.622201297801,47.49037488742852,58.77101776942403
seq06,test,77,1788536520.3716722,-3.5789381613213322,4.715715578464069,0.3197272045075594,-38.06292724609375,1.2338395118713361,47.76385498046874,34.65932723152333,47.444127775961185,58.7555463302278
seq06,test,78,1788536520.5621672,-3.568414840362303,4.7263373093212255,0.31978013086463,-38.073631286621094,1.1841793060302752,47.71744918823242,34.6865513610599,47.39766905736779,58.73411170176328
seq06,test,79,1788536520.751611,-3.5353584315865576,4.657471938754763,0.3197339639702199,-38.08375549316406,1.1358985900878888,47.67091751098633,34.72741306769708,47.351183547016106,58.72076124913289
seq06,test,80,1788536520.942397,-3.5246074418617215,4.673066315859912,0.31975929961867555,-38.09329986572266,1.089005470275879,47.62427520751953,34.75399240433176,47.30451590790086,58.69886892710281
seq06,test,81,1788536521.1298442,-3.4942556060200296,4.620949488968628,0.319725612290912,-38.10226821899413,1.0435094833374023,47.57753372192383,34.79242179000573,47.25780810963292,58.684010099349486
seq06,test,82,1788536521.3063731,-3.473662291233085,4.607061922251987,0.31966964218048366,-38.11066436767578,0.9994149208068865,47.53070068359375,34.82437407521536,47.211031041413264,58.66530901413388
seq06,test,83,1788536521.4840162,-3.4613717491498988,4.625627632952714,0.3197833066404847,-38.11848068237305,0.9567322731018102,47.48379898071288,34.85076746315397,47.1640156740724,58.64316130014632
seq06,test,84,1788536521.658803,-3.437653914632841,4.606532825661885,0.3197920194766122,-38.12572479248046,0.9154672622680646,47.436824798583984,34.8838963738263,47.11703277910737,58.625088521275
seq06,test,85,1788536521.834704,-3.405793679905254,4.562214182549988,0.31973649351864686,-38.13240051269531,0.8756251335144061,47.38979721069336,34.9217433833944,47.07006071717471,58.609886340566845
seq06,test,86,1788536522.0082362,-3.3910217569913996,4.580447392630347,0.3197659968390225,-38.13850021362304,0.8372135162353533,47.34273147583008,34.94852012528529,47.022965478991054,58.588039234863075
seq06,test,87,1788536522.1853762,-3.3574395290909216,4.536576400564356,0.31973674297360977,-38.1440315246582,0.8002386093139648,47.29563522338867,34.986671787359136,46.97589848041506,58.573050465198186
seq06,test,88,1788536522.365052,-3.3393600779400434,4.549071503484692,0.3197576387332599,-38.148994445800774,0.7647051811218262,47.248516082763665,35.014740799925754,46.92875844403041,58.55203192361594
seq06,test,89,1788536522.5406773,-3.316686840449986,4.548521470073811,0.31972760849279935,-38.15339660644531,0.7306194305419904,47.201396942138665,35.04529530912324,46.88166933364587,58.53258616200865
seq06,test,90,1788536522.719537,-3.2787865275897974,4.499408129889521,0.3196937667358295,-38.1572265625,0.6979856491088867,47.15427780151367,35.08498813091165,46.83458403477784,58.518669276196626
seq06,test,91,1788536522.904705,-3.262455572538352,4.526313635190029,0.3197860650454081,-38.16049575805665,0.6668086051940918,47.10717010498046,35.11081012831538,46.787384039935056,58.496395557051066
seq06,test,92,1788536523.0777571,-3.2328525964771204,4.511160243154935,0.31975215581633454,-38.163204193115234,0.6370930671691895,47.060096740722656,35.14452815373694,46.740344584906325,58.47903616737019
seq06,test,93,1788536523.246113,-3.1992411337321265,4.485649156799162,0.3197238626322678,-38.16535568237305,0.6088452339172363,47.0130615234375,35.18037485992937,46.693337660805234,58.463035819149205
seq06,test,94,1788536523.42535,-3.1845461522909373,4.526027784885126,0.3197851136333145,-38.16694641113281,0.5820651054382306,46.96607971191406,35.20402206405811,46.64629459828075,58.4397122617513
seq06,test,95,1788536523.6039062,-3.154181951979931,4.516944918555719,0.3197709666961446,-38.16798400878906,0.5567598342895508,46.91915512084961,35.237045851987304,46.59938415415346,58.42218759958775
seq06,test,96,1788536523.78246,-3.1260075998544825,4.5180001673505945,0.3197744306288941,-38.1684684753418,0.5329298973083514,46.872314453125,35.26832643133544,46.5525400224961,58.403714195360344
seq06,test,97,1788536523.956306,-3.0953758401685745,4.513764553805164,0.31977031388911015,-38.16840362548828,0.5105805397033709,46.82554626464844,35.300747304845665,46.50577595075933,58.386042485021996
seq06,test,98,1788536524.1326451,-3.0609636477503983,4.499941198747423,0.3197345564795715,-38.16778564453125,0.48971319198608754,46.77888488769531,35.33512246165094,46.45915033121574,58.36971414079713
seq06,test,99,1788536524.33049,-3.032364344050345,4.508012036381136,0.31976709407608617,-38.166622161865234,0.470331192016598,46.73232650756836,35.36550493078864,46.412559413492275,58.35104635154871
seq06,test,100,1788536524.507384,-2.994525317772281,4.48861081042415,0.31973187233637024,-38.16491699218751,0.45243406295776545,46.68589401245117,35.401231239443696,46.3661621401148,58.335822312469205
seq06,test,101,1788536524.6791592,-2.9743681167633156,4.5296133233657585,0.31976500734910496,-38.16267395019531,0.43602609634399236,46.63959503173828,35.4256167739163,46.31983002438918,58.313814635133284
seq06,test,102,1788536524.841344,-2.9435483420578974,4.538482953124294,0.3197698999596734,-38.15988540649413,0.4211082458496094,46.59343338012695,35.45621483909543,46.27366348016728,58.29575544232923
seq06,test,103,1788536525.0117152,-2.9080706600757877,4.534927893044099,0.3197615465061814,-38.15656661987304,0.4076805114746094,46.54742431640625,35.48930315428179,46.22766276990007,58.2793912420516
seq06,test,104,1788536525.182851,-2.881800280222481,4.563927983853599,0.3197721090841117,-38.15270996093749,0.39574527740478516,46.5015869140625,35.51634576894835,46.18181480497839,58.259512832333364
seq06,test,105,1788536525.3550553,-2.851548060517465,4.5826249080722805,0.3197737827112519,-38.1483268737793,0.3853011131286621,46.455921173095696,35.54546555655066,46.136147390384444,58.24108702333093
seq06,test,106,1788536525.528984,-2.8083226083886808,4.561964448345487,0.31975271200500854,-38.14341354370117,0.37635040283203125,46.41044998168945,35.58213057624294,46.09069726968445,58.22748827787869
seq06,test,107,1788536525.70771,-2.7759524968566347,4.579068479984821,0.3197598755160953,-38.13797760009765,0.36889171600341797,46.36517333984374,35.61177344343043,46.045413464327645,58.209780182432425
seq06,test,108,1788536525.8924422,-2.7443417231635188,4.601196129187944,0.31979950424667214,-38.13201904296874,0.3629245758056623,46.32011032104492,35.64057591918046,46.00031081679825,58.191745523681554
seq06,test,109,1788536526.0808752,-2.706523671567588,4.6058312290888885,0.31976184163697585,-38.12554168701172,0.35844850540161133,46.275272369384766,35.67277809730878,45.95551052774779,58.17607794485437
seq06,test,110,1788536526.2727811,-2.6735471039229184,4.628672854518513,0.31976578431268377,-38.11855316162109,0.3554639816284162,46.23066329956055,35.70166338564082,45.91089751524786,58.158570126484356
seq06,test,111,1788536526.447364,-2.631837778522186,4.625765498349445,0.31971701471840364,-38.111045837402344,0.35396718978881836,46.18629837036133,35.7354510993541,45.86658135564292,58.14435269678509
seq06,test,112,1788536526.6372423,-2.6050729821669107,4.673727117494189,0.31978452662799084,-38.103031158447266,0.35395669937133967,46.14219284057617,35.75983013312897,45.82240831394818,58.12450907182293
seq06,test,113,1788536526.798826,-2.5648615896796634,4.680654439123848,0.3197724687670862,-38.08982951886327,0.34035338875890453,46.098453516884724,35.789126275690535,45.77868104811764,58.108082037549714
seq06,test,114,1788536526.9774222,-2.530345143212971,4.708493909357954,0.3197864944855191,-38.08549499511719,0.35839176177978693,46.05478286743164,35.82027456184177,45.73499637294612,58.092873598395215
seq06,test,115,1788536527.168867,-2.4905755129216556,4.721735653845558,0.31975563124753315,-38.07597732543945,0.3628301620483363,46.01150131225586,35.851372069207684,45.69174568100833,58.078020822189764
seq06,test,116,1788536527.3608222,-2.453589683947837,4.746415546713297,0.3197622657299619,-38.065959930419915,0.36874580383300604,45.96852111816406,35.88042512219635,45.6487588524341,58.06215713971726
seq06,test,117,1788536527.5254552,-2.416200809951789,4.77219098295178,0.31977354150530846,-38.05545425415039,0.37613677978515625,45.92584991455078,35.90935363685903,45.606076373045475,58.046497575315065
seq06,test,118,1788536527.7201862,-2.3729546043005656,4.781169517723966,0.31977592878549665,-38.044464111328125,0.3849973678588885,45.88349914550781,35.94138172192615,45.563723216722316,58.033057764099304
seq06,test,119,1788536527.8895671,-2.342718965128204,4.835130445256099,0.3197781946047691,-38.03298568725586,0.3953256607055682,45.84148025512695,35.96535840529787,45.52170206052219,58.01493224772808
seq06,test,120,1788536528.0588412,-2.301416055065092,4.855174747481213,0.3197795670606076,-38.021026611328125,0.4071168899536115,45.7997932434082,35.99549689884848,45.480013676347596,58.00092620808546
seq06,test,121,1788536528.228872,-2.2634505017365814,4.888493355854505,0.3197751492641434,-38.008594512939446,0.4203662872314453,45.758460998535156,36.02331855733164,45.43868584927101,57.98580560440405
seq06,test,122,1788536528.4025743,-2.2133100036000894,4.883807614251961,0.31970618741730816,-37.99568939208985,0.43506860733032227,45.71748733520508,36.05786950796626,45.39778114778777,57.975240289247246
seq06,test,123,1788536528.5920992,-2.179586654871287,4.935667192901695,0.31974303358828293,-37.98231506347656,0.45122098922729315,45.67688751220703,36.08248355163487,45.35714447861875,57.958745453195384
seq06,test,124,1788536528.766226,-2.133732837477941,4.949426978949138,0.3197522283245884,-37.968475341796875,0.46881675720214844,45.63666915893554,36.11377352631632,45.31691693061095,57.946765210889545
seq06,test,125,1788536528.934698,-2.1020947561028587,5.012964867247008,0.3197700702168178,-37.95417404174805,0.4878501892089826,45.596839904785156,36.13652241090146,45.27706983456834,57.92979634659492
seq06,test,126,1788536529.1154492,-2.060982131100495,5.0470726631363965,0.31977323568353433,-37.93941879272461,0.5083155632019025,45.557411193847656,36.164382108566144,45.23763795816412,57.91637438003445
seq06,test,127,1788536529.286595,-2.0211112108819287,5.087548335782868,0.3197780082690107,-37.92420959472656,0.5302066802978516,45.5183982849121,36.19118451397862,45.19862027664309,57.90265202421231
seq06,test,128,1788536529.4568071,-1.976634709509459,5.114543113794293,0.31975925914055336,-37.90855407714844,0.5535182952880877,45.479793548583984,36.22023987824402,45.16003428944343,57.890711464459
seq06,test,129,1788536529.6321921,-1.9351569765497676,5.153824528306365,0.3197460692995915,-37.89245223999023,0.5782413482666016,45.44162368774414,36.24724877973086,45.12187761844455,57.8778617773116
seq06,test,130,1788536529.8087523,-1.8936342415896428,5.195018923726122,0.3197700655657625,-37.875911712646484,0.6043701171874982,45.4038963317871,36.27393483576188,45.08412626622134,57.865160413306455
seq06,test,131,1788536529.98053,-1.8553116170917003,5.249478149018622,0.31975012366691624,-37.85893630981445,0.6318974494934082,45.36661148071288,36.29852672672905,45.04686135704597,57.851557979470044
seq06,test,132,1788536530.1497862,-1.80866495857124,5.277151599954293,0.319738780425711,-37.84153366088867,0.6608152389526367,45.32978820800781,36.327375191669894,45.0100494275821,57.841012593053186
seq06,test,133,1788536530.3259852,-1.7653825030616812,5.318375847695537,0.31976325268708794,-37.82369995117187,0.6911163330078125,45.293426513671875,36.354006489037154,44.973663260984786,57.829440382191216
seq06,test,134,1788536530.500519,-1.7196495112454597,5.35293848377799,0.3197859968878123,-37.80544662475586,0.7227907180786115,45.257549285888665,36.38163027751295,44.937763289000856,57.81890340596161
seq06,test,135,1788536530.6755142,-1.6762330065039703,5.397636521691359,0.31976963567069716,-37.786773681640625,0.7558312416076642,45.22214889526367,36.40765721807587,44.902379259592976,57.80779503908826
seq06,test,136,1788536530.883438,-1.6343078196036824,5.44964732550313,0.31975883574634034,-37.76769256591796,0.7902297973632812,45.18724060058594,36.43256324947113,44.867481764839596,57.796389029462105
seq06,test,137,1788536531.042624,-1.5892300123724838,5.492263343470418,0.31977483060218237,-37.748199462890625,0.8259758949279803,45.15283584594726,36.458816632961764,44.83306101534507,57.78623253233925
seq06,test,138,1788536531.2119281,-1.5440201423999915,5.536226035240939,0.3197716631426708,-37.72830581665039,0.8630619049072283,45.118938446044915,36.484804956924194,44.79916678290225,57.7763475583832
seq06,test,139,1788536531.3718963,-1.5003296714601935,5.587607234557325,0.3197594859134787,-37.708011627197266,0.9014763832092285,45.08556365966797,36.50967070467446,44.76580417375449,57.7661949438138
seq06,test,140,1788536531.535165,-1.4544557973596963,5.632718486046513,0.31977721495897615,-37.68732452392579,0.9412112236022949,45.05271530151367,36.53533928335876,44.7329380865547,57.756962925743196
seq06,test,141,1788536531.6944852,-1.4094609731944607,5.682988859134164,0.31972549056059774,-37.6662483215332,0.9822545051574725,45.02040100097656,36.56024524383436,44.70067551041596,57.747743881270495
seq06,test,142,1788536531.8492749,-1.3655844817993086,5.73910399966925,0.3197479591443271,-37.64478302001953,1.0245976448059082,44.98862838745117,36.58424273844748,44.66888042830684,57.73833817719403
seq06,test,143,1788536532.015378,-1.322260232494717,5.799118933656498,0.3197975659023151,-37.62294387817383,1.0682287216186506,44.95740509033203,36.607662522237476,44.63760752442972,57.72899584131925
seq06,test,144,1788536532.1722083,-1.2765988135287438,5.852178764713411,0.31977182891393285,-37.600730895996094,1.1131372451782244,44.92674255371094,36.631968088930364,44.606970724797,57.720732179272545
seq06,test,145,1788536532.3285031,-1.2300516284408864,5.903363024849486,0.3197785174955097,-37.57814025878906,1.1593122482299805,44.89664459228515,36.656371408675874,44.57686607478964,57.71296694764983
seq06,test,146,1788536532.491028,-1.1836405380662396,5.956674061921523,0.3197822766725633,-37.555191040039055,1.206742286682129,44.86711883544921,36.68039718687609,44.54733655877665,57.705430699960175
seq06,test,147,1788536532.667315,-1.13442387273888,6.000445357883007,0.31976179027600526,-37.52823526516377,1.2416485996662132,44.83839127789442,36.7036190893134,44.51862948761841,57.698041784009085
seq06,test,148,1788536532.836075,-1.0891815063544963,6.061409972986418,0.31977319747694355,-37.50822067260742,1.3053195476531982,44.809818267822266,36.728283514575125,44.490045070345325,57.6916884853301
seq06,test,149,1788536533.00872,-1.0420293440859592,6.11632676470851,0.3197590420931784,-37.48420333862305,1.3564422130584735,44.782058715820305,36.7517148769027,44.462299673727124,57.685220279283556
seq06,test,150,1788536533.1764722,-0.9986616265956767,6.188290084868762,0.31977850884948,-37.459842681884766,1.4087724685668963,44.75489807128906,36.77310855218949,44.43511956243958,57.67791053011033
seq06,test,151,1788536533.34447,-0.9479204606447413,6.231328901412227,0.31976578364788977,-37.4318896924352,1.4494491187175669,44.728548196624295,36.796010451710345,44.40878241297641,57.67223197142156
seq06,test,152,1788536533.512236,-0.9045775740815774,6.306643045821095,0.31977748528073713,-37.410110473632805,1.517000913619997,44.70241165161133,36.81840034595166,44.38263416633059,57.666392461962694
seq06,test,153,1788536533.6847842,-0.8532307881050077,6.349455908374974,0.319764944815796,-37.38475036621094,1.5728735923767108,44.677093505859375,36.842470890360275,44.35732856104358,57.662294945479026
seq06,test,154,1788536533.857256,-0.8086728204690735,6.422627100897078,0.3197758714948642,-37.35906219482421,1.62990140914917,44.65240478515625,36.86327688870475,44.33262891366139,57.65659692844974
seq06,test,155,1788536534.0336342,-0.7544130270667894,6.454597475575317,0.3197588500057058,-37.33305740356445,1.6880698204040527,44.628353118896484,36.88789788412721,44.30859426889078,57.653868355861235
seq06,test,156,1788536534.2063622,-0.7133369634050039,6.546001900194627,0.3197838097922512,-37.30673599243164,1.7473657131195086,44.60493469238281,36.90668993222603,44.285150882590564,57.647882445474835
seq06,test,157,1788536534.3804622,-0.6597033985862767,6.582501589518924,0.31976320582700235,-37.28010940551758,1.8077733516693115,44.58216857910156,36.93036915409605,44.26240537327456,57.64557828043616
seq06,test,158,1788536534.547261,-0.6179804751711848,6.67445563594138,0.3197594346934036,-37.253177642822266,1.8692805767059326,44.5600471496582,36.94898346182975,44.2402877149648,57.6405277210873
seq06,test,159,1788536534.714685,-0.5685726520850871,6.732393623952396,0.31975931984201367,-37.22594833374023,1.9318721294403076,44.53858184814453,36.970369195955755,44.21882252830252,57.63776942487268
seq06,test,160,1788536534.879189,-0.520656154365286,6.798253304099803,0.31975627664556994,-37.19842529296875,1.9955334663391113,44.51778030395508,36.99087545361306,44.19802402730951,57.63497371165655
seq06,test,161,1788536535.042613,-0.4741577824197343,6.872080134352935,0.31976248137531194,-37.17061614990234,2.0602490901947013,44.4976463317871,37.010590034663174,44.17788385041179,57.6321888896681
seq06,test,162,1788536535.2121441,-0.4198311327234975,6.908410099008865,0.319720662516088,-37.14252471923828,2.1260039806365967,44.47818374633789,37.03279131432167,44.1584630838218,57.63156682283895
seq06,test,163,1788536535.3845491,-0.37933449631591964,7.01423940198677,0.3197562756184562,-37.11415100097656,2.1927828788757324,44.45940017700195,37.049874313354124,44.139643901383494,57.628129853191304
seq06,test,164,1788536535.554696,-0.32804831093148235,7.0674995604530695,0.3196991919274135,-37.08551025390625,2.260570764541625,44.44129180908203,37.07044068982996,44.12159261715462,57.6275325518311
seq06,test,165,1788536535.7269692,-0.2753078869754323,7.112740570935743,0.3197023385119546,-37.05290465040273,2.31183457443176,44.424226647364854,37.08962553168374,44.1045243088529,57.62681135192822
seq06,test,166,1788536535.899718,-0.23350483970726477,7.216510234557675,0.31974395741880346,-37.02743911743164,2.3991084098815936,44.407142639160156,37.107963565438254,44.087398681741355,57.62551242719411
seq06,test,167,1788536536.0693572,-0.18615710976813193,7.292472635236012,0.3197652307090113,-36.99801254272461,2.4698266983032218,44.39111328125,37.126413969704934,44.07134805054099,57.62511894340718
seq06,test,168,1788536536.2338922,-0.1363584176861439,7.355673350731846,0.31976879637067745,-36.96834182739258,2.541489362716673,44.375770568847656,37.145273849621184,44.05600177247698,57.625538275488985
seq06,test,169,1788536536.3935733,-0.08880438804515448,7.431925626739912,0.31976635137588993,-36.93842315673829,2.6140797138214102,44.361133575439446,37.16323509382151,44.041367224063556,57.62593226667545
seq06,test,170,1788536536.5644643,-0.0379600898301125,7.489833036197882,0.31975727429212863,-36.908267974853516,2.6875815391540527,44.34720230102539,37.181732382680586,44.02744502673326,57.62722567119901
seq06,test,171,1788536536.732973,0.009164907062213753,7.569852500095763,0.3197471677076742,-36.877876281738274,2.7619760036468497,44.333984375,37.19905219315903,44.014237207292325,57.6283138831006
seq06,test,172,1788536536.898183,0.057364269660774084,7.643993707528628,0.31977644900490154,-36.847259521484375,2.8372504711151123,44.32147216796875,37.216341003741405,44.00169571896385,57.62989904425519
seq06,test,173,1788536537.0520253,0.10755867471089939,7.706173785159613,0.3197768560393779,-36.8164176940918,2.9133832454681405,44.30967712402344,37.233732985577156,43.98990026798406,57.63212817195319
seq06,test,174,1788536537.2157922,0.1584229011646802,7.763745311611223,0.31974519936160717,-36.78535842895507,2.99035930633545,44.29860305786133,37.25088177376567,43.97885785849972,57.63478230601023
seq06,test,175,1788536537.37974,0.20566842934292226,7.844604439976427,0.3197545190411877,-36.75408554077148,3.068159580230714,44.288246154785156,37.267114712968834,43.968491635743966,57.637367182688564
seq06,test,176,1788536537.541197,0.24998148249996444,7.9465826240822945,0.3197583946898608,-36.72261047363282,3.1467688083648673,44.278614044189446,37.28284818278033,43.95885564949958,57.64019221544796
seq06,test,177,1788536537.711399,0.30108280443029434,8.002491075269266,0.31974615599900513,-36.6909294128418,3.226166844367982,44.26970672607421,37.29909169190991,43.949960570075206,57.64391793721752
seq06,test,178,1788536537.874304,0.34945162170113603,8.076725862977018,0.3197561288302051,-36.65905380249023,3.306336998939514,44.26152801513672,37.3146899175986,43.94177188630651,57.647770123004165
seq06,test,179,1788536538.050497,0.39514869148953774,8.171151632056413,0.3197662746021219,-36.62698745727538,3.387260675430298,44.25408172607422,37.32993674924424,43.934315451472095,57.65195791898169
seq06,test,180,1788536538.2238212,0.4454521043939756,8.231046773037919,0.31975904897477214,-36.594734191894524,3.4689188003540057,44.24736404418945,37.34505675041848,43.92760499521468,57.656636602455286
seq06,test,181,1788536538.392884,0.49475254638865623,8.297296060615619,0.31975749408680376,-36.56230545043945,3.551293969154358,44.24138259887695,37.35973880037756,43.92162510479015,57.661592373764435
seq06,test,182,1788536538.5704052,0.5415196975684872,8.38343186206968,0.3197911904300843,-36.529705047607415,3.634367346763611,44.23613357543945,37.37417982883212,43.91634238500937,57.66692679825458
seq06,test,183,1788536538.7435071,0.5874946757826808,8.477265619041832,0.3197911845036452,-36.49692916870117,3.7181211709976196,44.23162078857422,37.38855369969093,43.911829604070576,57.67280751733525
seq06,test,184,1788536538.9154701,0.6362541877672693,8.547094617685257,0.31977123077110425,-36.46399307250977,3.8025341033935547,44.22784423828125,37.402395661875325,43.90807300751015,57.678922289518475
seq06,test,185,1788536539.1133962,0.6833414638439566,8.630653384059977,0.3197968586854145,-36.43089675903321,3.887590169906616,44.224807739257805,37.416083807875076,43.90501088057239,57.68546877629679
seq06,test,186,1788536539.308541,0.7315910645506345,8.702872085141717,0.3197941675377334,-36.39765167236329,3.973268508911133,44.22251510620117,37.429264168628386,43.902720938663435,57.69227610367896
seq06,test,187,1788536539.4817712,0.7821193614720023,8.750193806264706,0.3197591028575417,-36.36425781249999,4.059551239013672,44.220951080322266,37.44136034981495,43.90119197746473,57.6989611855093
seq06,test,188,1788536539.6808562,0.8262253213454553,8.86189777265869,0.31979040982988693,-36.33072280883789,4.146416664123536,44.22013473510742,37.45496704622883,43.90034432527754,57.70714676980673
seq06,test,189,1788536539.8488681,0.8766814745869702,8.905243071893272,0.31974206891940926,-36.29705047607422,4.233848452568054,44.22005844116211,37.4660950037373,43.9003163722427,57.71434875671794
seq06,test,190,1788536540.019864,0.9233499724445364,8.987434754631353,0.3197349000952767,-36.26324462890625,4.321826696395875,44.22071838378906,37.478136514483786,43.900983483693786,57.722673772390664
seq06,test,191,1788536540.198011,0.9682218734399813,9.091127412743617,0.31977517944519573,-36.229316711425774,4.410328626632692,44.222122192382805,37.49088894716467,43.90234701293761,57.7319913678112
seq06,test,192,1788536540.3689601,1.0167242031069004,9.14828144479687,0.3197503811490521,-36.19526672363282,4.499338507652282,44.22426223754883,37.50126583416333,43.90451185639978,57.74037669182056
seq06,test,193,1788536540.5364902,1.0604560955192117,9.267730401595655,0.31977307921054043,-36.16110229492187,4.5888344049453735,44.22714233398437,37.514483559826395,43.907369254773826,57.75113463504888
seq06,test,194,1788536540.702357,1.1077079526385183,9.338036032147564,0.3197628629022218,-36.1268310546875,4.67879593372345,44.23076248168945,37.52491723352426,43.91099961878723,57.76067261471233
seq06,test,195,1788536540.878824,1.1543227410917138,9.413525862856678,0.3197769613682857,-36.09245300292969,4.769206702709197,44.235122680664055,37.53521018705948,43.91534571929577,57.77066377870349
seq06,test,196,1788536541.044711,1.201758512846849,9.471059353438575,0.31973687905541115,-36.05797576904297,4.860043227672577,44.24021530151367,37.54396447458778,43.92047842245826,57.7802534896372
seq06,test,197,1788536541.206545,1.2474735099729426,9.553257609544836,0.31975103574310615,-36.02340316772461,4.951286226511002,44.24604415893555,37.55391309749759,43.926293123192444,57.79113787146802
seq06,test,198,1788536541.374166,1.2926047758801409,9.645174229648568,0.31977147240548454,-35.98874282836913,5.0429160594940186,44.252605438232415,37.56434026378764,43.93283396582693,57.802885392707985
seq06,test,199,1788536541.5358691,1.3377696241156818,9.734846896678567,0.3197886731597248,-35.954002380371094,5.134912997484207,44.25990295410156,37.57440154029843,43.940114280941835,57.8149573564991
seq06,test,200,1788536541.685008,1.3830780257597677,9.818485198620088,0.31978293092228993,-35.9191780090332,5.2272550612688065,44.26792526245117,37.58374248873269,43.948142331528885,57.82712956607558
seq06,test,201,1788536541.8471282,1.428975452312254,9.878736241817373,0.3197597564685395,-35.884281158447266,5.319924689829349,44.27667999267578,37.590715365192615,43.95692023620724,57.838332603207135
seq06,test,202,1788536542.016891,1.4735276408927314,9.970655832596258,0.31977541272801147,-35.849319458007805,5.412899322807789,44.28615951538086,37.60010718030505,43.966384102652846,57.85162911303736
seq06,test,203,1788536542.1817012,1.518226963525493,10.053258990140458,0.3197815042780643,-35.81429290771484,5.506158735603095,44.29636764526367,37.608418747155106,43.97658614098561,57.86478453495611
seq06,test,204,1788536542.3524,1.5633884421929907,10.1024025229132,0.3197321951773291,-35.779212951660156,5.599684715270996,44.307289123535156,37.613087436628504,43.987556928357826,57.87615667130102
seq06,test,205,1788536542.512546,1.6071334593186917,10.206024677713947,0.3197852140913673,-35.744075775146484,5.693454697728157,44.31893539428711,37.622813811583335,43.99915018019574,57.89128894471503
seq06,test,206,1788536542.6813781,1.6512206274849925,10.289026597566533,0.3197408636505288,-35.708892822265625,5.787449598312378,44.33129119873047,37.63033712921599,44.01155033507994,57.905602797619906
seq06,test,207,1788536542.862406,1.6950617932957557,10.360190970180138,0.31975899381514417,-35.673667907714844,5.881647437810898,44.344364166259766,37.63614368713296,44.02460517244462,57.919298789161424
seq06,test,208,1788536543.030205,1.7385855138279072,10.45370076969722,0.31975874663830917,-35.63840866088867,5.976028859615325,44.35814666748047,37.64424576573601,44.03838792084216,57.935039914871126
seq06,test,209,1788536543.204593,1.7818931093439272,10.522632348573746,0.31975796628692943,-35.603111267089844,6.07057249546051,44.37263488769531,37.64916186532809,44.052876921408384,57.94924809015584
seq06,test,210,1788536543.3715212,1.8249432688024838,10.605810637061895,0.3197596967231129,-35.56779098510742,6.165258467197418,44.387825012207024,37.65547873227501,44.06806531548391,57.96489850941319
seq06,test,211,1788536543.54598,1.8675538961525067,10.67355622591949,0.31976155327349787,-35.532249645677716,6.246174178155979,44.40393556077311,37.66094816602943,44.08417400749961,57.98069863918388
seq06,test,212,1788536543.710199,1.9102367018930135,10.765809502861188,0.3197705143879337,-35.49708557128906,6.354975700378418,44.420295715332024,37.66647334809603,44.10052520094409,57.99672005796477
seq06,test,213,1788536543.881137,1.9520453320404212,10.82619923922056,0.31977272555083935,-35.46171188354492,6.449965417385101,44.43757247924805,37.668828644519074,44.117799753697206,58.011386007899056
seq06,test,214,1788536544.046508,1.9941256073058855,10.912478904262938,0.3197586830191057,-35.42632675170899,6.545016169548035,44.45553207397461,37.674460652973195,44.13577339095551,58.028712533625985
seq06,test,215,1788536544.217657,2.0356566086471712,10.987861997428423,0.31975630176842285,-35.39094543457031,6.640105783939362,44.474178314208984,37.67828983105927,44.15442201244056,58.04538317425426
seq06,test,216,1788536544.392627,2.076349597464865,11.049957934586002,0.3197558821336366,-35.35556030273437,6.735214352607727,44.4934959411621,37.679767660574235,44.17374005902847,58.06103858662427
seq06,test,217,1788536544.575179,2.117324358191398,11.129052375118585,0.319753551041303,-35.32018661499023,6.830322861671448,44.51349639892578,37.68350173878319,44.19374284788448,58.078681202329456
seq06,test,218,1788536544.7475512,2.157901641241884,11.205358870770107,0.3197482361863986,-35.284820556640625,6.925409555435181,44.53415298461914,37.68654151988001,44.21440474843274,58.09637681463338
seq06,test,219,1788536544.915508,2.1983341134064185,11.285037122774778,0.3197756613467979,-35.24947357177734,7.020453691482544,44.55547714233398,37.689852377914136,44.23570148098718,58.11473356889775
seq06,test,220,1788536545.0863943,2.236850659486524,11.334904256635397,0.3197313891323901,-35.21414947509765,7.115435838699341,44.577461242675774,37.68794667809038,44.25772985354338,58.130267301981405
seq06,test,221,1788536545.260541,2.2770929974247234,11.422724559581974,0.31972728740541934,-35.17884826660156,7.210335731506348,44.60009765624999,37.692064889218834,44.28037036884457,58.150175886364536
seq06,test,222,1788536545.427107,2.318053795477592,11.523632697937366,0.3197402918495924,-35.143577575683594,7.305131554603577,44.62337112426758,37.698402842628184,44.30363083241799,58.17199740270446
seq06,test,223,1788536545.6030931,2.3558432440714276,11.580301941019489,0.3197267492210154,-35.108345031738274,7.399805307388306,44.647293090820305,37.69671013854019,44.32756634159929,58.18913208699718
seq06,test,224,1788536545.7788072,2.3943122135300823,11.653340716523498,0.31974370423547027,-35.073150634765625,7.4943366050720215,44.67184829711913,37.69758729000424,44.35210459288366,58.208395178922274
seq06,test,225,1788536545.9587731,2.4326183310321507,11.728343935335497,0.3197594248664708,-35.03799819946288,7.588704943656921,44.69703674316406,37.69859034707841,44.377277318297594,58.22822731581242
seq06,test,226,1788536546.1322472,2.4688037722090423,11.7813059479288,0.31972524251497547,-35.002899169921875,7.682889342308044,44.72283935546874,37.695166003833044,44.403114112953766,58.24570441658788
seq06,test,227,1788536546.30454,2.5072287392154387,11.865858719349017,0.31973899587748655,-34.96784973144531,7.776870489120483,44.749267578125,37.69749767728792,44.429528582247514,58.26735227526541
seq06,test,228,1788536546.472033,2.5441761863212857,11.936315392378088,0.3197375040918926,-34.93285751342773,7.870627284049988,44.77629470825195,37.69692128975951,44.45655720416006,58.28759175993704
seq06,test,229,1788536546.64415,2.581349520509238,12.012722036423478,0.3197502906190042,-34.89793014526367,7.9641430377960205,44.80392837524414,37.69731285082991,44.484178084625135,58.308914378832235
seq06,test,230,1788536546.8147192,2.617246693566824,12.079326769053,0.3197490458981902,-34.86306762695312,8.057396292686462,44.832160949707024,37.695488938621004,44.51241190380883,58.32927823842878
seq06,test,231,1788536546.9837263,2.6542027221322306,12.159342393076393,0.3197587710411032,-34.82827758789063,8.150366306304932,44.86098098754882,37.69626267225382,44.54122221650772,58.35176686267416
seq06,test,232,1788536547.152214,2.6891100854227488,12.2230699979741,0.31976719815575283,-34.79356384277343,8.243036150932312,44.890384674072266,37.693388203119596,44.570617475916514,58.37235181501213
seq06,test,233,1788536547.3256142,2.7254156764944133,12.302278731794598,0.3197783710927262,-34.75892639160156,8.335383296012878,44.92036437988281,37.693662062427094,44.60058600879009,58.39541447754214
seq06,test,234,1788536547.495462,2.7608443764293713,12.375945774575419,0.3197778195080354,-34.724376678466804,8.42738950252533,44.95090866088867,37.69261060430781,44.63113084138064,58.418068560578206
seq06,test,235,1788536547.6659143,2.7920201699866785,12.417658637187364,0.31974622930009966,-34.689910888671875,8.51903784275055,44.98201370239258,37.68413989976218,44.66226747309248,58.43639735492685
seq06,test,236,1788536547.836402,2.8251399980153096,12.47936485318315,0.31975036298552095,-34.655540466308594,8.610307693481445,45.01367187499999,37.67984887673769,44.69392151201447,58.457827803433645
seq06,test,237,1788536547.99205,2.85988819504208,12.555764937236402,0.31974373454139804,-34.62126541137695,8.70117747783661,45.04587173461914,37.67883650207555,44.72612800007774,58.481802691345614
seq06,test,238,1788536548.1535082,2.893065928231069,12.622646344343066,0.31978190077989943,-34.587093353271484,8.791632056236267,45.07861328124999,37.67544306630621,44.75883138047009,58.504632267777176
seq06,test,239,1788536548.3137932,2.925572015545835,12.686808500977795,0.31976104856473264,-34.55302047729492,8.881650924682617,45.111873626708984,37.671263841618796,44.79211257814425,58.52740784143788
seq06,test,240,1788536548.4784322,2.9568100917903077,12.744868761543565,0.3197889507237859,-34.52066400509442,8.958155158362192,45.145739875574506,37.66829256277996,44.82595092485072,58.55139742920155
seq06,test,241,1788536548.634694,2.988448295564473,12.80789050347771,0.3197678021441872,-34.48521041870117,9.060308158397675,45.17995834350586,37.66058245521985,44.860190541361675,58.572657155653175
seq06,test,242,1788536548.791026,3.020290934299774,12.87447388567476,0.31976923972375326,-34.451480865478516,9.14891117811203,45.214759826660156,37.656520010519316,44.8949905869364,58.59670365390659
seq06,test,243,1788536548.9643881,3.0507668505851315,12.934302187417735,0.31977671339310665,-34.41958929378631,9.224179073286415,45.25012790908464,37.65358685581025,44.930351195691536,58.62191622316884
seq06,test,244,1788536549.1272132,3.07717874469208,12.971174873629048,0.31974177375477186,-34.38663958444632,9.308478678612598,45.28589873333199,37.6424365207099,44.96615695957722,58.64220578157859
seq06,test,245,1788536549.288669,3.1112863232173367,13.057655234994966,0.3197725337997539,-34.35102462768555,9.411588668823242,45.322097778320305,37.639321768425816,45.00232524452055,58.6679454267891
seq06,test,246,1788536549.458677,3.139660260243483,13.110782922814632,0.31976095042027786,-34.31779861450196,9.498046636581421,45.35882568359375,37.63127806528915,45.039064733173475,58.69097410050461
seq06,test,247,1788536549.6309261,3.1688118386185815,13.170621801114875,0.31974607604053573,-34.284709930419915,9.583923339843748,45.39601516723633,37.6248680895485,45.07626909119579,58.715421602316866
seq06,test,248,1788536549.803698,3.195949423882047,13.220978094178232,0.3197381420096024,-34.251758575439446,9.669202893972397,45.433650970458984,37.61576719243201,45.11391282844938,58.738497360489006
seq06,test,249,1788536549.976653,3.225047928211891,13.284278268504362,0.31975158211012156,-34.21895217895508,9.753867194056511,45.47172927856445,37.61006442935327,45.15197769645433,58.764087981361655
seq06,test,250,1788536550.153856,3.251698934463474,13.33578120054545,0.3197472236576202,-34.18629455566406,9.837898701429367,45.51023864746093,37.601044381033546,45.19049142380331,58.787915881321176
seq06,test,251,1788536550.322772,3.2773702858669513,13.384088321005233,0.3197629303364662,-34.15378189086913,9.921281263232231,45.54916763305664,37.59098543530532,45.229404702720174,58.811403960114596
seq06,test,252,1788536550.49158,3.3044363809398503,13.44146597485572,0.31976335300862124,-34.12142944335938,10.003997325897217,45.58851623535156,37.583395581174166,45.268752882342945,58.83682189695203
seq06,test,253,1788536550.668836,3.3245137418837087,13.464848995490458,0.3197164118701561,-34.0892333984375,10.086032949388027,45.62826156616211,37.56600688060008,45.308545154291956,58.85634321763293
seq06,test,254,1788536550.837162,3.354983575107598,13.542715161777982,0.31976025388690865,-34.05719757080078,10.167366698384285,45.66839599609375,37.56413549309496,45.34863574220684,58.886017347269764
seq06,test,255,1788536551.0074892,3.3776303493494435,13.582664359169158,0.319723342372066,-34.02532958984375,10.24798583984375,45.708919525146484,37.55131812653374,45.38919618277442,58.90908778073656
seq06,test,256,1788536551.178059,3.4025522654657165,13.635625843868185,0.31973141399385563,-33.99362564086913,10.32787474989891,45.749813079833984,37.54218080109228,45.43008166584013,58.93477461963187
seq06,test,257,1788536551.350075,3.4262760566594994,13.684186329504586,0.31972442475860885,-33.96209716796875,10.407016366720201,45.79106903076172,37.531723852616665,45.47134460600311,58.959931102630726
seq06,test,258,1788536551.5246181,3.451580329011157,13.741612927617346,0.3197566798700118,-33.93074417114258,10.485393792390823,45.832679748535156,37.52387437474187,45.512923068665145,58.98700970845735
seq06,test,259,1788536551.6907961,3.4735026109025138,13.784600732811258,0.3197567330613338,-33.899566650390625,10.56299513578415,45.87463378906249,37.51166550064407,45.55487705600116,59.01162489052128
seq06,test,260,1788536551.868519,3.4920063099577767,13.81375767924694,0.31972365527315416,-33.868572235107415,10.639801979064941,45.91691970825195,37.495157340764734,45.5971960529788,59.03381329291281
seq06,test,261,1788536552.0397053,3.51674939798078,13.872480072949498,0.3197596659659969,-33.83776473999023,10.715802013874052,45.95952224731445,37.487655873000705,45.63976258134846,59.06193589220031
seq06,test,262,1788536552.216237,3.5364280991310246,13.909832786913613,0.3197401415550456,-33.80714416503906,10.790976285934448,46.00244140625,37.47358610171961,45.682701264694956,59.08619847445218
seq06,test,263,1788536552.3838592,3.5589970360918066,13.961103711213458,0.3197385845058722,-33.77671432495117,10.865314662456512,46.04565429687499,37.46383926761267,45.72591571236912,59.11343857706302
seq06,test,264,1788536552.564776,3.574292456177657,13.982465299069684,0.319698289792111,-33.74647903442383,10.938800513744354,46.08916091918945,37.444677592137474,45.76946262939734,59.13499462554235
seq06,test,265,1788536552.7602642,3.599786183070619,14.048553744285396,0.3197757899431719,-33.7164421081543,11.011420845985413,46.13294982910156,37.439618990111946,45.81317403915839,59.16563179470804
seq06,test,266,1788536552.9336693,3.613370015118578,14.065662228995375,0.3197305947409341,-33.68660736083984,11.083160400390625,46.177001953125,37.41902763841733,45.85727135838407,59.186763434412526
seq06,test,267,1788536553.116817,3.6333908829876815,14.11097723533716,0.31975824686656695,-33.65963595764399,11.142308787503087,46.22126622247833,37.410998961391556,45.90150797561176,59.2159714749694
seq06,test,268,1788536553.289128,3.6520115999733846,14.151493215118006,0.31975537522142994,-33.62754821777344,11.223946452140806,46.26586914062499,37.39433259538645,45.94611376540356,59.240032751491526
seq06,test,269,1788536553.457674,3.6711483376032468,14.195133992937985,0.3197594379424147,-33.59833145141601,11.29296338558197,46.31066131591797,37.38230487782042,45.99090187797555,59.26718968812248
seq06,test,270,1788536553.635476,3.6801560737092736,14.19978633797491,0.31973328877092677,-33.56932830810547,11.361048579216003,46.35567855834961,37.35749615236631,46.03594526957868,59.28651428139209
seq06,test,271,1788536553.8045373,3.703291838217462,14.261357964996222,0.31976409471589085,-33.5405387878418,11.42818796634674,46.40091323852538,37.35143600912603,46.08114914380949,59.317805744631606
seq06,test,272,1788536553.997462,3.7164989661990973,14.284886906659764,0.3197327556776959,-33.511966705322266,11.494368433952332,46.44633865356445,37.33290304278742,46.126605897886755,59.34146460326984
seq06,test,273,1788536554.173106,3.729625254244644,14.309484252702173,0.31972314719083306,-33.4836196899414,11.559578776359558,46.49196243286133,37.314709960078844,46.17223928567049,59.36550564139095
seq06,test,274,1788536554.372286,3.7456798877326216,14.34637359192587,0.3197697160937909,-33.45549392700195,11.623804450035097,46.53776931762695,37.30066642737726,46.217999601533165,59.39228235296055
seq06,test,275,1788536554.5485163,3.762303356210664,14.386110068502564,0.31972731471965266,-33.42759704589843,11.687038540840149,46.583740234375,37.28771485396004,46.26401291965535,59.419967775658286
seq06,test,276,1788536554.73858,3.772518203036473,14.40288955629855,0.3197220869868407,-33.39992904663086,11.74926459789276,46.62986755371094,37.267043885304,46.310145466724094,59.442931733708434
seq06,test,277,1788536554.9378803,3.784883613047572,14.428864920134032,0.3197730002058907,-33.372486114501946,11.810474872589111,46.67613983154297,37.24951129224242,46.35636683133708,59.46796479880898
seq06,test,278,1788536555.12708,3.788985145844366,14.425590287407838,0.31971807664298635,-33.345283508300774,11.870656251907349,46.722549438476555,37.22205792811548,46.40283136183357,59.48700996687218
seq06,test,279,1788536555.2927182,3.809570924485192,14.48342339482756,0.3197593331307953,-33.31831741333008,11.929799795150755,46.769081115722656,37.2156027213601,46.44932178259186,59.519245458732655
seq06,test,280,1788536555.487643,3.8196153559616497,14.503722957308808,0.3197869109379585,-33.29433525819391,11.977579927496047,46.81563896049524,37.19982162318859,46.495852049557286,59.54570502237227
seq06,test,281,1788536555.6654642,3.8281006056443885,14.519423048258258,0.31977509150984673,-33.26510238647461,12.044927835464478,46.86246490478515,37.17564841092466,46.5426898132753,59.567195752590585
seq06,test,282,1788536555.852081,3.8386571670307466,14.54344868977772,0.319767394394632,-33.241650355768805,12.090591335401559,46.909197580350344,37.16134705828493,46.58943018595571,59.59480447353061
seq06,test,283,1788536556.023964,3.848450996841474,14.56561630130263,0.31976572281579974,-33.21286773681641,12.155779600143433,46.95620346069336,37.139583454907445,46.63643773787756,59.61800050389953
seq06,test,284,1788536556.202727,3.8488066444439557,14.555675128088572,0.319702085348202,-33.1871223449707,12.209578752517702,47.003173828125,37.11016308657821,46.683471742776796,59.63648831270224
seq06,test,285,1788536556.37839,3.861483019494245,14.589747099547619,0.3197238859133389,-33.161624908447266,12.262279748916628,47.05019760131836,37.09619421062299,46.73047371540502,59.66460255946082
seq06,test,286,1788536556.555885,3.8655225613784205,14.587956863912092,0.3195325524603758,-33.13638687133788,12.313876867294312,47.09727096557617,37.07172428547068,46.7777384131158,59.686426870301474
seq06,test,287,1788536556.7513301,3.8730689069476254,14.60442403559836,0.3196318791126245,-33.11140060424805,12.364358663558962,47.14436340332031,37.052245247698174,46.824731524207685,59.711174500337044
seq06,test,288,1788536556.9488583,3.8784596088318226,14.612318316486357,0.3197200696587057,-33.08667373657226,12.413717746734617,47.19147872924805,37.030459458516276,46.87175865958934,59.73455187369874
seq06,test,289,1788536557.116573,3.8847840957640156,14.627563601253232,0.31973754700387924,-33.06220626831054,12.461947679519653,47.23860549926758,37.01040379789829,46.918867952263696,59.75910105754137
seq06,test,290,1788536557.320017,3.8860090279065793,14.621974670747433,0.3194391613640579,-33.03799819946288,12.509038686752321,47.285720825195305,36.98441304386611,46.966281663831246,59.78025109955314
seq06,test,291,1788536557.4918861,3.8904660174409234,14.631626454108082,0.3197577028437637,-33.014060974121094,12.55498480796814,47.33282470703125,36.96290779954158,47.013067004187484,59.803720805127455
seq06,test,292,1788536557.6657403,3.888364199958203,14.617817590251438,0.3195560062419105,-32.99038314819335,12.599778890609743,47.37989807128906,36.93392053603363,47.06034206504715,59.82299124451479
seq06,test,293,1788536557.8845751,3.891164253164177,14.62402313329708,0.31927102095486015,-32.96697616577149,12.643413782119751,47.42693328857422,36.91131707950761,47.10766226761936,59.846279523994134
seq06,test,294,1788536558.060593,3.8968390001613904,14.639241367274307,0.31950921791121,-32.943843841552734,12.68588376045227,47.47391891479492,36.89243171958036,47.15440969688371,59.871444546172924
seq06,test,295,1788536558.250744,3.8969418699093374,14.637799103214169,0.31945336925072265,-32.92097854614258,12.727182626724245,47.5208396911621,36.867461522092455,47.20138632191138,59.893076309313834
seq06,test,296,1788536558.422727,3.898582574463507,14.64196939535982,0.31947560221530136,-32.89838790893554,12.767303466796873,47.56768798828125,36.844693092762434,47.24821238606595,59.91598269893144
seq06,test,297,1788536558.6197703,3.898819400703578,14.64302669630092,0.3194844830043273,-32.87607192993164,12.806241273880005,47.61444854736328,36.820733467274216,47.29496406435895,59.93813509709033
seq06,test,298,1788536558.812513,3.897820775993432,14.640158168678418,0.31952757530065656,-32.854034423828125,12.843991518020632,47.66111373901367,36.795720882537225,47.34158616371302,59.9595768477551
seq06,test,299,1788536559.003596,3.896155299789346,14.637541400265832,0.3197777621785953,-32.832279205322266,12.880549192428587,47.70766830444336,36.770435444996764,47.38789054226476,59.98063931686907
seq06,test,300,1788536559.1861472,3.8859919302155945,14.60874972234245,0.31869469271776096,-32.810802459716804,12.91590690612793,47.754104614257805,36.735819513077196,47.43540992154004,59.99698783874006
seq06,test,301,1788536559.3601692,3.894347833221738,14.638095300209747,0.31987173237505484,-32.789608001708984,12.95006537437439,47.80040740966797,36.7227730533747,47.48053567729291,60.02468932807856
seq06,test,302,1788536559.529417,3.8930270879779956,14.64111013330971,0.3196595354133749,-32.7686996459961,12.98301696777344,47.84657287597656,36.69920271698268,47.52691334056319,60.04697304397277
seq06,test,303,1788536559.7169702,3.886033527414975,14.624901779763796,0.3189947280889627,-32.748077392578125,13.014759540557861,47.892578125,36.669478329106795,47.57358339691104,60.06576793941523
seq06,test,304,1788536559.9170163,3.885141369695059,14.628810887767445,0.319510461732059,-32.72774124145508,13.0452880859375,47.93841171264648,36.6471106304682,47.61890125091442,60.08802271589667
seq06,test,305,1788536560.0963192,3.8797372245532085,14.618890346299805,0.3193421439783646,-32.70769500732421,13.074600696563719,47.984077453613274,36.620008572425334,47.66473530963491,60.10783659375924
seq06,test,306,1788536560.2706792,3.8783566410733834,14.625196584424062,0.31970846733356884,-32.68793869018555,13.102694034576416,48.02954864501953,36.59797765269471,47.70984017768596,60.13019888581343
seq06,test,307,1788536560.440809,3.8729395384992613,14.617377408588226,0.3194554895612347,-32.66847229003906,13.129566192626953,48.07482147216797,36.571687965380825,47.75536598260673,60.15033949006351
seq06,test,308,1788536560.6262863,3.873012149020671,14.629614828114077,0.3197895175538694,-32.64929962158203,13.155215978622437,48.119888305664055,36.552060257070146,47.80009878811018,60.17393582930719
seq06,test,309,1788536560.8024023,3.8626224995049316,14.608340156205577,0.31959372052353774,-32.630428314208984,13.17963981628418,48.16472625732422,36.52100686390775,47.84513253680068,60.190868491969944
seq06,test,310,1788536560.9985223,3.859177931616509,14.609515249438905,0.31996557167729045,-32.61184310913086,13.202836275100704,48.20933532714844,36.49813860310526,47.889369755471144,60.212173661708285
seq06,test,311,1788536561.178461,3.850025486645506,14.592520884990405,0.31975355573216024,-32.593563079833984,13.22480583190918,48.25369644165039,36.469244468034425,47.93394288591823,60.23013093676395
seq06,test,312,1788536561.3546252,3.8456687124527624,14.58956269710293,0.31976657152534127,-32.57557678222656,13.245543956756592,48.29780578613281,36.44603558355972,47.97803921460747,60.25118884002633
seq06,test,313,1788536561.5307841,3.833083009278454,14.560869645882514,0.31972030735543133,-32.557891845703125,13.26505446434021,48.34164810180663,36.414038335243966,48.0219277944512,60.26680460233562
seq06,test,314,1788536561.7042272,3.8241107116032027,14.544657509652996,0.31974091388338377,-32.540504455566406,13.283334493637085,48.38521194458008,36.386483369612314,48.06547103069669,60.28487104912655
seq06,test,315,1788536561.8854952,3.810967153083698,14.515632662141162,0.3197485496095438,-32.52342224121094,13.300384521484377,48.42849349975586,36.35470644496528,48.10874495014632,60.30021576559929
seq06,test,316,1788536562.059405,3.802420242656959,14.502321204642481,0.3197671091379868,-32.50664520263671,13.316205501556396,48.471473693847656,36.32843382216919,48.15170658470967,60.31867000350471
seq06,test,317,1788536562.233726,3.7921997517263017,14.48434419974095,0.31974311154036217,-32.490169525146484,13.330796957015991,48.51414489746094,36.30070235662887,48.194401785920576,60.33607009979441
seq06,test,318,1788536562.4082031,3.7761277962086797,14.447963601010866,0.3197288517440806,-32.4739990234375,13.344162464141846,48.55649948120117,36.26692806663096,48.23677062945709,60.34961567523888
seq06,test,319,1788536562.5793092,3.7665049338851717,14.433465387896712,0.3197611402899807,-32.45813369750976,13.356298685073849,48.598526000976555,36.2406502712192,48.27876486068657,60.36740733669357
seq06,test,320,1788536562.769522,3.7554563375720202,14.415113159876409,0.3197754036080238,-32.44257354736328,13.367210149765013,48.64020538330078,36.213194670855394,48.320429979692754,60.3842646861884
seq06,test,321,1788536562.9462223,3.7399275836184236,14.382783941116747,0.31976860097903814,-32.42732238769532,13.37690019607544,48.68153381347656,36.181235089422145,48.361765212497524,60.398196223602305
seq06,test,322,1788536563.1221461,3.7258990373093757,14.3561696455429,0.3197699098058957,-32.412384033203125,13.385366201400759,48.72250747680664,36.15132034396045,48.40273756700074,60.413102606898065
seq06,test,323,1788536563.291937,3.7106788035228444,14.326415325142912,0.31974191887522285,-32.39775085449218,13.392617225646974,48.76311111450195,36.12050209034256,48.44336919562673,60.427234673466884
seq06,test,324,1788536563.4680803,3.6931712009299664,14.28978989782222,0.31975260525509075,-32.38342666625976,13.398650646209717,48.80332565307617,36.087602342586884,48.48357304782108,60.439820468959745
seq06,test,325,1788536563.6405032,3.6788635128030878,14.264688291411174,0.31976251099461495,-32.36941528320312,13.40347170829773,48.84315872192383,36.05856483774168,48.523396210929214,60.45444630463867
seq06,test,326,1788536563.8142111,3.660027368143144,14.225167006272585,0.31976310673652075,-32.355712890625,13.40708374977112,48.88258743286133,36.025030278982705,48.562824326124804,60.46611210530804
seq06,test,327,1788536563.9869282,3.639088617150194,14.179286766113847,0.3197305138112465,-32.342327117919915,13.409490823745728,48.92160415649414,35.98964940219392,48.6018736426829,60.476416772756565
seq06,test,328,1788536564.1580403,3.6260651726409803,14.16112506247438,0.3197538555288124,-32.32925033569336,13.41069579124451,48.960205078125,35.96314582172959,48.64045122259619,60.49166349616074
seq06,test,329,1788536564.334023,3.6081350193024337,14.127155239990488,0.319794318216299,-32.316490173339844,13.410703897476195,48.99837112426758,35.931768642219915,48.67857680605128,60.50368449624082
seq06,test,330,1788536564.5073743,3.5845929100949543,14.074747553648374,0.31973313668729997,-32.30403900146484,13.40952134132385,49.036102294921875,35.894796647940375,48.71636915823458,60.51215621970829
seq06,test,331,1788536564.6751342,3.5690618714700815,14.050819912710706,0.3197442470878542,-32.29190444946288,13.407150268554688,49.073387145996094,35.8667424793763,48.75364289890824,60.525539336681355
seq06,test,332,1788536564.846559,3.5468047079935654,14.004494564112276,0.3197226310263015,-32.28008270263671,13.403597354888914,49.110210418701165,35.83192625285488,48.79048778767486,60.534606941395765
seq06,test,333,1788536565.017121,3.5273248500706065,13.96868303124171,0.3197622146738668,-32.268577575683594,13.398866653442383,49.14657211303711,35.80043744395484,48.826809898363244,60.545261466356116
seq06,test,334,1788536565.1941562,3.5027425395005163,13.915798799133938,0.319741673534095,-32.25738525390626,13.392966508865356,49.18245315551758,35.76394963373776,48.86271148198348,60.552660278274246
seq06,test,335,1788536565.378185,3.4840920333931633,13.884833198344325,0.31976059637489196,-32.24650955200195,13.385900735855103,49.21785354614258,35.734084894626385,48.89809294976769,60.56358903978929
seq06,test,336,1788536565.5500712,3.4609610377847875,13.83891287132082,0.3197496733776346,-32.235950469970696,13.377677679061891,49.25275802612305,35.69989116363107,48.93300835274541,60.571623187305754
seq06,test,337,1788536565.7256331,3.43622811494205,13.788081418909085,0.3197235277047352,-32.22570800781251,13.368302583694458,49.28716278076172,35.66440665837468,48.96743925305698,60.5785441331809
seq06,test,338,1788536565.9026031,3.413607978425144,13.745815295126215,0.31975558066939724,-32.215782165527344,13.357783794403076,49.32106018066406,35.631503062255625,49.00130459999467,60.58656503695345
seq06,test,339,1788536566.075015,3.385983721608796,13.686141354944919,0.3197382101306179,-32.20616912841797,13.346126556396484,49.354438781738274,35.59377690780933,49.03470057160766,60.59140875330529
seq06,test,340,1788536566.24798,3.364395432528167,13.649702468689382,0.31975593709019123,-32.19687271118164,13.333342552185059,49.38728332519531,35.56267531535839,49.06752738810512,60.599720457837485
seq06,test,341,1788536566.436893,3.3405293956048046,13.60597659506872,0.3197569526777311,-32.18789291381836,13.319436073303224,49.41959762573242,35.529577780594735,49.09984067305469,60.606478625528865
seq06,test,342,1788536566.634252,3.313927872085851,13.552949015108835,0.3197794550331685,-32.179229736328125,13.304412126541136,49.45137023925781,35.49402777370714,49.13159078422464,60.611378639569004
seq06,test,343,1788536566.8244061,3.287968343357052,13.503392152626908,0.319776884340778,-32.17088317871094,13.288288354873657,49.48259353637695,35.45950395744237,49.16281665203618,60.61649084258834
seq06,test,344,1788536567.018902,3.2613364868697023,13.45229348209146,0.31978708892757934,-32.1628532409668,13.271066665649414,49.51325607299805,35.42465329446083,49.19346898407047,60.62098194288392
seq06,test,345,1788536567.20439,3.2343309240265063,13.400873589353491,0.31977252736201667,-32.15513610839844,13.252756118774414,49.54335403442383,35.38977699314002,49.22358150706181,60.62505498559601
seq06,test,346,1788536567.392631,3.20595886057476,13.345173706445555,0.3197588574715755,-32.14773941040039,13.233369827270508,49.57287597656249,35.35387505695168,49.253117119090916,60.628096023951116
seq06,test,347,1788536567.566569,3.177798628288525,13.291414630679732,0.31974578430980394,-32.140655517578125,13.212913274765015,49.60182189941406,35.31854138716045,49.28207611510426,60.63103489081722
seq06,test,348,1788536567.7421331,3.149457410392845,13.238118152803779,0.31971664314101633,-32.13388442993164,13.19139814376831,49.630176544189446,35.2833727721775,49.31045990104843,60.633636290703706
seq06,test,349,1788536567.912818,3.121461608094463,13.18735757043739,0.3197419658675924,-32.12743377685547,13.168835401535034,49.65793991088867,35.24890025135374,49.33819794502108,60.636150482958335
seq06,test,350,1788536568.087665,3.093359335288986,13.137504566651149,0.31975109791691114,-32.12129211425781,13.145233154296875,49.68509674072265,35.21465229764644,49.365345642805735,60.63834667005536
seq06,test,351,1788536568.260693,3.0592059433297494,13.063651223664234,0.31971903046390215,-32.1154670715332,13.120604276657104,49.71165084838867,35.17471912258537,49.39193181792477,60.63681879897149
seq06,test,352,1788536568.4384773,3.0276814676599617,13.00163616223301,0.31974094883489257,-32.109954833984375,13.094957113265991,49.737586975097656,35.137760225525696,49.417846026262765,60.63650467780898
seq06,test,353,1788536568.612395,2.9990824889221273,12.953592060597295,0.31971824721296405,-32.104759216308594,13.068307161331179,49.76289749145508,35.1040291422542,49.44317924424212,60.63761898193634
seq06,test,354,1788536568.807857,2.966501946829,12.889654958276228,0.31971845125776155,-32.09987258911133,13.040659427642822,49.78759002685546,35.06669966570297,49.4678715755977,60.63615871461879
seq06,test,355,1788536568.9975913,2.9301159155301164,12.809935254716825,0.3196986702607345,-32.09530258178711,13.012032508850098,49.8116455078125,35.02600154474301,49.491946837551765,60.63228171513414
seq06,test,356,1788536569.1890612,2.902277798643827,12.769502405108012,0.3197619029412575,-32.09103775024415,12.982431173324585,49.835063934326165,34.993963361762546,49.515302031384905,60.632850889791165
seq06,test,357,1788536569.359443,2.868219846770744,12.702794567197484,0.3197287011851946,-32.08708572387695,12.951872825622559,49.857830047607415,34.95619297801427,49.53810134642222,60.6296867262612
seq06,test,358,1788536569.535989,2.8305120329037505,12.620100822273061,0.31970852842924913,-32.08344268798828,12.920365810394287,49.87995147705078,34.91524585787118,49.560242948621536,60.624187206444105
seq06,test,359,1788536569.7122502,2.800162311043232,12.573089800939789,0.31970792216991284,-32.08011245727539,12.887925863265991,49.90141677856445,34.88169562477641,49.58170885639454,60.622426071379046
seq06,test,360,1788536569.891624,2.7641644227243782,12.500857922650573,0.31971414182363866,-32.07708740234374,12.854564905166626,49.92221450805663,34.843047188317115,49.602500366232995,60.6172086123193
seq06,test,361,1788536570.068542,2.732306464542002,12.450165905509781,0.3197350291290486,-32.074371337890625,12.820295810699463,49.94234848022461,34.80864570461011,49.62261345109556,60.61390584268532
seq06,test,362,1788536570.247561,2.696826485833378,12.383422991889578,0.3197486441322275,-32.071964263916016,12.78513216972351,49.96181106567383,34.77111129175216,49.6420624215416,60.608287733012624
seq06,test,363,1788536570.418619,2.6609121500650645,12.315949744478276,0.3197470890005134,-32.06985855102539,12.749086380004883,49.98059844970703,34.73347147690191,49.660851360706516,60.60209731277413
seq06,test,364,1788536570.5908802,2.6236059160029113,12.24272762420183,0.31972786533553466,-32.068061828613274,12.712173700332642,49.99870681762695,34.69484386074158,49.678978952291416,60.594827669228096
seq06,test,365,1788536570.763058,2.5885115515690162,12.18252829052262,0.3197548476013776,-32.066566467285156,12.674406290054321,50.01612854003906,34.65856858641587,49.69637369243768,60.58833167069139
seq06,test,366,1788536570.952363,2.550949338918707,12.11090907683848,0.31977538330671607,-32.065372467041016,12.635798931121824,50.03285217285156,34.620301049137225,49.71307678954484,60.5801555677771
seq06,test,367,1788536571.1240122,2.514445439827821,12.046720334074221,0.31975776842989045,-32.064483642578125,12.596366882324219,50.04888916015625,34.58329723745356,49.72913139172636,60.572196235481236
seq06,test,368,1788536571.312262,2.475729886185949,11.971851183094847,0.3197596869708934,-32.06389236450196,12.556122541427612,50.06422805786133,34.54456365682426,49.74446837089044,60.56268662916881
seq06,test,369,1788536571.507922,2.4381219748674714,11.904957793132512,0.31976218797559275,-32.0635986328125,12.515084147453308,50.078861236572266,34.50711490488079,49.759099048596674,60.55335595313195
seq06,test,370,1788536571.679799,2.4003360387231907,11.83890982978046,0.3197547198607842,-32.06360626220703,12.47326147556305,50.09279251098633,34.4697798213501,49.773037791125546,60.54354640991198
seq06,test,371,1788536571.8502932,2.3608137071680235,11.76435471419856,0.31975705150376554,-32.06391143798828,12.430674791336058,50.106014251708984,34.431173139536696,49.78625720020522,60.532446586683896
seq06,test,372,1788536572.019344,2.321647088300541,11.693659018774847,0.31974726538051157,-32.064510345458984,12.38733720779419,50.11852264404297,34.393153569994375,49.798775378662455,60.521128886560724
seq06,test,373,1788536572.188568,2.280346940086711,11.611280499847021,0.3197324000132924,-32.065399169921875,12.343262553215029,50.13031768798828,34.35354528399685,49.81058528797499,60.50835050065613
seq06,test,374,1788536572.3597121,2.241184972501766,11.54416448589979,0.3197531138155114,-32.06658554077148,12.298468828201294,50.141395568847656,34.31606172963669,49.82164245503215,60.49618293371324
seq06,test,375,1788536572.539227,2.200439372654645,11.468726029631481,0.319747261221776,-32.06806182861328,12.252970933914185,50.15175247192383,34.27747386624625,49.83200521070205,60.48284019431157
seq06,test,376,1788536572.7197032,2.160855179198544,11.403201355445074,0.3197514375821786,-32.06982803344726,12.20678448677063,50.16138458251953,34.24011417991275,49.841633144937354,60.46961066195134
seq06,test,377,1788536572.8965273,2.1182023290098417,11.318357003105953,0.3197310852606494,-32.07188034057617,12.159926414489746,50.1702880859375,34.20043847712048,49.85055700067685,60.45451203429761
seq06,test,378,1788536573.067678,2.079510266235511,11.263970838050223,0.31976743686678066,-32.07421875,12.11241328716278,50.178466796875,34.16426583879571,49.85869936000822,60.440772349264265
seq06,test,379,1788536573.2364743,2.036649829124942,11.181652070142949,0.31972665963090896,-32.07684326171875,12.064260363578796,50.18591690063476,34.12490891209355,49.86619024100385,60.424716279107756
seq06,test,380,1788536573.409243,1.993542476364376,11.098650509580935,0.3197352632601995,-32.079750061035156,12.01548457145691,50.19263458251953,34.08562525517498,49.87289931925933,60.408078396396625
seq06,test,381,1788536573.5775392,1.9524656088768362,11.033913023489395,0.31975997508139664,-32.08293914794922,11.966104626655579,50.198616027832024,34.04816820544082,49.87885605275063,60.39187063899419
seq06,test,382,1788536573.7497642,1.909783365891634,10.95906515008639,0.31972892457847024,-32.086406707763665,11.916134238243103,50.20386505126953,34.009659227396035,49.88413612669106,60.37453070517276
seq06,test,383,1788536573.9196692,1.866427191776707,10.880390488707071,0.31974606708203734,-32.09014892578124,11.86559283733368,50.208377838134766,33.9708652420754,49.88863177105273,60.35640202400188
seq06,test,384,1788536574.0891411,1.8225258501923947,10.799045434584892,0.3197439218228857,-32.09417343139648,11.814495205879211,50.212158203125,33.931896917144975,49.892414281302116,60.3376054481186
seq06,test,385,1788536574.255067,1.7790984077467848,10.724290634808394,0.31974247988197346,-32.09846496582031,11.76286244392395,50.215190887451165,33.89347918896413,49.89544840756919,60.31851874279692
seq06,test,386,1788536574.4458482,1.735838904010727,10.653933638056536,0.31975287243534467,-32.103031158447266,11.710708796977997,50.21748733520507,33.855367385991094,49.897734462769726,60.299003352937
seq06,test,387,1788536574.626334,1.6911697058185127,10.572189857794434,0.3197423002891271,-32.107864379882805,11.658052742481232,50.219043731689446,33.81647236674369,49.89930143140032,60.27847117066332
seq06,test,388,1788536574.8014343,1.6471155823325594,10.499638254389835,0.3197284498223132,-32.11297225952149,11.604911983013153,50.21986389160156,33.77817581079367,49.90013544177925,60.25768563604812
seq06,test,389,1788536574.9768221,1.6015707000595982,10.412967646291603,0.31973669369275237,-32.11833953857422,11.551304280757904,50.219940185546875,33.73911908741676,49.90020349185412,60.23585697342855
seq06,test,390,1788536575.1439042,1.5572230633545743,10.342722606152423,0.3197621833567694,-32.12397003173828,11.4972482919693,50.21928024291992,33.70097473172166,49.89951805956315,60.21393194639269
seq06,test,391,1788536575.332243,1.5120072675130276,10.265404347699155,0.31976594434522876,-32.12986373901367,11.442761301994324,50.21787643432617,33.6624665498179,49.898110489980944,60.19122099349668
seq06,test,392,1788536575.5069892,1.466487729613943,10.187177520848122,0.31975895847691826,-32.136016845703125,11.387859836220741,50.21573257446289,33.623949080330426,49.89597361598597,60.16791615839642
seq06,test,393,1788536575.68437,1.4213299712888687,10.117371227628318,0.31976439159994996,-32.142425537109375,11.332562930881977,50.21284866333007,33.585746600354,49.89308427173012,60.1441787112365
seq06,test,394,1788536575.861341,1.374989640332511,10.034132953390607,0.3197352587942406,-32.14908981323242,11.276892181485891,50.209232330322266,33.54710648786197,49.88949707152803,60.11963299753212
seq06,test,395,1788536576.033271,1.3286715275558942,9.953709197510605,0.31973579116717277,-32.15600204467773,11.220861699432135,50.20487594604492,33.50864126911396,49.885140154877746,60.09456088510809
seq06,test,396,1788536576.217302,1.2822689862845407,9.87483301496131,0.3197638584206255,-32.163169860839844,11.164491191506386,50.199783325195305,33.47029426056883,49.88001946677468,60.06893489895494
seq06,test,397,1788536576.384319,1.2358633534143164,9.800569276586744,0.3197399090846489,-32.17058181762695,11.10779882967472,50.19395446777344,33.432012025456274,49.87421455868879,60.04279062399064
seq06,test,398,1788536576.554995,1.1890712253366058,9.722625549082116,0.31973490132687066,-32.17823791503906,11.050804615020752,50.18739318847656,33.39373262905174,49.867658287149695,60.016037206271164
seq06,test,399,1788536576.7280931,1.142240650220688,9.648363531634674,0.31974833558828375,-32.18613433837891,10.993524700403214,50.18009567260742,33.35550985895245,49.860347337019135,59.98870122380435
seq07,test,0,1788536774.9856112,3.5677847523248545,14.275097564878534,0.31993001807843324,3.2821006774902344,-26.17654848098755,60.58285140991211,40.452654835135945,60.26292139183368,72.58124398141005
seq07,test,1,1788536775.2362251,3.5902269833005076,14.315281357081597,0.31991934561608826,3.24568753602294,-26.13577370043135,60.56207062902552,40.45252232799179,60.242151283409434,72.56392598219767
seq07,test,2,1788536775.43471,3.6121014207605744,14.354392517907618,0.3199011591575074,3.2089855670928955,-26.095268726348877,60.54082870483398,40.45166989342448,60.22092754567647,72.54583180051215
seq07,test,3,1788536775.622908,3.6333912537863013,14.392312474001688,0.3198046401642629,3.1719055175781246,-26.05587053298951,60.51858901977539,40.450815537536144,60.198784379611126,72.52697510881512
seq07,test,4,1788536775.812977,3.654145916876589,14.429466359907387,0.31993001807484744,3.1344788074493413,-26.01731538772583,60.49552917480469,40.45011999543754,60.17559915672984,72.50734405228701
seq07,test,5,1788536776.0048501,3.674300089585648,14.46533701327982,0.3199207171596079,3.0967102050781254,-25.979614257812493,60.47166442871094,40.44907530952614,60.15174371155133,72.48696410345705
seq07,test,6,1788536776.193459,3.693875935074557,14.500117187000635,0.3199194053569907,3.058603525161742,-25.94277572631836,60.447002410888665,40.447881999345576,60.127083005531674,72.46583518449974
seq07,test,7,1788536776.3824053,3.7128686912031656,14.533789706882079,0.31992041879534194,3.020156145095825,-25.906818866729736,60.42153167724609,40.446540921018446,60.101611258450745,72.44395315233393
seq07,test,8,1788536776.570512,3.7312754890068076,14.566345956286678,0.3199236982762721,2.981375694274902,-25.871742248535156,60.3952751159668,40.44504082533593,60.07535141769053,72.4213309413884
seq07,test,9,1788536776.7507591,3.749089019655802,14.597748349601762,0.31990461697755146,2.9422643184661856,-25.83756685256958,60.36824417114258,40.44336387588696,60.048339554165025,72.39798867931138
seq07,test,10,1788536776.9519372,3.766315045279889,14.628046355778686,0.3199102819349233,2.9028234481811515,-25.8042950630188,60.34043502807617,40.44156092863462,60.02052474614125,72.3739127113259
seq07,test,11,1788536777.134619,3.7829423465115224,14.657176275782062,0.31989549384295857,2.8630578517913827,-25.7719464302063,60.31184768676758,40.439586425425894,59.99195219292462,72.34911525497492
seq07,test,12,1788536777.3388572,3.798981499399742,14.685218552218863,0.3199270964988601,2.822967529296875,-25.740520477294922,60.28250503540038,40.437519451027036,59.962577938901525,72.32360425498048
seq07,test,13,1788536777.5226083,3.8144072744011495,14.712018883692982,0.3198934667682951,2.782558441162108,-25.710033416748047,60.25239944458008,40.43522009578094,59.932505977811786,72.29738789869722
seq07,test,14,1788536777.704052,3.829241757625394,14.73772273249543,0.319912190991521,2.7418310642242427,-25.680492401123047,60.2215461730957,40.43284032322722,59.90163398210418,72.27046651523406
seq07,test,15,1788536777.879415,3.8434676206203697,14.762234185342704,0.31991099793019817,2.7007896900176998,-25.651905536651604,60.1899528503418,40.43029065344404,59.870041852411596,72.24285648928536
seq07,test,16,1788536778.0533903,3.8570907055591976,14.785595630376234,0.3199286466967557,2.6594371795654297,-25.624283313751214,60.15763473510742,40.42762286169396,59.83770608841067,72.21456750663525
seq07,test,17,1788536778.235292,3.8700918364165218,14.807702326282792,0.3198906047014829,2.6177759170532218,-25.59762954711914,60.12458419799805,40.42473424726056,59.80469359329656,72.18559769614524
seq07,test,18,1788536778.412044,3.88249329522983,14.828688461894467,0.3199021132221007,2.5758104324340816,-25.57196426391601,60.0908203125,40.4217782980346,59.7709181992779,72.15596179914887
seq07,test,19,1788536778.59987,3.8942825783204427,14.848488526383363,0.31991797383936715,2.533543586730957,-25.547283172607422,60.05634689331055,40.418683572825785,59.73642891947118,72.12566063344758
seq07,test,20,1788536778.8036802,3.905453621564717,14.867070878483844,0.31991910721507555,2.490978956222534,-25.52360200881958,60.02117538452148,40.41543263244924,59.7012562773064,72.0947099027152
seq07,test,21,1788536778.9771821,3.9160037397334846,14.884432170799052,0.31990229204530407,2.448118925094604,-25.50092363357544,59.98530960083008,40.412023573126994,59.66540730878477,72.06311454966513
seq07,test,22,1788536779.173332,3.920803542781816,14.873628183139052,0.3197469158533144,2.404965877532959,-25.47925615310669,59.94876480102538,40.381345174248644,59.62901788517207,72.01578168729397
seq07,test,23,1788536779.3541982,3.9287270320498093,14.877979734711305,0.3186763631278777,2.361525774002077,-25.458607196807854,59.91154479980469,40.36702076035868,59.59286843667681,71.97781834411417
seq07,test,24,1788536779.5382853,3.9331083437716563,14.87110187689611,0.3194353675892114,2.3178014755249023,-25.438984394073486,59.8736572265625,40.34243759927772,59.554221858973285,71.93203467634868
seq07,test,25,1788536779.7250001,3.938941368712854,14.872124874655855,0.31982483204572665,2.2737939357757564,-25.420395374298096,59.835121154785156,40.32691289927585,59.51529632273943,71.89110098175756
seq07,test,26,1788536779.909558,3.944522279159439,14.873748995900032,0.3197295551753747,2.229509115219116,-25.402843952178948,59.795936584472656,40.31308980539365,59.476207029297285,71.85098755236122
seq07,test,27,1788536780.086395,3.3400622765722643,14.756806509665035,0.3863134268360813,2.1849498748779297,-25.38633394241333,59.7561149597168,40.159756100054175,59.369801532880714,71.67690942046457
seq07,test,28,1788536780.2631402,1.5300025507491246,14.467042399257993,0.833104962786092,2.1401195526122976,-25.37087631225586,59.71567153930664,39.842590402999,58.882566576520546,71.09563036262864
seq07,test,29,1788536780.445254,1.5174215747154611,14.46376970131065,0.843065732741058,2.095023155212402,-25.356472492218032,59.67460632324218,39.82443109370271,58.83154059050112,71.04319446779442
seq07,test,30,1788536780.6261382,1.5054353715806406,14.480508746862617,0.8412500042592611,2.0496618747711217,-25.34312820434571,59.632942199707045,39.82735545461713,58.79169219544779,71.01183925031583
seq07,test,31,1788536780.8035252,1.4974768903191804,14.463236630225795,0.8464507768509012,-0.3742168073180668,-24.997774882747365,59.81327928200504,39.50537516496679,58.96682850515414,70.97719021545608
seq07,test,32,1788536780.981753,1.581168068282066,14.475319181231423,0.8358333606394349,1.958165287971496,-25.319641590118408,59.54783630371093,39.796746471249705,58.7120029430715,70.92869884104856
seq07,test,33,1788536781.1619542,1.615471444131526,14.475479095289462,0.8344651401946591,1.9120360612869318,-25.309505462646477,59.504413604736314,39.786089866275496,58.669948464541655,70.88791010940669
seq07,test,34,1788536781.337763,1.6119774842204593,14.473295893794138,0.8390319878879261,1.8656591176986683,-25.300449371337898,59.460430145263665,39.77455426257819,58.62139815737574,70.84125555573075
seq07,test,35,1788536781.512113,1.4021595358936374,14.452474339859535,0.8594277893593457,1.8190380334854142,-25.29247283935547,59.4158935546875,39.74713340557209,58.556465765328156,70.7721293793425
seq07,test,36,1788536781.6956832,1.6731311315228066,14.471567912020895,0.8252257936117963,1.7721753120422428,-25.28558349609375,59.37080764770507,39.75727477880554,58.54558185409328,70.76882118893731
seq07,test,37,1788536781.8786821,1.5396104140782871,14.435542649906342,0.8495765345481251,1.7250769138336253,-25.279781341552734,59.325199127197266,39.71575704388746,58.47562259264914,70.68762123007843
seq07,test,38,1788536782.0727031,1.588616516239441,14.445026894351976,0.8451695526173536,1.6777453422546402,-25.27507066726684,59.27907180786132,39.72019756058803,58.433902255243964,70.65560860276804
seq07,test,39,1788536782.249393,1.684881662253509,14.452896397149516,0.8306281507352659,1.630185484886174,-25.271450042724624,59.23243331909182,39.72438409525011,58.40180516835655,70.63142033592159
seq07,test,40,1788536782.429043,1.6340730005276907,14.442592977207001,0.8368382759221048,1.582401037216181,-25.26892852783203,59.185302734375,39.711555122369234,58.348464458452895,70.58010282577031
seq07,test,41,1788536782.6088312,1.6575658991757245,14.443604249047805,0.8275129660128713,1.534396886825561,-25.267505645751953,59.13768005371093,39.711300906448116,58.31016708769806,70.54830264065701
seq07,test,42,1788536782.7944372,1.6879419209153856,14.427718035563794,0.8214780917495218,-0.623029025735415,-24.90303719495944,59.31541503471079,39.39858999659245,58.49393694296127,70.52509874368644
seq07,test,43,1788536782.975361,1.5777973487628145,14.408937492355093,0.832665127511307,1.4377428293228147,-25.267960071563735,59.04103469848634,39.67714475067634,58.20836957097504,70.44494377652194
seq07,test,44,1788536783.16439,1.6491587954908136,14.400686610807007,0.8233082892146194,1.3891026973724325,-25.26983642578125,58.9920310974121,39.671375413144524,58.16872280819748,70.40893650885207
seq07,test,45,1788536783.3440402,1.7519277033838419,14.408553781414412,0.8045543329870374,1.3402587175369258,-25.272823810577385,58.94258499145508,39.68351293613176,58.13803065846804,70.39042412002577
seq07,test,46,1788536783.526588,1.7257948919156494,14.38685569677688,0.8086248711033845,1.291216969490049,-25.276905536651604,58.89272689819336,39.66614189901867,58.084102027089976,70.33609117264395
seq07,test,47,1788536783.7217822,1.6457392443233334,14.355040126193199,0.8184558030326016,1.2419787645339928,-25.282097339630113,58.84244537353514,39.639193849138934,58.02398957050254,70.27125340199505
seq07,test,48,1788536783.9128542,1.758973083933367,14.368958163653666,0.7918491473864809,1.1925512552261333,-25.288387537002563,58.79176712036134,39.6613905670161,57.99991797297486,70.26390528985138
seq07,test,49,1788536784.0908551,1.5981843455503766,14.312381410766076,0.8096270878631794,-0.9663920235781654,-24.858413968999642,59.00629646782406,39.254659120116784,58.19666937996088,70.19815232295679
seq07,test,50,1788536784.2753172,1.6480653999473205,14.303541859951917,0.7968886603690959,1.0931433439254816,-25.304283618926988,58.68926239013671,39.61171263216965,57.89237372976761,70.14709340892661
seq07,test,51,1788536784.459454,1.7221100428435263,14.300129933279912,0.78461409081443,1.0431714057922343,-25.31388473510743,58.63745880126953,39.61983235477011,57.8528447104551,70.11906129514371
seq07,test,52,1788536784.6460361,1.736938939775473,14.281736521247737,0.7783171935572769,0.9930285215377872,-25.32458519935608,58.58530807495117,39.613307397216104,57.806990881393894,70.07754503197079
seq07,test,53,1788536784.840935,1.7660932434708014,14.265431607323864,0.7675650051789092,0.9427172541618335,-25.3363835811615,58.53281784057617,39.610373821042394,57.76525283539726,70.0414602173605
seq07,test,54,1788536785.0185733,1.7964457969088543,14.248625300971872,0.7591245990094289,0.8922424316406259,-25.349278211593628,58.47999954223633,39.60822574057325,57.720874943226896,70.00364955149016
seq07,test,55,1788536785.204204,1.7247479384276092,14.205351717070798,0.7676343205102,0.8416113257408102,-25.363274097442627,58.4268798828125,39.578480000192606,57.6592455623023,69.93600416051466
seq07,test,56,1788536785.3783941,1.7476101679483556,14.182090272923311,0.7579606565412648,0.7908251881599483,-25.37835693359375,58.37345123291017,39.57201562565612,57.615490576368906,69.89627440023413
seq07,test,57,1788536785.5545492,1.7923234421121301,14.165509860113659,0.7483743647092232,0.7398913502693175,-25.39453125,58.319744110107436,39.57403777657549,57.571369745398215,69.86105553384644
seq07,test,58,1788536785.728346,1.8190669526157368,14.142362083892795,0.7418079762552056,0.6888134479522742,-25.411788702011116,58.26576614379884,39.570295897034015,57.52395816754364,69.81986880996081
seq07,test,59,1788536785.9054003,1.665775221266628,14.07173187081531,0.7595696135011019,0.6375976204872125,-25.430134057998664,58.21152877807617,39.515244666289725,57.45195916457507,69.72934943683858
seq07,test,60,1788536786.0891893,1.803862472560559,14.073848938172118,0.7401741682207821,0.5862475633621228,-25.44955873489379,58.157051086425774,39.54215902247205,57.41687691820499,69.71570909916049
seq07,test,61,1788536786.27325,1.657871989142551,14.001202059114341,0.7578889521686174,0.5347680449485801,-25.47005867958068,58.102333068847656,39.487235744877246,57.344444116679036,69.6249025695723
seq07,test,62,1788536786.450438,1.7727559854599972,13.995567888911548,0.7428758598841948,0.4831640422344169,-25.491631031036363,58.04740142822264,39.50825136504485,57.30452556833845,69.60395517882532
seq07,test,63,1788536786.6427932,1.7969467215365205,13.966303632861083,0.7378040196557955,0.43144163489342147,-25.514270782470696,57.99226760864257,39.50418155469366,57.25446358898677,69.56043387708857
seq07,test,64,1788536786.837901,1.7823541040977444,13.923737887826848,0.7379207286429028,0.3796044886112206,-25.53797221183777,57.93694305419921,39.48663407374348,57.19902232555631,69.50483742498221
seq07,test,65,1788536787.017677,1.7363328272244691,13.873449372252352,0.7435629623030966,0.32765868306159585,-25.562729597091675,57.88143920898439,39.461330116286824,57.137876246681294,69.44014312001114
seq07,test,66,1788536787.2118602,1.7857793518849512,13.848725731826148,0.7327040741684925,0.2756103575229709,-25.58854341506958,57.825775146484375,39.46617296060293,57.09307107231588,69.40603412258
seq07,test,67,1788536787.393001,1.7009640164440283,13.78456687190521,0.7412594909776313,0.2234631329774906,-25.61539912223816,57.76996612548828,39.42765944359744,57.02870663451065,69.33118857776331
seq07,test,68,1788536787.5730703,1.7896908911764227,13.768571530113645,0.7282967051158526,0.1712219268083574,-25.643299579620354,57.71401214599611,39.44508874573498,56.985715440880256,69.30574861054374
seq07,test,69,1788536787.7503371,1.781121620953798,13.725506955527578,0.726571427476874,0.11889281868934812,-25.672230243682876,57.65793991088867,39.43278713214587,56.931368483411795,69.25406427353663
seq07,test,70,1788536787.9325132,1.784351477225009,13.684660959947164,0.7220652048178259,0.06648193299770697,-25.702190399169936,57.601757049560554,39.42429626202817,56.87969184474273,69.20675169453527
seq07,test,71,1788536788.116398,1.7633825895551483,13.6360586737017,0.721709595805644,0.013992919586595839,-25.73317408561708,57.54548263549805,39.40808105293648,56.823773039692405,69.1515584404378
seq07,test,72,1788536788.299304,1.7260357705089386,13.582177166838052,0.7223441388180494,-0.038566894829269414,-25.765171289443956,57.48912811279296,39.38689697230028,56.76678397397491,69.09265819068283
seq07,test,73,1788536788.481635,1.7586657798742467,13.548589358102344,0.711976540291763,-0.0911950692534481,-25.798175573348992,57.432708740234375,39.390225890847894,56.72073219994261,69.0567256465989
seq07,test,74,1788536788.664983,1.6864291208477074,13.480964111175236,0.7197279665765072,-0.14388304948806588,-25.832180500030525,57.37623596191408,39.35572870450318,56.65650799533757,68.98429734431022
seq07,test,75,1788536788.8403852,1.6746231512494412,13.429172722063118,0.7158497365485094,-0.1966271996498006,-25.867172956466682,57.31972122192384,39.340873929823275,56.603871485375336,68.9325948205574
seq07,test,76,1788536789.017641,1.7159284989834618,13.39488880845324,0.7067379379811654,-0.24942016601562536,-25.90315294265747,57.26318359375,39.34715594356286,56.55644565576883,68.89724396564051
seq07,test,77,1788536789.196678,1.716325355510572,13.34627113583387,0.7046860003082247,-0.30225828289985496,-25.940105676651,57.206634521484375,39.33820131828357,56.50194852117615,68.84739842323344
seq07,test,78,1788536789.366204,1.5527977492373188,13.243148648089655,0.7249283747298673,-0.3551355004310533,-25.978023290634148,57.150093078613274,39.26755069433444,56.425164703883404,68.74401609880306
seq07,test,79,1788536789.535196,1.6607232155424723,13.22877243379419,0.7058079444933364,-0.40804564952851075,-26.01689910888672,57.093563079834,39.30015953470267,56.38775513534066,68.73195376719782
seq07,test,80,1788536789.7121522,1.5354749103468968,13.135198979647843,0.7212189734615375,-0.4609838724136287,-26.05672454833985,57.03706741333009,39.242740952880666,56.31584843986855,68.64013041215134
seq07,test,81,1788536789.8864982,1.64088476511956,13.118149822800696,0.7027914032084943,-0.513942837715148,-26.097488403320305,56.98061752319336,39.27479552435558,56.277826119984866,68.6272779313823
seq07,test,82,1788536790.059964,1.6183049321176544,13.057769857517194,0.7021120638004823,-2.094022787116333,-25.72812688450624,57.1529415761137,38.963151350704386,56.45082951231321,68.5917146294372
seq07,test,83,1788536790.2363532,1.635421332066176,13.012287254190806,0.6934486800216173,-0.6199035644531282,-26.18179750442505,56.8679084777832,39.25891962923106,56.174459797761585,68.5334422309631
seq07,test,84,1788536790.4133031,1.6260433789035444,12.956047011036727,0.6906204491176522,-0.6728942990302987,-26.22531557083129,56.81167984008789,39.248748874567084,56.12105939097024,68.48384915718187
seq07,test,85,1788536790.5885382,1.6199392866856388,12.90172353557519,0.6850646874621278,-0.7258825302124077,-26.269737005233758,56.75554656982422,39.24163861126071,56.07048188236209,68.43833092220385
seq07,test,86,1788536790.766814,1.5844189088888665,12.834781752537637,0.6858272014465547,-0.7788634896278397,-26.3150441646576,56.699531555175795,39.221090921108136,56.01370435372924,68.38003398996536
seq07,test,87,1788536790.9373472,1.5735920571401827,12.777242273092952,0.6799686933277711,-0.8318310379982009,-26.36122918128968,56.64364242553711,39.21231959540457,55.96367373220934,68.33402363140434
seq07,test,88,1788536791.11297,1.56364782300763,12.718841314693991,0.675693285872563,-0.8847790360450727,-26.40827584266664,56.587894439697266,39.203648951723295,55.912201153824704,68.28689719847954
seq07,test,89,1788536791.285641,1.535295063553134,12.653465589261675,0.674702523532418,-0.9377014040946966,-26.4561767578125,56.53230667114258,39.18775109705909,55.85760414761016,68.23306952758443
seq07,test,90,1788536791.465418,1.4091032766962086,12.548420875455289,0.6882646660584477,-0.9905932545661912,-26.50492477416993,56.47688293457032,39.12700282249145,55.78861826851187,68.14170733244795
seq07,test,91,1788536791.645528,1.4364721840874353,12.499968541581122,0.6791543792966448,-1.0434472560882522,-26.554501056671157,56.42164611816408,39.133126581332256,55.74249173886743,68.10746641366332
seq07,test,92,1788536791.8217113,1.41607686099167,12.432046205317286,0.6791452500783328,-1.096256136894228,-26.604897022247314,56.36661148071289,39.1177038391106,55.687466230634556,68.05357190355575
seq07,test,93,1788536791.9937212,1.517668040095024,12.41383473599791,0.6575060141868918,-1.1490173339843763,-26.656094074249275,56.31178283691406,39.160829257334576,55.65427682272717,68.05122391833125
seq07,test,94,1788536792.1585412,1.4335225165936454,12.32025383436527,0.6686149164626336,-1.201721191406246,-26.70809185504914,56.257171630859375,39.11721202556472,55.588556714396745,67.97237611149612
seq07,test,95,1788536792.324807,1.36748908312294,12.232890371092731,0.6725058456581445,-2.9471683419146846,-26.3110306546808,56.44137008465444,38.78466342172508,55.768864238996294,67.92949532599296
seq07,test,96,1788536792.4864771,1.4498110902345989,12.207104694231168,0.6534272670497259,-1.3069360256195035,-26.81440806388855,56.14868927001953,39.1187693133727,55.4952620029698,67.89699711600753
seq07,test,97,1788536792.65227,1.400068853007707,12.127654280218843,0.6544519043430128,-1.3594360351562498,-26.868702173233032,56.0948371887207,39.093870157257115,55.44038528437769,67.8377992298742
seq07,test,98,1788536792.8128672,1.3534038564244175,12.047806178597051,0.6554730291052411,-1.4118529558181765,-26.923736572265618,56.041263580322266,39.06952507543406,55.38579055121703,67.77915302364919
seq07,test,99,1788536792.977362,1.256479118961643,11.944557861187858,0.6640622598807242,-1.4641833305358893,-26.979499816894524,55.98798370361328,39.01902446615997,55.32392144373256,67.69948710443146
seq07,test,100,1788536793.138595,1.3205380243308222,11.90894992040087,0.6527225442028273,-1.516419649124147,-27.035977005958557,55.93499755859375,39.048119828494315,55.282275014390926,67.68223986325513
seq07,test,101,1788536793.3079712,1.3378376924272533,11.856493084866143,0.6406646604612658,-1.5685558319091826,-27.093151211738594,55.882339477539055,39.057930233824976,55.24167481707779,67.6547452197265
seq07,test,102,1788536793.474591,1.2717897274301235,11.764922547419646,0.6436052132140933,-1.6205847263336206,-27.151009321212783,55.83000183105469,39.02326976542107,55.18639661784059,67.58959945765645
seq07,test,103,1788536793.645681,1.269334476648823,11.70124890074892,0.6410653132334596,-1.672502398490909,-27.209533929824815,55.77801132202148,39.021832666957145,55.136946008788016,67.54839923983401
seq07,test,104,1788536793.8053,1.2663792629689241,11.640013237198836,0.6317314019717231,-1.724298000335694,-27.26871907711029,55.72637939453125,39.023500622058634,55.09464799255953,67.51484161444692
seq07,test,105,1788536793.9760683,1.2060394087477957,11.550247260286929,0.6343442445561975,-1.7759691476821886,-27.32854461669921,55.675117492675774,38.99298440546229,55.04077324811958,67.45323974869954
seq07,test,106,1788536794.150107,1.178103979134967,11.476713247107867,0.6287377230572844,-1.8275060653686541,-27.388992428779602,55.62422561645508,38.98174918374408,54.995487893397794,67.40979497118498
seq07,test,107,1788536794.324758,1.169695030560672,11.411260459457694,0.6218966270767152,-1.8789049386978132,-27.450054407119737,55.57373809814453,38.98071003627095,54.951841471067816,67.37359004827637
seq07,test,108,1788536794.515083,1.1395072867528984,11.335455935268474,0.6188782816462277,-1.9301574230194143,-27.511707067489624,55.52365493774414,38.96825521874541,54.904776656097916,67.32799874086021
seq07,test,109,1788536794.683451,1.092731212089698,11.251218322480314,0.6175669402001964,-1.9812573194503778,-27.57394021749498,55.47398757934571,38.946660205289184,54.85642063914551,67.27606726381326
seq07,test,110,1788536794.861407,0.9590457272110392,11.120579682066667,0.6314214006453986,-2.032198429107662,-27.636734604835517,55.42475128173828,38.87257326620433,54.79332988109288,67.1817382314174
seq07,test,111,1788536795.0344882,0.9715510609742692,11.059894562200794,0.6264167909676204,-2.0829722881317165,-27.70007771253585,55.37596130371093,38.88014356491739,54.74954451274331,67.15041465234187
seq07,test,112,1788536795.2097862,1.0378268995103508,11.031962620970859,0.6050656546566162,-2.133575439453124,-27.763950169086456,55.3276252746582,38.9253213475408,54.72255962000159,67.15459160306125
seq07,test,113,1788536795.387249,0.9183856158358333,10.904523524368939,0.6170079689097296,-2.1839990615844744,-27.82833904027939,55.279754638671875,38.856909721935274,54.66274666976214,67.06620092581076
seq07,test,114,1788536795.5982192,0.977306122689413,10.870824695014141,0.6030084662932156,-2.23423457145691,-27.89322280883789,55.23236083984375,38.896855560714094,54.62935237355053,67.06214664969058
seq07,test,115,1788536795.776889,0.9441515470503808,10.791220061420784,0.5991576258953759,-2.284279823303221,-27.95859146118164,55.18545913696289,38.88406694457635,54.58630151106752,67.01966110633109
seq07,test,116,1788536795.9677432,0.8827856007708631,10.695722982281964,0.6002707461749981,-2.334123373031617,-28.024425566196435,55.13906097412109,38.85355076388727,54.53879022794609,66.96325892972857
seq07,test,117,1788536796.1368892,0.8673618827596581,10.626210069086701,0.5916723942021767,-2.3837609291076625,-28.09071004390716,55.09317398071289,38.85318137004733,54.50150158651071,66.9326779514926
seq07,test,118,1788536796.3145092,0.8673103654201885,10.56545205902582,0.5804967916127568,-2.4331860542297385,-28.15742141008377,55.04780960083008,38.86327580532543,54.46731280921732,66.91070445734316
seq07,test,119,1788536796.49942,0.8318946271987351,10.485134976079742,0.5751514234757698,-2.482390165328984,-28.22454509139061,55.00299072265625,38.851303898478,54.427839299180484,66.87161958102486
seq07,test,120,1788536796.673991,0.737072784012756,10.36720453340765,0.5812954716371814,-2.531367063522337,-28.29206857085228,54.95871353149414,38.797191856972205,54.37741805985696,66.79914438705909
seq07,test,121,1788536796.863531,0.4624039114026593,10.132913064296034,0.6253160969531089,-2.5801098346710254,-28.359969958662994,54.91499328613281,38.612937382621574,54.289677189179706,66.62077740930073
seq07,test,122,1788536797.04279,0.7522295918948783,10.24165758751712,0.5723499624691106,-2.628613233566283,-28.42823476344347,54.87184143066406,38.81740167303,54.29949146819495,66.74747520580782
seq07,test,123,1788536797.21154,0.6285612837565075,10.102805055393887,0.582064019901285,-2.676867723464969,-28.496842041611664,54.82926940917969,38.74091657324527,54.247205389278406,66.66046736621118
seq07,test,124,1788536797.3826272,0.6159160402328538,10.029478022888338,0.5785488553045823,-2.7248668670654315,-28.56577695906163,54.787288665771484,38.73957327533991,54.2087398104669,66.62838741403193
seq07,test,125,1788536797.552205,0.5894695164481738,9.946420078140097,0.5782348981170333,-2.7726049423217756,-28.635017842054367,54.745906829833984,38.72765028576007,54.16767193171695,66.5880438153746
seq07,test,126,1788536797.725683,0.5971053734355947,9.889102683945705,0.5683820063503755,-2.8200755119323686,-28.704552322626107,54.70513534545898,38.74464262281444,54.1367533391086,66.57278268233269
seq07,test,127,1788536797.896682,0.5860718958516504,9.82086685062092,0.562617997536236,-2.867269277572627,-28.7743535041809,54.664985656738274,38.749407730903144,54.10236765920204,66.54759789674792
seq07,test,128,1788536798.07183,0.508283555620176,9.707203454566386,0.5656620054808568,-2.9141795635223415,-28.84441387653351,54.62546157836913,38.703235687025604,54.059799572888274,66.48610668783594
seq07,test,129,1788536798.245995,0.5361266566330192,9.66702819616207,0.5526692827131405,-2.960801839828489,-28.914707481861115,54.58658218383789,38.739886897591894,54.03391290112475,66.48640898893959
seq07,test,130,1788536798.410761,0.5113078938066475,9.591806206635598,0.5466887931018332,-3.007127523422241,-28.985221803188324,54.54835510253906,38.73714596941739,54.001666309437226,66.45860698248013
seq07,test,131,1788536798.586215,0.40545351171072663,9.457043338852705,0.5546897814313145,-3.053148031234744,-29.055934965610504,54.510780334472656,38.66796377510612,53.95609055304134,66.38125586549953
seq07,test,132,1788536798.7631152,0.34973653799531706,9.353917475295942,0.5577986660701868,-3.0988585948944114,-29.126827836036682,54.47387695312499,38.634965615440095,53.91607828705481,66.32951127486213
seq07,test,133,1788536798.935681,0.39366014857710846,9.326435585791547,0.5424194455265765,-3.1442515850067108,-29.197883427143097,54.43765640258789,38.68643140488649,53.895236957061314,66.34256960280311
seq07,test,134,1788536799.1267831,0.38646928220079024,9.264570115828564,0.5349543235197287,-3.1893200874328644,-29.26908153295517,54.40211486816406,38.699206438967174,53.867160544644335,66.32721586308509
seq07,test,135,1788536799.300605,0.35315684624925425,9.185557800692855,0.5288172452458817,-3.234055757522579,-29.340408623218536,54.36727523803711,38.692611480242675,53.83845799279123,66.30005838762551
seq07,test,136,1788536799.4668531,0.318330860207425,9.10482978539884,0.523316460629212,-3.278453350067137,-29.411838531494134,54.33312988281249,38.68424220388487,53.80981342218328,66.27191422781603
seq07,test,137,1788536799.639049,0.2549609925185678,9.00128666568343,0.5233396366725438,-3.322504281997679,-29.483352541923523,54.29970169067383,38.65055902221918,53.77636205400128,66.22509213653898
seq07,test,138,1788536799.81539,0.17489711108869055,8.880938735508204,0.5268895519304451,-3.3662035465240487,-29.55493927001954,54.26700210571289,38.59865427606456,53.740112553782446,66.16536714336559
seq07,test,139,1788536799.9905741,0.2197685762719927,8.863787175190478,0.510868917034409,-3.4095416069030784,-29.626575469970703,54.23501968383788,38.66109037471289,53.724150766803476,66.18885317465433
seq07,test,140,1788536800.164315,0.17498182159396214,8.775670929172756,0.507408780991933,-3.452513456344609,-29.698242783546448,54.20377731323242,38.6445437075563,53.69636853224049,66.15663800341895
seq07,test,141,1788536800.336753,0.13391161742444257,8.691885164310303,0.5021149337298196,-3.4951097965240456,-29.769923925399773,54.17327880859375,38.63263587792323,53.67116387486393,66.12922490517109
seq07,test,142,1788536800.5136352,0.027959854161291875,8.547364356752047,0.5094067543115872,-3.5373258590698238,-29.8415949344635,54.14353561401367,38.5541626504788,53.63412885970209,66.05333629892364
seq07,test,143,1788536800.690241,0.07574050464744445,8.539462862745907,0.4921513370609729,-3.5791544914245574,-29.913239121437073,54.11454772949218,38.626008689957885,53.622396392431206,66.08577715502574
seq07,test,144,1788536800.8671021,0.016858480461372838,8.436763154073258,0.4907834039063479,-3.6205863952636737,-29.984840631484985,54.08632659912109,38.59340154324781,53.59554319521474,66.04493086580143
seq07,test,145,1788536801.043602,-0.06314163578574578,8.311511956967124,0.49618067300034574,-3.661616802215576,-30.05637764930725,54.058879852294915,38.53626832430288,53.56269917929457,65.98489766404334
seq07,test,146,1788536801.221502,-0.09209694904533317,8.232663778312704,0.49388111457813944,-3.7022373676300058,-30.127831220626838,54.03221130371094,38.52999728011364,53.5383301891328,65.96145457648863
seq07,test,147,1788536801.399671,-0.13359532959670295,8.142334025475433,0.49293500096846055,-3.7424426078796413,-30.199180603027337,54.00633239746094,38.51097924859432,53.51339739649248,65.93010862724701
seq07,test,148,1788536801.56882,-0.15595194159023773,8.072097857471993,0.48782758019690786,-3.7822227478027317,-30.270412445068352,53.98124313354492,38.51360715721655,53.493415553348015,65.91542644801426
seq07,test,149,1788536801.7327971,-0.13638064570467484,8.049117709960598,0.47409904586105567,-3.821574687957765,-30.341503381729126,53.95695495605469,38.56709015384424,53.482855910193635,65.93812492970424
seq07,test,150,1788536801.903985,-0.22917730747186635,7.910468853789394,0.4786808602165453,-3.860486984252929,-30.412433862686157,53.9334716796875,38.49456172740681,53.45479081947096,65.8729530546379
seq07,test,151,1788536802.0728722,-0.20240242505644235,7.898633923987306,0.4639779359930072,-3.898956775665284,-30.483185052871704,53.91080093383789,38.55941573778549,53.44682299784488,65.90441131367717
seq07,test,152,1788536802.2428102,-0.2903340638955122,7.76310738584873,0.46815520060551985,-3.9369750022888197,-30.55373787879944,53.88894271850586,38.48998078940228,53.42078751790034,65.84268494070706
seq07,test,153,1788536802.411955,-0.32190417633342616,7.686528423468885,0.4649514554564387,-3.9745342731475835,-30.624080896377563,53.8679084777832,38.484340881481366,53.40295702232677,65.82492166201595
seq07,test,154,1788536802.577362,-0.2870275373191566,7.691022278008901,0.448487271769076,-4.011628150939942,-30.694187641143806,53.84769821166992,38.56548962827263,53.39921093990085,65.86936100549656
seq07,test,155,1788536802.749042,-0.37788013064067294,7.554627548444716,0.45070142410728486,-4.846863860302909,-30.66930078715137,53.863781518275196,38.48428917078723,53.41308009416791,65.83310442419351
seq07,test,156,1788536802.9187422,-0.42368806669324477,7.465232763606338,0.44808661308826836,-4.084394454956053,-30.833610773086548,53.80978775024414,38.473395840621485,53.36170113715587,65.78505404543111
seq07,test,157,1788536803.084315,-0.42430214082465667,7.4323642444395155,0.4383185097673581,-4.120052337646482,-30.90290117263794,53.79208755493164,38.512999676928345,53.353769045164285,65.80179188623828
seq07,test,158,1788536803.2619002,-0.471977491144442,7.34714874114867,0.4327730027308292,-4.1552186012268075,-30.97187829017639,53.77523803710937,38.49563738532487,53.34246503437854,65.78246478847018
seq07,test,159,1788536803.438338,-0.5534566766149425,7.212972950618555,0.435463945030627,-4.189884662628174,-31.040523529052727,53.75923538208008,38.42594958381228,53.32377143704945,65.72654107503585
seq07,test,160,1788536803.614345,-0.5472255382629583,7.193190446134137,0.42463033805497075,-4.2240443229675275,-31.108825683593743,53.74409103393555,38.478090336937086,53.31946069588058,65.75354229908108
seq07,test,161,1788536803.788615,-0.5854983090742838,7.120381088043818,0.4178399100537107,-4.257690906524658,-31.176758050918586,53.72980499267578,38.472793825011145,53.31196508262207,65.74436466855947
seq07,test,162,1788536803.9606953,-0.658548107820695,6.995743188265913,0.41856683659755256,-4.290817737579345,-31.244308948516846,53.71636962890624,38.4121721604901,53.29780279230869,65.69741815760311
seq07,test,163,1788536804.134463,-0.6993577190166796,6.911309407460118,0.41669394599738796,-4.32341766357422,-31.311455249786377,53.70380783081055,38.39418638967361,53.28711388481316,65.67823120865881
seq07,test,164,1788536804.3069923,-0.6749478324952911,6.926788913641975,0.40299075687312325,-4.355484962463378,-31.37817811965943,53.69211196899413,38.48138320002779,53.28912121212101,65.73087016423491
seq07,test,165,1788536804.4783502,-0.7535389192472024,6.795085794762031,0.40314241990693245,-4.898928436355785,-31.405273677422173,53.69424371077762,38.42462385050304,53.291101290870685,65.69926327476198
seq07,test,166,1788536804.659067,-0.7973572184725489,6.709105773256927,0.4007860145706892,-4.4179949760436985,-31.51028871536254,53.67133331298828,38.390508369234524,53.27054729841759,65.66264038493435
seq07,test,167,1788536804.8348892,-0.8104378190883118,6.675714472336845,0.3919885165006016,-4.448423862457279,-31.575642108917236,53.662254333496094,38.42396677541242,53.27026581699549,65.68197959083874
seq07,test,168,1788536805.023272,-0.8293349681891068,6.638043287722184,0.3829381568009802,-4.47829294204712,-31.64050316810608,53.65405654907226,38.45207423619673,53.271118392271276,65.69911770967222
seq07,test,169,1788536805.209758,-0.9102261867034663,6.497549177823772,0.38288688889815936,-4.50759506225586,-31.704849243164055,53.646736145019524,38.37139960885824,53.26384925612137,65.64603526125174
seq07,test,170,1788536805.3942552,-0.8961430465107654,6.515081965084232,0.37171453521907005,-4.53632688522339,-31.76866579055787,53.64029693603515,38.45642053802273,53.26858240081608,65.69960541426249
seq07,test,171,1788536805.56354,-0.9895626716093872,6.349126582639373,0.3733609204213233,-4.5644793510436985,-31.83193612098694,53.63474655151367,38.34805833993609,53.261385631092345,65.63039522802733
seq07,test,172,1788536805.742599,-0.9903094214834779,6.345270601348001,0.3643695386749801,-4.592045783996581,-31.89464235305786,53.63007354736328,38.409158381635834,53.2657040086883,65.66961756494992
seq07,test,173,1788536805.9229069,-1.0559998443167706,6.22354687539168,0.3630522945234216,-4.619020938873291,-31.956760406494134,53.62628936767578,38.346199074477745,53.26323707315236,65.63081141484014
seq07,test,174,1788536806.097978,-1.0711021640838447,6.198098737754325,0.3555674509660247,-4.645398616790773,-32.018287658691406,53.623394012451165,38.38317058730656,53.26782656148514,65.65614313161211
seq07,test,175,1788536806.2778442,-1.088424749226163,6.173911939135322,0.34824475821655043,-4.671172618865966,-32.07919716835022,53.62137985229492,38.420521062143365,53.27313509407837,65.68229107939618
seq07,test,176,1788536806.4520662,-1.1615226369596408,6.036630514610005,0.34664840349112325,-4.696335792541506,-32.139469146728516,53.62025833129883,38.33939865722108,53.273609927807705,65.63525732514148
seq07,test,177,1788536806.629635,-1.2038681648859322,5.955040883271515,0.3437874198379989,-4.720882415771485,-32.19909334182739,53.62002182006835,38.3158889719108,53.27623440023035,65.62365807828823
seq07,test,178,1788536806.8084292,-1.2031389387855687,5.970093503489423,0.3371490473498808,-4.744807720184325,-32.25804901123047,53.62067794799804,38.391851972558825,53.28352890064816,65.67395792845956
seq07,test,179,1788536806.9870102,-1.2250820999138845,5.943459634123423,0.3315101638744635,-4.768104076385497,-32.316322326660156,53.62221908569336,38.42348136768012,53.2907089218189,65.6982768252143
seq07,test,180,1788536807.163635,-1.2628597399291013,5.882964297649516,0.32715267404672144,-4.7907652854919425,-32.37389373779297,53.624649047851555,38.41917886007473,53.29749637380483,65.7012665326792
seq07,test,181,1788536807.332461,-1.3121475652705124,5.793567200293678,0.3238710656500936,-4.812787532806396,-32.43075180053711,53.627967834472656,38.38428120024632,53.30409676882256,65.68622211392267
seq07,test,182,1788536807.505161,-1.3612189027531543,5.701289154510678,0.32087357904134883,-5.091431558912856,-32.49032890366853,53.63160061106737,38.37335242537474,53.31072703202602,65.68521746211398
seq07,test,183,1788536807.675529,-1.3857378871528307,5.673445898297347,0.3198708117908662,-4.85488510131836,-32.54225587844848,53.63725280761719,38.37283993507291,53.317381995826324,65.69031943575546
seq07,test,184,1788536807.8485441,-1.422675663824349,5.617806333809399,0.3198194275740214,-4.874950408935545,-32.59686279296875,53.64323043823242,38.37028977457511,53.323411010658404,65.69372343836562
seq07,test,185,1788536808.0225632,-1.465722258719414,5.545337503236781,0.31984454948272933,-4.894352436065675,-32.65069580078125,53.65008544921875,38.34960840810065,53.33024089973602,65.68719098483768
seq07,test,186,1788536808.1998951,-1.4874917949863455,5.531658788596642,0.3198774797284303,-4.9130849838256845,-32.70373535156251,53.65782165527344,38.388540656669136,53.337944175545005,65.71618021935157
seq07,test,187,1788536808.3757682,-1.5432789297056013,5.423976097941567,0.3198538034429632,-4.931143283843994,-32.755958557128906,53.66643524169921,38.32994958446323,53.34658143825625,65.68898527375804
seq07,test,188,1788536808.546067,-1.5705199104454803,5.398051352847661,0.31986972094386523,-4.948521137237549,-32.80736207962036,53.675926208496094,38.35445877383771,53.35605648755223,65.71098288518353
seq07,test,189,1788536808.723474,-1.606035840805549,5.347982021834314,0.3198909381082069,-4.96521282196045,-32.8579216003418,53.686294555664055,38.353293751355054,53.36640361755585,65.71870492218792
seq07,test,190,1788536808.9059591,-1.638995199531532,5.306108073337328,0.3198334541252972,-4.981214046478271,-32.90762710571289,53.69752883911133,38.359613959937946,53.37769538498603,65.73156279724243
seq07,test,191,1788536809.0802112,-1.6837727993532878,5.226800056313952,0.31985477673984763,-4.996518611907959,-32.95645904541015,53.70963668823242,38.326695141219716,53.38978191149258,65.72217565635465
seq07,test,192,1788536809.254631,-1.7052722219803242,5.226241006498456,0.319876203621261,-5.01112174987793,-33.004414081573486,53.72261047363281,38.373319240902546,53.40273427001155,65.75989398621084
seq07,test,193,1788536809.4267652,-1.7623571187158085,5.100878451705568,0.31976990338104794,-5.025018692016601,-33.05146408081054,53.7364501953125,38.29159439433583,53.41668029193145,65.72357213869883
seq07,test,194,1788536809.597172,-1.7856920174025726,5.096462205310935,0.3198598152228924,-5.038204193115234,-33.097607135772705,53.75114059448242,38.33230710881703,53.43128077925953,65.75916311812928
seq07,test,195,1788536809.7652423,-1.8292074720804323,5.015250622476729,0.31984775020393585,-5.258739580908042,-33.15394187052619,53.76615474138935,38.322955862686136,53.446306991185416,65.76592337259034
seq07,test,196,1788536809.932221,-1.8601592326607317,4.984928756529569,0.31980804591891654,-5.062419414520265,-33.18709993362427,53.783096313476555,38.3061123659691,53.46328826755764,65.76991285515146
seq07,test,197,1788536810.0952191,-1.8853996555476416,4.9795953136300515,0.3198308109974901,-5.073439598083495,-33.23042297363281,53.80034637451172,38.342784147583316,53.48051556351423,65.80527821632133
seq07,test,198,1788536810.25758,-1.92687092910611,4.900417428564306,0.3198348358432901,-5.083727836608887,-33.27278137207031,53.81844711303711,38.30350965913202,53.49861227719382,65.79711519354578
seq07,test,199,1788536810.4331672,-1.9530238290635884,4.895568136535227,0.3198401986339352,-5.0932817459106445,-33.31416368484497,53.83737564086914,38.338555341146005,53.51753544223521,65.83290533963252
seq07,test,200,1788536810.6042173,-1.9874196085769198,4.8496347375876265,0.31984163557949685,-5.1020941734313965,-33.35455322265624,53.85714721679687,38.33094279230025,53.53730558121737,65.844546199691
seq07,test,201,1788536810.778461,-2.0173621553709706,4.828874457572399,0.31984109762157775,-5.110162258148193,-33.39394426345825,53.87774658203125,38.34774156917862,53.55790548440967,65.87107501273583
seq07,test,202,1788536810.940191,-2.049949896665015,4.794328412027405,0.31984217492145617,-5.1174798011779785,-33.432315826416016,53.899169921875,38.34952502245107,53.579327746953545,65.88953203099159
seq07,test,203,1788536811.101411,-2.0845436935958195,4.745535971311207,0.31984422452795336,-5.280785284528857,-33.48409582454296,53.920799430896395,38.36301223254235,53.60095520636844,65.91496875967788
seq07,test,204,1788536811.268083,-2.11692108228447,4.711502638469003,0.3198476248855433,-5.1298508644104,-33.50597000122071,53.94447326660156,38.33605301589424,53.62462564171602,65.91853636157012
seq07,test,205,1788536811.442301,-2.1478134931949167,4.68930403056443,0.3198526778765234,-5.134894847869873,-33.54122543334961,53.96833419799804,38.347047319326244,53.648481520121514,65.94433719073584
seq07,test,206,1788536811.619996,-2.1788150311368764,4.666276573084009,0.31983138494542507,-5.1391730308532715,-33.5754280090332,53.99300003051758,38.35611670688795,53.673168645572154,65.9696954766993
seq07,test,207,1788536811.792,-2.219443987622214,4.5453085063300245,0.31977805926806346,-5.142680644989014,-33.60855150222779,54.01846694946289,38.26568104852702,53.69868889019483,65.93793699103374
seq07,test,208,1788536811.967641,-2.2427955396709165,4.599649645089972,0.31984665527493283,-5.145413875579834,-33.640594959259026,54.044715881347656,38.35024772546323,53.72486922607273,66.00835609196015
seq07,test,209,1788536812.1393652,-2.273690804728707,4.574163030662923,0.31981473433702035,-5.147368431091309,-33.67154741287232,54.071758270263665,38.35351861864825,53.75194353592664,66.03229379871976
seq07,test,210,1788536812.3139782,-2.3050083339417577,4.53561454149137,0.31985261962351186,-5.148542404174805,-33.70139741897583,54.09956741333008,38.34259732560495,53.77971479370657,66.0485616267751
seq07,test,211,1788536812.486834,-2.3376196854681877,4.4645172695345865,0.319810187604636,-5.148930549621582,-33.73012971878051,54.12815475463867,38.29797027698615,53.808344567034034,66.04598755701647
seq07,test,212,1788536812.6610582,-2.367551114230029,4.441156502004172,0.3197738167219226,-5.148531436920167,-33.75774431228638,54.15749740600586,38.299998367822376,53.83772358928394,66.07110076464095
seq07,test,213,1788536812.850771,-2.3958994674236385,4.470842309533089,0.31978455517540616,-5.147339344024658,-33.784229755401604,54.18760299682617,38.35389106841569,53.86781844165077,66.12686915128032
seq07,test,214,1788536813.021197,-2.4253626598743296,4.435467340861183,0.3197872203717067,-5.145350933074951,-33.80957031249999,54.21845245361328,38.341638479769784,53.89866523324157,66.14489666813614
seq07,test,215,1788536813.1974812,-2.4542945464179935,4.381344200590417,0.31978891464039094,-5.1425652503967285,-33.83376693725586,54.250038146972656,38.309548661604104,53.930249232332265,66.15204683845609
seq07,test,216,1788536813.369235,-2.4833863465760455,4.395261780988877,0.31981588121057336,-5.138976097106934,-33.85680389404297,54.28236389160156,38.344134953472015,53.96254801039099,66.19840838799546
seq07,test,217,1788536813.541479,-2.512242338714059,4.385477709882547,0.3198168914674764,-5.134583473205566,-33.87867736816406,54.315410614013665,38.35390771306682,53.99559372254619,66.23100768003395
seq07,test,218,1788536813.7253602,-2.5400451772071118,4.356997871706609,0.31981810890835405,-5.129383563995361,-33.899376392364495,54.34917831420898,38.34390231984712,54.02936020530062,66.25274793778821
seq07,test,219,1788536813.897941,-2.568288950068735,4.3431701860177485,0.31981190599237364,-5.123372077941894,-33.91889238357544,54.38365173339844,38.347279980069075,54.06383982740606,66.28282325575175
seq07,test,220,1788536814.0830302,-2.5958424486313634,4.3289571812662935,0.3198299421986084,-5.116549015045164,-33.93722200393677,54.4188232421875,38.34911251943165,54.09899329998889,66.3125591958286
seq07,test,221,1788536814.2569973,-2.621237164097041,4.2898220878797435,0.3198178240667864,-5.169303220299023,-33.976992002434834,54.45385274685849,38.351554091711414,54.1340349227917,66.34256128814667
seq07,test,222,1788536814.440525,-2.6493770109733417,4.294147523873874,0.3198257235826063,-5.100451469421385,-33.970287799835205,54.491233825683594,38.342858222140556,54.17140810210099,66.36803622533625
seq07,test,223,1788536814.611638,-2.673963085382613,4.2646472204784756,0.3198050345470762,-5.091174125671386,-33.98501205444336,54.52845764160156,38.32596174737051,54.20865260705449,66.38868398555
seq07,test,224,1788536814.791486,-2.6967383790316295,4.228245350982882,0.31977600663011674,-5.0810742378234846,-33.998520374298096,54.56633758544921,38.30105318790904,54.2465615788191,66.40527176683828
seq07,test,225,1788536814.955528,-2.7278994464632405,4.265466022789294,0.31981722101488796,-5.070148944854736,-34.01081132888793,54.60487747192383,38.34787530770426,54.28506025090894,66.46372925934904
seq07,test,226,1788536815.125375,-2.7451933596119726,4.202150878710669,0.31975939348508464,-5.058396339416505,-34.021873950958245,54.64406204223633,38.29395490420025,54.32430264875124,66.46470371917746
seq07,test,227,1788536815.290546,-2.7759349840095604,4.237986082599586,0.31979299195264965,-5.068507530027977,-34.05502627821583,54.682792408566485,38.36157823323122,54.36299941661383,66.53530183380154
seq07,test,228,1788536815.4588633,-2.8035323721954444,4.2523601395518735,0.3198254397811915,-5.032405376434326,-34.04030227661133,54.72432327270508,38.3574747576957,54.40449783292389,66.56684801190366
seq07,test,229,1788536815.629213,-2.823514182423417,4.225221832633105,0.3198230684550134,-5.031415702054973,-34.07554076080072,54.764165112034654,38.36434861116465,54.44434204357964,66.60337547690254
seq07,test,230,1788536815.80211,-2.840494245436446,4.189345358070552,0.31979760233413357,-5.003085136413575,-34.05376482009888,54.80705261230469,38.30420702039586,54.48725500997055,66.60385299652644
seq07,test,231,1788536815.9728692,-2.8749362332571664,4.2360660058521145,0.3198186276676078,-4.987174510955809,-34.05862808227539,54.84931564331055,38.35290270429401,54.52949701564294,66.66641726254723
seq07,test,232,1788536816.1405551,-2.8905158486072082,4.1871680221310825,0.31977014937900794,-4.970426082611085,-34.06223726272583,54.89216232299805,38.30591378921476,54.572392173619036,66.67450051389984
seq07,test,233,1788536816.3002713,-2.928872207786271,4.238033040343718,0.3197997057086752,-4.952841281890869,-34.064590454101555,54.935585021972656,38.356061025216896,54.61578531626398,66.73882994990547
seq07,test,234,1788536816.464204,-2.9573682076746506,4.242273870831556,0.3198124719089499,-4.934416770935059,-34.06568527221679,54.97956848144531,38.35894230459113,54.659756009536366,66.77647326528256
seq07,test,235,1788536816.640219,-2.975958723232641,4.205323320215737,0.31978646954502743,-4.915153503417968,-34.06551742553711,55.02410507202148,38.319939036776596,54.70431860247645,66.79056970518761
seq07,test,236,1788536816.8289962,-3.0068583244162355,4.221880964700874,0.31982121415042264,-4.889729331677065,-34.09396684200878,55.06841179177747,38.36208279508453,54.74859057762705,66.85101021385955
seq07,test,237,1788536817.0113223,-3.022838221601503,4.179082629871054,0.3197773736435576,-4.874105930328368,-34.06138610839844,55.11479187011719,38.28525357695755,54.79501449647363,66.84500172130072
seq07,test,238,1788536817.19522,-3.0514916900947013,4.190601653118786,0.3197653388674657,-4.852319717407227,-34.05741882324219,55.16092681884765,38.29039111766923,54.84116147998019,66.88577609938712
seq07,test,239,1788536817.3715112,-3.0796224544724513,4.202218814347651,0.3197648513257605,-4.829692363739014,-34.05217790603638,55.20756530761719,38.29440707372094,54.88780045629143,66.92631957651275
seq07,test,240,1788536817.5505013,-3.114964923763147,4.244337988932536,0.3197786292260738,-4.806222438812254,-34.045673847198486,55.25469970703124,38.327344786630654,54.93492107780517,66.98381082185416
seq07,test,241,1788536817.723859,-3.141960654027732,4.2562196693938175,0.3197889917755179,-4.781908988952638,-34.03789186477661,55.30231857299805,38.32921090673153,54.98252958122253,67.02392832326913
seq07,test,242,1788536817.905905,-3.173697985899911,4.28918594011601,0.31980567161871365,-4.756753921508787,-34.028839111328125,55.35041046142578,38.350711987372115,55.030604789807064,67.07566304905455
seq07,test,243,1788536818.081596,-3.190716603926808,4.269005511853662,0.31982145752887825,-4.7307567596435565,-34.018516540527344,55.39896392822265,38.31848207579186,55.07914247069377,67.0970789520659
seq07,test,244,1788536818.2603831,-3.2010167776759877,4.227460731245466,0.31978375023242034,-4.7039170265197745,-34.006920337677,55.447967529296875,38.26390733944393,55.12818377906446,67.10620874151554
seq07,test,245,1788536818.4334772,-3.2463339797811264,4.319659355195551,0.3198190171306956,-4.6762351989746085,-33.99404573440552,55.49740600585937,38.340378391319696,55.17758698872867,67.19040646616371
seq07,test,246,1788536818.6045792,-3.2661772605396933,4.319468072647771,0.31979339554382435,-4.647712230682372,-33.97990846633911,55.54727554321289,38.32428580089688,55.227482147669065,67.22221111001878
seq07,test,247,1788536818.7808251,-3.2783115867669887,4.294806854026178,0.31979070361246764,-4.618348121643066,-33.964497089385986,55.59754943847656,38.282764217715474,55.27775873486409,67.23987393577593
seq07,test,248,1788536818.953012,-3.3139112663523766,4.358572882201391,0.31982100758222876,-4.588144302368165,-33.94781541824341,55.64822769165039,38.32757564019055,55.32840668406816,67.30702519538482
seq07,test,249,1788536819.1354592,-3.3220041187574294,4.325785319353256,0.3197709902629611,-4.557101249694822,-33.92986297607422,55.69929504394531,38.275580876405954,55.37952405368235,67.31947545724547
seq07,test,250,1788536819.310523,-3.3627996814062846,4.413255440861206,0.3198104504111612,-4.525218963623047,-33.91065263748168,55.750736236572266,38.3415329503783,55.430925786161104,67.39926321923589
seq07,test,251,1788536819.490737,-3.371314669115715,4.388500333127991,0.31978690367425955,-4.4925003051757795,-33.890174865722656,55.80253601074219,38.295091489766826,55.48274910706793,67.41549881657376
seq07,test,252,1788536819.6681182,-3.392314962434615,4.411356343575588,0.3197853600731988,-4.458945751190184,-33.86843538284301,55.85469436645508,38.29464918049919,55.53490900638188,67.45818166986584
seq07,test,253,1788536819.843723,-3.422156157337104,4.467826469610895,0.31978638313149266,-4.424556255340576,-33.845444202423096,55.90718460083008,38.32638145644613,55.587398217698585,67.51940725567736
seq07,test,254,1788536820.0202262,-3.4257765054519753,4.436072369479643,0.31975573365659127,-4.389334201812743,-33.82119417190552,55.959999084472656,38.269398827951356,55.640243350816064,67.53061207179182
seq07,test,255,1788536820.195774,-3.4458011369584476,4.464538008758243,0.3197359696807771,-4.3532791137695295,-33.79569625854492,56.01312255859375,38.27099479328067,55.69338658891297,67.57530874668223
seq07,test,256,1788536820.3661492,-3.4777299785478037,4.53657062349476,0.31978216421986283,-4.309618723304356,-33.79425017997859,56.06584986566103,38.3398469265546,55.74606770144116,67.65772628846834
seq07,test,257,1788536820.5412102,-3.499979726138737,4.577988694283983,0.31980791041180057,-4.27868413925171,-33.74095916748046,56.12025451660156,38.326859326008226,55.80044660618976,67.695184372641
seq07,test,258,1788536820.717456,-3.5129520922779656,4.5907939992081435,0.3198019328013433,-4.24014711380005,-33.71173143386841,56.174232482910156,38.30942791468966,55.854430550108816,67.72982857816585
seq07,test,259,1788536820.8980591,-3.5133524047363394,4.564464546233528,0.3197627569547208,-4.200786113739013,-33.68127489089966,56.22846984863281,38.251916948008734,55.90870709167809,67.74210418093324
seq07,test,260,1788536821.068435,-3.548045851392539,4.656614365117015,0.3197853987485342,-4.160603046417237,-33.64958572387696,56.28295135498047,38.31109749896521,55.96316595623193,67.82046988498367
seq07,test,261,1788536821.243554,-3.5558678889342072,4.661324303336993,0.3197777675229143,-4.119601249694824,-33.616676807403564,56.337661743164055,38.28215203375968,56.01788397564114,67.84929247563517
seq07,test,262,1788536821.418194,-3.584775431199761,4.739336371478778,0.31981293482219586,-4.077785015106201,-33.58254623413085,56.39259338378906,38.325053749315856,56.07278044896687,67.91882251751711
seq07,test,263,1788536821.5957603,-3.57576245198255,4.6942242404416055,0.3197673115040207,-4.035152435302734,-33.54721450805663,56.44772720336914,38.24419794834136,56.12795989186512,67.91882329910271
seq07,test,264,1788536821.771222,-3.612640541217877,4.804194849088977,0.31979592430773884,-3.991710662841794,-33.51067352294922,56.503055572509766,38.316743501029954,56.183259648202025,68.00537844333348
seq07,test,265,1788536821.951142,-3.627104624020016,4.8426730719482665,0.3198064955634363,-3.94746136665344,-33.47293472290039,56.55855178833008,38.31694702258021,56.238745292766644,68.05134018691992
seq07,test,266,1788536822.132898,-3.640462938528463,4.880428913043455,0.3198042258004583,-3.902405977249144,-33.43400573730469,56.61421585083008,38.315330048576286,56.29441162502962,68.09644114738744
seq07,test,267,1788536822.303575,-3.6498386553456172,4.908052142973002,0.3197851809082768,-3.856549501419068,-33.39389419555664,56.67003631591797,38.30250413084618,56.35025113500969,68.13539921121877
seq07,test,268,1788536822.4765031,-3.6633810500174584,4.952266354938436,0.31978351897818724,-3.8098955154418936,-33.352607727050774,56.72598648071289,38.30515428667045,56.40620296173471,68.1831693124193
seq07,test,269,1788536822.6546392,-3.6594266005424534,4.942337239632804,0.3197693049894108,-3.7624468803405766,-33.31015396118164,56.78205871582031,38.252629925881386,56.4622894108309,68.20010133246771
seq07,test,270,1788536822.8435652,-3.69168776903866,5.0532486764407,0.3198010109304681,-3.714205741882326,-33.26654100418091,56.83823776245117,38.31979629677297,56.5184367515207,68.28426232347994
seq07,test,271,1788536823.0238001,-3.6887253612221746,5.052360213272319,0.3197784415293954,-3.6651787757873544,-33.221779346466064,56.89451217651367,38.27414680277036,56.57473373498428,68.30527659459688
seq07,test,272,1788536823.2044423,-3.7036671034116435,5.112546181688688,0.319795284976383,-3.6153674125671382,-33.17587661743164,56.95087432861328,38.288524616124874,56.6310790436369,68.36000461473252
seq07,test,273,1788536823.3847811,-3.7131877790550805,5.1579417222567105,0.319771400533722,-3.564776420593264,-33.12883758544921,57.00728988647461,38.28706695071194,56.687518485940885,68.40595184472026
seq07,test,274,1788536823.576446,-3.7228459242555902,5.206638688184035,0.3197879450291734,-3.5134105682373034,-33.08068132400513,57.06376266479492,38.28789282376521,56.743974719765745,68.45320594304948
seq07,test,275,1788536823.751873,-3.7171261674622156,5.208419722470136,0.3197826880497068,-3.461274385452272,-33.03140640258789,57.120277404785156,38.24068203116974,56.80049471673545,68.47368810189006
seq07,test,276,1788536823.927793,-3.7389222371745796,5.302039285368893,0.3197925982406853,-3.4083714485168457,-32.98102998733521,57.176815032958984,38.284496297620834,56.857022434718296,68.54504837626568
seq07,test,277,1788536824.108669,-3.7456627238658626,5.349759756405354,0.3198140305029935,-3.3547062873840328,-32.9295620918274,57.23335647583008,38.281318264864076,56.91354244532708,68.59016432238563
seq07,test,278,1788536824.284629,-3.7389546484991203,5.356783983381377,0.3197835824832407,-3.3002836704254164,-32.87701416015624,57.289905548095696,38.23631458061544,56.97012196561246,68.61202918938153
seq07,test,279,1788536824.460191,-3.7617873434551625,5.462179789158277,0.3197959382750257,-3.2451078891754137,-32.82339096069336,57.34643554687499,38.28905699152657,57.026639608599965,68.68835061602158
seq07,test,280,1788536824.6454232,-3.771032112864092,5.526436370465321,0.31980645248125605,-3.18918561935425,-32.76871109008789,57.40292739868164,38.29956741749866,57.08312094620038,68.74110532516964
seq07,test,281,1788536824.8288372,-3.769324118609799,5.557999036023091,0.3198075222920569,-3.12129249428178,-32.74879067677655,57.45848685200099,38.31227065949996,57.13867932970893,68.79432213947666
seq07,test,282,1788536825.003901,-3.782745672884103,5.641424221941043,0.3198008951639413,-3.075115919113159,-32.6562156677246,57.515769958496094,38.304176808631865,57.19596906333215,68.83740871125656
seq07,test,283,1788536825.189533,-3.7753229457745943,5.659925586795233,0.31979892618950156,-3.0169811248779275,-32.59842300415038,57.572090148925774,38.26586362835199,57.252291222736275,68.8629157782085
seq07,test,284,1788536825.3655941,-3.7762569669675545,5.708275757909955,0.3197786235392488,-2.958120107650759,-32.53961944580078,57.62832260131835,38.25664433055533,57.3085439777791,68.90457204197449
seq07,test,285,1788536825.539843,-3.788654726832949,5.796803156716309,0.31978178232541654,-2.8985376358032213,-32.47981643676758,57.684452056884766,38.28696796483129,57.36467027455935,68.96808908219026
seq07,test,286,1788536825.7048242,-3.7931996654215268,5.862559652967923,0.31978364084935396,-2.838238477706907,-32.41902542114257,57.7404670715332,38.29349431243381,57.42068343068385,69.01830621149155
seq07,test,287,1788536825.8767922,-3.7918881898090797,5.911892934908358,0.3197871611875307,-2.777230262756345,-32.357261657714844,57.796356201171875,38.28260341124967,57.47656903998434,69.05876999014036
seq07,test,288,1788536826.049663,-3.787169919491078,5.952688479558335,0.31978082385448725,-2.7155187129974347,-32.29453706741333,57.85209655761719,38.26223592982121,57.5323157337627,69.09389301550941
seq07,test,289,1788536826.2262762,-3.7900119354632382,6.021063326441089,0.31976547654812015,-2.653109073638915,-32.23086595535278,57.90769577026367,38.2688207539321,57.58793029371555,69.14385263644502
seq07,test,290,1788536826.401931,-3.794767130998197,6.0985696207955105,0.3197706029243368,-2.5900084972381596,-32.16626000404358,57.96311569213867,38.28379068984134,57.643345089214336,69.19829378429668
seq07,test,291,1788536826.5911791,-3.7873793399861606,6.13855895918384,0.31976380649069136,-2.5262231826782218,-32.10073471069336,58.018348693847656,38.26008488260613,57.698584887356965,69.23121256505453
seq07,test,292,1788536826.7634282,-3.782179431422341,6.188318639758708,0.31979371554851466,-2.4617576599121116,-32.0343096256256,58.07339096069336,38.24542881402213,57.753597245144846,69.26897443966409
seq07,test,293,1788536826.9395292,-3.7893653867797994,6.282267807680491,0.3197944882766337,-2.3966209888458274,-31.966991901397705,58.12821960449218,38.274607839277586,57.808425116215545,69.33079849293235
seq07,test,294,1788536827.118898,-3.7833189202230852,6.334645866081771,0.3198080406207131,-2.330819129943846,-31.898796558380127,58.18281936645507,38.261022924974235,57.86301132583436,69.36882552673815
seq07,test,295,1788536827.3168762,-3.7788417911735963,6.394943046306836,0.3197851031351635,-2.2643566131591806,-31.82974648475647,58.23719024658203,38.254680172504465,57.91740514344687,69.41070791780453
seq07,test,296,1788536827.4915242,-3.761883262576073,6.41532456624771,0.31976903799272205,-2.197243690490722,-31.759849786758423,58.29130554199219,38.20722489101967,57.97153650399947,69.42975643416514
seq07,test,297,1788536827.6609821,-3.7688842983110216,6.519846657970236,0.31978306887782093,-2.1294860839843723,-31.68912172317505,58.34516143798828,38.244122309924926,58.02537836911046,69.49501727559272
seq07,test,298,1788536827.845163,-3.7694440620028935,6.605418867350626,0.3198177661061774,-2.0610888004302987,-31.617580890655518,58.39873504638672,38.26115769550473,58.07891728028054,69.54909647615813
seq07,test,299,1788536828.0249522,-3.7569205169536253,6.648677788157808,0.31980844397269825,-1.99206292629242,-31.54524254798889,58.45201873779297,38.23467370017998,58.13221029382027,69.57904962418054
seq07,test,300,1788536828.2015672,-3.753704407345918,6.726673868070626,0.31979571973403464,-1.9224132299423207,-31.47212624549865,58.50499725341797,38.24267194499956,58.18520153368394,69.62772174219312
seq07,test,301,1788536828.3867233,-3.735145948707456,6.753669966286,0.31975216574371035,-1.8521472215652452,-31.39824342727661,58.55766296386718,38.1983531031944,58.23791079812347,69.64745820147715
seq07,test,302,1788536828.5663981,-3.718059997087007,6.787694688464411,0.31974911834435904,-1.7812743186950686,-31.323608636856072,58.60999298095703,38.160484534641434,58.29024386261267,69.67047516331047
seq07,test,303,1788536828.7475882,-3.7198452474741033,6.891046492905845,0.31975825646051104,-1.7097997665405285,-31.248249292373657,58.6619873046875,38.19222651054086,58.34222904822699,69.73135489970234
seq07,test,304,1788536828.928873,-3.727529098508317,7.018875599686876,0.3198064650683057,-1.6377331018447885,-31.17217302322387,58.71362304687499,38.2481822081155,58.39381658180669,69.8051664077587
seq07,test,305,1788536829.1039603,-3.7141108218116217,7.074241078161498,0.3197868010957252,-1.5650805234909066,-31.09539818763733,58.76488494873047,38.23008884248521,58.445098147634745,69.8381642827972
seq07,test,306,1788536829.27816,-3.6967479703354784,7.117447243756086,0.31975644869886555,-1.4918518066406263,-31.017944335937493,58.81576919555664,38.19907928248062,58.49601274685777,69.86381871405102
seq07,test,307,1788536829.4609423,-3.6930522777455326,7.212777029769539,0.3198012020961718,-1.4180554151535045,-30.939831018447883,58.86625671386719,38.2203756078575,58.546455511771015,69.91769850758455
seq07,test,308,1788536829.642059,-3.6694215788992763,7.237513168083337,0.31975714148597345,-1.3436974287033094,-30.861072540283203,58.91634750366211,38.169506491446235,58.59659036217614,69.93190708019644
seq07,test,309,1788536829.827664,-3.6705475239311665,7.356298822407388,0.3198027490277904,-1.268786549568177,-30.781688928604126,58.96601104736328,38.21353903362364,58.64620829833549,69.99751647912969
seq07,test,310,1788536830.0066261,-3.6535806494877785,7.410715917550293,0.31975797025585373,-1.1933324337005589,-30.70169472694397,59.01524353027344,38.19173557744978,58.69548556001758,70.02691405127085
seq07,test,311,1788536830.18752,-3.639979686640426,7.479877884629369,0.3197708868949152,-1.1173437833786033,-30.621116876602173,59.06403732299805,38.18441427723907,58.74426643610313,70.06381614508085
seq07,test,312,1788536830.3707852,-3.6338362175827923,7.580398909575707,0.31977314343431495,-1.040827631950379,-30.539963006973267,59.11237335205078,38.208450455021605,58.79260020861646,70.11744095062261
seq07,test,313,1788536830.539473,-3.623183757731991,7.666682280806743,0.3197772697938257,-0.9637939333915727,-30.458259820938103,59.16024398803711,38.217581876659885,58.840466718243285,70.16255474339499
seq07,test,314,1788536830.711977,-3.6046810478346236,7.724921974457005,0.31977881545363673,-0.8862512111663825,-30.376022577285767,59.20763397216797,38.19779884380598,58.88785515671433,70.191533118105
seq07,test,315,1788536830.884998,-3.5928124724331307,7.811698921780139,0.31977534278304587,-0.808207988739014,-30.293270111083984,59.25453567504883,38.20657910787281,58.93476033226578,70.2356651748081
seq07,test,316,1788536831.065203,-3.5762423742980465,7.88234055119652,0.3198053421442031,-0.7296728491783131,-30.210022449493415,59.30093765258789,38.19857428017009,58.98113231044369,70.27022872924022
seq07,test,317,1788536831.2392552,-3.5619716996468798,7.964988030131389,0.3197958879846228,-0.6506567001342785,-30.126301050186157,59.34682083129883,38.202382894614125,59.0270249433142,70.31082229988029
seq07,test,318,1788536831.417586,-3.5447958615342405,8.038367063483935,0.3198039612476511,-0.571166992187501,-30.04212236404419,59.392181396484375,38.196415325167536,59.072377435236724,70.34566027512827
seq07,test,319,1788536831.5915892,-3.5253403094796396,8.104842303332612,0.3197899607232999,-0.4912121593952183,-29.957504749298096,59.43701171875,38.18308783723548,59.1172217580267,70.37609043683618
seq07,test,320,1788536831.777713,-3.5061235664748645,8.174544428460434,0.31978285336910806,-0.4108044207096102,-29.87247121334076,59.4812889099121,38.17271800463789,59.161506056543,70.40767144807432
seq07,test,321,1788536831.959005,-3.4902673509385997,8.261159609435733,0.319772969169823,-0.3299511671066285,-29.787040591239922,59.52500534057617,38.17922389065138,59.205232371406346,70.44794302919502
seq07,test,322,1788536832.137257,-3.4741563441119294,8.349511781218542,0.3197864414009035,-0.24866209924220925,-29.70123302936554,59.568157196044915,38.187209819046465,59.248370754644014,70.48852694477048
seq07,test,323,1788536832.312423,-3.4414632406905654,8.367545392793845,0.31977582715115194,-0.1669482439756402,-29.615071058273315,59.6107292175293,38.12350457306606,59.29095339037814,70.48984859447906
seq07,test,324,1788536832.489703,-3.424220980768312,8.455292938025718,0.31977906560732783,-0.08481689542532055,-29.52856433391571,59.65270996093749,38.130368905905215,59.332930895330165,70.52887154584602
seq07,test,325,1788536832.6651301,-3.403823285781826,8.531975538804893,0.31976553902948224,-0.002280273474753573,-29.44174587726593,59.69409179687499,38.12576573722725,59.37432625784551,70.56121194837156
seq07,test,326,1788536832.8355122,-3.3917283885203267,8.649703976595607,0.3197961630215518,0.0806530714035046,-29.354633927345276,59.73486328125,38.16264053390619,59.41506711822845,70.61541852303739
seq07,test,327,1788536833.014684,-3.375213092362841,8.75105498485472,0.31978904243852013,0.16397339105606143,-29.26723885536194,59.7750129699707,38.182672869843344,59.45522392753218,70.66003226547852
seq07,test,328,1788536833.188141,-3.353239311571028,8.829769320659944,0.3197828062799577,0.24767088890075686,-29.17959606647492,59.81453323364258,38.17955488746022,59.49475042736262,70.69161010911232
seq07,test,329,1788536833.3617961,-3.3284855648483567,8.897376722140397,0.3197739014974772,0.33173459768295216,-29.091717243194573,59.853416442871094,38.16501633623718,59.53364254137362,70.71649783600218
seq07,test,330,1788536833.538097,-3.305847791864815,8.977579293519641,0.31977795747849314,0.41615355014800964,-29.00362002849578,59.89164352416992,38.16313398986789,59.57186556669143,70.74766401107931
seq07,test,331,1788536833.710513,-3.2826106092796152,9.057534493538094,0.31977598340745916,0.5009204149246235,-28.915333151817322,59.92921066284179,38.160893388687796,59.60943467943433,70.77809327061972
seq07,test,332,1788536833.8792222,-3.2571284741464566,9.128680798847405,0.3197742351123236,0.5860217213630674,-28.8268700838089,59.96611785888671,38.14962183601768,59.646343623774385,70.8031069510126
seq07,test,333,1788536834.054986,-3.2315818406606613,9.202046587622263,0.31973748253103995,0.6714501976966863,-28.73826277256012,60.00234603881836,38.14053923896183,59.68260855628732,70.82876885504793
seq07,test,334,1788536834.232158,-3.2083629887072367,9.289798991257683,0.31978076933800703,0.7571935653686509,-28.649517238140106,60.03788375854492,38.14600050775731,59.71810298920691,70.86161993185976
seq07,test,335,1788536834.4185302,-3.1841804123497943,9.375807790920252,0.3197934839840577,0.8432397246360771,-28.5606689453125,60.07272720336914,38.14965766712105,59.752933719385084,70.89294371227474
seq07,test,336,1788536834.596659,-3.1469878354808323,9.39234301268169,0.31974668460402955,0.9295824766159048,-28.471729397773743,60.10686492919922,38.08288861173324,59.78711824459519,70.88586539647301
seq07,test,337,1788536834.779753,-3.1292302552861693,9.518935203558266,0.31979619680083515,1.0162072181701653,-28.38272115588188,60.14029312133788,38.12768294343922,59.820496924537046,70.93808609579182
seq07,test,338,1788536834.958739,-3.095571776277621,9.558713080697473,0.31976104763423274,1.103105425834656,-28.293666750192642,60.17300033569336,38.08453162518234,59.85323928805913,70.94252464060733
seq07,test,339,1788536835.1376522,-3.070995848944053,9.652921556410039,0.31979720072406903,1.1902648210525502,-28.20459419488907,60.204978942871094,38.096585691601284,59.885181742147026,70.97594545793314
seq07,test,340,1788536835.318193,-3.041803821159045,9.72328614479664,0.31976552354145715,1.2776769399642942,-28.11551281809807,60.2362174987793,38.08454569769838,59.91645197523784,70.99587198070786
seq07,test,341,1788536835.5103943,-3.0186110055419677,9.833245324950541,0.31980670080211104,1.365329504013062,-28.02645145356655,60.2667236328125,38.11266947555071,59.94691693201039,71.03666957428345
seq07,test,342,1788536835.683242,-2.9883851531900287,9.903355055905243,0.3197920412804873,1.4532116651535034,-27.937427386641502,60.29646301269531,38.1005590268814,59.976670971414826,71.05528593267518
seq07,test,343,1788536835.878307,-2.9652393773219883,10.022541589259104,0.3198176252755609,1.5413122177124028,-27.848468877375126,60.3254508972168,38.13820185906287,60.005633271941235,71.0999188846888
seq07,test,344,1788536836.0647721,-2.9241559780036566,10.025424208720768,0.31973089925430087,1.6296191215515132,-27.75958696752786,60.35367202758789,38.05842793976865,60.03394112833359,71.0810665694233
seq07,test,345,1788536836.2443562,-2.901742513316969,10.156366808079063,0.31977912232097294,1.7181237936019884,-27.670811146497726,60.3811149597168,38.108247882853725,60.06133583739582,71.1308837234114
seq07,test,346,1788536836.4207792,-2.870974873524223,10.234541215721105,0.31977291834778154,1.8068151473999015,-27.582153648138053,60.40778732299805,38.1049095249692,60.088014404650266,71.15162405033034
seq07,test,347,1788536836.5969312,-2.8408617402342187,10.32026369638712,0.31978945033400974,1.895678639411925,-27.493648439645767,60.43366622924805,38.10940521445636,60.11387677891404,71.17587335038534
seq07,test,348,1788536836.784349,-2.8088743579891573,10.395415096096182,0.31979165782357954,1.984706997871399,-27.40530788898468,60.45875167846679,38.103452342406904,60.13896002064321,71.19387328116512
seq07,test,349,1788536836.9525132,-2.7757776609372398,10.46475657019793,0.3197859591878296,2.0738866329193115,-27.317158401012428,60.4830436706543,38.09189339813494,60.163257711466464,71.20821526418989
seq07,test,350,1788536837.128534,-2.74392225902191,10.54683695508175,0.3197920119812292,2.1632080078124996,-27.229213535785675,60.506526947021484,38.09343668067043,60.186734935040256,71.22887743243636
seq07,test,351,1788536837.3200052,-2.7111327850615687,10.624657663566916,0.3198125272060821,2.252657413482666,-27.14150243997574,60.529197692871094,38.09097087370681,60.20938516566501,71.2466990402291
seq07,test,352,1788536837.496833,-2.672254040228008,10.651752212565452,0.3197758341975494,2.342225313186646,-27.054038882255554,60.55105972290038,38.037766565245455,60.23128388870283,71.23678294360028
seq07,test,353,1788536837.678749,-2.6446543314314925,10.783120139015745,0.3197830207338128,2.4319016933441175,-26.96685028076172,60.57209014892578,38.08978455920641,60.252307128191966,71.2823414460884
seq07,test,354,1788536837.8479393,-2.6074321091053374,10.830742442807875,0.31974698961230286,2.521672248840332,-26.879955232143395,60.59229660034179,38.05790891058352,60.272549610729484,71.28242888134578
seq07,test,355,1788536838.020649,-2.574292210575751,10.919862111762752,0.3197706594760932,2.611525774002075,-26.793377518653877,60.61167526245117,38.06811200454258,60.29190460297508,71.3042418951681
seq07,test,356,1788536838.189042,-2.540644558515542,11.009562428933222,0.31978182520703347,2.701453685760498,-26.707134246826172,60.63021469116211,38.07924371798739,60.31043286595508,71.32585165711487
seq07,test,357,1788536838.365605,-2.5053641904636925,11.087638127131116,0.31973880513980624,2.7914402484893794,-26.62124323844909,60.64790725708007,38.079073926605865,60.328168451940265,71.34075819525326
seq07,test,358,1788536838.534004,-2.4690948048299,11.156912453316068,0.3197710248978496,2.8814795017242436,-26.535732865333557,60.66475296020508,38.07051558000597,60.34498193530723,71.35040995887853
seq07,test,359,1788536838.715181,-2.43197925908381,11.22011685241728,0.3197714341668938,2.9715538024902353,-26.45062267780304,60.68075942993164,38.056310728987214,60.360987995764745,71.35637083068394
seq07,test,360,1788536838.8936472,-2.393959893183372,11.273698648580513,0.31976810027719416,3.0616552829742427,-26.365928649902337,60.69590759277343,38.032949926596764,60.376139492496236,71.35673409101891
seq07,test,361,1788536839.0669332,-2.3553536371054307,11.320947783301325,0.3197611684042845,3.151771068572998,-26.28167414665222,60.71019744873046,38.00375768961428,60.39043628032618,71.3532787800186
seq07,test,362,1788536839.238022,-2.3216136438311947,11.443376750532408,0.3197872048026822,3.241892099380493,-26.19787633419037,60.72362518310547,38.05018436148374,60.40383797830279,71.3893561565865
seq07,test,363,1788536839.4130173,-2.2837137155766265,11.514300007095665,0.3197749472629219,3.3320019245147705,-26.114559769630432,60.73619079589844,38.04559567475429,60.416415848635516,71.39755355922316
seq07,test,364,1788536839.5910451,-2.2453133468178073,11.581560128619168,0.31976183385969836,3.42533808084111,-26.057019816696766,60.74702475447609,38.06335492194492,60.427262920616386,71.41619628621541
seq07,test,365,1788536839.7656043,-2.2062402133130252,11.640255802574426,0.31975956058273614,3.512153148651123,-25.949447989463806,60.75871276855468,38.02217581642756,60.43895320797194,71.4041519709516
seq07,test,366,1788536839.940605,-2.168997496170706,11.74162247728101,0.31977380054051485,3.6021702289581294,-25.867691040039055,60.7686653137207,38.04953140520449,60.448891513180186,71.4271329770968
seq07,test,367,1788536840.1083632,-2.1298518339024137,11.8148374763614,0.3197725150478734,3.6921300888061515,-25.786495089530945,60.77774429321288,38.049384807631014,60.45797177816501,71.4347396983329
seq07,test,368,1788536840.292457,-2.0894173892840815,11.861593588763597,0.31978901057654774,3.7840345742239014,-25.725622126107012,60.78538194224714,38.04334663464627,60.46559293167059,71.43797415760294
seq07,test,369,1788536840.47585,-2.0502915020693626,11.94984965017808,0.3197954431772503,3.871840715408325,-25.62586236000061,60.79325866699219,38.03952921729151,60.47346322381494,71.44260309755848
seq07,test,370,1788536840.6611352,-2.0100338716457022,12.018780883583881,0.3197790131105065,3.961568593978881,-25.54646325111389,60.7996940612793,38.03692420407963,60.47991504816879,71.44667750945885
seq07,test,371,1788536840.828896,-1.969023281263931,12.067847363091094,0.3197813834412673,4.053004464751503,-25.48815396074953,60.804651842173925,38.03574704945465,60.48487045873266,71.45024568201126
seq07,test,372,1788536841.0055032,-1.928381126595385,12.14083704155081,0.31978719027282354,4.140703201293945,-25.389599323272705,60.809925079345696,38.0179883517408,60.49013788907287,71.44525330735519
seq07,test,373,1788536841.1851962,-1.8864903801716069,12.152451148645858,0.31977223309045355,4.23008918762207,-25.31217193603515,60.8137092590332,37.96064446879642,60.49393702594275,71.41797354577551
seq07,test,374,1788536841.3597791,-1.8456326518524728,12.239911641953109,0.3197723646031394,4.319336891174316,-25.23543977737426,60.81660842895507,37.979057564248876,60.49683606435193,71.43021760617563
seq07,test,375,1788536841.5359402,-1.8042188816698357,12.34228868432225,0.3197830166282145,4.408437252044678,-25.159424066543572,60.8186149597168,38.01283408908408,60.49883194308858,71.44987209199404
seq07,test,376,1788536841.7063522,-1.7620490208098143,12.39785404734009,0.3197626758900174,4.5019474565682165,-25.140080989741588,60.81737210327699,38.05698646394337,60.49760942738697,71.47233706228886
seq07,test,377,1788536841.884051,-1.7196222201334654,12.48212097836856,0.31977046039957946,4.5861449241638175,-25.009602308273315,60.81997299194336,38.018311565352604,60.50020253154378,71.45394685136742
seq07,test,378,1788536842.0536761,-1.6768756018610327,12.546083944112462,0.3197935295760277,4.674730300903319,-24.935837268829346,60.81932067871094,38.01627697917312,60.49952714913491,71.45229247985064
seq07,test,379,1788536842.2478852,-1.6342622284524173,12.57973046624397,0.31978520024830615,4.763118743896484,-24.862857818603516,60.81777572631836,37.98518001502652,60.497990526070055,71.4344507815832
seq07,test,380,1788536842.4295192,-1.5919006676233658,12.60234083627547,0.31975414298658467,4.851301193237304,-24.790683984756463,60.815349578857415,37.94407932057528,60.49559543587083,71.41057500557368
seq07,test,381,1788536842.606825,-1.5477445802138448,12.708375130663798,0.319772875924518,4.939266204833984,-24.71933031082154,60.81203079223633,37.9857136768538,60.49225791631181,71.42987968177957
seq07,test,382,1788536842.7838612,-1.503598226296668,12.781966588083465,0.3197695994595877,5.026998043060303,-24.64881920814515,60.8078269958496,37.99621577152768,60.48805739639001,71.43190814016843
seq07,test,383,1788536842.967116,-1.459961017373829,12.829169335801552,0.31978527101448506,5.114489555358886,-24.579163074493408,60.802738189697266,37.98166312909994,60.482952918682784,71.41984547600218
seq07,test,384,1788536843.139389,-1.415835085373603,12.885363257110415,0.3197834868210816,5.201728343963622,-24.51038408279419,60.7967643737793,37.9767569027594,60.476980886958216,71.41217880762912
seq07,test,385,1788536843.313863,-1.3736287240665301,12.890772949318585,0.3197605712684952,5.288701057434082,-24.442493677139275,60.78991699218749,37.92307259597595,60.470156420919,71.37786248333634
seq07,test,386,1788536843.5001822,-1.3263689539679637,13.00975453434153,0.319773453858895,5.375397682189941,-24.375507593154907,60.78217697143555,37.9811993015905,60.462403517576654,71.40219702158613
seq07,test,387,1788536843.678941,-1.2844013817041011,13.006461481210467,0.31974386137255895,5.461882405282038,-24.329422001624565,60.77297437665112,37.94048682316011,60.45323051527856,71.37277926571021
seq07,test,388,1788536843.853062,-1.2367994847994253,13.111276417250863,0.31977693299142174,5.5479159355163565,-24.244331598281853,60.76407241821289,37.96674615429669,60.44429548522147,71.37917532620818
seq07,test,389,1788536844.0322032,-1.192034456630399,13.154857435662247,0.31977294981933646,5.63371467590332,-24.180168390274048,60.75370407104492,37.95385362046409,60.433931121225584,71.36354135977736
seq07,test,390,1788536844.207155,-1.1485220009548414,13.177676147910283,0.31975839452715427,5.71919059753418,-24.116974115371704,60.74246597290039,37.921714288728616,60.422707578373235,71.33694698890307
seq07,test,391,1788536844.390273,-1.1025268247436706,13.236912968486317,0.3197552744489649,5.804330825805664,-24.054767608642578,60.7303581237793,37.925903059407354,60.41060284933033,71.32892162013303
seq07,test,392,1788536844.5750492,-1.0537448446131885,13.328465377459784,0.3197817493579662,5.889127254486083,-23.99356460571289,60.71738815307617,37.962315459535546,60.39760640371821,71.33728516244331
seq07,test,393,1788536844.750019,-1.0097295935302244,13.350761844529764,0.3197722979708324,5.9735679626464835,-23.93337655067444,60.70355224609374,37.93248503105015,60.38377994812291,71.30970692307025
seq07,test,394,1788536844.9279733,-0.9610115184924231,13.430285994267019,0.3197928131696546,6.057639122009277,-23.8742253780365,60.6888542175293,37.95903088251513,60.36906140435964,71.3113707649985
seq07,test,395,1788536845.1115842,-0.9164979863288544,13.45508507980397,0.31977732298606987,6.141331672668457,-23.81611609458924,60.67330551147461,37.93356556504427,60.35352818848854,71.28466708399635
seq07,test,396,1788536845.2964842,-0.8728841883591829,13.471025100359375,0.31977493415741187,6.2246336936950675,-23.759068250656128,60.65690231323242,37.90058853120105,60.33712737907501,71.25323537475425
seq07,test,397,1788536845.475876,-0.8266927001371324,13.514018849922547,0.31976613106057306,6.307532787322997,-23.703095197677612,60.6396484375,37.89473250120659,60.319882306439425,71.23551749514218
seq07,test,398,1788536845.6470883,-0.7776621018376036,13.582006681863463,0.3197673484625765,6.390021800994872,-23.64821290969848,60.62155532836914,37.91391490425179,60.301787979906564,71.23040486295477
seq07,test,399,1788536845.822824,-0.7331308765324688,13.603147447016408,0.31975606508228394,6.472083568572998,-23.59442520141601,60.60261917114258,37.8889763141651,60.2828631060603,71.20111031718093
seq08,test,0,1788536851.2323651,-3.6027852469918162,4.632459675588502,0.31986655296141664,-8.088973999023438,3.7970776557922363,32.4564094543457,4.563305012581772,32.13654290138429,32.4589146813378
seq08,test,1,1788536851.490054,-3.6387397901447533,4.62657321015039,0.3198034301952519,-8.091944694519043,3.772994041442871,32.423606872558594,4.534272964610164,32.10380344236334,32.42242783604422
seq08,test,2,1788536851.695762,-3.6702451469655486,4.605742818026602,0.3197634858533047,-8.094399452209473,3.750307083129883,32.390750885009766,4.506097159754397,32.07098739915646,32.38600229065018
seq08,test,3,1788536851.8951309,-3.6965994919288687,4.593769319914737,0.31979567490044514,-8.09633731842041,3.7290234565734863,32.35785293579101,4.4839132852929175,32.03805726089056,32.3503105302272
seq08,test,4,1788536852.0961642,-3.721222305673949,4.580638927795634,0.3197671774624711,-8.097754478454588,3.709144592285157,32.324920654296875,4.462458541679784,32.0051534768344,32.3147549164764
seq08,test,5,1788536852.2983751,-3.740999387859571,4.587495799648178,0.31976419296363634,-8.098649024963379,3.690674304962158,32.29196548461914,4.448977315415513,31.972201291655505,32.280257969651046
seq08,test,6,1788536852.485073,-3.76940756856773,4.547739329989025,0.31972914055178747,-8.09902000427246,3.673616886138916,32.25899124145508,4.416971121736197,31.939262100903292,32.24323335896152
seq08,test,7,1788536852.671859,-3.7849439171742083,4.57011112283236,0.3197739803500552,-8.098863601684569,3.6579742431640625,32.22600555419922,4.40929662550128,31.906231573849162,32.20946305009983
seq08,test,8,1788536852.8534772,-3.8074373367325616,4.55573100478319,0.3197418293573242,-8.09817886352539,3.643749237060547,32.19301986694336,4.386590201329841,31.873278037586037,32.17371639173298
seq08,test,9,1788536853.0398002,-3.8251261582305465,4.562959278734196,0.31978718902422343,-8.096962928771973,3.63094425201416,32.16004180908203,4.372326772346933,31.84025462005781,32.13905810185318
seq08,test,10,1788536853.218964,-3.846829851024807,4.549328031431195,0.31976831036796116,-8.09521484375,3.6195616722106934,32.1270751953125,4.348935562772893,31.807306884944538,32.10323989572066
seq08,test,11,1788536853.4053621,-3.8625852169191304,4.561748467009238,0.3197913736951312,-8.09293270111084,3.6096014976501465,32.09413528442383,4.336176159736459,31.774343910728696,32.06885334160747
seq08,test,12,1788536853.5888991,-3.8802255145617464,4.563500248405834,0.3197756636689355,-8.090114593505858,3.6010680198669434,32.061222076416016,4.3184999538663,31.74144641274708,32.03387054704501
seq08,test,13,1788536853.764692,-3.8930126855615548,4.585232965459686,0.3197836688105149,-8.086760520935059,3.5939598083496094,32.028350830078125,4.309308921243281,31.70856716126761,32.000052731196014
seq08,test,14,1788536853.9492393,-3.9191482005357665,4.546597524512511,0.3197384563104535,-8.082865715026855,3.588277816772462,31.995529174804688,4.272577700021713,31.675790718494234,31.962644412572754
seq08,test,15,1788536854.1302433,-3.935077408684483,4.551920056514826,0.3197523188759419,-8.078432083129883,3.5840229988098153,31.9627628326416,4.25490454329619,31.64301051376566,31.927798656450566
seq08,test,16,1788536854.30589,-3.9494889241135107,4.5619883461487545,0.31975352121499334,-8.073456764221191,3.5811948776245117,31.93005561828613,4.238993580337463,31.610302097071134,31.89326363422599
seq08,test,17,1788536854.497386,-3.9614591804114987,4.580734119016172,0.31979443537239427,-8.067938804626465,3.579793930053711,31.897418975830078,4.226707485262364,31.577624540457684,31.85924399266386
seq08,test,18,1788536854.680041,-3.9737647811136583,4.596244570035797,0.31979831635286593,-8.06187915802002,3.5798187255859375,31.864870071411133,4.212576486656841,31.545071755058267,31.825105697981726
seq08,test,19,1788536854.8663502,-3.9874223579602974,4.60463863263994,0.31979312062462695,-8.05527400970459,3.5812692642211896,31.832401275634766,4.194603905593061,31.51260815501014,31.79055165699438
seq08,test,20,1788536855.044456,-3.999197532745907,4.619343972952822,0.31979795921202636,-8.048124313354492,3.5841431617736816,31.8000316619873,4.179168433336392,31.480233702775276,31.756425535244734
seq08,test,21,1788536855.240125,-4.013300704508192,4.623311045593549,0.3197914541041922,-8.04042911529541,3.5884408950805664,31.767763137817383,4.157970594580046,31.44797168371319,31.721658886083166
seq08,test,22,1788536855.4203222,-4.024368081792409,4.6380696925003875,0.3197717516606611,-8.032187461853027,3.594158649444581,31.735607147216793,4.141541554663353,31.415835395556133,31.687648698659874
seq08,test,23,1788536855.5997171,-4.0398847551255,4.634222021930382,0.3197688290634364,-8.023398399353027,3.6012940406799325,31.703571319580078,4.1152546905625425,31.383802490516644,31.65246246237338
seq08,test,24,1788536855.778972,-4.044484400906117,4.671565004902729,0.31978304080308195,-8.014063835144043,3.6098456382751465,31.671661376953125,4.1091129089131595,31.351878336150044,31.620010817565372
seq08,test,25,1788536855.9525661,-4.056865632817129,4.6773288790885745,0.31975593744289976,-8.004180908203125,3.619811534881592,31.639888763427734,4.086519401225719,31.320132825984835,31.585603699374293
seq08,test,26,1788536856.135626,-4.064534232767805,4.699983779836983,0.3197846597591063,-7.993751049041748,3.6311869621276847,31.6082592010498,4.071986177141993,31.288474541290697,31.552332885982164
seq08,test,27,1788536856.3043683,-4.068029553567465,4.736829260180629,0.31978579158575293,-7.982773303985596,3.643969535827636,31.576778411865234,4.064426282828944,31.256992620279483,31.52013877940192
seq08,test,28,1788536856.4754581,-4.077782321889034,4.748848228443729,0.3197764818886599,-7.971248149871826,3.6581549644470206,31.545455932617184,4.043351079216041,31.225679450728524,31.486373959372443
seq08,test,29,1788536856.649301,-4.082141667458179,4.779693327005217,0.3197805435639218,-7.959176063537598,3.6737399101257324,31.514305114746094,4.031690547238256,31.19452457118217,31.45398054127297
seq08,test,30,1788536856.8230221,-4.0913119101412905,4.791612241350473,0.3197883682727385,-7.946556091308594,3.690718650817871,31.483322143554684,4.009348375247543,31.163533775281945,31.420386881087868
seq08,test,31,1788536856.996251,-4.1062846664625905,4.781574251630604,0.31975869262283796,-7.936860621821328,3.696161714663063,31.4525033433729,3.9813857543798514,31.132744650750062,31.386290351266194
seq08,test,32,1788536857.174915,-4.106967429191645,4.822214691657017,0.31976562368506034,-7.919678211212158,3.7288427352905282,31.421918869018555,3.966386988470005,31.102153245333493,31.354045388729553
seq08,test,33,1788536857.341448,-4.103642849576226,4.8755493973410715,0.31978956431134375,-7.905421733856201,3.749976634979248,31.39150238037109,3.9649005950121774,31.071712816059748,31.32366156840575
seq08,test,34,1788536857.5118492,-4.1142975622469,4.877810747367691,0.31974956773998797,-7.890618801116944,3.7724847793579093,31.36129760742187,3.9347614406336944,31.041548039681885,31.2899353194374
seq08,test,35,1788536857.697874,-4.112598814092917,4.9227474431275695,0.3197730318287906,-7.87527322769165,3.7963624000549316,31.331302642822266,3.927653498974715,31.011529610993474,31.259261520732274
seq08,test,36,1788536857.8680582,-4.116649637816964,4.946215047784823,0.31977500290166927,-7.859384059906006,3.8216018676757812,31.301525115966797,3.9080450047517576,30.98175011306513,31.227258218223007
seq08,test,37,1788536858.0435622,-4.123290164044609,4.959651013139329,0.3197632425739967,-7.842952728271484,3.8481969833374015,31.271976470947266,3.8821668758663375,30.952213228373267,31.19472268488308
seq08,test,38,1788536858.218715,-4.123657782075937,4.993792350994487,0.31977435216270034,-7.825981140136719,3.876141071319579,31.242660522460938,3.8673430970889333,30.922886170298238,31.16378076761264
seq08,test,39,1788536858.3990963,-4.121896676643706,5.0339684014493065,0.3197619331811983,-7.808470249176025,3.9054269790649414,31.21358489990234,3.85544166701184,30.893822966721142,31.133466365742795
seq08,test,40,1788536858.587382,-4.1216794314507075,5.067654390290117,0.31975166826024526,-7.7904205322265625,3.9360475540161124,31.184757232666012,3.839296198058193,30.865005564405767,31.10287388308712
seq08,test,41,1788536858.772583,-4.113949788072437,5.125644632786239,0.31976635544587917,-7.771833896636963,3.9679951667785627,31.156185150146484,3.836700201714587,30.836418794700606,31.074185307422006
seq08,test,42,1788536858.940819,-4.113781986702308,5.15675541271605,0.3197674319090822,-7.756274388621817,3.9890147934914957,31.127850557628996,3.825097260440354,30.808083125719914,31.044634881619988
seq08,test,43,1788536859.1124203,-4.112256187235672,5.191408676893036,0.31978349067125555,-7.737765194367949,4.019737656283627,31.09980087164588,3.810134976786671,30.780017380974623,31.014941536530955
seq08,test,44,1788536859.27972,-4.111973592148389,5.220787174039459,0.3197633727269953,-7.71287202835083,4.071720123291016,31.07207489013672,3.7797916126369864,30.752311517409723,30.98372941236693
seq08,test,45,1788536859.45512,-4.105878650984299,5.268466328458156,0.31977513318416406,-7.701840961694731,4.075968601342902,31.044505899299075,3.7885347786743298,30.72473076611491,30.957423607585195
seq08,test,46,1788536859.6295803,-4.100578338460224,5.312293101679574,0.3197688669968657,-7.670912742614746,4.147351264953613,31.017406463623047,3.7555794813109578,30.69763759662618,30.926515019546596
seq08,test,47,1788536859.809723,-4.103517866757607,5.327769412113617,0.3197580664921338,-7.649144172668457,4.187084197998047,30.990514755249023,3.724597784844547,30.67075668875689,30.896082996389595
seq08,test,48,1788536859.991666,-4.090842693704314,5.393733304677792,0.31979990842998673,-7.6268510818481445,4.228081703186036,30.963924407958984,3.7231839837810634,30.644124499529,30.869474652473716
seq08,test,49,1788536860.158508,-4.084089423901612,5.438903370906247,0.3197703003820396,-7.604037761688232,4.270336627960204,30.937644958496094,3.7088521854350454,30.617874658114054,30.84168985502236
seq08,test,50,1788536860.332447,-4.086244493672136,5.453809512077402,0.3197335280325655,-7.580706596374512,4.313836097717285,30.911684036254883,3.675704663417747,30.591950508222318,30.811982095772333
seq08,test,51,1788536860.5011141,-4.0684257442765785,5.532978737649483,0.3197535907730822,-7.556859016418457,4.358569622039795,30.886043548583984,3.680815597800795,30.566289957810902,30.78711557210232
seq08,test,52,1788536860.6789012,-4.066545917118389,5.558899791370502,0.31975616161063103,-7.532497882843018,4.404529094696045,30.860729217529297,3.653134918676162,30.540973055918666,30.75868056234534
seq08,test,53,1788536860.857129,-4.0518897957006095,5.625347490744745,0.3197973444591182,-7.507627010345459,4.451699733734131,30.835756301879883,3.6495984373924464,30.515958957420764,30.733423496987868
seq08,test,54,1788536861.0478861,-4.040202318867767,5.680928045433538,0.3198053414869957,-7.482247829437257,4.500073432922364,30.811119079589844,3.6389689353882226,30.491313738102846,30.707691355556832
seq08,test,55,1788536861.2202902,-4.0290095409798985,5.733736571306055,0.3198090404658138,-7.456364631652832,4.549637317657472,30.78683471679687,3.626134851333139,30.46702567633106,30.682055138505127
seq08,test,56,1788536861.3842933,-4.018562357030462,5.782972962895269,0.3197735880899899,-7.4299798011779785,4.600379467010498,30.762901306152344,3.6105811657879863,30.443127718062353,30.656489062072964
seq08,test,57,1788536861.55232,-4.010181931324272,5.824391899084369,0.3197616530985694,-7.4030961990356445,4.652288436889649,30.739328384399414,3.5896648526190083,30.419566731300844,30.630633912379178
seq08,test,58,1788536861.727068,-3.9943205383839384,5.888871708142096,0.31979060306186424,-7.375717639923096,4.705351829528809,30.716121673583984,3.5825362051722833,30.39633107052212,30.60672325176543
seq08,test,59,1788536861.902612,-3.983233834832027,5.936735927852545,0.3197999117451211,-7.347848415374756,4.759556293487548,30.693283081054684,3.5646014036865936,30.373483169309562,30.581936874624137
seq08,test,60,1788536862.083272,-3.9693826071595835,5.9923570495132985,0.31972818866918384,-7.319490909576416,4.814889907836914,30.670822143554684,3.5510075341584035,30.3510939548855,30.558117722888902
seq08,test,61,1788536862.257229,-3.959764311098551,6.033152089844618,0.3196992640868974,-7.290648460388184,4.871339797973633,30.648744583129883,3.5276900398889115,30.329045319042987,30.53351579792433
seq08,test,62,1788536862.4394503,-3.9422626158548884,6.098270691704989,0.3197620755336763,-7.261325359344482,4.928892612457276,30.627052307128903,3.519037167670404,30.307290231595225,30.51090729181276
seq08,test,63,1788536862.6346803,-3.925685836209733,6.159182792090154,0.31978409712922806,-7.2315263748168945,4.987534284591675,30.605756759643555,3.507326886935676,30.285972662514325,30.488382738452806
seq08,test,64,1788536862.801651,-3.911089959405304,6.212498828322123,0.3197633799181674,-7.201253414154053,5.047250986099243,30.584857940673828,3.490412309852419,30.26509456075566,30.465700826737127
seq08,test,65,1788536862.969191,-3.8941241526397694,6.272299371763694,0.31972075455342974,-7.170511722564697,5.108028411865235,30.56436157226562,3.477102583534379,30.24464081771219,30.4438588317717
seq08,test,66,1788536863.141979,-3.884318262411449,6.307614744118731,0.31970153944766055,-7.13930606842041,5.169854164123535,30.544273376464844,3.4481074163456737,30.224571837017184,30.42062108974224
seq08,test,67,1788536863.3177862,-3.8658533094180303,6.369789024818502,0.31975168342247096,-7.107638835906982,5.232712745666504,30.524600982666016,3.43542076962392,30.204849299243545,30.399589422463862
seq08,test,68,1788536863.493619,-3.8390075238946992,6.458105856900989,0.3197815287104204,-7.075516223907471,5.296589136123658,30.505346298217773,3.4386203131348605,30.18556476950735,30.38079047872236
seq08,test,69,1788536863.684482,-3.831666995416552,6.481533598904715,0.3197328135374944,-7.042941570281982,5.361468553543091,30.486513137817383,3.401004278300468,30.166780324279888,30.357889670304463
seq08,test,70,1788536863.8533683,-3.800915366784637,6.580248277040168,0.3197574674202892,-7.009920120239258,5.42733669281006,30.46810913085937,3.4098264807386203,30.148351663439083,30.34056730931603
seq08,test,71,1788536864.02905,-3.7807824162681176,6.643021969776202,0.31975646225152143,-6.9764556884765625,5.4941771030426025,30.450136184692383,3.3959052092965685,30.13037972244086,30.321146983730728
seq08,test,72,1788536864.20163,-3.759370410082119,6.708737080087367,0.3197418288820988,-6.942553520202637,5.5619757175445566,30.432601928710938,3.3834474039325,30.11286009982884,30.302344129242567
seq08,test,73,1788536864.3728151,-3.7462524422587755,6.745698773263406,0.3197441611461014,-6.908217430114746,5.630715608596802,30.415504455566406,3.352791380613617,30.095760294420305,30.281941776265317
seq08,test,74,1788536864.5477571,-3.713930636417595,6.844930453733009,0.31980408608711697,-6.873454570770264,5.700380563735961,30.39885711669922,3.3604443072962273,30.0790530306121,30.26618603591828
seq08,test,75,1788536864.725855,-3.7004611150055693,6.8803390535854145,0.31976230307592446,-6.838268280029297,5.770956277847291,30.382658004760742,3.3281472245047494,30.062895701684816,30.246557852396332
seq08,test,76,1788536864.8926423,-3.6693415556876583,6.973204688527845,0.31979674552784654,-6.802663326263428,5.842424631118774,30.36691093444824,3.331121261106857,30.047114188920393,30.231199776691287
seq08,test,77,1788536865.057063,-3.64545104560102,7.040739296972857,0.3197745384262578,-6.766646385192871,5.914770603179932,30.35161972045898,3.318081651691477,30.031845182032722,30.21458904047635
seq08,test,78,1788536865.225388,-3.6208926605122094,7.109150590048925,0.3197817641121943,-6.730222225189209,5.987975597381592,30.336793899536133,3.3052932859213953,30.01701213542394,30.198443357963754
seq08,test,79,1788536865.388277,-3.6012735185991214,7.159417237914045,0.3197690482504565,-6.693394660949707,6.062024116516113,30.322425842285156,3.281079825585319,30.0026567940347,30.181532425019434
seq08,test,80,1788536865.5510862,-3.5761458548368794,7.22690736634681,0.31976636049011464,-6.656171798706055,6.13689923286438,30.308534622192383,3.2672125039496676,29.98876826170227,30.166221165403638
seq08,test,81,1788536865.7130892,-3.543918553713841,7.317406480601541,0.3197977569491617,-6.618557453155518,6.212583780288696,30.295108795166016,3.267114561977662,29.975311038216855,30.152832526960577
seq08,test,82,1788536865.8801413,-3.517099705808021,7.388130809300432,0.31978754822788447,-6.5805583000183105,6.289059638977051,30.28215789794922,3.2546483674702698,29.962370349721333,30.138619294349514
seq08,test,83,1788536866.0411212,-3.4892699523025406,7.460933162234745,0.3197883803651016,-6.542178630828857,6.366310358047485,30.269689559936523,3.243216070949958,29.949901179571423,30.12499014354962
seq08,test,84,1788536866.2150972,-3.460317071613306,7.536274444668237,0.3197729232091029,-6.503425598144531,6.444316864013672,30.25769996643066,3.233091533222655,29.937927043221556,30.111996886746862
seq08,test,85,1788536866.3925831,-3.4391237158943557,7.582869608943002,0.3197587758314673,-6.46430540084839,6.523062229156494,30.246192932128906,3.2054509681527295,29.92643415629744,30.0976141449856
seq08,test,86,1788536866.5643013,-3.40343118555211,7.679085463844444,0.3197674842734233,-6.424822807312012,6.602527618408203,30.235172271728516,3.2074575798615403,29.915404787455092,30.086861380408262
seq08,test,87,1788536866.7513301,-3.3725816773439945,7.756949445080801,0.3197676650482517,-6.384984016418457,6.682696580886841,30.224645614624023,3.198216232322358,29.90487794957577,30.075410425257928
seq08,test,88,1788536866.930217,-3.344164311606774,7.824595760932322,0.3197848012100619,-6.344796657562256,6.763548851013184,30.214609146118164,3.1827056132547433,29.894824344908102,30.063767854903904
seq08,test,89,1788536867.115228,-3.31352438319594,7.898712769803681,0.3197936909995942,-6.304265022277832,6.845067024230957,30.205068588256836,3.1709145254042195,29.88527489725724,30.053025714760455
seq08,test,90,1788536867.2993102,-3.285357211857316,7.962280246798839,0.3197681991166834,-6.263397216796875,6.927231788635254,30.196022033691403,3.152784100087924,29.87625383457472,30.04214690679925
seq08,test,91,1788536867.4728801,-3.2541800406472245,8.035235859685727,0.3197536903301803,-6.222198486328125,7.01002562046051,30.187477111816403,3.1400938725640506,29.86772342148622,30.032334106940656
seq08,test,92,1788536867.6487062,-3.2270364275770445,8.091583102254589,0.31972269630614614,-6.180675506591797,7.093429088592529,30.179433822631836,3.1177388030546744,29.85971112632569,30.022035970128524
seq08,test,93,1788536867.82887,-3.1930133220196266,8.171801496146486,0.3197508264746871,-6.138835906982422,7.177421569824219,30.17189216613769,3.1091256230569977,29.852141339663003,30.01361365619219
seq08,test,94,1788536868.0089161,-3.1522054002246334,8.276403780412249,0.31980168685361376,-6.096684455871582,7.261987566947937,30.16485786437988,3.1143213005858628,29.845056177526267,30.007105415267592
seq08,test,95,1788536868.1820602,-3.127563140495824,8.318070761584792,0.31974233580358447,-6.054230213165283,7.347104430198669,30.158329010009766,3.083529758399138,29.83858667420618,29.997490069754964
seq08,test,96,1788536868.359004,-3.0856245437120466,8.42425748412845,0.31979309015245927,-6.011477470397949,7.4327534437179565,30.152311325073242,3.0892872334483235,29.832518234920784,29.99204627643182
seq08,test,97,1788536868.5242393,-3.0509166581104274,8.501326401977206,0.3197707564602603,-5.968434810638428,7.518917441368103,30.146800994873047,3.0784800691600154,29.827030238412785,29.98547602389207
seq08,test,98,1788536868.701764,-3.021636594980848,8.55510531652776,0.31975290661924505,-5.925108909606934,7.605574607849121,30.141803741455078,3.0547929632830955,29.82205083483583,29.97809994052419
seq08,test,99,1788536868.8658972,-2.980315694688308,8.65493176847118,0.3197735617609585,-5.884322059420786,7.681823080212077,30.137283287943166,3.0627101536991863,29.81750972618221,29.974390398414158
seq08,test,100,1788536869.044006,-2.9466237963810373,8.722744461751402,0.3197623377950347,-5.8376359939575195,7.780292749404907,30.133346557617188,3.040751018521714,29.813584219822154,29.968249378117992
seq08,test,101,1788536869.2157621,-2.90759775728838,8.810497148433937,0.31975886844818957,-5.793501853942871,7.868313908576965,30.129892349243164,3.0358115410141244,29.810133480794974,29.96431560799225
seq08,test,102,1788536869.3836372,-2.8715266381555073,8.884516061555985,0.31975606627745945,-5.7491135597229,7.95674991607666,30.126955032348633,3.023451093018253,29.807198966071173,29.960146306632545
seq08,test,103,1788536869.546761,-2.8327451674540263,8.968047626722008,0.319763586878383,-5.704476833343506,8.045581102371216,30.124528884887695,3.016253843664388,29.80476529800931,29.95699954466135
seq08,test,104,1788536869.7144,-2.799598977266712,9.02595641984667,0.31972489333746146,-5.6627137294229914,8.122012930068092,30.12257942150369,3.0024223414982756,29.80285452816623,29.95370891799155
seq08,test,105,1788536869.8872552,-2.7569066436381777,9.12264806112607,0.31978090469375053,-5.6144914627075195,8.224346578121185,30.121232986450195,2.9954526456855124,29.801452081756445,29.9516156948798
seq08,test,106,1788536870.0461802,-2.7175713210934367,9.203526372016777,0.3197811387283167,-5.569157600402832,8.314241409301758,30.120363235473633,2.9870339893038804,29.800582096745316,29.949909271283513
seq08,test,107,1788536870.213184,-2.679811272396181,9.275692435263915,0.3197321612941544,-5.5236053466796875,8.40445101261139,30.120006561279293,2.97426063980203,29.80027439998514,29.948331851171364
seq08,test,108,1788536870.378535,-2.6416961032801534,9.347275559523384,0.3197321692324786,-5.477842807769775,8.494954526424408,30.12017059326172,2.9614488469075826,29.80043842402924,29.947225406324517
seq08,test,109,1788536870.5545862,-2.5977719220481776,9.44334603833772,0.31980095933306596,-5.431878089904785,8.58573204278946,30.120853424072266,2.9610233933630306,29.8010524647392,29.947794368570474
seq08,test,110,1788536870.720081,-2.5571020219938263,9.523147059642932,0.31979617910388325,-5.385718822479248,8.676761269569397,30.122055053710934,2.952531440920958,29.802258874607052,29.94815646978494
seq08,test,111,1788536870.8935292,-2.5212800016327037,9.577976456837945,0.31976536761191454,-5.339371681213379,8.7680244743824,30.123775482177734,2.932177165248631,29.80401011456582,29.94789945618135
seq08,test,112,1788536871.055874,-2.4776513313839525,9.667614116251936,0.31978125300728455,-5.292845726013184,8.859500259160995,30.126012802124023,2.928885024300927,29.806231549116738,29.949788090154097
seq08,test,113,1788536871.2218912,-2.433307008192652,9.759460432870073,0.31978310132461485,-5.246149063110352,8.951166436076164,30.128761291503906,2.926673813592266,29.808978190179293,29.952305426356606
seq08,test,114,1788536871.3949132,-2.3910978672695666,9.839245145607963,0.3197523371874782,-5.199288845062256,9.043005540966988,30.132030487060543,2.918892611206359,29.812278149873066,29.954830371096314
seq08,test,115,1788536871.575967,-2.3483812986499792,9.919386295509652,0.31977653433054654,-5.152273654937744,9.134994551539421,30.135814666748047,2.911543019372651,29.8160381324175,29.957857277639736
seq08,test,116,1788536871.7520561,-2.306828192357993,9.991578889433933,0.31976422729754894,-5.105110168457031,9.227114195935428,30.140111923217773,2.9008254489656045,29.820347695920226,29.961106871925498
seq08,test,117,1788536871.923659,-2.2640882938114215,10.06786025037956,0.3197375868799428,-5.057807922363281,9.319342233240604,30.144920349121094,2.8922566595891133,29.825182762241152,29.965090945732577
seq08,test,118,1788536872.099536,-2.216904334125679,10.166060461238851,0.31973454291499404,-5.010375022888184,9.411659836769104,30.150245666503906,2.8935443302592767,29.830511123588913,29.970518725670022
seq08,test,119,1788536872.266664,-2.1751118596356456,10.233188783873187,0.31974195216739054,-4.962818622589111,9.50404554605484,30.156078338623047,2.881485529630977,29.836336386455656,29.975155175965487
seq08,test,120,1788536872.4380121,-2.130743452804078,10.3121110571992,0.31976494480891815,-4.9151482582092285,9.596479713916779,30.16242408752441,2.8748979703376425,29.842659142715494,29.98081625053181
seq08,test,121,1788536872.613516,-2.0878821927203397,10.380405136152582,0.31972803004179373,-4.867371082305908,9.688939958810806,30.169269561767578,2.8642071466299206,29.849541531725784,29.98664389745922
seq08,test,122,1788536872.789545,-2.040202594782115,10.474526609796976,0.31975048360946734,-4.819494724273682,9.78140613436699,30.1766300201416,2.864416299093772,29.856879536532134,29.99396833354175
seq08,test,123,1788536872.9642582,-1.9956623654712937,10.548423189405085,0.3197376441215054,-4.771529197692871,9.873859629034996,30.184486389160153,2.8566541035286415,29.864748745038646,30.00106148574571
seq08,test,124,1788536873.1516943,-1.9512592362211776,10.619067917183534,0.31970448833913334,-4.723482608795165,9.966277539730072,30.1928539276123,2.8480445404419727,29.873149439273167,30.008605684461383
seq08,test,125,1788536873.331067,-1.9036064606887881,10.70745429290447,0.31977193462293907,-4.675363063812256,10.058640819042921,30.20171356201172,2.846681153698608,29.88194162738878,30.01722886965906
seq08,test,126,1788536873.5107992,-1.8591206951598462,10.773760807213199,0.31976189599200167,-4.627177715301514,10.150927260518074,30.21107673645019,2.8372629933871827,29.89131484045819,30.02566842195258
seq08,test,127,1788536873.6962593,-1.8119691673010765,10.855118388511938,0.3197704345014214,-4.578936576843262,10.243120059370995,30.220932006835934,2.833840256672895,29.901161572334512,30.03514797658227
seq08,test,128,1788536873.866897,-1.7644870143788831,10.937020796968767,0.3197517936064027,-4.530648708343506,10.33519297838211,30.231281280517578,2.830873935798273,29.911529486911174,30.04519002247679
seq08,test,129,1788536874.0367072,-1.717574563762193,11.012722930950254,0.31975537507903695,-4.4823198318481445,10.427129864692688,30.242122650146484,2.826081321663019,29.922367275067447,30.055528592601394
seq08,test,130,1788536874.211774,-1.672036187981102,11.075958424985684,0.31972049393392643,-4.433962345123291,10.518910109996796,30.25345420837402,2.8175412903342125,29.933733714440095,30.066043188450085
seq08,test,131,1788536874.3941061,-1.6264345935936904,11.136104310741946,0.31971702630471777,-4.3855814933776855,10.610511600971222,30.265268325805664,2.80876117018727,29.945551299500945,30.07698758090967
seq08,test,132,1788536874.57619,-1.57810292040926,11.214411691579121,0.31972145832485044,-4.33718729019165,10.701915264129639,30.277563095092773,2.806278522835175,29.957841636767924,30.08899258335832
seq08,test,133,1788536874.746247,-1.5264684702060851,11.317769221408271,0.31977437056784463,-4.288788795471191,10.793100595474243,30.29033660888672,2.811706020623818,29.970562238318873,30.10216423494094
seq08,test,134,1788536874.9256163,-1.481078190882127,11.368136438593258,0.31973434524227873,-4.240394115447999,10.884047448635101,30.30359077453613,2.8014579278942455,29.98385642929385,30.11444525297233
seq08,test,135,1788536875.1006832,-1.4312939540246914,11.452540554085564,0.3197337524014736,-4.192010879516601,10.974736452102661,30.317312240600586,2.8017592156659696,29.997578488199114,30.128135851031928
seq08,test,136,1788536875.278257,-1.3838731703281102,11.51374933961627,0.3197136767156956,-4.143649101257324,11.065146207809448,30.331504821777344,2.7959985620173518,30.011791145061647,30.14175203423988
seq08,test,137,1788536875.4523983,-1.332505733677402,11.609065646621067,0.3197359030912126,-4.095317363739013,11.155258536338806,30.346166610717773,2.799833744447415,30.02643070762656,30.156684334264032
seq08,test,138,1788536875.6279352,-1.2839055780731699,11.676256880373735,0.3197339955269676,-4.047023773193359,11.24505078792572,30.361286163330078,2.7965623279963814,30.04155216780311,30.17143711368758
seq08,test,139,1788536875.797801,-1.2334679860462598,11.759237298182658,0.3197689297094246,-3.9987781047821045,11.334507942199707,30.376869201660153,2.7977374927995915,30.057100271950727,30.187027210984475
seq08,test,140,1788536875.972392,-1.1845109034899886,11.824905660274728,0.3197622928720867,-3.952491326594693,11.40607978043603,30.3928440860692,2.7994875853115615,30.07308179319711,30.203102146644426
seq08,test,141,1788536876.1421242,-1.1338611978909359,11.906524446161235,0.31976343441945976,-3.902461528778076,11.512328028678894,30.409391403198242,2.7965225920318066,30.08962796877878,30.219302604581376
seq08,test,142,1788536876.324595,-1.086809356290731,11.942726142825997,0.3197373858170298,-3.8544085025787354,11.600651979446411,30.42632293701172,2.788659134384469,30.10658555119469,30.235461189126763
seq08,test,143,1788536876.5026062,-1.0339444524371086,12.046880739002544,0.3197697684831582,-3.8064379692077637,11.688560724258423,30.443700790405273,2.7955524558665577,30.123931021922115,30.25336896524126
seq08,test,144,1788536876.6877599,-0.9845843545455191,12.105293991069383,0.3197547768889477,-3.7585582733154292,11.776035070419312,30.46151542663574,2.793446390901988,30.14176064974679,30.270927931027607
seq08,test,145,1788536876.864935,-0.9337042471099085,12.18084516960247,0.3197630205988138,-3.7107787132263184,11.863053917884827,30.479759216308594,2.79519835969185,30.15999619570978,30.289247339530448
seq08,test,146,1788536877.042525,-0.8833604945578196,12.246605106684042,0.31976875096284174,-3.6631059646606454,11.949600338935852,30.498435974121094,2.7955673325145174,30.178667223158254,30.30787277386436
seq08,test,147,1788536877.219295,-0.832642427652505,12.315614564407387,0.3197434800272936,-3.6155521869659424,12.035654544830322,30.51753997802734,2.796956263698731,30.197796498000045,30.32704861465532
seq08,test,148,1788536877.388946,-0.7818901064186976,12.381765503165772,0.3197646925431836,-3.5681231021881104,12.12119746208191,30.537059783935547,2.7983906108240997,30.217295091392362,30.34659639318771
seq08,test,149,1788536877.5635233,-0.7313840979522916,12.4397990292895,0.31975436077473174,-3.5208287239074703,12.20621109008789,30.557001113891598,2.7992078605581763,30.237246753116867,30.366538423987137
seq08,test,150,1788536877.741076,-0.6801486606353584,12.50919397819779,0.3197527437472125,-3.4736766815185547,12.290678977966309,30.577348709106445,2.8020613142445243,30.257595965359233,30.38706404395971
seq08,test,151,1788536877.918067,-0.6287037096768215,12.582007810832822,0.319757099850406,-3.4266772270202632,12.374577283859253,30.59810066223144,2.8056520146439694,30.278343562381036,30.408054395321923
seq08,test,152,1788536878.088242,-0.5777103289429397,12.640637928163873,0.3197509539227197,-3.379838228225708,12.457892417907715,30.619253158569336,2.8080806052279987,30.299502204646615,30.429346863428446
seq08,test,153,1788536878.2571511,-0.5261191221768464,12.71418722722293,0.31972418123600943,-3.3331682682037354,12.540604829788208,30.64080047607422,2.8124110220430922,30.32107629483821,30.4512286030352
seq08,test,154,1788536878.4285243,-0.47515864366903254,12.762396421633534,0.31971140479855786,-3.2866766452789307,12.622697114944458,30.662736892700195,2.814986566516068,30.343025487901638,30.47332185911333
seq08,test,155,1788536878.6015291,-0.4237935839931786,12.817236900404204,0.3197246202092272,-3.2403721809387207,12.704152345657349,30.68506050109863,2.8188478336536744,30.3653358808894,30.495893596819283
seq08,test,156,1788536878.7852252,-0.37221745067526146,12.881014171099203,0.3196654094165132,-3.194262027740478,12.784950733184814,30.70775985717773,2.8236791211196657,30.38809444776122,30.519001424442173
seq08,test,157,1788536878.9647832,-0.3206290880542289,12.934357226157347,0.31970604671349645,-3.1483557224273677,12.865076541900635,30.73083114624023,2.8285752123559162,30.411125099526735,30.54238640890753
seq08,test,158,1788536879.1505382,-0.2688768848138796,12.998719414512431,0.31970775338745483,-3.1026611328124996,12.94451355934143,30.75427436828613,2.8343026371472617,30.434566614898674,30.56625780948078
seq08,test,159,1788536879.3217,-0.21712986016996877,13.073379835719026,0.3197267847857721,-3.05718994140625,13.023240566253662,30.778078079223633,2.8405026335799004,30.45835129443786,30.590515176877275
seq08,test,160,1788536879.493758,-0.16549624904692797,13.139336106410278,0.3197550144613823,-3.0119457244873056,13.10124397277832,30.802236557006836,2.846704344830955,30.482481542545454,30.61511728898819
seq08,test,161,1788536879.6677382,-0.11385472906806958,13.19584010578572,0.31974773159058856,-2.9669408798217773,13.178507089614868,30.82674407958984,2.853138800877411,30.50699634799925,30.64012446439981
seq08,test,162,1788536879.843796,-0.062163109702202464,13.249319379260607,0.3197443300343361,-2.9221837520599365,13.255013227462769,30.85159873962402,2.8600263101271803,30.531854409589684,30.665516206041612
seq08,test,163,1788536880.023955,-0.010434685758276637,13.302022913367953,0.31974288580208676,-2.8776793479919434,13.33074402809143,30.876787185668945,2.8673885079525614,30.55704429986686,30.69128334233621
seq08,test,164,1788536880.199156,0.04113316103789035,13.362391876752445,0.31974282739008797,-2.833439826965332,13.405686140060425,30.90230560302734,2.874898999372527,30.582562775637253,30.717392307655064
seq08,test,165,1788536880.3856442,0.09304552152963723,13.405309972317731,0.3197169681224268,-2.789471387863159,13.479822158813477,30.92815399169922,2.8834798072592385,30.60843702357679,30.74395668786206
seq08,test,166,1788536880.565115,0.14497203633410302,13.450218416899917,0.319680633453741,-2.7457835674285884,13.553137063980103,30.954320907592773,2.8925871133990446,30.63464027413903,30.770899319560087
seq08,test,167,1788536880.739007,0.1960402678573644,13.519952658520104,0.3197004943915487,-2.7023839950561523,13.62561297416687,30.980792999267578,2.9003495151702556,30.66109250487603,30.79796455778715
seq08,test,168,1788536880.9210062,0.24856036681890345,13.546556058983255,0.31967334268371106,-2.6592822074890137,13.697237014770508,31.00757789611816,2.911744011309142,30.68790455343445,30.825731768574407
seq08,test,169,1788536881.0982542,0.30002963234143054,13.601643811393735,0.31971476293765244,-2.6164855957031246,13.767994403839111,31.0346622467041,2.9212554826688324,30.714947483766448,30.853552996787155
seq08,test,170,1788536881.280985,0.3507555693815049,13.667699302616198,0.31975980834727036,-2.5740013122558594,13.837867736816406,31.062034606933594,2.9297030758565397,30.742274798586323,30.88155792547518
seq08,test,171,1788536881.4514172,0.40209370531804595,13.71680116774035,0.3197516168551111,-2.5318384170532227,13.906845569610596,31.089696884155273,2.940080708648012,30.769945267300162,30.910089070172734
seq08,test,172,1788536881.6307883,0.4543267819592909,13.748389657087477,0.3197251700932231,-2.4900059700012207,13.974910259246826,31.117633819580078,2.9530335144508597,30.797908649486857,30.93915939581435
seq08,test,173,1788536881.8070102,0.5051477504561203,13.802769872478779,0.3197356721173017,-2.4485106468200684,14.042051553726196,31.14584350585937,2.9633348867080036,30.82610783374207,30.968213991579738
seq08,test,174,1788536881.997347,0.5573854396376409,13.832117964572538,0.31967811967567616,-2.4073607921600337,14.108248710632324,31.174320220947262,2.9775776073644233,30.854642101271587,30.997982315070754
seq08,test,175,1788536882.173702,0.607034319789947,13.897859396783188,0.3197455443513084,-2.3665661811828613,14.173495531082153,31.20305633544922,2.9863481407761245,30.88331079109791,31.027361483656026
seq08,test,176,1788536882.3630862,0.6591421313670968,13.92549652886562,0.31967066238830544,-2.326131582260132,14.23777437210083,31.232040405273434,3.0015623592804697,30.91236974288513,31.05775232880656
seq08,test,177,1788536882.548787,0.7098294524790236,13.970893320776037,0.31970092067692746,-2.2860667705535893,14.301070928573608,31.261268615722656,3.014035738320301,30.94156769504573,31.088020568363138
seq08,test,178,1788536882.7313,0.7596113242058734,14.023910137638618,0.3197685937825696,-2.2463793754577637,14.363376140594482,31.290739059448242,3.025097891577579,30.970970465665673,31.1183583892011
seq08,test,179,1788536882.907579,0.811205463290242,14.052759814925988,0.31973776978065915,-2.2063069403270905,14.414751185760505,31.3204207966747,3.0391477191053258,31.00068302689404,31.149298017652008
seq08,test,180,1788536883.0926123,0.8603863904777944,14.10581008279244,0.31974064062374463,-2.1681675910949707,14.4849534034729,31.350345611572266,3.0521941086564026,31.03060497094852,31.1803517257258
seq08,test,181,1788536883.270059,0.9126020248092735,14.124393648413932,0.3197154975131833,-2.1296582221984863,14.544198989868164,31.380477905273438,3.0710883958683475,31.060762407760254,31.21221788477342
seq08,test,182,1788536883.455425,0.9605778020697565,14.18311491438687,0.3197700911397481,-2.0915563106536865,14.60240364074707,31.410818099975582,3.0807995192973654,31.091048008835834,31.243312755945674
seq08,test,183,1788536883.6334872,1.0115385374386594,14.209556232339718,0.3197671622132596,-2.0538721084594727,14.659551620483398,31.441356658935547,3.0982637520611744,31.121589496722287,31.27543078967628
seq08,test,184,1788536883.810028,1.059868873035169,14.257434655923802,0.3197500725478586,-2.016608953475952,14.715633392333984,31.472084045410156,3.1104118536075704,31.152333972862298,31.307228779561648
seq08,test,185,1788536883.986662,1.1119420479116435,14.269883735338514,0.3197140673842169,-1.979775309562683,14.770635604858398,31.503000259399414,3.1320071285576114,31.183286192015196,31.34017878676606
seq08,test,186,1788536884.159707,1.1596974070032922,14.316818047541792,0.3197465078090578,-1.943381309509277,14.824549198150635,31.534093856811523,3.1443422908729057,31.214347349002466,31.372318512764547
seq08,test,187,1788536884.3527303,1.2094624324227572,14.344056898467889,0.3197685396797898,-1.9074316024780273,14.877363204956055,31.565353393554688,3.1621897541640576,31.2455848538749,31.405190922871917
seq08,test,188,1788536884.538121,1.2603423070798927,14.360257684376046,0.31971603382830427,-1.8719335794448853,14.929066181182861,31.596776962280273,3.183503625778399,31.27706092845197,31.438658299257
seq08,test,189,1788536884.715198,1.309340500455417,14.388581805271581,0.31968020344123094,-1.8368957042694092,14.979647636413574,31.62834930419922,3.2012749136343874,31.30866910075799,31.471906868402858
seq08,test,190,1788536884.8995101,1.3557094488464176,14.43331725642394,0.3197441846400293,-1.8023241758346555,15.02910041809082,31.660072326660156,3.2137414255571435,31.340328142020127,31.504671113976745
seq08,test,191,1788536885.0716891,1.402553308604958,14.470710128979023,0.319744712842448,-1.7682238817214966,15.077409744262695,31.691932678222653,3.2282986872158963,31.372187965380206,31.537851704721845
seq08,test,192,1788536885.2496972,1.4546229618639674,14.46942563029714,0.3196999191771859,-1.7346056699752803,15.124571323394775,31.723922729492184,3.255824802615709,31.404222810314998,31.5725451217547
seq08,test,193,1788536885.4336462,1.4976142092869937,14.52691547428911,0.31975767628385654,-1.701474547386169,15.17057466506958,31.756038665771484,3.263198741564604,31.436280989487628,31.60519306185251
seq08,test,194,1788536885.6043122,1.54774018525984,14.533816113655671,0.3197449008126827,-1.668835401535034,15.21540880203247,31.788265228271484,3.287997429806401,31.4685203274588,31.639827728641336
seq08,test,195,1788536885.7785423,1.5952505124699417,14.5551824469862,0.31971754262540375,-1.6366991996765137,15.259065628051758,31.820600509643555,3.3077107603946456,31.50088296701815,31.674067913297854
seq08,test,196,1788536885.9514182,1.6443359194293863,14.564293580581149,0.31968750266223256,-1.605068325996399,15.301536083221436,31.853031158447266,3.3319895644930266,31.533343655785032,31.70889333565157
seq08,test,197,1788536886.137417,1.6883240795589873,14.60159336300988,0.31975410147488637,-1.5739513635635376,15.342816829681396,31.885555267333984,3.345422737763467,31.5658011658591,31.742584276282493
seq08,test,198,1788536886.305555,1.7347048124244129,14.621135665566579,0.3197612634568825,-1.5433545112609863,15.382895946502686,31.918161392211914,3.3654051249756893,31.59840012875503,31.77711192591483
seq08,test,199,1788536886.484059,1.7806189950705784,14.640524579967241,0.31976926619728707,-1.5132836103439327,15.42176866531372,31.950841903686523,3.3852823656004474,31.631072637489236,31.81170999636715
seq08,test,200,1788536886.6595402,1.826691120941636,14.656031770804299,0.3197486640988638,-1.4837450981140143,15.45942497253418,31.983585357666016,3.4065273515739247,31.663836693567152,31.84655370293481
seq08,test,201,1788536886.834774,1.873481268843859,14.664791497596285,0.31971205964486704,-1.454744815826416,15.495858669281006,32.01639175415039,3.4304171050371806,31.696679694505523,31.881770107235425
seq08,test,202,1788536887.0225172,1.92213708038624,14.661241034429205,0.3197132637290867,-1.4262902736663818,15.531065464019775,32.04924774169922,3.4595607067488214,31.729534477970134,31.917580084843145
seq08,test,203,1788536887.2088761,1.9643772325294155,14.689011356318188,0.3197815722777628,-1.398384928703308,15.565035343170166,32.082141876220696,3.4749945868387497,31.762360303942934,31.95188757266225
seq08,test,204,1788536887.3947322,2.012423040214298,14.683409037874739,0.319737503832352,-1.371037602424621,15.597766876220703,32.115074157714844,3.5048332594905673,31.79533665388249,31.987924113805114
seq08,test,205,1788536887.5812423,2.052988637457893,14.713191580731598,0.3197655115202134,-1.3442529439926145,15.62925100326538,32.148033142089844,3.5185814227255383,31.82826763056963,32.0221647549243
seq08,test,206,1788536887.7612212,2.0959936090313978,14.72724953774822,0.3197819900702943,-1.3180358409881592,15.659483432769775,32.1810073852539,3.5390192314577638,31.861225395183606,32.05717300080156
seq08,test,207,1788536887.9299562,2.140711527856787,14.729848992795043,0.31973158955780523,-1.2923924922943122,15.688459396362305,32.213993072509766,3.5644266185468076,31.89426148295196,32.09281933177448
seq08,test,208,1788536888.1062531,2.186839791246193,14.723147255163827,0.31969804576742367,-1.267327904701233,15.71617317199707,32.24697875976562,3.594074977407852,31.927280713998194,32.12893755998898
seq08,test,209,1788536888.2829902,2.2272792274017172,14.740687190862904,0.31974575555295126,-1.2428479194641116,15.742623329162598,32.27995681762695,3.611877412184151,31.960211062074002,32.16365572463683
seq08,test,210,1788536888.4742103,2.271317480800605,14.738298304805964,0.3197699987944269,-1.2189587354660034,15.767801284790039,32.31291961669922,3.6389427656439506,31.99314961790479,32.19943364292723
seq08,test,211,1788536888.653865,2.3122933276935886,14.747033101665082,0.3197673665838574,-1.1956640481948846,15.791706085205078,32.34586334228515,3.6602058130095227,32.02609597570129,32.234576622602304
seq08,test,212,1788536888.833874,2.3534149546643435,14.751998264578026,0.3197670685267464,-1.1729687452316284,15.81433391571045,32.3787727355957,3.6829253365441654,32.05900566706896,32.269858744588866
seq08,test,213,1788536889.0187142,2.396076758463469,14.747149924411776,0.3197533440218403,-1.1508812904357908,15.835681915283203,32.411643981933594,3.7102308952141723,32.09189063791175,32.305653653988955
seq08,test,214,1788536889.201054,2.4421371511224206,14.724783822319699,0.319688420037354,-1.129402995109558,15.855746746063232,32.44446945190429,3.7463283560079548,32.12478103186694,32.342488038127605
seq08,test,215,1788536889.3845742,2.477379298301205,14.746448503502647,0.31974564895844826,-1.108538746833801,15.874524593353271,32.477237701416016,3.7591706387070993,32.15749205245757,32.37646767321583
seq08,test,216,1788536889.573625,2.5187929256212866,14.738377905881816,0.3197574644876806,-1.0882958173751824,15.89201545715332,32.50994110107422,3.7870791910858634,32.19018363658654,32.41218738926331
seq08,test,217,1788536889.7514293,2.557680015868281,14.73806210282447,0.3197655256286671,-1.068676710128784,15.908215045928955,32.54257583618163,3.8104751691147705,32.222810310552966,32.447330018420914
seq08,test,218,1788536889.930025,2.602948637148683,14.708424596748133,0.3197083221297006,-1.0496863126754754,15.92312479019165,32.575130462646484,3.849316645409761,32.255422140516785,32.48429614597751
seq08,test,219,1788536890.104875,2.640300837718076,14.70860383377283,0.3196899868021499,-1.0313305854797359,15.936739444732666,32.60759735107422,3.8715880962108145,32.287907364272066,32.51919673593638
seq08,test,220,1788536890.277286,2.677668501687248,14.705571831372371,0.31972666670724736,-1.01361083984375,15.949060440063477,32.639968872070305,3.8951003962873743,32.32024220536306,32.55410670423149
seq08,test,221,1788536890.447777,2.7129681164323203,14.707686731325689,0.31975782600326186,-0.9965344071388244,15.960086345672607,32.672237396240234,3.9152156730373107,32.35247957023697,32.58852325756719
seq08,test,222,1788536890.6284611,2.75729535784518,14.67113983047167,0.3197009212983175,-0.9801025390624994,15.969817638397217,32.70439147949218,3.9566029733356176,32.38469055819386,32.625494473472415
seq08,test,223,1788536890.802345,2.7897562172842756,14.678363875528788,0.3197637987243398,-0.9643225073814392,15.978252410888672,32.7364273071289,3.9727594031539115,32.41666350840456,32.6591930441105
seq08,test,224,1788536890.9750552,2.8250676894924975,14.67114856591032,0.31975335078354794,-0.9491955637931824,15.98539400100708,32.76833724975586,3.996536521636613,32.44858389897231,32.69377465538998
seq08,test,225,1788536891.148883,2.8634539281602,14.64918493155464,0.31974469643590364,-0.9347253441810603,15.991239547729492,32.80010986328124,4.028309369653604,32.48036516684534,32.72921321616606
seq08,test,226,1788536891.3287601,2.898941524844692,14.635386143407137,0.3197556234164187,-0.9209167361259468,15.9957914352417,32.83173751831054,4.054876039037089,32.51198189489412,32.763867085951254
seq08,test,227,1788536891.497393,2.9337679232664766,14.621020488150405,0.319756336837169,-0.9077734351158139,15.999053955078125,32.86322021484374,4.08122729630861,32.54346387800658,32.79837583514241
seq08,test,228,1788536891.673552,2.9740110728459928,14.583645773872558,0.31971747269390405,-0.8952978253364565,16.001022815704346,32.89453887939453,4.120741320231799,32.57482140670063,32.83442551205529
seq08,test,229,1788536891.846749,3.002961847065274,14.585080620672988,0.3197698303799359,-0.8834948539733884,16.00170373916626,32.92569351196289,4.136588781701406,32.60592368158296,32.86727286949908
seq08,test,230,1788536892.019838,3.0376365456080676,14.562286595827732,0.31972230664261536,-0.8723657131195071,16.001096725463867,32.95667266845703,4.166328389889387,32.636950361814414,32.90180574333172
seq08,test,231,1788536892.198753,3.074513595416104,14.528685168017663,0.31968737939080083,-0.8595423703115503,15.990468463548249,32.987503158145365,4.196856769603843,32.667815778754566,32.936299040712136
seq08,test,232,1788536892.391829,3.1040942432852003,14.51847919580244,0.319722186551298,-0.8521435260772706,15.99603271484375,33.01808166503906,4.223148314866706,32.69835947848777,32.96995138415846
seq08,test,233,1788536892.5700502,3.1346368092515715,14.501626907316547,0.319691321848236,-0.8430566191673278,15.991580486297607,33.04849243164062,4.247588336692407,32.72880110979238,33.00327906075928
seq08,test,234,1788536892.7498791,3.171891368451252,14.458137335127144,0.3197192128868618,-0.8346557617187501,15.98585319519043,33.07870101928711,4.287929063704574,32.75898180640025,33.03842043208823
seq08,test,235,1788536892.93439,3.2017426780609943,14.437896754672144,0.31973975083612527,-0.8269445896148682,15.978853702545166,33.10869598388672,4.313336228017907,32.78895623305059,33.07144569366206
seq08,test,236,1788536893.1107562,3.231019570929328,14.416561727603286,0.3197325849345425,-0.8199242949485778,15.970587253570557,33.13847351074219,4.33879494097747,32.818740925807646,33.10430330780476
seq08,test,237,1788536893.284116,3.2648502186329855,14.376443887353165,0.31969335501519747,-0.8135986328124991,15.961055755615234,33.16802215576172,4.375470238373699,32.84832880074652,33.13845869694074
seq08,test,238,1788536893.4558232,3.2956597089083974,14.34394845918915,0.3196768833906629,-0.8079687356948848,15.950265884399414,33.19733810424805,4.406815412731884,32.877661220857384,33.171684151326424
seq08,test,239,1788536893.625379,3.322953789318971,14.32056693694829,0.31973187269023073,-0.8030371069908153,15.93822193145752,33.22641372680663,4.431772620260643,32.9066818541164,33.20376965354575
seq08,test,240,1788536893.800672,3.351770873306512,14.288953873069115,0.31974715569601897,-0.798806130886078,15.924930095672607,33.255245208740234,4.461357155469211,32.93549805304421,33.236286490381794
seq08,test,241,1788536893.9713752,3.3795990697146765,14.257748592614801,0.31976064456977515,-0.7952770590782164,15.910394668579102,33.283809661865234,4.490081262423313,32.96404901729546,33.26844386739215
seq08,test,242,1788536894.1441612,3.286345373178059,14.214965366267275,0.30758032194519536,-0.7924523949623107,15.8946213722229,33.31211853027344,4.411103663679835,33.00453820832824,33.29800861728413
seq08,test,243,1788536894.3172822,2.476221107724505,14.124552371304155,0.3220947684685105,-0.790333211421966,15.877614498138428,33.34015655517578,3.707236698738721,33.01806178670727,33.225532472652624
seq08,test,244,1788536894.4929333,2.5156525731431483,14.090058518690377,0.34818523781909816,-0.7889221310615542,15.859384536743164,33.367919921875,3.7484301425834428,33.019734684055905,33.23181618779318
seq08,test,245,1788536894.665043,2.6144039320896635,14.074323020890768,0.347351205655962,-0.7882189750671386,15.839934825897217,33.39540100097656,3.8334354949948404,33.0480497953206,33.26963815505477
seq08,test,246,1788536894.838634,2.626198214748475,14.029746445730114,0.3468915094441627,-0.8440045030792259,15.806411268089708,33.420398506278,3.898569583043095,33.073506996833835,33.30248804313944
seq08,test,247,1788536895.0127492,2.651400414393268,13.988419927613881,0.3481245114037579,-0.788945317268371,15.797410488128662,33.44948196411132,3.8869558270443516,33.10135745270756,33.328790719336226
seq08,test,248,1788536895.1889832,2.724731633900196,13.961554047729882,0.346812214366381,-0.79037594795227,15.774348735809326,33.476070404052734,3.955022868849906,33.129258189686354,33.364501406315455
seq08,test,249,1788536895.357896,2.7392798763910378,13.915104260852122,0.3487859372395814,-0.7925207614898678,15.750100135803223,33.50234985351562,3.9800534678347637,33.153563916276035,33.39161011328181
seq08,test,250,1788536895.5342731,2.752248824989597,13.867232901909718,0.35203008457360907,-0.7953796386718744,15.724668741226196,33.528316497802734,4.004464460244137,33.17628641322913,33.41708718284659
seq08,test,251,1788536895.7024472,2.854388882474154,13.847152869430374,0.3494594055436897,-0.7989538311958307,15.698065519332886,33.553955078125,4.095459756986352,33.20449567258131,33.456110405896936
seq08,test,252,1788536895.875987,2.8967432727746547,13.807059674482746,0.3472081130111182,-0.8032445907592771,15.670296907424927,33.57926559448242,4.142651708328908,33.2320574814713,33.48927003725721
seq08,test,253,1788536896.0513213,2.906199249384499,13.755578014667893,0.34885591605256105,-0.8082494735717769,15.641376733779907,33.604244232177734,4.165737164593563,33.25538831612517,33.51528335223724
seq08,test,254,1788536896.226846,2.9945247434529403,13.728730793974252,0.34644625737006995,-0.813972175121307,15.611309051513672,33.628875732421875,4.248382006664383,33.282429475051806,33.55247921445369
seq08,test,255,1788536896.405844,3.017288567474394,13.679909325854451,0.3453803381931184,-0.8204113841056825,15.580106973648071,33.65316390991211,4.28236990684342,33.30778357171899,33.58194661539905
seq08,test,256,1788536896.5797472,3.05743140311979,13.635929257737399,0.34326033181813864,-0.8275671005249025,15.547776937484741,33.67709732055663,4.3299393672286905,33.3338369887385,33.6138820030604
seq08,test,257,1788536896.7660942,3.093923040998182,13.589990601682347,0.3431728474049318,-0.8354394435882565,15.51433277130127,33.70066833496094,4.375269399825452,33.35749548755601,33.64320863894181
seq08,test,258,1788536896.9295843,3.1252322804078814,13.541639085234568,0.3439199543490481,-0.844030737876892,15.479782581329346,33.723876953125,4.417176600474294,33.37995699877595,33.67095155115028
seq08,test,259,1788536897.0946531,3.169644075082123,13.496824612118882,0.3422628758500683,-0.853336155414581,15.444137811660767,33.74671554565429,4.46949646292257,33.40445266980422,33.70213430632054
seq08,test,260,1788536897.260596,3.1733187479707934,13.437820843024332,0.34309729329316796,-0.8633593320846559,15.407407760620117,33.76917648315429,4.4915523539155835,33.42607918986112,33.72650015277054
seq08,test,261,1788536897.425218,3.199041762716434,13.385339434041953,0.344479104937345,-0.8740978837013242,15.36960482597351,33.79125595092773,4.530758846466834,33.446776845990385,33.75225410413823
seq08,test,262,1788536897.5857763,3.2778360626001186,13.349723171270947,0.34164649351931153,-0.8855517506599424,15.33073902130127,33.812942504882805,4.610663930680023,33.47129601136349,33.78736270504094
seq08,test,263,1788536897.749138,3.3180178425748657,13.300677997544742,0.3400135560842015,-0.8977209329605103,15.290824890136719,33.8342399597168,4.661881388200049,33.494226403632595,33.81710130178879
seq08,test,264,1788536897.9073222,3.3273262713548863,13.24061407644181,0.34053074035455877,-0.9106017947196962,15.249873161315918,33.855140686035156,4.690112617344256,33.5146099456806,33.84119141186498
seq08,test,265,1788536898.071388,3.387264538006512,13.196938594557137,0.3376207149557453,-0.9241979718208313,15.207894325256348,33.87563705444336,4.75737868205577,33.53801633948761,33.87375373223666
seq08,test,266,1788536898.2317152,3.387058248190402,13.13218617710571,0.3377328305003482,-0.9385033845901487,15.164901971817017,33.895721435546875,4.779374116037785,33.557988605046525,33.89662248893663
seq08,test,267,1788536898.3975651,3.449451289584186,13.088170783514139,0.33493422982827714,-0.9535217285156251,15.120909452438354,33.915401458740234,4.849556463662914,33.58046722891196,33.92883695628668
seq08,test,268,1788536898.5536761,3.4776579411304605,13.031856859887883,0.3328846703350392,-0.9692479968070994,15.075927734375,33.93465042114258,4.894200461851849,33.60176575080754,33.95632282407701
seq08,test,269,1788536898.732188,3.489945910811665,12.96925672640442,0.3319019466855142,-0.9856823682785033,15.029970407485962,33.953487396240234,4.927249675832173,33.62158544955472,33.98071213953142
seq08,test,270,1788536898.906418,3.5283251136899847,12.915272887543804,0.33089612314949224,-1.002824664115905,14.983053922653198,33.9718894958496,4.980666292582594,33.64099337270011,34.00769724371412
seq08,test,271,1788536899.0836062,3.5359210682205364,12.849591167076127,0.33020526356052726,-1.0206688642501833,14.935186862945557,33.989864349365234,5.0112095565165315,33.659659085804705,34.03064605604657
seq08,test,272,1788536899.2725291,3.5983753976486894,12.803151292361628,0.3290224143275424,-1.0392187833786006,14.886385440826416,34.00739669799805,5.084008684613746,33.67837428367051,34.05994772010414
seq08,test,273,1788536899.446433,3.6235812447830646,12.742813812519582,0.32790884975677037,-1.058467984199524,14.836665153503418,34.02449035644531,5.128917860597522,33.696581506688545,34.08467989665827
seq08,test,274,1788536899.619792,3.6464304622505312,12.680997480484844,0.3267795615964135,-1.078417897224426,14.786036729812622,34.041141510009766,5.172560513057691,33.714361948413355,34.10884905489873
seq08,test,275,1788536899.7965481,3.679610252410317,12.622581078498643,0.32577228091687904,-1.0990637540817254,14.734519243240356,34.05734252929687,5.2245581700288595,33.73157024837999,34.13377857040456
seq08,test,276,1788536899.964725,3.7050941614251225,12.560754668297024,0.32517701912122376,-1.1204051971435556,14.682125091552734,34.07308959960937,5.2712101582284525,33.74791258048815,34.15709677464525
seq08,test,277,1788536900.1407843,3.722740170315609,12.495238291484833,0.32424057247850757,-1.1424401998519897,14.62886667251587,34.08837890625,5.312471186049412,33.76413833377149,34.17951707565019
seq08,test,278,1788536900.3205802,3.7421330652469953,12.42967771664965,0.3233700464239151,-1.165164828300476,14.574763298034668,34.10320663452148,5.355647931621472,33.77983658809756,34.201759087597466
seq08,test,279,1788536900.493889,3.775213168502178,12.36943870004463,0.3223665020517583,-1.188576579093933,14.51982569694519,34.11756896972656,5.409563096478243,33.795202467674805,34.22541574219242
seq08,test,280,1788536900.6719592,3.803173373222688,12.306820048764662,0.32174975272094253,-1.2152706286188166,14.476912476391384,34.130907735152746,5.467548019364971,33.809157982431806,34.24840499680378
seq08,test,281,1788536900.845222,3.818458289517888,12.237790396981564,0.32084693178542056,-1.2374523878097534,14.4075186252594,34.144893646240234,5.501813642945509,33.824046714454816,34.26858750376681
seq08,test,282,1788536901.032004,3.8513354202752477,12.178077631669606,0.3237087176015836,-1.2629125118255615,14.350181341171265,34.1578369140625,5.556398693023051,33.83412819646092,34.28734164747072
seq08,test,283,1788536901.2260213,3.8729102838742437,12.112076552581453,0.31994994656218734,-1.289047837257385,14.292075395584106,34.170310974121094,5.603410265169746,33.850361027558904,34.31100622680554
seq08,test,284,1788536901.407124,3.8819053524416516,12.04146786201697,0.3197424007972973,-1.313940211664464,14.246512517756154,34.182107952476564,5.644380662202464,33.86236555167927,34.329562097635325
seq08,test,285,1788536901.5831733,3.880048547194695,11.969389556541472,0.32465655978634667,-1.3433349132537844,14.173617482185364,34.19380569458007,5.669422856259278,33.86914913479372,34.340378836552944
seq08,test,286,1788536901.756153,3.7300433638354376,11.856406922408295,0.3848343708816735,-1.371480703353882,14.113303661346436,34.2048225402832,5.578452356912396,33.819988169401526,34.276970847448005
seq08,test,287,1788536901.9341662,3.748839249026274,11.783008983689504,0.38909724649200017,-1.4002904891967776,14.052286148071289,34.21535110473632,5.627002391134877,33.82625385824432,34.29108639270891
seq08,test,288,1788536902.108694,3.7543296458013833,11.709379587582923,0.38168549025619636,-1.4297595024108884,13.99058198928833,34.22538757324219,5.663803023954731,33.84370208298599,34.31435319769366
seq08,test,289,1788536902.28613,3.7632460489858364,11.637602395839801,0.37288857927253427,-1.459885239601136,13.928207993507385,34.23493194580078,5.703330120366721,33.86204336652825,34.338985940451444
seq08,test,290,1788536902.458775,3.7633527716374973,11.562885545835412,0.36622718237528984,-1.4906640052795412,13.865182995796204,34.24397659301757,5.736311170100666,33.87774941064228,34.35996465321953
seq08,test,291,1788536902.6308382,3.7740183165724432,11.490056384312656,0.36093312790119847,-1.5220910310745237,13.801522970199585,34.25252151489258,5.778551029445475,33.89158838699138,34.38068375400865
seq08,test,292,1788536902.8095202,3.7739845445274063,11.412396190297876,0.35910182021243164,-1.5541638135910028,13.737246632575989,34.26056289672851,5.813268831310026,33.90146107651608,34.396266623394105
seq08,test,293,1788536902.9844792,3.7892552723788135,11.341744480119903,0.3548457511980514,-1.5868761539459224,13.6723712682724,34.268104553222656,5.859574245520784,33.91325880202461,34.4157483270649
seq08,test,294,1788536903.1613872,3.8048578204888788,11.271404512122015,0.3506970337894151,-1.620225787162781,13.60691487789154,34.275142669677734,5.906449087110432,33.92444563588832,34.434781145245715
seq08,test,295,1788536903.3227353,3.8225950489262237,11.202958702367402,0.34470762907060637,-1.6542088985443117,13.540892958641052,34.28166580200195,5.95494064333866,33.93695817293135,34.4554559989703
seq08,test,296,1788536903.4826381,3.824808149512025,11.125762273320333,0.3416179026534867,-1.6888207197189333,13.474327564239502,34.28768539428711,5.992984417911271,33.94606749163362,34.47102203851624
seq08,test,297,1788536903.651006,3.838390787147424,11.056035433151976,0.3358335292636312,-1.7240551710128798,13.407234787940979,34.29319763183593,6.038952180917987,33.9573641025723,34.49016555828748
seq08,test,298,1788536903.817279,3.84345824813679,10.981327001624628,0.3305873944584714,-1.7599096298217771,13.33963030576706,34.298194885253906,6.079418232862993,33.96760749079544,34.507356964838806
seq08,test,299,1788536903.9801652,3.8482092503525567,10.906667332065712,0.3258303755335763,-1.7963781356811523,13.271538197994232,34.302677154541016,6.119965765516043,33.97684677900744,34.5236165257239
seq08,test,300,1788536904.1455982,3.847461756333784,10.827496826528382,0.32138878047839725,-1.8334569931030273,13.202971935272217,34.30664825439453,6.157574183878277,33.98525947391613,34.53858105567411
seq08,test,301,1788536904.3073652,3.849543794148564,10.751825350234016,0.31976797623033715,-1.8711413145065308,13.133953750133514,34.31010437011719,6.196835791433876,33.99033639388685,34.55059683993295
seq08,test,302,1788536904.472305,3.856224904486481,10.681690859779073,0.3197699292016656,-1.909426212310791,13.064498722553253,34.313045501708984,6.238630147037416,33.99327557250732,34.56100823558171
seq08,test,303,1788536904.636598,3.8535152779442132,10.60418804260245,0.31972398402903046,-1.948305606842041,12.994627594947815,34.31546783447265,6.274976241593195,33.99574385044362,34.570014850698776
seq08,test,304,1788536904.796482,3.8531179285917525,10.529371936269316,0.31977158548186413,-1.9877758026123047,12.924359858036041,34.317378997802734,6.312844582644765,33.99760741232087,34.57874081696617
seq08,test,305,1788536904.960062,3.8492858539681474,10.45369519283465,0.32026369051505066,-2.02783203125,12.853714048862457,34.31876373291015,6.348275761656866,33.9985000423951,34.58610429462647
seq08,test,306,1788536905.1328683,3.8471879649057676,10.376590504198871,0.31978813785821814,-2.0684666633605957,12.782709240913391,34.31963729858398,6.386264718604916,33.99984916072576,34.59442325011651
seq08,test,307,1788536905.3086321,3.84015242739053,10.295169880554983,0.31973212219504643,-2.1096763610839835,12.711364418268204,34.31998825073242,6.421717734082938,34.00025612853737,34.60138545582212
seq08,test,308,1788536905.480422,3.838031396667502,10.224682053707257,0.3203854077934014,-2.1514549255371085,12.639698594808578,34.31982421874999,6.458037728108215,33.99943881095659,34.60734157310628
seq08,test,309,1788536905.6497362,3.8343306753864708,10.146338197581878,0.31974818568324404,-2.1937975883483887,12.56773066520691,34.319141387939446,6.496265992576835,33.9993932022562,34.61445088352458
seq08,test,310,1788536905.819616,3.824566359964119,10.068489099646099,0.3177542515579306,-2.2366979122161865,12.49548115581274,34.31793975830078,6.529105223375208,34.00018550674285,34.62140709894432
seq08,test,311,1788536905.9940162,3.787302785248837,9.982619418472703,0.31921330515846846,-2.2801513671875,12.422968632541597,34.31622314453125,6.539824476124999,33.99700983937278,34.620311699881235
seq08,test,312,1788536906.1741803,3.774996895093399,9.909103300433236,0.31972514228743987,-2.3241491317749015,12.350212469696999,34.313987731933594,6.569520243771763,33.994262589646155,34.62323620413238
seq08,test,313,1788536906.340763,3.768361800369402,9.836327596244685,0.32092615808446,-2.368690013885497,12.277231678366661,34.311233520507805,6.604651217813783,33.990307362423344,34.6260366242078
seq08,test,314,1788536906.5091672,3.7614632154480057,9.758458176214079,0.3197368552779589,-2.413764476776123,12.204047441482544,34.30796813964844,6.641862984525357,33.98823128437048,34.63111620703364
seq08,test,315,1788536906.681492,3.7536577358500613,9.683527303269726,0.319761538320287,-2.4593675136566175,12.130676984786987,34.30418395996094,6.677591206023139,33.98442242164065,34.634248824642775
seq08,test,316,1788536906.856733,3.7413510543226978,9.604471279257705,0.3205588561560282,-2.5054931640625,12.057141751050949,34.29988479614258,6.711084497454868,33.97932593998655,34.63572211558209
seq08,test,317,1788536907.027975,3.73399196897767,9.526623358847237,0.3197208145477264,-2.552136182785034,11.983463108539581,34.295074462890625,6.749182816908425,33.975353648342896,34.639228112445274
seq08,test,318,1788536907.194246,3.724360848421103,9.451761688268755,0.3197527104459812,-2.5992882251739493,11.909655749797821,34.28975296020508,6.784525099347737,33.970000249759096,34.64088188531453
seq08,test,319,1788536907.36995,3.7130936299609045,9.373803329321529,0.3197331377904966,-2.646944522857666,11.835741758346558,34.28392028808594,6.8199139388718155,33.964187150295444,34.64213092339893
seq08,test,320,1788536907.556461,3.695386717259594,9.299765969903913,0.31979192471413453,-2.695098876953125,11.76174122095108,34.2775764465332,6.848330326919771,33.95778452181907,34.64146010053422
seq08,test,321,1788536907.729737,3.675513928578856,9.221839412381833,0.31974190216619625,-2.743743896484374,11.687674760818481,34.27072525024414,6.876570001842139,33.95098334807795,34.640388064969784
seq08,test,322,1788536907.898268,3.6547046031451327,9.14571887369545,0.3197279422136339,-2.792872190475463,11.613559126853943,34.26337051391601,6.9037295735525595,33.94364257170238,34.638596291712375
seq08,test,323,1788536908.067527,3.6334202498672967,9.06914209957747,0.31973044112951365,-2.8424792289733887,11.539417386054993,34.25550842285156,6.931055767416005,33.93577798172205,34.63634740089898
seq08,test,324,1788536908.243745,3.611703981355561,8.991988520383833,0.3197289018218987,-2.892557382583618,11.465267539024353,34.247146606445305,6.958629534217162,33.92741770462341,34.63368587226132
seq08,test,325,1788536908.4179342,3.589894892499404,8.911971837451214,0.3197302078499944,-2.9427747823973367,11.38904305497512,34.2383268985917,6.98653382572509,33.91859669074171,34.63066352767725
seq08,test,326,1788536908.5845163,3.566338990940969,8.839788475600079,0.3197627377653709,-2.994100332260132,11.317020058631897,34.22892379760742,7.012563042809215,33.90916105984205,34.6266839909871
seq08,test,327,1788536908.756294,3.5428869433548678,8.763640726221544,0.3197490725152925,-3.0455517768859854,11.24296224117279,34.21906661987305,7.039499978327231,33.899317547357754,34.62251132025906
seq08,test,328,1788536908.9277923,3.5188080844687537,8.688301259197216,0.31975515910404373,-3.0974462032318106,11.168975949287415,34.20871353149414,7.06601498141422,33.8889583723901,34.61777097508098
seq08,test,329,1788536909.1036742,3.4942960894584436,8.612434028608739,0.31975014747511366,-3.149776458740236,11.09507703781128,34.19787597656249,7.0927580204649265,33.87812582908738,34.612636796816666
seq08,test,330,1788536909.281692,3.469471540547459,8.535122891828458,0.319733669440335,-3.202537775039673,11.02128803730011,34.186546325683594,7.1201633013463645,33.86681265624326,34.60719180937567
seq08,test,331,1788536909.460934,3.443692220548184,8.46113212887579,0.31973354687698907,-3.255720138549804,10.947627663612366,34.17473220825195,7.145962916325539,33.854998661374964,34.600949703197465
seq08,test,332,1788536909.6316183,3.417101632208223,8.389652973249616,0.31975325003457744,-3.309318780899048,10.874115943908691,34.162437438964844,7.1705849012784375,33.842684188930264,34.593996024427604
seq08,test,333,1788536909.8074691,3.390491077640648,8.314639547465852,0.31973605922477133,-3.3633251190185547,10.800771236419678,34.14966201782226,7.19686626199741,33.829925958597485,34.58697405609899
seq08,test,334,1788536909.97757,3.3632622408787416,8.240703975634698,0.3197058429844519,-3.4177324771881104,10.727613389492035,34.13640975952148,7.2226454848056045,33.81670391653702,34.579416877355136
seq08,test,335,1788536910.151446,3.3355678945616605,8.166482321031646,0.3197124767696702,-3.4725329875946036,10.654661118984222,34.122684478759766,7.248535807471577,33.80297200199009,34.57140708041146
seq08,test,336,1788536910.3251002,3.3069272053093415,8.096515167124792,0.31974638688214396,-3.527719020843506,10.581933438777924,34.10848999023437,7.2725300289330255,33.78874360335222,34.562535892419824
seq08,test,337,1788536910.498368,3.2778450048346484,8.026559806810626,0.31977616842520185,-3.5832836627960205,10.509450793266296,34.09383010864257,7.296563180320322,33.77405394021737,34.55324230518923
seq08,test,338,1788536910.6718001,3.2484582729097498,7.955186530203147,0.3197544387991629,-3.63921856880188,10.43722853064537,34.07870864868164,7.321244755354783,33.758954209882475,34.543705853784004
seq08,test,339,1788536910.845309,3.2188038885587154,7.881845706555561,0.31971241811645745,-3.69551682472229,10.36529004573822,34.06312942504883,7.346790231926127,33.74341700693237,34.53394732745821
seq08,test,340,1788536911.0205472,3.188487230347767,7.810434667330582,0.31973420738380054,-3.75203125532267,10.292126034916825,34.04712743083821,7.370860797348239,33.727393223454406,34.52342165173382
seq08,test,341,1788536911.1931171,3.157468701300846,7.741915087795827,0.31974232397315805,-3.8091723918914795,10.222332522273064,34.03060531616211,7.395036089879116,33.71086299218895,34.512444747492886
seq08,test,342,1788536911.371839,3.1260479408521715,7.672976574228938,0.31974626448569854,-3.86651349067688,10.151351317763329,34.013675689697266,7.418777307824839,33.693929425211564,34.501001968844825
seq08,test,343,1788536911.5427632,3.0940862143725596,7.605296040839908,0.3197682310620187,-3.924186944961547,10.08072730153799,33.996299743652344,7.44203722548274,33.67653151259032,34.48902278673549
seq08,test,344,1788536911.715074,3.0617519537186553,7.536893578128498,0.3197382608738317,-3.982185602188112,10.010476074181497,33.97848510742187,7.465632368144951,33.658746846548034,34.47675892447405
seq08,test,345,1788536911.889527,3.0289663708904775,7.468696760659016,0.3197213195746742,-4.040499687194824,9.940619878470898,33.96023559570312,7.489175805573866,33.64051427612844,34.46406759233731
seq08,test,346,1788536912.0549762,2.995555634546923,7.403463103399439,0.3197438153323935,-4.099123477935791,9.871172621846199,33.941558837890625,7.511595168573134,33.62181502255823,34.450696762005464
seq08,test,347,1788536912.222727,2.9618035384559316,7.336916487041247,0.3197445336195883,-4.158046722412109,9.802156746387482,33.92245864868164,7.53456549997969,33.60271411506205,34.43707410875777
seq08,test,348,1788536912.39412,2.9275878376073856,7.271171670616513,0.31973886823179165,-4.217263698577881,9.733587175607681,33.90293502807617,7.557274217159906,33.58319615984438,34.42300768241985
seq08,test,349,1788536912.5580003,2.892939436045796,7.205447246918445,0.3197498445402098,-4.2766765742995965,9.663836906937819,33.883047537724124,7.57938476766361,33.56329769318391,34.40845863298116
seq08,test,350,1788536912.719403,2.857804511608343,7.1411532426535365,0.3197552247337738,-4.336540222167967,9.597861111164093,33.86265182495117,7.602237150971852,33.5428966002174,34.39360292310901
seq08,test,351,1788536912.8759701,2.82222791124788,7.077574920526138,0.31976100841225374,-4.396585464477539,9.530738294124603,33.841899871826165,7.624255838514158,33.522138863413915,34.378235426925606
seq08,test,352,1788536913.039551,2.7862585194089498,7.013531823407645,0.3197207156617068,-4.456890106201172,9.464133083820343,33.820747375488274,7.646479487333639,33.501026659826564,34.36258773452058
seq08,test,353,1788536913.2013493,2.7497620717924525,6.952697955988189,0.3197597008369788,-4.5174479484558105,9.398061275482178,33.799198150634766,7.667603487578333,33.47943844979779,34.34625077292312
seq08,test,354,1788536913.3741531,2.7128842138145703,6.89135100546209,0.31978201758245417,-4.578248023986816,9.3325434923172,33.777259826660156,7.688955069902835,33.4574778090777,34.32962061269993
seq08,test,355,1788536913.536895,2.6756124188393176,6.829862559438586,0.31973904330703196,-4.639283180236816,9.267592549324036,33.754940032958984,7.710397209545713,33.43520098965195,34.31272198977215
seq08,test,356,1788536913.6963253,2.6378870866849136,6.770688396501367,0.3197627997658674,-4.700546741485596,9.20322734117508,33.73223876953125,7.731096737707501,33.41247596976538,34.295238841535145
seq08,test,357,1788536913.8516722,2.599776875914461,6.710686163288513,0.31974602809853314,-4.762026786804199,9.139463901519775,33.70916366577148,7.752103873797465,33.38941763767294,34.277519231313846
seq08,test,358,1788536914.008717,2.5612414851913714,6.653531054363661,0.31976083064329996,-4.823718070983887,9.076318144798279,33.68572235107422,7.772227797222679,33.36596152043092,34.25923106426643
seq08,test,359,1788536914.16845,2.5223326264360635,6.594041468993111,0.31972579346970265,-4.885611057281494,9.0138059258461,33.66191864013672,7.793130927155009,33.34219284666702,34.24083400666685
seq08,test,360,1788536914.333499,2.483014221335386,6.539090506176321,0.31976118670579035,-4.947697639465332,8.95194411277771,33.637760162353516,7.8126398409970115,33.317998975647726,34.22172405105267
seq08,test,361,1788536914.513504,2.4433124863195976,6.481572078022931,0.3197148676042689,-5.0099682807922346,8.890749096870422,33.61325454711914,7.832976962914038,33.29353967951487,34.20256295210891
seq08,test,362,1788536914.691682,2.403233510889638,6.426955453922663,0.31973134163312866,-5.072415828704832,8.830235123634338,33.588401794433594,7.852457336364757,33.268670452800464,34.1828249259254
seq08,test,363,1788536914.874815,2.362796664420314,6.374213171773088,0.31975659171242055,-5.135031223297119,8.770419716835022,33.563213348388665,7.871418477023751,33.243456756676245,34.162649867559075
seq08,test,364,1788536915.0467873,2.321992154536437,6.321485627319028,0.31976399756255436,-5.197805881500244,8.711314678192139,33.537689208984375,7.890414779666415,33.21792521142182,34.14219091896113
seq08,test,365,1788536915.2180831,2.28081083560067,6.268538519447756,0.3197230414562615,-5.260729789733887,8.65293824672699,33.51184463500976,7.909500430685925,33.192121593553495,34.121505431974434
seq08,test,366,1788536915.389076,2.239296040966182,6.217565434650416,0.3197478803578915,-5.323797702789305,8.595303535461426,33.48567962646484,7.928053068243283,33.16593174610694,34.100338034106144
seq08,test,367,1788536915.5591872,2.1974021995149786,6.166483912960848,0.31973683643064477,-5.386997699737549,8.538425326347351,33.45920181274414,7.946648847175753,33.1394649763135,34.07892848692031
seq08,test,368,1788536915.724392,2.155212752783269,6.117690555169415,0.31976865055425274,-5.450323581695555,8.482319116592407,33.43241882324218,7.964650097058562,33.11265017268793,34.05705877828244
seq08,test,369,1788536915.901153,2.112634400620881,6.068337736987762,0.31975934006680107,-5.513765335083008,8.426998138427734,33.405338287353516,7.982809769627816,33.08557894728671,34.034993552154624
seq08,test,370,1788536916.075642,2.069799935475066,6.021581738840241,0.31977205087844784,-5.577314376831055,8.372476816177368,33.37796401977539,8.000316554369899,33.05819196889694,34.01248478459883
seq08,test,371,1788536916.2489443,2.0266116260753195,5.974998566490807,0.31972697739179057,-5.640961647033691,8.31876790523529,33.350303649902344,8.017788636010206,33.030576672510556,33.9897621340652
seq08,test,372,1788536916.416084,1.9831053155636562,5.929328202344071,0.3197133192669561,-5.704699993133545,8.265886306762695,33.32236099243164,8.035039156081147,33.00264767316469,33.96669851014078
seq08,test,373,1788536916.5908422,1.9392920262914202,5.8846660055441875,0.31975080682895674,-5.76851987838745,8.213845252990723,33.294151306152344,8.052045722960402,32.97440049932339,33.94328399867083
seq08,test,374,1788536916.759576,1.8951894814950374,5.841159578835437,0.31972142444232143,-5.832411766052246,8.162657499313354,33.26567459106445,8.06877770395725,32.94595316662213,33.919625641995765
seq08,test,375,1788536916.9297752,1.850786633364084,5.798596049384712,0.3197465696365245,-5.896368503570557,8.112334728240967,33.23694229125976,8.085282888666809,32.91719572162324,33.89562764672487
seq08,test,376,1788536917.1000762,1.8060862706787597,5.7568607811603805,0.319737315480469,-5.96038007736206,8.062890648841858,33.207954406738274,8.101590787363278,32.88821709125781,33.87138315344668
seq08,test,377,1788536917.2793202,1.7610924440280709,5.715993123571915,0.3197290746941024,-6.02443790435791,8.014337182044983,33.178726196289055,8.117688600627496,32.85899712159495,33.846869279945864
seq08,test,378,1788536917.453787,1.7158917373320088,5.67703237768547,0.3197537278794971,-6.088533878326416,7.966686964035034,33.149261474609375,8.133361993366394,32.82950774672988,33.82200698077709
seq08,test,379,1788536917.6276922,1.6703610752481386,5.638314448039496,0.3197237031419722,-6.152721593142999,7.919214574324127,33.119586514874,8.148811436189147,32.79986281173203,33.796954423305785
seq08,test,380,1788536917.8000662,1.6246279697473849,5.601306060241226,0.3197462672594267,-6.216803550720215,7.874141454696655,33.08964920043945,8.164179629360943,32.76990293318003,33.771591127314586
seq08,test,381,1788536917.970717,1.5786280201693959,5.565143147324265,0.31974041622137017,-6.280960083007812,7.829270839691162,33.05951690673828,8.179205301185888,32.73977649051691,33.74599774799896
seq08,test,382,1788536918.150281,1.5324188411758135,5.530407720974167,0.3197136013286701,-6.345119476318359,7.785347938537598,33.02917861938476,8.193922462921767,32.709465018056086,33.720164102444826
seq08,test,383,1788536918.3238091,1.4861743290864338,5.498669902953244,0.319794577653983,-6.40929076395906,7.742197837744413,32.998647217714115,8.208031836542071,32.678852640060136,33.69390444131481
seq08,test,384,1788536918.4931521,1.439450654163382,5.465648798549343,0.31991194976915294,-6.473410606384277,7.700391530990601,32.96791076660156,8.222374864287989,32.64799881683241,33.667480974269004
seq08,test,385,1788536918.6577752,1.3924404189485677,5.4331148214132785,0.3199157652300999,-6.537524223327637,7.659379959106445,32.93699645996094,8.2365402743542,32.61708069473084,33.64096533599537
seq08,test,386,1788536918.838936,1.3452048273314872,5.401657629164747,0.31988654563433716,-6.601606369018554,7.619357585906982,32.905906677246094,8.250454611024102,32.586020131611754,33.614263480052266
seq08,test,387,1788536919.0052183,1.2977660977920664,5.3714188970557375,0.31991415521666533,-6.665647506713867,7.580335855484009,32.8746452331543,8.264095253907847,32.55473107793763,33.587286075574795
seq08,test,388,1788536919.1719482,1.2501178340361319,5.342278775504009,0.31991284395952535,-6.72963809967041,7.542323112487793,32.843223571777344,8.277481491747304,32.523310727817815,33.56013171226252
seq08,test,389,1788536919.342137,1.2022731377436187,5.314295977770526,0.31991654066787856,-6.793569564819335,7.505330324172974,32.81164550781249,8.290605046149794,32.49172896714462,33.53276879867854
seq08,test,390,1788536919.5121512,1.1542386946376733,5.287470178714015,0.3199206548379536,-6.8574347496032715,7.469363689422607,32.77992248535156,8.303467388340115,32.46000183051361,33.50521287062917
seq08,test,391,1788536919.680603,1.1060195678420441,5.261790418600397,0.31991278313688576,-6.921222209930419,7.434434413909912,32.74806213378906,8.31606833119895,32.42814935065218,33.477482922068276
seq08,test,392,1788536919.848123,1.057626314572896,5.237281851451021,0.3199081332279763,-6.984925270080566,7.400550127029419,32.71607208251953,8.328407148064741,32.396163949291555,33.449571062321766
seq08,test,393,1788536920.0202293,1.0090656929887163,5.21394813833397,0.31990199111498807,-7.048534870147705,7.367718458175659,32.6839599609375,8.340482805310934,32.36405796982251,33.42148862183908
seq08,test,394,1788536920.191103,0.9603475408060753,5.191807081718642,0.319903899367457,-7.112041473388672,7.335947275161743,32.6517333984375,8.352293192029975,32.33182949907004,33.39323285221971
seq08,test,395,1788536920.367431,0.9114744426810739,5.170831163381227,0.31989131681195193,-7.175437450408935,7.305245399475098,32.61940002441406,8.36384290250844,32.29950870760211,33.36483374528195
seq08,test,396,1788536920.5414963,0.8624618008931483,5.151074806190802,0.31989883082580106,-7.238713264465332,7.275616407394409,32.58696746826172,8.375124742642988,32.26706863743592,33.336263031537165
seq08,test,397,1788536920.712948,0.8133096120962358,5.132493609017846,0.31989095914793664,-7.301859378814697,7.247069835662842,32.554443359375,8.386143354923915,32.23455240022707,33.307563237383775
seq08,test,398,1788536920.876734,0.7640362444004795,5.115157807540336,0.3199149907607606,-7.3648691177368155,7.2196125984191895,32.52183532714844,8.396894208779663,32.20192033638768,33.2786944711552
seq08,test,399,1788536921.051761,0.7146368535349014,5.098993909061777,0.3199147520551304,-7.427732944488525,7.193250417709351,32.48915863037109,8.407383436704716,32.16924387831595,33.249727035787004
seq09,test,0,1788536921.3120472,2.4176999780797765,5.124174076593094,0.3199253059662057,8.319045066833496,1.4139928817749041,42.98533248901367,6.970747331164728,42.66540718304746,43.23110325275285
seq09,test,1,1788536921.534364,2.457554486545541,5.107369934006695,0.319922265221525,8.380842208862305,1.394289970397951,43.02590560913086,6.990872639199003,42.70598334390933,43.274395589398615
seq09,test,2,1788536921.715814,2.4970246271190466,5.091759068981503,0.3199081327748632,8.44246768951416,1.3754730224609375,43.0662841796875,7.011353306441321,42.74637604691264,43.3175684951477
seq09,test,3,1788536921.9063292,2.5360968889957567,5.07737114465785,0.31990354174423064,8.503912925720215,1.3575439453125,43.10645294189453,7.032207522618704,42.7865494001503,43.36058985083894
seq09,test,4,1788536922.0928721,2.5747637097778537,5.064214350954742,0.319911651720737,8.565173149108887,1.3405051231384277,43.146400451660156,7.053439987988182,42.82648879993942,43.403446390758965
seq09,test,5,1788536922.2750952,2.6130269680548164,5.052265802266878,0.31991081629914686,8.626235008239744,1.3243584632873535,43.18612289428711,7.075023961977942,42.86621207798796,43.446151751076904
seq09,test,6,1788536922.4555852,2.650884108548763,5.041516580198877,0.31989543171352786,8.687091827392578,1.309105873107912,43.22560501098633,7.096949577912819,42.9057095792728,43.48869517256569
seq09,test,7,1788536922.639879,2.688319715344417,5.031998817922719,0.31988600871071693,8.747734069824219,1.2947497367858904,43.26483917236328,7.119236828040906,42.94495316365256,43.53105254002074
seq09,test,8,1788536922.8171253,2.7253189294910602,5.023749077736968,0.31990771601539203,8.808154106140137,1.2812910079956055,43.30381393432617,7.141909841915652,42.98390621831078,43.57319210219269
seq09,test,9,1788536922.9983833,2.761892535829682,5.016710321951152,0.31991546711984586,8.868342399597166,1.2687301635742188,43.342529296875,7.164920460569894,43.02261382975515,43.6151508761638
seq09,test,10,1788536923.175717,2.7980437457395277,5.010853174235558,0.31989030286173836,8.928290367126465,1.2570676803588867,43.380962371826165,7.188242425869128,43.06107206896443,43.65692106529746
seq09,test,11,1788536923.354395,2.83373359447668,5.006295749769705,0.31991463287326916,8.987988471984863,1.2463054656982422,43.41910171508788,7.211960900729084,43.09918708221461,43.69842453889362
seq09,test,12,1788536923.542025,2.8689958918142766,5.0028994810517755,0.31988505282352286,9.047429084777832,1.2364416122436523,43.45695877075195,7.2359686011908915,43.13707371792843,43.73975732149656
seq09,test,13,1788536923.719056,2.903793835659341,5.000776603893369,0.31988905059932105,9.106603622436523,1.2274770736694336,43.49449920654297,7.260347002432251,43.17461015594365,43.78081315728888
seq09,test,14,1788536923.898642,2.9381377112000466,4.999869694052281,0.3198785538480542,9.165502548217772,1.2194118499755877,43.5317268371582,7.285048683719677,43.21184828331015,43.8216358250577
seq09,test,15,1788536924.867448,2.9719700813293457,5.000372409820557,0.32000000476837154,9.224121093749998,1.2122440338134783,43.56863784790039,7.310219482014381,43.248637843132016,43.862101912261494
seq09,test,16,1788536925.047195,3.0054065938201435,5.001837686788369,0.31991540731446255,9.282445907592773,1.2059731483459473,43.60520935058594,7.3355170329603805,43.285293943271476,43.902465556005694
seq09,test,17,1788536925.224121,3.038338499414439,5.004647691676743,0.31991624232133375,9.340468406677246,1.2005996704101562,43.64144515991211,7.361224267478784,43.321528917590776,43.942490717684315
seq09,test,18,1788536925.396401,3.070798220027925,5.008661385671681,0.3198976381576102,9.398185729980469,1.1961202621459979,43.67732238769531,7.387239167623988,43.3574247495377,43.982241682655314
seq09,test,19,1788536925.56923,3.102762129745946,5.013946780056326,0.3199072389263167,9.455585479736328,1.192533016204834,43.712844848632805,7.413606927180362,43.392937609706486,44.02168331709518
seq09,test,20,1788536925.749386,3.134244230346149,5.020430502956349,0.3198924483759007,9.51265811920166,1.1898374557495117,43.74799728393555,7.440269271394299,43.428104835559644,44.06084311993148
seq09,test,21,1788536925.927807,3.1652252123333455,5.028168149955086,0.3198978762424698,9.569398880004883,1.188028335571289,43.78277587890624,7.467269525048171,43.46287800266377,44.0996811602323
seq09,test,22,1788536926.1026871,3.1957065751274847,5.037132332763468,0.3199025275625542,9.625798225402832,1.1871066093444842,43.81716537475586,7.494583157316263,43.497262847193305,44.13819946372701
seq09,test,23,1788536926.2823613,3.2256805613652775,5.047331363439417,0.3199154080172404,9.681845664978026,1.1870675086975098,43.85116195678711,7.522214093824627,43.53124654876987,44.176386576576434
seq09,test,24,1788536926.466225,3.255155068124284,5.0587123558597185,0.31989757739394165,9.737536430358887,1.18790864944458,43.88475799560546,7.5501251287010955,43.56486041821152,44.214267524378336
seq09,test,25,1788536926.645576,3.2841053245195067,5.071353467008467,0.319910398660876,9.792860984802246,1.1896266937255877,43.917938232421875,7.578370734378446,43.598027833761,44.251776619488204
seq09,test,26,1788536926.820547,3.3125410492820566,5.085196065761661,0.3199123065813967,9.847885222290628,1.191915532588009,43.950662149741014,7.607125394632718,43.63074984315962,44.288945445178975
seq09,test,27,1788536927.007682,3.34046397191636,5.100206380857811,0.3198836832317804,9.902379989624022,1.1956758499145508,43.983047485351555,7.635712179654,43.663163802119776,44.32579354846633
seq09,test,28,1788536927.1858861,3.3678386725604534,5.116512825172514,0.31991600403015763,9.956560134887695,1.199998378753662,44.01494598388672,7.664876771164635,43.695029979856564,44.362213435058706
seq09,test,29,1788536927.3581913,3.3946943486770493,5.133971488821111,0.31990974254452764,10.010341644287108,1.2051830291748065,44.04640579223632,7.694294503108304,43.7264960496918,44.39829529029549
seq09,test,30,1788536927.5292623,3.4210174094598282,5.152613090356423,0.31989238941195364,10.063715934753418,1.2112226486206037,44.07741546630859,7.723988756603942,43.75752307689663,44.43400531279265
seq09,test,31,1788536927.699937,3.4467909984771388,5.172492495576892,0.3199049723196761,10.116677284240723,1.2181134223937988,44.10796356201172,7.753998769631416,43.78805858969204,44.46929920713558
seq09,test,32,1788536927.870729,3.4720207259897498,5.193561883282475,0.3199171970230865,10.169218063354492,1.2258491516113281,44.1380500793457,7.7842916502833255,43.818132882322615,44.504201664444594
seq09,test,33,1788536928.042242,3.4967124739204665,5.215769634949414,0.3198935822589082,10.221330642700195,1.2344255447387695,44.16765975952148,7.814831430078173,43.84776617726257,44.53872684548167
seq09,test,34,1788536928.203371,3.520838679656767,5.239221158919629,0.3199163021322562,10.273005485534668,1.24383544921875,44.19679260253906,7.845690762685041,43.876876300406806,44.572807152173866
seq09,test,35,1788536928.371742,3.5444149675949546,5.263817636098313,0.3199188665144832,10.324237823486328,1.2540736198425275,44.22543716430664,7.876804239865692,43.905518297792156,44.606485874039976
seq09,test,36,1788536928.5438132,3.5674297066786917,5.289591184811598,0.3199263197387576,10.375019073486326,1.2651343345642072,44.25358963012695,7.908193594404194,43.9336633103882,44.639738997860704
seq09,test,37,1788536928.6981173,3.589884998207583,5.316507788016532,0.3199198801817278,10.425338745117186,1.2770118713378906,44.28123092651367,7.939833448316403,43.96131104633194,44.67256231848975
seq09,test,38,1788536928.8614972,3.6117756579771223,5.344570945363817,0.3199068805249268,10.475194931030272,1.289696216583252,44.30836868286132,7.971733386398512,43.988461802336396,44.70495839299517
seq09,test,39,1788536929.0263052,3.633092732704099,5.373795958704796,0.31990354102781193,10.524661859187098,1.3027492085149959,44.33493753632575,8.004195566534127,44.015033995297934,44.73690159448414
seq09,test,40,1788536929.203797,3.6538324289744906,5.404182125776952,0.3199149306440183,10.573478698730467,1.317467212677002,44.36109924316406,8.036338922637679,44.041184312520045,44.76838905889805
seq09,test,41,1788536929.37639,3.6740015977593883,5.435669910998144,0.3199036611637245,10.621891975402832,1.33253860473633,44.38666534423828,8.069006581740787,44.06676168307456,44.799423572732096
seq09,test,42,1788536929.552169,3.693589110989587,5.468291079550247,0.3198966241965666,10.669891494923327,1.3479550127000675,44.41165165509247,8.102219711651,44.091755030895904,44.82999917421815
seq09,test,43,1788536929.7358453,3.7125835560815186,5.502083127392417,0.3199273334379169,10.71722888946533,1.3650102615356445,44.43620681762695,8.135135410299203,44.116279484189036,44.860077392610265
seq09,test,44,1788536929.911837,3.73100167274886,5.5369318224666255,0.31991934308214476,10.764138221740723,1.3823966979980487,44.46015167236328,8.168547717753034,44.14023232928113,44.88970128994092
seq09,test,45,1788536930.0842493,3.748830718532419,5.572877191670266,0.31990992227481496,10.810531616210938,1.4005393981933612,44.48355484008789,8.202196183410228,44.16364491781307,44.918855224257726
seq09,test,46,1788536930.256339,3.7660650087036496,5.609935013923031,0.3199131414699945,10.856403350830076,1.4194273948669434,44.50638961791992,8.236094457398801,44.186476476449926,44.94750221441741
seq09,test,47,1788536930.4264693,3.7827087511655906,5.648048795960641,0.3198984730409651,10.901745796203613,1.4390554428100586,44.52866744995117,8.270206375628694,44.20876897691021,44.97567751517822
seq09,test,48,1788536930.60517,3.798750261232642,5.687265467739854,0.3199038994357102,10.946550369262695,1.4594111442565918,44.55037307739258,8.304564923278676,44.23046917795687,45.003335457131875
seq09,test,49,1788536930.78579,3.8141986429323964,5.727503648441805,0.3198788524739722,10.990815162658691,1.4804883003234863,44.571502685546875,8.339122498102599,44.251623833072905,45.0305138312028
seq09,test,50,1788536930.958375,3.8290317640522824,5.7688817291409835,0.3199143343817179,11.034530639648438,1.5022764205932617,44.59205627441406,8.373955750130582,44.27214194003234,45.05713802344214
seq09,test,51,1788536931.1338,3.843268486577127,5.811247283762991,0.31991129379765604,11.077690124511717,1.5247650146484375,44.61201858520508,8.408970607562477,44.29210729140742,45.08327356118227
seq09,test,52,1788536931.319879,3.8568993121992223,5.8546369674156455,0.31989954507618656,11.120289802551268,1.5479459762573224,44.63139724731445,8.44419497102363,44.31149770223826,45.108904412811086
seq09,test,53,1788536931.493441,3.86991680149928,5.899086100987365,0.3199150498194625,11.162321090698242,1.5718064308166504,44.65017318725586,8.479652685163478,44.330258137436395,45.133981612447464
seq09,test,54,1788536931.6649642,3.8823297283655527,5.944496079583123,0.3198948350753483,11.203779220581055,1.596339225769043,44.66835403442383,8.515285708209266,44.34845919934848,45.15856423812331
seq09,test,55,1788536931.842236,3.8941226424254114,5.990960154648919,0.3199116510155986,11.244657516479492,1.6215319633483887,44.68593215942382,8.551155808054082,44.36602050840822,45.18258559894637
seq09,test,56,1788536932.018737,3.905307803791896,6.038355984385612,0.31988922931055375,11.284948348999023,1.6473748683929443,44.70289993286133,8.587188698140338,44.383010703550774,45.20609968631414
seq09,test,57,1788536932.187858,3.915867287011584,6.0867984355120415,0.31991326076892856,11.324647903442383,1.6738572120666504,44.71925354003906,8.62346104902112,44.399340279270135,45.22903379134252
seq09,test,58,1788536932.366197,3.9258153524727795,6.13615509471078,0.3199040787686036,11.363752365112305,1.7009677886962873,44.73499298095703,8.659895694719717,44.41508890218843,45.25145208314013
seq09,test,59,1788536932.5434752,3.9351394489195575,6.186494578738195,0.3199126050676089,11.402250289916992,1.7286956310272217,44.750110626220696,8.696534698945005,44.43019802115309,45.27330573272544
seq09,test,60,1788536932.72017,3.9438437414479317,6.237763823335497,0.3199150499269414,11.440143585205078,1.7570273876190168,44.76460647583008,8.733356190713318,44.44469142590314,45.29461453967368
seq09,test,61,1788536932.891113,3.951926031137955,6.289957355479385,0.31991528908604794,11.477418899536133,1.7859554290771502,44.77846908569336,8.770352117523382,44.45855379660731,45.31536253800882
seq09,test,62,1788536933.065762,3.9593854210834007,6.343047677979838,0.3199001414404492,11.514074325561523,1.8154644966125488,44.79170608520507,8.807515762554434,44.47180594376462,45.33556945498207
seq09,test,63,1788536933.236969,3.966215618499919,6.397087734107358,0.3199202375615562,11.550105094909668,1.8455448150634766,44.80430603027343,8.844881148681255,44.484385792711876,45.35518164321606
seq09,test,64,1788536933.407965,3.9724212792863716,6.451995470610857,0.31992536569040886,11.585505485534668,1.876183509826662,44.81626892089844,8.882404304684794,44.49634355520803,45.374240445598495
seq09,test,65,1788536933.583467,3.978001757112227,6.5077544556870075,0.31991272444492225,11.620270729064941,1.9073686599731428,44.82759094238281,8.920079848806123,44.507678217937894,45.39274440767578
seq09,test,66,1788536933.753554,3.9829530159722766,6.564383188515906,0.31990640345149113,11.654394149780273,1.939086675643921,44.838272094726555,8.957922577331592,44.518365691275065,45.410673422925186
seq09,test,67,1788536933.937014,3.987274366638063,6.621878945664179,0.3199141560265457,11.687872886657715,1.9713265895843506,44.84830093383789,8.995935459037515,44.52838677781134,45.42800990377558
seq09,test,68,1788536934.1051202,3.990965602578882,6.6802073294751425,0.3199201781589971,11.720700263977049,2.0040745735168466,44.85768508911133,9.034102915451339,44.53776491095233,45.44477438331302
seq09,test,69,1788536934.2818382,3.994027834509792,6.739348510105289,0.3199223245579077,11.752870559692383,2.037318229675293,44.8664207458496,9.07241584100946,44.546498421291695,45.46096403278688
seq09,test,70,1788536934.452609,3.9964604665809778,6.7992647840629346,0.3199031831249848,11.784381866455078,2.0710456371307355,44.874500274658196,9.110860334350058,44.55459709153321,45.47658626173355
seq09,test,71,1788536934.6301901,3.9982602635751685,6.860005101068841,0.3199089676986182,11.815231323242188,2.1052420139312744,44.88192367553711,9.14947039792346,44.56201470783849,45.49160321844123
seq09,test,72,1788536934.809869,3.9994301502172287,6.921490388741553,0.319892328717857,11.845410346984863,2.1398956775665283,44.88869476318359,9.18820184965518,44.56880243446573,45.506056780086375
seq09,test,73,1788536934.988497,3.999967549492825,6.983752786765404,0.31989077961578727,11.87491226196289,2.1749906539917,44.89480209350586,9.227076865078049,44.57491131389007,45.51990406531217
seq09,test,74,1788536935.1818912,3.999870748854181,7.046822398566151,0.3199325804673403,11.903737068176268,2.2105162143707275,44.90025329589844,9.26611894489818,44.5803207154311,45.53313030521508
seq09,test,75,1788536935.368646,3.9991452761333304,7.110554017803875,0.3199261406671854,11.93188190460205,2.2464582920074463,44.905044555664055,9.305253228491978,44.58511841499687,45.54580685118723
seq09,test,76,1788536935.539591,3.9977887065210793,7.174972907272852,0.3199025873324213,11.959344047047344,2.2826771446436718,44.90915281691211,9.344566403493621,44.58925022957969,45.557898956222445
seq09,test,77,1788536935.7111902,3.9957992406747302,7.240145963965468,0.31991970110786316,11.986105918884276,2.319532632827759,44.91263198852539,9.383892388897594,44.59271228741753,45.569369378068075
seq09,test,78,1788536935.89169,3.9931794217877137,7.305972785262905,0.31991713698407254,12.01218032836914,2.3566374778747567,44.91543197631836,9.423390871905541,44.595514839334285,45.580261509890406
seq09,test,79,1788536936.06196,3.989928991001603,7.3724703351478205,0.3199178522813584,12.037555694580078,2.3941035270690927,44.91756820678711,9.463003309516981,44.59765035450575,45.5905565745657
seq09,test,80,1788536936.238886,3.9860486727329296,7.439605942880522,0.31991272425079376,12.062231063842773,2.431914806365967,44.91903305053711,9.502720270175228,44.59912032628632,45.600254674856416
seq09,test,81,1788536936.4117372,3.981539115909129,7.507370714094287,0.31990723923429765,12.086198806762695,2.470057249069214,44.91983413696289,9.542538218391872,44.599926897728594,45.609357756190825
seq09,test,82,1788536936.580433,3.97640034883566,7.575765970428224,0.3199106977193049,12.109458559345752,2.508327725046244,44.91994819209407,9.582565743385517,44.60003749437476,45.617857366671004
seq09,test,83,1788536936.750925,3.9706338150090117,7.6447520659000325,0.319907894314184,12.132006645202637,2.5472798347473145,44.919437408447266,9.622485625907464,44.59952951413308,45.625763144333526
seq09,test,84,1788536936.9434183,3.9642398735041215,7.71426499960937,0.3198684744271183,12.15384292602539,2.586329936981202,44.91824722290038,9.662572957778742,44.598378748473266,45.63310972481131
seq09,test,85,1788536937.1234262,3.9572206846911637,7.784441307952447,0.31989894934023133,12.174955368041996,2.6256527900695783,44.9163818359375,9.7027966225304,44.59648288659727,45.63979128077549
seq09,test,86,1788536937.3022041,3.9495758249804283,7.855123238532167,0.31989990347706154,12.195351600646973,2.665234327316284,44.91385269165039,9.74308806556375,44.593952788173326,45.64590222930381
seq09,test,87,1788536937.4786932,3.941308793046135,7.926363676969366,0.31992268233733356,12.215022087097166,2.705059289932252,44.91065979003906,9.783473369629508,44.59073710770173,45.651398521649014
seq09,test,88,1788536937.654571,3.9324175385392803,7.998059745979202,0.3199046737131439,12.233966827392576,2.7451138496398935,44.90680694580078,9.823907633173707,44.586902272087634,45.65633598314501
seq09,test,89,1788536937.830557,3.9229055926306615,8.070266374595102,0.31989948542809854,12.252180099487305,2.785380482673645,44.90229034423828,9.864422573126236,44.582390858810186,45.6606658666836
seq09,test,90,1788536938.0047913,3.912775594202385,8.142987142218841,0.3199210724122248,12.269662857055664,2.825846195220948,44.89710998535156,9.905026631679544,44.577188912939334,45.66437696886012
seq09,test,91,1788536938.181507,3.9020267934325186,8.216125863555698,0.3199133802437102,12.28641128540039,2.866495728492737,44.89126205444336,9.945674732823566,44.57134867419965,45.66751108313441
seq09,test,92,1788536938.3529322,3.890661637049524,8.289708355290418,0.3199099221064816,12.302421569824219,2.9073121547698983,44.88476562499999,9.986385433479496,44.56485570289351,45.670058658225216
seq09,test,93,1788536938.5270653,3.878681625086339,8.3637142759838,0.31990700073699907,12.31769275665283,2.948283076286316,44.87760543823242,10.027153332694185,44.557698437495425,45.672007772859544
seq09,test,94,1788536938.709448,3.8660915408951535,8.438159597481254,0.31992804890592996,12.332226753234863,2.9893914461135864,44.86979293823242,10.067994825235905,44.54986488932649,45.673350889312054
seq09,test,95,1788536938.87628,3.8528878618024014,8.5129366945039,0.31991159185214624,12.346013069152832,3.030621290206909,44.861328125,10.108855423831294,44.54141653314785,45.67413649713917
seq09,test,96,1788536939.0526662,3.839078658466696,8.588126195743623,0.31992751222039306,12.359057426452637,3.0719587802886963,44.85220718383789,10.149785276657724,44.532279671617495,45.67430430683553
seq09,test,97,1788536939.2134123,3.824659936136751,8.663615359407126,0.3199092658607592,12.371356964111326,3.113385558128357,44.84244155883788,10.190735053713858,44.522532292977125,45.673919940313674
seq09,test,98,1788536939.384316,3.8096378639880712,8.739444590195061,0.31989865208009616,12.382905006408691,3.1548917293548584,44.832019805908196,10.231722247541102,44.5121211538281,45.67293585663066
seq09,test,99,1788536939.5505002,3.794017710813463,8.815633520302365,0.31992143010011564,12.393705368041992,3.19645619392395,44.82096099853515,10.272768936716817,44.50103956843503,45.671351023355925
seq09,test,100,1788536939.724878,3.7777960256317265,8.892080119433079,0.3199202971429729,12.403757095336914,3.2380664348602295,44.80925750732422,10.313829314149352,44.48933721018125,45.669204071481516
seq09,test,101,1788536939.9013631,3.7609761082729625,8.968781554472752,0.3199065227184821,12.413053512573246,3.2797060012817365,44.79691696166992,10.354903382452159,44.47701043895144,45.6664918911724
seq09,test,102,1788536940.0694323,3.7435660193594607,9.045779920503632,0.3199229807031727,12.42159843444824,3.3213600516319275,44.78393936157226,10.396019884189561,44.46401638086908,45.66317972010555
seq09,test,103,1788536940.244198,3.7255615051367417,9.122976596246303,0.31991147187830893,12.429388999938965,3.363012731075287,44.77033233642578,10.437135468477496,44.450420864547475,45.6593222882551
seq09,test,104,1788536940.4317122,3.706970985793563,9.200413179545796,0.3199193436775254,12.43642520904541,3.4046475887298584,44.756092071533196,10.478276090060595,44.43617272785567,45.65487615271078
seq09,test,105,1788536940.608433,3.687793223828271,9.278032013229035,0.31991445385523876,12.442705154418944,3.4462509751319885,44.74123001098633,10.519417901609726,44.42131555713109,45.64987873822803
seq09,test,106,1788536940.793986,3.668034968802119,9.355844318654317,0.3199207146108085,12.448229789733887,3.4878047108650208,44.72574234008788,10.560573371370563,44.405821625477074,45.644306371833366
seq09,test,107,1788536940.9699683,3.647695077344277,9.433793923348134,0.31991218768779595,12.452998161315916,3.529294729232788,44.70963668823242,10.601720291250341,44.389724500544624,45.638187018856925
seq09,test,108,1788536941.1469703,3.6267822475883533,9.511908738759432,0.31992232474278315,12.457006454467772,3.570705711841584,44.69292068481445,10.642873340917717,44.37299836007167,45.631499388182945
seq09,test,109,1788536941.3222883,3.605291096365307,9.590097459592647,0.31989793421908996,12.460258483886717,3.612022489309312,44.67559051513672,10.68399867953922,44.355692580917626,45.624284017585055
seq09,test,110,1788536941.4975781,3.5832396868683296,9.668464287597189,0.31992953955714354,12.462756156921387,3.6532288193702707,44.65766143798828,10.725151303369039,44.33773189843114,45.61648101703283
seq09,test,111,1788536941.6742241,3.560609730855938,9.746807329153803,0.31988588913988125,12.464496612548826,3.6943085491657266,44.63911819458007,10.766240898463115,44.31923230544019,45.6081823275968
seq09,test,112,1788536941.8516722,3.5374289620257824,9.82530438254076,0.3199064627524191,12.465476036071776,3.735247477889061,44.61998748779297,10.807350168208536,44.30008102504055,45.599298201654754
seq09,test,113,1788536942.0301921,3.5136836748092266,9.903801190915809,0.3198966832665151,12.465700149536133,3.776030510663987,44.60026168823242,10.848417971000925,44.28036500496591,45.58989907256371
seq09,test,114,1788536942.2073262,3.489391849786343,9.982378509156026,0.31992840672187817,12.465167999267578,3.8166405614465475,44.57994842529297,10.889484924706993,44.26002001857109,45.579932579697115
seq09,test,115,1788536942.380454,3.4645382452496363,10.060887013998352,0.31990688088453934,12.463881492614746,3.8570629842579365,44.55905532836914,10.930489992488013,44.2391484474846,45.569483943034285
seq09,test,116,1788536942.5572,3.439144743943583,10.139426741987405,0.31991850838369373,12.461837768554686,3.897282898426057,44.53758239746094,10.971478896670071,44.217663889077244,45.55848053861632
seq09,test,117,1788536942.742089,3.4132073392119975,10.217929108269004,0.3199281680725159,12.459040641784668,3.9372851699590683,44.51553726196289,11.01242881555936,44.195609093890376,45.546958752453804
seq09,test,118,1788536942.916241,3.3867207241236725,10.296310855356774,0.31989030252499107,12.455490112304688,3.9770542979240417,44.49292755126953,11.05330636753843,44.17303724874454,45.53496240729357
seq09,test,119,1788536943.0934641,3.359710142140968,10.374688975678389,0.31990121495824386,12.451186180114746,4.01657447218895,44.46976089477539,11.094167683451253,44.14985967981715,45.52241938140018
seq09,test,120,1788536943.2714393,3.3321681294247436,10.452967838651789,0.3199074767143302,12.44613265991211,4.055832087993622,44.44602966308594,11.13497621350538,44.12612218637161,45.50936556887964
seq09,test,121,1788536943.4458163,3.3040974377773247,10.531120635488014,0.3199055095783283,12.440326690673828,4.0948100090026855,44.421756744384766,11.175722770456046,44.10185123480644,45.49582466313901
seq09,test,122,1788536943.6232142,3.2754958323759724,10.609089109584204,0.31986400151857475,12.4337739944458,4.133494675159454,44.39693832397461,11.216388998826579,44.077074322456035,45.481819037944284
seq09,test,123,1788536943.81479,3.246396772691984,10.687020882551248,0.31990401889632936,12.426474571228031,4.17187112569809,44.37158203125,11.25704245090149,44.05167801235367,45.467255695120656
seq09,test,124,1788536944.0018282,3.216776078015707,10.76473211676932,0.31990580721528983,12.418427467346191,4.209925115108491,44.34569549560547,11.297605194012998,44.02578968839018,45.45223911762931
seq09,test,125,1788536944.2009082,3.186649989575443,10.842267828953991,0.31991886619038623,12.409638404846191,4.247640430927277,44.319282531738274,11.338105036866743,43.99936366554789,45.436732153623886
seq09,test,126,1788536944.378231,3.1560102564668897,10.91954001896027,0.3198914351650095,12.40010929107666,4.285002887248993,44.2923583984375,11.378508246414773,43.97246696327249,45.42079150289897
seq09,test,127,1788536944.55493,3.1248788562778524,10.996622275707946,0.31989131626326284,12.389838218688963,4.321998417377472,44.26491165161132,11.418847386550171,43.94502033534806,45.404348777528774
seq09,test,128,1788536944.7368371,3.0932608737334197,11.073492589776567,0.31991487107474637,12.378829956054688,4.358612418174744,44.23697280883789,11.45911902815971,43.91705793776315,45.38743644237221
seq09,test,129,1788536944.9169402,3.061147744622588,11.150061697088463,0.3199121875489157,12.367087364196777,4.394829511642457,44.20853042602539,11.499290155589877,43.888618238476475,45.370083590017515
seq09,test,130,1788536945.102621,3.028555118688307,11.226369581859418,0.31992781086311806,12.354614257812498,4.430638313293458,44.17959213256836,11.539382242607571,43.85966432170524,45.35226010855104
seq09,test,131,1788536945.2786021,2.995477920709557,11.302342292112828,0.3199161230860752,12.341408729553223,4.46602201461792,44.15018081665039,11.579365164817165,43.83026469356432,45.334024757659584
seq09,test,132,1788536945.464364,2.9619298810940906,11.378003198205887,0.31991511015664154,12.327475547790526,4.500965476036072,44.12028121948242,11.619255288835122,43.80036610932578,45.315330350534765
seq09,test,133,1788536945.635169,2.9279104337075443,11.453308464662474,0.31990020190948987,12.312819480895996,4.535457611083984,44.089920043945305,11.659038479066627,43.770019842035815,45.296222968682116
seq09,test,134,1788536945.813073,2.893439070005853,11.528304406034067,0.3199211916100033,12.297441482543945,4.569483518600464,44.05909729003906,11.698737090746354,43.739176098429056,45.2766603813465
seq09,test,135,1788536945.9981341,2.8584991572480964,11.60286807403844,0.3199031831722836,12.28134250640869,4.603028297424316,44.027820587158196,11.738301993094629,43.70791740398591,45.25670975087278
seq09,test,136,1788536946.1772623,2.8231217136844267,11.677099034242307,0.319930731960022,12.264531135559082,4.636080265045166,43.996097564697266,11.777782354061818,43.676166832737245,45.2363096016988
seq09,test,137,1788536946.3545103,2.787285535602048,11.750857157955357,0.3199160641628154,12.247006416320799,4.668624043464661,43.963935852050774,11.817120843466693,43.644019787887956,45.215537244122736
seq09,test,138,1788536946.52772,2.7510152357856184,11.824212745472584,0.31992113213950835,12.228774070739746,4.700648069381715,43.93134307861328,11.85635214676085,43.611421946473776,45.19434931959277
seq09,test,139,1788536946.6954021,2.7143084943210636,11.897107657691636,0.3199188063837355,12.2098388671875,4.732137560844421,43.898330688476555,11.895456844978414,43.57841188209282,45.17277803850536
seq09,test,140,1788536946.8694232,2.6771722897461907,11.969530885978573,0.31991427442357323,12.190197944641117,4.763080835342407,43.86490249633789,11.934428324934673,43.544988221914316,45.150820354559
seq09,test,141,1788536947.0426612,2.639602752673352,12.041424727096489,0.3198793890082865,12.169821839084053,4.793292350705193,43.831048831189456,11.973324466524682,43.51116944218117,45.12850944809588
seq09,test,142,1788536947.2193933,2.6016373095606697,12.112900967145684,0.31990544951624944,12.148771512454015,4.823021525209426,43.796805531482015,12.012081991312781,43.476900081965766,45.1057751790528
seq09,test,143,1788536947.39457,2.5632442524954793,12.183787612636294,0.3198834442230598,12.12711429595947,4.852497577667237,43.76222229003906,12.050536244711457,43.442338845816,45.08272649452115
seq09,test,144,1788536947.5733273,2.524458959313441,12.254186341541407,0.3198969815358441,12.104711532592772,4.881124019622803,43.72721481323242,12.088973793119125,43.40731783169658,45.05927794264623
seq09,test,145,1788536947.753532,2.485267277587288,12.323997378668558,0.31988779610198503,12.081625938415527,4.909141302108765,43.69184494018555,12.127249901908876,43.37195714408356,45.03550662190412
seq09,test,146,1788536947.9218812,2.4456978017041107,12.393293895601213,0.3199222056238731,12.057863235473631,4.936534643173218,43.656108856201165,12.16540105688358,43.33618665057729,45.01135474842428
seq09,test,147,1788536948.087441,2.4057203460132204,12.461913248490163,0.3198932845762201,12.033373386624191,4.963064444545318,43.619989018351916,12.203460019798102,43.3000957337757,44.986917287239756
seq09,test,148,1788536948.2548401,2.3653787087790388,12.529986818097663,0.3199098627188106,12.008329391479492,4.989405155181885,43.5835838317871,12.241195598637203,43.26367396906829,44.962121335474514
seq09,test,149,1788536948.450043,2.324663680980544,12.597436110363223,0.3199254255398527,11.98256778717041,5.014859914779664,43.54681015014648,12.278866946350934,43.22688472460663,44.93700186350464
seq09,test,150,1788536948.6231081,2.283574100008132,12.664215364260805,0.31992029768937313,11.956147193908691,5.03964376449585,43.509712219238274,12.316361570560982,43.1897919215489,44.91158969089696
seq09,test,151,1788536948.7989652,2.2421207354117425,12.73032485485417,0.3199058670477579,11.92907428741455,5.0637454986572275,43.472293853759766,12.353683990758585,43.15238798671201,44.88587859337558
seq09,test,152,1788536948.9648361,2.200318010157222,12.79577963075222,0.3199043758157045,11.901351928710938,5.0871570110321045,43.4345703125,12.390840237134457,43.1146659366843,44.85986335928895
seq09,test,153,1788536949.131035,2.1581709783427736,12.860555744779157,0.3199130228287783,11.872987747192381,5.109862565994264,43.39653778076172,12.427828032443328,43.07662475793294,44.83354224394661
seq09,test,154,1788536949.2906723,2.115679548006403,12.92461292981598,0.3199104581687402,11.843989372253418,5.131855010986328,43.35822296142578,12.464633489117249,43.03831250325704,44.80695739665922
seq09,test,155,1788536949.45137,2.0728530277519805,12.987944618011705,0.3199060457467351,11.81435775756836,5.153122663497925,43.319629669189446,12.501253915506476,42.99972362344271,44.780102513866844
seq09,test,156,1788536949.629159,2.0296991417629067,13.050539599383455,0.31990222999214124,11.784101486206055,5.173654317855835,43.28076171875,12.537690650021018,42.96085948875786,44.75297906115772
seq09,test,157,1788536949.809803,1.986223294479457,13.1123758811482,0.3198928066765798,11.753222465515137,5.193439006805419,43.241626739501946,12.573934707434958,42.92173393282537,44.72559756813865
seq09,test,158,1788536949.9855392,1.9424438133034416,13.173480653885646,0.3199104578536778,11.72173023223877,5.212467670440675,43.20224380493164,12.610002798816199,42.88233334707796,44.69794943703869
seq09,test,159,1788536950.1625333,1.8983426316884788,13.233749426974537,0.31989066094234153,11.689628601074217,5.230731487274171,43.16261672973633,12.645852168891423,42.842726068793986,44.67008791219439
seq09,test,160,1788536950.3352993,1.8539536220532509,13.29326117563298,0.31990056039209414,11.656926155090332,5.248217821121215,43.122764587402344,12.681521717028023,42.80286402701025,44.64197757687468
seq09,test,161,1788536950.508501,1.8092727006454337,13.35196359706137,0.3199114125556446,11.623627662658691,5.264919281005859,43.082679748535156,12.71699056735673,42.76276833597951,44.61363250002057
seq09,test,162,1788536950.678625,1.7643052645636323,13.409837011958238,0.3199209531481353,11.589738845825195,5.280827045440674,43.04239273071289,12.752252667490726,42.722471777564756,44.58508206654263
seq09,test,163,1788536950.8531122,1.719052559677546,13.466844114177508,0.31991332057691757,11.555265426635742,5.295929670333862,43.00189208984375,12.787295508148965,42.681978769266834,44.55632657741066
seq09,test,164,1788536951.0295992,1.673526036846322,13.522989619273678,0.31990002220469127,11.520215034484863,5.310220956802369,42.96120071411133,12.822123588528019,42.641300691906636,44.527377847983416
seq09,test,165,1788536951.2024322,1.6277477400327323,13.578307825858946,0.3199190451871581,11.484592437744139,5.323688983917236,42.92033004760742,12.856753852374267,42.600411002420266,44.49821498886973
seq09,test,166,1788536951.381331,1.581698788720903,13.632696759833753,0.31990228821743094,11.448405265808104,5.3363287448883066,42.879287719726555,12.891144981901505,42.55938543150913,44.46889820146386
seq09,test,167,1788536951.559273,1.5354029352338885,13.686199152208175,0.3198943573219222,11.411662101745604,5.348128080368042,42.838081359863274,12.925321053001506,42.51818700254135,44.43939862673932
seq09,test,168,1788536951.7353451,1.4888734255130338,13.738821743184484,0.3199072383204027,11.374367713928223,5.359081983566284,42.79671859741211,12.959283767447003,42.476811359091705,44.40971221479686
seq09,test,169,1788536951.9141812,1.4420958874533132,13.79047868320739,0.3198888717003201,11.336527824401855,5.36918330192566,42.75521469116211,12.992998085649988,42.43532581946179,44.37989270669302
seq09,test,170,1788536952.0930872,1.3951004968165206,13.841232920374694,0.3198950143497088,11.2981538772583,5.378420114517212,42.713584899902344,13.02649864095739,42.39368988555263,44.34991103661057
seq09,test,171,1788536952.2632253,1.3478886335659659,13.891052860610403,0.31990831133932507,11.25924777984619,5.3867881298065186,42.67182540893555,13.059768709213326,42.35191709759622,44.31977482546375
seq09,test,172,1788536952.440466,1.3004539965012543,13.939878788886691,0.3199009773840189,11.21982192993164,5.39427947998047,42.62995910644531,13.092789150793864,42.3100581290613,44.289526376240374
seq09,test,173,1788536952.613318,1.2528169449345212,13.98774237365283,0.3198981150607425,11.179880142211914,5.400886774063111,42.58799362182617,13.125573237422607,42.26809550676543,44.25915239337496
seq09,test,174,1788536952.7844691,1.2049908084710916,14.03465149542729,0.3199173160835478,11.13942813873291,5.406604290008545,42.54593276977539,13.15812462503049,42.22601545369184,44.228640322117705
seq09,test,175,1788536952.968542,1.156964375006824,14.080532196074929,0.3199110545105397,11.098478317260742,5.4114251136779785,42.50379180908203,13.190417623035822,42.18388075457149,44.1980419542088
seq09,test,176,1788536953.13806,1.1087517165889091,14.125393238649442,0.3198983537424538,11.057033538818358,5.415341854095459,42.46158218383789,13.222454625978932,42.14168383009544,44.16735018508354
seq09,test,177,1788536953.3140702,1.060369784065243,14.169255183895705,0.31989835344837325,11.015104293823242,5.418349266052246,42.4193115234375,13.25424813192791,42.09941316998913,44.13655721508157
seq09,test,178,1788536953.4915752,1.0118202658454378,14.212089279340766,0.31989805538221217,10.972697257995604,5.420441627502441,42.376991271972656,13.285787100763764,42.057093216590445,44.10568249914969
seq09,test,179,1788536953.663028,0.9631131824131621,14.25389151079747,0.319902228881936,10.929821968078612,5.421613693237305,42.33463668823242,13.317072330840071,42.014734459350485,44.07473570147142
seq09,test,180,1788536953.834729,0.9142520654382094,14.294637368575245,0.3199039590152919,10.886484146118164,5.421860218048096,42.29225158691406,13.348093011133058,41.97234762789877,44.04372318992842
seq09,test,181,1788536954.014805,0.8652421135162796,14.334307610960066,0.31989364258662234,10.842692375183105,5.421174049377442,42.249847412109375,13.378843881690448,41.929953769522754,44.01266279975527
seq09,test,182,1788536954.191724,0.8161015436355965,14.372929864412248,0.3198975184353998,10.798457145690918,5.4195523262023935,42.20743560791015,13.409339756587794,41.88753808947475,43.98154431013995
seq09,test,183,1788536954.3713121,0.7668386610153086,14.410494040131116,0.3199178525887787,10.753779411315918,5.416989326477051,42.1650276184082,13.439572633998925,41.84510976581942,43.950373421599146
seq09,test,184,1788536954.5392232,0.7174453362669992,14.446938905551308,0.31991475146965187,10.708674430847168,5.4134817123413095,42.122634887695305,13.46952143477795,41.80272013622565,43.91919191503355
seq09,test,185,1788536954.717001,0.6679337575336138,14.482270306916913,0.3199012757170059,10.663148880004883,5.409024238586426,42.08026885986328,13.499189589043965,41.76036758414627,43.887998591003985
seq09,test,186,1788536954.8894491,0.6183270805049497,14.516530027913287,0.3199113530493922,10.617211341857908,5.403613567352294,42.0379295349121,13.528596855886253,41.71801818186271,43.85676656926868
seq09,test,187,1788536955.0600102,0.5686115348172184,14.549638150119335,0.3198957897290813,10.570868492126463,5.397246360778809,41.99563980102539,13.55770702241456,41.67574401129631,43.82555257610255
seq09,test,188,1788536955.2258823,0.5188209486496522,14.581673267462556,0.3199134398723926,10.524127960205078,5.389918804168702,41.95340347290039,13.586556536111814,41.633490033027996,43.79431482326449
seq09,test,189,1788536955.400668,0.4689410424818665,14.612552674756568,0.31991433401852687,10.477002143859863,5.381627082824707,41.91123580932617,13.615111982378181,41.591321475307645,43.76310428151875
seq09,test,190,1788536955.576513,0.4189864680120271,14.642291801422383,0.3199154080784674,10.429496765136719,5.372368812561035,41.86914062499999,13.643378930025348,41.54922521692153,43.73190945699407
seq09,test,191,1788536955.7679613,0.3689694503704268,14.670897507708643,0.31992393468585223,10.381623268127441,5.362141132354737,41.82713317871094,13.671363565128978,41.507209244025084,43.70073913513612
seq09,test,192,1788536955.9506152,0.3188802527883916,14.698304852839437,0.3198981144284321,10.333386421203615,5.350942611694336,41.78522491455078,13.699033347810046,41.46532680012235,43.66963294218714
seq09,test,193,1788536956.117937,0.2687614366659911,14.724622626389815,0.3199242924622352,10.284796714782715,5.338770866394042,41.743423461914055,13.726440760557505,41.42349916945182,43.6385318198799
seq09,test,194,1788536956.2863843,0.21858956933237325,14.749739150767207,0.319923338265123,10.235863685607908,5.325623035430909,41.70173263549805,13.753535737254806,41.38180929723293,43.607498047795616
seq09,test,195,1788536956.4588833,0.16838055376797184,14.773673924970014,0.319917256732257,10.186596870422363,5.3114972114563,41.66017532348633,13.780328237202532,41.340258066754075,43.57653477906277
seq09,test,196,1788536956.6246731,0.1181479212619343,14.796441375337068,0.31991713726718785,10.13700199127197,5.296393871307373,41.61875915527344,13.806822206973532,41.29884201800625,43.54563917871933
seq09,test,197,1788536956.793649,0.06789847409253615,14.818032420340991,0.31992202662625524,10.087089538574219,5.280310153961182,41.57748794555663,13.833016143169457,41.257565918930375,43.514814502328655
seq09,test,198,1788536956.9596941,0.017635544531607563,14.83842408146324,0.31991987993907456,10.036871910095215,5.263245105743408,41.536376953125,13.858901463178794,41.21645707318593,43.48408310441739
seq09,test,199,1788536957.127243,-0.032630074015410154,14.857622281080827,0.3199177927584884,9.986258855104994,5.2448637962751405,41.49537179988934,13.884641193104528,41.17545400713085,43.45343799694799
seq09,test,200,1788536957.29089,-0.08288999032070252,14.875624265802541,0.31991749465541464,9.935548782348633,5.226171970367432,41.45466613769531,13.909746404719323,41.1347486430399,43.422903990517206
seq09,test,201,1788536957.4559603,-0.13313970413507908,14.89241250679079,0.3199106378340615,9.88446044921875,5.206161975860596,41.41408920288086,13.93469634331585,41.094178565046796,43.39247946495305
seq09,test,202,1788536957.6204262,-0.1833608997235213,14.90802016207059,0.3199211319762578,9.83310317993164,5.185169696807861,41.373714447021484,13.959347184910968,41.053793315045226,43.36216460675521
seq09,test,203,1788536957.788146,-0.2335580726104391,14.922399689876997,0.3199197604376154,9.781481742858887,5.163197517395019,41.33354568481445,13.983670818093968,41.01362592437684,43.33198081109989
seq09,test,204,1788536957.960219,-0.28371855451615635,14.93556453770178,0.319918329502467,9.729609489440916,5.140244960784913,41.29359436035156,14.007677328159298,40.9736760308491,43.30193011415087
seq09,test,205,1788536958.1409612,-0.3338384664391392,14.94749463231178,0.3199046738657405,9.67739673413562,5.115965404252187,41.253812799907145,14.031528683768466,40.9339081260414,43.27203059338232
seq09,test,206,1788536958.3168352,-0.38390182356450003,14.958218449529245,0.3199032435171596,9.625141143798828,5.091399192810059,41.214393615722656,14.054716765815307,40.894490372205496,43.242275682134235
seq09,test,207,1788536958.48848,-0.43390201545964147,14.967728797727569,0.31990676141840546,9.5725679397583,5.065509796142578,41.1751594543457,14.077761971280458,40.855252692927294,43.21267238580568
seq09,test,208,1788536958.666854,-0.48384245287443606,14.975980633630844,0.3198874997973118,9.519777297973633,5.038645744323731,41.13618087768555,14.100462149227521,40.816293377888236,43.18324719068311
seq09,test,209,1788536958.849084,-0.5336867860525996,14.983077413663569,0.31992017812629436,9.466784477233887,5.010807991027831,41.09747314453124,14.1228744569034,40.77755296640495,43.153961682021915
seq09,test,210,1788536959.029524,-0.5834723240460881,14.988850314275261,0.31988421858929117,9.413593292236328,4.981998920440673,41.059043884277344,14.14490706065421,40.73915966568805,43.12490609869162
seq09,test,211,1788536959.206742,-0.6331391985295023,14.993490795488922,0.3199208338492825,9.360217094421387,4.952220439910888,41.02089309692382,14.166660875155845,40.70097226307454,43.09597920353167
seq09,test,212,1788536959.3843331,-0.6827187883201994,14.996852066857446,0.3199233980555909,9.30666446685791,4.921475410461426,40.98304748535156,14.188058097818836,40.66312408729597,43.0672805401724
seq09,test,213,1788536959.5714602,-0.7321944253126546,14.99896640579039,0.31991540814792296,9.252942085266112,4.889768123626709,40.94550323486328,14.209111198206388,40.62558782671536,43.038787474894754
seq09,test,214,1788536959.7490823,-0.7815497705209327,14.999864126255975,0.3199195224280502,9.199065208435059,4.857100486755371,40.908271789550774,14.2298394089651,40.58835226712272,43.01049487468126
seq09,test,215,1788536959.923432,-0.8307931176161426,14.999483261220107,0.31989048100658857,9.145038604736326,4.823475360870362,40.871360778808594,14.250205449068945,40.551470297802005,42.982439421863816
seq09,test,216,1788536960.0982542,-0.8798921358494529,14.99792064173851,0.3198995452836031,9.090873718261719,4.788898944854736,40.83478927612305,14.27025913306948,40.51488973083944,42.9545874805827
seq09,test,217,1788536960.277659,-0.9288510027188339,14.995130056410517,0.31991266475295177,9.036579132080078,4.753373622894287,40.79855728149414,14.289974549138615,40.47864461674119,42.926961721317525
seq09,test,218,1788536960.447952,-0.9776664346450622,14.991093429722754,0.319916421297765,8.98208172507061,4.71655120128061,40.76260493012414,14.30953533169406,40.44268850882638,42.89957873022715
seq09,test,219,1788536960.6232553,-1.0263258210422195,14.985832475435208,0.3199250675862224,8.927646636962889,4.679492950439452,40.72715377807617,14.328370531892801,40.407228710489946,42.87244259616026
seq09,test,220,1788536960.792673,-1.0748288312941823,14.979320194797555,0.3199174354330969,8.873024940490723,4.641148090362549,40.691997528076165,14.34704140670589,40.37208009264307,42.845565092930215
seq09,test,221,1788536960.968776,-1.1231599856512173,14.971584889785717,0.31991397634582497,8.818312644958496,4.601872444152832,40.6572265625,14.365368574118644,40.33731258615418,42.8189514227449
seq09,test,222,1788536961.1520991,-1.171316055053624,14.962615241351937,0.31990682178635343,8.76352310180664,4.561672210693359,40.62283706665039,14.383346098863408,40.30293024486404,42.79260253036809
seq09,test,223,1788536961.3369591,-1.219278403725028,14.95245726413128,0.31992339805636094,8.708659172058105,4.520551681518555,40.588836669921875,14.400992972472183,40.268913271865515,42.76650528965653
seq09,test,224,1788536961.5336652,-1.2670531156182336,14.941056706096179,0.31992655827090877,8.653738021850586,4.478518962860108,40.555244445800774,14.41827981494045,40.23531788752987,42.74070189330657
seq09,test,225,1788536961.712904,-1.314638241391907,14.928391202793312,0.31989590787821864,8.598764419555664,4.435576438903809,40.52206039428711,14.435190126471488,40.20216448640889,42.71520506072347
seq09,test,226,1788536961.8835561,-1.3619979247131118,14.914587441846978,0.31992184756044684,8.543746948242186,4.391733646392822,40.48929214477539,14.451789975244731,40.16937029721495,42.68995834576744
seq09,test,227,1788536962.0648842,-1.4091548762615735,14.899516264439152,0.31990783427708114,8.488700866699219,4.346996307373047,40.456958770751946,14.468006972376685,40.137050936474864,42.6650452200618
seq09,test,228,1788536962.2391992,-1.4560838122566937,14.883262146199193,0.3199123664851795,8.433629989624023,4.301370143890381,40.42505264282226,14.483883368476741,40.10514027633708,42.64041690715877
seq09,test,229,1788536962.416251,-1.5027827533587688,14.865802498719797,0.319917136803487,8.378549575805664,4.25486421585083,40.393592834472656,14.4994048099308,40.07367569766917,42.61610286927002
seq09,test,230,1788536962.602025,-1.549249746653906,14.847117172241958,0.3199030636344782,8.323464393615723,4.20748233795166,40.36258316040039,14.514555243014629,40.04268009676591,42.59211832292985
seq09,test,231,1788536962.777374,-1.5954654564562103,14.827267745726095,0.3199135591111779,8.268385887145996,4.159235000610352,40.33203125,14.529366330970694,40.01211769088882,42.56843957780321
seq09,test,232,1788536962.9565473,-1.641437090437273,14.806190089218651,0.3198962067434372,8.213324546813965,4.110129356384277,40.30194854736328,14.543797376459839,39.982052340619845,42.545111957727705
seq09,test,233,1788536963.129892,-1.687142174151072,14.783959160734074,0.3199019308593385,8.158290863037108,4.0601725578308105,40.2723388671875,14.557889640822395,39.95243693632816,42.522104462804315
seq09,test,234,1788536963.302771,-1.732580790683071,14.760551563759151,0.31991141272751555,8.103290557861328,4.009374141693115,40.243206024169915,14.571622460997922,39.9232946114424,42.49943098181298
seq09,test,235,1788536963.4784362,-1.7777495141056576,14.735949137536117,0.3199068216763512,8.04833698272705,3.9577393531799316,40.214561462402344,14.584984813116176,39.894654640725996,42.47711443708988
seq09,test,236,1788536963.646101,-1.8226385270033783,14.71017127784448,0.3198940588404706,7.99343729019165,3.905280590057373,40.18641662597656,14.597979559649671,39.866522567136094,42.45516021427691
seq09,test,237,1788536963.818566,-1.867233012362307,14.683268708297577,0.31991093527517545,7.938601016998291,3.852005958557129,40.15876388549804,14.610634269780396,39.838852950222865,42.433534358508986
seq09,test,238,1788536963.9929743,-1.911540913908844,14.655166765994087,0.3198964452872799,7.883842468261719,3.7979226112365723,40.13162612915039,14.622902797998742,39.81172968386311,42.41229900230247
seq09,test,239,1788536964.170846,-1.9555391483413256,14.625956360628614,0.31990962342909635,7.829164981842041,3.743041515350342,40.10500335693359,14.634830728259402,39.78509373350449,42.39141368046769
seq09,test,240,1788536964.3443441,-1.9992314837808027,14.595590449890183,0.31991290312929177,7.774580001831053,3.6873726844787598,40.07890701293945,14.646385416679284,39.75899410981016,42.37091240931489
seq09,test,241,1788536964.514806,-2.0426067019741483,14.564098171837081,0.3199220262769198,7.720095157623291,3.6309242248535156,40.05332946777344,14.657579614465257,39.73340744149652,42.35077693580554
seq09,test,242,1788536964.690384,-2.0856652314846014,14.531447315661403,0.3199089086212248,7.665724754333496,3.5737075805664062,40.02829360961914,14.668390053362817,39.70838470099792,42.33104631733119
seq09,test,243,1788536964.8612492,-2.1283921492225564,14.49768797607982,0.3199003802671052,7.611474514007568,3.5157322883605957,40.00379943847656,14.67884032696487,39.683899058209455,42.31170284692744
seq09,test,244,1788536965.031742,-2.1707800352046305,14.462840298618802,0.31990944517267716,7.557355880737305,3.4570088386535653,39.97984313964843,14.688939870671401,39.659933694475754,42.292733361351964
seq09,test,245,1788536965.201232,-2.2128290547131204,14.426864626516753,0.3198982942289219,7.503373622894287,3.3975496292114267,39.95644760131836,14.698652447831046,39.63654930708944,42.27418153856396
seq09,test,246,1788536965.3797882,-2.2545256768553226,14.389814685239092,0.31989876976842546,7.449543476104736,3.3373618125915536,39.933609008789055,14.708013891328964,39.61371023902063,42.256025742237206
seq09,test,247,1788536965.5576153,-2.295861193564655,14.351718676003813,0.3199280488339775,7.3958687782287615,3.2764596939086914,39.91133117675781,14.717030657256831,39.59140312792383,42.23825508948511
seq09,test,248,1788536965.7234552,-2.3368424752218564,14.312492053068473,0.3199158851953052,7.3423405250762155,3.2147099782121504,39.88959276093701,14.72573769066465,39.569676875741706,42.22092702185576
seq09,test,249,1788536965.8821452,-2.3774517083440205,14.272222664905097,0.31991791234001554,7.289030551910399,3.1525564193725595,39.86849594116211,14.733901611584391,39.54857802882209,42.20400313716317
seq09,test,250,1788536966.0447261,-2.417685351999965,14.230898331157983,0.3199200588107971,7.2358860969543475,3.0895771980285653,39.84794235229492,14.741793592083088,39.52802229348413,42.1874984414312
seq09,test,251,1788536966.2151442,-2.4575391116480048,14.188516550955816,0.3199123664356296,7.182934284210205,3.0259299278259277,39.827983856201165,14.749307353741337,39.508071489765534,42.171433225058315
seq09,test,252,1788536966.3936772,-2.497001786403991,14.145126138917044,0.3199224438606936,7.130185604095457,2.96162509918213,39.808609008789055,14.75647087069071,39.488686564928365,42.155780139628504
seq09,test,253,1788536966.565387,-2.5360747722589108,14.100674187204065,0.31990491239633223,7.077647686004639,2.896677017211915,39.78982162475586,14.763238536639344,39.46991671235953,42.140568783184584
seq09,test,254,1788536966.7278023,-2.5747430739491928,14.055245435639481,0.3199130822837535,7.025332927703856,2.83109712600708,39.771644592285156,14.76966365609382,39.4517315100014,42.125788819336975
seq09,test,255,1788536966.895842,-2.6130047377727346,14.008817724328802,0.31992238434179887,6.973247051239012,2.7648978233337402,39.754066467285156,14.775721914760162,39.434144082943355,42.11144354752827
seq09,test,256,1788536967.0656793,-2.650858050707652,13.96136151375598,0.3199017517136953,6.921397686004639,2.6980929374694824,39.73709869384765,14.7813835249135,39.417196942133955,42.097561849655364
seq09,test,257,1788536967.224853,-2.688291381963658,13.912939064351729,0.3198923904741511,6.86979866027832,2.6306934356689453,39.72074127197265,14.78668832705745,39.4008488814985,42.084118670398915
seq09,test,258,1788536967.3968022,-2.7252973390174424,13.863578105516835,0.31989865087250013,6.818451881408691,2.562716007232667,39.705005645751946,14.791640657710019,39.38510699487944,42.07112176237902
seq09,test,259,1788536967.5771422,-2.761872545583697,13.813271477309788,0.3199137984477327,6.767371654510496,2.4941720962524414,39.689888000488274,14.7962328253945,39.36997420204054,42.05857076141103
seq09,test,260,1788536967.751022,-2.7980154742892944,13.761980194472626,0.3198951330049815,6.716542731253143,2.4248517020869214,39.67533443314844,14.800584458038092,39.35543930014346,42.046496914806056
seq09,test,261,1788536967.9285011,-2.833716103188033,13.709767697625185,0.31988249043902206,6.666033744812012,2.3554396629333496,39.66152572631836,14.80425655998861,39.34164323587934,42.03487724251347
seq09,test,262,1788536968.1034822,-2.868963950218162,13.6566981716238,0.319911412781436,6.61579704284668,2.2852792739868164,39.648296356201165,14.807763465192842,39.32838494341973,42.02370427626417
seq09,test,263,1788536968.2774541,-2.9037618592972683,13.602693485865608,0.3199159442652191,6.565854549407959,2.214608669281004,39.63569259643554,14.810878121088704,39.31577665217032,42.013002802478724
seq09,test,264,1788536968.4577522,-2.9381044573244552,13.547753321253463,0.3198888716397721,6.516219139099121,2.143441915512085,39.62372970581054,14.813593531112378,39.30384083417077,42.002791069437805
seq09,test,265,1788536968.63296,-2.9719798602677647,13.491983148108043,0.3198935828828877,6.466897010803223,2.0717926025390625,39.612407684326165,14.815976129986913,39.292514101443274,41.993032911382585
seq09,test,266,1788536968.8079813,-3.0053843681814034,13.4353720878125,0.31991224708542676,6.417897701263428,1.99967622756958,39.60172653198242,14.818008799035635,39.281814284896996,41.98373873634213
seq09,test,267,1788536968.9866161,-3.0383190305320706,13.377846265528992,0.3198843390169752,6.369229793548584,1.9271085262298584,39.59169387817382,14.819627851321732,39.27180953915685,41.97494960248888
seq09,test,268,1788536969.1597483,-3.070768408089655,13.319572079114181,0.3199155866365977,6.320897102355957,1.8541028499603271,39.58230972290039,14.820943482274249,39.262394136263794,41.966605283440416
seq09,test,269,1788536969.3362713,-3.1027365056094554,13.260419856998501,0.3199052105903071,6.272910118103027,1.7806744575500488,39.57357788085937,14.821852247573148,39.25367267026906,41.958766928420545
seq09,test,270,1788536969.5107121,-3.134213315722581,13.20048392154364,0.3199100408620883,6.225278377532959,1.7068405151367188,39.565498352050774,14.822412877455571,39.24558831118868,41.951401947981076
seq09,test,271,1788536969.684672,-3.1651955504042384,13.139755529232415,0.3199129030507315,6.178006649017334,1.6326141357421875,39.55807113647461,14.822608757875663,39.238158233423874,41.94452040422279
seq09,test,272,1788536969.860187,-3.1956794308187675,13.078218987138953,0.31989376215633114,6.131103515625,1.558011770248413,39.55130386352539,14.822417294428435,39.23141010136906,41.93814007549659
seq09,test,273,1788536970.0378802,-3.2256560649117434,13.01598987392072,0.31991922384510696,6.084577560424805,1.483048439025879,39.54519271850586,14.821915810685931,39.225273494660755,41.932222324007554
seq09,test,274,1788536970.2114022,-3.2551248362448844,12.952968060782924,0.3199110543076873,6.038432598114012,1.4077415466308594,39.53974151611328,14.821014305667724,39.21983046180559,41.926812024068575
seq09,test,275,1788536970.3895922,-3.284080570380337,12.889184468235397,0.3198816557693074,5.99268054962158,1.3321058750152588,39.534954071044915,14.819728826380272,39.21507241527561,41.921906767497546
seq09,test,276,1788536970.5791461,-3.3125161555518177,12.824743259463856,0.31988910977042173,5.94732666015625,1.256157636642456,39.53083038330078,14.818126139433769,39.21094127353036,41.917475804733485
seq09,test,277,1788536970.7560022,-3.3404282484367256,12.759634908761559,0.319917375363991,5.90237522125244,1.1799132823944092,39.52736663818359,14.816186045114753,39.207449262819594,41.913523433613
seq09,test,278,1788536970.9387782,-3.3678138274596012,12.69378427277205,0.3199028846480265,5.857839107513428,1.1033895015716553,39.52457046508789,14.813842277709247,39.20466758043987,41.91009285508252
seq09,test,279,1788536971.1142921,-3.394667425274286,12.6272899379575,0.31990443580823347,5.813721656799316,1.0266013145446777,39.52243423461914,14.81115815944965,39.20252979881091,41.90714436287551
seq09,test,280,1788536971.2940001,-3.4209849395810163,12.560108127357692,0.31987879440488554,5.770030498504639,0.9495668411254883,39.520965576171875,14.808086768466458,39.20108678176699,41.90470902671987
seq09,test,281,1788536971.468929,-3.4467621393722387,12.492360506862612,0.31989686299649867,5.726772308349609,0.8723018169403076,39.520164489746094,14.804712027620742,39.20026762674959,41.902750270472346
seq09,test,282,1788536971.6519942,-3.471994600589616,12.423941492296816,0.3198771836792125,5.683953762054443,0.7948236465454084,39.52002716064453,14.800938223294438,39.20014997696532,41.90130702622954
seq09,test,283,1788536971.8264363,-3.496679150422619,12.354945384117716,0.31987354740351903,5.641579627990723,0.7171487808227557,39.52055740356445,14.796826797692544,39.200683856160936,41.900354390763674
seq09,test,284,1788536972.004683,-3.5208110135813393,12.285347902952426,0.3198538654485137,5.599660396575928,0.6392943859100342,39.52175521850586,14.792348064635023,39.201901353057345,41.89991206387134
seq09,test,285,1788536972.179099,-3.5443879075555467,12.215246294825373,0.3198752165235612,5.558200359344482,0.5612778663635254,39.52361679077148,14.787565495655178,39.203741574247914,41.89994566474646
seq09,test,286,1788536972.3589163,-3.56740382402305,12.144542471903211,0.31985827799175715,5.517205715179443,0.48311567306518555,39.526145935058594,14.782388354539554,39.20628765706684,41.90050115825702
seq09,test,287,1788536972.5280561,-3.5898577272219363,12.073361749172058,0.3198778405507272,5.476682186126709,0.40482497215270996,39.529335021972656,14.776904158753862,39.20945718142193,41.90153253735186
seq09,test,288,1788536972.700087,-3.6117426380755244,12.001599228704498,0.31984921318244486,5.436636924743654,0.32642412185669123,39.5331916809082,14.771015079824489,39.21334246772576,41.90309193817978
seq09,test,289,1788536972.881181,-3.6330587817423896,11.929393466844154,0.31985499696044783,5.397075176239014,0.2479290962219256,39.53771209716796,14.764820660651637,39.21785710020751,41.90513387012982
seq09,test,290,1788536973.0595102,-3.653800892477919,11.856697840001205,0.3198515981262773,5.358002662658691,0.16935896873473943,39.54289627075195,14.758268638569666,39.223044672625676,41.90768099762833
seq09,test,291,1788536973.2300742,-3.673965578903149,11.783538320573209,0.3198457553577445,5.319427490234375,0.09072995185852228,39.54873275756836,14.75136896845493,39.22888700221061,41.91072013072197
seq09,test,292,1788536973.4043553,-3.6935479483853064,11.709901120841577,0.31981193409942854,5.281352519989014,0.012060999870300293,39.55523300170898,14.744093797620486,39.23542106760955,41.91427642540964
seq09,test,293,1788536973.578197,-3.7125526678895513,11.63594121422488,0.31984718671248946,5.243783950805664,-0.0666317939758283,39.562393188476555,14.73655932162079,39.24254600176407,41.91829668939588
seq09,test,294,1788536973.751786,-3.7309680135297203,11.56151951099226,0.31984271355044513,5.206729412078857,-0.14532911777496338,39.57020568847656,14.728636735577371,39.25036297492612,41.92283069822517
seq09,test,295,1788536973.9238243,-3.748794920912355,11.486731753051199,0.31985118333738516,5.170190334320067,-0.22401368618011475,39.57867431640624,14.720389149935212,39.25882313306886,41.92785530550201
seq09,test,296,1788536974.105442,-3.7660262975172887,11.411519982422972,0.3198189126225899,5.1341757774353045,-0.30266833305358887,39.587791442871094,14.711757368358072,39.26797253024851,41.933393274355815
seq09,test,297,1788536974.2769601,-3.7826682495639945,11.336039334405305,0.3198428317436477,5.098690032958983,-0.3812747001647949,39.59756088256835,14.702855951388251,39.2777180508247,41.93939804536247
seq09,test,298,1788536974.457684,-3.798709730817423,11.260183321985737,0.31983406207038634,5.063759523837176,-0.4600557055496566,39.60790027194829,14.69378658318753,39.288066209877904,41.94591172765246
seq09,test,299,1788536974.632193,-3.814147629225656,11.183974564142874,0.31980030339666654,5.029321193695068,-0.5382707118988037,39.61903762817383,14.683935955105916,39.29923732477716,41.95292635136208
seq09,test,300,1788536974.810125,-3.829342385968446,11.107575608097342,0.3198211761189662,4.995450496673584,-0.6166238784790039,39.63073730468749,14.674257154028835,39.31091612856853,41.960480810995435
seq09,test,301,1788536974.9881592,-3.8449297663933666,11.031012043871806,0.3202000184822287,4.962127685546875,-0.6948571205139178,39.64308166503906,14.664933297566277,39.32288164655684,41.96843206043305
seq09,test,302,1788536975.1643002,-3.8587045053398223,10.954159352160993,0.32007055491646086,4.929355144500732,-0.7729514241218567,39.65605545043945,14.654525566130246,39.33598489552299,41.97707502041058
seq09,test,303,1788536975.3364832,-3.8715068976076923,10.876837395261923,0.3202710819744441,4.89714241027832,-0.8508892059326154,39.6696662902832,14.643386968767022,39.349395208308756,41.98575574140268
seq09,test,304,1788536975.5072572,-3.8855453386480647,10.799704615034214,0.3203502261487694,4.865489482879637,-0.9286526441574097,39.683906555175774,14.633351442742816,39.363556329027006,41.99553001588747
seq09,test,305,1788536975.696428,-3.8966206886510255,10.721914108329845,0.3203851972828675,4.834401607513426,-1.0062234997749329,39.698768615722656,14.621216163191159,39.37838341843979,42.00520256754413
seq09,test,306,1788536975.8865123,-3.9095742255606094,10.644535080339066,0.32044306593455296,4.803885459899902,-1.0835829973220825,39.71425247192383,14.610719808883744,39.39380940598927,42.016013052753074
seq09,test,307,1788536976.067485,-3.9196930250644955,10.56641650907161,0.32049401735292005,4.773942947387695,-1.1607136130332947,39.73036193847656,14.59811245751638,39.40986792112364,42.02668886413377
seq09,test,308,1788536976.2476213,-3.930095535907303,10.488329292139625,0.320694985505654,4.744578838348389,-1.2375965118408203,39.74707794189453,14.585859983553346,39.42638295638888,42.03792317043807
seq09,test,309,1788536976.421225,-3.940119118672238,10.410289556752383,0.3207664198660851,4.715794563293457,-1.3142139911651611,39.764404296875,14.573565971126353,39.44363787700892,42.049844162462534
seq09,test,310,1788536976.589682,-3.949232665740411,10.33205982133841,0.3208096816113264,4.687598705291748,-1.3905482590198517,39.78234100341796,14.560714142421931,39.46153132180663,42.06217838628014
seq09,test,311,1788536976.763284,-3.9576058274842443,10.253748312295153,0.3208762596366257,4.65999126434326,-1.4665805697441083,39.80087661743163,14.547477057560103,39.48000035779501,42.074927415168894
seq09,test,312,1788536976.949237,-3.9657177427186823,10.175419061626771,0.3209825190921771,4.632976055145264,-1.5422924309968948,39.820014953613274,14.5341768825685,39.4990324345211,42.088191466456934
seq09,test,313,1788536977.1318963,-3.972703775297349,10.097088830674075,0.32048068945544794,4.606557369232176,-1.6176674142479914,39.83973693847656,14.520304255213615,39.51925624902111,42.10238532600937
seq09,test,314,1788536977.309723,-3.978379301736657,10.018338587390858,0.3210086875603708,4.580737113952637,-1.692685725167392,39.86004638671875,14.505397763131226,39.53903769915838,42.115817295193494
seq09,test,315,1788536977.493404,-3.9843295347735697,9.939877965837635,0.32099932635599826,4.555596229871755,-1.7675441336484745,39.88086491110895,14.491171942986142,39.559865584752956,42.13047625371579
seq09,test,316,1788536977.69381,-3.982928351843767,9.860317011182458,0.3198905442917197,4.530908107757568,-1.841580614447592,39.90241622924805,14.471344764795123,39.58252568495633,42.14494226952732
seq09,test,317,1788536977.874247,-3.987229823191525,9.781761106972215,0.31984569366524185,4.506906509399414,-1.9154225885868073,39.92445755004882,14.455948894634806,39.60461185638358,42.16040486925015
seq09,test,318,1788536978.0634382,-3.990928127892697,9.703365359539003,0.3198737858754255,4.483588135268107,-1.9892535913032443,39.94692912070379,14.440732800802465,39.62705533482837,42.17627625020637
seq09,test,319,1788536978.236966,-3.9939873413176246,9.624987181916337,0.31986155928651394,4.460737228393555,-2.0618033409118635,39.97024154663086,14.424404329959172,39.650379987344344,42.19260685730312
seq09,test,320,1788536978.4188051,-3.9964104881320863,9.546675100309269,0.3198310207489874,4.438576698303224,-2.134306162595747,39.99396514892578,14.408134233816186,39.674134128176796,42.20937396977393
seq09,test,321,1788536978.594947,-3.99822084643831,9.468574410035389,0.31987086264204523,4.417119152202369,-2.2067809708554122,40.01808727818777,14.392076659148863,39.69821641554572,42.22653498853916
seq09,test,322,1788536978.7743351,-3.999388654792529,9.390543099609397,0.3198670449426768,4.396114349365234,-2.2778506875038147,40.043060302734375,14.374835103887774,39.7231932577917,42.24414713140546
seq09,test,323,1788536978.9487393,-3.999929284042682,9.312686364065216,0.31987974782023576,4.375817775726318,-2.348854422569273,40.068416595458984,14.357739109190165,39.748536847638746,42.26216811588899
seq09,test,324,1788536979.122955,-3.9998313107910373,9.234960560941397,0.3198662092957403,4.356261853436488,-2.419908874622678,40.09410702534306,14.340860313429443,39.77424081604732,42.28061620911195
seq09,test,325,1788536979.301078,-3.999109883453095,9.157466060966104,0.3198831474167749,4.337101936340332,-2.489241898059843,40.12071228027343,14.322647583016975,39.800829132856656,42.299459020774165
seq09,test,326,1788536979.472402,-3.997757957182368,9.080185344399977,0.31990252753247894,4.318688869476318,-2.5585891008377075,40.14764404296875,14.304697075008583,39.82774151543627,42.31871161351874
seq09,test,327,1788536979.6472583,-3.995766411927847,9.003087693189173,0.3198925693342449,4.300968172260586,-2.6276407379231337,40.17498353655129,14.286694810163496,39.855090967217045,42.33837413746421
seq09,test,328,1788536979.8217192,-3.993147049739487,8.926252983323213,0.31989441786577943,4.283757209777831,-2.6955051422119123,40.20302963256835,14.267880222712048,39.88313521470257,42.35843340592173
seq09,test,329,1788536980.001586,-3.9898977919309586,8.849686021981013,0.3198980556876785,4.267242431640625,-2.7630385160446167,40.23147201538086,14.249060876695923,39.91157395969318,42.378880020687724
seq09,test,330,1788536980.1837993,-3.9860234876417864,8.77342627756445,0.3199177331916949,4.251363277435303,-2.8299330472946167,40.26040267944336,14.22998553545509,39.940484946251665,42.399703136708595
seq09,test,331,1788536980.3597372,-3.9815136388118484,8.697438157858471,0.31991582492624504,4.236121654510499,-2.8961716890335083,40.28982162475585,14.210605866605677,39.969905799829604,42.42092277100134
seq09,test,332,1788536980.531496,-3.976373294775414,8.621765916471295,0.31991123411794464,4.221518516540526,-2.9617364406585693,40.31971740722656,14.190946304164289,39.99980617310862,42.44251937496091
seq09,test,333,1788536980.706263,-3.970607031621658,8.546441383728077,0.31991045824625086,4.207553386688232,-3.0266118049621564,40.35007858276367,14.171022120364633,40.030168124517424,42.46448195860859
seq09,test,334,1788536980.8802452,-3.9642127416766555,8.471469977702677,0.3199072982204687,4.194231033325195,-3.090780735015869,40.380897521972656,14.150824936152203,40.060990223752185,42.48680717683073
seq09,test,335,1788536981.052753,-3.957194834731758,8.39688814355405,0.3199109944581442,4.181546688079834,-3.1542255878448486,40.41217803955078,14.130369493075888,40.09226704509264,42.50949563128068
seq09,test,336,1788536981.2298741,-3.949551018086537,8.322697732061261,0.31991439431261703,4.169505596160889,-3.2169309854507446,40.44390106201171,14.109646035368238,40.12398666769909,42.532533634302546
seq09,test,337,1788536981.40919,-3.9412867945307153,8.248931564399548,0.31992363650763966,4.1581077575683585,-3.2788795232772827,40.47605895996094,14.08866993664544,40.1561353234533,42.5559140977988
seq09,test,338,1788536981.584063,-3.93238863080487,8.175552334183289,0.31990008222802646,4.14735221862793,-3.34005606174469,40.50865173339843,14.067389556074717,40.188751651170406,42.579657210947715
seq09,test,339,1788536981.764266,-3.9228779341393527,8.102658649362958,0.31990264685977743,4.137238502502441,-3.4004423618316633,40.54166793823242,14.045882309273772,40.22176529137264,42.60372299459566
seq09,test,340,1788536981.94055,-3.9127529112129893,8.030252731878516,0.319919283494271,4.1277709007263175,-3.4600250720977765,40.57509231567383,14.024140158416603,40.255173032179556,42.628106491300194
seq09,test,341,1788536982.1161962,-3.9020051868570342,7.958311750609043,0.3199210128017571,4.119042729055031,-3.5191684840054513,40.60879761660233,14.00249128567212,40.288876603800574,42.652823355571584
seq09,test,342,1788536982.295655,-3.890636165533879,7.8868553117308355,0.31990855014745323,4.110763072967529,-3.576712131500244,40.643157958984375,13.979834344490582,40.32324940883692,42.67786558846009
seq09,test,343,1788536982.482633,-3.8786592681383,7.815946690885932,0.319916660628492,4.10322380065918,-3.633784532546997,40.67778396606445,13.957320746218121,40.35786730543596,42.70321130612998
seq09,test,344,1788536982.6557782,-3.86606792225867,7.745568988289042,0.3199166004375844,4.096328258514404,-3.6899890899658203,40.71278381347656,13.934552073917901,40.392867213038976,42.72885983958534
seq09,test,345,1788536982.826718,-3.8528640711279705,7.67573940799854,0.31991218810089417,4.090075492858887,-3.745311737060547,40.74815368652344,13.911531122604844,40.428241498422544,42.75480568111587
seq09,test,346,1788536982.996413,-3.8390567031124583,7.606500949978911,0.3199199991118882,4.084464073181153,-3.7997355461120605,40.783889770507805,13.888283281137168,40.46396977139592,42.781038582034874
seq09,test,347,1788536983.163767,-3.824638998140645,7.537838571576665,0.3199167789039048,4.079495906829833,-3.8532457351684553,40.81998062133788,13.864780931531072,40.50006384243398,42.80756149934934
seq09,test,348,1788536983.330997,-3.8096116600827656,7.469762050191939,0.3198996656039479,4.075168132781982,-3.9058287143707258,40.856414794921875,13.84101938531883,40.53651512931793,42.83436560116413
seq09,test,349,1788536983.496705,-3.7939899984563965,7.402337261826959,0.31990014139487033,4.071481704711913,-3.957468032836914,40.8931884765625,13.817048217546857,40.57328833516763,42.86143427108646
seq09,test,350,1788536983.662218,-3.777762576993694,7.335528700871683,0.3198864270669546,4.068433761596679,-4.008151292800903,40.9302864074707,13.792819609585152,40.61039998040375,42.88876845225255
seq09,test,351,1788536983.8279772,-3.7609571195896816,7.269446040428982,0.31991850853160586,4.066024303436279,-4.057861328125,40.96770477294922,13.768425124831483,40.64778626441761,42.91633789847251
seq09,test,352,1788536984.0028422,-3.7435481519025133,7.204000042409097,0.3199256637487471,4.064252853393555,-4.106586694717411,41.00543212890624,13.743766909998305,40.685506465157495,42.94416799988954
seq09,test,353,1788536984.1759932,-3.7255392411686254,7.139213776791319,0.3199103393733427,4.06311511993408,-4.154311180114746,41.04345703125,13.718849904747277,40.723546691876656,42.972247996520295
seq09,test,354,1788536984.337692,-3.706949164617866,7.0751581085825554,0.3199131420653305,4.062613487243652,-4.201023340225223,41.0817756652832,13.693734766952298,40.76186252321787,43.00055590605023
seq09,test,355,1788536984.50151,-3.687773938531353,7.011826092047608,0.31991677897791293,4.062744140625,-4.246706962585447,41.12037658691406,13.668397749465537,40.80045980793615,43.0290903642711
seq09,test,356,1788536984.6708612,-3.6680102242184174,6.94920755624129,0.3199033615697273,4.063507080078123,-4.2913498878479,41.15924072265624,13.642818311496557,40.839337361086514,43.05784443714226
seq09,test,357,1788536984.8371632,-3.6476771708650197,6.887377829272867,0.31991815086560327,4.064898490905763,-4.334939241409302,41.19837188720703,13.617056354934553,40.87845373634143,43.086798484543614
seq09,test,358,1788536984.998919,-3.6267658072084874,6.826307393123844,0.31992494817962003,4.066921234130858,-4.3774609565734846,41.237754821777344,13.591072272773497,40.917829873597725,43.11596046811945
seq09,test,359,1788536985.172635,-3.6052755727708594,6.7659985534624,0.3199153478141614,4.069566726684569,-4.41890239715576,41.27737808227539,13.564852140611388,40.95746273446123,43.145323816625016
seq09,test,360,1788536985.3391943,-3.583216113572653,6.706489555974857,0.31990896791148926,4.072836875915527,-4.459251403808594,41.31724166870117,13.538423784135167,40.997332700789684,43.174879352907006
seq09,test,361,1788536985.524455,-3.5605953796870633,6.6478066838282945,0.3199127848411809,4.076730728149414,-4.4984962940216064,41.357315063476555,13.511802994103572,41.037402278635376,43.20459704626366
seq09,test,362,1788536985.7088432,-3.5374043222520775,6.589924807158663,0.31989507301902176,4.08124256134033,-4.536622285842894,41.39760971069335,13.484948296143138,41.07771463767433,43.234505552901354
seq09,test,363,1788536985.881546,-3.513667463437349,6.532926643682366,0.319909444711056,4.086374282836914,-4.57361912727356,41.43811035156249,13.457934221397075,41.118200906851435,43.26456332061666
seq09,test,364,1788536986.048546,-3.4893711504167553,6.4767682897264995,0.31991236636430753,4.092119216918945,-4.609475374221802,41.47879409790039,13.430703435279847,41.158881731536084,43.29477266549638
seq09,test,365,1788536986.2275531,-3.4645069438482223,6.421425621866771,0.31987598881054136,4.098476409912109,-4.644178628921509,41.51966857910156,13.403220308728777,41.19979259029102,43.32515694290464
seq09,test,366,1788536986.4037201,-3.4391233822886513,6.367054872792009,0.31990533011649736,4.105443000793457,-4.677717208862305,41.560710906982415,13.375629788702408,41.24080557686592,43.35563996613679
seq09,test,367,1788536986.580037,-3.4131816843499054,6.313531758406553,0.3198985908375962,4.113017559051515,-4.710080623626707,41.6019172668457,13.347797758457876,41.28201867600811,43.38627399266933
seq09,test,368,1788536986.7647712,-3.386708244149079,6.260941477344947,0.31991075737841856,4.121196269989014,-4.741257667541504,41.643280029296875,13.319797904516241,41.32336927191846,43.417022746849995
seq09,test,369,1788536986.950015,-3.35969621541782,6.209262105943573,0.31991224779585026,4.129975318908691,-4.77123761177063,41.68478012084961,13.291597110310805,41.36486787305376,43.447886575735964
seq09,test,370,1788536987.128017,-3.332145817927826,6.1584917664867405,0.31989352199121823,4.13935422897339,-4.800009965896605,41.72641372680664,13.263184880317912,41.40652020481542,43.47886829991417
seq09,test,371,1788536987.3021872,-3.304067784573155,6.108665714021047,0.3198744981674768,4.149327278137207,-4.827565431594849,41.76816940307617,13.23458535924622,41.44829490490869,43.509945991180615
seq09,test,372,1788536987.4854221,-3.2754962489905464,6.059888935949987,0.31992131152400405,4.159892559051514,-4.85389256477356,41.81003952026367,13.205893887665939,41.490118208739666,43.541078791728204
seq09,test,373,1788536987.6663303,-3.246385658642686,6.0120153786660016,0.31991582566067667,4.17104721069336,-4.878981590270996,41.852005004882805,13.176954327480294,41.532089179222126,43.57231411044588
seq09,test,374,1788536987.842675,-3.216757168492647,5.965108478627898,0.31989715986036305,4.18278455734253,-4.902824878692627,41.894065856933594,13.147820854101107,41.57416869707323,43.603631684347576
seq09,test,375,1788536988.022504,-3.1866361861155235,5.919247743638241,0.3199169580667709,4.195106029510498,-4.925410270690918,41.93620681762695,13.118564158691644,41.61628985956018,43.634989483906615
seq09,test,376,1788536988.1953852,-3.1560039174276744,5.874365910868926,0.3199156459824817,4.208003997802733,-4.946732044219971,41.978416442871094,13.089108966205652,41.65850079688861,43.66641114373351
seq09,test,377,1788536988.363629,-3.1248674060120196,5.830486045872936,0.3199035416395728,4.221474647521973,-4.96677780151367,42.02068710327148,13.05946584503378,41.7007835616319,43.69788321888914
seq09,test,378,1788536988.534722,-3.0932463830427683,5.787661716278289,0.3199110553667581,4.23551893234253,-4.9855427742004395,42.06300354003906,13.029686720779807,41.7430924846723,43.729378068131396
seq09,test,379,1788536988.7065382,-3.06113946408868,5.745883839104552,0.31992262276717454,4.250126838684082,-5.0030164718627965,42.10536193847656,12.999748953159614,41.78543931570939,43.76090048950097
seq09,test,380,1788536988.879213,-3.028536864013794,5.705118605720507,0.3199069400064698,4.265297889709473,-5.019190788269041,42.147747039794915,12.969612075641809,41.827840099788446,43.792454199394946
seq09,test,381,1788536989.0612743,-2.995463131771,5.665434384615843,0.31990765537232035,4.281027793884278,-5.034059524536133,42.19015121459961,12.939338858810515,41.87024355922729,43.82400923936716
seq09,test,382,1788536989.247719,-2.9619123392733364,5.626806588309201,0.3198991879053694,4.297313213348389,-5.047614097595215,42.23256301879883,12.908896645472854,41.91266383089346,43.855569794553865
seq09,test,383,1788536989.4276323,-2.9278964642310696,5.589265983598381,0.3198964442751562,4.314145565032957,-5.059847354888914,42.27497100830078,12.878306862688692,41.95507456402562,43.88711735034012
seq09,test,384,1788536989.603923,-2.893427079827112,5.552842206836249,0.3199146323399942,4.331525802612303,-5.070751667022705,42.31736373901367,12.847594753500093,41.99744910667368,43.91863411375414
seq09,test,385,1788536989.783016,-2.8584733489521317,5.517428973835254,0.3198700856348462,4.349520076403293,-5.080551892136997,42.35966130160452,12.816878233621514,42.03979121596967,43.95015828342148
seq09,test,386,1788536989.962696,-2.8231009066978845,5.483225110755835,0.3199003218089793,4.367902755737305,-5.088550567626953,42.402069091796875,12.785655034733347,42.082168769987895,43.98160869105343
seq09,test,387,1788536990.1475842,-2.7872708506385346,5.45009764328249,0.3199018114983063,4.386891841888427,-5.095432281494141,42.444358825683594,12.754482025280568,42.12445701418529,44.013028644631454
seq09,test,388,1788536990.3219552,-2.7509984594661794,5.418086324985661,0.3199002613181765,4.406407356262207,-5.100961208343504,42.486595153808594,12.723160732281146,42.16669489249042,44.0443977955862
seq09,test,389,1788536990.4948592,-2.714300211687988,5.387232936902866,0.3199182698132086,4.426446437835693,-5.105130672454832,42.528770446777344,12.691727889600275,42.208852176964136,44.07569805369471
seq09,test,390,1788536990.6654742,-2.6771581595002227,5.357468848339303,0.3199007985807232,4.447004318237305,-5.107936382293701,42.57085800170898,12.660110491246272,42.25095720312825,44.10693576106981
seq09,test,391,1788536990.8496242,-2.63960825527969,5.328898458147629,0.3199186878674001,4.468072414398192,-5.109373092651365,42.61286544799805,12.628405975036289,42.29294676013065,44.13807860708911
seq09,test,392,1788536991.024202,-2.601623108291914,5.301420205540321,0.31989137596933714,4.489648342132567,-5.109435558319092,42.6547737121582,12.59650937837503,42.33488233618887,44.169155651183175
seq09,test,393,1788536991.19794,-2.563250118914567,5.2751755965323035,0.3199190450170406,4.511728286743166,-5.108119964599609,42.69658279418945,12.564559130759221,42.376663749172415,44.20011059557169
seq09,test,394,1788536991.3702102,-2.524454697334787,5.250040193267468,0.31990419667184566,4.5343027114868155,-5.105422019958496,42.73826217651367,12.532424099357021,42.41835797984183,44.230970456368645
seq09,test,395,1788536991.5586011,-2.4852594160092982,5.226071999286954,0.31988696181195153,4.557373046874998,-5.101338386535643,42.77981948852539,12.500163090314787,42.45993252671344,44.26172101779964
seq09,test,396,1788536991.737767,-2.4456876569412196,5.20333314744952,0.31990932549174866,4.580928802490234,-5.095865726470947,42.82123947143554,12.467832061449883,42.50133014594379,44.292323268113044
seq09,test,397,1788536991.9103303,-2.405716723846764,5.181737263381808,0.3198994261656305,4.6049647331237775,-5.088997840881351,42.862510681152344,12.435338920715196,42.54261125498671,44.32280932506395
seq09,test,398,1788536992.0775912,-2.365374121201741,5.161356269729247,0.31990992176266575,4.629476070404054,-5.080735206604004,42.903621673583984,12.402756428011712,42.58371175182132,44.35313826072278
seq09,test,399,1788536992.2404912,-2.324656351808177,5.142163871832665,0.319916063518072,4.654458045959473,-5.07107353210449,42.94456481933594,12.37005481177463,42.624648755817866,44.38331823560688
seq10,test,0,1788536992.476552,3.8693070164258736,5.175718497875113,0.3199209541577781,12.580842018127445,-27.433856964111328,53.796875,33.75315176241857,53.47695404584222,63.23812036990015
seq10,test,1,1788536992.697431,3.8817296952236835,5.155642926054565,0.3199010370907296,12.582497596740726,-27.438159942626953,53.75114440917969,33.73513520824455,53.43124337208896,63.18984978464454
seq10,test,2,1788536992.877278,3.8935609308928143,5.136813600359766,0.3199190455668799,12.583746910095213,-27.440765380859382,53.70503616333008,33.71673152354329,53.3851171177632,63.14102243635267
seq10,test,3,1788536993.051386,3.9047692799181903,5.119157342682647,0.31991671984234493,12.584589958190918,-27.44166946411132,53.6585693359375,33.69787425564116,53.33865261609515,63.09166816822549
seq10,test,4,1788536993.232213,3.915364436623808,5.102716770703624,0.3199227420882096,12.585023880004883,-27.440868854522705,53.61174011230468,33.67859795494231,53.29181737021647,63.04177788444065
seq10,test,5,1788536993.405594,3.9253402124205508,5.087480907429635,0.3199266775407439,12.58504867553711,-27.438366413116448,53.56456756591796,33.65889621757742,53.24464088837722,62.99137304359938
seq10,test,6,1788536993.591114,3.934690274656602,5.073437791492611,0.3199160640563006,12.58466053009033,-27.434154987335205,53.517070770263665,33.638751072148715,53.197154706207364,62.94047062526739
seq10,test,7,1788536993.776219,3.9434136884492106,5.060591177201546,0.31989042119295075,12.583862304687502,-27.428234100341804,53.469242095947266,33.61816652056733,53.149351674754314,62.889066646367894
seq10,test,8,1788536993.9640021,3.951528948857583,5.0490141870465335,0.3199048541077747,12.582648277282718,-27.420608520507812,53.421112060546875,33.597211485961786,53.1012072064391,62.837177104112676
seq10,test,9,1788536994.1537113,3.95902314022867,5.038666835388639,0.319922801773854,12.58102035522461,-27.411274433135986,53.372684478759766,33.575847335638386,53.05276167698591,62.78481540835459
seq10,test,10,1788536994.3355112,3.9658810669110953,5.029507247431453,0.319915229373698,12.578974723815918,-27.400230884552002,53.32397460937499,33.55403548981308,53.004059380001294,62.73199828166116
seq10,test,11,1788536994.53042,3.972119715786872,5.021597633452353,0.3199244116840505,12.576513290405275,-27.387482166290283,53.2749900817871,33.53183624934699,52.95506567010305,62.678728627644865
seq10,test,12,1788536994.706716,3.977723022014069,5.014888730103962,0.3199135596729097,12.573500943631583,-27.37350085873641,53.22547743636125,33.50962814231561,52.90556387668834,62.62502588699362
seq10,test,13,1788536994.8920763,3.9827040063969408,5.009428911306212,0.3199162425773232,12.570341110229489,-27.356865406036377,53.17625427246094,33.48618399973285,52.85633802988362,62.570895700743215
seq10,test,14,1788536995.068438,3.9870579592840145,5.005206917792179,0.3199242922894332,12.56662368774414,-27.339004516601555,53.12652587890625,33.462769780783745,52.806601586616814,62.51635092141427
seq10,test,15,1788536995.2442682,3.9907667673930196,5.002163665323054,0.3198922697212505,12.562487602233885,-27.31943941116333,53.07657241821288,33.43890583593277,52.75668014849163,62.46140987677615
seq10,test,16,1788536995.426176,3.9938629462469377,5.000413740054764,0.3199052102815585,12.55793190002441,-27.298171997070312,53.02640914916992,33.41469613304115,52.70650393888836,62.40606921705235
seq10,test,17,1788536995.601855,3.99632109429643,4.999873227624588,0.3199007383178607,12.552953720092777,-27.275211334228516,52.97604751586913,33.39007405453919,52.65614677755127,62.35035556295276
seq10,test,18,1788536995.781419,3.9981506979237937,5.000574302941427,0.31990151322749205,12.547553062438965,-27.250557422637932,52.92549514770508,33.365068235672,52.605593634477586,62.294271486283854
seq10,test,19,1788536995.958393,3.999350670162942,5.002514547605846,0.31990628377874497,12.54173278808594,-27.22420883178711,52.874778747558594,33.33967594354395,52.55487246377985,62.23783906679833
seq10,test,20,1788536996.134071,3.999916980526834,5.005681417081995,0.31990652196934155,12.535488128662113,-27.196178436279297,52.823894500732415,33.313897292877655,52.50398797876307,62.18106228197214
seq10,test,21,1788536996.313587,3.9998413515159683,5.01004320917652,0.31988087999043757,12.528820991516117,-27.166466236114502,52.77286148071289,33.28770424319526,52.452980600722455,62.12396017385085
seq10,test,22,1788536996.492553,3.999157293646062,5.0157194035547885,0.31991367826832495,12.521728515624998,-27.135071277618408,52.72169494628906,33.26120204770593,52.401781268020734,62.0665307691658
seq10,test,23,1788536996.6790612,3.9978275516715414,5.022575263863301,0.3199123077098147,12.514213562011717,-27.10200500488282,52.67039489746093,33.23428182043702,52.35048258975112,62.00879385619483
seq10,test,24,1788536996.8579981,3.995864021053221,5.030648337530276,0.31990061878741516,12.506274223327637,-27.067268848419182,52.61899185180664,33.20697772286791,52.299091233019226,61.950773306607836
seq10,test,25,1788536997.032416,3.9932689931509984,5.039945132615473,0.31988946765562654,12.49782933624255,-27.03117333736073,52.56731500154028,33.17957483971931,52.24742553388465,61.892468535867565
seq10,test,26,1788536997.217642,3.990057955070796,5.050521723807093,0.3199180916880229,12.489125251770018,-26.99280929565429,52.51590347290039,33.151307783202135,52.19598538121237,61.8338911734684
seq10,test,27,1788536997.4025402,3.9862068337386742,5.062281770174408,0.3199188070117316,12.479914665222166,-26.9530987739563,52.464237213134766,33.122917506042654,52.144318406123034,61.77505650463825
seq10,test,28,1788536997.589982,3.9817150090459186,5.075217571159641,0.3198886327056425,12.470280647277834,-26.9117431640625,52.412513732910156,33.094129444226425,52.092625100204515,61.71598653105752
seq10,test,29,1788536997.7664483,3.9766122023112365,5.089434916884298,0.3199063438394467,12.460222244262694,-26.8687481880188,52.36074447631836,33.06504357641788,52.04083813247891,61.65667798577283
seq10,test,30,1788536997.9501812,3.9708664036663435,5.104805909656955,0.3198838619482258,12.449741363525389,-26.824120044708252,52.30894088745117,33.03555105010753,51.989057025502944,61.59715645697663
seq10,test,31,1788536998.1263971,3.9645157954679133,5.121471930602191,0.31992238399051787,12.438838005065916,-26.77786684036255,52.25711441040039,33.005786628057514,51.937192026409875,61.53741842590598
seq10,test,32,1788536998.303014,3.957523057698915,5.13927995858482,0.31991731567386017,12.427509307861326,-26.72999620437622,52.20528030395508,32.97561872397571,51.885362988281216,61.4774944402805
seq10,test,33,1788536998.477344,3.949904391017805,5.158281826966925,0.3199087295573735,12.415759086608883,-26.68051528930664,52.153446197509766,32.94510126768609,51.83353746795239,61.417386007381616
seq10,test,34,1788536998.6479902,3.9416697408122183,5.1785100192228795,0.3199223246444063,12.40358829498291,-26.629436492919915,52.10163116455078,32.91427542779508,51.78170883990637,61.35710959063826
seq10,test,35,1788536998.8327081,3.93280726853186,5.199905689993476,0.31992011825791256,12.390995979309082,-26.576766967773438,52.04984664916992,32.8830941589442,51.72992653091201,61.29668164231686
seq10,test,36,1788536999.011378,3.923325326453923,5.222492911145345,0.3199231593686054,12.377983093261719,-26.52251052856446,51.99810028076171,32.85158263068966,51.678177121393105,61.236104317070236
seq10,test,37,1788536999.18852,3.9132186497821935,5.246235901563857,0.3199093253556988,12.36454772949219,-26.466678619384773,51.9464111328125,32.8197183203413,51.626501807456805,61.175400280683796
seq10,test,38,1788536999.361361,3.9024983538921876,5.27116885140842,0.3199089677719087,12.350697517395021,-26.40928316116333,51.894790649414055,32.78754502592518,51.57488168164215,61.11457706065271
seq10,test,39,1788536999.5401082,3.891156721411362,5.297249094321545,0.31989382150844925,12.336427688598633,-26.350337982177734,51.8432502746582,32.75503578801007,51.52335645314975,61.05365369633621
seq10,test,40,1788536999.7139611,3.8792133722411233,5.32454328396817,0.3199168387180833,12.32174015045166,-26.289840698242188,51.79180145263672,32.72224828729592,51.47188461391863,60.99262610089841
seq10,test,41,1788536999.8905842,3.8666486045909076,5.35295397497491,0.31991373772460374,12.30663585662842,-26.227810382843018,51.74045944213867,32.68911228893465,51.42054570441407,60.93152371948624
seq10,test,42,1788537000.0644531,3.853466928387742,5.3824814256980025,0.3198895868262799,12.291115760803226,-26.164257526397705,51.689231872558594,32.65563743568382,51.369342285732316,60.8703538941541
seq10,test,43,1788537000.2370462,3.8396921115969964,5.413217025420987,0.31991433432200034,12.275182723999023,-26.099194049835205,51.63813781738281,32.621918301164506,51.31822348306081,60.809124439554516
seq10,test,44,1788537000.4174712,3.8252978251889127,5.445024977404992,0.31989704121875295,12.258837699890135,-26.032627105712884,51.58719253540038,32.58783784610434,51.26729549418163,60.747862207420326
seq10,test,45,1788537000.5971022,3.8103095976104564,5.478004144248764,0.31991332087332736,12.242079734802244,-25.9645733833313,51.53639602661133,32.5535010286808,51.216482705738,60.686559714416845
seq10,test,46,1788537000.7705722,3.794716144707444,5.512083171675614,0.3199176735447391,12.224914550781248,-25.895038604736328,51.48576354980468,32.51884904857702,51.165845876259944,60.625236722649795
seq10,test,47,1788537000.946242,3.7785157880478213,5.547230387643501,0.3198956704482079,12.207338333129883,-25.82404375076294,51.435325622558594,32.4838712373315,51.11542995211039,60.56392548169774
seq10,test,48,1788537001.1177082,3.7617315340882658,5.583541280747512,0.31991767347050093,12.189354896545408,-25.751594543457024,51.38507843017578,32.44866056805396,51.06516075670528,60.50261329702158
seq10,test,49,1788537001.298197,3.7443379594302244,5.620862794442227,0.31988529269216137,12.170966148376463,-25.677703857421875,51.33502960205078,32.41308897800275,51.01514430935862,60.441321014688356
seq10,test,50,1788537001.470939,3.726369620991372,5.6593499973926935,0.3199130226192177,12.152174949645996,-25.6023907661438,51.28520202636719,32.37731661214289,50.96528900374797,60.380057256005465
seq10,test,51,1788537001.641318,3.707805946535279,5.698872883973013,0.31991534795029586,12.132980346679691,-25.525661468505852,51.23561096191406,32.34122924692229,50.91569561396377,60.318845886304814
seq10,test,52,1788537001.8292964,3.6886548367492793,5.73944680205052,0.31991206909414105,12.113388061523434,-25.44753646850586,51.18625259399414,32.30486117330605,50.8663405249,60.25768543365784
seq10,test,53,1788537002.006443,3.6689190874548334,5.7810588306236195,0.31989680231343853,12.09339618682861,-25.368022918701172,51.13715744018555,32.26820584141598,50.81726063787211,60.19660361649499
seq10,test,54,1788537002.178366,3.64860714503062,5.823729676013029,0.3198942372943412,12.073007583618164,-25.28714370727539,51.088325500488274,32.23130412224547,50.76843126319393,60.13560158796389
seq10,test,55,1788537002.35719,3.627716597471413,5.867417029502398,0.3198852340970375,12.052224159240723,-25.20490264892579,51.03977584838867,32.194120237346816,50.719890614291636,60.074692523411656
seq10,test,56,1788537002.53204,3.606259708175085,5.912159518502484,0.31989936732589275,12.031051635742188,-25.121323108673096,50.99151611328125,32.156712565092974,50.671616745955355,60.01388928109052
seq10,test,57,1788537002.7115371,3.5842273431514804,5.957876639633251,0.3198892286308679,12.00948715209961,-25.036419391632073,50.94355773925781,32.119019121417544,50.62366851062694,59.953208444551386
seq10,test,58,1788537002.897262,3.561639110824706,6.004657227625973,0.3199266775450045,11.987533569335938,-24.95020294189453,50.89591598510742,32.08113254766012,50.575989307562416,59.8926519698302
seq10,test,59,1788537003.0712042,3.5384769255411688,6.052346292433589,0.3199087293758913,11.965199470520018,-24.862690210342407,50.8485984802246,32.04292643966882,50.52868975084871,59.83224567702228
seq10,test,60,1788537003.2502942,3.5147593971686772,6.101032590938116,0.3199071782785676,11.942480087280273,-24.77389955520629,50.8016242980957,32.00449829413916,50.481717119817134,59.771997410365955
seq10,test,61,1788537003.423847,3.49048504986329,6.150668093744606,0.3198963245976496,11.919382095336914,-24.68384933471679,50.75499725341796,31.965821911054995,50.43510092882031,59.71191820859195
seq10,test,62,1788537003.5929332,3.4656662114776307,6.201302157297068,0.31992119160113486,11.895905494689943,-24.592548847198486,50.7087287902832,31.926950904514637,50.38880759868207,59.65200856028477
seq10,test,63,1788537003.762217,3.440292362894509,6.252818734386252,0.31990550864580447,11.872055053710938,-24.5000193119049,50.662841796875,31.887798136209664,50.3429362882292,59.59230574576185
seq10,test,64,1788537003.9319582,3.41437763919727,6.305273446930383,0.3199020508923711,11.847831726074219,-24.40627694129944,50.61732864379883,31.848429711435394,50.297426592906454,59.53279429821058
seq10,test,65,1788537004.103185,3.3879279624002496,6.3586749129190485,0.3199212512263181,11.823242187500002,-24.311336755752563,50.57221603393555,31.808868917844645,50.25229478270923,59.47350059279282
seq10,test,66,1788537004.265964,3.360939215990152,6.412943268810603,0.31991952231433496,11.798285484313965,-24.21522164344787,50.527507781982415,31.769061961979595,50.20758825966808,59.414436097605595
seq10,test,67,1788537004.4310842,3.3334198188731397,6.468093518509408,0.31991475179974427,11.772966384887694,-24.117943286895752,50.48322296142578,31.72903392323074,50.16330820962604,59.35561543978348
seq10,test,68,1788537004.587351,3.3053722751329664,6.524105065456911,0.3199026467678714,11.747250889532259,-24.01982586523775,50.43918881671217,31.68906800837314,50.119286169944296,59.29704779686816
seq10,test,69,1788537004.75237,3.276804826327704,6.5809891921990475,0.3199023493021871,11.7212495803833,-23.91997933387757,50.39594268798828,31.64834479452304,50.07604033868609,59.23873347932694
seq10,test,70,1788537004.9184892,3.2477222437580506,6.638738286822678,0.31991606390178084,11.694860458374023,-23.819332361221306,50.35297393798828,31.60772392340303,50.0330578740865,59.18069864279868
seq10,test,71,1788537005.0874271,3.2181238451960796,6.697288681054694,0.31990962346240814,11.668119430541992,-23.71759057044983,50.31045913696288,31.56687037506198,49.990549513500476,59.12294263598276
seq10,test,72,1788537005.2526832,3.1880184962597893,6.756667280225464,0.31991302225218576,11.641035079956055,-23.614780426025398,50.26841735839844,31.525835835672538,49.94850433614625,59.065484088050916
seq10,test,73,1788537005.4172661,3.1574077462300747,6.816827067666319,0.31990467497278297,11.613605499267578,-23.510921716690063,50.22686004638672,31.484593482614738,49.906955371413936,59.0083368788666
seq10,test,74,1788537005.581043,3.12630097839865,6.877794834752453,0.3199099217890016,11.585837364196777,-23.40603303909301,50.18579483032226,31.44318664759254,49.86588490853326,58.95150943162038
seq10,test,75,1788537005.7459562,3.094699813785522,6.939527982650797,0.31991254543488723,11.557734489440918,-23.300133228302002,50.145233154296875,31.401593368403283,49.825320608861986,58.89501370956998
seq10,test,76,1788537005.919955,3.0626076211942594,7.001988354251009,0.3198965649189238,11.529296875,-23.19323754310608,50.10517883300781,31.359791037456446,49.78528226808889,58.83885471715285
seq10,test,77,1788537006.091569,3.030036206536979,7.06523625785795,0.31991165073264094,11.500532150268555,-23.08537292480468,50.06565475463867,31.317862883958625,49.74574310390603,58.783054467918284
seq10,test,78,1788537006.2663572,2.9969821655428874,7.129163806664647,0.3198981148977562,11.471445083618162,-22.97655487060547,50.026649475097656,31.27572251483191,49.7067513601999,58.72760806988054
seq10,test,79,1788537006.4470751,2.9634555613460654,7.193802586163723,0.31988571048843806,11.442035675048826,-22.866802453994744,49.98819351196288,31.23341633771235,49.66830780147445,58.67254124364211
seq10,test,80,1788537006.625757,2.9294630631150307,7.25916292747895,0.31989364100800377,11.412311553955076,-22.75613832473755,49.950286865234375,31.190976704487095,49.630393224226374,58.617855294877444
seq10,test,81,1788537006.811431,2.895009662020504,7.325232994642348,0.3199250078201019,11.382275581359863,-22.644584894180298,49.91294479370117,31.1484135563077,49.59301978588107,58.563566135931005
seq10,test,82,1788537006.99582,2.8600956252509553,7.391908419779325,0.31991928407416004,11.3519287109375,-22.532161951065063,49.87616729736328,31.10564605846353,49.55624801328912,58.509682394190364
seq10,test,83,1788537007.1735241,2.8247308198418835,7.4592343745459555,0.31991683891918576,11.321281433105469,-22.418884754180908,49.8399658203125,31.062732896416954,49.520048981393316,58.456211185072
seq10,test,84,1788537007.352274,2.7889188991097242,7.527171446352195,0.31990336168917355,11.290331840515138,-22.304779529571533,49.80435562133789,31.01966023395827,49.48445225964872,58.40317060286766
seq10,test,85,1788537007.540846,2.7526694629389397,7.595775765683167,0.3199315668368834,11.259089469909668,-22.189869165420532,49.769336700439446,30.976504407320967,49.44940513360256,58.35055692419683
seq10,test,86,1788537007.7247262,2.715982149046861,7.66491211386813,0.31991630277792726,11.227558135986328,-22.074169635772705,49.73492431640625,30.933152265704596,49.415008013628324,58.29839557037755
seq10,test,87,1788537007.901215,2.678866660741712,7.734622117677242,0.31989751827465396,11.195739746093748,-21.957706689834595,49.701126098632805,30.88966683480725,49.381228580358155,58.24669306725466
seq10,test,88,1788537008.082698,2.6413291908919,7.804928328784648,0.31990723891707495,11.163640022277832,-21.84049820899963,49.667949676513665,30.84608721562465,49.34804243759659,58.195449898911825
seq10,test,89,1788537008.2652922,2.6033742620942455,7.8757739241220674,0.3199139167279179,11.13126468658447,-21.722568750381466,49.63540267944336,30.802383092375322,49.31548876271544,58.14468364412143
seq10,test,90,1788537008.4372313,2.565008144822263,7.947127689957086,0.319909444534769,11.098617553710936,-21.603939294815063,49.60349655151367,30.75854433294859,49.2835871069789,58.09440599242874
seq10,test,91,1788537008.6291292,2.5262372185226782,8.019017214788526,0.31992673712133257,11.065708160400389,-21.48463225364685,49.57222366333008,30.714620230819733,49.25229692620874,58.04460912462855
seq10,test,92,1788537008.812552,2.4870667175817145,8.091313635232455,0.319886247297956,11.032533645629883,-21.36467206478119,49.54161834716796,30.67050861296195,49.22173209987,57.99533610118271
seq10,test,93,1788537009.0001101,2.447504283976459,8.164194669918505,0.3199248887402104,10.999101638793945,-21.244075894355774,49.51166915893554,30.626397027735443,49.19174427019533,57.94656071972501
seq10,test,94,1788537009.1844323,2.407554774373671,8.237469251100164,0.31992220563276463,10.96541976928711,-21.1228677034378,49.48238754272461,30.582126141836056,49.162465337091845,57.89831117896211
seq10,test,95,1788537009.353947,2.3672254465343325,8.311152001430928,0.3199007984806852,10.93149185180664,-21.00107228755951,49.45378494262695,30.537733246404468,49.133884144146265,57.85059829352627
seq10,test,96,1788537009.5283332,2.326522162873963,8.38529773538366,0.31991075638220656,10.897323608398438,-20.878709554672238,49.42585754394531,30.493290411024013,49.105946787563106,57.80341486446997
seq10,test,97,1788537009.708998,2.285451614242276,8.459824333576321,0.3199095635441547,10.862916946411133,-20.755802154541016,49.39862823486328,30.44873958996894,49.07871867131912,57.756786346162215
seq10,test,98,1788537009.886135,2.2440204739746616,8.534703851229665,0.3198900043930013,10.828283309936522,-20.632376313209534,49.37208557128906,30.40408087339097,49.05219556689606,57.71070978326914
seq10,test,99,1788537010.0642292,2.202234789581755,8.609976877183428,0.3198919716547728,10.793424606323242,-20.50845372676849,49.346248626708984,30.35937323635727,49.026356655054215,57.665199125408606
seq10,test,100,1788537010.24286,2.1600999068277447,8.68562684781491,0.31991844886153076,10.758346557617188,-20.38405454158783,49.32112503051758,30.31462059055333,49.00120658165605,57.62026091582137
seq10,test,101,1788537010.413863,2.1176254010022584,8.761556615192745,0.3199130225484479,10.72305679321289,-20.2592031955719,49.2967185974121,30.269753045575655,48.976805574863654,57.57591018610242
seq10,test,102,1788537010.5893002,2.0748166785017954,8.837784362834611,0.31990276616410007,10.687556266784666,-20.133921146392822,49.27302551269531,30.224807746766135,48.953122746531214,57.53214084288821
seq10,test,103,1788537010.7696033,2.031679876785134,8.914321504498137,0.31990765558522805,10.65185546875,-20.00823628902436,49.25006103515625,30.179823998094417,48.930153379571024,57.48897012735836
seq10,test,104,1788537010.957672,1.9882221081076752,8.991116303861206,0.3199064029963494,10.615957260131838,-19.882172107696533,49.22783279418945,30.134773892472925,48.9079263911931,57.44640860346998
seq10,test,105,1788537011.14837,1.9444504021374407,9.068164262775579,0.3199071781477998,10.579870223999023,-19.755742847919464,49.20634078979492,30.089667605770856,48.88643361164712,57.40445529653389
seq10,test,106,1788537011.3230941,1.9003713284815449,9.145446618210178,0.31991206846135767,10.543598175048826,-19.62898081541061,49.18559646606445,30.04451771045643,48.8656843976031,57.363125403869695
seq10,test,107,1788537011.499809,1.855994838372322,9.222897587312753,0.3198872016647569,10.507145881652834,-19.501909017562866,49.165596008300774,29.99928213909725,48.84570880663602,57.32242316653962
seq10,test,108,1788537011.6784222,1.811323171210923,9.300575291957633,0.3198865459886948,10.470521926879883,-19.3745459318161,49.14634704589844,29.9540364606892,48.82646049990974,57.2823493341321
seq10,test,109,1788537011.8508832,1.766363550182284,9.37845417743335,0.3199059266833668,10.433734893798828,-19.24691754579544,49.12786102294922,29.90878185919934,48.80795509626585,57.2429184526809
seq10,test,110,1788537012.026332,1.7211258917569132,9.456469226170407,0.31991421550788224,10.396781921386719,-19.11904913187027,49.11014175415039,29.86347697397561,48.79022753864251,57.20413936287899
seq10,test,111,1788537012.197909,1.6756174414290619,9.53460692486611,0.3199125454316947,10.359682083129883,-18.990962892770767,49.093181610107415,29.8181339476855,48.77326906467572,57.166011644834626
seq10,test,112,1788537012.366473,1.6298433580264842,9.61286839392353,0.31991862759894185,10.322428703308105,-18.86268055438995,49.07699584960937,29.77277158567542,48.75707722201042,57.128543716130984
seq10,test,113,1788537012.5449102,1.5838149704469437,9.691193259513694,0.3199018709905024,10.285036087036133,-18.734230577945706,49.06158447265625,29.72736061709789,48.74168260166575,57.09174714527931
seq10,test,114,1788537012.7262812,1.5375349735633983,9.769611264889017,0.31989686164305065,10.247511863708496,-18.6056295633316,49.04695510864258,29.68194719836251,48.727058246999526,57.05562369208547
seq10,test,115,1788537012.899538,1.4910105727240766,9.84810416820872,0.31990461447792895,10.209856033325195,-18.47690780460834,49.03310775756836,29.63654111778354,48.71320314309043,57.02017826950448
seq10,test,116,1788537013.08038,1.4442494640115553,9.92664536093109,0.3199203568680786,10.172080039978026,-18.348085463047024,49.02004623413086,29.59113768903104,48.70012587726278,56.98541646941288
seq10,test,117,1788537013.2574563,1.397263589811359,10.005171756528675,0.3199126645375734,10.134186744689941,-18.219186881557103,49.00777053833007,29.545697601267445,48.687857873792495,56.951345472114696
seq10,test,118,1788537013.4297223,1.3500575865493747,10.083691256171706,0.31990228963756917,10.096186637878418,-18.090237259864807,48.99629592895508,29.500254599057907,48.67639363931751,56.91797887433309
seq10,test,119,1788537013.5984552,1.3026344634335576,10.162228989490863,0.31991665977346995,10.058085441589355,-17.96125610172748,48.98561096191406,29.454852495079137,48.665694302140594,56.88530686755825
seq10,test,120,1788537013.775771,1.255015199877067,10.240643459936697,0.31987360350499294,10.019887924194336,-17.832271680235863,48.97572326660156,29.40937874795744,48.65584966309657,56.853348756064186
seq10,test,121,1788537013.9485452,1.207182632519501,10.319123401313906,0.31991958177462676,9.981603622436522,-17.70330461859703,48.96664047241211,29.364041544708826,48.64672089063748,56.82209419980023
seq10,test,122,1788537014.1262202,1.1591725994929334,10.397419282579637,0.3198908991701377,9.94323444366455,-17.574378967285156,48.95835876464844,29.31861592595003,48.6384678654783,56.79156448025125
seq10,test,123,1788537014.2891421,1.1109710575426948,10.475682280378324,0.31990789481212767,9.904794692993164,-17.44552055001259,48.95087814331055,29.273279652735134,48.63097024849842,56.761749170877174
seq10,test,124,1788537014.455522,1.0626001147199704,10.553783036105749,0.31989244909127823,9.866321580762497,-17.3170119824406,48.94404890808959,29.228183772131413,48.624156458998314,56.73266535221691
seq10,test,125,1788537014.615433,1.0140541012757829,10.631799474922651,0.3199161237619996,9.827714920043945,-17.188093721866608,48.938343048095696,29.182650231071378,48.6184269243337,56.70430769444087
seq10,test,126,1788537014.782016,0.9653509290339356,10.709638734706795,0.31992256316179835,9.789091110229492,-17.059572637081146,48.93329620361328,29.137389913928146,48.613373640451485,56.6766935141988
seq10,test,127,1788537014.9435532,0.9165001767514344,10.787269790406352,0.31990562811512024,9.750419616699217,-16.931209623813626,48.92905044555663,29.092133536542555,48.60914481744151,56.64981194665191
seq10,test,128,1788537015.1118302,0.8675018728062628,10.864725867351304,0.31990360107455307,9.711738186440915,-16.80320141859796,48.925514201586665,29.04711201259068,48.605610600512115,56.62367082873209
seq10,test,129,1788537015.282721,0.8183632908937344,10.941988057691614,0.3199157061602671,9.672968864440918,-16.675058841705322,48.92300033569336,29.001815793266854,48.60308462953309,56.598278726584425
seq10,test,130,1788537015.4489372,0.7690973238448763,11.019007480491059,0.31991946280465355,9.634201049804688,-16.54731154441833,48.92119598388672,28.956726483756896,48.60127652108206,56.57363421359627
seq10,test,131,1788537015.6215162,0.7197127844357806,11.095757015927575,0.3199100409912532,9.595417022705078,-16.419821143150322,48.92020797729492,28.911678732885022,48.60029793630367,56.54974912986828
seq10,test,132,1788537015.7945633,0.6702105438538761,11.172260776190097,0.3199189261163382,9.556649674160493,-16.292770090870633,48.91993322728888,28.86687930735228,48.60001430117254,56.52661418322717
seq10,test,133,1788537015.970395,0.6206051416800132,11.24845862211104,0.31991576578126235,9.517822265624998,-16.16568624973297,48.92066955566406,28.821794038627626,48.6007537898828,56.50423949182821
seq10,test,134,1788537016.1504033,0.5708996141218711,11.324361249556354,0.3199212514279115,9.479025840759276,-16.039089560508728,48.922122955322266,28.776955243815433,48.60220170389435,56.48262709515721
seq10,test,135,1788537016.335217,0.5211092894872155,11.399908355733656,0.31990586668171717,9.44024181365967,-15.912836194038388,48.92438888549805,28.732158634966034,48.60448301881633,56.4617809615607
seq10,test,136,1788537016.5072641,0.4712310449542806,11.475139748811477,0.31991320192978545,9.401476860046387,-15.786948919296261,48.92747116088867,28.68746710439488,48.607557958958886,56.44169965193541
seq10,test,137,1788537016.6770911,0.42127918282377697,11.550003227618049,0.3199156458694594,9.362736701965334,-15.661451339721687,48.93135452270507,28.64285115411885,48.611438876835614,56.42237953076184
seq10,test,138,1788537016.8530061,0.371267536584485,11.624448348497294,0.31989501426286826,9.324030876159668,-15.536367893218994,48.93606185913085,28.598285094227606,48.61616684486798,56.40384374330141
seq10,test,139,1788537017.02185,0.321184562628919,11.69855880601917,0.3199192834943667,9.285368919372559,-15.41171646118164,48.94157791137695,28.55387235113808,48.62165862788259,56.38607375914231
seq10,test,140,1788537017.19944,0.27105995290801344,11.772203830100054,0.31991111395160554,9.246749877929688,-15.287521243095398,48.94789886474609,28.509502462636178,48.62798775079448,56.369077723149566
seq10,test,141,1788537017.3732212,0.22089741522258324,11.845387910058236,0.3198867835096595,9.20819091796875,-15.163805365562439,48.95502853393554,28.465206233300623,48.63514175042588,56.352861320330085
seq10,test,142,1788537017.555519,0.17068322502045033,11.91819723533583,0.31992119213653947,9.169694900512695,-15.040590882301327,48.96296310424805,28.42109195487218,48.64304191211151,56.337412031178154
seq10,test,143,1788537017.741192,0.12045097036757456,11.990490754293132,0.31992363671158497,9.131266593933104,-14.917898774147034,48.97169876098633,28.377036935102318,48.65177512427474,56.32274361178759
seq10,test,144,1788537017.9268303,0.07020946078123555,12.062249247528152,0.3198928660401954,9.092922210693358,-14.795749425888062,48.98123931884765,28.333044984763884,48.66134645280745,56.308863216271824
seq10,test,145,1788537018.103362,0.019944191316713267,12.133554999278804,0.31990622533759283,9.054660797119139,-14.674168348312378,48.991580963134766,28.28922295200325,48.671674737797176,56.29575523083487
seq10,test,146,1788537018.277694,-0.03032111160251647,12.204321617083883,0.3199065222382145,9.016491889953613,-14.553171873092651,49.00271987915039,28.245500232107144,48.68281335691218,56.28343095179887
seq10,test,147,1788537018.457303,-0.0805762442945154,12.274520268558017,0.31989215114745195,8.978427886962892,-14.432787418365479,49.01464843749999,28.201876528595427,48.69475628635254,56.27188578252387
seq10,test,148,1788537018.630726,-0.13082986910639788,12.344206991112127,0.319912724594857,8.940470695495605,-14.313030242919922,49.027366638183594,28.15842308945608,48.707453913588736,56.26111319223237
seq10,test,149,1788537018.819703,-0.18105603915967905,12.413284204099885,0.3199121884224214,8.902633666992188,-14.193926572799683,49.04087448120117,28.115068628833363,48.72096229277875,56.25112666194677
seq10,test,150,1788537018.992515,-0.23125629218890772,12.4817788771878,0.31991844888279086,8.864916801452637,-14.075493335723877,49.05516815185547,28.071855520078806,48.73524970297268,56.24192062822249
seq10,test,151,1788537019.174257,-0.28141334880535857,12.549632565226826,0.3199044349007967,8.827333450317381,-13.957752704620358,49.07024002075195,28.02874849319249,48.750335585851154,56.23349501700695
seq10,test,152,1788537019.355678,-0.33152893636654773,12.616870407176908,0.3199006187811708,8.789892196655273,-13.840725183486938,49.08609390258789,27.985794395104314,48.76619328380672,56.2258507745205
seq10,test,153,1788537019.5285542,-0.3815924815988727,12.683462803152004,0.3198973384784929,8.75259780883789,-13.724432468414307,49.10271453857422,27.942984180933923,48.78281720009573,56.21897916997319
seq10,test,154,1788537019.706193,-0.43160550718840857,12.749432655596372,0.3199230999162843,8.715456008911133,-13.608890533447262,49.12010955810547,27.9003572686334,48.80018645818919,56.212882278632684
seq10,test,155,1788537019.87874,-0.48153835671238987,12.814675953219892,0.3199126645225827,8.678481101989746,-13.494127273559567,49.13827133178711,27.85783702495948,48.818358667264526,56.20757268086645
seq10,test,156,1788537020.057343,-0.5313977860705517,12.879234637398387,0.3199112341060881,8.641674995422363,-13.38015365600586,49.15718460083008,27.81547658765426,48.83727336672399,56.203024898082404
seq10,test,157,1788537020.227624,-0.5811774501187418,12.943099170104572,0.319919879778813,8.605048179626465,-13.266994953155518,49.176860809326165,27.773292481640357,48.85694092954735,56.19925668782479
seq10,test,158,1788537020.397741,-0.6308549159600183,13.00619747297357,0.3199012164083661,8.568605422973631,-13.154669046401978,49.19728469848633,27.731228021351622,48.87738348207796,56.196259872221965
seq10,test,159,1788537020.580209,-0.6804446841349763,13.068599623968206,0.31991487174316524,8.532361030578612,-13.04319453239441,49.21845626831055,27.689376721069618,48.89854139656738,56.194029343989264
seq10,test,160,1788537020.7559931,-0.7299214356494174,13.130224432366555,0.31991165103066477,8.496313095092773,-12.932590484619137,49.24036407470703,27.647671240328933,48.920452423676366,56.19256525867541
seq10,test,161,1788537020.9360971,-0.7792744715633096,13.1910443771792,0.31988732062965486,8.46047592163086,-12.822878122329712,49.26301193237305,27.606107134816884,48.94312461174339,56.19187305918561
seq10,test,162,1788537021.10021,-0.8285243483052085,13.251150559673272,0.3199156461103254,8.424856185913086,-12.714073419570923,49.28639221191406,27.564794713608293,48.96647656580374,56.19193656453543
seq10,test,163,1788537021.27846,-0.8776176166883548,13.310360163371834,0.31987634679657573,8.389460563659668,-12.606196165084839,49.31049346923828,27.523564993051863,48.990617122441705,56.19276818207507
seq10,test,164,1788537021.4506602,-0.9265971194046939,13.368844078672776,0.31990228940424337,8.354296684265137,-12.499261856079102,49.33530807495117,27.482610764746177,49.01540578554693,56.19434045140462
seq10,test,165,1788537021.623414,-0.9754207596401856,13.426461894582797,0.3199027661468079,8.319372177124023,-12.393293142318722,49.36083984375,27.44180981464093,49.04093707760319,56.196676372827945
seq10,test,166,1788537021.7935302,-1.024091923247288,13.483238721874098,0.3199072381652557,8.284697532653809,-12.288305759429932,49.38706970214844,27.401205558991883,49.06716246398318,56.19975532289306
seq10,test,167,1788537021.967432,-1.0726015383601346,13.539157600147044,0.31991272472237076,8.250275611877441,-12.184314966201782,49.41400909423828,27.360794565036347,49.09409636951591,56.20358865383453
seq10,test,168,1788537022.1391592,-1.1209405435556592,13.594198272281725,0.31991337987746427,8.21611785888672,-12.08134126663208,49.441631317138665,27.320578145876524,49.1217179372612,56.20815922384218
seq10,test,169,1788537022.3138812,-1.169098452810536,13.648338071436374,0.3199055688204395,8.182229042053223,-11.979399204254154,49.46994400024413,27.28054698476577,49.150038431423695,56.213472776536754
seq10,test,170,1788537022.491425,-1.217069305108968,13.701568835678998,0.319890779535148,8.14862060546875,-11.8785080909729,49.49893569946289,27.24071370347198,49.17904491992774,56.21952456496583
seq10,test,171,1788537022.659761,-1.2648606395713617,13.753930890501211,0.3199074169152243,8.115295410156252,-11.778683185577393,49.52859878540039,27.201134334347323,49.20869136848517,56.226301810398624
seq10,test,172,1788537022.838169,-1.3124438116678496,13.805338144702016,0.31990455537701323,8.082262992858885,-11.679940938949585,49.55892562866211,27.161737166732003,49.239021073285095,56.233807999903796
seq10,test,173,1788537023.015351,-1.359813920472983,13.855785468285283,0.3198864860834787,8.04953098297119,-11.58229660987854,49.589900970458984,27.12253290766499,49.27001448437551,56.24203160108944
seq10,test,174,1788537023.194466,-1.4069903133883566,13.905353306219558,0.3199195818507601,8.017108917236326,-11.485767126083374,49.62153244018555,27.083623153418234,49.301612858334785,56.250970423180206
seq10,test,175,1788537023.377078,-1.4539285984388082,13.95390231696962,0.31991355927061416,7.984999656677245,-11.390369892120365,49.65380859375,27.04487937509944,49.33389503447938,56.260631881331626
seq10,test,176,1788537023.564047,-1.5006325206976483,14.00146117631698,0.31989578831175214,7.9532151222229,-11.296116352081295,49.68671417236328,27.006344885246428,49.36681838405153,56.27099982606319
seq10,test,177,1788537023.761562,-1.5471104828235451,14.048068772716391,0.31990640425820027,7.921760082244872,-11.203023910522457,49.72024154663085,26.96807726693799,49.400335142372654,56.28206022929754
seq10,test,178,1788537023.94375,-1.593339547317538,14.093662659568231,0.31990365984826163,7.890641689300536,-11.111107349395752,49.75439453125,26.930026574463195,49.434490871401735,56.29382931561856
seq10,test,179,1788537024.123475,-1.6393257406026733,14.138275966393332,0.31992399430548146,7.859868049621583,-11.020380020141602,49.78915023803711,26.892241515222285,49.469226243731626,56.30627850308126
seq10,test,180,1788537024.3036702,-1.6850411167009665,14.181826741171339,0.3199144539822585,7.8294458389282235,-10.930859088897705,49.824501037597656,26.85465418933166,49.5045865836154,56.31941534180964
seq10,test,181,1788537024.483016,-1.7304928356539622,14.224356213799695,0.3199104582024861,7.799384593963623,-10.842554092407227,49.86044692993163,26.81731821273256,49.54053647172915,56.33323450708013
seq10,test,182,1788537024.6713953,-1.7756707799158402,14.265839304986827,0.31990556856597285,7.769689559936522,-10.75548410415649,49.896976470947266,26.78022645838847,49.577070902381294,56.34772833417787
seq10,test,183,1788537024.8570592,-1.8205640088434438,14.306257925974668,0.3198913168653099,7.740365982055665,-10.669656753540039,49.93408203125,26.74336733414983,49.61419071438469,56.36289219524321
seq10,test,184,1788537025.037142,-1.8651813680207228,14.345651227807377,0.31990270571513735,7.711425781249999,-10.585090637207031,49.97174835205078,26.706802399977523,49.651845646335644,56.37871114630934
seq10,test,185,1788537025.211945,-1.9095030050940467,14.383967312914727,0.31991290310562315,7.682870864868164,-10.501794815063477,50.00996398925781,26.670485431492395,49.69005108615219,56.39517683362526
seq10,test,186,1788537025.395676,-1.9535115626732114,14.421164742179881,0.319895908428278,7.654709339141847,-10.419785022735596,50.04873275756835,26.634389313838792,49.72883684914007,56.4123028114393
seq10,test,187,1788537025.5749483,-1.9972260109308084,14.457317954089168,0.3199128441466035,7.626953124999998,-10.339071273803707,50.08803176879883,26.598604151001,49.76811892465223,56.43005762959998
seq10,test,188,1788537025.759323,-2.0406146414166035,14.49233802196171,0.3199045552468731,7.59960412979126,-10.259666919708256,50.12786102294922,26.563048894831386,49.80795646770235,56.44845519655728
seq10,test,189,1788537025.9392102,-2.0836786417411117,14.526241318268866,0.3198903027006408,7.572670936584473,-10.181583404541016,50.16820526123047,26.52775319758392,49.848314958529826,56.46747908235954
seq10,test,190,1788537026.112999,-2.126432990241236,14.55909062985985,0.31992214571775013,7.546159267425535,-10.104832172393795,50.20905685424805,26.49279390661926,49.8891347085303,56.48711260937741
seq10,test,191,1788537026.285684,-2.168835831094652,14.590763884562591,0.3199163019294802,7.520075321197509,-10.029423236846927,50.25040054321288,26.4580538439665,49.9304842412834,56.50736119992935
seq10,test,192,1788537026.456115,-2.210898650201762,14.621312141692359,0.31991671936068133,7.494431018829346,-9.955368518829342,50.292236328125,26.42360036546566,49.972319608764316,56.52821758515235
seq10,test,193,1788537026.62666,-2.252609125678482,14.650709854670845,0.31991039927493947,7.4692258834838885,-9.882679462432858,50.33454132080078,26.38941582017217,50.01463092152584,56.549664663430164
seq10,test,194,1788537026.803869,-2.293967625090812,14.678972971061222,0.31991087556757747,7.444469928741456,-9.811365604400635,50.3773193359375,26.355527874255255,50.05740846036992,56.571706632370216
seq10,test,195,1788537026.9780612,-2.334958201330576,14.706063664542008,0.31990079846551,7.420170783996582,-9.741436481475834,50.420547485351555,26.321907318997845,50.100646686886044,56.59432483345038
seq10,test,196,1788537027.155984,-2.375590243318301,14.732024106289678,0.3199125457902987,7.396332740783693,-9.672903060913086,50.46421432495117,26.288608727806277,50.14430177916087,56.617505682988615
seq10,test,197,1788537027.341415,-2.415837779493792,14.75678911453483,0.3199025865049281,7.372963905334473,-9.60577392578125,50.50831985473632,26.255573052559182,50.18841726823139,56.6412600866928
seq10,test,198,1788537027.5174541,-2.455713286349657,14.78040879832756,0.31991499029391135,7.350068092346192,-9.540058135986332,50.55284881591796,26.222861406601563,50.23293382562405,56.66556362623916
seq10,test,199,1788537027.686524,-2.4951974597455835,14.802838110703432,0.3199191045291119,7.327656269073486,-9.47576522827148,50.59778594970703,26.19043786325571,50.27786684517792,56.69041303404394
seq10,test,200,1788537027.862163,-2.5342808026987607,14.82406099292899,0.3199081329889941,7.305727481842039,-9.412903308868408,50.64312362670898,26.15829125930119,50.323215493719985,56.715802200390435
seq10,test,201,1788537028.0387552,-2.572972268694075,14.844119270199943,0.31991475158538574,7.2842965126037615,-9.351478576660156,50.68885803222656,26.1264751352671,50.368943280641176,56.74172318675365
seq10,test,202,1788537028.2163491,-2.611254152876331,14.862972546184604,0.31991570614950837,7.263359069824219,-9.291501998901367,50.73495864868164,26.094954049531086,50.41504294253213,56.76815288297214
seq10,test,203,1788537028.3928132,-2.6491246417948817,14.880628122392624,0.3199172562546113,7.242931842803956,-9.232981204986572,50.78143310546874,26.06374754880738,50.46151584921413,56.795101180369876
seq10,test,204,1788537028.569771,-2.6865749652744007,14.89707480479186,0.31991504943594307,7.223014831542967,-9.175919055938724,50.828262329101555,26.032844703565516,50.508347279665614,56.82254964609793
seq10,test,205,1788537028.7440841,-2.7235984774118123,14.912304051676806,0.31990735789369795,7.203615665435791,-9.120327472686768,50.87543487548828,26.002249107025094,50.555527517594584,56.85049094956041
seq10,test,206,1788537028.9258652,-2.760196949000992,14.926338324806892,0.31991033906760036,7.184738636016846,-9.06620979309082,50.92293167114258,25.971987004844106,50.60302133207498,56.8789053772506
seq10,test,207,1788537029.099862,-2.7963564598695516,14.939146761347724,0.3199080738457907,7.166388988494874,-9.013574600219727,50.97075271606445,25.942034567354114,50.650844642218665,56.9077957793479
seq10,test,208,1788537029.283453,-2.8320757680440702,14.95073908777288,0.3199057470851885,7.148573875427246,-8.962427616119385,51.0188865661621,25.912408400491564,50.698980819076915,56.93715452327237
seq10,test,209,1788537029.452616,-2.867354595942804,14.961134484346259,0.31992292104107656,7.131298542022709,-8.912771224975586,51.067310333251946,25.883130382373338,50.74738741221087,56.9669532936066
seq10,test,210,1788537029.6374762,-2.9021670168081846,14.970259810068583,0.3199050914548318,7.114567756652832,-8.86461591720581,51.116024017333984,25.854134610473373,50.79611892587915,56.99721023338366
seq10,test,211,1788537029.814142,-2.9365264834661664,14.978177319202677,0.31990234869676537,7.098391056060793,-8.817963123321533,51.16500854492187,25.82548876566409,50.8451061962251,57.027894000136904
seq10,test,212,1788537029.9889522,-2.9704260217857126,14.984878150853856,0.3199069402740695,7.082766056060793,-8.772819995880127,51.21425247192383,25.797187679772442,50.89434553164976,57.058998407616315
seq10,test,213,1788537030.168476,-3.003852207737523,14.990334088565726,0.3199013937156283,7.0677051544189435,-8.729187488555908,51.26374435424805,25.769205877301435,50.94384296053242,57.09051678811583
seq10,test,214,1788537030.339324,-3.036809598124658,14.99457840954756,0.3199099221113888,7.053209304809569,-8.687073230743408,51.3134765625,25.741583204489693,50.993566640388615,57.122438188346095
seq10,test,215,1788537030.5135622,-3.0692752862609725,14.99754872457517,0.3198880963778292,7.039283275604248,-8.64647912979126,51.36342239379883,25.71425692834063,51.043534297421,57.15474960971055
seq10,test,216,1788537030.685234,-3.101277880705079,14.999359517597982,0.31991934337630923,7.025933742523195,-8.607408523559574,51.41358947753906,25.68734927178489,51.09367013416275,57.18743778479066
seq10,test,217,1788537030.862857,-3.132778239463127,14.999893688694147,0.31991916410370136,7.013166427612304,-8.569866180419922,51.46394729614257,25.66074382154688,51.14402813203887,57.22049796223238
seq10,test,218,1788537031.041536,-3.1637765838550242,14.99916779781663,0.31990067832990143,7.000983715057371,-8.533854007720947,51.514495849609375,25.634458590620802,51.194595171279474,57.25392599626199
seq10,test,219,1788537031.228266,-3.1942811886566798,14.99723257914241,0.31989871032784967,6.989390850067139,-8.499372005462643,51.56521987915039,25.608545511168114,51.24532116882254,57.2876997696132
seq10,test,220,1788537031.4075332,-3.2242840778175887,14.994070338706413,0.3199015128341762,6.978394508361816,-8.466427326202393,51.61610412597656,25.582994371614816,51.296202613142384,57.32181088858438
seq10,test,221,1788537031.5898802,-3.2537729157136157,14.98966031677749,0.31989399991125134,6.967995643615723,-8.435018539428711,51.667137145996094,25.55778026349095,51.34724314608484,57.356250842432544
seq10,test,222,1788537031.770631,-3.2827537225137395,14.984037298075144,0.31989841233581884,6.958201885223387,-8.405145645141602,51.71830749511719,25.532940498714666,51.39840908278137,57.39100545165458
seq10,test,223,1788537031.949161,-3.3112120260856477,14.977171383245299,0.3198951925765814,6.949202986970011,-8.377462964746263,51.76926604030559,25.50911722832692,51.44937084772901,57.42606396398479
seq10,test,224,1788537032.140102,-3.3391511892340104,14.969091414313029,0.31990145486830057,6.94044303894043,-8.35002326965332,51.82100296020507,25.48433179700602,51.50110150533677,57.46141856413652
seq10,test,225,1788537032.324371,-3.3665675593656155,14.959799018028852,0.319915467189577,6.932485103607177,-8.324771881103516,51.87250900268555,25.46059166067059,51.55259353549597,57.49705755903923
seq10,test,226,1788537032.4983523,-3.3934472723170623,14.94926686949983,0.3199198800041472,6.925147533416746,-8.301063537597653,51.92409896850586,25.437202338388524,51.60417908850171,57.532969349776096
seq10,test,227,1788537032.679737,-3.4197850071019156,14.937491229825033,0.31990688029218317,6.918435096740723,-8.27889442443848,51.97575378417968,25.41415664079744,51.6558469038875,57.56913997204451
seq10,test,228,1788537032.8580313,-3.4455861268671453,14.924509456800797,0.31990533090184603,6.912349700927734,-8.25826644897461,52.02748107910156,25.391493325720674,51.707575748199716,57.6055667715016
seq10,test,229,1788537033.0338242,-3.4708487941404678,14.91033282293757,0.319915646084457,6.906895637512206,-8.23917818069458,52.07925033569336,25.36922228204846,51.759334689608906,57.64222555303478
seq10,test,230,1788537033.211196,-3.495555981157309,14.894917519869749,0.3199074773982711,6.902077674865723,-8.221630096435547,52.13105392456055,25.347298856915167,51.81114644716227,57.679116285801996
seq10,test,231,1788537033.387271,-3.5197200252045655,14.878328308596192,0.31992363639399035,6.897897720336915,-8.20561838150024,52.18288040161133,25.325784376469663,51.86295676521734,57.71621642757118
seq10,test,232,1788537033.562581,-3.543320713166118,14.860506260648851,0.3199180909707475,6.89436149597168,-8.191143035888672,52.234722137451165,25.30461904849608,51.91480404648042,57.75353343626666
seq10,test,233,1788537033.734097,-3.56636312457779,14.841489857392359,0.3199167193922152,6.891467094421385,-8.178202152252197,52.28654479980469,25.28383738889937,51.96662808041247,57.791027566190756
seq10,test,234,1788537033.916682,-3.58883238637317,14.821240213104106,0.31988779772557363,6.889222145080566,-8.16679334640503,52.33836364746094,25.263398696478596,52.01847584973537,57.82872247790658
seq10,test,235,1788537034.091167,-3.6107561513953637,14.79988388413451,0.31991803140818087,6.887630462646484,-8.156913757324219,52.39015197753906,25.243428440859176,52.070233946130884,57.866570164937016
seq10,test,236,1788537034.262335,-3.63209793022083,14.777296630643251,0.31991528836439165,6.886689186096191,-8.148561954498291,52.44189453124999,25.223795794136635,52.1219792428856,57.904581808869864
seq10,test,237,1788537034.4403243,-3.652852641273403,14.753475621296543,0.3198729476561306,6.886407375335692,-8.14173173904419,52.49358367919922,25.204494078848235,52.17371073154309,57.94275289688461
seq10,test,238,1788537034.613926,-3.673056527643005,14.728586428961076,0.31990521101997604,6.886784553527831,-8.136421680450436,52.54520797729492,25.18568719537026,52.22530276627494,57.98104076792795
seq10,test,239,1788537034.791053,-3.6926596252191652,14.702446715590417,0.31987825610521226,6.887826919555664,-8.13262748718262,52.59674835205078,25.167187156500265,52.27687009594557,58.019466185054476
seq10,test,240,1788537034.9630322,-3.7117039896159083,14.675247788036835,0.31992298056741464,6.889529705047607,-8.130346298217777,52.648197174072266,25.149180453364288,52.32827419350485,58.05798444268029
seq10,test,241,1788537035.14018,-3.7301442267314777,14.646820005340546,0.31991403599873847,6.891902923583984,-8.129574298858643,52.69953918457031,25.13149464643681,52.37962514857158,58.09661912597629
seq10,test,242,1788537035.318363,-3.7479963041016306,14.617248331804594,0.3199062837639006,6.894942283630371,-8.130304336547855,52.75076675415039,25.11420502786627,52.43086047038649,58.135345736022245
seq10,test,243,1788537035.5030322,-3.765258401453216,14.586546840884642,0.3199057470044526,6.8986544609069815,-8.132532119750977,52.801860809326165,25.09732229453189,52.48195506232171,58.174145404287316
seq10,test,244,1788537035.6903021,-3.7819300336034227,14.554730464480338,0.31991904539746074,6.90308211648567,-8.136430751980821,52.852724734566976,25.081034308795616,52.532805689169514,58.21300503817874
seq10,test,245,1788537035.87237,-3.7979933615070713,14.52174264913351,0.3198959078973196,6.908101558685303,-8.141462802886963,52.90360260009765,25.064743162471448,52.58370669220033,58.251931807383116
seq10,test,246,1788537036.045213,-3.8134707425506376,14.487699825358856,0.3199167192692576,6.913838863372804,-8.148151397705078,52.954227447509766,25.049090442050435,52.63431072824051,58.29088777683006
seq10,test,247,1788537036.223773,-3.828335764483054,14.452502809779881,0.31990419658658986,6.920255184173584,-8.156316757202148,53.00467300415039,25.033795748825085,52.6847688075638,58.32988765547504
seq10,test,248,1788537036.3954701,-3.842602731172417,14.416236483780825,0.3199131417201766,6.927351951599121,-8.165952682495117,53.05492401123046,25.01893665626945,52.73501086951028,58.36890064767188
seq10,test,249,1788537036.568362,-3.856260396569249,14.378871747965459,0.31991600383834884,6.935130596160888,-8.177050113677975,53.104969024658196,25.00447421135948,52.785053020819845,58.40792371756852
seq10,test,250,1788537036.7406662,-3.8693096126531312,14.340427129366603,0.3199179716350158,6.943591117858887,-8.18960189819336,53.15479278564453,24.990418767811832,52.83487481400952,58.44694197990737
seq10,test,251,1788537036.9222372,-3.8817408511922484,14.300878781942387,0.3198968610818429,6.952736854553223,-8.2036018371582,53.20439147949218,24.97674028154534,52.884494618410336,58.48595836725634
seq10,test,252,1788537037.0982323,-3.8935686847794053,14.260314239719014,0.3199089676793492,6.962565898895264,-8.219044208526611,53.25374221801758,24.963517667659925,52.93383325033823,58.52493414706404
seq10,test,253,1788537037.28454,-3.90478064998117,14.2186951885838,0.31991803128333496,6.973081111907959,-8.235918521881104,53.30284118652344,24.950702462996272,52.9829231552401,58.56387708708369
seq10,test,254,1788537037.4573703,-3.9153728787187285,14.176019304059626,0.3199157055772448,6.984283447265623,-8.254215717315674,53.35166931152344,24.938282842623742,53.03175360594619,58.60277162097786
seq10,test,255,1788537037.63572,-3.9253465813283865,14.132310623140768,0.31991087538686913,6.996172904968262,-8.273931503295898,53.40022277832031,24.926276780098195,53.080311902933445,58.641613090285645
seq10,test,256,1788537037.8181572,-3.934696347258647,14.087560029514965,0.31989191220815694,7.008749961853027,-8.295053958892822,53.448486328125,24.914662872984614,53.128594415916844,58.68038829698955
seq10,test,257,1788537038.0152862,-3.9434375678109386,14.041871868862588,0.31992333859771827,7.022016525268553,-8.317575931549072,53.49644088745117,24.903535680837923,53.176517548853454,58.719060857870396
seq10,test,258,1788537038.194498,-3.951540888271684,13.995102055578021,0.3198932842114457,7.035970211029053,-8.341488122940063,53.54408264160156,24.892743138519858,53.22418935739012,58.75766327647524
seq10,test,259,1788537038.375739,-3.959030334350252,13.947402320068742,0.3199034218888579,7.050612449645996,-8.366779327392578,53.59139633178711,24.88242224597718,53.27149290989825,58.79614692882893
seq10,test,260,1788537038.56694,-3.9658947255025945,13.898730800932086,0.31991594479858754,7.065942287445069,-8.393442392349243,53.638374328613274,24.87252326482966,53.318458383814686,58.834517232540215
seq10,test,261,1788537038.741458,-3.972129352606642,13.84907754082614,0.3199134402199042,7.082031858032353,-8.42189017361114,53.68481185188709,24.86343666930023,53.364898411667184,58.87276845448889
seq10,test,262,1788537038.9182663,-3.9777347340793456,13.798460616068496,0.3199004996741819,7.098669052124023,-8.450838088989258,53.731269836425774,24.853933565975126,53.41136933675159,58.910885141277525
seq10,test,263,1788537039.089095,-3.9827167995874344,13.746935039460087,0.31990962380355237,7.116142952498532,-8.482063371516293,53.77692966765076,24.84578552092214,53.45702004384721,58.9488426529304
seq10,test,264,1788537039.2653701,-3.987065977858769,13.694460775941948,0.31990061880200416,7.13415002822876,-8.513596057891846,53.82266616821289,24.837053645488012,53.50276554941089,58.98665234800224
seq10,test,265,1788537039.442166,-3.9907896233412927,13.64110100262194,0.3199101599366625,7.152919769287109,-8.546959400176998,53.86778259277344,24.829262644420368,53.547872432836776,59.02429097879084
seq10,test,266,1788537039.614674,-3.993878593574991,13.58681477199519,0.3199005006212865,7.172375202178955,-8.581626653671265,53.91249084472656,24.821865745233456,53.592590344105275,59.061753774041286
seq10,test,267,1788537039.7937841,-3.99634061428576,13.531666136122317,0.3199056874852375,7.192516803741453,-8.617592096328735,53.9567756652832,24.814918306711053,53.636869977797964,59.099018533169804
seq10,test,268,1788537039.9686022,-3.9981711110557496,13.475647288465673,0.31991272444431096,7.213339805603027,-8.654842615127563,54.00063705444335,24.808396973754697,53.680724329999045,59.13608648702375
seq10,test,269,1788537040.143805,-3.9993707986382456,13.418771060027709,0.3199191642480077,7.234848499298094,-8.693362951278687,54.044055938720696,24.802301380478756,53.72413677447269,59.1729416704151
seq10,test,270,1788537040.323163,-3.9999358743666464,13.361029617921824,0.3199104580561265,7.257038593292236,-8.73314452171326,54.08702850341797,24.79661277428923,53.76711804536184,59.20958527115284
seq10,test,271,1788537040.5015073,-3.999867645956714,13.302445054953514,0.31989262786137207,7.279909610748291,-8.774175882339478,54.129539489746094,24.791340564193032,53.80964686188472,59.246001235277845
seq10,test,272,1788537040.6795552,-3.999171869670047,13.24307999617153,0.3198979948290752,7.3035127584348984,-8.816904300543278,54.171374450892706,24.786964053181336,53.85147645606363,59.282165138190415
seq10,test,273,1788537040.860335,-3.9978433056343756,13.182900677484445,0.31989417777596496,7.327682971954346,-8.859930276870724,54.21313476562499,24.782129487730288,53.89324058784903,59.31808596883761
seq10,test,274,1788537041.0372303,-3.995887139113702,13.121971347416798,0.31991606341823164,7.352585315704344,-8.904628992080688,54.25419616699219,24.77819504269257,53.934280103573954,59.353732147730085
seq10,test,275,1788537041.2210293,-3.9932944181578915,13.0602193583593,0.3198995449730855,7.378159046173094,-8.950523853302002,54.29476547241211,24.77463966682743,53.974865927439026,59.389131349988254
seq10,test,276,1788537041.408956,-3.9900744804616073,12.997747871361007,0.31990974335483147,7.404406547546387,-8.997600793838501,54.33481979370117,24.77154740425652,54.01491005034634,59.42423805610244
seq10,test,277,1788537041.586445,-3.9862249635963063,12.934539783488125,0.31992089365081644,7.431320667266846,-9.045847415924072,54.37434768676758,24.76888713020684,54.05442679311676,59.45905167088814
seq10,test,278,1788537041.7722821,-3.9817438142716997,12.870585399342714,0.319917018091052,7.458903789520264,-9.095251321792603,54.413345336914055,24.76663886064735,54.093428318823,59.493574339901365
seq10,test,279,1788537041.9550002,-3.9766331819303637,12.805914701010657,0.3199065824562344,7.4871506690979,-9.145794630050656,54.451805114746094,24.76481138104025,54.13189853228986,59.527794528679
seq10,test,280,1788537042.1291952,-3.9708974097791736,12.740585391091809,0.3199202377380377,7.516059398651123,-9.197468042373657,54.4897117614746,24.76344816798196,54.16979152373656,59.561688012458234
seq10,test,281,1788537042.315826,-3.9645297503471912,12.67451240274398,0.3198858884316984,7.545627117156982,-9.250251770019531,54.52705764770507,24.762451315365528,54.20717175927337,59.59527217225551
seq10,test,282,1788537042.4891622,-3.9575403076923346,12.607846581556077,0.31990050068679676,7.575851917266846,-9.304136037826538,54.56383514404297,24.761949005013207,54.24393464335617,59.62850462756525
seq10,test,283,1788537042.6745303,-3.949927473038382,12.540549795805699,0.31992238422819597,7.606728553771973,-9.35910415649414,54.60003280639648,24.76188889710343,54.28011042216828,59.66139060728702
seq10,test,284,1788537042.852027,-3.941685748658221,12.472555652194082,0.31989465470448675,7.638256549835205,-9.415139913558956,54.63564682006836,24.762194588031218,54.315752165363875,59.693946209852406
seq10,test,285,1788537043.035024,-3.932824317826454,12.403985833159096,0.31989155386990076,7.670429706573486,-9.47222900390625,54.67066192626953,24.762961849346524,54.35077037239963,59.72612928715124
seq10,test,286,1788537043.2149062,-3.923342991985229,12.334856890290007,0.31991218735756943,7.703249454498289,-9.530357122421261,54.705078125,24.764192612283825,54.385165937642434,59.75794097693792
seq10,test,287,1788537043.397845,-3.913239992423048,12.265098470146114,0.3198969218456513,7.736706256866455,-9.589508295059204,54.73887252807617,24.7658047410758,54.41897560623052,59.78938024854083
seq10,test,288,1788537043.576466,-3.902521494947192,12.194837450378389,0.31992023808975967,7.770802974700928,-9.649667739868164,54.77204895019531,24.767900823049054,54.452128712105555,59.82042487696075
seq10,test,289,1788537043.751733,-3.8911840046240735,12.123972161218308,0.31989811442691596,7.805529594421387,-9.710817337036133,54.80459976196289,24.77036821387961,54.48470164753598,59.851097358964
seq10,test,290,1788537043.930263,-3.87923411949379,12.052635166667557,0.3199146923223557,7.840901373508604,-9.773417726644233,54.83631100501199,24.773739339792414,54.516396312689636,59.88134624236682
seq10,test,291,1788537044.102029,-3.8666707670696314,11.980776392936638,0.31991928360611843,7.876867294311523,-9.836027145385739,54.867767333984375,24.77667457163821,54.547848050378256,59.91119536243638
seq10,test,292,1788537044.2732792,-3.8534964006614656,11.90840945317815,0.31990986166896485,7.913471698760986,-9.900054931640625,54.89838409423828,24.780449089488563,54.57847423256931,59.94064152669679
seq10,test,293,1788537044.449845,-3.8397141898335914,11.835588392389042,0.3199149314059142,7.950690746307376,-9.965009689331055,54.92832946777343,24.78466714077224,54.60841453636752,59.969647851681025
seq10,test,294,1788537044.6296432,-3.825324922511894,11.762282113103613,0.3198948942971154,7.988523006439207,-10.03087496757507,54.957611083984375,24.789285960501516,54.63771618968726,59.99823938130461
seq10,test,295,1788537044.8063843,-3.8103323039941666,11.688573408428617,0.3198975776845614,8.026962280273438,-10.097633719444278,54.98622131347656,24.794361538327838,54.666323735792,60.02638848772868
seq10,test,296,1788537044.9827332,-3.794737802401507,11.614468059179448,0.3199152290294611,8.06600284576416,-10.165268421173096,55.01414108276367,24.79988084400102,54.69422585373421,60.05407922544427
seq10,test,297,1788537045.1634052,-3.7785443222228654,11.539917052971466,0.3198982328391604,8.105644226074222,-10.233762621879574,55.04137420654296,24.805786906173665,54.721475973703804,60.08133650956127
seq10,test,298,1788537045.345515,-3.7617535375199807,11.465041432385748,0.31992262282401707,8.145875930786133,-10.303101301193237,55.06791305541992,24.81216793478433,54.747990432595905,60.10812036681527
seq10,test,299,1788537045.522619,-3.7443695790207285,11.389733346068075,0.3198949535576414,8.186698913574219,-10.373262763023373,55.09375,24.818912043426103,54.77385504644236,60.13446259565309
seq10,test,300,1788537045.7124782,-3.7263938066224576,11.314124114686637,0.31989817441422996,8.228107452392576,-10.444235324859616,55.11887741088867,24.82612144198694,54.798979236474445,60.16032273194552
seq10,test,301,1788537045.8941631,-3.7078296516357017,11.238188851859753,0.31989853186131745,8.270090103149414,-10.515995144844055,55.14328384399414,24.833748871536002,54.82338531213282,60.185701458877226
seq10,test,302,1788537046.077116,-3.688679430241235,11.161964578804685,0.31991242671850517,8.31264591217041,-10.588529944419857,55.16697311401367,24.84181599600224,54.84706068729517,60.21059614399339
seq10,test,303,1788537046.244849,-3.6689468165088037,11.085447210250962,0.31992047621725894,8.355769157409666,-10.661821722984314,55.18993377685547,24.850301815226917,54.87001330063821,60.235005270358236
seq10,test,304,1788537046.428915,-3.648636115513591,11.008629084385232,0.3199047928645853,8.399455070495605,-10.735849380493164,55.212165832519524,24.85918029493235,54.89226103965494,60.25893433327188
seq10,test,305,1788537046.6025631,-3.627747531915374,10.931602762415705,0.31991868718481786,8.443696022033695,-10.810596227645874,55.23365783691406,24.868513554284128,54.913739149729246,60.28234993598143
seq10,test,306,1788537046.7751331,-3.606287090658503,10.854327853781257,0.3199200586225306,8.488486289978026,-10.88604599237442,55.25440979003906,24.878251508085608,54.934489731416534,60.305269754397685
seq10,test,307,1788537046.9547892,-3.5842569507328514,10.7768384230452,0.3199176735430562,8.533820152282715,-10.962179124355316,55.274402618408196,24.888404460728648,54.95448494486514,60.3276726897054
seq10,test,308,1788537047.125451,-3.5616612381657053,10.699146080537929,0.31990855058038004,8.579694747924803,-11.038978576660156,55.29364776611328,24.89896762504139,54.9737392155329,60.34956994155202
seq10,test,309,1788537047.304498,-3.5385019423168846,10.621311845957276,0.31991982018262743,8.626071317189993,-11.116906265705156,55.31195116538893,24.91037874573806,54.99203134520631,60.37094069772536
seq10,test,310,1788537047.477451,-3.514784925190663,10.543304230271524,0.319917912202512,8.673027038574219,-11.194502174854282,55.32986068725586,24.921376121129807,55.00994277505335,60.391794077386564
seq10,test,311,1788537047.65316,-3.490513275164042,10.465157482098519,0.3199115316863468,8.720476150512694,-11.273189663887024,55.34681701660156,24.933190718264818,55.02690548491522,60.412120693112236
seq10,test,312,1788537047.829224,-3.4656896292322754,10.386903820238796,0.3199118898353748,8.768400438900407,-11.35295314724901,55.36281766143121,24.945828123395923,55.042905771595834,60.4319105816024
seq10,test,313,1788537047.999871,-3.440318784274778,10.30855416734271,0.3199099809767405,8.816901206970215,-11.432323396205902,55.37841033935547,24.958068818460042,55.05850035837873,60.45116757235197
seq10,test,314,1788537048.1752222,-3.414407686190412,10.230095113351569,0.31988684290962555,8.865866661071777,-11.5127332508564,55.39304733276367,24.97109775959864,55.07316048985405,60.46989936869957
seq10,test,315,1788537048.350742,-3.387951595573258,10.15165088578221,0.31991236635913234,8.91532230377197,-11.593679279088974,55.40689468383789,24.984593905476352,55.08698231747876,60.488061247388174
seq10,test,316,1788537048.5282183,-3.3609671655258277,10.073086484583557,0.31988064091522816,8.965263366699219,-11.675144411623478,55.41995620727539,24.998430075672577,55.10007556636016,60.50570083609388
seq10,test,317,1788537048.7092602,-3.3334475188952513,9.99456135953686,0.3198900638772111,9.01568603515625,-11.757107419893146,55.43222427368163,25.012720648218792,55.11233420980442,60.522769073126604
seq10,test,318,1788537048.8934762,-3.305398082714172,9.91606860785108,0.3199203569743576,9.066574096679688,-11.839552536606789,55.44370651245117,25.02743988083635,55.123786155476814,60.53928102565817
seq10,test,319,1788537049.065524,-3.276832277147384,9.837539024042801,0.3199095041883371,9.117926597595215,-11.922461107373238,55.45438766479492,25.042516911888796,55.134478160606584,60.555250270514456
seq10,test,320,1788537049.2528281,-3.2477463972670995,9.759073563860422,0.3199175550179141,9.1697359085083,-12.005809843540192,55.46427154541015,25.058013020828042,55.14435399039223,60.57065125594801
seq10,test,321,1788537049.4384012,-3.21815077975402,9.680639702735295,0.31990300431685403,9.221991539001465,-12.089584171772003,55.473358154296875,25.073886584593513,55.15345514998002,60.5855048954609
seq10,test,322,1788537049.609213,-3.1880456080144235,9.602298870006745,0.31990139471743895,9.27468967437744,-12.173763900995251,55.48163986206054,25.09017099434745,55.1617384673431,60.59978606616655
seq10,test,323,1788537049.7831912,-3.1574342590823803,9.524074171316979,0.3199115919002613,9.32781982421875,-12.258331507444378,55.48911666870117,25.106866922790715,55.169205076800914,60.61349647961944
seq10,test,324,1788537049.9563322,-3.1263247802491323,9.445969348025988,0.3199226226655074,9.381374359130858,-12.343265652656552,55.49578857421874,25.12395867844508,55.175865951553234,60.626640045280325
seq10,test,325,1788537050.141648,-3.0947225463873633,9.367987431246261,0.3199248290825174,9.435346603393558,-12.428548753261566,55.501655578613274,25.141432388407203,55.18173074953076,60.63922023785068
seq10,test,326,1788537050.3252192,-3.062633571961952,9.290151172937703,0.31991988016866024,9.489726066589355,-12.514162302017208,55.50670623779297,25.159288913036317,55.18678635762431,60.651225932306595
seq10,test,327,1788537050.501384,-3.0300618098144416,9.212483425267962,0.3199100414751581,9.544507026672363,-12.600086510181427,55.51094436645508,25.177529438219622,55.19103432497992,60.66265950709322
seq10,test,328,1788537050.679737,-2.997008046964737,9.135033891794015,0.3199160036766189,9.599679946899414,-12.68630200624466,55.51437759399414,25.196175280978512,55.19446159031752,60.67351843296076
seq10,test,329,1788537050.8495262,-2.963482318329388,9.057788444636842,0.31991630189217424,9.655236244201658,-12.772791028022766,55.51699447631836,25.21519895365636,55.19707817442619,60.68380094610249
seq10,test,330,1788537051.0267801,-2.929496969814743,8.980718814130867,0.31987759998223253,9.711166381835936,-12.859533667564392,55.51879882812499,25.23455960451778,55.19892122814276,60.693524392513815
seq10,test,331,1788537051.201629,-2.8950381458258985,8.903976672215192,0.3198902418318539,9.767468452453615,-12.946512341499329,55.519790649414055,25.254364840358416,55.1999004075822,60.702651906625334
seq10,test,332,1788537051.3767292,-2.860123152443295,8.827494545517254,0.3198985922049651,9.824125289916992,-13.033704996109009,55.51996612548828,25.27453667124918,55.20006753328332,60.7111987991125
seq10,test,333,1788537051.555965,-2.8247547292605737,8.751315223022047,0.3199151098036508,9.88113212585449,-13.121098041534424,55.51932907104492,25.295098789894684,55.19941396124127,60.71916768578938
seq10,test,334,1788537051.729432,-2.7889420523714845,8.675428580677156,0.31991982003406094,9.938478469848633,-13.208667993545536,55.51787567138672,25.316020935750057,55.19795585135266,60.72656129065117
seq10,test,335,1788537051.9107301,-2.752696093885949,8.59982998886502,0.3198978153091383,9.996156692504881,-13.296396851539608,55.51560974121094,25.33728472460144,55.1957119259018,60.73338959931892
seq10,test,336,1788537052.091854,-2.7160087670546154,8.52461617063554,0.3199031232032339,10.054157257080078,-13.384267568588257,55.51253128051758,25.358949642735382,55.192628157314346,60.73962899042401
seq10,test,337,1788537052.273595,-2.678890671726071,8.44977400938193,0.3199157655491476,10.11238740576908,-13.472741075001638,55.508462864389045,25.381360532501663,55.1885470988399,60.74528124358058
seq10,test,338,1788537052.4513261,-2.641354356855934,8.375289479084085,0.319909027299748,10.171093940734863,-13.560354590415951,55.50394058227539,25.403372062035967,55.18403155497564,60.750379840646076
seq10,test,339,1788537052.633711,-2.6033976311446776,8.301223205566755,0.31991439377898834,10.230009078979492,-13.648534655570984,55.49842071533203,25.426132186198476,55.178506321553044,60.75488258426402
seq10,test,340,1788537052.815208,-2.5650317898568598,8.227565074218084,0.3199140367835167,10.28920841217041,-13.73678195476532,55.49209976196289,25.44924422416167,55.172185725179375,60.75881918927254
seq10,test,341,1788537052.9921482,-2.5262593392837904,8.154352699714675,0.31991761407728325,10.348686218261719,-13.82507312297821,55.48497009277343,25.472718398416365,55.16505247869615,60.76217900620681
seq10,test,342,1788537053.1753201,-2.487098069425587,8.081544174225902,0.3198854123024346,10.408427238464354,-13.913396954536438,55.47703552246094,25.496509726316486,55.157150110158504,60.76498347320363
seq10,test,343,1788537053.3544862,-2.4475281304587377,8.00929029457433,0.31991081602458094,10.468429565429686,-14.00173044204712,55.46829605102539,25.520717017159974,55.14838523500081,60.767190087233864
seq10,test,344,1788537053.53895,-2.407578717397983,7.937490200424712,0.31990980211335374,10.528676986694336,-14.090053796768188,55.45875549316406,25.545242339620305,55.13884569105071,60.768838316454854
seq10,test,345,1788537053.71589,-2.3672526206009707,7.866183490204239,0.3198979355737399,10.589162826538086,-14.17835259437561,55.44841766357422,25.57010505303423,55.12851972800048,60.76992644247436
seq10,test,346,1788537053.8964822,-2.326543509494479,7.795447583702257,0.3199175544731683,10.64987564086914,-14.266605377197266,55.43728256225586,25.595344006585634,55.11736500778269,60.77043327323417
seq10,test,347,1788537054.0694423,-2.2854784136513566,7.7252012643798285,0.319897935486098,10.710807800292969,-14.35479736328125,55.425350189208984,25.620885908810305,55.10545225372289,60.77039297914411
seq10,test,348,1788537054.2442892,-2.2440396093781065,7.655575867416253,0.31992250382252285,10.771947860717772,-14.44290566444397,55.41263198852539,25.646809077069612,55.092709484702866,60.76977418257805
seq10,test,349,1788537054.4169781,-2.202264474446662,7.586446694541772,0.31988588874819723,10.83328628540039,-14.53091478347778,55.39912414550781,25.67300649246076,55.079238256759616,60.76862471133294
seq10,test,350,1788537054.6008081,-2.1601298884204163,7.517964718774036,0.319887737905308,10.894811630249025,-14.618808984756466,55.38483428955078,25.69957680696705,55.06494655164548,60.766903712405586
seq10,test,351,1788537054.7769833,-2.1176531588646914,7.450101470035521,0.31989441783792305,10.95651626586914,-14.706568241119385,55.369754791259766,25.726482830652426,55.04986037342184,60.764620018305834
seq10,test,352,1788537054.946835,-2.074837801685344,7.382884617411789,0.3199135597931717,11.018388748168944,-14.79417252540588,55.353904724121094,25.753726817717265,55.03399116432792,60.76178592237833
seq10,test,353,1788537055.121041,-2.031704551838873,7.316271697632593,0.3199010963830029,11.08041763305664,-14.881609201431274,55.3372802734375,25.781265768007856,55.017379177054494,60.75842061897629
seq10,test,354,1788537055.297655,-1.9882458081371377,7.250339916928679,0.3199031827100549,11.142592430114746,-14.96885538101197,55.319892883300774,25.809136996946755,54.99998970059072,60.75450945890561
seq10,test,355,1788537055.475773,-1.9444693022848583,7.185103530802077,0.31991767353369926,11.204907417297362,-15.055896997451782,55.30173110961914,25.83734143853193,54.98181343608544,60.75004544304296
seq10,test,356,1788537055.657107,-1.90039531570372,7.120520315892982,0.31990252695383825,11.267301284236037,-15.142902647698348,55.282744419957176,25.865966747907002,54.962841893003336,60.74505926212529
seq10,test,357,1788537055.8286731,-1.8560157009718183,7.056671792425202,0.31990479354311074,11.329899787902832,-15.229295969009407,55.26313781738281,25.894646673462205,54.9432330238397,60.73953886436246
seq10,test,358,1788537055.9994771,-1.811342725881061,6.993549764633497,0.31990843167631544,11.392560958862305,-15.315617084503174,55.242713928222656,25.923772835345517,54.92280549654634,60.7334879751695
seq10,test,359,1788537056.1781173,-1.7663781774114964,6.9311925812801505,0.31992691602463763,11.455314636230469,-15.401662826538086,55.22154235839843,25.95321929019265,54.901615442373796,60.726904825679405
seq10,test,360,1788537056.354162,-1.7211584750226776,6.869496848747722,0.31987640661720507,11.518154144287108,-15.48742151260376,55.19963073730469,25.98290201744121,54.87975433068748,60.71983722511583
seq10,test,361,1788537056.530522,-1.6756416063085497,6.808674462721682,0.3198996654671682,11.581067085266113,-15.572868585586544,55.17698287963867,26.012954360405615,54.8570832141715,60.71221766105305
seq10,test,362,1788537056.7054663,-1.6298619532107343,6.748632133297448,0.31991665986168716,11.64404010772705,-15.657993316650398,55.15361022949219,26.04329740984461,54.8336935696305,60.70409615887346
seq10,test,363,1788537056.8789752,-1.583835371977319,6.689351076578093,0.31990515153968335,11.707067489624025,-15.742774963378903,55.12950897216796,26.073902230948082,54.809603820628276,60.69547799073065
seq10,test,364,1788537057.0568662,-1.537557445111107,6.630891872668265,0.31989537051809624,11.770136833190918,-15.827199935913086,55.104690551757805,26.10480060616095,54.78479518123971,60.68636088725214
seq10,test,365,1788537057.2341352,-1.491032896316029,6.573278972820134,0.3198992474990656,11.833231925964354,-15.91125321388245,55.07916259765625,26.135994733492026,54.759263350157184,60.67674301872993
seq10,test,366,1788537057.4067543,-1.4442677135548871,6.516530077121585,0.31991493044922636,11.896349906921387,-15.99491548538208,55.05292510986328,26.167484781868662,54.73301017941405,60.666627260044464
seq10,test,367,1788537057.5840993,-1.3972850860540593,6.460601268195291,0.3199034222213437,11.959474563598633,-16.078172922134396,55.02599334716797,26.199224613359494,54.706089924946625,60.65604376496714
seq10,test,368,1788537057.758238,-1.3500753464450717,6.405569334685068,0.3199067013764685,12.022600173950195,-16.161007404327393,54.99836730957031,26.231256856878154,54.678460608193845,60.644974159227104
seq10,test,369,1788537057.941451,-1.3026651155517743,6.351379033443828,0.31987980676954497,12.085710525512695,-16.243404626846313,54.9700584411621,26.26352700917306,54.65017863439256,60.63344684027604
seq10,test,370,1788537058.117574,-1.2550294597072778,6.298159777601549,0.3199018110931806,12.148796081542969,-16.325350046157837,54.941062927246094,26.296116365083453,54.62116111615291,60.621423420790315
seq10,test,371,1788537058.3024652,-1.2071989074206364,6.245841879406649,0.319917196757463,12.211845397949217,-16.40682625770569,54.91140365600586,26.328959793345874,54.591486459248394,60.60894750472016
seq10,test,372,1788537058.4786332,-1.1591833527183937,6.194429430226195,0.3199160633413265,12.274847984313963,-16.487820148468018,54.88107681274414,26.362049311738666,54.561160749402816,60.59602219813373
seq10,test,373,1788537058.651634,-1.110983690107151,6.143960155372642,0.3199187467399318,12.337795257568361,-16.568315982818604,54.85009765625,26.39540002653666,54.53017890951007,60.58265060612707
seq10,test,374,1788537058.832423,-1.0626136202835212,6.094424567350825,0.3199077746182537,12.400671005249027,-16.64829850196839,54.818462371826165,26.42898949100865,54.498554597207914,60.5688363657475
seq10,test,375,1788537059.0174532,-1.0140663911635486,6.04588556599249,0.3199228019764615,12.46346855163574,-16.727754592895508,54.786190032958984,26.4628538563189,54.466267230982524,60.55457786408632
seq10,test,376,1788537059.195027,-0.9653681841632714,5.9982904211480115,0.3199127245203779,12.526176452636717,-16.80666732788086,54.7532844543457,26.49694085402612,54.433371729825325,60.53990281210489
seq10,test,377,1788537059.3675642,-0.91651018791686,5.95170742418378,0.3199209531066338,12.588781356811527,-16.885023117065437,54.71975326538086,26.531286465637823,54.39983231227423,60.52479588668839
seq10,test,378,1788537059.5413582,-0.8675153676708278,5.906096134351957,0.31990896708003924,12.651271820068361,-16.962810516357422,54.68560791015624,26.565852111803995,54.365698943076204,60.509286229432895
seq10,test,379,1788537059.719327,-0.818375933714543,5.861520747556966,0.3199186877703437,12.713640213012699,-17.04001235961914,54.65085220336914,26.60067066174028,54.330933515598794,60.49335514195577
seq10,test,380,1788537059.894471,-0.7691123157312313,5.81794989326137,0.31991338033747696,12.775871276855472,-17.116615295410156,54.61549377441406,26.63570650305463,54.29558039407659,60.47702796307455
seq10,test,381,1788537060.078197,-0.7197349345251488,5.775384353970804,0.3198898258403491,12.837956428527834,-17.19260597229004,54.57954788208007,26.67095001538215,54.25965805623972,60.46031811943329
seq10,test,382,1788537060.254785,-0.6702304168997161,5.733907146260281,0.3198993075125931,12.899885177612308,-17.26797103881836,54.54301452636719,26.70644935759179,54.223115218854595,60.44320194469181
seq10,test,383,1788537060.4357271,-0.6206235489380649,5.69347027588918,0.3199006791846559,12.961645126342773,-17.34269952774048,54.50591659545898,26.74216037625184,54.18601591627432,60.42571855152331
seq10,test,384,1788537060.613019,-0.5709189012636792,5.654095127217828,0.3199011563424041,13.023221969604492,-17.416775226593018,54.4682502746582,26.778082920540758,54.1483491183158,60.40785906766079
seq10,test,385,1788537060.7900481,-0.5211191415640012,5.615809503910592,0.3199130222926503,13.084611892700195,-17.49018287658692,54.43003463745117,26.814227582840214,54.11012161515852,60.38963538614548
seq10,test,386,1788537060.9603453,-0.471241249148655,5.5785913052599145,0.31991683921392466,13.145797729492188,-17.562918186187744,54.39126968383789,26.85057191362199,54.071352844623966,60.37105606610183
seq10,test,387,1788537061.131617,-0.4212907602479131,5.5424576857918435,0.3199134991212893,13.206769943237305,-17.634962558746338,54.35196304321289,26.887113041935283,54.0320495440916,60.35212693571765
seq10,test,388,1788537061.308084,-0.37126767420662465,5.507444618340028,0.31992697537857984,13.267518997192385,-17.7063045501709,54.312137603759766,26.92386770741665,53.99221062838119,60.33285556697902
seq10,test,389,1788537061.4770932,-0.3211965731585841,5.473504562692493,0.3199140961982945,13.32803153991699,-17.77693367004394,54.271797180175774,26.96079201538903,53.95188308397748,60.31326549279387
seq10,test,390,1788537061.6552181,-0.27106425565667075,5.44071558496611,0.3199266775043479,13.38829803466797,-17.84683609008789,54.23094177246094,26.997930313204627,53.91101509495659,60.29333122133235
seq10,test,391,1788537061.830594,-0.2209042153351464,5.409001941104715,0.31990199088350946,13.44830513000488,-17.91600227355957,54.18959426879883,27.035219727992555,53.86969227791532,60.27310222527232
seq10,test,392,1788537062.008529,-0.17070441635492642,5.378436946246639,0.31989006413336774,13.508044242858887,-17.984420776367188,54.147762298583984,27.07270370408246,53.827872234450616,60.25256106703996
seq10,test,393,1788537062.18711,-0.12046342882244115,5.349060037149272,0.3199118896594302,13.567506790161131,-18.052080154418945,54.10545349121094,27.11040189634249,53.78554160155151,60.23170574002897
seq10,test,394,1788537062.356467,-0.07021324058303635,5.320797000189494,0.3199113534046436,13.626676559448242,-18.118967056274414,54.06268310546874,27.14824725865186,53.7427717520641,60.210570872657875
seq10,test,395,1788537062.526984,-0.019952331483620064,5.293687789789222,0.3199071188843603,13.685542106628416,-18.185072422027588,54.01945495605469,27.186260479829,53.69954783717033,60.189153481284784
seq10,test,396,1788537062.7059243,0.030304429946612095,5.267715677867128,0.31988749997353616,13.744098663330076,-18.250387668609626,53.97578048706055,27.224425380366483,53.65589298708701,60.16746786705317
seq10,test,397,1788537062.881426,0.08057461653049355,5.242971748299263,0.3199124865686518,13.802330970764162,-18.314899444580078,53.93167495727538,27.26279319118359,53.61176247070673,60.14549831700395
seq10,test,398,1788537063.0540822,0.1308230974138894,5.219370644327932,0.3199139769389905,13.860229492187498,-18.378599643707275,53.88715362548828,27.301296703047694,53.56723964854929,60.12328970734181
seq10,test,399,1788537063.226259,0.1810521718078892,5.196953943876579,0.31991856776101546,13.917780876159668,-18.441477298736572,53.84220886230469,27.33995514094183,53.52229029454367,60.100821171445865
seq11,test,0,1788537063.489021,3.3768236824747744,14.995682095742705,0.31992190781651386,4.691943168640135,-28.68098497390747,65.33272552490234,43.696461934302604,65.01280361708584,78.33291402552139
seq11,test,1,1788537063.718352,3.349614014472949,14.998303124589533,0.31993150719850183,4.698098182678222,-28.695496082305915,65.36924743652344,43.71460280826531,65.04931592932493,78.37333731287397
seq11,test,2,1788537063.911317,3.32189087061213,14.99962737203769,0.31989304572381694,4.703248023986817,-28.711456298828118,65.40499114990233,43.732905040331026,65.08509810417851,78.41324491753387
seq11,test,3,1788537064.1050363,3.2936132128098596,14.999818439109294,0.3199297780598931,4.707391262054442,-28.728870391845696,65.43995666503906,43.75153706153664,65.12002688697918,78.45262836264891
seq11,test,4,1788537064.2937522,3.2648403963858366,14.998691790688131,0.3199045554925808,4.7105274200439435,-28.74773406982421,65.47412109375,43.770307133257326,65.15421653825742,78.49147545596153
seq11,test,5,1788537064.4773161,3.2355353567535112,14.996388191536385,0.31991958164812884,4.712656021118164,-28.768054962158203,65.50748443603516,43.789363662995356,65.18756485438703,78.52978404182055
seq11,test,6,1788537064.6659312,3.205722628252406,14.992841437432386,0.31992792956744154,4.713778972625731,-28.789817810058594,65.54003143310547,43.808623405897066,65.22010350353803,78.56753391657348
seq11,test,7,1788537064.853259,3.1754079522711174,14.988045621037788,0.3199248888521522,4.713897705078123,-28.81303071975708,65.57176971435547,43.82808733371366,65.25184482550331,78.60473581447364
seq11,test,8,1788537065.0322812,3.144602961428475,14.98198587411589,0.319895192331243,4.713010311126709,-28.837684631347656,65.60266876220703,43.84772998482338,65.28277356987579,78.64136284295721
seq11,test,9,1788537065.21614,3.113279099473202,14.974768452978733,0.3199191643771693,4.7111930547513445,-28.86402554394337,65.63258003843046,43.867906128661375,65.3126608740533,78.6774228007129
seq11,test,10,1788537065.3967392,3.0814746690940233,14.96628611397829,0.319916421650718,4.708224773406981,-28.89132356643676,65.66197204589842,43.88776871500212,65.3420556242477,78.71289904446284
seq11,test,11,1788537065.5766242,3.049183559372081,14.956581014671302,0.3199145732895867,4.704329490661622,-28.920296192169182,65.69035339355469,43.90808423830425,65.37043882026511,78.74778811517213
seq11,test,12,1788537065.7587662,3.0164128619092025,14.945646137563868,0.3199072980607378,4.699432373046876,-28.950702667236328,65.7178726196289,43.92860108252429,65.39796532156817,78.78207830000797
seq11,test,13,1788537065.9333901,2.983171412060192,14.93347271949146,0.3198876788165226,4.693536281585695,-28.98253679275512,65.74453735351561,43.949303060078655,65.42464967469908,78.81577268874386
seq11,test,14,1788537066.1099231,2.9494470285024192,14.92012064164997,0.3198963859337445,4.686641693115233,-29.015796661376946,65.77032470703124,43.97024760632102,65.45042832109749,78.84885060656433
seq11,test,15,1788537066.29535,2.9152591889540305,14.90554674339946,0.3198981738868474,4.678750038146973,-29.05047607421875,65.79524230957031,43.99138372361297,65.47534413568347,78.88131928159126
seq11,test,16,1788537066.471533,2.880609673445504,14.889766278382622,0.31990360034383936,4.66986179351807,-29.0865707397461,65.81927490234374,44.01272135055072,65.4993713019999,78.91316291746563
seq11,test,17,1788537066.655213,2.8455088714361128,14.872768197480097,0.3199013940044184,4.659982681274415,-29.124077320098877,65.84241485595702,44.034244977111825,65.5225134619526,78.94437599396208
seq11,test,18,1788537066.8359082,2.8099514766663236,14.854591101253487,0.3199159444591446,4.649109840393067,-29.162986755371094,65.86466979980469,44.055983292293824,65.54475385534555,78.97496072685765
seq11,test,19,1788537067.020862,2.773954318371246,14.83520252447526,0.31992083430174345,4.637246131896973,-29.203296661376953,65.88601684570312,44.07789998315095,65.56609601140138,79.00489993095975
seq11,test,20,1788537067.204081,2.73752863133608,14.814592923234267,0.31990509258004285,4.624396800994871,-29.244995117187493,65.90646362304688,44.09997244649193,65.58655853046683,79.03419658383135
seq11,test,21,1788537067.3977213,2.7006603800721556,14.792824441235659,0.3199105184737967,4.610558986663822,-29.288082599639893,65.9260025024414,44.122262841266114,65.60609198396762,79.06284452030924
seq11,test,22,1788537067.594353,2.6633801196708236,14.769830828452912,0.31988344474229025,4.595738410949705,-29.332546234130852,65.94462585449219,44.14469018054367,65.6247424097499,79.09083693755058
seq11,test,23,1788537067.7736332,2.6256674161727367,14.745696786431377,0.3198852942470265,4.579936504364015,-29.378387451171875,65.96232604980469,44.167340620374326,65.64244075555766,79.1181648284581
seq11,test,24,1788537067.9543881,2.587542229444171,14.720384556827945,0.3198802248626966,4.5631556510925275,-29.42559051513672,65.97911071777344,44.19015912447389,65.65923049291074,79.1448337692834
seq11,test,25,1788537068.137104,2.549002702611778,14.693926177165483,0.31988797590504237,4.545396804809569,-29.474148273468018,65.99496459960936,44.213169871521245,65.67507662370431,79.17082846362938
seq11,test,26,1788537068.3206232,2.5100750877793647,14.666264121317917,0.3198639413748747,4.526663780212404,-29.52405548095703,66.00988006591797,44.236308350784135,65.69001612454309,79.19614381362507
seq11,test,27,1788537068.4996672,2.4707210361099294,14.637546618303409,0.3199111747396004,4.506958961486817,-29.57530164718628,66.02387237548828,44.2597132462012,65.70396120074868,79.22078473548116
seq11,test,28,1788537068.678992,2.4310025429083457,14.607600911210024,0.3198944166666615,4.486287593841549,-29.62787628173828,66.0369186401367,44.28319815831327,65.71702422347005,79.24474059467032
seq11,test,29,1788537068.8570662,2.390905457288259,14.576503755843376,0.3198690712942418,4.464650630950927,-29.681777954101562,66.04902648925781,44.30683828668139,65.72915741796358,79.26801406517998
seq11,test,30,1788537069.0383081,2.3504211506979806,14.544307249040518,0.31986489644102734,4.44204807281494,-29.736988067626953,66.06018066406249,44.33066679064551,65.74031576762145,79.29058667540441
seq11,test,31,1788537069.2230873,2.309551587425656,14.511033482453486,0.3198932247488828,4.418488502502442,-29.79349946975708,66.07039642333984,44.35469822944673,65.75050319859096,79.31247017899017
seq11,test,32,1788537069.394099,2.2683193055966884,14.476640730507786,0.31991648097426495,4.393971920013427,-29.851303577423103,66.07965850830078,44.37888062585851,65.75974202732651,79.33365437886202
seq11,test,33,1788537069.5718222,2.2267496672048672,14.441078327916895,0.31989268848306773,4.368503093719488,-29.910392761230476,66.08797454833983,44.40315411670056,65.76808185985676,79.35414725794918
seq11,test,34,1788537069.7485793,2.1848110044851348,14.404473296269753,0.31990849129104615,4.342084884643551,-29.970749378204346,66.09532928466797,44.42762899371487,65.77542079337692,79.37392644029256
seq11,test,35,1788537069.9227102,2.142529399556728,14.366776859642457,0.31991934310041437,4.3147192001342765,-30.03236436843872,66.10173034667967,44.45224572865617,65.78181100357926,79.39300226866
seq11,test,36,1788537070.1088133,2.0999281132878815,14.327943482697359,0.3198855302134571,4.286412239074708,-30.095230102539055,66.107177734375,44.47694980792145,65.78729220416155,79.41137752093272
seq11,test,37,1788537070.2913702,2.056979188655965,14.288091868929119,0.31989131590296105,4.257167816162111,-30.159332275390625,66.11165618896484,44.50184651294443,65.79176487306188,79.4290291277309
seq11,test,38,1788537070.4648752,2.013699026585376,14.247203071751949,0.3199113529485391,4.226987361907961,-30.22465944290161,66.11518096923828,44.52690423527694,65.79526961628974,79.44597349556354
seq11,test,39,1788537070.6397283,1.9701087179085321,14.205243395632717,0.31991326086735916,4.195875167846679,-30.29119873046875,66.11774444580078,44.552075127553465,65.79783118493343,79.46220476938811
seq11,test,40,1788537070.8125043,1.92620965056668,14.16223689158172,0.31990968304190104,4.163836479187012,-30.358936309814453,66.11934661865234,44.577369113182066,65.79943693561044,79.4777185008242
seq11,test,41,1788537070.9823232,1.8820039788384668,14.118211605732938,0.31991171055679635,4.130877494812009,-30.4278564453125,66.11998748779297,44.60279824068461,65.80007577723617,79.49251274924727
seq11,test,42,1788537071.1669903,1.8374973750066739,14.073180977128573,0.3199227420050932,4.097093618212843,-30.49826400402427,66.11944722294386,44.62868453013427,65.79952448093877,79.50658403432956
seq11,test,43,1788537071.3409622,1.7927139345096108,14.027103115192638,0.319902229832705,4.062208175659181,-30.5692138671875,66.11837768554688,44.654026610189796,65.79847545571417,79.51994381788607
seq11,test,44,1788537071.5175083,1.7476376391697483,13.980063326588441,0.31990324238521994,4.026506423950196,-30.641616821289062,66.11612701416016,44.679834177822684,65.79622377177493,79.53257599740633
seq11,test,45,1788537071.6931763,1.7022859847916478,13.932039298752205,0.31990455453098576,3.98989987373352,-30.715149402618408,66.11292266845703,44.70575618687906,65.79301811392605,79.54448987063829
seq11,test,46,1788537071.8765562,1.6566629788379374,13.883053369592062,0.31991194901202924,3.9523937702178937,-30.78980326652527,66.10874938964842,44.73180635630068,65.7888374406364,79.55567630086531
seq11,test,47,1788537072.0508351,1.6107809968209408,13.83310210772228,0.31991344026617297,3.913991689682009,-30.865558385849,66.10362243652342,44.75796051447451,65.78370899625725,79.56614480241905
seq11,test,48,1788537072.2245011,1.5646430392055264,13.782208395523554,0.3199173754096585,3.874699592590332,-30.94239854812622,66.0975341796875,44.78422520870269,65.77761680427784,79.57588642292473
seq11,test,49,1788537072.4055371,1.5182602666952039,13.730375419996294,0.319916659864405,3.834523916244506,-31.020313024520867,66.09049224853514,44.81059242581451,65.77057558867074,79.58490941640581
seq11,test,50,1788537072.585234,1.4716378334965148,13.677620962012476,0.3199161832048978,3.793466806411745,-31.099285125732422,66.0824966430664,44.837062889647385,65.76258045986151,79.59321074884436
seq11,test,51,1788537072.7663941,1.42478923689743,13.623937183086102,0.3198979946368796,3.751533031463624,-31.17929458618164,66.0735397338867,44.86360789834311,65.75364173924983,79.60078338578013
seq11,test,52,1788537072.9466841,1.3777061458936866,13.569391691762764,0.3199052104360498,3.708730459213256,-31.260330677032464,66.06363677978516,44.89028494020222,65.74373156934911,79.60763733885824
seq11,test,53,1788537073.1264331,1.330401232294791,13.513982565771137,0.31992447132425905,3.6650633811950657,-31.34237265586853,66.0527877807617,44.91707082078514,65.73286330943745,79.61377123322707
seq11,test,54,1788537073.30589,1.282894895580415,13.457675081086387,0.31992089386223843,3.620538234710696,-31.42540717124939,66.04099273681639,44.943916705722465,65.72107184295416,79.61918696543981
seq11,test,55,1788537073.493043,1.2351857941919417,13.400513675144369,0.3199166005324794,3.5751585960388157,-31.509422540664666,66.02825164794922,44.97085549132259,65.70833504741674,79.62388547618731
seq11,test,56,1788537073.672743,1.1872849070852234,13.342502228806177,0.31990366007845616,3.528931856155396,-31.59438705444336,66.01457214355469,44.997859158954626,65.69466848347624,79.6278644448221
seq11,test,57,1788537073.857809,1.139200490558426,13.283651120840563,0.31987992451342273,3.481862783432005,-31.68029808998108,65.99996185302734,45.02493526093957,65.68008192851391,79.63113685856871
seq11,test,58,1788537074.046065,1.0909263579826727,13.224025522990628,0.3198835630789394,3.4341004179469063,-31.767654435384568,65.98404739746984,45.052655084380426,65.66416383439089,79.6336872323634
seq11,test,59,1788537074.221229,1.0424718527645254,13.163634630936185,0.3199095645470762,3.3852233886718732,-31.85486674308776,65.96793365478516,45.079418260687355,65.64802409023808,79.6355261028297
seq11,test,60,1788537074.4062772,0.9938674022375293,13.10240906731409,0.3198931044147957,3.3356640338897705,-31.943485498428338,65.95053100585938,45.10672487215184,65.63063790144457,79.63665776539429
seq11,test,61,1788537074.5842903,0.9451007937418603,13.040437135622753,0.3198934635218811,3.2852880954742436,-32.03297829627991,65.93221282958984,45.134125174905854,65.61231936606796,79.63708751517076
seq11,test,62,1788537074.760951,0.896183567249036,12.977719726357845,0.319896862701474,3.2342079039997076,-32.12373060109907,65.91268393010289,45.16201035648548,65.59278706740142,79.63680615587722
seq11,test,63,1788537074.941389,0.8471290612938831,12.91425172900187,0.31988803653813225,3.1822388772732952,-32.21500210682859,65.89246161169584,45.18962590718695,65.5725735751577,79.63582544873239
seq11,test,64,1788537075.1240032,0.7979295938989339,12.85010859304839,0.31991075662282253,3.1293139457702637,-32.306469440460205,65.87177276611327,45.21672138371491,65.55186200949045,79.63415414006593
seq11,test,65,1788537075.3056903,0.7486168757202187,12.785212124855658,0.31989715983736566,3.075731039047241,-32.39924240112305,65.84981536865234,45.24434098469548,65.52991820881498,79.63178116552069
seq11,test,66,1788537075.483822,0.6991759230915189,12.7196676405399,0.31991326109220575,3.0213596820831303,-32.492790699005134,65.82696533203125,45.27205458685987,65.50705207093904,79.6287184220639
seq11,test,67,1788537075.661833,0.6496324873858462,12.653420577102377,0.3199051506545043,2.966213226318359,-32.58708953857422,65.80322265625,45.29978258056687,65.4833175055955,79.62496576693304
seq11,test,68,1788537075.8414192,0.5999900855129289,12.586503638197753,0.31988678286445116,2.91029167175293,-32.68212175369263,65.77859497070312,45.32754061595098,65.45870818783867,79.62052760382402
seq11,test,69,1788537076.020819,0.5502483413780129,12.518967175461356,0.3198828482839786,2.8536071777343763,-32.77786660194396,65.75308990478516,45.35535924438157,65.43320705650117,79.61540804320394
seq11,test,70,1788537076.198528,0.5004136689197656,12.45083445013276,0.31989477408454015,2.796163320541381,-32.87430620193481,65.72671508789062,45.383244062017305,65.40682031380608,79.60961616007921
seq11,test,71,1788537076.379475,0.45050510765887386,12.382075621359716,0.31989334364106536,2.7379674911499023,-32.97141647338867,65.69947814941406,45.411141026671984,65.37958480577299,79.60315219084954
seq11,test,72,1788537076.5716782,0.4005197211968711,12.312753965095556,0.31991039955104905,2.679030656814574,-33.06917929649353,65.67137145996094,45.43909636692894,65.35146106040989,79.59601083831605
seq11,test,73,1788537076.755319,0.3504752926907013,12.242843230655422,0.31991224737597457,2.61935544013977,-33.16756820678711,65.64242553710938,45.46705712976485,65.3225132897334,79.58821537469412
seq11,test,74,1788537076.9359,0.3003795296968141,12.17236080339394,0.31990133469457915,2.558952569961548,-33.266571283340454,65.61262512207031,45.495029413783996,65.29272378737573,79.5797554717003
seq11,test,75,1788537077.129597,0.25022608832719717,12.10138921539402,0.31992494822826534,2.497828245162965,-33.366161584854126,65.58199310302734,45.52306987922232,65.26206815479908,79.57064427959723
seq11,test,76,1788537077.3134632,0.2000403505303238,12.029866095494404,0.3199253062603784,2.435988664627073,-33.466320514678955,65.550537109375,45.551097252766915,65.23061180311463,79.56088974577689
seq11,test,77,1788537077.500382,0.14982477868098165,11.957834327832012,0.31991910512001653,2.3734436035156254,-33.56701695919037,65.51824951171875,45.5791242279145,65.19833040659873,79.55047990547686
seq11,test,78,1788537077.681019,0.09958403732341702,11.885326851825885,0.3199181512129299,2.3102002143859868,-33.668243288993835,65.48515319824217,45.607176808665464,65.16523504702924,79.53943949507968
seq11,test,79,1788537077.864454,0.04932669876060235,11.812357359743809,0.3199185679776726,2.246264696121217,-33.76997005939483,65.4512481689453,45.6352397770605,65.13132960096763,79.52776373757587
seq11,test,80,1788537078.0350122,-0.0009359125674655859,11.738928615588152,0.3199111738567062,2.1816480159759517,-33.87217724323272,65.41654968261719,45.66329653309865,65.09663850876048,79.51546387596527
seq11,test,81,1788537078.20543,-0.05119956323124737,11.665076075212562,0.31990872937812376,2.1163549423217765,-33.97483885288238,65.38105773925781,45.69135724815237,65.06114900987968,79.5025360454876
seq11,test,82,1788537078.395103,-0.10145330946882727,11.5908032503378,0.31989871133529224,2.0503954887390123,-34.07793474197388,65.34479522705078,45.71940597887029,65.02489651571548,79.4890008110573
seq11,test,83,1788537078.5770912,-0.15169615807974982,11.516165245127596,0.31990771573799615,1.983776807785033,-34.181445837020874,65.30775451660155,45.74747974919753,64.98784680086355,79.47485221889846
seq11,test,84,1788537078.752114,-0.2019101276645988,11.441126035493928,0.31989650361746036,1.9165087938308714,-34.285346984863274,65.2699508666992,45.77551784096391,64.95005436308175,79.46010065042505
seq11,test,85,1788537078.933685,-0.2520917578359118,11.365728254900608,0.3198862479467115,1.848597407341002,-34.38961434364319,65.23139190673827,45.80353994265954,64.91150565879155,79.44474707726205
seq11,test,86,1788537079.116648,-0.30223616572910783,11.29000731329318,0.31988380237371605,1.780052423477173,-34.49422109127045,65.19210052490234,45.83155568350249,64.87221672252863,79.4288108866343
seq11,test,87,1788537079.3007882,-0.35232680143141815,11.213932790501195,0.3198558882793485,1.710882544517518,-34.59915554523468,65.15206909179686,45.85952350017551,64.83221320351751,79.41228975750228
seq11,test,88,1788537079.4677162,-0.402379959306464,11.137665081299716,0.31990359995124584,1.6410961151123047,-34.704384088516235,65.11131286621094,45.88757202723353,64.79140926625969,79.39518865310735
seq11,test,89,1788537079.650173,-0.4523539207853741,11.061023933728958,0.3198865442192165,1.5707006454467787,-34.80989134311677,65.06984710693358,45.91550520372732,64.74996056271436,79.3775220763824
seq11,test,90,1788537079.822971,-0.5022660972330267,10.98418056928686,0.31991302279638845,1.4997081756591786,-34.915642321109765,65.02767181396484,45.94346136676143,64.70775879116846,79.35928231867486
seq11,test,91,1788537080.0061772,-0.5520916605477099,10.907049886074955,0.31990586662292997,1.4281225204467782,-35.02162992954254,64.98480987548828,45.97134844452708,64.66490400886535,79.34049841212173
seq11,test,92,1788537080.174023,-0.6018341644741304,10.829721465028939,0.3199172559334238,1.3559570312499991,-35.12781947851181,64.94126892089844,45.999222992821075,64.62135166496502,79.32116745831694
seq11,test,93,1788537080.351005,-0.6514792001418633,10.752173077203254,0.31991821022114864,1.2832164764404288,-35.23418790102004,64.89704895019531,46.02704034999909,64.57713073997417,79.30128787093032
seq11,test,94,1788537080.5286531,-0.7010187233804093,10.674419662524372,0.31990521059625854,1.2099132537841788,-35.340717732906334,64.85217285156249,46.054799212912826,64.53226764096623,79.28088103336776
seq11,test,95,1788537080.700035,-0.750450744093069,10.596522214736375,0.3199098626155539,1.1360571384429932,-35.447376847267144,64.806640625,46.08252980059623,64.48673076238444,79.25993942240368
seq11,test,96,1788537080.881844,-0.7997622254054007,10.518462967150885,0.31990103593400776,1.0616527795791626,-35.55415016412735,64.7604751586914,46.11020002738237,64.4405741227574,79.23848900525428
seq11,test,97,1788537081.0598302,-0.8489478121759928,10.440278618882717,0.3198954298323473,0.9867138266563412,-35.661007314920425,64.71368408203124,46.13781765973068,64.3937886521989,79.21652753931224
seq11,test,98,1788537081.2347672,-0.8980033960059434,10.362017109543402,0.31991385749869905,0.9112462997436516,-35.76792931556701,64.6662826538086,46.165412828708966,64.34636879630989,79.19406871045236
seq11,test,99,1788537081.4127681,-0.9469160394539131,10.283658238417873,0.3199259023436749,0.8352624177932733,-35.874886244535446,64.61827087402342,46.19293656868175,64.29834497167975,79.17110934511017
seq11,test,100,1788537081.596277,-0.9956766330612491,10.205209372386964,0.31992363685125746,0.7587707638740538,-35.981861621141434,64.56966400146484,46.22038092259566,64.24974036461359,79.14766420779642
seq11,test,101,1788537081.7765841,-1.0442749457657015,10.126662904781247,0.3198874997764809,0.6817809939384464,-36.08882589638233,64.5204849243164,46.247709935060186,64.20059742453992,79.1237472817441
seq11,test,102,1788537081.9605641,-1.0927161967645624,10.048156165195255,0.31990073818062403,0.6043004989624021,-36.19575557857751,64.47073364257812,46.27503904948565,64.1508329043975,79.09935904518665
seq11,test,103,1788537082.1373432,-1.1409814405674445,9.969605207540283,0.3198933442865981,0.5263415575027466,-36.302631821483374,64.42042541503905,46.302266528216975,64.10053207075245,79.07450978288519
seq11,test,104,1788537082.3194392,-1.1890684558682976,9.89107920072474,0.31989632526516343,0.4479113817214959,-36.409424021840096,64.36957550048827,46.329432347606115,64.0496791752231,79.04921064818055
seq11,test,105,1788537082.4942112,-1.2369677078171202,9.812580671887906,0.319900082244293,0.3690234422683717,-36.51610951125622,64.31819915771483,46.35651779048884,63.998299075470534,79.02347136271148
seq11,test,106,1788537082.673706,-1.2846715359182448,9.734128097803712,0.3199042562312586,0.28968381881713834,-36.622669130563736,64.26630401611328,46.38352341138996,63.94639975988202,78.99729923424978
seq11,test,107,1788537082.8555782,-1.3321728441228193,9.655747752505459,0.31991451378964175,0.2099047750234601,-36.729072868824005,64.21390533447266,46.41044696462622,63.893990820683015,78.97070121538688
seq11,test,108,1788537083.037635,-1.3794625568088548,9.577436794049062,0.31991099509363785,0.1297276419392016,-36.835701826813875,64.16071519745097,46.4376688873961,63.84080420235733,78.94368481961784
seq11,test,109,1788537083.212665,-1.4265336267821935,9.499220190059987,0.3199028259995573,0.049063719809055314,-36.9413223862648,64.10763549804688,46.463979406769525,63.78773267204732,78.91626081963891
seq11,test,110,1788537083.3905742,-1.4733815675205568,9.421151155793062,0.3199112343373902,-0.03197509795427296,-37.0471231341362,64.05380249023438,46.49062451822527,63.733891255896985,78.8884469533601
seq11,test,111,1788537083.5779452,-1.5199971285597271,9.343235487036594,0.3199259618387944,-0.11341552436351732,-37.15267235040664,63.99951171875,46.51717873471346,63.67958575691121,78.86024067683972
seq11,test,112,1788537083.7572381,-1.5663704352111014,9.26544742452836,0.31991707757623344,-0.19524657726287908,-37.25794637203216,63.94477844238281,46.54359409181548,63.62486136480658,78.8316505895604
seq11,test,113,1788537083.9415472,-1.61249352191765,9.187787656252713,0.3198693648493045,-0.2774560451507567,-37.362922728061676,63.88962936401367,46.56985035780861,63.56975999916437,78.80269886685382
seq11,test,114,1788537084.118664,-1.6583679106418268,9.110430449455873,0.31989578869913093,-0.3600341677665713,-37.46758246421813,63.83406066894531,46.59610453132612,63.514164880246184,78.77338445140826
seq11,test,115,1788537084.293504,-1.7039794513710376,9.033279147895213,0.31991200869031244,-0.4429723918437958,-37.57189208269119,63.7780876159668,46.62222779143502,63.45817560727649,78.74371197524535
seq11,test,116,1788537084.4689863,-1.7493203027222646,8.956338908024154,0.31991016083509893,-0.5262585282325744,-37.67583513259888,63.72174072265625,46.6482104250439,63.40183056182115,78.71370690323924
seq11,test,117,1788537084.643185,-1.7943845096045672,8.879632800957902,0.3198898207358374,-0.6098840236663818,-37.77938497066498,63.66502380371094,46.674050400772025,63.3451339829751,78.68337168763725
seq11,test,118,1788537084.8135571,-1.8391673223330176,8.803261530101905,0.31991081610781613,-0.6938366293907166,-37.882518887519836,63.607948303222656,46.69982736155017,63.28803748711484,78.6527149217943
seq11,test,119,1788537084.9909222,-1.8836581335739866,8.727144493436898,0.3199034810032977,-0.778106689453125,-37.98521077632904,63.55052947998047,46.725436101168995,63.230625998977175,78.62174281372141
seq11,test,120,1788537085.173574,-1.9278527695503616,8.651384102797218,0.3199269756387164,-0.8626818656921388,-38.08744060993194,63.49278259277344,46.75096068084214,63.17285561713472,78.59047023275149
seq11,test,121,1788537085.3614821,-1.9717416685683997,8.57590572233213,0.3199141560492471,-0.9475536942481995,-38.18918216228485,63.434715270996094,46.77630175487041,63.11480111494684,78.55889844977453
seq11,test,122,1788537085.5437372,-2.015319714401514,8.500784965561984,0.31990491225253637,-1.032711148262024,-38.290417075157166,63.3763542175293,46.80151822334026,63.05644930527676,78.52705207123586
seq11,test,123,1788537085.7203763,-2.058578654105323,8.42597957163696,0.31985821579188034,-1.1181433200836182,-38.39111351966858,63.31771469116211,46.82653760569369,62.99785647537023,78.49493324176275
seq11,test,124,1788537085.9003842,-2.1015137024515753,8.351670014391487,0.3198865447584258,-1.2038390636444092,-38.49125695228578,63.25878906249999,46.85152747309972,62.93890251774157,78.46254569347336
seq11,test,125,1788537086.0746381,-2.1441166604825828,8.277747648199398,0.31990205075020084,-1.2897875308990476,-38.59082007408142,63.19961929321289,46.876353512188615,62.87971724246269,78.42991367515164
seq11,test,126,1788537086.258649,-2.1863813051949936,8.20422690843883,0.31990073886131576,-1.375978946685791,-38.689781069755554,63.14020538330078,46.901009970379484,62.82030464443947,78.39703700945475
seq11,test,127,1788537086.4451191,-2.2283002510304653,8.131162900079023,0.31991004187739835,-1.4624010324478152,-38.788116455078125,63.08055877685547,46.925530117626806,62.76064873497807,78.36392286285574
seq11,test,128,1788537086.620999,-2.269867002835793,8.058562749172417,0.3199194031255528,-1.5490441322326662,-38.885802984237664,63.02070617675781,46.94989946446053,62.70078677363226,78.33059250226216
seq11,test,129,1788537086.8008142,-2.311076419245491,7.986395812762419,0.319897219836321,-1.635899668353721,-38.98302689767851,62.96049827694154,46.9742752301409,62.64060105710522,78.29704613963698
seq11,test,130,1788537086.978704,-2.351919821613115,7.914769943565561,0.31990664229395427,-1.7229467630386353,-39.07914781570436,62.90042495727539,46.99812670174671,62.58051831498144,78.26330676661424
seq11,test,131,1788537087.158677,-2.392391936580836,7.8436557604606625,0.31991326092808925,-1.8101842403411867,-39.17475509643555,62.84001922607422,47.022015325903,62.52010596514613,78.22936517192605
seq11,test,132,1788537087.33846,-2.4324861962732442,7.773075170362718,0.3199219667440063,-1.897600054740905,-39.26962709426879,62.779457092285156,47.045743054427035,62.45953512554115,78.19523941802262
seq11,test,133,1788537087.5127242,-2.472196611622293,7.7030299075720885,0.3199199393591965,-1.985179424285889,-39.36373925209045,62.71876144409179,47.06928876528433,62.398841504732594,78.16094527321468
seq11,test,134,1788537087.689377,-2.511517044214849,7.633539877802528,0.31991004078931096,-2.0729150772094727,-39.45707321166992,62.65795135498047,47.09265561452077,62.33804131419116,78.12649747504145
seq11,test,135,1788537087.8718023,-2.550441865772065,7.5646193968007225,0.31989125693918496,-2.1607921123504643,-39.5496027469635,62.59702682495117,47.11583338053466,62.277135568011985,78.09189055016435
seq11,test,136,1788537088.0528982,-2.588961487742403,7.496352262917143,0.3199077747862653,-2.248802423477173,-39.64130830764772,62.53600311279297,47.138887897942475,62.2160953380067,78.05714106577774
seq11,test,137,1788537088.230096,-2.6270733354072267,7.428676872001086,0.31990729842732524,-2.3369348049163814,-39.73217034339905,62.47490692138671,47.16173968845074,62.15499962295939,78.02226392877401
seq11,test,138,1788537088.418941,-2.664771504706658,7.361620797964573,0.31989423765953484,-2.425174474716186,-39.82216668128967,62.41374969482422,47.184395806497406,62.093855457164686,77.98726878894702
seq11,test,139,1788537088.591437,-2.702047368275072,7.295240002763883,0.31990139511130544,-2.5135142803192134,-39.911274433135986,62.352546691894524,47.206890915544065,62.032645296783215,77.95216246152891
seq11,test,140,1788537088.769232,-2.7388969507655267,7.2295184276725495,0.31989996342148586,-2.6019420623779292,-39.99947381019592,62.29130554199218,47.2291908087159,61.971405578570696,77.916953057918
seq11,test,141,1788537088.94755,-2.7753132852424636,7.1644910850252606,0.31990753672930095,-2.6904466152191158,-40.086746454238884,62.23004913330078,47.25131375256826,61.91014159657148,77.88165563116372
seq11,test,142,1788537089.1213913,-2.811292114908313,7.100150258887373,0.3199059864969265,-2.7790160179138184,-40.17306923866272,62.16878890991211,47.273230515906015,61.84888292341518,77.84627571235701
seq11,test,143,1788537089.298437,-2.846826250578858,7.036536277451116,0.3199123670653048,-2.8676390647888184,-40.25842332839967,62.10754394531249,47.29496418533682,61.787631578247186,77.81082863805976
seq11,test,144,1788537089.4728851,-2.8819105812885812,6.973656584285866,0.31991946236348623,-2.956304788589477,-40.34278869628906,62.04632186889648,47.31650376441312,61.72640240653299,77.77531923779524
seq11,test,145,1788537089.6419742,-2.9165410975448047,6.9115121412854865,0.3199193431134233,-3.045055063892266,-40.42672107166224,61.98470540410673,47.3384076576618,61.6647860609933,77.73976253829855
seq11,test,146,1788537089.8164341,-2.9507132206827977,6.850099570689306,0.3198982928953167,-3.133719444274902,-40.50848031044008,61.92402648925781,47.3589334723153,61.604128196362495,77.70416456322693
seq11,test,147,1788537089.9953392,-2.9844151788979696,6.789513086699759,0.31991212788219503,-3.222445487976074,-40.58976411819457,61.86298370361328,47.37987512527085,61.543071575731084,77.66854077335185
seq11,test,148,1788537090.1748981,-3.0176492185962736,6.7296833783105185,0.31990061939845593,-3.311169862747192,-40.66998291015624,61.802024841308594,47.40057508750875,61.48212422191014,77.63289326995964
seq11,test,149,1788537090.3579552,-3.0504026868166023,6.670700593827634,0.3199180318012169,-3.399919021578558,-40.74946570654294,61.740898089553475,47.42145436005803,61.42098005775226,77.59723658016352
seq11,test,150,1788537090.5402782,-3.0826806129227347,6.612482537188362,0.3198944770835668,-3.488566875457764,-40.82714867591858,61.6804313659668,47.44136753186722,61.36053688888323,77.56158095723491
seq11,test,151,1788537090.71967,-3.1144667086875852,6.555145656678813,0.3199025868468832,-3.5772166252136213,-40.9040606021881,61.61983108520508,47.46146222154262,61.29992849835819,77.52594165897467
seq11,test,152,1788537090.8856802,-3.14576336713242,6.498637320308802,0.319895668525791,-3.6658184528350826,-40.97983193397522,61.55937194824219,47.48131737875602,61.2394762797164,77.49031523381555
seq11,test,153,1788537091.0620203,-3.1765585798122893,6.443032332719347,0.3199182699955905,-3.754363298416138,-41.054447412490845,61.49908447265625,47.50099409948694,61.17916620266066,77.45472753610505
seq11,test,154,1788537091.2356372,-3.2068555024225014,6.388273107411418,0.31991689822010416,-3.842837333679197,-41.127888202667236,61.43897247314453,47.520417280734236,61.119055574924424,77.41917729416792
seq11,test,155,1788537091.409377,-3.2366494748006067,6.334386423742787,0.31990354159302425,-3.9312310218811053,-41.200138568878174,61.379051208496094,47.53959938619226,61.05914766690307,77.3836741413092
seq11,test,156,1788537091.5921512,-3.2659312155848528,6.281409693043709,0.3198928667422949,-4.019532203674315,-41.27117919921875,61.31933593749999,47.55855995302814,60.9994430707577,77.34822997165728
seq11,test,157,1788537091.762504,-3.2946902930495927,6.229399122954282,0.31991707723087104,-4.107729911804198,-41.3409960269928,61.25984573364258,47.57734259228623,60.93992865641171,77.31286072053163
seq11,test,158,1788537091.9396722,-3.3229370278575523,6.178265527136936,0.3199032423186958,-4.195814132690429,-41.40957283973694,61.20058822631835,47.59584304192809,60.88068498399966,77.27756517251858
seq11,test,159,1788537092.11779,-3.3506553999087254,6.12809714136989,0.3199061649336059,-4.283771991729735,-41.47689461708068,61.14158630371093,47.61413599863048,60.821680138777324,77.24236351769551
seq11,test,160,1788537092.304245,-3.3778443037897263,6.078886492665487,0.3199111150292022,-4.371593475341795,-41.54293870925903,61.08285140991211,47.63219261149558,60.76294029488291,77.20725798950588
seq11,test,161,1788537092.4776123,-3.404500094576005,6.030642149036689,0.3199133800902565,-4.459266662597656,-41.607696771621704,61.024394989013665,47.6500143508114,60.70448160892341,77.17226156489554
seq11,test,162,1788537092.654643,-3.430622161269829,5.983352672839921,0.31990032139380653,-4.546782016754152,-41.67115449905397,60.96623229980468,47.6675766807909,60.64633197841087,77.13738036162948
seq11,test,163,1788537092.8333793,-3.456195760141585,5.93709467909125,0.3199129029201986,-4.634125709533691,-41.73329162597658,60.90837860107422,47.684937343358996,60.58846569815402,77.10262917110194
seq11,test,164,1788537093.01041,-3.4812371634757584,5.891761326870778,0.319873066797576,-4.721335719581484,-41.79436641777389,60.850638029181596,47.70224967134595,60.53076496238402,77.06800977473598
seq11,test,165,1788537093.186302,-3.5057137333926542,5.847528827563998,0.31989471582848084,-4.808260917663574,-41.85354995727539,60.79365921020507,47.71885944157411,60.47376449437659,77.03353645345662
seq11,test,166,1788537093.3626132,-3.529640631981576,5.8042969068382995,0.3198993079737362,-4.895029067993164,-41.91164827346801,60.73682022094726,47.735476430336284,60.416920912973524,76.9992210521359
seq11,test,167,1788537093.542792,-3.5530104475311535,5.7620991596198,0.3199024081509847,-4.981583595275881,-41.9683723449707,60.68034362792968,47.75184531815481,60.36044121977869,76.96506737173263
seq11,test,168,1788537093.723228,-3.5758200888465597,5.720941362018922,0.3199016921644662,-5.067913055419921,-42.02370500564575,60.6242561340332,47.76795576737875,60.30435444186874,76.93109100256402
seq11,test,169,1788537093.904347,-3.5980657886281353,5.680836447099081,0.319898710190172,-5.154007911682129,-42.077640533447266,60.56855773925781,47.7838160823481,60.24865902906764,76.89729510322533
seq11,test,170,1788537094.080553,-3.619736907485692,5.641829342363238,0.3199204168168177,-5.2398552894592285,-42.13016176223755,60.51326370239258,47.79945520264499,60.19334328557576,76.86368774372482
seq11,test,171,1788537094.258557,-3.6408423772565484,5.6038675333205274,0.3199195223543485,-5.3254456520080575,-42.18125581741333,60.45839309692383,47.81480839487024,60.13847357456948,76.83027987530271
seq11,test,172,1788537094.4333441,-3.661378557993684,5.56696234856116,0.31989733852737534,-5.410767555236817,-42.230915546417236,60.40395736694335,47.82988075593478,60.084060028415976,76.79708173248014
seq11,test,173,1788537094.608136,-3.6813254879112893,5.531205649480123,0.3199159443067001,-5.495810985565185,-42.27912139892578,60.3499755859375,47.84474610755845,60.0300596416308,76.76410483210549
seq11,test,174,1788537094.781544,-3.700703171626775,5.496492888840217,0.3198931657015476,-5.5805649757385245,-42.325870990753174,60.29644393920898,47.85929760699374,59.97655077350743,76.7313430751861
seq11,test,175,1788537094.9532292,-3.7194813348441866,5.46296258420157,0.31991958145742094,-5.665018558502198,-42.371150970458984,60.24339294433594,47.87366222307209,59.92347336287852,76.69882785623527
seq11,test,176,1788537095.1303601,-3.737684760604275,5.430493037853944,0.319904137025361,-5.749162673950195,-42.41494750976562,60.19083023071289,47.887704315321656,59.87092609368753,76.66655082829453
seq11,test,177,1788537095.3087351,-3.7552970458865254,5.39915574396085,0.3198921503004959,-5.832984447479247,-42.45724868774413,60.13876724243164,47.901484633251705,59.818875092131144,76.63452255581447
seq11,test,178,1788537095.486242,-3.7723155474479504,5.3689567898851,0.3198841595704651,-5.916476249694824,-42.49805498123169,60.087215423583984,47.915010602245445,59.76733126401352,76.60275535145992
seq11,test,179,1788537095.664541,-3.788728129226918,5.339947299608134,0.3199090871902617,-5.999625205993652,-42.53734636306763,60.036190032958984,47.92831432823554,59.71628094576872,76.57125782132698
seq11,test,180,1788537095.8505821,-3.8045535584571395,5.312037297611798,0.3198975186347466,-6.08242177963257,-42.57511568069458,59.9857063293457,47.941298522263224,59.665808810710956,76.54003426336489
seq11,test,181,1788537096.0339012,-3.8197821049564236,5.285267728774224,0.3198743795279664,-6.164856433868408,-42.611358642578125,59.93577194213867,47.95400078580563,59.615897562610705,76.50909379649416
seq11,test,182,1788537096.208863,-3.834389910605446,5.259735429545441,0.31990401814338787,-6.246981722864987,-42.646334906993346,59.88617567764286,47.96678198860106,59.56627165949947,76.47844724989697
seq11,test,183,1788537096.383558,-3.8484011224262793,5.235336311478466,0.31990807314563496,-6.328596115112305,-42.67922210693361,59.83760452270508,47.978706481450374,59.517696449559445,76.44810309154224
seq11,test,184,1788537096.5581021,-3.8618079545774915,5.212098313169754,0.31990193131139666,-6.409882068634032,-42.710827350616455,59.78940200805664,47.99061872770035,59.46950007674524,76.41806674632319
seq11,test,185,1788537096.748703,-3.8746082445160357,5.190028979868789,0.3198866654083423,-6.49076509475708,-42.74087142944336,59.74179458618164,48.002244642437944,59.4219079207733,76.38834094059985
seq11,test,186,1788537096.921587,-3.886780268663139,5.169209958385785,0.31991624235602556,-6.571235179901125,-42.76934862136841,59.694805145263665,48.01366156496497,59.37488890290764,76.35894924046309
seq11,test,187,1788537097.0957232,-3.8983515812241523,5.149532573149375,0.3199094441724908,-6.651282787323,-42.7962532043457,59.64842987060546,48.02475407586135,59.32852042643297,76.3298784227817
seq11,test,188,1788537097.268701,-3.909306236063863,5.131057088714367,0.3199075962289559,-6.730897903442383,-42.82157897949218,59.60269546508789,48.03557728837328,59.28278786885893,76.30115086243072
seq11,test,189,1788537097.440742,-3.9196410353782363,5.113792020659299,0.3199129038437485,-6.810070037841796,-42.845314502716064,59.55759811401367,48.04612865089911,59.23768521016992,76.27275940594998
seq11,test,190,1788537097.6152341,-3.929355547604555,5.097736121267707,0.3199186275001873,-6.888790607452391,-42.867462158203125,59.513164520263665,48.056409581474234,59.19324589276348,76.24473005515574
seq11,test,191,1788537097.7911692,-3.938456465546388,5.082864172475469,0.31990622402692503,-6.967050075531004,-42.888012409210205,59.469398498535156,48.066385127964004,59.14949227450823,76.21705724837366
seq11,test,192,1788537097.964863,-3.946928304737421,5.0692330438296445,0.3199161832315538,-7.044837951660158,-42.90696334838867,59.426307678222656,48.07611116183586,59.1063914949911,76.18974983555435
seq11,test,193,1788537098.136877,-3.9547803668867156,5.056805549076728,0.31991487111444905,-7.122145652770997,-42.92430877685547,59.3839111328125,48.08554392759222,59.06399626169805,76.1628202551237
seq11,test,194,1788537098.30568,-3.962004225174442,5.045610601129411,0.31992309977310884,-7.198964118957521,-42.94004440307617,59.34220886230469,48.094708602263104,59.02228576253158,76.13626739058422
seq11,test,195,1788537098.485096,-3.9686128426787994,5.035599099274148,0.31990288489386187,-7.275282859802248,-42.954166889190674,59.30121994018555,48.103551908666354,58.98131705529168,76.1101009578006
seq11,test,196,1788537098.657565,-3.974584783291376,5.0268499465070065,0.31991016030047814,-7.351094245910646,-42.96667098999025,59.26095199584961,48.11214886110532,58.94104183554913,76.0843300600926
seq11,test,197,1788537098.8285062,-3.979929989311075,5.019325232160837,0.3199151091986141,-7.426388263702393,-42.977561950683594,59.221416473388665,48.120466060500874,58.901501364190054,76.05896473681126
seq11,test,198,1788537099.0020852,-3.984652295997449,5.013007750649873,0.3199066424620416,-7.501156330108642,-42.98683214187622,59.18261718749999,48.128478371231104,58.86271054503795,76.03399978324816
seq11,test,199,1788537099.1817381,-3.9887391578832174,5.007945418353359,0.31991242614389837,-7.575389862060546,-42.994476318359375,59.14456558227539,48.13622914046142,58.82465315613149,76.00944924680205
seq11,test,200,1788537099.3566282,-3.9921980106438135,5.004105763873406,0.31991409555611683,-7.649078845977783,-43.00049591064453,59.10727310180664,48.143686599313966,58.787359006250526,75.98531528066951
seq11,test,201,1788537099.529458,-3.995026890913597,5.00149729505884,0.31991385717663334,-7.722215175628663,-43.0048942565918,59.07074737548828,48.15086252934739,58.75083351831165,75.9616087337313
seq11,test,202,1788537099.7028952,-3.997230010222183,5.00010496227842,0.3199019909962044,-7.794791698455814,-43.00766372680664,59.035003662109375,48.157733847022286,58.71510167111317,75.93833349191824
seq11,test,203,1788537099.8717432,-3.998802103671694,4.999945972110251,0.31988899004786875,-7.866956416033375,-43.00936786557078,58.99957416713471,48.1648921201864,58.67968517708684,75.91549436993228
seq11,test,204,1788537100.042817,-3.9997253598578144,5.0010803364906,0.3199199393986245,-7.938226222991944,-43.00832796096801,58.96587753295898,48.17068687615941,58.645957593560354,75.89310519531188
seq11,test,205,1788537100.210662,-4.000030030696119,5.00340411638863,0.31991880651201376,-8.009068489074709,-43.00621795654298,58.93251419067383,48.17671845348624,58.612595384161814,75.87115748829689
seq11,test,206,1788537100.383184,-3.9997044549584833,5.0069537972498726,0.319912485669386,-8.079316139221193,-43.00248384475707,58.89996337890625,48.18245878113866,58.580050893236866,75.84966510704149
seq11,test,207,1788537100.56128,-3.9987481563820353,5.0117339202799736,0.31990538998975393,-8.148962020874027,-42.997127532958984,58.86823272705078,48.18791397391378,58.548327337061025,75.82863368889724
seq11,test,208,1788537100.7333162,-3.9971625829963755,5.017736933000552,0.3198917338933178,-8.217997550964355,-42.990146636962905,58.83732604980469,48.19307349291999,58.51743431591137,75.80806323611618
seq11,test,209,1788537100.907408,-3.994935011622073,5.02500622934077,0.31990634392546746,-8.286414146423338,-42.98154878616333,58.807254791259766,48.19798873003993,58.4873484473343,75.78796768630859
seq11,test,210,1788537101.0852,-3.9920819273191746,5.033485010394348,0.3199068804765157,-8.354205131530763,-42.97133255004883,58.77802658081054,48.20259980395409,58.458119700334024,75.76834686568485
seq11,test,211,1788537101.2701492,-3.9886081943964613,5.043154952225962,0.31988380241878467,-8.421362876892092,-42.95949983596801,58.7496452331543,48.20688934986065,58.42976143073551,75.74919934654343
seq11,test,212,1788537101.439942,-3.9844831264413645,5.054122510550104,0.31991284349169935,-8.487879753112791,-42.9460563659668,58.72212219238281,48.21097129652891,58.40220934889111,75.73054740450803
seq11,test,213,1788537101.6142151,-3.979746045999003,5.066250635349107,0.31989918742966217,-8.553747177124027,-42.93100404739381,58.69546890258789,48.21470671307273,58.37556971515823,75.71238394738947
seq11,test,214,1788537101.796363,-3.974375872917057,5.079613051825073,0.319899008917518,-8.618959426879883,-42.91434478759767,58.669677734375,48.21817235733878,58.34977872545748,75.69470802369133
seq11,test,215,1788537101.974504,-3.968382382298742,5.094174905114805,0.319887260421146,-8.683508872985838,-42.896087646484375,58.644756317138665,48.2213408937848,58.32486905671752,75.67752683642513
seq11,test,216,1788537102.1564682,-3.961747932454992,5.109993205672072,0.3199091462708352,-8.747387886047362,-42.87623596191406,58.6207275390625,48.22427334330206,58.30081839279166,75.66086151213709
seq11,test,217,1788537102.337853,-3.954510758857543,5.126944203775509,0.31987765907116383,-8.810589790344238,-42.854793548583984,58.59757995605469,48.22684585680724,58.27770229698352,75.6446908005584
seq11,test,218,1788537102.5042071,-3.9466237001418443,5.145179599438611,0.319906284219307,-8.873108863830563,-42.8317642211914,58.5753288269043,48.229217228107004,58.25542254268499,75.62903972722849
seq11,test,219,1788537102.672733,-3.9381237338515254,5.1645804242776325,0.3199117707429049,-8.9349365234375,-42.80715942382812,58.553977966308594,48.23127576695963,58.23406619556569,75.61390366710367
seq11,test,220,1788537102.8494222,-3.929008314582541,5.185152154289883,0.3198986504715511,-8.996068000793455,-42.78097963333129,58.53353500366211,48.23302698909811,58.21363635319056,75.59928802569887
seq11,test,221,1788537103.0410593,-3.919278283021917,5.20689353158836,0.31987390193322707,-9.05649566650391,-42.75323534011841,58.51399612426758,48.23447899413729,58.19412222233435,75.58518919116271
seq11,test,222,1788537103.224166,-3.9089207806172053,5.229843933802827,0.3198678169432443,-9.116213798522951,-42.72393083572388,58.4953727722168,48.23567575167601,58.17550495527355,75.57162028183518
seq11,test,223,1788537103.4069831,-3.897929550509072,5.254027134789002,0.3199032426000168,-9.175216674804686,-42.69307327270508,58.47766876220703,48.23664786112914,58.15776551960701,75.55858579348984
seq11,test,224,1788537103.5857973,-3.8863405833394484,5.279323066180458,0.3198957287533659,-9.233496665954588,-42.66067552566528,58.46088790893555,48.237283745646586,58.14099218018218,75.54608206157368
seq11,test,225,1788537103.761168,-3.874130344879509,5.305807110661139,0.31990521038739694,-9.291049003601076,-42.626739501953125,58.44503402709961,48.23766197200735,58.12512881671221,75.53411568612579
seq11,test,226,1788537103.9444313,-3.861316328245724,5.333424072694716,0.31989727953746994,-9.347867965698242,-42.59127473831175,58.43011474609375,48.23773424401397,58.11021746655628,75.52268784283687
seq11,test,227,1788537104.1171532,-3.8478808657143144,5.362230937298625,0.31991713707868685,-9.403947830200194,-42.55429506301881,58.4161262512207,48.23757191290777,58.09620911414201,75.51180608015588
seq11,test,228,1788537104.2957861,-3.8338497198387413,5.392142345573698,0.3199067013923096,-9.459282875061033,-42.51580476760864,58.403079986572266,48.23709044690973,58.08317328517995,75.50146961258166
seq11,test,229,1788537104.4660633,-3.8192117099447103,5.423194215275137,0.3199001423843868,-9.51386737823486,-42.47581100463867,58.39097213745117,48.236332823274616,58.07107199506679,75.49167640802494
seq11,test,230,1788537104.641627,-3.803965630790514,5.4553932414424855,0.31990604544081624,-9.5676965713501,-42.434330463409424,58.37981414794922,48.235321403326616,58.0599081025084,75.48244272513934
seq11,test,231,1788537104.8241122,-3.7881180280654805,5.488717540008497,0.3199157062996476,-9.620765686035158,-42.39137268066406,58.369598388671875,48.234042109715034,58.04968268237223,75.47376019363199
seq11,test,232,1788537105.0015721,-3.7716835142651144,5.523115885910852,0.319896087750698,-9.673069000244142,-42.34694290161132,58.36033630371094,48.23244632998572,58.04044021596024,75.46563177657369
seq11,test,233,1788537105.1935792,-3.754632250416666,5.55868932757171,0.3199281681491206,-9.724601745605469,-42.30105638504028,58.35202407836914,48.23065203218144,58.03209591022002,75.4580675023045
seq11,test,234,1788537105.368592,-3.7370115468954594,5.5952796970980305,0.3199020505154384,-9.77535915374756,-42.25372362136841,58.34466552734374,48.228505682757664,58.024763476828305,75.45105656605251
seq11,test,235,1788537105.541492,-3.71878628120691,5.633006208847505,0.3199129633308917,-9.82533836364746,-42.2049560546875,58.33826446533203,48.22614033761108,58.01835150200114,75.44461361073245
seq11,test,236,1788537105.7211542,-3.6999759934017034,5.671801680255426,0.31991683884917177,-9.874532699584963,-42.15476608276367,58.332820892333984,48.22349774237172,58.01290405348481,75.43873521757483
seq11,test,237,1788537105.900247,-3.680583015714113,5.711661040934747,0.3199179119223936,-9.922938346862793,-42.10316896438598,58.328338623046875,48.22058656339676,58.00842071112448,75.43342655558513
seq11,test,238,1788537106.074038,-3.6606140399920375,5.752559147682516,0.319904494939244,-9.970648665977723,-42.050501907231975,58.324527750679884,48.2177268564272,58.00462325574064,75.42867824800743
seq11,test,239,1788537106.254438,-3.6400733832890686,5.794483586966075,0.3198773016714036,-10.017369270324709,-41.995784759521484,58.32225036621094,48.213894796625716,58.00237306453953,75.42449822556404
seq11,test,240,1788537106.4450493,-3.618927981346939,5.837549716514768,0.31992429229244834,-10.063385963439938,-41.94003343582153,58.32065200805664,48.21025296097679,58.00072771576419,75.42090496751938
seq11,test,241,1788537106.617721,-3.5972351107179796,5.8815580496920505,0.31991004116658583,-10.108598709106445,-41.882919788360596,58.320014953613274,48.206256845478485,58.00010491244669,75.41787168110132
seq11,test,242,1788537106.7950811,-3.5749691807650583,5.926601616623755,0.31990884791019547,-10.153004646301271,-41.824466705322266,58.320335388183594,48.20202357238759,58.000426540273395,75.4154132477351
seq11,test,243,1788537106.97952,-3.552134481340881,5.972665553782152,0.31991952199689444,-10.19659996032715,-41.76468324661254,58.32162094116211,48.197545497587164,58.001701419165215,75.41353167376514
seq11,test,244,1788537107.152856,-3.5287605409418514,6.019645828831502,0.31987485658988657,-10.2393798828125,-41.70358681678772,58.32386398315429,48.19273125793333,58.003989126564406,75.41221453248795
seq11,test,245,1788537107.320835,-3.504794357518721,6.067730338818109,0.3199176141224127,-10.28134250640869,-41.641185998916626,58.32707214355468,48.187781676844146,58.00715452943227,75.41148638991696
seq11,test,246,1788537107.491046,-3.48029046673966,6.116731588376334,0.31992143006728324,-10.322485923767088,-41.57750701904296,58.331245422363274,48.1825283169492,58.01132399229599,75.41133698823239
seq11,test,247,1788537107.6634703,-3.4552404307480766,6.166677648867518,0.31991665993690255,-10.362805366516113,-41.51255440711974,58.33637237548828,48.177003049074514,58.01645571555138,75.41175476399597
seq11,test,248,1788537107.8423183,-3.429652100805276,6.217543104128936,0.3198915537534064,-10.40229892730713,-41.44635057449341,58.34246063232422,48.17120057019694,58.02256907857081,75.41275148707719
seq11,test,249,1788537108.0293982,-3.4035113602060196,6.269381661844154,0.3198962657133513,-10.440964698791506,-41.3789141178131,58.34950637817383,48.16519324365337,58.029610112460475,75.41433212594703
seq11,test,250,1788537108.1990082,-3.3768269475564185,6.3221634980392984,0.31991713669582045,-10.47879981994629,-41.31025314331055,58.35750198364257,48.15895694235189,58.03758484694675,75.41648618599149
seq11,test,251,1788537108.3783503,-3.3496293417582086,6.375778212478242,0.3198851741321189,-10.515801429748532,-41.24039077758789,58.366455078125,48.152399438503856,58.04656990399288,75.41921405917964
seq11,test,252,1788537108.551701,-3.3218843479731,6.430353859833929,0.3198993065864535,-10.551968574523928,-41.169342517852776,58.3763542175293,48.14566660843923,58.05645491094285,75.42252428815493
seq11,test,253,1788537108.72217,-3.2936181928035575,6.4857993121078685,0.31990819281023475,-10.587297439575195,-41.097122669219964,58.38720703124999,48.1386769784538,58.06729883843976,75.42641059753927
seq11,test,254,1788537108.8872561,-3.264831534128803,6.542113283914476,0.3199156460741648,-10.621911322274237,-41.02422047367852,58.398608851698825,48.13193046354851,58.07869320562466,75.43087785927551
seq11,test,255,1788537109.0496202,-3.235535511059802,6.599257297653607,0.3199072381307666,-10.655439376831056,-40.949249505996704,58.41174316406249,48.12395944468896,58.091835925931726,75.4359123619476
seq11,test,256,1788537109.2075453,-3.2057319709957857,6.657227963333911,0.31989101865926983,-10.688247680664062,-40.87363052368164,58.42542266845703,48.11621919746116,58.10553164979776,75.44152277203702
seq11,test,257,1788537109.369684,-3.175405921389462,6.716083931360781,0.3199179124451177,-10.720343258043393,-40.79742802562466,58.439602851469644,48.108833886310656,58.11968493902452,75.44771484486529
seq11,test,258,1788537109.533063,-3.1445893244462195,6.775709303091127,0.319914453581964,-10.751333236694338,-40.719120264053345,58.45558547973633,48.100118384039604,58.13567102615436,75.4544739178524
seq11,test,259,1788537109.695547,-3.113276097932194,6.836130332170558,0.31991284428557987,-10.781608581542969,-40.64026665687561,58.4720573425293,48.09169984665454,58.152144498243715,75.46180162098788
seq11,test,260,1788537109.865009,-3.0814664629132382,6.8973499746706946,0.3199222649663145,-10.811037063598631,-40.560375690460205,58.48945999145508,48.08307380958298,58.16953772648876,75.46970985959337
seq11,test,261,1788537110.0247412,-3.0491782104905734,6.959303541567766,0.3199092061392803,-10.83961868286133,-40.4794580936432,58.50778579711913,48.07418297002994,58.187876590979855,75.47818261195097
seq11,test,262,1788537110.185579,-3.016403148297002,7.022030573640264,0.31991421552587274,-10.867351531982422,-40.397544860839844,58.52702331542969,48.0650967429552,58.20710909990382,75.4872245792475
seq11,test,263,1788537110.356326,-2.9831488533527035,7.085502721787825,0.31992608138828604,-10.894236564636232,-40.314647912979126,58.54717254638672,48.0557966219916,58.22724646499843,75.49683317775582
seq11,test,264,1788537110.5253851,-2.9494340071404723,7.149650640548047,0.3199059267459601,-10.92027282714844,-40.23078536987305,58.5682258605957,48.046227614997555,58.24831993384974,75.50699810711767
seq11,test,265,1788537110.687121,-2.9152453431604854,7.21453611745835,0.31991153230014113,-10.945460319519041,-40.14598846435547,58.59018325805663,48.036482398601215,58.270271725756494,75.51773439546913
seq11,test,266,1788537110.858766,-2.880593276087749,7.280120273761253,0.31992506761322215,-10.969799041748045,-40.0602650642395,58.613037109375,48.02652739757049,58.29311204176178,75.52902915689424
seq11,test,267,1788537111.0350564,-2.845497471505732,7.346329330658922,0.31990318263990036,-10.99328899383545,-39.97364425659179,58.636775970458984,48.01631396712427,58.31687278781909,75.54087674061063
seq11,test,268,1788537111.2160752,-2.8099413723497673,7.413238943551667,0.319918807076049,-11.01593017578125,-39.886146783828735,58.66140365600585,48.00593861627497,58.3414848489298,75.5532858107936
seq11,test,269,1788537111.389288,-2.773948289180841,7.4807581323176695,0.31991099552674007,-11.037723541259766,-39.79778695106506,58.6869010925293,47.995320674189955,58.36699009700256,75.56623809348935
seq11,test,270,1788537111.567686,-2.737516813685944,7.548901223847504,0.319904017889175,-11.058669090270996,-39.70859169960021,58.71328353881836,47.98449971209273,58.39337952092919,75.57975247706953
seq11,test,271,1788537111.751338,-2.7006460346708128,7.617679848541921,0.31992131106517063,-11.078767776489258,-39.6185839176178,58.74052429199219,47.973508715820905,58.420602980927015,75.5938118575988
seq11,test,272,1788537111.9242492,-2.6633555169092156,7.687014560008268,0.31991415501027953,-11.09801959991455,-39.52777886390686,58.76862335205078,47.96227972330047,58.4487091970405,75.60841145703516
seq11,test,273,1788537112.119165,-2.625642370773107,7.756931467054818,0.3199177338580286,-11.116427421569824,-39.43620324134827,58.79757308959961,47.95086437577859,58.47765535574158,75.623551690523
seq11,test,274,1788537112.290886,-2.5875154491529946,7.82739573954836,0.3199146924166356,-11.134031103983627,-39.344076009144786,58.8272097686968,47.93944802327224,58.50729507628016,75.6392375286725
seq11,test,275,1788537112.4641821,-2.5489813351408035,7.898391740450254,0.3199087293020988,-11.15071201324463,-39.25082778930664,58.85800170898437,47.927431319901146,58.53809297968227,75.65544925926861
seq11,test,276,1788537112.6358402,-2.5100436472550354,7.969909717023592,0.31990598642416535,-11.166591644287111,-39.15707063674927,58.889461517333984,47.91542653978792,58.56955553090982,75.67219393924127
seq11,test,277,1788537112.8139012,-2.470709379934397,8.041929552668128,0.31990389968911903,-11.181631088256836,-39.06263327598572,58.92174530029297,47.90323576009371,58.60184140060385,75.68946962311632
seq11,test,278,1788537112.985546,-2.430987105662223,8.114420557514737,0.3198929867922382,-11.195833206176758,-38.96753311157226,58.9548454284668,47.89084347204338,58.63495244167456,75.70726871510553
seq11,test,279,1788537113.157046,-2.390870303164042,8.187431979847839,0.3199207145461782,-11.209295491416459,-38.87232208182742,58.98831384665311,47.8788583316913,58.66839313210693,75.7255929514561
seq11,test,280,1788537113.329734,-2.3503881691688053,8.260827401697727,0.3199045548742083,-11.221729278564455,-38.77544462680817,59.02344894409179,47.86555733947803,58.70354438921758,75.74442357874075
seq11,test,281,1788537113.500125,-2.3095337585746285,8.334657591966074,0.3198926880994233,-11.233428001403809,-38.678505182266235,59.05894088745117,47.85262127087358,58.73904819935175,75.76377198806452
seq11,test,282,1788537113.688914,-2.268303595654771,8.408960016115008,0.31992381558838034,-11.24429702758789,-38.58099341392517,59.0952033996582,47.83956711183173,58.77527958406982,75.78362403338221
seq11,test,283,1788537113.8678122,-2.2267308062724207,8.483566435588122,0.3198917933089622,-11.254337310791016,-38.482940673828125,59.13224411010742,47.82625292931983,58.81235231679846,75.80397914552047
seq11,test,284,1788537114.0440462,-2.1847948671091686,8.558611737957612,0.3199059263698638,-11.263553619384767,-38.38436543941498,59.170047760009766,47.812832657743094,58.8501418336399,75.82483867834391
seq11,test,285,1788537114.214962,-2.142518428294868,8.63398891362103,0.3199024673719544,-11.271946907043457,-38.285289883613586,59.20860290527344,47.79921743293728,58.888700437901484,75.84618794946859
seq11,test,286,1788537114.3869772,-2.0999022673147865,8.70971051261556,0.3199064035481436,-11.27952003479004,-38.18574178218841,59.24789810180664,47.78544577893128,58.927991698258495,75.86802379053512
seq11,test,287,1788537114.5561972,-2.056953519424067,8.785757904609998,0.3199144539816656,-11.28627681732178,-38.085746526718154,59.28792953491211,47.771522230227625,58.96801508093044,75.89034944430004
seq11,test,288,1788537114.7332592,-2.0136836849726145,8.862077639584543,0.3199022287249629,-11.292295174563911,-37.98582827775782,59.32826778303792,47.757919971612424,59.00836555431296,75.91314856733558
seq11,test,289,1788537114.912923,-1.9700901711056906,8.938718692728315,0.31992017802578876,-11.29734992980957,-37.88449537754059,59.37015151977539,47.743179098972504,59.0502313417496,75.93642717425354
seq11,test,290,1788537115.1102922,-1.9261922003450462,9.01557625578422,0.31990604592978533,-11.301674842834473,-37.7832915186882,59.412322998046875,47.728751290518524,59.09241695211709,75.96017009588004
seq11,test,291,1788537115.29341,-1.881984357545546,9.09271605063489,0.3199191642968695,-11.30519390106201,-37.681732773780816,59.45518493652344,47.71421110035147,59.13526577222657,75.98437733429665
seq11,test,292,1788537115.4675343,-1.8374817344884193,9.170062686712138,0.3199199989127597,-11.307913780212402,-37.57984209060669,59.49872970581054,47.699503978773755,59.17880970689778,76.0090402396075
seq11,test,293,1788537115.641632,-1.7926901446130967,9.24760637061609,0.3199153478799508,-11.30983543395996,-37.47764611244202,59.54294967651367,47.68464400689246,59.22303432863372,76.03415725287283
seq11,test,294,1788537115.817305,-1.7476190315854145,9.325306652107777,0.3198913761549773,-11.31101370702143,-37.37556109363733,59.58750795824159,47.670006984725035,59.26761658208661,76.05971299738754
seq11,test,295,1788537116.0056531,-1.7022635773955803,9.40323906484313,0.319913798314599,-11.311326439503961,-37.27262396076389,59.63319860348824,47.65469838613165,59.31328480517364,76.08571503674537
seq11,test,296,1788537116.1761081,-1.6566434016753282,9.481286114759023,0.3199107563090009,-11.310856819152832,-37.169460117816925,59.67951965332031,47.63922712184153,59.35960889701131,76.11214836786928
seq11,test,297,1788537116.346429,-1.6107612650551375,9.559463799344584,0.31991230747794264,-11.309629440307615,-37.066283941268914,59.72631072998047,47.62382173085493,59.40639842250253,76.13900820069408
seq11,test,298,1788537116.518052,-1.564625221388428,9.637745519783417,0.31990890799708316,-11.307624816894531,-36.96292120218277,59.77371597290039,47.608278482316486,59.45380706490331,76.16628751987683
seq11,test,299,1788537116.6863513,-1.518242191600089,9.716117846909366,0.31990765619934614,-11.304847717285156,-36.859397739171975,59.82172775268554,47.592607617409186,59.50182009648619,76.19398201051894
seq11,test,300,1788537116.866261,-1.4716205644879434,9.794546171108847,0.3198954292935212,-11.301301956176758,-36.755741238594055,59.870330810546875,47.576799957416824,59.55043538125335,76.22208504288562
seq11,test,301,1788537117.0372212,-1.4247618087947043,9.873072144878543,0.31991707711712847,-11.296992301940916,-36.65197044610978,59.91951370239258,47.56091381589596,59.59959662527545,76.25058977410357
seq11,test,302,1788537117.2069871,-1.377681615205437,9.951595904326991,0.3199150500993657,-11.291923522949219,-36.54811527952552,59.96926498413086,47.54487704040217,59.64934993403149,76.27948793967815
seq11,test,303,1788537117.379231,-1.3303846457277464,10.030122659978344,0.3199061652348525,-11.286100387573242,-36.444194654002786,60.019569396972656,47.52871180384586,59.6996632317378,76.30876906172674
seq11,test,304,1788537117.55043,-1.2828753386789478,10.108666631373193,0.3199146919302618,-11.279560952201045,-36.340654572318336,60.07009216385875,47.51287366113848,59.75017747192849,76.33843639652477
seq11,test,305,1788537117.717467,-1.2351653425972031,10.187162169021962,0.3199092066879776,-11.272210121154785,-36.23627084493637,60.121795654296875,47.496077740043404,59.8018864476089,76.36846877724442
seq11,test,306,1788537117.896754,-1.1872618158607364,10.265588821957373,0.31988708242692754,-11.264153480529785,-36.132312715053565,60.1736946105957,47.47956415827381,59.85380752816877,76.3988696793265
seq11,test,307,1788537118.0787091,-1.1391678192937869,10.343986262692143,0.319889168103743,-11.255362510681152,-36.02838960289955,60.22609329223633,47.46298176951976,59.906204124132586,76.42962731176965
seq11,test,308,1788537118.2577963,-1.0908931528563361,10.422317055972028,0.3199061652404853,-11.245841979980469,-35.92452272772788,60.278987884521484,47.44631222358023,59.959081719281,76.46073517980896
seq11,test,309,1788537118.423118,-1.0424471042273187,10.500530270150977,0.3199129632523676,-11.23559856414795,-35.820743560791016,60.3323631286621,47.42953453288355,60.01245016540973,76.49218862643282
seq11,test,310,1788537118.6018271,-0.9938379816347133,10.578591246245086,0.3198982929367604,-11.224637031555176,-35.71707516908645,60.38619613647461,47.412635215093346,60.066297843537846,76.52397085010755
seq11,test,311,1788537118.768639,-0.9450700929755417,10.656545545162544,0.3199115918328277,-11.212963104248047,-35.613536775112145,60.44048690795898,47.39567643589376,60.12057531612615,76.55608219572062
seq11,test,312,1788537118.945714,-0.8961541279571552,10.734312745107808,0.3199044949109544,-11.200581550598145,-35.51015478372574,60.495220184326165,47.378602781570244,60.17531568941521,76.58851493438553
seq11,test,313,1788537119.133624,-0.8470963117696158,10.81190739153208,0.3199062250915745,-11.187499046325684,-35.40695208311081,60.55037307739258,47.3614495117031,60.23046685230101,76.62125055815608
seq11,test,314,1788537119.31677,-0.7979050399439434,10.889292126896782,0.31989906793704903,-11.173721313476562,-35.30395883321762,60.605937957763665,47.344207645774524,60.286038889826614,76.65429200398306
seq11,test,315,1788537119.48427,-0.748587166616323,10.966474442419107,0.31990455476063095,-11.159265558304035,-35.20153728417414,60.66163651163866,47.32723878869339,60.34173195687803,76.68762707841285
seq11,test,316,1788537119.6558223,-0.6991508775809067,11.043427072435424,0.3199175545958326,-11.144104003906248,-35.09867882728577,60.71825408935547,47.309523171051076,60.398336534759636,76.72124893951023
seq11,test,317,1788537119.8252802,-0.6496045621841509,11.120107947585112,0.31991886601800545,-11.128276824951172,-34.99644148349761,60.77497482299805,47.29205751307485,60.45505595698004,76.75514637196366
seq11,test,318,1788537120.002534,-0.5999568335378604,11.196467843091307,0.31988994497458934,-11.111778259277344,-34.89450490474701,60.83205032348633,47.274476819195044,60.51216037851174,76.78930727779314
seq11,test,319,1788537120.170886,-0.5502127491301155,11.272603650000656,0.31990956406019766,-11.094614028930666,-34.79289221763611,60.889472961425774,47.256896934529244,60.56956339736558,76.8237353819001
seq11,test,320,1788537120.3488262,-0.5003827765683191,11.348363899648382,0.31988773844531737,-11.07679271697998,-34.69163155555725,60.94721603393554,47.23919589433117,60.62732829549022,76.85840594881047
seq11,test,321,1788537120.5220072,-0.4504728715534512,11.42386128559947,0.3199124854106081,-11.058318138122557,-34.59073638916015,61.00528335571288,47.221494897657216,60.68537087030228,76.89332752609681
seq11,test,322,1788537120.711678,-0.40049248555107564,11.498945778057605,0.3198971012509608,-11.039198875427246,-34.490238785743706,61.06364059448242,47.203677510267916,60.74374349323146,76.92847030888416
seq11,test,323,1788537120.887739,-0.35044857466769275,11.5736915441257,0.3199015138638739,-11.019439697265625,-34.3901561498642,61.12228775024413,47.18583120397874,60.80238623638026,76.96384111027943
seq11,test,324,1788537121.062207,-0.30034948550447527,11.64805671327397,0.3199116509329769,-10.999048233032227,-34.29052007198333,61.18120574951172,47.16794453805818,60.86129409857874,76.99942929203455
seq11,test,325,1788537121.2309473,-0.250203061532966,11.72200487865433,0.31991457279637836,-10.978032112121582,-34.19134545326233,61.240379333496094,47.149995279320706,60.920464760699716,77.03521974720148
seq11,test,326,1788537121.410114,-0.20001621446987664,11.795474793937766,0.31988123837123217,-10.956396102905273,-34.092655420303345,61.2997932434082,47.13194461152102,60.97991200503697,77.07120001015645
seq11,test,327,1788537121.5803332,-0.14979940335153757,11.868598514501171,0.3199142746931092,-10.934147834777832,-33.99447298049927,61.35943603515625,47.11394165261413,61.03952176046314,77.10737133888031
seq11,test,328,1788537121.760562,-0.09955682455972165,11.9411625241842,0.3198793295510629,-10.911294937133789,-33.896827816963196,61.41929244995117,47.0958070270593,61.09941312040011,77.14371862431399
seq11,test,329,1788537121.9308293,-0.049300597844981454,12.013333067763092,0.3199021097947503,-10.887843132019045,-33.79973578453064,61.47934341430663,47.07771534314411,61.15944130451188,77.18023414456671
seq11,test,330,1788537122.111318,0.0009636941561904966,12.084984055506629,0.3199124267102764,-10.863801002502441,-33.70322084426879,61.53957748413086,47.05956671982412,61.219665057420585,77.21690365198764
seq11,test,331,1788537122.280291,0.05122785108569575,12.156122064607176,0.31992077405752917,-10.839174270629881,-33.6072998046875,61.599979400634766,47.04138220290413,61.28005862657724,77.25371981229414
seq11,test,332,1788537122.4579601,0.1014850743634422,12.226699148745555,0.3199099810035255,-10.8139705657959,-33.51200485229492,61.6605339050293,47.02314552990987,61.34062392402577,77.29067446280854
seq11,test,333,1788537122.6335921,0.15172516006667164,12.296749132334305,0.3199157656752267,-10.788196563720703,-33.41735124588013,61.721229553222656,47.00490251784446,61.40131378754743,77.32775824727445
seq11,test,334,1788537122.8032231,0.2019411361555735,12.366235946689883,0.31992268221410636,-10.761859893798828,-33.323360919952385,61.78205108642578,46.98663847159867,61.462128404211676,77.36496250135794
seq11,test,335,1788537122.986783,0.2521274742708042,12.435101197138124,0.31990288457529603,-10.734967231750487,-33.23005676269531,61.84297180175781,46.96831806202581,61.52306891718251,77.402266830914
seq11,test,336,1788537123.1607492,0.30227116571798696,12.503410499898918,0.3199157055677564,-10.707527160644531,-33.13745951652527,61.90399169921875,46.95002316339475,61.58407599365099,77.43967388254603
seq11,test,337,1788537123.3433752,0.3523699018961732,12.57106195915829,0.31989936614736325,-10.679546356201172,-33.045585632324226,61.965087890625,46.93167069060274,61.64518852447764,77.47716426166855
seq11,test,338,1788537123.5217333,0.4024098352576245,12.638122246969454,0.31991469218179747,-10.651032447814943,-32.95446753501892,62.0262451171875,46.91335448818265,61.7063304250057,77.51473436614404
seq11,test,339,1788537123.6994052,0.45239055155768876,12.70447474820447,0.3198897067576514,-10.621992111206053,-32.86411285400391,62.08744812011719,46.894969105666995,61.76755841335954,77.55236553303351
seq11,test,340,1788537123.870589,0.5022968705160291,12.770200325310611,0.3198925688627694,-10.592433929443358,-32.77455139160156,62.14868927001953,46.87661955046185,61.82879670115676,77.59006097427502
seq11,test,341,1788537124.0449202,0.5521218859265975,12.835262985395998,0.31991021990949764,-10.56236457824707,-32.68579912185669,62.20995330810547,46.858285337116804,61.890043088195974,77.6278064754725
seq11,test,342,1788537124.216393,0.6018644720622494,12.89957431599917,0.3198913759809896,-10.531791687011717,-32.59787392616271,62.271209716796875,46.8398985483176,61.95131834081589,77.66557757579477
seq11,test,343,1788537124.3888373,0.6515085824410307,12.963208099137134,0.31989841215602244,-10.500722885131836,-32.51080322265625,62.33245849609375,46.82155457052783,62.01256008393773,77.70338204071237
seq11,test,344,1788537124.5612533,0.7010498805593847,13.026108045245744,0.31990443519700396,-10.46916675567627,-32.424594640731804,62.3936767578125,46.803206240059694,62.0737723226155,77.74119451558143
seq11,test,345,1788537124.739506,0.750482462163116,13.088241186903995,0.3198962056574193,-10.437129020690918,-32.339282751083374,62.45484542846679,46.78485419265195,62.13494922280937,77.77901064393144
seq11,test,346,1788537124.9247591,0.7997922324726736,13.149651096182227,0.3199171376318164,-10.404619216918945,-32.25487542152404,62.515972137451165,46.76654642182111,62.196054999819346,77.81683058159656
seq11,test,347,1788537125.093965,0.8489802075848356,13.210244439705091,0.3199078945996383,-10.371644973754883,-32.171391010284424,62.57701873779297,46.74821136231696,62.25711084319333,77.85462809697007
seq11,test,348,1788537125.2650082,0.8980315742373266,13.270068243410682,0.3199139167144396,-10.338212013244627,-32.08885598182678,62.63797378540039,46.72991736380521,62.31805986868595,77.89239861902566
seq11,test,349,1788537125.440882,0.9469445104994064,13.329055511933952,0.3199015737600561,-10.304329872131346,-32.00728273391723,62.698833465576165,46.71161248314461,62.37893189181611,77.93013463827266
seq11,test,350,1788537125.6154273,0.9957094323458311,13.38721245986735,0.31988082054670697,-10.270006179809569,-31.92668914794922,62.75955963134765,46.69331887087106,62.43967881080094,77.96781077581201
seq11,test,351,1788537125.786321,1.044307873057081,13.444604628659983,0.31991188986410957,-10.235248565673826,-31.847100019454956,62.82017135620117,46.67512081812528,62.50025946633706,78.00544427631989
seq11,test,352,1788537125.956048,1.0927489453028942,13.501089263170797,0.3198993662383276,-10.200063705444334,-31.768520355224602,62.88062286376953,46.656887729110196,62.56072349753121,78.0429964641373
seq11,test,353,1788537126.130664,1.1410115155936849,13.55675197391739,0.31991993943082964,-10.164461135864258,-31.690983295440674,62.94091033935547,46.63873131720858,62.62099039992464,78.08046937324485
seq11,test,354,1788537126.309691,1.1891001057182908,13.61149509570109,0.31990849043987235,-10.128447532653809,-31.61449408531189,63.00102996826171,46.62056393854459,62.68112147782184,78.11785949234262
seq11,test,355,1788537126.486634,1.237004278384087,13.665323715335623,0.31988249014265024,-10.092031478881834,-31.539074182510376,63.060951232910156,46.60241024342189,62.7410687427675,78.15514280890844
seq11,test,356,1788537126.659862,1.2847021424158318,13.718321342101861,0.3199080139920911,-10.055220603942873,-31.4647376537323,63.12065887451172,46.5843607674766,62.80075086051963,78.192307657208
seq11,test,357,1788537126.83304,1.3322039739390859,13.770356120933423,0.31990002307342014,-10.018021583557127,-31.39150309562683,63.18015670776367,46.566309152674414,62.86025668469025,78.22936161421485
seq11,test,358,1788537127.002391,1.379494884481537,13.821465507862383,0.31989608755426935,-9.980382971170313,-31.319753050185952,63.239161171727446,46.54864592875734,62.919265084173176,78.26627854020703
seq11,test,359,1788537127.1813052,1.4265674873846335,13.871634829722156,0.31989399999019574,-9.942495346069334,-31.248401403427124,63.298408508300774,46.53034772480997,62.97851450831058,78.30304303834696
seq11,test,360,1788537127.3567502,1.4734140575542505,13.92085375768835,0.31989578846117395,-9.904142054361333,-31.17878884811393,63.356992104454605,46.51264931447019,63.03709631599343,78.33965827218495
seq11,test,361,1788537127.5314603,1.5200269866169354,13.969110190709001,0.3199009175455618,-9.86551284790039,-31.109889984130852,63.41560363769531,46.49458865380564,63.09570272014975,78.37610908839571
seq11,test,362,1788537127.708157,1.5663969815377212,14.016402889021503,0.31991731580347893,-9.826496124267578,-31.042397022247314,63.473762512207024,46.47680564285873,63.153845196403545,78.41238184021302
seq11,test,363,1788537127.8821273,1.6125273434461564,14.062661196625104,0.31990187062687525,-9.787138938903809,-30.976093292236328,63.53161621093749,46.459033537697294,63.21171434031062,78.44847115844843
seq11,test,364,1788537128.050258,1.6583952978879204,14.107959807643413,0.31991910477298213,-9.747449874877928,-30.91099977493287,63.589149475097656,46.44136115579239,63.26923037032467,78.48436492484319
seq11,test,365,1788537128.224582,1.7040083470094838,14.152207972285957,0.31990771517713057,-9.707436561584474,-30.847126483917236,63.64634323120117,46.42371351371097,63.32643551602404,78.52005228964295
seq11,test,366,1788537128.398421,1.7493498343066054,14.195443254667087,0.3199061053536032,-9.667106628417967,-30.784484863281243,63.70317840576172,46.40613549587042,63.383272300408116,78.55551297756745
seq11,test,367,1788537128.570135,1.794413401037919,14.237653175941444,0.3199122478890233,-9.626466751098631,-30.723095417022705,63.75965118408203,46.38863457237338,63.43973893619301,78.59074941608279
seq11,test,368,1788537128.7413902,1.8391928488815037,14.278822083388222,0.3199191045267964,-9.585527420043945,-30.662960052490234,63.81574249267578,46.371198116632264,63.495823388148985,78.62574389162221
seq11,test,369,1788537128.912808,1.8836832792982603,14.318925447896222,0.31992065493549693,-9.544293403625488,-30.6041030883789,63.87144088745117,46.35382555880838,63.55152023251568,78.66049114898969
seq11,test,370,1788537129.0841382,1.9278825335405059,14.357935062877477,0.31990127454028805,-9.502774238586424,-30.546531677246094,63.92673873901367,46.336498005967556,63.60683746447339,78.69498598823796
seq11,test,371,1788537129.2583,1.9717670450805769,14.395917200802838,0.31991743488338464,-9.46097755432129,-30.490257740020745,63.981605529785156,46.319287018404886,63.66168809490177,78.729199671951
seq11,test,372,1788537129.434643,2.015348189934956,14.432779130740437,0.3199080142943669,-9.418910026550293,-30.43529129028321,64.03604125976561,46.302116628370214,63.71613324547124,78.76313630132972
seq11,test,373,1788537129.6079211,2.058612988764067,14.468538194809334,0.3198894069337168,-9.376505415343757,-30.38197880031767,64.08980527886787,46.28531956945033,63.76991587193415,78.79678278939883
seq11,test,374,1788537129.7839022,2.101547224001032,14.503217527305623,0.31988982498889396,-9.333778834706319,-30.330289689945243,64.14292170693253,46.268888591236305,63.823031881943635,78.83013034412559
seq11,test,375,1788537129.9593651,2.14414836241097,14.536794246016372,0.3198951322883272,-9.29116439819336,-30.278362274169922,64.19660186767577,46.251104115054765,63.87670673538744,78.86316183884796
seq11,test,376,1788537130.128272,2.1864126198778546,14.569242390934981,0.31989507292786556,-9.248093605041504,-30.228748321533196,64.2491683959961,46.23427196876906,63.92927332306823,78.89588007049333
seq11,test,377,1788537130.3120782,2.2283336881547955,14.600555611925405,0.31988922910955586,-9.204790115356444,-30.180492401123047,64.30123138427734,46.217513791347166,63.98134215516779,78.92826315731277
seq11,test,378,1788537130.499478,2.2699000524165664,14.630743963894526,0.3198901228628719,-9.161262512207031,-30.133610248565667,64.35278320312499,46.200853732777,64.03289308026211,78.96030826855815
seq11,test,379,1788537130.6738172,2.3111021602212114,14.659814474044913,0.3199115325037869,-9.117518424987795,-30.0881085395813,64.40380859374999,46.18430450395547,64.0838970612462,78.99199861422979
seq11,test,380,1788537130.864545,2.351942108626398,14.687723818560672,0.3199211916132658,-9.073564529418945,-30.044003009796143,64.45429229736328,46.16784148065355,64.13437110575002,79.02333290941871
seq11,test,381,1788537131.0398731,2.3924230137636746,14.714424853021649,0.3198945362473833,-9.029408454895023,-30.001293182373047,64.50422668457031,46.151421143008854,64.18433214832292,79.05429885114158
seq11,test,382,1788537131.2143912,2.4325164676882522,14.740004464558663,0.3198978755657971,-8.985058784484863,-29.959991455078125,64.55359649658203,46.135134765757236,64.23369862101623,79.08488286891574
seq11,test,383,1788537131.3897502,2.4722212689260497,14.764429103325249,0.3199128435863783,-8.940521240234375,-29.920105457305908,64.60238647460936,46.1189583629188,64.28247363102298,79.11507275231315
seq11,test,384,1788537131.5668912,2.5115497248559056,14.78762436263963,0.3198884536733111,-8.895803451538084,-29.881645679473877,64.65059661865233,46.10283497341835,64.33070816497901,79.14487605394264
seq11,test,385,1788537131.740338,2.5504643198990093,14.809706661599197,0.3199129627341393,-8.850913047790527,-29.844615936279297,64.69820404052733,46.0868737555051,64.3782910777932,79.17426535594082
seq11,test,386,1788537131.921854,2.5889863686103323,14.830561870922105,0.31990974357292035,-8.80585765838623,-29.809020996093757,64.74519348144531,46.07097599292591,64.42528373787239,79.2032323434222
seq11,test,387,1788537132.0973363,2.6271049692710435,14.850204203207328,0.31988857246455527,-8.760644912719725,-29.77487564086914,64.79156494140625,46.05516907432846,64.4716763689417,79.23178435632089
seq11,test,388,1788537132.272886,2.6647974123561653,14.868692496556545,0.3199018125150621,-8.715280532836912,-29.742176055908203,64.8373031616211,46.039502245831876,64.51740134910604,79.25989429645732
seq11,test,389,1788537132.4429111,2.702074859630751,14.885958163364082,0.3198981748830374,-8.669772148132328,-29.710934162139885,64.88240051269531,46.0239254025617,64.56250233781228,79.28756786268941
seq11,test,390,1788537132.610566,2.7389208543430814,14.902037292621483,0.31990711947225337,-8.624127388000488,-29.68115234375,64.92683410644531,46.00847382287842,64.60692698697306,79.31478221750696
seq11,test,391,1788537132.7821162,2.7753387569944703,14.91688823747766,0.31990383973869396,-8.578351974487301,-29.652843475341797,64.9706039428711,45.99312207470634,64.6507001031324,79.34154209494547
seq11,test,392,1788537132.953172,2.8113211377981364,14.930515626507667,0.31989274802935164,-8.53245544433594,-29.625999927520745,65.01368713378906,45.977867996045106,64.69379438575972,79.36782331328423
seq11,test,393,1788537133.138588,2.846857705585949,14.942935654463813,0.3198876187667885,-8.486441612243652,-29.600635528564453,65.05609130859375,45.962739334868004,64.73620368982697,79.39363623953615
seq11,test,394,1788537133.3221383,2.8819322738445274,14.954179684725968,0.31991499028379056,-8.44032001495361,-29.57674837112426,65.09778594970703,45.94776327969081,64.77787095942324,79.41894935367876
seq11,test,395,1788537133.4942632,2.9165621786222795,14.964164427218657,0.31991487049065026,-8.394095420837404,-29.554348468780518,65.13877868652344,45.93287456499386,64.81886381603279,79.44377931723078
seq11,test,396,1788537133.662121,2.950744004654996,14.97287975864541,0.3198849957520691,-8.347775459289547,-29.53343629837037,65.17904663085938,45.918065192733394,64.85916163510731,79.46810403585259
seq11,test,397,1788537133.8275402,2.9844370496198134,14.980448681114849,0.3199100410836426,-8.301367759704592,-29.51401185989379,65.21858215332031,45.9034465920539,64.89867211223667,79.49191185876178
seq11,test,398,1788537133.9921432,3.0176644504255647,14.986768536067299,0.3199220265273939,-8.254876136779783,-29.496082305908203,65.25738525390624,45.888933200932364,64.93746322737884,79.51520810968687
seq11,test,399,1788537134.1595352,3.0504179888233387,14.991847655296983,0.3199271544877602,-8.208312034606934,-29.479645252227783,65.2954330444336,45.87453196670801,64.97550588994584,79.5379723705533
