family,level,altitude_m,horizontal_distance_m,range_std_m,aoa_std_deg,attitude_std_deg,position_covariance_scale,visual_available,vision_only_rank,pixel_u,pixel_v,peb_rf_m,peb_joint_m,zeb_rf_m,zeb_joint_m,gain_peb,gain_zeb
reference,nominal,30.0,20.0,1.0,1.0,0.2,1.0,1,2,320.0,304.0,1.2921028694710115,1.097351676108434,0.9268379248493034,0.8629824817886825,0.15072421706044875,0.06889601876293878
rf_quality,paired_log_level_0,30.0,20.0,0.5,0.25,0.2,1.0,1,2,320.0,304.0,0.6588215331257437,0.6480961445264405,0.47493814048587224,0.47083363467620626,0.01627965702398513,0.0086421903397082
rf_quality,paired_log_level_1,30.0,20.0,1.0,0.5,0.2,1.0,1,2,320.0,304.0,1.131875706545188,1.0899431113204048,0.8761525626299054,0.8621537542202725,0.03704699639925458,0.015977592267279687
rf_quality,paired_log_level_2,30.0,20.0,2.0,1.0,0.2,1.0,1,2,320.0,304.0,2.1609094903061576,2.0504098861100744,1.7134618804811612,1.6797802953949628,0.051135692953260946,0.019657037877457914
rf_quality,paired_log_level_3,30.0,20.0,4.0,2.0,0.2,1.0,1,2,320.0,304.0,4.268849806002482,4.02641578473575,3.407225385456382,3.3361526028051522,0.05679141508465402,0.02085943094771518
pose_quality,attitude_log_level_0,30.0,20.0,1.0,1.0,0.05,1.0,1,2,320.0,304.0,1.28055832622572,1.0837345166731511,0.9243696650378366,0.8603310424350358,0.15370155776713557,0.06927815248045764
pose_quality,attitude_log_level_1,30.0,20.0,1.0,1.0,0.0889139705,1.0,1,2,320.0,304.0,1.2822289051635098,1.0857079906676492,0.9247258756430595,0.8607137561460352,0.1532650790389102,0.06922280557198636
pose_quality,attitude_log_level_2,30.0,20.0,1.0,1.0,0.158113883,1.0,1,2,320.0,304.0,1.2874974741417677,1.0919251905163663,0.9258514105513467,0.8619228848076326,0.15190110082023103,0.06904836458114215
pose_quality,attitude_log_level_3,30.0,20.0,1.0,1.0,0.2811706626,1.0,1,2,320.0,304.0,1.3040180710543778,1.1113568308149964,0.9294016940148122,0.8657353716770482,0.14774430241108788,0.06850248148649206
pose_quality,attitude_log_level_4,30.0,20.0,1.0,1.0,0.5,1.0,1,2,320.0,304.0,1.3549357684033458,1.1706843350201344,0.9405404840840433,0.8776825320901848,0.1359853637935421,0.066831734579797
position_sensitivity,position_covariance_x4,30.0,20.0,1.0,1.0,0.2,4.0,1,2,320.0,304.0,1.4246156763475621,1.250672099735974,0.9894587100728169,0.929913309870417,0.12209859788820081,0.06017977263348144
reference,nominal,30.0,40.0,1.0,1.0,0.2,1.0,1,2,320.0,194.28571428571428,1.5587991869008806,1.136917043047457,0.9523042510275185,0.6717730711666419,0.27064560169048235,0.29458146339070596
rf_quality,paired_log_level_0,30.0,40.0,0.5,0.25,0.2,1.0,1,2,320.0,194.28571428571428,0.7134295324541071,0.6897913865879964,0.4242136924299123,0.40605187292476136,0.033133119377324424,0.042812902622542295
rf_quality,paired_log_level_1,30.0,40.0,1.0,0.5,0.2,1.0,1,2,320.0,194.28571428571428,1.221947764529531,1.1249368110557585,0.7357597996500168,0.6673208158749908,0.0793904259165474,0.09301810700663556
rf_quality,paired_log_level_2,30.0,40.0,2.0,1.0,0.2,1.0,1,2,320.0,194.28571428571428,2.3302049062438366,2.0718543295250704,1.4095685107596165,1.237448608688322,0.11087032562094001,0.12210822018047142
rf_quality,paired_log_level_3,30.0,40.0,4.0,2.0,0.2,1.0,1,2,320.0,194.28571428571428,4.601809336387087,4.0376809195058705,2.7873010245578578,2.4193740283590723,0.1225883941823887,0.1320011699336094
pose_quality,attitude_log_level_0,30.0,40.0,1.0,1.0,0.05,1.0,1,2,320.0,194.28571428571428,1.5403698058819637,1.11151455076475,0.9426591862056405,0.6580288853518961,0.27841058262737484,0.30194401647898705
pose_quality,attitude_log_level_1,30.0,40.0,1.0,1.0,0.0889139705,1.0,1,2,320.0,194.28571428571428,1.5430400130565631,1.115212060364541,0.9440556186499415,0.6600277901150091,0.2772630321131791,0.3008592109658856
pose_quality,attitude_log_level_2,30.0,40.0,1.0,1.0,0.158113883,1.0,1,2,320.0,194.28571428571428,1.5514537049473272,1.1268247673368361,0.9484579950893472,0.6663094184149608,0.2736974595222662,0.2974813625223406
pose_quality,attitude_log_level_3,30.0,40.0,1.0,1.0,0.2811706626,1.0,1,2,320.0,194.28571428571428,1.5777648838834775,1.1627843680170322,0.9622469881062979,0.6857951142573273,0.26301796934725846,0.2872982480236471
pose_quality,attitude_log_level_4,30.0,40.0,1.0,1.0,0.5,1.0,1,2,320.0,194.28571428571428,1.658222902947276,1.2698144169711632,1.0046068084446858,0.7440635135477315,0.2342317702196533,0.25934852591764007
position_sensitivity,position_covariance_x4,30.0,40.0,1.0,1.0,0.2,4.0,1,2,320.0,194.28571428571428,1.6702858752569414,1.2855272703337615,1.0133525479935812,0.7558300464685571,0.23035494140426244,0.25412922880088845
reference,nominal,30.0,60.0,1.0,1.0,0.2,1.0,1,2,320.0,133.33333333333331,1.9227749143869008,1.188429424653608,1.1749415388356292,0.5874234203737378,0.3819196330463087,0.5000402990638357
rf_quality,paired_log_level_0,30.0,60.0,0.5,0.25,0.2,1.0,1,2,320.0,133.33333333333331,0.7961625712693584,0.7495020140931654,0.4498931294221945,0.4071266597587146,0.0586068208428838,0.09505917487205379
rf_quality,paired_log_level_1,30.0,60.0,1.0,0.5,0.2,1.0,1,2,320.0,133.33333333333331,1.3588644326022004,1.1724676903309166,0.7470077551520625,0.5787811247775142,0.13717096260613537,0.22520064780358773
rf_quality,paired_log_level_2,30.0,60.0,2.0,1.0,0.2,1.0,1,2,320.0,133.33333333333331,2.5878684996335406,2.100562900125226,1.4072979853895324,0.9721451922442347,0.18830384912421955,0.3092115512585274
rf_quality,paired_log_level_3,30.0,60.0,4.0,2.0,0.2,1.0,1,2,320.0,133.33333333333331,5.1087441384563945,4.05284508440168,2.7695407116303397,1.829865997445227,0.20668466171683325,0.33928900566042103
pose_quality,attitude_log_level_0,30.0,60.0,1.0,1.0,0.05,1.0,1,2,320.0,133.33333333333331,1.8958520491371527,1.1443583871342455,1.1573090633060088,0.5513101877639988,0.39638834810180984,0.5236275207340837
pose_quality,attitude_log_level_1,30.0,60.0,1.0,1.0,0.0889139705,1.0,1,2,320.0,133.33333333333331,1.8997565658933533,1.1508154220559692,1.1598673523231773,0.5566605160304818,0.39423005941037365,0.5200653635818712
pose_quality,attitude_log_level_2,30.0,60.0,1.0,1.0,0.158113883,1.0,1,2,320.0,133.33333333333331,1.912051259699135,1.1710000622134915,1.1679204934455234,0.5732511963634959,0.3875686876732841,0.5091693316620147
pose_quality,attitude_log_level_3,30.0,60.0,1.0,1.0,0.2811706626,1.0,1,2,320.0,133.33333333333331,1.9504205172513305,1.2326562051528802,1.193029064511504,0.6228137794648885,0.36800490240431544,0.4779559040165506
pose_quality,attitude_log_level_4,30.0,60.0,1.0,1.0,0.5,1.0,1,2,320.0,133.33333333333331,2.0670728808613483,1.4099969577199036,1.2691644452316606,0.758522935818247,0.31787748232062407,0.40234463810574694
position_sensitivity,position_covariance_x4,30.0,60.0,1.0,1.0,0.2,4.0,1,2,320.0,133.33333333333331,2.0142153239898546,1.3313018055206365,1.224943925117161,0.6819576781616155,0.3390469282680613,0.44327437021544563
reference,nominal,30.0,80.0,1.0,1.0,0.2,1.0,1,2,320.0,94.54545454545453,2.3390500687743616,1.2512255174209566,1.4801422963124895,0.5783678456789734,0.4650710841446049,0.6092484843383817
rf_quality,paired_log_level_0,30.0,80.0,0.5,0.25,0.2,1.0,1,2,320.0,94.54545454545453,0.8992915205025604,0.8229785101266351,0.52024123749305,0.448030773169914,0.0848590347357868,0.13880188481617745
rf_quality,paired_log_level_1,30.0,80.0,1.0,0.5,0.2,1.0,1,2,320.0,94.54545454545453,1.5301017077060317,1.2313847257092279,0.8536144342482779,0.5665220856764632,0.19522687968543484,0.33632555525450786
rf_quality,paired_log_level_2,30.0,80.0,2.0,1.0,0.2,1.0,1,2,320.0,94.54545454545453,2.9105249052762536,2.136718347243113,1.60021380791188,0.8392689548732079,0.2658649498687916,0.475526988503886
rf_quality,paired_log_level_3,30.0,80.0,4.0,2.0,0.2,1.0,1,2,320.0,94.54545454545453,5.743773252616006,4.072110093078435,3.1446447725826148,1.4792439140199058,0.2910391977566682,0.5295990418641018
pose_quality,attitude_log_level_0,30.0,80.0,1.0,1.0,0.05,1.0,1,2,320.0,94.54545454545453,2.3031233546860057,1.1827033686060584,1.455236419481178,0.5112740793024098,0.48647849616925914,0.6486659676338435
pose_quality,attitude_log_level_1,30.0,80.0,1.0,1.0,0.0889139705,1.0,1,2,320.0,94.54545454545453,2.308336749376213,1.192823800790685,1.4588528766297757,0.5214785357357471,0.4832539918133589,0.6425420656944787
pose_quality,attitude_log_level_2,30.0,80.0,1.0,1.0,0.158113883,1.0,1,2,320.0,94.54545454545453,2.3247460096294854,1.2242769623333647,1.4702305754637586,0.5525089072681293,0.4733717329711695,0.6242025458531564
pose_quality,attitude_log_level_3,30.0,80.0,1.0,1.0,0.2811706626,1.0,1,2,320.0,94.54545454545453,2.3758909119599103,1.3188129877832149,1.505644292557656,0.640822037147266,0.444918543547395,0.5743868320593213
pose_quality,attitude_log_level_4,30.0,80.0,1.0,1.0,0.5,1.0,1,2,320.0,94.54545454545453,2.5308323202652905,1.5809877622902044,1.6125219469906589,0.8625051751199365,0.37530916227414074,0.4651203496922496
position_sensitivity,position_covariance_x4,30.0,80.0,1.0,1.0,0.2,4.0,1,2,320.0,94.54545454545453,2.4147785041765935,1.3876473959350557,1.5201385520186013,0.6741730971459309,0.4253521001884914,0.5565054933639487
reference,nominal,30.0,100.0,1.0,1.0,0.2,1.0,1,2,320.0,67.69230769230768,2.784264797679312,1.3240307999168834,1.8139983387867855,0.6105772313668648,0.5244594547830131,0.6634080537387795
rf_quality,paired_log_level_0,30.0,100.0,0.5,0.25,0.2,1.0,1,2,320.0,67.69230769230768,1.0166281988270827,0.9067551618091537,0.6106349622452344,0.5076193830095612,0.10807592898238813,0.16870239276325869
rf_quality,paired_log_level_1,30.0,100.0,1.0,0.5,0.2,1.0,1,2,320.0,67.69230769230768,1.7254716481123538,1.3002923846043997,1.0029752363447986,0.5965987793944798,0.2464133583261686,0.4051709775321077
rf_quality,paired_log_level_2,30.0,100.0,2.0,1.0,0.2,1.0,1,2,320.0,67.69230769230768,3.2790441387081417,2.180150811097375,1.8810359898576012,0.7877251916004556,0.3351261163699072,0.5812280063497943
rf_quality,paired_log_level_3,30.0,100.0,4.0,2.0,0.2,1.0,1,2,320.0,67.69230769230768,6.469284557369759,4.095534544843767,3.6969777760779436,1.27145789962002,0.3669262020360249,0.6560818115144618
pose_quality,attitude_log_level_0,30.0,100.0,1.0,1.0,0.05,1.0,1,2,320.0,67.69230769230768,2.739179753670902,1.2263901575163216,1.7822341150088004,0.5085007601209759,0.5522783213212717,0.7146835223056737
pose_quality,attitude_log_level_1,30.0,100.0,1.0,1.0,0.0889139705,1.0,1,2,320.0,67.69230769230768,2.7457245124904825,1.2409392386508777,1.7868478185740166,0.5244422838455435,0.5480467057034444,0.7064986293773627
pose_quality,attitude_log_level_2,30.0,100.0,1.0,1.0,0.158113883,1.0,1,2,320.0,67.69230769230768,2.766318956177737,1.2858645585133022,1.8013598641429485,0.5719370091955144,0.5351712586714874,0.682497084241615
pose_quality,attitude_log_level_3,30.0,100.0,1.0,1.0,0.2811706626,1.0,1,2,320.0,67.69230769230768,2.8304583238535916,1.4185983993380251,1.846500533600576,0.7012694224972447,0.49880964952465995,0.6202170485541061
pose_quality,attitude_log_level_4,30.0,100.0,1.0,1.0,0.5,1.0,1,2,320.0,67.69230769230768,3.0243460468967123,1.774146585519948,1.982495032698268,1.0062311548623968,0.4133784434686621,0.49244202973216566
position_sensitivity,position_covariance_x4,30.0,100.0,1.0,1.0,0.2,4.0,1,2,320.0,67.69230769230768,2.848180202093298,1.4536359788917383,1.8467782685317744,0.7020003956292518,0.48962640150950615,0.6198783537845309
reference,nominal,30.0,120.0,1.0,1.0,0.2,1.0,1,2,320.0,48.0,3.246534935817598,1.40542189896118,2.1588825832215868,0.664408351658754,0.5671009470879935,0.6922443319417156
rf_quality,paired_log_level_0,30.0,120.0,0.5,0.25,0.2,1.0,1,2,320.0,48.0,1.1438084661769248,0.9982051034855464,0.710155753309176,0.576010341878219,0.1272969793430926,0.18889576097337482
rf_quality,paired_log_level_1,30.0,120.0,1.0,0.5,0.2,1.0,1,2,320.0,48.0,1.9376883298753809,1.3777690179284154,1.1708568975075733,0.6489810691433555,0.28896252473326073,0.44572127428650365
rf_quality,paired_log_level_2,30.0,120.0,2.0,1.0,0.2,1.0,1,2,320.0,48.0,3.679672416056105,2.230518037156313,2.199373682749888,0.7860719089174963,0.393827008234881,0.6425928367321979
rf_quality,paired_log_level_3,30.0,120.0,4.0,2.0,0.2,1.0,1,2,320.0,48.0,7.258195450143232,4.123094501200883,4.324650215231261,1.1532614982384637,0.4319394497540682,0.7333283755119158
pose_quality,attitude_log_level_0,30.0,120.0,1.0,1.0,0.05,1.0,1,2,320.0,48.0,3.1922469516437673,1.2750145979063932,2.1204434916905206,0.5262556898210983,0.6005902371525936,0.7518181022586262
pose_quality,attitude_log_level_1,30.0,120.0,1.0,1.0,0.0889139705,1.0,1,2,320.0,48.0,3.2001294754378256,1.2946236071389436,2.1260274291157386,0.5483220577077558,0.5954464914386566,0.7420907885766014
pose_quality,attitude_log_level_2,30.0,120.0,1.0,1.0,0.158113883,1.0,1,2,320.0,48.0,3.224929409115378,1.3547661489617806,2.1435896634971687,0.6128956640965045,0.5799082779509884,0.7140797632432164
pose_quality,attitude_log_level_3,30.0,120.0,1.0,1.0,0.2811706626,1.0,1,2,320.0,48.0,3.302128145110379,1.5294678523347878,2.1982031126555484,0.782790760104469,0.5368235922038505,0.6438951634643009
pose_quality,attitude_log_level_4,30.0,120.0,1.0,1.0,0.5,1.0,1,2,320.0,48.0,3.535174766405978,1.9830991537563212,2.3626123434817905,1.1673052450789851,0.4390378737138273,0.50592603636417
position_sensitivity,position_covariance_x4,30.0,120.0,1.0,1.0,0.2,4.0,1,2,320.0,48.0,3.3015131514934444,1.5281396251912485,2.1864981152833205,0.7492919709658596,0.5371396220245277,0.657309573821074
reference,nominal,30.0,140.0,1.0,1.0,0.2,1.0,1,2,320.0,32.94117647058823,3.7195068358449372,1.4940527798496865,2.508629889791768,0.7297698025826278,0.5983196574740823,0.7090962658332979
rf_quality,paired_log_level_0,30.0,140.0,0.5,0.25,0.2,1.0,1,2,320.0,32.94117647058823,1.277896700359869,1.095398618904753,0.8142186476049263,0.648875863647029,0.14281129406134507,0.20306926701355124
rf_quality,paired_log_level_1,30.0,140.0,1.0,0.5,0.2,1.0,1,2,320.0,32.94117647058823,2.161796059255349,1.4624928950233553,1.347348452736723,0.713252106481658,0.3234824863511293,0.47062535676431266
rf_quality,paired_log_level_2,30.0,140.0,2.0,1.0,0.2,1.0,1,2,320.0,32.94117647058823,4.103014879560787,2.287398895902631,2.534744807871165,0.8150283932690063,0.4425077746372958,0.6784574168026337
rf_quality,paired_log_level_3,30.0,140.0,4.0,2.0,0.2,1.0,1,2,320.0,32.94117647058823,8.091984101704492,4.154727980097731,4.986307731456311,1.0946824307854286,0.48656251323793615,0.7804623200690999
pose_quality,attitude_log_level_0,30.0,140.0,1.0,1.0,0.05,1.0,1,2,320.0,32.94117647058823,3.656006266265849,1.328098048358822,2.4636010473316143,0.5555809222950845,0.6367352921100687,0.7744842157390509
pose_quality,attitude_log_level_1,30.0,140.0,1.0,1.0,0.0889139705,1.0,1,2,320.0,32.94117647058823,3.665227855365254,1.353276704456535,2.4701426730160354,0.5839048431548022,0.6307796519456289,0.763614932233102
pose_quality,attitude_log_level_2,30.0,140.0,1.0,1.0,0.158113883,1.0,1,2,320.0,32.94117647058823,3.6942375923450212,1.429983914515999,2.4907160421299475,0.6655872920423735,0.6129150118879396,0.7327727124312439
pose_quality,attitude_log_level_3,30.0,140.0,1.0,1.0,0.2811706626,1.0,1,2,320.0,32.94117647058823,3.7845112652108446,1.6492386496766163,2.554684608516285,0.87507341965965,0.5642135710263944,0.6574632278510978
pose_quality,attitude_log_level_4,30.0,140.0,1.0,1.0,0.5,1.0,1,2,320.0,32.94117647058823,4.056782849285969,2.203395037967577,2.747185691539389,1.3365512577539198,0.4568614787071004,0.5134834671459789
position_sensitivity,position_covariance_x4,30.0,140.0,1.0,1.0,0.2,4.0,1,2,320.0,32.94117647058823,3.767589561231055,1.6100291019036197,2.5324343869006074,0.8078143132932764,0.5726633499383769,0.6810127372018736
reference,nominal,30.0,160.0,1.0,1.0,0.2,1.0,1,2,320.0,21.05263157894737,4.199566227699635,1.5887388440753516,2.8607859844022365,0.8015676916396736,0.6216897751019388,0.7198085784780711
rf_quality,paired_log_level_0,30.0,160.0,0.5,0.25,0.2,1.0,1,2,320.0,21.05263157894737,1.4169330976190415,1.1969357186204324,0.9207641802101443,0.7242209120908226,0.15526306737296494,0.21345668341970575
rf_quality,paired_log_level_1,30.0,160.0,1.0,0.5,0.2,1.0,1,2,320.0,21.05263157894737,2.3944583568460116,1.5532998027127467,1.5282152952537373,0.7841333748442355,0.35129387476224133,0.48689600393376387
rf_quality,paired_log_level_2,30.0,160.0,2.0,1.0,0.2,1.0,1,2,320.0,21.05263157894737,4.542725668674627,2.3503385106562593,2.8785383862309537,0.8627847684871269,0.4826149140231953,0.7002698408976843
rf_quality,paired_log_level_3,30.0,160.0,4.0,2.0,0.2,1.0,1,2,320.0,21.05263157894737,8.958128108790245,4.19035239038289,5.664640169546132,1.0771503374942148,0.5322290171011208,0.8098466442255026
pose_quality,attitude_log_level_0,30.0,160.0,1.0,1.0,0.05,1.0,1,2,320.0,21.05263157894737,4.126854659302803,1.385158472106279,2.809210516418631,0.5916739315580116,0.6643549176165342,0.7893807074621388
pose_quality,attitude_log_level_1,30.0,160.0,1.0,1.0,0.0889139705,1.0,1,2,320.0,21.05263157894737,4.137414991879508,1.416311204809117,2.816703470694656,0.6262848852971015,0.6576821016047685,0.7776532418790086
pose_quality,attitude_log_level_2,30.0,160.0,1.0,1.0,0.158113883,1.0,1,2,320.0,21.05263157894737,4.170633723076377,1.5106026168057796,2.8402681844032647,0.7249397734030721,0.6378002200367008,0.7447636186667419
pose_quality,attitude_log_level_3,30.0,160.0,1.0,1.0,0.2811706626,1.0,1,2,320.0,21.05263157894737,4.2739817515292575,1.7761347432679895,2.913532310111768,0.9731828388301436,0.5844309015515855,0.665978360544486
pose_quality,attitude_log_level_4,30.0,160.0,1.0,1.0,0.5,1.0,1,2,320.0,21.05263157894737,4.58549325406345,2.4319710107030383,3.133962299920919,1.51001126255863,0.46963807905552163,0.5181782299689014
position_sensitivity,position_covariance_x4,30.0,160.0,1.0,1.0,0.2,4.0,1,2,320.0,21.05263157894737,4.242211274893712,1.6982612033117532,2.881682919502469,0.8732186234160121,0.5996754774184831,0.6969761601783808
reference,nominal,30.0,180.0,1.0,1.0,0.2,1.0,1,2,320.0,11.428571428571445,4.684534692613402,1.6884752819022566,3.2142519509459673,0.8771572025252437,0.6395639283951396,0.7271037815604054
rf_quality,paired_log_level_0,30.0,180.0,0.5,0.25,0.2,1.0,1,2,320.0,11.428571428571445,1.5595948468467584,1.3018009552753482,1.028781418897336,0.8010510272346261,0.16529542406005418,0.22135935533010986
rf_quality,paired_log_level_1,30.0,180.0,1.0,0.5,0.2,1.0,1,2,320.0,11.428571428571445,2.6334088034918692,1.6491972067772906,1.7114941727458322,0.8588870989088813,0.37374052802190283,0.49816533845924377
rf_quality,paired_log_level_2,30.0,180.0,2.0,1.0,0.2,1.0,1,2,320.0,11.428571428571445,4.994483485436562,2.4188734521662982,3.226840046429485,0.9222178912941303,0.5156909700033041,0.7142040268421209
rf_quality,paired_log_level_3,30.0,180.0,4.0,2.0,0.2,1.0,1,2,320.0,11.428571428571445,9.848094167211178,4.2298718974413,6.351821330361351,1.0882437376425806,0.5704882766531129,0.8286721743193819
pose_quality,attitude_log_level_0,30.0,180.0,1.0,1.0,0.05,1.0,1,2,320.0,11.428571428571445,4.60261700344285,1.4457409075202932,3.156153582942235,0.6318976126723858,0.685887201468458,0.7997886997364314
pose_quality,attitude_log_level_1,30.0,180.0,1.0,1.0,0.0889139705,1.0,1,2,320.0,11.428571428571445,4.6145152951764885,1.4831840414170177,3.1645943660907996,0.6727902018278672,0.6785829179139623,0.7874008090777965
pose_quality,attitude_log_level_2,30.0,180.0,1.0,1.0,0.158113883,1.0,1,2,320.0,11.428571428571445,4.65194072230909,1.5958182776162113,3.191139535983556,0.7882643540712055,0.6569564461638082,0.7529834263959094
pose_quality,attitude_log_level_3,30.0,180.0,1.0,1.0,0.2811706626,1.0,1,2,320.0,11.428571428571445,4.768357555219833,1.908747564692204,3.273666471397136,1.0746540465339203,0.599705445200364,0.6717276925051929
pose_quality,attitude_log_level_4,30.0,180.0,1.0,1.0,0.5,1.0,1,2,320.0,11.428571428571445,5.119105832021393,2.6667073350354387,3.52193590634309,1.6858296717553267,0.4790677468798433,0.5213343693395704
position_sensitivity,position_covariance_x4,30.0,180.0,1.0,1.0,0.2,4.0,1,2,320.0,11.428571428571445,4.722802693983579,1.79191204516151,3.232864922040505,0.9430825827794254,0.6205829120398693,0.7082827134688402
reference,nominal,30.0,200.0,1.0,1.0,0.2,1.0,1,2,320.0,3.47826086956519,5.173031747272274,1.7924266414750736,3.568485610606077,0.9551003550530529,0.6535055787314247,0.7323513503278952
rf_quality,paired_log_level_0,30.0,200.0,0.5,0.25,0.2,1.0,1,2,320.0,3.47826086956519,1.7049721482589255,1.409252525540713,1.137731358282522,0.8788308164693204,0.17344542725826578,0.22755858835079348
rf_quality,paired_log_level_1,30.0,200.0,1.0,0.5,0.2,1.0,1,2,320.0,3.47826086956519,2.8770810751051648,1.7493552271228479,1.8961980275017083,0.9360299084423278,0.39196874142349136,0.5063648970906418
rf_quality,paired_log_level_2,30.0,200.0,2.0,1.0,0.2,1.0,1,2,320.0,3.47826086956519,5.455296275940183,2.492547545197405,3.5777233295811564,0.9890557912216672,0.5430958431734615,0.7235516276387264
rf_quality,paired_log_level_3,30.0,200.0,4.0,2.0,0.2,1.0,1,2,320.0,3.47826086956519,10.755970678675215,4.273181209830688,7.044022521055771,1.1193706211818366,0.6027154277853606,0.8410892898431472
pose_quality,attitude_log_level_0,30.0,200.0,1.0,1.0,0.05,1.0,1,2,320.0,3.47826086956519,5.081913372253712,1.509430134147945,3.5038783402713287,0.6747522201092819,0.7029799558589195,0.8074270409579828
pose_quality,attitude_log_level_1,30.0,200.0,1.0,1.0,0.0889139705,1.0,1,2,320.0,3.47826086956519,5.095148772598375,1.553408131076154,3.5132648871937677,0.7219122541614605,0.6951201622550538,0.7945181256349588
pose_quality,attitude_log_level_2,30.0,200.0,1.0,1.0,0.158113883,1.0,1,2,320.0,3.47826086956519,5.136778356532643,1.6849414502958202,3.542784088989641,0.8540762473678819,0.6719847863100782,0.758925120494302
pose_quality,attitude_log_level_3,30.0,200.0,1.0,1.0,0.2811706626,1.0,1,2,320.0,3.47826086956519,5.26625738096408,2.045972289485231,3.634554517814611,1.178182361982406,0.6114940570734734,0.6758385776832907
pose_quality,attitude_log_level_4,30.0,200.0,1.0,1.0,0.5,1.0,1,2,320.0,3.47826086956519,5.656233331059011,2.9061161886899316,3.910610678565558,1.863062804746749,0.4862099884154138,0.523587757032839
position_sensitivity,position_covariance_x4,30.0,200.0,1.0,1.0,0.2,4.0,1,2,320.0,3.47826086956519,5.207711345522795,1.8901833945598008,3.5852600398161676,1.0159806534685925,0.6370414431312825,0.7166228830864144
reference,nominal,45.0,20.0,1.0,1.0,0.2,1.0,1,2,320.0,363.0769230769231,1.4281596515572315,1.1213178800129202,1.0008858041869828,0.9413299947365042,0.21485116962220452,0.05950310135416058
rf_quality,paired_log_level_0,45.0,20.0,0.5,0.25,0.2,1.0,1,2,320.0,363.0769230769231,0.6948955264064609,0.6753286466513967,0.5111283604039139,0.5069285812407087,0.028158016581645226,0.008216681930711688
rf_quality,paired_log_level_1,45.0,20.0,1.0,0.5,0.2,1.0,1,2,320.0,363.0769230769231,1.1807759449459427,1.109246797751408,0.9541421105301928,0.9407745111916007,0.060578086385228165,0.014010071656059775
rf_quality,paired_log_level_2,45.0,20.0,2.0,1.0,0.2,1.0,1,2,320.0,363.0769230769231,2.2449142501075787,2.063335597530533,1.8726791055058738,1.8415365318575396,0.08088444918033921,0.01662995734654791
rf_quality,paired_log_level_3,45.0,20.0,4.0,2.0,0.2,1.0,1,2,320.0,363.0769230769231,4.429590570586454,4.034121966111789,3.7273430875951523,3.6622860698151536,0.08927881667002628,0.017453992361613515
pose_quality,attitude_log_level_0,45.0,20.0,1.0,1.0,0.05,1.0,1,2,320.0,363.0769230769231,1.4086297232105978,1.096335484609051,0.9986005866842972,0.9388998336850565,0.22170073047284203,0.05978441610721266
pose_quality,attitude_log_level_1,45.0,20.0,1.0,1.0,0.0889139705,1.0,1,2,320.0,363.0769230769231,1.4114616678615477,1.099971743974862,0.9989303274842962,0.9392505337424555,0.22068606677686994,0.059743699935648355
pose_quality,attitude_log_level_2,45.0,20.0,1.0,1.0,0.158113883,1.0,1,2,320.0,363.0769230769231,1.420379904477199,1.1113923118067954,0.9999723438695586,0.9403586839454305,0.21753869629979944,0.05961530865288045
pose_quality,attitude_log_level_3,45.0,20.0,1.0,1.0,0.2811706626,1.0,1,2,320.0,363.0769230769231,1.4482204598599895,1.1467590409749018,1.0032603664660849,0.9438544002595246,0.20815989501642054,0.05921291041907062
pose_quality,attitude_log_level_4,45.0,20.0,1.0,1.0,0.5,1.0,1,2,320.0,363.0769230769231,1.5329360170564315,1.2520409857865809,1.0135878138006134,0.9548246028735909,0.18323989269247504,0.057975451289888874
position_sensitivity,position_covariance_x4,45.0,20.0,1.0,1.0,0.2,4.0,1,2,320.0,363.0769230769231,1.5490771415058946,1.2717522510444679,1.0591375703953776,1.0030464390997198,0.17902587484560817,0.05295924992512435
reference,nominal,45.0,40.0,1.0,1.0,0.2,1.0,1,2,320.0,258.8235294117647,1.6733096157387304,1.1697444772630514,1.0514295393321682,0.8066473484951148,0.3009396071947903,0.23280893457923071
rf_quality,paired_log_level_0,45.0,40.0,0.5,0.25,0.2,1.0,1,2,320.0,258.8235294117647,0.7468705897859699,0.7188586172518218,0.47917891153390013,0.4633515730648781,0.037505791387736236,0.033030123171232856
rf_quality,paired_log_level_1,45.0,40.0,1.0,0.5,0.2,1.0,1,2,320.0,258.8235294117647,1.267377432470112,1.1503472988913674,0.8602111208512739,0.8026961287555342,0.09234039567096707,0.06686148400269727
rf_quality,paired_log_level_2,45.0,40.0,2.0,1.0,0.2,1.0,1,2,320.0,258.8235294117647,2.408311663826693,2.090048358791588,1.667742829439171,1.5253006306298167,0.13215204236871894,0.0854101701383149
rf_quality,paired_log_level_3,45.0,40.0,4.0,2.0,0.2,1.0,1,2,320.0,258.8235294117647,4.75129909869715,4.048152879103392,3.308621772881277,3.0053874431735927,0.1479903085424716,0.0916497413494368
pose_quality,attitude_log_level_0,45.0,40.0,1.0,1.0,0.05,1.0,1,2,320.0,258.8235294117647,1.6483771440781343,1.133791991982171,1.0427017938955763,0.7952376372173272,0.312176830372001,0.2373297505835421
pose_quality,attitude_log_level_1,45.0,40.0,1.0,1.0,0.0889139705,1.0,1,2,320.0,258.8235294117647,1.6519944178172299,1.1390446121478297,1.0439644154662056,0.7968924453234827,0.31050335287885394,0.23666704198187385
pose_quality,attitude_log_level_2,45.0,40.0,1.0,1.0,0.158113883,1.0,1,2,320.0,258.8235294117647,1.6633814732994994,1.155497727249918,1.0479471637940898,0.802102940250203,0.30533209260900224,0.2345960102165919
pose_quality,attitude_log_level_3,45.0,40.0,1.0,1.0,0.2811706626,1.0,1,2,320.0,258.8235294117647,1.6988882834184662,1.2060507748433542,1.06044328267702,0.818361670918646,0.29009412413124364,0.22828341290187137
pose_quality,attitude_log_level_4,45.0,40.0,1.0,1.0,0.5,1.0,1,2,320.0,258.8235294117647,1.8065838180801248,1.3535442969155733,1.0990248082862322,0.8677738172372647,0.2507713822246018,0.2104147143043745
position_sensitivity,position_covariance_x4,45.0,40.0,1.0,1.0,0.2,4.0,1,2,320.0,258.8235294117647,1.7776290586406653,1.3146490566259152,1.1070248760440098,0.8778837877727318,0.26044803878756695,0.20698820164739323
reference,nominal,45.0,60.0,1.0,1.0,0.2,1.0,1,2,320.0,194.28571428571428,2.0167234655342328,1.2281310256794624,1.2411638166178698,0.7178982400559908,0.39102656032510197,0.4215926774176839
rf_quality,paired_log_level_0,45.0,60.0,0.5,0.25,0.2,1.0,1,2,320.0,194.28571428571428,0.8262619560404515,0.7797931477479969,0.49234523243481854,0.4565914781156562,0.05623980137623522,0.07261927599531649
rf_quality,paired_log_level_1,45.0,60.0,1.0,0.5,0.2,1.0,1,2,320.0,194.28571428571428,1.3998577653772954,1.2030529352250787,0.8473609539371777,0.7084937617404575,0.14058916199902144,0.16388198152332567
rf_quality,paired_log_level_2,45.0,60.0,2.0,1.0,0.2,1.0,1,2,320.0,194.28571428571428,2.6584156064160482,2.1232771407040807,1.618792024838718,1.263082690513765,0.20129977585913145,0.21973751344641854
rf_quality,paired_log_level_3,45.0,60.0,4.0,2.0,0.2,1.0,1,2,320.0,194.28571428571428,5.243802115739453,4.065888736478056,3.198492731487425,2.4331222843234688,0.2246296395750423,0.23929097591165355
pose_quality,attitude_log_level_0,45.0,60.0,1.0,1.0,0.05,1.0,1,2,320.0,194.28571428571428,1.9846065258544041,1.1746469011000584,1.224485307388468,0.6886614054847876,0.40812101250430255,0.4375911239363612
pose_quality,attitude_log_level_1,45.0,60.0,1.0,1.0,0.0889139705,1.0,1,2,320.0,194.28571428571428,1.9892682283343783,1.1825059678752912,1.226903531246519,0.6929520462335254,0.4055573044237439,0.43520250077893696
pose_quality,attitude_log_level_2,45.0,60.0,1.0,1.0,0.158113883,1.0,1,2,320.0,194.28571428571428,2.00393845884505,1.2070218003989646,1.2345194526657064,0.7063487399323983,0.39767521548809465,0.4278350669913102
pose_quality,attitude_log_level_3,45.0,60.0,1.0,1.0,0.2811706626,1.0,1,2,320.0,194.28571428571428,2.0496388864469877,1.281464726254972,1.2582997849356863,0.7471335972657409,0.3747851220385615,0.4062356155421833
pose_quality,attitude_log_level_4,45.0,60.0,1.0,1.0,0.5,1.0,1,2,320.0,194.28571428571428,2.1878830386203245,1.4926367510156606,1.33070597392519,0.8635210781644189,0.3177712315202576,0.3510804827776594
position_sensitivity,position_covariance_x4,45.0,60.0,1.0,1.0,0.2,4.0,1,2,320.0,194.28571428571428,2.104084964167656,1.3668598378167705,1.2885990919139423,0.7971059421905526,0.35037802128039086,0.3814166506926372
reference,nominal,45.0,80.0,1.0,1.0,0.2,1.0,1,2,320.0,150.4,2.4168709914420745,1.2960639888478254,1.5191739956918648,0.6879865445951745,0.46374299934209445,0.5471311735547115
rf_quality,paired_log_level_0,45.0,80.0,0.5,0.25,0.2,1.0,1,2,320.0,150.4,0.9260449335520192,0.8541345212064955,0.5476477409353518,0.486293906492394,0.0776532646960206,0.11203156674794075
rf_quality,paired_log_level_1,45.0,80.0,1.0,0.5,0.2,1.0,1,2,320.0,150.4,1.5666207112829609,1.26613055011021,0.9196336304258258,0.6734374720698355,0.19180785687856053,0.2677111299659539
rf_quality,paired_log_level_2,45.0,80.0,2.0,1.0,0.2,1.0,1,2,320.0,150.4,2.973426540083712,2.1632803478024143,1.740390151214533,1.0928832210269166,0.27246215144716146,0.37204699747108605
rf_quality,paired_log_level_3,45.0,80.0,4.0,2.0,0.2,1.0,1,2,320.0,150.4,5.864224171558251,4.087442890405412,3.429560516360951,2.0212232481217414,0.302986589388978,0.4106465716294088
pose_quality,attitude_log_level_0,45.0,80.0,1.0,1.0,0.05,1.0,1,2,320.0,150.4,2.376717327985486,1.2195498067157444,1.4949185424087748,0.6326273032324782,0.48687637677576107,0.5768148663049423
pose_quality,attitude_log_level_1,45.0,80.0,1.0,1.0,0.0889139705,1.0,1,2,320.0,150.4,2.3825472971436326,1.230872900441134,1.4984392305009062,0.6409024760927128,0.48337944773780894,0.5722866412951104
pose_quality,attitude_log_level_2,45.0,80.0,1.0,1.0,0.158113883,1.0,1,2,320.0,150.4,2.4008901133557616,1.2660133531378652,1.509518584477075,0.6663949378854057,0.47269000522129745,0.5585381029831725
pose_quality,attitude_log_level_3,45.0,80.0,1.0,1.0,0.2811706626,1.0,1,2,320.0,150.4,2.4579945069618025,1.3712233480247975,1.5440314593830728,0.7412617647783027,0.4421373423980128,0.5199179652243107
pose_quality,attitude_log_level_4,45.0,80.0,1.0,1.0,0.5,1.0,1,2,320.0,150.4,2.630428506762627,1.6606235585175244,1.6484221065551512,0.9395378107012748,0.36868705830696774,0.43003809099314527
position_sensitivity,position_covariance_x4,45.0,80.0,1.0,1.0,0.2,4.0,1,2,320.0,150.4,2.4902340029150265,1.428209320508775,1.5581686780276345,0.7702762397633772,0.42647585775596314,0.5056528534905409
reference,nominal,45.0,100.0,1.0,1.0,0.2,1.0,1,2,320.0,118.62068965517241,2.84995449588885,1.3726738629999395,1.8375038324261903,0.7009205011259899,0.5183523579130596,0.6185474616395693
rf_quality,paired_log_level_0,45.0,100.0,0.5,0.25,0.2,1.0,1,2,320.0,118.62068965517241,1.0403686244595973,0.9384759105129283,0.6279591128259613,0.53842069764583,0.09793904924766018,0.1425863776021781
rf_quality,paired_log_level_1,45.0,100.0,1.0,0.5,0.2,1.0,1,2,320.0,118.62068965517241,1.7579367524275094,1.3383158081451696,1.044887403398387,0.6825703541707112,0.2387008199827959,0.34675224148485045
rf_quality,paired_log_level_2,45.0,100.0,2.0,1.0,0.2,1.0,1,2,320.0,118.62068965517241,3.3350023431231755,2.210030211142638,1.9701821843115026,0.9982419817339949,0.337322741106988,0.4933250388299297
rf_quality,paired_log_level_3,45.0,100.0,4.0,2.0,0.2,1.0,1,2,320.0,118.62068965517241,6.576460799019776,4.112941013888216,3.878263845301106,1.7394201519576717,0.3745965893233558,0.5514951479989819
pose_quality,attitude_log_level_0,45.0,100.0,1.0,1.0,0.05,1.0,1,2,320.0,118.62068965517241,2.80134142745345,1.2686633512059213,1.806153039407492,0.6140504999417337,0.5471229109122926,0.6600229955357645
pose_quality,attitude_log_level_1,45.0,100.0,1.0,1.0,0.0889139705,1.0,1,2,320.0,118.62068965517241,2.808400999340512,1.2841764203655557,1.810705798246209,0.6273154728844269,0.5427375148110563,0.6535519610684274
pose_quality,attitude_log_level_2,45.0,100.0,1.0,1.0,0.158113883,1.0,1,2,320.0,118.62068965517241,2.8306094563590913,1.3320445938314593,1.825028142578854,0.667530475650807,0.5294142076580147,0.6342355166602779
pose_quality,attitude_log_level_3,45.0,100.0,1.0,1.0,0.2811706626,1.0,1,2,320.0,118.62068965517241,2.899719588821095,1.4732164129274727,1.8695974383933376,0.7811938276539964,0.4919452147693974,0.5821593399671509
pose_quality,attitude_log_level_4,45.0,100.0,1.0,1.0,0.5,1.0,1,2,320.0,118.62068965517241,3.108168416812358,1.8500550837193874,2.0040251784179324,1.0634783168691304,0.40477643562933213,0.46932886456611883
position_sensitivity,position_covariance_x4,45.0,100.0,1.0,1.0,0.2,4.0,1,2,320.0,118.62068965517241,2.9124286478190444,1.4980766115800541,1.8698717427088245,0.7818500808330896,0.4856263302100533,0.5818696742802008
reference,nominal,45.0,120.0,1.0,1.0,0.2,1.0,1,2,320.0,94.54545454545456,3.3030439377224496,1.456887749537354,2.173761290932982,0.74063248782268,0.5589257130675885,0.6592852716110336
rf_quality,paired_log_level_0,45.0,120.0,0.5,0.25,0.2,1.0,1,2,320.0,94.54545454545456,1.1649599939086175,1.0302478649786548,0.7214133554442981,0.6025932654626965,0.11563669965865782,0.16470458868677806
rf_quality,paired_log_level_1,45.0,120.0,1.0,0.5,0.2,1.0,1,2,320.0,94.54545454545456,1.9666533199400087,1.4183419090957856,1.1980692869204903,0.719737296843179,0.2788043043910499,0.3992523598587631
rf_quality,paired_log_level_2,45.0,120.0,2.0,1.0,0.2,1.0,1,2,320.0,94.54545454545456,3.7296245460535333,2.263298900886053,2.2572330769455897,0.9583316209522892,0.39315636924340247,0.5754396695935935
rf_quality,paired_log_level_3,45.0,120.0,4.0,2.0,0.2,1.0,1,2,320.0,94.54545454545456,7.353882998069857,4.142424576602502,4.442299601922138,1.551648261998695,0.4367024090960181,0.6507105776190079
pose_quality,attitude_log_level_0,45.0,120.0,1.0,1.0,0.05,1.0,1,2,320.0,94.54545454545456,3.2457431615155987,1.321843913157777,2.1355900222827886,0.6197120906788807,0.5927453752870137,0.709816919814762
pose_quality,attitude_log_level_1,45.0,120.0,1.0,1.0,0.0889139705,1.0,1,2,320.0,94.54545454545456,3.2540654163940324,1.34214916995044,2.1411344589197547,0.6385570477517077,0.5875469610448912,0.7017669557876003
pose_quality,attitude_log_level_2,45.0,120.0,1.0,1.0,0.158113883,1.0,1,2,320.0,94.54545454545456,3.280243744129159,1.4044293079843766,2.158573785459514,0.6947943000146193,0.5718521495550554,0.6781234421103134
pose_quality,attitude_log_level_3,45.0,120.0,1.0,1.0,0.2811706626,1.0,1,2,320.0,94.54545454545456,3.3616855381565385,1.5853555808328312,2.2128174498384756,0.8484452830733648,0.5284045569288437,0.6165769195577806
pose_quality,attitude_log_level_4,45.0,120.0,1.0,1.0,0.5,1.0,1,2,320.0,94.54545454545456,3.6071460359851857,2.0552190114804376,2.3762157367111327,1.2123116593737029,0.43023681576032585,0.4898141441266455
position_sensitivity,position_covariance_x4,45.0,120.0,1.0,1.0,0.2,4.0,1,2,320.0,94.54545454545456,3.3570968491428763,1.5756020800798711,2.2011901666958775,0.8176408025645566,0.5306652888247329,0.6285460407121999
reference,nominal,45.0,140.0,1.0,1.0,0.2,1.0,1,2,320.0,75.67567567567568,3.7689310509663168,1.5476184609496422,2.518523993022377,0.7963138526567504,0.5893746953654544,0.6838172457904096
rf_quality,paired_log_level_0,45.0,140.0,0.5,0.25,0.2,1.0,1,2,320.0,75.67567567567568,1.2968631218830293,1.1275853982189987,0.821819202121595,0.6731752297222208,0.13052859689482219,0.1808718657529994
rf_quality,paired_log_level_1,45.0,140.0,1.0,0.5,0.2,1.0,1,2,320.0,75.67567567567568,2.187796018578462,1.5050350575267784,1.3656818928889558,0.7737135110226036,0.31207706534511065,0.43345993305520486
rf_quality,paired_log_level_2,45.0,140.0,2.0,1.0,0.2,1.0,1,2,320.0,75.67567567567568,4.147871896158085,2.3227403859820708,2.573691504225148,0.9565775490906978,0.4400163640218782,0.6283247049926867
rf_quality,paired_log_level_3,45.0,140.0,4.0,2.0,0.2,1.0,1,2,320.0,75.67567567567568,8.177921536616699,4.1758709327798735,5.065480398179869,1.4317461676561467,0.48937258518776644,0.7173523426977227
pose_quality,attitude_log_level_0,45.0,140.0,1.0,1.0,0.05,1.0,1,2,320.0,75.67567567567568,3.7028083786798227,1.3787935026520726,2.4736752616069366,0.6404857128693863,0.6276357397830942,0.7410793070496582
pose_quality,attitude_log_level_1,45.0,140.0,1.0,1.0,0.0889139705,1.0,1,2,320.0,75.67567567567568,3.712412733836456,1.4043824052177318,2.480190316190982,0.6652042190419296,0.6217062848595435,0.7317930746284282
pose_quality,attitude_log_level_2,45.0,140.0,1.0,1.0,0.158113883,1.0,1,2,320.0,75.67567567567568,3.742622171127666,1.482397500520841,2.500681023640598,0.7379418882946334,0.6039147333768429,0.7049036317233671
pose_quality,attitude_log_level_3,45.0,140.0,1.0,1.0,0.2811706626,1.0,1,2,320.0,75.67567567567568,3.836587661872003,1.705780326115458,2.5644010272308666,0.9312922618417824,0.5553912808854864,0.6368382901299078
pose_quality,attitude_log_level_4,45.0,140.0,1.0,1.0,0.5,1.0,1,2,320.0,75.67567567567568,4.119651560769533,2.271961842964119,2.7562235764305245,1.3740163942890664,0.4485063094657145,0.5014858714515096
position_sensitivity,position_covariance_x4,45.0,140.0,1.0,1.0,0.2,4.0,1,2,320.0,75.67567567567568,3.8163911312833316,1.65985628916245,2.5422358473260065,0.8683983831934722,0.5650717570438613,0.6584115576425069
reference,nominal,45.0,160.0,1.0,1.0,0.2,1.0,1,2,320.0,60.48780487804879,4.243402722565487,1.6438688062681468,2.867653631773221,0.8615307191096649,0.6126059877544943,0.6995694634930736
rf_quality,paired_log_level_0,45.0,160.0,0.5,0.25,0.2,1.0,1,2,320.0,60.48780487804879,1.4340618477729086,1.2291447408871181,0.9260895752439541,0.747301361902532,0.14289279587489603,0.19305714924425638
rf_quality,paired_log_level_1,45.0,160.0,1.0,0.5,0.2,1.0,1,2,320.0,60.48780487804879,2.4179578242321593,1.597357581378918,1.5410330599689737,0.837712450030029,0.3393774013050989,0.4563955363508586
rf_quality,paired_log_level_2,45.0,160.0,2.0,1.0,0.2,1.0,1,2,320.0,60.48780487804879,4.5832812117386155,2.3879498847801357,2.9057437695166084,0.9808897400992936,0.47898682745798743,0.6624307516755092
rf_quality,paired_log_level_3,45.0,160.0,4.0,2.0,0.2,1.0,1,2,320.0,60.48780487804879,9.0358316258283,4.2132191464036115,5.719930305760165,1.3617416398101772,0.5337209322979839,0.7619303790399585
pose_quality,attitude_log_level_0,45.0,160.0,1.0,1.0,0.05,1.0,1,2,320.0,60.48780487804879,4.168373477659554,1.439157891129696,2.816203939494955,0.6706731372094574,0.6547435351359758,0.761852070511011
pose_quality,attitude_log_level_1,45.0,160.0,1.0,1.0,0.0889139705,1.0,1,2,320.0,60.48780487804879,4.1792721722370505,1.4704264265784492,2.8236783359818434,0.7013965877024672,0.6481620803865066,0.7516018100345772
pose_quality,attitude_log_level_2,45.0,160.0,1.0,1.0,0.158113883,1.0,1,2,320.0,60.48780487804879,4.21355135001143,1.5652006151060702,2.847185322841365,0.7907351584132066,0.6285317336640922,0.722274784128176
pose_quality,attitude_log_level_3,45.0,160.0,1.0,1.0,0.2811706626,1.0,1,2,320.0,60.48780487804879,4.320161962603462,1.8329313597271104,2.920275915959841,1.0231369671175794,0.5757262399897318,0.6496437334821861
pose_quality,attitude_log_level_4,45.0,160.0,1.0,1.0,0.5,1.0,1,2,320.0,60.48780487804879,4.641205692376872,2.497324221100807,3.140232571099709,1.542678977863821,0.46192339089762086,0.508737348927129
position_sensitivity,position_covariance_x4,45.0,160.0,1.0,1.0,0.2,4.0,1,2,320.0,60.48780487804879,4.285611585978854,1.749944185458914,2.8885008831264267,0.9285661957930713,0.5916699051346207,0.6785300633912152
reference,nominal,45.0,180.0,1.0,1.0,0.2,1.0,1,2,320.0,48.0,4.723872929211728,1.744770502581704,3.219194325688447,0.9325808909588356,0.630648298815935,0.7103061211567596
rf_quality,paired_log_level_0,45.0,180.0,0.5,0.25,0.2,1.0,1,2,320.0,48.0,1.5751730274546099,1.3339528531418672,1.0326375615212728,0.823492837520652,0.15313884259594057,0.2025344920559645
rf_quality,paired_log_level_1,45.0,180.0,1.0,0.5,0.2,1.0,1,2,320.0,48.0,2.6547939926488264,1.6944193106246515,1.7207582066425486,0.9078092043347065,0.3617511131498226,0.47243651035320344
rf_quality,paired_log_level_2,45.0,180.0,2.0,1.0,0.2,1.0,1,2,320.0,48.0,5.031398955692084,2.458500377604041,3.2464877475173064,1.0228282878454575,0.5113684286906509,0.6849431239567599
rf_quality,paired_log_level_3,45.0,180.0,4.0,2.0,0.2,1.0,1,2,320.0,48.0,9.91882819102538,4.254385219761386,6.391742974415449,1.3289306224302941,0.5710798556213745,0.7920863483169347
pose_quality,attitude_log_level_0,45.0,180.0,1.0,1.0,0.05,1.0,1,2,320.0,48.0,4.639880531934803,1.5025777869938723,3.161186793200276,0.706821726562451,0.6761602423484584,0.7764062129821537
pose_quality,attitude_log_level_1,45.0,180.0,1.0,1.0,0.0889139705,1.0,1,2,320.0,48.0,4.652081736601738,1.5398419202513165,3.1696141727785054,0.7436054168140832,0.6689993840529244,0.7653956045501167
pose_quality,attitude_log_level_2,45.0,180.0,1.0,1.0,0.158113883,1.0,1,2,320.0,48.0,4.690456460836071,1.6521593344283267,3.196117651229704,0.8495075350689711,0.6477615029105652,0.7342064254918389
pose_quality,attitude_log_level_3,45.0,180.0,1.0,1.0,0.2811706626,1.0,1,2,320.0,48.0,4.809793461796749,1.9655436399333832,3.2785192798479184,1.1203498025042862,0.5913455212691954,0.6582756705471452
pose_quality,attitude_log_level_4,45.0,180.0,1.0,1.0,0.5,1.0,1,2,320.0,48.0,5.169070169317256,2.7292004453072574,3.5264470832232067,1.7153203906006422,0.472013272037331,0.5135839698939073
position_sensitivity,position_covariance_x4,45.0,180.0,1.0,1.0,0.2,4.0,1,2,320.0,48.0,4.761824802671702,1.8450539576606455,3.237778884751813,0.9948402475682091,0.612532162748733,0.6927399050462129
reference,nominal,45.0,200.0,1.0,1.0,0.2,1.0,1,2,320.0,37.55102040816328,5.2086819468391115,1.8495883267001831,3.5721520498061574,1.0073201950210569,0.6449028092754625,0.7180074697336248
rf_quality,paired_log_level_0,45.0,200.0,0.5,0.25,0.2,1.0,1,2,320.0,37.55102040816328,1.71923355203655,1.4412977323292797,1.140604147843291,0.9009534956735556,0.16166263122193975,0.21010852242022635
rf_quality,paired_log_level_1,45.0,200.0,1.0,0.5,0.2,1.0,1,2,320.0,37.55102040816328,2.896667866674415,1.7954707891902888,1.903088981979843,0.9817329362269209,0.38015993830469086,0.48413713414199194
rf_quality,paired_log_level_2,45.0,200.0,2.0,1.0,0.2,1.0,1,2,320.0,37.55102040816328,5.4891135553318335,2.533964675812507,3.592328921237044,1.0766850917139297,0.5383654117792575,0.7002821525198295
rf_quality,paired_log_level_3,45.0,200.0,4.0,2.0,0.2,1.0,1,2,320.0,37.55102040816328,10.82077165443121,4.299270470144561,7.073693851054639,1.323997949754092,0.6026835601522033,0.8128279258853289
pose_quality,attitude_log_level_0,45.0,200.0,1.0,1.0,0.05,1.0,1,2,320.0,37.55102040816328,5.115686815407824,1.5687131504119387,3.5076123128496213,0.7468385673070165,0.6933523870759316,0.7870806404199565
pose_quality,attitude_log_level_1,45.0,200.0,1.0,1.0,0.0889139705,1.0,1,2,320.0,37.55102040816328,5.129196242055515,1.612223137302749,3.516988894128093,0.7897053816349952,0.68567723650662,0.7754598022889767
pose_quality,attitude_log_level_2,45.0,200.0,1.0,1.0,0.158113883,1.0,1,2,320.0,37.55102040816328,5.171684562235349,1.7426791346089292,3.546477099183057,0.9120984176023962,0.6630345270215603,0.7428156471636315
pose_quality,attitude_log_level_3,45.0,200.0,1.0,1.0,0.2811706626,1.0,1,2,320.0,37.55102040816328,5.3038048769990915,2.102606841094467,3.6381543750641345,1.2208976063377435,0.6035663283517835,0.6644184164625446
pose_quality,attitude_log_level_4,45.0,200.0,1.0,1.0,0.5,1.0,1,2,320.0,37.55102040816328,5.701492558205525,2.9660793560204834,3.9139566417044893,1.8903651238598362,0.47977142375609444,0.5170194008494174
position_sensitivity,position_covariance_x4,45.0,200.0,1.0,1.0,0.2,4.0,1,2,320.0,37.55102040816328,5.243125749333854,1.9444734449885352,3.58890934225627,1.0652201534411843,0.6291385066941064,0.7031911224674449
reference,nominal,60.0,20.0,1.0,1.0,0.2,1.0,1,2,320.0,400.0,1.599310545639359,1.1497772907405175,1.0328217884181523,0.9747042903724575,0.2810794039497382,0.0562705964353311
rf_quality,paired_log_level_0,60.0,20.0,0.5,0.25,0.2,1.0,1,2,320.0,400.0,0.7424603455896427,0.7103678097470366,0.5267725450431666,0.5223864834464506,0.0432245789734656,0.008326291182006541
rf_quality,paired_log_level_1,60.0,20.0,1.0,0.5,0.2,1.0,1,2,320.0,400.0,1.2460163466412173,1.1332485942339963,0.9875908164291819,0.9743028588633337,0.09050262680036236,0.013454922164923827
rf_quality,paired_log_level_2,60.0,20.0,2.0,1.0,0.2,1.0,1,2,320.0,400.0,2.3574974488625147,2.078939108849173,1.940804175240581,1.9105099983173253,0.11815849054163148,0.015609084785434572
rf_quality,paired_log_level_3,60.0,20.0,4.0,2.0,0.2,1.0,1,2,320.0,400.0,4.645292688580324,4.043719512946047,3.8642284806123097,3.8013742104827584,0.12950167319125966,0.01626567125751108
pose_quality,attitude_log_level_0,60.0,20.0,1.0,1.0,0.05,1.0,1,2,320.0,400.0,1.570480498273459,1.1093252869950236,1.0306073866096974,0.9723575434857671,0.2936395655886311,0.056519916197719046
pose_quality,attitude_log_level_1,60.0,20.0,1.0,1.0,0.0889139705,1.0,1,2,320.0,400.0,1.5746689633984874,1.1152470314687268,1.0309268901217636,0.9726961806316176,0.2917577869435017,0.05648383997750646
pose_quality,attitude_log_level_2,60.0,20.0,1.0,1.0,0.158113883,1.0,1,2,320.0,400.0,1.5878413431487328,1.1337696979200458,1.031936597912985,0.9737662702884258,0.2859678942029879,0.05637005969378785
pose_quality,attitude_log_level_3,60.0,20.0,1.0,1.0,0.2811706626,1.0,1,2,320.0,400.0,1.6287951434622032,1.1904483257476568,1.0351230924532167,0.9771424786432714,0.2691233575161494,0.05601325507339672
pose_quality,attitude_log_level_4,60.0,20.0,1.0,1.0,0.5,1.0,1,2,320.0,400.0,1.7520135520694278,1.354158441078545,1.0451357375448196,0.987743041956034,0.2270844940217202,0.0549141068734379
position_sensitivity,position_covariance_x4,60.0,20.0,1.0,1.0,0.2,4.0,1,2,320.0,400.0,1.7081552099833506,1.2969147305442263,1.0893671771405962,1.0344314639793568,0.2407512367937177,0.05042901449026238
reference,nominal,60.0,40.0,1.0,1.0,0.2,1.0,1,2,320.0,304.0,1.821570558935582,1.206947722244825,1.1131895969837193,0.8843257197286232,0.33741368605007876,0.20559289978564482
rf_quality,paired_log_level_0,60.0,40.0,0.5,0.25,0.2,1.0,1,2,320.0,304.0,0.7913174142154474,0.7550592362193493,0.512868579581498,0.497500228079204,0.04582001778900103,0.02996547675982529
rf_quality,paired_log_level_1,60.0,40.0,1.0,0.5,0.2,1.0,1,2,320.0,304.0,1.3283713563114325,1.1797897879110624,0.934692556453043,0.8810864354541903,0.11185243320282472,0.05735160789369763
rf_quality,paired_log_level_2,60.0,40.0,2.0,1.0,0.2,1.0,1,2,320.0,304.0,2.513586939252527,2.111095167023972,1.8210200865876938,1.6908444799852604,0.16012645751105192,0.07148499215423923
rf_quality,paired_log_level_3,60.0,40.0,4.0,2.0,0.2,1.0,1,2,320.0,304.0,4.953010666738941,4.0605536920815775,3.617453535074688,3.341988558634737,0.18018474715802638,0.07614886377089669
pose_quality,attitude_log_level_0,60.0,40.0,1.0,1.0,0.05,1.0,1,2,320.0,304.0,1.788663888902572,1.1566857872884728,1.104949787839055,0.8739307371790654,0.35332412396487023,0.2090765147905883
pose_quality,attitude_log_level_1,60.0,40.0,1.0,1.0,0.0889139705,1.0,1,2,320.0,304.0,1.7934446913543927,1.1640650170838116,1.1061413577894172,0.875436807058618,0.35093341729723454,0.20856696940782846
pose_quality,attitude_log_level_2,60.0,40.0,1.0,1.0,0.158113883,1.0,1,2,320.0,304.0,1.8084797437864013,1.1870983475419425,1.1099010139452061,0.8801824586398943,0.34359322982710155,0.20697211050268724
pose_quality,attitude_log_level_3,60.0,40.0,1.0,1.0,0.2811706626,1.0,1,2,320.0,304.0,1.8552230374123542,1.257161891562341,1.1217071625104897,0.8950239427904184,0.322366170422389,0.20208769926433584
pose_quality,attitude_log_level_4,60.0,40.0,1.0,1.0,0.5,1.0,1,2,320.0,304.0,1.9958466238654362,1.4567111069275689,1.1582497709393726,0.9404166266192242,0.2701287315824409,0.18807095825581707
position_sensitivity,position_covariance_x4,60.0,40.0,1.0,1.0,0.2,4.0,1,2,320.0,304.0,1.917842355664534,1.3478585994947578,1.1658435052925307,0.9497536409898869,0.2972005256252026,0.18535066097779823
reference,nominal,60.0,60.0,1.0,1.0,0.2,1.0,1,2,320.0,240.0,2.141337845248525,1.2722439331391593,1.2963362294101932,0.8110392252554277,0.4058649194651011,0.3743604422562238
rf_quality,paired_log_level_0,60.0,60.0,0.5,0.25,0.2,1.0,1,2,320.0,240.0,0.8666466362671539,0.8163407472825647,0.5266913972159556,0.49398278983120614,0.058046598093622365,0.06210203462149615
rf_quality,paired_log_level_1,60.0,60.0,1.0,0.5,0.2,1.0,1,2,320.0,240.0,1.4553098182934305,1.2374703978346413,0.9262940063809784,0.8021011137220966,0.14968594159162527,0.13407502564342633
rf_quality,paired_log_level_2,60.0,60.0,2.0,1.0,0.2,1.0,1,2,320.0,240.0,2.754147375775958,2.149093908001555,1.7833921665414585,1.4689399664053409,0.21968812311793384,0.17632251954203454
rf_quality,paired_log_level_3,60.0,60.0,4.0,2.0,0.2,1.0,1,2,320.0,240.0,5.427239829654016,4.080986714479109,3.5313390878500877,2.857105270562344,0.24805484139821585,0.19092865355454258
pose_quality,attitude_log_level_0,60.0,60.0,1.0,1.0,0.05,1.0,1,2,320.0,240.0,2.1025780272819308,1.2058653402119885,1.2803766117866382,0.785277831873356,0.42648247790791916,0.38668214910800436
pose_quality,attitude_log_level_1,60.0,60.0,1.0,1.0,0.0889139705,1.0,1,2,320.0,240.0,2.1082092848454494,1.2156575367365445,1.2826894694294397,0.7890432689065067,0.4233696125545415,0.3848524621805109
pose_quality,attitude_log_level_2,60.0,60.0,1.0,1.0,0.158113883,1.0,1,2,320.0,240.0,2.125918720179111,1.246116873621327,1.2899760769138455,0.8008341177993871,0.4138454768786549,0.3791868452976955
pose_quality,attitude_log_level_3,60.0,60.0,1.0,1.0,0.2811706626,1.0,1,2,320.0,240.0,2.1809747095839116,1.3378817368364169,1.312752203871391,0.8370276900979333,0.38656705602438685,0.3623871377785658
pose_quality,attitude_log_level_4,60.0,60.0,1.0,1.0,0.5,1.0,1,2,320.0,240.0,2.3465913246512704,1.5936648652851715,1.3823090786941206,0.9423775221542989,0.3208596449908005,0.3182584584884799
position_sensitivity,position_covariance_x4,60.0,60.0,1.0,1.0,0.2,4.0,1,2,320.0,240.0,2.223809292069263,1.4066288157895097,1.3418224993200243,0.8819209856347249,0.36746877495028535,0.34274392769413015
reference,nominal,60.0,80.0,1.0,1.0,0.2,1.0,1,2,320.0,194.28571428571428,2.521788972204333,1.3454818657592862,1.5580544105070055,0.7778921754193485,0.4664573917209335,0.5007284917821226
rf_quality,paired_log_level_0,60.0,80.0,0.5,0.25,0.2,1.0,1,2,320.0,194.28571428571428,0.9622508982124898,0.8906450628864246,0.5743074328093629,0.5191459274836184,0.07441493217525967,0.0960487400553197
rf_quality,paired_log_level_1,60.0,80.0,1.0,0.5,0.2,1.0,1,2,320.0,194.28571428571428,1.6163617654952347,1.304580896484846,0.9825324071622936,0.7624095259112758,0.192890524674631,0.22403625534018462
rf_quality,paired_log_level_2,60.0,80.0,2.0,1.0,0.2,1.0,1,2,320.0,194.28571428571428,3.0593168551706746,2.1932445032615693,1.8728410359932666,1.298120270459808,0.28309338094395864,0.30687108755530534
rf_quality,paired_log_level_3,60.0,80.0,4.0,2.0,0.2,1.0,1,2,320.0,194.28571428571428,6.028813869563187,4.1050540594451155,3.698133043307817,2.4522403545316522,0.3190942450272488,0.336897746561808
pose_quality,attitude_log_level_0,60.0,80.0,1.0,1.0,0.05,1.0,1,2,320.0,194.28571428571428,2.4760768476546433,1.2577195181148526,1.5344136878141832,0.72938882348843,0.49205150102422185,0.5246465609105289
pose_quality,attitude_log_level_1,60.0,80.0,1.0,1.0,0.0889139705,1.0,1,2,320.0,194.28571428571428,2.4827182537642876,1.270744568483413,1.537843959710508,0.7365777181644911,0.4881640046925521,0.5210322129800813
pose_quality,attitude_log_level_2,60.0,80.0,1.0,1.0,0.158113883,1.0,1,2,320.0,194.28571428571428,2.5036042807079464,1.3110820817686653,1.5486414284125352,0.758862941692327,0.476322160066794,0.5099815052279635
pose_quality,attitude_log_level_3,60.0,80.0,1.0,1.0,0.2811706626,1.0,1,2,320.0,194.28571428571428,2.568534234785157,1.4311778177497982,1.5823011927185568,0.825384610322292,0.4428036822061249,0.4783644137282131
pose_quality,attitude_log_level_4,60.0,80.0,1.0,1.0,0.5,1.0,1,2,320.0,194.28571428571428,2.7638402239340034,1.7577584060931886,1.684321631486596,1.0072348528381962,0.3640159113137065,0.40199375581895097
position_sensitivity,position_covariance_x4,60.0,80.0,1.0,1.0,0.2,4.0,1,2,320.0,194.28571428571428,2.592184333787122,1.473201089833662,1.596099478760748,0.8515375720299406,0.43167579919698496,0.46648840917416007
reference,nominal,60.0,100.0,1.0,1.0,0.2,1.0,1,2,320.0,160.0,2.939454857570407,1.4260229410649083,1.863525435333446,0.7817875153254479,0.5148682289192966,0.58047928914608
rf_quality,paired_log_level_0,60.0,100.0,0.5,0.25,0.2,1.0,1,2,320.0,160.0,1.0727229124584476,0.9747970291098398,0.6468456739204581,0.5662329120813221,0.09128721146095689,0.12462441211139472
rf_quality,paired_log_level_1,60.0,100.0,1.0,0.5,0.2,1.0,1,2,320.0,160.0,1.8024057616057265,1.3799468070845733,1.0899983485007654,0.7606991369664705,0.23438615406155447,0.3021098261178362
rf_quality,paired_log_level_2,60.0,100.0,2.0,1.0,0.2,1.0,1,2,320.0,160.0,3.4118022890686768,2.2435555327300034,2.065634211372753,1.1854574501759059,0.34241338077581596,0.42610485261662584
rf_quality,paired_log_level_3,60.0,100.0,4.0,2.0,0.2,1.0,1,2,320.0,160.0,6.723638016772856,4.132833878347809,4.07208028862768,2.143091918984206,0.3853277246576928,0.4737107897972111
pose_quality,attitude_log_level_0,60.0,100.0,1.0,1.0,0.05,1.0,1,2,320.0,160.0,2.8861193827546043,1.3125668212555763,1.8326198503003002,0.704954031621014,0.5452139543850675,0.6153299160731575
pose_quality,attitude_log_level_1,60.0,100.0,1.0,1.0,0.0889139705,1.0,1,2,320.0,160.0,2.8938684278219613,1.3295191033956226,1.837107019679641,0.7165381167392568,0.540573755664396,0.6099638676116929
pose_quality,attitude_log_level_2,60.0,100.0,1.0,1.0,0.158113883,1.0,1,2,320.0,160.0,2.918237644949298,1.3817588505771818,1.8512251173637944,0.7519967460984266,0.5265091405531543,0.5937842788297435
pose_quality,attitude_log_level_3,60.0,100.0,1.0,1.0,0.2811706626,1.0,1,2,320.0,160.0,2.9939947917125314,1.5353017232944512,1.8951784337103204,0.8544974936093905,0.48720628120522685,0.5491202947384314
pose_quality,attitude_log_level_4,60.0,100.0,1.0,1.0,0.5,1.0,1,2,320.0,160.0,3.2218580914615003,1.9425540224830524,2.0279111493570907,1.118431178334556,0.39707027207959045,0.44848117300941287
position_sensitivity,position_covariance_x4,60.0,100.0,1.0,1.0,0.2,4.0,1,2,320.0,160.0,3.0000658092272343,1.5471074392049864,1.8954490360161915,0.8550974910024806,0.4843088326774089,0.5488681179211742
reference,nominal,60.0,120.0,1.0,1.0,0.2,1.0,1,2,320.0,133.33333333333331,3.3805699941847407,1.513095499144063,2.1913353186415234,0.8125669813709662,0.552414089414835,0.6291909437781975
rf_quality,paired_log_level_0,60.0,120.0,0.5,0.25,0.2,1.0,1,2,320.0,133.33333333333331,1.1939427790145327,1.0663081527020442,0.7345851289028263,0.6269038748844616,0.10690179509091448,0.1465878490886373
rf_quality,paired_log_level_1,60.0,120.0,1.0,0.5,0.2,1.0,1,2,320.0,133.33333333333331,2.0065019772642136,1.4624369864987883,1.2296675750093173,0.7873692663514993,0.2711509866076666,0.3596893320167987
rf_quality,paired_log_level_2,60.0,120.0,2.0,1.0,0.2,1.0,1,2,320.0,133.33333333333331,3.7984540915459566,2.2998821686186495,2.324209646035776,1.1226152943971166,0.39452153081502533,0.5169905192021407
rf_quality,paired_log_level_3,60.0,120.0,4.0,2.0,0.2,1.0,1,2,320.0,133.33333333333331,7.485790986185113,4.164398289385321,4.578364665850849,1.9166737527354123,0.44369295147691934,0.5813628025238975
pose_quality,attitude_log_level_0,60.0,120.0,1.0,1.0,0.05,1.0,1,2,320.0,133.33333333333331,3.319189655453596,1.3704832989927185,2.153475579624929,0.7041105683978204,0.5871030458470653,0.6730352667753701
pose_quality,attitude_log_level_1,60.0,120.0,1.0,1.0,0.0889139705,1.0,1,2,320.0,133.33333333333331,3.328107576178936,1.391942722444941,2.1589740850553794,0.720752190721117,0.5817614994155156,0.6661598693054117
pose_quality,attitude_log_level_2,60.0,120.0,1.0,1.0,0.158113883,1.0,1,2,320.0,133.33333333333331,3.356152570856724,1.457725825666817,2.1762704602232095,0.7710173386693175,0.5656556742011571,0.6457162136960504
pose_quality,attitude_log_level_3,60.0,120.0,1.0,1.0,0.2811706626,1.0,1,2,320.0,133.33333333333331,3.443335704873952,1.6485646121422104,2.230083719297726,0.911914478207992,0.5212303552602465,0.5910850923143091
pose_quality,attitude_log_level_4,60.0,120.0,1.0,1.0,0.5,1.0,1,2,320.0,133.33333333333331,3.7055581467802843,2.142980560601877,2.392302981681199,1.2575484788465732,0.4216848108391208,0.4743356136425384
position_sensitivity,position_covariance_x4,60.0,120.0,1.0,1.0,0.2,4.0,1,2,320.0,133.33333333333331,3.433402610470001,1.627715573904121,2.2185469295747944,0.8833261567588296,0.5259176512126837,0.60184472774343
reference,nominal,60.0,140.0,1.0,1.0,0.2,1.0,1,2,320.0,112.0,3.837055576610177,1.6058836178963376,2.530710156996524,0.8610917844728401,0.5814802298706745,0.6597430242684157
rf_quality,paired_log_level_0,60.0,140.0,0.5,0.25,0.2,1.0,1,2,320.0,112.0,1.322959382994647,1.1633458278636202,0.8311254416751863,0.6954115755665148,0.12064887039065866,0.16328926934919907
rf_quality,paired_log_level_1,60.0,140.0,1.0,0.5,0.2,1.0,1,2,320.0,112.0,2.2236853021149177,1.5510130039649221,1.3880265947959192,0.8330763119383591,0.30250337019821366,0.3998124279017537
rf_quality,paired_log_level_2,60.0,140.0,2.0,1.0,0.2,1.0,1,2,320.0,112.0,4.2098688219462685,2.36196151412927,2.6210706095228877,1.098633834662819,0.4389465292086443,0.5808453878841505
rf_quality,paired_log_level_3,60.0,140.0,4.0,2.0,0.2,1.0,1,2,320.0,112.0,8.296738648324933,4.199765406451907,5.161742379185577,1.7562734007375476,0.4938052668080828,0.659751829572197
pose_quality,attitude_log_level_0,60.0,140.0,1.0,1.0,0.05,1.0,1,2,320.0,112.0,3.7673546670795925,1.4313727270697028,2.4860812728432955,0.7194339842844437,0.6200589396115218,0.7106152593870604
pose_quality,attitude_log_level_1,60.0,140.0,1.0,1.0,0.0889139705,1.0,1,2,320.0,112.0,3.7774815169367852,1.4578179951666141,2.492563900850592,0.7415254293581351,0.6140767364101414,0.7025049471730341
pose_quality,attitude_log_level_2,60.0,140.0,1.0,1.0,0.158113883,1.0,1,2,320.0,112.0,3.8093282575522527,1.5384565219786526,2.512953715708307,0.8074165838360222,0.5961344315947155,0.6786981874003828
pose_quality,attitude_log_level_3,60.0,140.0,1.0,1.0,0.2811706626,1.0,1,2,320.0,112.0,3.9083290555219974,1.7694357017055007,2.5763702031654376,0.9872530508030686,0.5472654230059002,0.6168046620046732
pose_quality,attitude_log_level_4,60.0,140.0,1.0,1.0,0.5,1.0,1,2,320.0,112.0,4.206089351927387,2.3552185318202468,2.7673632212934147,1.4125453483441563,0.4400455304780918,0.48956994966350725
position_sensitivity,position_covariance_x4,60.0,140.0,1.0,1.0,0.2,4.0,1,2,320.0,112.0,3.8836832386273805,1.7143109969395376,2.5543088886674163,0.9281589633713722,0.5585862976957332,0.6366301008114985
reference,nominal,60.0,160.0,1.0,1.0,0.2,1.0,1,2,320.0,94.54545454545453,4.304023803016588,1.7036024130592686,2.876355655275301,0.9209638678920672,0.6041837845168854,0.679815718823575
rf_quality,paired_log_level_0,60.0,160.0,0.5,0.25,0.2,1.0,1,2,320.0,94.54545454545453,1.457704001294923,1.2645847193925066,0.9328118927889709,0.7684143032272801,0.13248182191368246,0.1762387366976702
rf_quality,paired_log_level_1,60.0,160.0,1.0,0.5,0.2,1.0,1,2,320.0,94.54545454545453,2.450478513209136,1.6447593656337571,1.557166463718443,0.8910252973615335,0.32880073962379397,0.427790593926737
rf_quality,paired_log_level_2,60.0,160.0,2.0,1.0,0.2,1.0,1,2,320.0,94.54545454545453,4.639463427696502,2.4294569726137074,2.93994640586063,1.1036473438836096,0.476349579972886,0.6246029037524132
rf_quality,paired_log_level_3,60.0,160.0,4.0,2.0,0.2,1.0,1,2,320.0,94.54545454545453,9.143507243386875,4.238905806998454,5.789417480519657,1.647677762634935,0.5364026413317187,0.7153983508394285
pose_quality,attitude_log_level_0,60.0,160.0,1.0,1.0,0.05,1.0,1,2,320.0,94.54545454545453,4.225814566163604,1.495041481848738,2.8250644475195545,0.7454808669358837,0.6462122370868705,0.7361189874480825
pose_quality,attitude_log_level_1,60.0,160.0,1.0,1.0,0.0889139705,1.0,1,2,320.0,94.54545454545453,4.237177621257216,1.5268642634271532,2.8325154631361245,0.7732376343878806,0.6396506354212934,0.7270137994121445
pose_quality,attitude_log_level_2,60.0,160.0,1.0,1.0,0.158113883,1.0,1,2,320.0,94.54545454545453,4.272911892041874,1.6233965387424123,2.8559497135655856,0.8551031263794209,0.620072545430688,0.7005888716045197
pose_quality,attitude_log_level_3,60.0,160.0,1.0,1.0,0.2811706626,1.0,1,2,320.0,94.54545454545453,4.383997091939589,1.8965945236087658,2.9288215939430566,1.0736612684993618,0.5673823490677397,0.6334152716164942
pose_quality,attitude_log_level_4,60.0,160.0,1.0,1.0,0.5,1.0,1,2,320.0,94.54545454545453,4.718098020728011,2.576448955063064,3.148181237541376,1.5766412701486856,0.4539221220619081,0.4991898016074864
position_sensitivity,position_covariance_x4,60.0,160.0,1.0,1.0,0.2,4.0,1,2,320.0,94.54545454545453,4.345643899002009,1.8061730763637696,2.8971402892566678,0.9839585590677675,0.5843715871936577,0.6603690326227778
reference,nominal,60.0,180.0,1.0,1.0,0.2,1.0,1,2,320.0,80.0,4.778402419469982,1.8055414715479319,3.22558344755378,0.9880977464514686,0.6221453713920977,0.6936685215194719
rf_quality,paired_log_level_0,60.0,180.0,0.5,0.25,0.2,1.0,1,2,320.0,80.0,1.5967271647259902,1.3690645961776167,1.0376099706111441,0.8440544195210802,0.14258075742541904,0.18653979488657116
rf_quality,paired_log_level_1,60.0,180.0,1.0,0.5,0.2,1.0,1,2,320.0,80.0,2.6844470654752044,1.7428885214017802,1.7326815276662684,0.956795724219008,0.35074580392470817,0.4477948146029428
rf_quality,paired_log_level_2,60.0,180.0,2.0,1.0,0.2,1.0,1,2,320.0,80.0,5.082630193354282,2.5019952049273537,3.271756191578604,1.129750926772123,0.5077361307539547,0.6546958695516292
rf_quality,paired_log_level_3,60.0,180.0,4.0,2.0,0.2,1.0,1,2,320.0,80.0,10.017016732671918,4.281756956906121,6.443073938765641,1.579732227017996,0.5725516816857693,0.7548169954230511
pose_quality,attitude_log_level_0,60.0,180.0,1.0,1.0,0.05,1.0,1,2,320.0,80.0,4.691552264333466,1.5612536539766235,3.167692916318133,0.7786057998124727,0.6672202362860317,0.7542041415057806
pose_quality,attitude_log_level_1,60.0,180.0,1.0,1.0,0.0889139705,1.0,1,2,320.0,80.0,4.704170786490581,1.5987723764045636,3.176103032785083,0.8121447249574069,0.6601372592602479,0.7442952207236023
pose_quality,attitude_log_level_2,60.0,180.0,1.0,1.0,0.158113883,1.0,1,2,320.0,80.0,4.7438531668853905,1.7120143667771703,3.2025528116005075,0.9101060874974162,0.6391089043969703,0.7158185544354594
pose_quality,attitude_log_level_3,60.0,180.0,1.0,1.0,0.2811706626,1.0,1,2,320.0,80.0,4.8672111382342695,2.0289392763793157,3.284793013101853,1.1669677451979075,0.5831413064370625,0.6447362921976226
pose_quality,attitude_log_level_4,60.0,180.0,1.0,1.0,0.5,1.0,1,2,320.0,80.0,5.238219646938416,2.804602537375752,3.532280495849911,1.7461254481769724,0.46458859566628535,0.5056662543564981
position_sensitivity,position_covariance_x4,60.0,180.0,1.0,1.0,0.2,4.0,1,2,320.0,80.0,4.81592459268172,1.90262450459345,3.2441314056512773,1.0470611999985822,0.6049305864371965,0.6772445166140306
reference,nominal,60.0,200.0,1.0,1.0,0.2,1.0,1,2,320.0,67.69230769230768,5.258186175325562,1.9110809078932716,3.5769614857398895,1.0599583953326448,0.6365513041624193,0.703670727359427
rf_quality,paired_log_level_0,60.0,200.0,0.5,0.25,0.2,1.0,1,2,320.0,67.69230769230768,1.7390030415734161,1.4760825498156183,1.144366035392683,0.9212942779174537,0.15119035762002608,0.19493042486068146
rf_quality,paired_log_level_1,60.0,200.0,1.0,0.5,0.2,1.0,1,2,320.0,67.69230769230768,2.92386894948427,1.8447333525040372,1.912101168051855,1.027625414380933,0.36907796335077786,0.4625674459328271
rf_quality,paired_log_level_2,60.0,200.0,2.0,1.0,0.2,1.0,1,2,320.0,67.69230769230768,5.536110715510021,2.5791917797081645,3.6114207581622044,1.1709902740221645,0.5341148484472544,0.6757535738876179
rf_quality,paired_log_level_3,60.0,200.0,4.0,2.0,0.2,1.0,1,2,320.0,67.69230769230768,10.910846472061248,4.328234378130961,7.112473265676525,1.5437350840513546,0.603309020137529,0.7829538296472573
pose_quality,attitude_log_level_0,60.0,200.0,1.0,1.0,0.05,1.0,1,2,320.0,67.69230769230768,5.162598463146473,1.6297641773617537,3.512510119670327,0.8164469793906355,0.6843132021605156,0.7675602484905397
pose_quality,attitude_log_level_1,60.0,200.0,1.0,1.0,0.0889139705,1.0,1,2,320.0,67.69230769230768,5.1764864912375055,1.6732366168876658,3.5218736611287653,0.8558343381298564,0.6767621011433071,0.756994594219612
pose_quality,attitude_log_level_2,60.0,200.0,1.0,1.0,0.158113883,1.0,1,2,320.0,67.69230769230768,5.220161134412724,1.8038266688799227,3.551321306015841,0.969918217135698,0.6544500021295117,0.7268852538088617
pose_quality,attitude_log_level_3,60.0,200.0,1.0,1.0,0.2811706626,1.0,1,2,320.0,67.69230769230768,5.355929171701987,2.165568210520654,3.6428766737745173,1.2646773460848135,0.5956689976479864,0.6528355309996166
pose_quality,attitude_log_level_4,60.0,200.0,1.0,1.0,0.5,1.0,1,2,320.0,67.69230769230768,5.76425849919303,3.0381547734847816,3.9183465641358053,1.9189315063452637,0.4729322472421892,0.5102700909845411
position_sensitivity,position_covariance_x4,60.0,200.0,1.0,1.0,0.2,4.0,1,2,320.0,67.69230769230768,5.292307800419858,2.0030552255277865,3.5936963520123006,1.1151286023755984,0.6215157354663164,0.6896987132062009
reference,nominal,75.0,20.0,1.0,1.0,0.2,1.0,1,2,320.0,425.2631578947369,1.7955479716417484,1.1822938013239483,1.048966541476655,0.9914555391381673,0.34154151267653116,0.054826345802725045
rf_quality,paired_log_level_0,75.0,20.0,0.5,0.25,0.2,1.0,1,2,320.0,425.2631578947369,0.7994676534859266,0.7521570272962289,0.5346885110396623,0.5301390356204584,0.05917766151439491,0.00850864629643491
rf_quality,paired_log_level_1,75.0,20.0,1.0,0.5,0.2,1.0,1,2,320.0,425.2631578947369,1.3251857707014494,1.161904926398067,1.0044628311697164,0.9911460307250641,0.12321355081933481,0.013257633863011686
rf_quality,paired_log_level_2,75.0,20.0,2.0,1.0,0.2,1.0,1,2,320.0,425.2631578947369,2.4947930812928747,2.097097668838776,1.9751356107002291,1.9452028073202094,0.1594101793195615,0.015154809228216918
rf_quality,paired_log_level_3,75.0,20.0,4.0,2.0,0.2,1.0,1,2,320.0,425.2631578947369,4.9087160525799005,4.05508770273885,3.933194768438871,3.871367442714783,0.1739005354348017,0.015719365392278344
pose_quality,attitude_log_level_0,75.0,20.0,1.0,1.0,0.05,1.0,1,2,320.0,425.2631578947369,1.756799226405988,1.1225727754060817,1.0467862932999716,0.9891485352518868,0.3610124830811711,0.055061628545386265
pose_quality,attitude_log_level_1,75.0,20.0,1.0,1.0,0.0889139705,1.0,1,2,320.0,425.2631578947369,1.7624374821765192,1.131376149988563,1.0471008601287437,0.989481425915926,0.35806168364544083,0.055027587510274055
pose_quality,attitude_log_level_2,75.0,20.0,1.0,1.0,0.158113883,1.0,1,2,320.0,425.2631578947369,1.7801496902874703,1.1587747986614192,1.048094986448485,0.9905333823595799,0.34905766353036716,0.05492021699670091
pose_quality,attitude_log_level_3,75.0,20.0,1.0,1.0,0.2811706626,1.0,1,2,320.0,425.2631578947369,1.835035827078948,1.241443756617896,1.0512325028442255,0.9938526329322642,0.3234771014830514,0.05458342446291733
pose_quality,attitude_log_level_4,75.0,20.0,1.0,1.0,0.5,1.0,1,2,320.0,425.2631578947369,1.998706306398482,1.4726347182581634,1.0610931478430998,1.0042768290415933,0.2632060480602875,0.053545081237210794
position_sensitivity,position_covariance_x4,75.0,20.0,1.0,1.0,0.2,4.0,1,2,320.0,425.2631578947369,1.8931435546378401,1.3258275274895421,1.1046858400185524,1.050230491886307,0.2996687841017033,0.049294872948974215
reference,nominal,75.0,40.0,1.0,1.0,0.2,1.0,1,2,320.0,337.3913043478261,1.9960755492351538,1.2478845687331492,1.1512732513733877,0.9302572342287597,0.3748309931398602,0.19197529073221448
rf_quality,paired_log_level_0,75.0,40.0,0.5,0.25,0.2,1.0,1,2,320.0,337.3913043478261,0.8450351556224299,0.7974641588606542,0.533473462363136,0.5179476266471812,0.05629469548723825,0.029103295311410128
rf_quality,paired_log_level_1,75.0,40.0,1.0,0.5,0.2,1.0,1,2,320.0,337.3913043478261,1.4029009412788713,1.2129668643437905,0.9797393508397021,0.9276180124307909,0.13538666298273253,0.05319918850277855
rf_quality,paired_log_level_2,75.0,40.0,2.0,1.0,0.2,1.0,1,2,320.0,337.3913043478261,2.6427859539233256,2.134763663004016,1.9133923376391355,1.7891390835380159,0.19222982858870175,0.0649387225279846
rf_quality,paired_log_level_3,75.0,40.0,4.0,2.0,0.2,1.0,1,2,320.0,337.3913043478261,5.200871444970308,4.074857417433312,3.8033924864974926,3.5419792603997857,0.21650487604840707,0.06873159344605001
pose_quality,attitude_log_level_0,75.0,40.0,1.0,1.0,0.05,1.0,1,2,320.0,337.3913043478261,1.9542909286765617,1.1798946277254572,1.1433079437057405,0.9203811583511143,0.39625435987441376,0.19498402559162317
pose_quality,attitude_log_level_1,75.0,40.0,1.0,1.0,0.0889139705,1.0,1,2,320.0,337.3913043478261,1.9603691987065837,1.1899351637233813,1.1444595772273007,0.9218113399250316,0.3930045603101298,0.19454443104201402
pose_quality,attitude_log_level_2,75.0,40.0,1.0,1.0,0.158113883,1.0,1,2,320.0,337.3913043478261,1.9794675477268964,1.2211429364050015,1.148093759782568,0.9263194393721654,0.38309524810988194,0.19316742950715396
pose_quality,attitude_log_level_3,75.0,40.0,1.0,1.0,0.2811706626,1.0,1,2,320.0,337.3913043478261,2.038684719578479,1.314965278808029,1.1595110947819387,0.9404330924789389,0.35499331202133455,0.18893997934896886
pose_quality,attitude_log_level_4,75.0,40.0,1.0,1.0,0.5,1.0,1,2,320.0,337.3913043478261,2.2155539168788443,1.5753023383544777,1.1948981347278878,0.9837326745022122,0.28898036452496684,0.1767225624414954
position_sensitivity,position_covariance_x4,75.0,40.0,1.0,1.0,0.2,4.0,1,2,320.0,337.3913043478261,2.0843026647429164,1.3846356549223762,1.2022604124430993,0.9926623402924791,0.3356839779825542,0.17433666615097007
reference,nominal,75.0,60.0,1.0,1.0,0.2,1.0,1,2,320.0,275.55555555555554,2.291620837871555,1.3198153449020884,1.3379998943357254,0.8749378474520918,0.4240690592917082,0.34608526416478474
rf_quality,paired_log_level_0,75.0,60.0,0.5,0.25,0.2,1.0,1,2,320.0,275.55555555555554,0.9159571804131318,0.8585487001450388,0.5521257576780305,0.5205007966997216,0.06267594325992351,0.057278546668983445
rf_quality,paired_log_level_1,75.0,60.0,1.0,0.5,0.2,1.0,1,2,320.0,275.55555555555554,1.5236427593086659,1.2752251169619109,0.9837564148803805,0.8669275686431925,0.16304192096805648,0.11875790029932734
rf_quality,paired_log_level_2,75.0,60.0,2.0,1.0,0.2,1.0,1,2,320.0,275.55555555555554,2.87254696472784,2.1775932918336736,1.9025015137774106,1.6108334890940852,0.24192943803096706,0.15330764394726787
rf_quality,paired_log_level_3,75.0,60.0,4.0,2.0,0.2,1.0,1,2,320.0,275.55555555555554,5.654350651565636,4.097979591396969,3.771797093475933,3.149148000383055,0.27525195306692246,0.165080219763113
pose_quality,attitude_log_level_0,75.0,60.0,1.0,1.0,0.05,1.0,1,2,320.0,275.55555555555554,2.245165670335309,1.237398629110316,1.3225431431795358,0.8511127335628895,0.4488608811992417,0.3564574902889572
pose_quality,attitude_log_level_1,75.0,60.0,1.0,1.0,0.0889139705,1.0,1,2,320.0,275.55555555555554,2.2519213847287833,1.249614501784727,1.3247823868644062,0.8545881418600663,0.44508964200132234,0.3549218722006342
pose_quality,attitude_log_level_2,75.0,60.0,1.0,1.0,0.158113883,1.0,1,2,320.0,275.55555555555554,2.2731526991441187,1.2874819119887024,1.3318387201801165,0.8654865084059359,0.4336139791781425,0.3501566704045905
pose_quality,attitude_log_level_3,75.0,60.0,1.0,1.0,0.2811706626,1.0,1,2,320.0,275.55555555555554,2.3390240595474614,1.4005070621791866,1.3539107970358202,0.8990811787552098,0.40124298573904055,0.3359376550333966
pose_quality,attitude_log_level_4,75.0,60.0,1.0,1.0,0.5,1.0,1,2,320.0,275.55555555555554,2.53609271469533,1.7094305302066597,1.4214550596487967,0.9979013008623909,0.3259589760652659,0.29797196605783266
position_sensitivity,position_covariance_x4,75.0,60.0,1.0,1.0,0.2,4.0,1,2,320.0,275.55555555555554,2.368865987042561,1.449797415033914,1.3821156670996868,0.9410187229296236,0.38797828878284046,0.3191461862925605
reference,nominal,75.0,80.0,1.0,1.0,0.2,1.0,1,2,320.0,229.67741935483872,2.6505882210190475,1.3982694290828122,1.5922653716877095,0.8468002397075487,0.4724682551614025,0.4681789513452841
rf_quality,paired_log_level_0,75.0,80.0,0.5,0.25,0.2,1.0,1,2,320.0,229.67741935483872,1.0068902399506836,0.9321919545434211,0.5973046913627481,0.5453612734833461,0.07418711836050886,0.08696301674927977
rf_quality,paired_log_level_1,75.0,80.0,1.0,0.5,0.2,1.0,1,2,320.0,229.67741935483872,1.6781495605956402,1.346140613706899,1.035927313521368,0.8316053055014155,0.19784228693591438,0.1972358536675826
rf_quality,paired_log_level_2,75.0,80.0,2.0,1.0,0.2,1.0,1,2,320.0,229.67741935483872,3.1663256177160486,2.2260182830128716,1.9845995609195834,1.4561583187604175,0.2969711420209033,0.26627096597477207
rf_quality,paired_log_level_3,75.0,80.0,4.0,2.0,0.2,1.0,1,2,320.0,229.67741935483872,6.234047304610002,4.12465416043718,3.9243592458403476,2.782612425803146,0.3383665604547068,0.29093840510330554
pose_quality,attitude_log_level_0,75.0,80.0,1.0,1.0,0.05,1.0,1,2,320.0,229.67741935483872,2.598247694492344,1.2963142214900814,1.5691401572603352,0.8024727192995109,0.5010813540841569,0.4885907956746192
pose_quality,attitude_log_level_1,75.0,80.0,1.0,1.0,0.0889139705,1.0,1,2,320.0,229.67741935483872,2.6058575290803283,1.3115002633500645,1.5724946779539708,0.8090124500194813,0.49671068018330017,0.485522932852074
pose_quality,attitude_log_level_2,75.0,80.0,1.0,1.0,0.158113883,1.0,1,2,320.0,229.67741935483872,2.629777021573761,1.3584059268495607,1.5830558238960133,0.829353587840583,0.48345205098923644,0.4761059115404505
pose_quality,attitude_log_level_3,75.0,80.0,1.0,1.0,0.2811706626,1.0,1,2,320.0,229.67741935483872,2.7040249596778194,1.4970940055531874,1.6159989270584418,0.8906257150717117,0.4463460848632241,0.448869859899664
pose_quality,attitude_log_level_4,75.0,80.0,1.0,1.0,0.5,1.0,1,2,320.0,229.67741935483872,2.926446342586464,1.8691248419889843,1.7160171403774311,1.06135595262009,0.36129878248954783,0.38150037802847997
position_sensitivity,position_covariance_x4,75.0,80.0,1.0,1.0,0.2,4.0,1,2,320.0,229.67741935483872,2.7176493367255676,1.521564128227126,1.6295118943646285,0.9149156496468742,0.44011756496133414,0.4385339236792661
reference,nominal,75.0,100.0,1.0,1.0,0.2,1.0,1,2,320.0,194.28571428571428,3.050670935510382,1.4827768771206196,1.8889206351199004,0.8488192502848501,0.513950567443765,0.5506326552301279
rf_quality,paired_log_level_0,75.0,100.0,0.5,0.25,0.2,1.0,1,2,320.0,194.28571428571428,1.1129400752558676,1.0155422105056453,0.6650059062003708,0.5899053075796709,0.08751402426391221,0.11293222800050084
rf_quality,paired_log_level_1,75.0,100.0,1.0,0.5,0.2,1.0,1,2,320.0,194.28571428571428,1.858016985993935,1.4245236679068842,1.1328682700920945,0.8265783058037519,0.23330966366551067,0.2703667958353563
rf_quality,paired_log_level_2,75.0,100.0,2.0,1.0,0.2,1.0,1,2,320.0,194.28571428571428,3.5080754206213687,2.2800498387806307,2.1559269852622025,1.341824921386593,0.35005677888852904,0.377611147984494
rf_quality,paired_log_level_3,75.0,100.0,4.0,2.0,0.2,1.0,1,2,320.0,194.28571428571428,6.908260077825025,4.154867031372468,4.2551784638699965,2.4766038857405017,0.39856534285539336,0.41797884465506485
pose_quality,attitude_log_level_0,75.0,100.0,1.0,1.0,0.05,1.0,1,2,320.0,194.28571428571428,2.9915914858073855,1.357075432137443,1.858437417122716,0.7786286581125301,0.5463700713898814,0.5810304662730993
pose_quality,attitude_log_level_1,75.0,100.0,1.0,1.0,0.0889139705,1.0,1,2,320.0,194.28571428571428,3.0001796632593503,1.3759041108997294,1.8628623994818492,0.7891319745616944,0.5413927613238443,0.5763874053278495
pose_quality,attitude_log_level_2,75.0,100.0,1.0,1.0,0.158113883,1.0,1,2,320.0,194.28571428571428,3.0271775205985905,1.4338193232667824,1.8767867627425479,0.8214630281869165,0.5263510932179291,0.5623034835419913
pose_quality,attitude_log_level_3,75.0,100.0,1.0,1.0,0.2811706626,1.0,1,2,320.0,194.28571428571428,3.11101071680877,1.6032535016817537,1.9201550492727821,0.9162250635734258,0.4846518872405724,0.5228379791931768
pose_quality,attitude_log_level_4,75.0,100.0,1.0,1.0,0.5,1.0,1,2,320.0,194.28571428571428,3.362386797219806,2.048823829584636,2.051272226530125,1.1662721385706785,0.39066384888296946,0.4314396092889572
position_sensitivity,position_covariance_x4,75.0,100.0,1.0,1.0,0.2,4.0,1,2,320.0,194.28571428571428,3.109114529374528,1.5995709635160227,1.9204221321839032,0.9167846637319667,0.48552201972507775,0.5226129462018856
reference,nominal,75.0,120.0,1.0,1.0,0.2,1.0,1,2,320.0,166.15384615384616,3.4777078345737653,1.5727729294892612,2.2097170305562295,0.8755122832560335,0.5477558770597464,0.603789864878921
rf_quality,paired_log_level_0,75.0,120.0,0.5,0.25,0.2,1.0,1,2,320.0,166.15384615384616,1.2302034481166715,1.106260334450746,0.7482245857403415,0.648184633706612,0.1007500945113355,0.13370310724920054
rf_quality,paired_log_level_1,75.0,120.0,1.0,0.5,0.2,1.0,1,2,320.0,166.15384615384616,2.0566017542386925,1.5093606704595237,1.2621335988847575,0.8475190846233834,0.2660899625565792,0.3285028737272619
rf_quality,paired_log_level_2,75.0,120.0,2.0,1.0,0.2,1.0,1,2,320.0,166.15384615384616,3.885157883877533,2.3395757495183247,2.3928113139869023,1.2685497181213181,0.39781707218978174,0.46984966566057373
rf_quality,paired_log_level_3,75.0,120.0,4.0,2.0,0.2,1.0,1,2,320.0,166.15384615384616,7.652046511301933,4.188663427635766,4.717605858481977,2.235285761731025,0.45260873395774753,0.52618217189295
pose_quality,attitude_log_level_0,75.0,120.0,1.0,1.0,0.05,1.0,1,2,320.0,166.15384615384616,3.411298066031988,1.4199004896090675,2.1721776972534768,0.7759048597910506,0.5837653403120262,0.642798625189775
pose_quality,attitude_log_level_1,75.0,120.0,1.0,1.0,0.0889139705,1.0,1,2,320.0,166.15384615384616,3.4209506826187757,1.442936754673729,2.177628980415444,0.7910375334629562,0.5782059174354583,0.6367436599268422
pose_quality,attitude_log_level_2,75.0,120.0,1.0,1.0,0.158113883,1.0,1,2,320.0,166.15384615384616,3.4512972731548937,1.5134780384151227,2.1947783469964874,0.8370928236740448,0.5614756079728754,0.6185980124965282
pose_quality,attitude_log_level_3,75.0,120.0,1.0,1.0,0.2811706626,1.0,1,2,320.0,166.15384615384616,3.545552657027822,1.7175874210169142,2.248148631981718,0.9684238093330949,0.5155656713735739,0.5692349715866251
pose_quality,attitude_log_level_4,75.0,120.0,1.0,1.0,0.5,1.0,1,2,320.0,166.15384615384616,3.828372577450092,2.2440141480949594,2.4091518077043728,1.299109246971632,0.41384645754891575,0.46076073628190145
position_sensitivity,position_covariance_x4,75.0,120.0,1.0,1.0,0.2,4.0,1,2,320.0,166.15384615384616,3.529086536577949,1.6833343956963014,2.236705021930751,0.9415528440465746,0.5230113010125897,0.579044695292983
reference,nominal,75.0,140.0,1.0,1.0,0.2,1.0,1,2,320.0,143.25581395348837,3.9229062944542514,1.6676656090072808,2.5440743989455816,0.9199231722753112,0.5748902767917673,0.6384055542335622
rf_quality,paired_log_level_0,75.0,140.0,0.5,0.25,0.2,1.0,1,2,320.0,143.25581395348837,1.3557738355827564,1.2025624164035402,0.8412637291367149,0.7150800800161828,0.11300662039503136,0.14999297455747765
rf_quality,paired_log_level_1,75.0,140.0,1.0,0.5,0.2,1.0,1,2,320.0,143.25581395348837,2.2689946922843123,1.5997339833216557,1.4122458980311146,0.8876865231311848,0.2949591337690075,0.37143628856082733
rf_quality,paired_log_level_2,75.0,140.0,2.0,1.0,0.2,1.0,1,2,320.0,143.25581395348837,4.288262328154469,2.404393599946902,2.6723199162309323,1.2309499706337557,0.43930818220682966,0.5393702815455194
rf_quality,paired_log_level_3,75.0,140.0,4.0,2.0,0.2,1.0,1,2,320.0,143.25581395348837,8.447048083258816,4.226076869753407,5.265806183994968,2.051990653676288,0.4996977845871318,0.6103178540993089
pose_quality,attitude_log_level_0,75.0,140.0,1.0,1.0,0.05,1.0,1,2,320.0,143.25581395348837,3.8487524880160593,1.4848604319620902,2.4996841288104967,0.7889010326687632,0.6141969543155786,0.6843997113170571
pose_quality,attitude_log_level_1,75.0,140.0,1.0,1.0,0.0889139705,1.0,1,2,320.0,143.25581395348837,3.859529782899631,1.5125755959574745,2.506131570462427,0.8090979816976548,0.6080932960644004,0.677152631875444
pose_quality,attitude_log_level_2,75.0,140.0,1.0,1.0,0.158113883,1.0,1,2,320.0,143.25581395348837,3.893414255201247,1.597056464562577,2.526411887625835,0.8698856944770872,0.5898056667283593,0.6556833433464597
pose_quality,attitude_log_level_3,75.0,140.0,1.0,1.0,0.2811706626,1.0,1,2,320.0,143.25581395348837,3.9986771404471653,1.8388403035423058,2.589498807183287,1.038964950285821,0.5401378408518694,0.5987775907045313
pose_quality,attitude_log_level_4,75.0,140.0,1.0,1.0,0.5,1.0,1,2,320.0,143.25581395348837,4.314679947458337,2.4511992651344983,2.779589870324832,1.4491597367892755,0.431893142716545,0.4786426039824638
position_sensitivity,position_covariance_x4,75.0,140.0,1.0,1.0,0.2,4.0,1,2,320.0,143.25581395348837,3.9685253930230537,1.7723172919840355,2.5675503008452085,0.9829845588253521,0.5534065889814153,0.6171508077166922
reference,nominal,75.0,160.0,1.0,1.0,0.2,1.0,1,2,320.0,124.25531914893615,4.380732723415903,1.7668685436818283,2.886222150094058,0.9763537046569439,0.5966728273017986,0.6617191422271061
rf_quality,paired_log_level_0,75.0,160.0,0.5,0.25,0.2,1.0,1,2,320.0,124.25531914893615,1.4875490309863506,1.3031316380796694,0.9403999884854221,0.7871787106622089,0.12397399283329802,0.16293202860411177
rf_quality,paired_log_level_1,75.0,160.0,1.0,0.5,0.2,1.0,1,2,320.0,124.25531914893615,2.4916672198494174,1.6948366608264822,1.5753170600830673,0.9411235473224546,0.3197981466686756,0.40258150491125344
rf_quality,paired_log_level_2,75.0,160.0,2.0,1.0,0.2,1.0,1,2,320.0,124.25531914893615,4.710713236231528,2.4742320931255306,2.9783738256925143,1.2221697519060275,0.47476486700666487,0.5896519968839521
rf_quality,paired_log_level_3,75.0,160.0,4.0,2.0,0.2,1.0,1,2,320.0,124.25531914893615,9.28011173597312,4.267103882678634,5.8674575301996255,1.917718915483657,0.5401883076323561,0.6731601540167584
pose_quality,attitude_log_level_0,75.0,160.0,1.0,1.0,0.05,1.0,1,2,320.0,124.25531914893615,4.298539667613166,1.5519176945602968,2.835109447040505,0.8129168675837025,0.6389662967977159,0.7132679063122996
pose_quality,attitude_log_level_1,75.0,160.0,1.0,1.0,0.0889139705,1.0,1,2,320.0,124.25531914893615,4.310484628017272,1.5847028065282884,2.842534132242674,0.8384441244760368,0.6323608727826,0.7050363916599552
pose_quality,attitude_log_level_2,75.0,160.0,1.0,1.0,0.158113883,1.0,1,2,320.0,124.25531914893615,4.348041953106141,1.6841835062179238,2.865886461546358,0.9144908241084115,0.6126570248443022,0.6809047265553654
pose_quality,attitude_log_level_3,75.0,160.0,1.0,1.0,0.2811706626,1.0,1,2,320.0,124.25531914893615,4.464729932418313,1.9659141960109734,2.9385119317788218,1.1215349437758424,0.5596790341703514,0.6183323499057826
pose_quality,attitude_log_level_4,75.0,160.0,1.0,1.0,0.5,1.0,1,2,320.0,124.25531914893615,4.815155692789144,2.667719925787776,3.157198370148272,1.6096241192808605,0.4459743160989009,0.49017327054895593
position_sensitivity,position_covariance_x4,75.0,160.0,1.0,1.0,0.2,4.0,1,2,320.0,124.25531914893615,4.421630829683422,1.8659647506457204,2.9069362393581253,1.0359857897661235,0.5779917359633302,0.6436159225856025
reference,nominal,75.0,180.0,1.0,1.0,0.2,1.0,1,2,320.0,108.23529411764704,4.847610543295544,1.8698303371571985,3.233004418681758,1.0407954078875283,0.6142779374586403,0.6780717644945541
rf_quality,paired_log_level_0,75.0,180.0,0.5,0.25,0.2,1.0,1,2,320.0,108.23529411764704,1.6240193357134336,1.4070034787516341,1.0433679598455998,0.862409750595836,0.13362886277857286,0.17343661700762064
rf_quality,paired_log_level_1,75.0,180.0,1.0,0.5,0.2,1.0,1,2,320.0,108.23529411764704,2.722097837718348,1.793974286641652,1.7464576348708702,1.0034642676089154,0.3409589244796012,0.42542879508032866
rf_quality,paired_log_level_2,75.0,180.0,2.0,1.0,0.2,1.0,1,2,320.0,108.23529411764704,5.147749797675691,2.548777253852012,3.3009248027582045,1.2357354341962878,0.5048754593700661,0.6256396288810562
rf_quality,paired_log_level_3,75.0,180.0,4.0,2.0,0.2,1.0,1,2,320.0,108.23529411764704,10.141862419935846,4.311705784942122,6.50231233375685,1.8239829177051485,0.5748605525877961,0.7194870341376999
pose_quality,attitude_log_level_0,75.0,180.0,1.0,1.0,0.05,1.0,1,2,320.0,108.23529411764704,4.75716272324333,1.6209672068549634,3.1752491880441323,0.8444790796928694,0.6592575656630423,0.7340432105698622
pose_quality,attitude_log_level_1,75.0,180.0,1.0,1.0,0.0889139705,1.0,1,2,320.0,108.23529411764704,4.7703067325657,1.6591455129207127,3.1836393434164996,0.875498131816075,0.6521931175632506,0.7250008441984698
pose_quality,attitude_log_level_2,75.0,180.0,1.0,1.0,0.158113883,1.0,1,2,320.0,108.23529411764704,4.811635445229278,1.7744782805292485,3.210027025614139,0.9670630874131998,0.6312109882953335,0.6987367770748963
pose_quality,attitude_log_level_3,75.0,180.0,1.0,1.0,0.2811706626,1.0,1,2,320.0,108.23529411764704,4.9400533530974124,2.097871455006784,3.2920805173940666,1.211912390756685,0.5753342514628068,0.6318703675826233
pose_quality,attitude_log_level_4,75.0,180.0,1.0,1.0,0.5,1.0,1,2,320.0,108.23529411764704,5.325807026373913,2.891566702059115,3.5390584193319747,1.7764774148039515,0.45706506305245453,0.49803670798424526
position_sensitivity,position_covariance_x4,75.0,180.0,1.0,1.0,0.2,4.0,1,2,320.0,108.23529411764704,4.884601107508178,1.9637376326162828,3.2515100447662424,1.0969298432806753,0.5979737977789428,0.6626398724966769
reference,nominal,75.0,200.0,1.0,1.0,0.2,1.0,1,2,320.0,94.54545454545453,5.321157782988436,1.976052402274135,3.582648787469958,1.1105959016439115,0.6286423964740326,0.6900070401742598
rf_quality,paired_log_level_0,75.0,200.0,0.5,0.25,0.2,1.0,1,2,320.0,94.54545454545453,1.7640954460569287,1.5134679302232015,1.1488051788417932,0.9395516309267115,0.1420714034458424,0.182148854974738
rf_quality,paired_log_level_1,75.0,200.0,1.0,0.5,0.2,1.0,1,2,320.0,94.54545454545453,2.9584743068904142,1.8965566540278829,1.9227193608945368,1.0717556558154753,0.3589409752145825,0.44258341720923555
rf_quality,paired_log_level_2,75.0,200.0,2.0,1.0,0.2,1.0,1,2,320.0,94.54545454545453,5.59595569598781,2.627695396451685,3.6339008445551433,1.266209410187305,0.5304295567715643,0.6515564226017531
rf_quality,paired_log_level_3,75.0,200.0,4.0,2.0,0.2,1.0,1,2,320.0,94.54545454545453,11.025575715542892,4.35981694724052,7.158126694691715,1.7634771330298593,0.6045723996893485,0.7536398546371624
pose_quality,attitude_log_level_0,75.0,200.0,1.0,1.0,0.05,1.0,1,2,320.0,94.54545454545453,5.2222942676687385,1.6918688965758355,3.51830160797506,0.8811907438620706,0.6760295743864516,0.7495408745331429
pose_quality,attitude_log_level_1,75.0,200.0,1.0,1.0,0.0889139705,1.0,1,2,320.0,94.54545454545453,5.2366607612346465,1.7357070240480095,3.527649776954335,0.9178038304748275,0.668546979995935,0.7398256945826318
pose_quality,attitude_log_level_2,75.0,200.0,1.0,1.0,0.158113883,1.0,1,2,320.0,94.54545454545453,5.281834440613541,1.8675754343871411,3.5570496035978323,1.0250135632486954,0.6464153779552768,0.7118360221313952
pose_quality,attitude_log_level_3,75.0,200.0,1.0,1.0,0.2811706626,1.0,1,2,320.0,94.54545454545453,5.422209896304789,2.2339254921909473,3.6484612269042858,1.307409747023566,0.5880046079157951,0.641654476856562
pose_quality,attitude_log_level_4,75.0,200.0,1.0,1.0,0.5,1.0,1,2,320.0,94.54545454545453,5.8439670993359645,3.1212200183896335,3.923539047921953,1.9473596439683678,0.4659073253947152,0.5036726740365285
position_sensitivity,position_covariance_x4,75.0,200.0,1.0,1.0,0.2,4.0,1,2,320.0,94.54545454545453,5.354878164016284,2.065135127911338,3.599357211275363,1.1633672063232023,0.6143450766464427,0.67678473181855
reference,nominal,90.0,20.0,1.0,1.0,0.2,1.0,1,2,320.0,443.6363636363636,2.0095359866289204,1.2185581126083707,1.0581408333023818,1.0009238574377728,0.3936121966879766,0.05407311963005809
rf_quality,paired_log_level_0,90.0,20.0,0.5,0.25,0.2,1.0,1,2,320.0,443.6363636363636,0.8640505107985983,0.7996653325715465,0.5391888429195305,0.5345084930549544,0.07451552591241899,0.008680353694326366
rf_quality,paired_log_level_1,90.0,20.0,1.0,0.5,0.2,1.0,1,2,320.0,443.6363636363636,1.4159497182034355,1.1950429244790224,1.0140398400289046,1.0006736617576493,0.15601316267409612,0.013181117490289442
rf_quality,paired_log_level_2,90.0,20.0,2.0,1.0,0.2,1.0,1,2,320.0,443.6363636363636,2.652967184410065,2.117754441337256,1.9946141362463126,1.9648593073805245,0.20174118482050613,0.014917586477043636
rf_quality,paired_log_level_3,90.0,20.0,4.0,2.0,0.2,1.0,1,2,320.0,443.6363636363636,5.212630812733795,4.068095086634848,3.9723192940528755,3.9110464495898953,0.21956968893768405,0.015424954523347186
pose_quality,attitude_log_level_0,90.0,20.0,1.0,1.0,0.05,1.0,1,2,320.0,443.6363636363636,1.9606226756932712,1.1360855023675145,1.0559795271713646,0.9986387270135832,0.42054862648887936,0.054301052891980964
pose_quality,attitude_log_level_1,90.0,20.0,1.0,1.0,0.0889139705,1.0,1,2,320.0,443.6363636363636,1.9677486228462273,1.1483395120608844,1.0562913562302398,0.9989684552241731,0.41641960831364633,0.05426807733298545
pose_quality,attitude_log_level_2,90.0,20.0,1.0,1.0,0.158113883,1.0,1,2,320.0,443.6363636363636,1.9901149312281614,1.1862573210498122,1.057276841032099,1.0000104318801208,0.4039252193752769,0.05416406274072497
pose_quality,attitude_log_level_3,90.0,20.0,1.0,1.0,0.2811706626,1.0,1,2,320.0,443.6363636363636,2.059245274912354,1.298899570596535,1.0603871901341033,1.0032983296541216,0.3692351336574906,0.05383775003238385
pose_quality,attitude_log_level_4,90.0,20.0,1.0,1.0,0.5,1.0,1,2,320.0,443.6363636363636,2.264005095002045,1.603860362513591,1.0701634858113702,1.0136253901960992,0.29158270621641763,0.05283126958158668
position_sensitivity,position_covariance_x4,90.0,20.0,1.0,1.0,0.2,4.0,1,2,320.0,443.6363636363636,2.0971969105347905,1.3582650234043705,1.1134011061166857,1.0591735308192471,0.35234263574324576,0.04870443813961461
reference,nominal,90.0,40.0,1.0,1.0,0.2,1.0,1,2,320.0,363.0769230769231,2.1905615630117072,1.2920584940886697,1.1755572861059709,0.9587773447402956,0.41017019749389055,0.18440610587660766
rf_quality,paired_log_level_0,90.0,40.0,0.5,0.25,0.2,1.0,1,2,320.0,363.0769230769231,0.9063769472348957,0.8451479893793913,0.5465529649018093,0.5306766304644068,0.06755352510045291,0.029048116938227012
rf_quality,paired_log_level_1,90.0,40.0,1.0,0.5,0.2,1.0,1,2,320.0,363.0769230769231,1.4889349645474572,1.2496854937491337,1.0081636916556682,0.9565940018920913,0.1606849704621184,0.05115209979332423
rf_quality,paired_log_level_2,90.0,40.0,2.0,1.0,0.2,1.0,1,2,320.0,363.0769230769231,2.792590188578391,2.1608829566051657,1.9715703315104163,1.8505157756589135,0.22620835472275472,0.061400069739720196
rf_quality,paired_log_level_3,90.0,40.0,4.0,2.0,0.2,1.0,1,2,320.0,363.0769230769231,5.488632843624513,4.09103411741595,3.9204427994512714,3.6669991548735483,0.254635127913864,0.06464668853559005
pose_quality,attitude_log_level_0,90.0,40.0,1.0,1.0,0.05,1.0,1,2,320.0,363.0769230769231,2.1393809357964892,1.203248095469862,1.1677576322720538,0.9491980570987539,0.4375718342923843,0.18716176125353876
pose_quality,attitude_log_level_1,90.0,40.0,1.0,1.0,0.0889139705,1.0,1,2,320.0,363.0769230769231,2.1468339850510123,1.2164503073173178,1.168885177207871,0.9505848838303144,0.4333747668483956,0.18675939915588027
pose_quality,attitude_log_level_2,90.0,40.0,1.0,1.0,0.158113883,1.0,1,2,320.0,363.0769230769231,2.170234156069484,1.2572873509953941,1.1724436510300429,0.9549571606679921,0.42066742084989117,0.18549845885640598
pose_quality,attitude_log_level_3,90.0,40.0,1.0,1.0,0.2811706626,1.0,1,2,320.0,363.0769230769231,2.242625693562865,1.378486558596313,1.1836261286873462,0.9686536410822036,0.38532472781656746,0.18162195172520337
pose_quality,attitude_log_level_4,90.0,40.0,1.0,1.0,0.5,1.0,1,2,320.0,363.0769230769231,2.4575539321763302,1.7059972216735086,1.218312926125784,1.0107449974328764,0.30581494089013433,0.1703732466772476
position_sensitivity,position_covariance_x4,90.0,40.0,1.0,1.0,0.2,4.0,1,2,320.0,363.0769230769231,2.271246345367295,1.4245754287319015,1.225534549866643,1.0194380789372406,0.37277810853162824,0.16816863380296287
reference,nominal,90.0,60.0,1.0,1.0,0.2,1.0,1,2,320.0,304.0,2.4628780781145054,1.370265050828465,1.3685011187387202,0.9187966784908764,0.4436326089363332,0.3286109408973769
rf_quality,paired_log_level_0,90.0,60.0,0.5,0.25,0.2,1.0,1,2,320.0,304.0,0.9728372487684667,0.9056806903927735,0.5705092032370893,0.5390207966918171,0.06903164785343889,0.05519351198298968
rf_quality,paired_log_level_1,90.0,60.0,1.0,0.5,0.2,1.0,1,2,320.0,304.0,1.6032103840745666,1.31597259592792,1.0248552476154942,0.9117676923336725,0.17916412655501296,0.1103449053365729
rf_quality,paired_log_level_2,90.0,60.0,2.0,1.0,0.2,1.0,1,2,320.0,304.0,3.010941452047349,2.2085348784934173,1.9873898432145127,1.7091256283049945,0.266496903487884,0.14001491245393433
rf_quality,paired_log_level_3,90.0,60.0,4.0,2.0,0.2,1.0,1,2,320.0,304.0,5.920110471593154,4.116821181946652,3.943003782689152,3.3516925705453544,0.3046039931685972,0.14996465758917432
pose_quality,attitude_log_level_0,90.0,60.0,1.0,1.0,0.05,1.0,1,2,320.0,304.0,2.408000548545237,1.2689856278378804,1.3533927590754737,0.8961383736536792,0.4730127330724564,0.3378578630302064
pose_quality,attitude_log_level_1,90.0,60.0,1.0,1.0,0.0889139705,1.0,1,2,320.0,304.0,2.415988138863955,1.2840781008164006,1.355581044162565,0.8994398210606468,0.4685081105488377,0.33649129653012216
pose_quality,attitude_log_level_2,90.0,60.0,1.0,1.0,0.158113883,1.0,1,2,320.0,304.0,2.4410751142258786,1.3306786220413342,1.3624778792030816,0.9098010748149647,0.45488010004832513,0.3322452505818951
pose_quality,attitude_log_level_3,90.0,60.0,1.0,1.0,0.2811706626,1.0,1,2,320.0,304.0,2.518763221648161,1.468341257539391,1.3840614296615907,0.9418163650593594,0.41703878914883585,0.31952704925124764
pose_quality,attitude_log_level_4,90.0,60.0,1.0,1.0,0.5,1.0,1,2,320.0,304.0,2.750028805028937,1.8369856587229585,1.4502020829346096,1.0365703573634637,0.33201221188531194,0.28522350811559055
position_sensitivity,position_covariance_x4,90.0,60.0,1.0,1.0,0.2,4.0,1,2,320.0,304.0,2.534909944683834,1.4958697501861373,1.411664022347077,0.9819304132197286,0.4098923500918652,0.304416350012845
reference,nominal,90.0,80.0,1.0,1.0,0.2,1.0,1,2,320.0,258.8235294117647,2.7999750499771943,1.453687919860944,1.620541340341401,0.8982525871776156,0.4808211166478843,0.4457083168341884
rf_quality,paired_log_level_0,90.0,80.0,0.5,0.25,0.2,1.0,1,2,320.0,258.8235294117647,1.058896931504181,0.9782795338699487,0.6160228890178303,0.5655202947776579,0.07613337543599628,0.0819816846752113
rf_quality,paired_log_level_1,90.0,80.0,1.0,0.5,0.2,1.0,1,2,320.0,258.8235294117647,1.7507090635905598,1.3903940564698407,1.0788839700261115,0.8839808999695451,0.20581089948877213,0.18065248485603996
rf_quality,paired_log_level_2,90.0,80.0,2.0,1.0,0.2,1.0,1,2,320.0,258.8235294117647,3.2923943081737326,2.261240493257991,2.074130252592884,1.5756648689796944,0.3131926854434745,0.24032501478152343
rf_quality,paired_log_level_3,90.0,80.0,4.0,2.0,0.2,1.0,1,2,320.0,258.8235294117647,6.476061496088608,4.146102619373183,4.105376845124926,3.0324283389544804,0.35978022724501096,0.2613520138704334
pose_quality,attitude_log_level_0,90.0,80.0,1.0,1.0,0.05,1.0,1,2,320.0,258.8235294117647,2.740180438671283,1.334892177043372,1.5978254144325954,0.8565918103872285,0.5128451549378029,0.4639014984678953
pose_quality,attitude_log_level_1,90.0,80.0,1.0,1.0,0.0889139705,1.0,1,2,320.0,258.8235294117647,2.7488801767259976,1.3526605316382962,1.6011198375116296,0.8627213969115649,0.5079230651481661,0.4611762488357161
pose_quality,attitude_log_level_2,90.0,80.0,1.0,1.0,0.158113883,1.0,1,2,320.0,258.8235294117647,2.776211753966915,1.4073734368386033,1.6114933954102295,0.8818244939139338,0.4930597657662048,0.4527905007705897
pose_quality,attitude_log_level_3,90.0,80.0,1.0,1.0,0.2811706626,1.0,1,2,320.0,258.8235294117647,2.8609239063886633,1.567875596468361,1.6438667081408214,0.9396814506786412,0.4519687877866398,0.428371262691121
pose_quality,attitude_log_level_4,90.0,80.0,1.0,1.0,0.5,1.0,1,2,320.0,258.8235294117647,3.113676342684937,1.9920664283227847,1.7422858686073424,1.1028433807955764,0.360220456759158,0.36701353051947216
position_sensitivity,position_covariance_x4,90.0,80.0,1.0,1.0,0.2,4.0,1,2,320.0,258.8235294117647,2.8635398164675117,1.5726438148384518,1.6571524479526636,0.9627344963027344,0.4508042787480848,0.4190428904159366
reference,nominal,90.0,100.0,1.0,1.0,0.2,1.0,1,2,320.0,223.1578947368421,3.1813260631154527,1.542070443958667,1.9119453386371863,0.9022312837463476,0.5152743185184461,0.5281082228064908
rf_quality,paired_log_level_0,90.0,100.0,0.5,0.25,0.2,1.0,1,2,320.0,223.1578947368421,1.1602027268333588,1.0604066356568747,0.6812571528578988,0.6093157952087945,0.08601608052488051,0.10560088411153941
rf_quality,paired_log_level_1,90.0,100.0,1.0,0.5,0.2,1.0,1,2,320.0,223.1578947368421,1.9238044073794982,1.4715946227509469,1.1708562377747966,0.8800195510426265,0.23506016666451393,0.2483965813641673
rf_quality,paired_log_level_2,90.0,100.0,2.0,1.0,0.2,1.0,1,2,320.0,223.1578947368421,3.622269388084998,2.319047488545864,2.2356378093064526,1.4685239956618588,0.3597805021973019,0.3431297370492095
rf_quality,paired_log_level_3,90.0,100.0,4.0,2.0,0.2,1.0,1,2,320.0,223.1578947368421,7.127417765774447,4.178816915442331,4.416646324289298,2.7460831467634477,0.4136983332857476,0.37824246155699776
pose_quality,attitude_log_level_0,90.0,100.0,1.0,1.0,0.05,1.0,1,2,320.0,223.1578947368421,3.1156568123747532,1.4015930603318578,1.881835127081129,0.8365343728446349,0.5501452359049892,0.5554688289073635
pose_quality,attitude_log_level_1,90.0,100.0,1.0,1.0,0.0889139705,1.0,1,2,320.0,223.1578947368421,3.1252082772140977,1.422699023068731,1.8862052198946881,0.8463193504771623,0.5447666533326326,0.5513110972493149
pose_quality,attitude_log_level_2,90.0,100.0,1.0,1.0,0.158113883,1.0,1,2,320.0,223.1578947368421,3.1552223789907625,1.4874723510564287,1.8999585166419688,0.8765435964026355,0.5285681411995387,0.5386511922629452
pose_quality,attitude_log_level_3,90.0,100.0,1.0,1.0,0.2811706626,1.0,1,2,320.0,223.1578947368421,3.248310683368289,1.6759081209773325,1.9428096215024415,0.9659169409615794,0.4840677865087943,0.5028247079533184
pose_quality,attitude_log_level_4,90.0,100.0,1.0,1.0,0.5,1.0,1,2,320.0,223.1578947368421,3.52654748232265,2.16649091374726,2.0724940432938648,1.205702231449652,0.3856623440894751,0.41823609319841504
position_sensitivity,position_covariance_x4,90.0,100.0,1.0,1.0,0.2,4.0,1,2,320.0,223.1578947368421,3.23741185514875,1.6546846388756016,1.9430735904582892,0.9664477685682669,0.4888865819639208,0.5026190601765512
reference,nominal,90.0,120.0,1.0,1.0,0.2,1.0,1,2,320.0,194.28571428571428,3.592867120524445,1.6349994694023455,2.2275435974915836,0.9281764553693196,0.5449318289389764,0.5833183887334323
rf_quality,paired_log_level_0,90.0,120.0,0.5,0.25,0.2,1.0,1,2,320.0,194.28571428571428,1.2731202928235699,1.1499171331443483,0.7613247083900416,0.6662605432947077,0.0967725990809379,0.12486678029452664
rf_quality,paired_log_level_1,90.0,120.0,1.0,0.5,0.2,1.0,1,2,320.0,194.28571428571428,2.1162247170724715,1.5586357688102475,1.2930902308150407,0.8988067877472762,0.26348286349928735,0.304915646001939
rf_quality,paired_log_level_2,90.0,120.0,2.0,1.0,0.2,1.0,1,2,320.0,194.28571428571428,3.9885704388597203,2.381852905816384,2.458037932727188,1.393381330541627,0.4028304270095016,0.4331326982429139
rf_quality,paired_log_level_3,90.0,120.0,4.0,2.0,0.2,1.0,1,2,320.0,194.28571428571428,7.85046766225645,4.214950162181709,4.849888969194198,2.5060598959094174,0.463095659581354,0.48327479003590557
pose_quality,attitude_log_level_0,90.0,120.0,1.0,1.0,0.05,1.0,1,2,320.0,194.28571428571428,3.5206039609498183,1.469415315374071,2.1903098118852786,0.8348761139337572,0.5826240805064482,0.6188319527203555
pose_quality,attitude_log_level_1,90.0,120.0,1.0,1.0,0.0889139705,1.0,1,2,320.0,194.28571428571428,3.5311120538779823,1.4944167612291814,2.1957160790823367,0.8489582754864454,0.5767858004993175,0.6133569892874067
pose_quality,attitude_log_level_2,90.0,120.0,1.0,1.0,0.158113883,1.0,1,2,320.0,194.28571428571428,3.5641376779458307,1.5708617082841598,2.2127252689929993,0.8920281215389722,0.5592589708292312,0.5968644937358492
pose_quality,attitude_log_level_3,90.0,120.0,1.0,1.0,0.2811706626,1.0,1,2,320.0,194.28571428571428,3.666616731994577,1.7912586018057024,2.2656728349602413,1.01628462974355,0.5114682736880196,0.5514424615673233
pose_quality,attitude_log_level_4,90.0,120.0,1.0,1.0,0.5,1.0,1,2,320.0,194.28571428571428,3.973327165327569,2.3562380783635484,2.4255130500907955,1.3351683825409293,0.40698614024921465,0.4495315609656484
position_sensitivity,position_covariance_x4,90.0,120.0,1.0,1.0,0.2,4.0,1,2,320.0,194.28571428571428,3.6426218779535193,1.7416151311199475,2.2543181848900007,0.9907126386101849,0.5218786935693657,0.5605267059234911
reference,nominal,90.0,140.0,1.0,1.0,0.2,1.0,1,2,320.0,170.43478260869566,4.025349197045973,1.7320481221203117,2.5576825951426114,0.9709818000346107,0.5697148154521884,0.6203665764162302
rf_quality,paired_log_level_0,90.0,140.0,0.5,0.25,0.2,1.0,1,2,320.0,170.43478260869566,1.394832409105769,1.245109239097302,0.851516934354386,0.7320722615579505,0.10734133293078203,0.14027280959127095
rf_quality,paired_log_level_1,90.0,140.0,1.0,0.5,0.2,1.0,1,2,320.0,170.43478260869566,2.3231730867985654,1.6507064946604597,1.4366155319468144,0.9358880646602878,0.2894603918921918,0.3485466056516673
rf_quality,paired_log_level_2,90.0,140.0,2.0,1.0,0.2,1.0,1,2,320.0,170.43478260869566,4.382172538611261,2.4494878438850227,2.7237835037287703,1.3490967251046098,0.44103345491246193,0.5046975197339507
rf_quality,paired_log_level_3,90.0,140.0,4.0,2.0,0.2,1.0,1,2,320.0,170.43478260869566,8.627203951796469,4.254519216851982,5.37024451299953,2.31345327264849,0.5068484249794454,0.569208949974548
pose_quality,attitude_log_level_0,90.0,140.0,1.0,1.0,0.05,1.0,1,2,320.0,170.43478260869566,3.9459591316372977,1.5385538689735925,2.513532664190425,0.8478866978878852,0.610093815559818,0.6626713032348923
pose_quality,attitude_log_level_1,90.0,140.0,1.0,1.0,0.0889139705,1.0,1,2,320.0,170.43478260869566,3.957501599395987,1.5679201026849636,2.5199446737167848,0.8667101921037962,0.6038106205884372,0.656059832922663
pose_quality,attitude_log_level_2,90.0,140.0,1.0,1.0,0.158113883,1.0,1,2,320.0,170.43478260869566,3.9937825532032885,1.657363454844113,2.5401147092330807,0.9237143143663331,0.5850140980973555,0.636349369967932
pose_quality,attitude_log_level_3,90.0,140.0,1.0,1.0,0.2811706626,1.0,1,2,320.0,170.43478260869566,4.10640396078129,1.9128795122281221,2.6028695285259293,1.084433115056802,0.5341716181609724,0.5833701600591007
pose_quality,attitude_log_level_4,90.0,140.0,1.0,1.0,0.5,1.0,1,2,320.0,170.43478260869566,4.4437996376926385,2.558106674698901,2.792050421704009,1.482096810549347,0.42434248092536614,0.46917261986808523
position_sensitivity,position_covariance_x4,90.0,140.0,1.0,1.0,0.2,4.0,1,2,320.0,170.43478260869566,4.069820162876815,1.833027740472167,2.5810347261312563,1.0309246606801357,0.549604732613919,0.6005769894365579
reference,nominal,90.0,160.0,1.0,1.0,0.2,1.0,1,2,320.0,150.4,4.472701818486985,1.8327922557541934,2.8966342999224772,1.025784428092897,0.5902270417002253,0.6458702335602564
rf_quality,paired_log_level_0,90.0,160.0,0.5,0.25,0.2,1.0,1,2,320.0,150.4,1.5232323774885614,1.3446869975078206,0.9483697223613988,0.8035297080083555,0.11721480098467878,0.15272526203430242
rf_quality,paired_log_level_1,90.0,160.0,1.0,0.5,0.2,1.0,1,2,320.0,150.4,2.54110247964991,1.7470965284406956,1.5943135850837433,0.9864095832325844,0.3124651436012157,0.3812951275951324
rf_quality,paired_log_level_2,90.0,160.0,2.0,1.0,0.2,1.0,1,2,320.0,150.4,4.796359198089399,2.521731042905358,3.018535823333151,1.3316538372174775,0.4742405773300143,0.5588411351875133
rf_quality,paired_log_level_3,90.0,160.0,4.0,2.0,0.2,1.0,1,2,320.0,150.4,9.444389897560999,4.297529235421514,5.948987254432254,2.1643201442625224,0.5449648646408228,0.6361867908441038
pose_quality,attitude_log_level_0,90.0,160.0,1.0,1.0,0.05,1.0,1,2,320.0,150.4,4.385788529852514,1.6091012784289367,2.8457086190423886,0.8716656296554494,0.6331101539720047,0.6936911868549726
pose_quality,attitude_log_level_1,90.0,160.0,1.0,1.0,0.0889139705,1.0,1,2,320.0,150.4,4.398423182517311,1.6432262133259308,2.853105721973588,0.8955197854815493,0.6264056128438562,0.6861245699433498
pose_quality,attitude_log_level_2,90.0,160.0,1.0,1.0,0.158113883,1.0,1,2,320.0,150.4,4.438140753247665,1.746756777944062,2.876372225263712,0.9670887258669775,0.6064215005651069,0.6637817882634043
pose_quality,attitude_log_level_3,90.0,160.0,1.0,1.0,0.2811706626,1.0,1,2,320.0,150.4,4.561463360043307,2.0398563382437835,2.948739449493685,1.1648209160342264,0.552806593578685,0.6049766566407783
pose_quality,attitude_log_level_4,90.0,160.0,1.0,1.0,0.5,1.0,1,2,320.0,150.4,4.931188144530469,2.7695996845056188,3.1667196775623707,1.640078334010671,0.4383504333377386,0.48208919607524414
position_sensitivity,position_covariance_x4,90.0,160.0,1.0,1.0,0.2,4.0,1,2,320.0,150.4,4.512766508151821,1.9285039415963208,2.9172744587178254,1.082697415217138,0.5726559443940455,0.6288667965464602
reference,nominal,90.0,180.0,1.0,1.0,0.2,1.0,1,2,320.0,133.33333333333331,4.930879266678509,1.9368222624811364,3.241047450614219,1.0888509876159498,0.607205498708996,0.6640434908135643
rf_quality,paired_log_level_0,90.0,180.0,0.5,0.25,0.2,1.0,1,2,320.0,133.33333333333331,1.6567659940414416,1.447680704495091,1.049587752935246,0.8785038723742735,0.12620085775439974,0.16300102595759558
rf_quality,paired_log_level_1,90.0,180.0,1.0,0.5,0.2,1.0,1,2,320.0,133.33333333333331,2.767419902313651,1.8471936454603857,1.7613021536113314,1.046369109630307,0.3325213698448606,0.40591163901954186
rf_quality,paired_log_level_2,90.0,180.0,2.0,1.0,0.2,1.0,1,2,320.0,133.33333333333331,5.226238641945083,2.598322627473838,3.332324800665885,1.3362621274406565,0.5028312318882547,0.5990000352985889
rf_quality,paired_log_level_3,90.0,180.0,4.0,2.0,0.2,1.0,1,2,320.0,133.33333333333331,10.292395253288378,4.3439589665913765,6.566064405745728,2.053213607361861,0.5779447971351955,0.6872991977408617
pose_quality,attitude_log_level_0,90.0,180.0,1.0,1.0,0.05,1.0,1,2,320.0,133.33333333333331,4.836144634929549,1.6810725932690778,3.1834381432803243,0.90304280529296,0.6523940617641253,0.7163309715317937
pose_quality,attitude_log_level_1,90.0,180.0,1.0,1.0,0.0889139705,1.0,1,2,320.0,133.33333333333331,4.849914956666164,1.7202863775478567,3.1918067727960286,0.9321149987881864,0.6452955581863681,0.7079663447259209
pose_quality,attitude_log_level_2,90.0,180.0,1.0,1.0,0.158113883,1.0,1,2,320.0,133.33333333333331,4.893205511467247,1.8387958862625315,3.2181274852140818,1.0186031647258973,0.6242144577918696,0.6834795484622835
pose_quality,attitude_log_level_3,90.0,180.0,1.0,1.0,0.2811706626,1.0,1,2,320.0,133.33333333333331,5.027649723979837,2.1713986001923034,3.299979566440184,1.2534245230655283,0.568108615475812,0.6201720350597061
pose_quality,attitude_log_level_4,90.0,180.0,1.0,1.0,0.5,1.0,1,2,320.0,133.33333333333331,5.430940310216261,2.988782827007421,3.546407407696089,1.8050521869079017,0.44967488937686245,0.49101950808281575
position_sensitivity,position_covariance_x4,90.0,180.0,1.0,1.0,0.2,4.0,1,2,320.0,133.33333333333331,4.967249776542346,2.027629274902725,3.259507413265527,1.1426270052962297,0.5918004195242749,0.6494479501270738
reference,nominal,90.0,200.0,1.0,1.0,0.2,1.0,1,2,320.0,118.62068965517241,5.397125393628379,2.043754911101795,3.588939095544288,1.1575667109922132,0.6213252866952902,0.6774627041095942
rf_quality,paired_log_level_0,90.0,200.0,0.5,0.25,0.2,1.0,1,2,320.0,118.62068965517241,1.7942874627661585,1.553366710874248,1.153703260472682,0.9556610352600513,0.13427098884171865,0.17165785345140755
rf_quality,paired_log_level_1,90.0,200.0,1.0,0.5,0.2,1.0,1,2,320.0,118.62068965517241,3.0002277417125374,1.9504760468472906,1.9344149601171376,1.1128394530988805,0.3498906700549492,0.4247152363671272
rf_quality,paired_log_level_2,90.0,200.0,2.0,1.0,0.2,1.0,1,2,320.0,118.62068965517241,5.668241571647091,2.6789800552920706,3.658644740436512,1.358366002075595,0.5273701691380795,0.6287242685624818
rf_quality,paired_log_level_3,90.0,200.0,4.0,2.0,0.2,1.0,1,2,320.0,118.62068965517241,11.164199324813909,4.393760932833644,7.208367480360501,1.97463155474273,0.6064419126709848,0.7260639721653069
pose_quality,attitude_log_level_0,90.0,200.0,1.0,1.0,0.05,1.0,1,2,320.0,118.62068965517241,5.294341807313514,1.7544306183979335,3.5247067540216994,0.9396991862916915,0.6686215808782137,0.7333964917167953
pose_quality,attitude_log_level_1,90.0,200.0,1.0,1.0,0.0889139705,1.0,1,2,320.0,118.62068965517241,5.30928099580227,1.7990098150070137,3.534037980273028,0.9741156527247387,0.6611575434735169,0.7243618608056155
pose_quality,attitude_log_level_2,90.0,200.0,1.0,1.0,0.158113883,1.0,1,2,320.0,118.62068965517241,5.356248647861491,1.9332281810025609,3.5633851012235245,1.0757277715541538,0.6390704935301291,0.6981163301196966
pose_quality,attitude_log_level_3,90.0,200.0,1.0,1.0,0.2811706626,1.0,1,2,320.0,118.62068965517241,5.502135474083779,2.306830378956277,3.6546382613591484,1.347537635935005,0.5807390803403631,0.6312801597403898
pose_quality,attitude_log_level_4,90.0,200.0,1.0,1.0,0.5,1.0,1,2,320.0,118.62068965517241,5.939936332072875,3.2141585603675193,3.9292836697971554,1.9745245039263741,0.4588900653677771,0.4974848675081006
position_sensitivity,position_covariance_x4,90.0,200.0,1.0,1.0,0.2,4.0,1,2,320.0,118.62068965517241,5.430374067644722,2.130008013283684,3.6056183702003533,1.2082883308206407,0.6077603519111682,0.6648873489199857
reference,nominal,105.0,20.0,1.0,1.0,0.2,1.0,1,2,320.0,457.6,2.236184543069485,1.258327610947417,1.0638185492424137,1.0067573285242635,0.4372881187971269,0.05363811409265775
rf_quality,paired_log_level_0,105.0,20.0,0.5,0.25,0.2,1.0,1,2,320.0,457.6,0.9346398415947,0.8519532639273949,0.5419747032671319,0.5371904306047837,0.0884689203129023,0.008827483337336066
rf_quality,paired_log_level_1,105.0,20.0,1.0,0.5,0.2,1.0,1,2,320.0,457.6,1.5162274133287226,1.2323975931197453,1.0199630776534123,1.0065478300860582,0.18719475569028124,0.013152679603087244
rf_quality,paired_log_level_2,105.0,20.0,2.0,1.0,0.2,1.0,1,2,320.0,457.6,2.8285192788211435,2.1408849517133413,2.0066581878723446,1.97699961957007,0.24310752705719268,0.014780079876843127
rf_quality,paired_log_level_3,105.0,20.0,4.0,2.0,0.2,1.0,1,2,320.0,457.6,5.550389560886368,4.082626507855627,3.9965093138476138,3.9355667698558046,0.264443249780894,0.015248943316770895
pose_quality,attitude_log_level_0,105.0,20.0,1.0,1.0,0.05,1.0,1,2,320.0,457.6,2.177039792719266,1.1499431833325062,1.0616688016587061,1.0044854689046083,0.4717858685090218,0.053861743572719674
pose_quality,attitude_log_level_1,105.0,20.0,1.0,1.0,0.0889139705,1.0,1,2,320.0,457.6,2.1856643467577577,1.1661885364287239,1.0619789601762804,1.0048132785160493,0.46643749843901566,0.053829391921984965
pose_quality,attitude_log_level_2,105.0,20.0,1.0,1.0,0.158113883,1.0,1,2,320.0,457.6,2.212716360045375,1.2161335271351617,1.0629591719314477,1.0058492004362618,0.450388875368453,0.05372734250123114
pose_quality,attitude_log_level_3,105.0,20.0,1.0,1.0,0.2811706626,1.0,1,2,320.0,457.6,2.29616581851631,1.3620736147258812,1.0660529422176335,1.009118074575989,0.4068052038131992,0.05340716711799233
pose_quality,attitude_log_level_4,105.0,20.0,1.0,1.0,0.5,1.0,1,2,320.0,457.6,2.542091264984285,1.745020075907196,1.075777750734006,1.0193861789328886,0.31354939929035797,0.05241935126715653
position_sensitivity,position_covariance_x4,105.0,20.0,1.0,1.0,0.2,4.0,1,2,320.0,457.6,2.315279963776062,1.3940546533305767,1.1187984204995258,1.064687897243747,0.3978893804890145,0.04836485488745981
reference,nominal,105.0,40.0,1.0,1.0,0.2,1.0,1,2,320.0,383.44827586206895,2.4001763248666763,1.3390490270801685,1.1917007649816107,0.9773775379564693,0.4421038932818616,0.17984651291924666
rf_quality,paired_log_level_0,105.0,40.0,0.5,0.25,0.2,1.0,1,2,320.0,383.44827586206895,0.9739032389122116,0.8972809838921046,0.5552243587309446,0.5389562968828232,0.07867542889136421,0.02929997863441123
rf_quality,paired_log_level_1,105.0,40.0,1.0,0.5,0.2,1.0,1,2,320.0,383.44827586206895,1.5846006730722595,1.2897733305466585,1.0269419698861793,0.9755360292636963,0.18605781730105103,0.05005729839650092
rf_quality,paired_log_level_2,105.0,40.0,2.0,1.0,0.2,1.0,1,2,320.0,383.44827586206895,2.9598726983521617,2.1893040668039574,2.009963356247018,1.890785242141442,0.2603384368446656,0.059293675048934326
rf_quality,paired_log_level_3,105.0,40.0,4.0,2.0,0.2,1.0,1,2,320.0,383.44827586206895,5.810369590641226,4.1090269796309284,3.9976648470355864,3.7491312208673646,0.2928114269616607,0.062169700482149856
pose_quality,attitude_log_level_0,105.0,40.0,1.0,1.0,0.05,1.0,1,2,320.0,383.44827586206895,2.3393186553118333,1.2266285817490987,1.1840074611549345,0.9679823379146165,0.4756470740042946,0.18245250163339113
pose_quality,attitude_log_level_1,105.0,40.0,1.0,1.0,0.0889139705,1.0,1,2,320.0,383.44827586206895,2.3481886962816256,1.2434613222045314,1.1851195457999995,0.9693422905667998,0.47045936973738023,0.18207214284660378
pose_quality,attitude_log_level_2,105.0,40.0,1.0,1.0,0.158113883,1.0,1,2,320.0,383.44827586206895,2.3760203161349045,1.2952522724008833,1.1886294187767599,0.9736303372562252,0.4548648159255293,0.18087982522071022
pose_quality,attitude_log_level_3,105.0,40.0,1.0,1.0,0.2811706626,1.0,1,2,320.0,383.44827586206895,2.4619618935519973,1.446880185701628,1.1996610324805568,0.9870677440259146,0.4123060192397452,0.17721113106012948
pose_quality,attitude_log_level_4,105.0,40.0,1.0,1.0,0.5,1.0,1,2,320.0,383.44827586206895,2.7158940072965896,1.8461544261906608,1.2338971457565215,1.0284057101894093,0.32024062013070625,0.16653854518896893
position_sensitivity,position_covariance_x4,105.0,40.0,1.0,1.0,0.2,4.0,1,2,320.0,383.44827586206895,2.4740344359872006,1.467328285328251,1.2410280872154975,1.0369507469990313,0.406908705883574,0.1644421607526674
reference,nominal,105.0,60.0,1.0,1.0,0.2,1.0,1,2,320.0,327.27272727272725,2.651047879002417,1.4231668537331947,1.3908032835478892,0.9494028182955694,0.46316818153102196,0.31737088233378563
rf_quality,paired_log_level_0,105.0,60.0,0.5,0.25,0.2,1.0,1,2,320.0,327.27272727272725,1.0360408586905474,0.9570204970708663,0.5838367634560485,0.552034235508027,0.0762714722656353,0.05447160908430123
rf_quality,paired_log_level_1,105.0,60.0,1.0,0.5,0.2,1.0,1,2,320.0,327.27272727272725,1.6924288759217152,1.3594617763791668,1.0544509187740687,0.9432559613746747,0.19673919789462996,0.10545294751952236
rf_quality,paired_log_level_2,105.0,60.0,2.0,1.0,0.2,1.0,1,2,320.0,327.27272727272725,3.1667104156779495,2.2417412637422807,2.048382834107446,1.7784555583218908,0.2920914862806126,0.1317757946859441
rf_quality,paired_log_level_3,105.0,60.0,4.0,2.0,0.2,1.0,1,2,320.0,327.27272727272725,6.219566888747279,4.137488967364056,4.0659432134396996,3.4948239922270066,0.3347625258521156,0.1404641410939772
pose_quality,attitude_log_level_0,105.0,60.0,1.0,1.0,0.05,1.0,1,2,320.0,327.27272727272725,2.5872625735388097,1.3004909308550732,1.3759398322079293,0.9274925119462497,0.4973486865400423,0.3259207341516305
pose_quality,attitude_log_level_1,105.0,60.0,1.0,1.0,0.0889139705,1.0,1,2,320.0,327.27272727272725,2.5965540011919854,1.318878962569249,1.3780923150614153,0.9306827422335235,0.49206565241323746,0.32465863711601406
pose_quality,attitude_log_level_2,105.0,60.0,1.0,1.0,0.158113883,1.0,1,2,320.0,327.27272727272725,2.6257197039684326,1.37541012087657,1.384877046114993,0.9406999365983651,0.4761778575230946,0.32073396751190414
pose_quality,attitude_log_level_3,105.0,60.0,1.0,1.0,0.2811706626,1.0,1,2,320.0,327.27272727272725,2.7158892706811963,1.5405854625443118,1.4061168168453673,0.9716977104405091,0.4327510038147086,0.3089495134404838
pose_quality,attitude_log_level_4,105.0,60.0,1.0,1.0,0.5,1.0,1,2,320.0,327.27272727272725,2.983147223621903,1.9739595726875205,1.4712663059032998,1.0637934389468293,0.3382962942436029,0.27695384942992907
position_sensitivity,position_covariance_x4,105.0,60.0,1.0,1.0,0.2,4.0,1,2,320.0,327.27272727272725,2.718097654015251,1.5444752809821338,1.4332947266796143,1.0106263955525652,0.4317807976101995,0.2948928250829521
reference,nominal,105.0,80.0,1.0,1.0,0.2,1.0,1,2,320.0,283.2432432432432,2.9668412006039353,1.5112577424121223,1.6432422728661136,0.9364643660584644,0.4906172456737866,0.43011180912167013
rf_quality,paired_log_level_0,105.0,80.0,0.5,0.25,0.2,1.0,1,2,320.0,283.2432432432432,1.1172426145801178,1.0283531097927043,0.6308779063246276,0.5807771037968767,0.07956150582460542,0.07941441921722764
rf_quality,paired_log_level_1,105.0,80.0,1.0,0.5,0.2,1.0,1,2,320.0,283.2432432432432,1.8327613564747742,1.4370285534416403,1.112691130708783,0.923354414258191,0.21592162102015638,0.17016107275878503
rf_quality,paired_log_level_2,105.0,80.0,2.0,1.0,0.2,1.0,1,2,320.0,283.2432432432432,3.4354252589164274,2.2986735227083868,2.144383368485162,1.6658632514701976,0.33089112716327446,0.22315045156920846
rf_quality,paired_log_level_3,105.0,80.0,4.0,2.0,0.2,1.0,1,2,320.0,283.2432432432432,6.750901924102882,4.16933789927729,4.247301960744831,3.2213255692827776,0.38240283355451843,0.24155955967918327
pose_quality,attitude_log_level_0,105.0,80.0,1.0,1.0,0.05,1.0,1,2,320.0,283.2432432432432,2.898973925222034,1.3732454527566547,1.6208445288137234,0.8965809099844093,0.5262994810650196,0.4468433621819324
pose_quality,attitude_log_level_1,105.0,80.0,1.0,1.0,0.0889139705,1.0,1,2,320.0,283.2432432432432,2.908854795271146,1.3939833120850205,1.6240922589717472,0.9024389215980456,0.5207793409450396,0.44434257560626395
pose_quality,attitude_log_level_2,105.0,80.0,1.0,1.0,0.158113883,1.0,1,2,320.0,283.2432432432432,2.939882302640573,1.4576217643060974,1.6343200099825848,0.9207183264128977,0.5041904354480872,0.436635223953044
pose_quality,attitude_log_level_3,105.0,80.0,1.0,1.0,0.2811706626,1.0,1,2,320.0,283.2432432432432,3.0359136947581344,1.6427188488659799,1.6662498869354578,0.9762730290628319,0.45890462838178536,0.41408966523119844
pose_quality,attitude_log_level_4,105.0,80.0,1.0,1.0,0.5,1.0,1,2,320.0,283.2432432432432,3.321368587842973,2.124439349736681,1.7634202504019076,1.1341831073907853,0.36037230028830514,0.35682767217157146
position_sensitivity,position_covariance_x4,105.0,80.0,1.0,1.0,0.2,4.0,1,2,320.0,283.2432432432432,3.0269038157168127,1.6260073689871717,1.6793585582996235,0.9984816016819147,0.4628149858795197,0.4054387035173163
reference,nominal,105.0,100.0,1.0,1.0,0.2,1.0,1,2,320.0,247.8048780487805,3.3291323117238636,1.603339507664282,1.931941228129021,0.943997742759229,0.5183911729738209,0.5113734677770508
rf_quality,paired_log_level_0,105.0,100.0,0.5,0.25,0.2,1.0,1,2,320.0,247.8048780487805,1.2136880635634548,1.1089997885298244,0.6952170819766309,0.62487071298099,0.08625632745061355,0.10118619179441506
rf_quality,paired_log_level_1,105.0,100.0,1.0,0.5,0.2,1.0,1,2,320.0,247.8048780487805,1.998763458316642,1.5208231508324326,1.203231590569478,0.9225521969469229,0.2391179934251603,0.23327129691609255
rf_quality,paired_log_level_2,105.0,100.0,2.0,1.0,0.2,1.0,1,2,320.0,247.8048780487805,3.7527485858985914,2.360232526010339,2.303372340381245,1.5697958363504552,0.3710656410932511,0.31847934056088
rf_quality,paired_log_level_3,105.0,100.0,4.0,2.0,0.2,1.0,1,2,320.0,247.8048780487805,7.378034175551898,4.204555656792386,4.553740841329186,2.961670391645828,0.43012521265830633,0.34961815025438525
pose_quality,attitude_log_level_0,105.0,100.0,1.0,1.0,0.05,1.0,1,2,320.0,247.8048780487805,3.2561907737627576,1.445805651880977,1.9021475695972312,0.8814194267852871,0.5559825107512829,0.5366187982082155
pose_quality,attitude_log_level_1,105.0,100.0,1.0,1.0,0.0889139705,1.0,1,2,320.0,247.8048780487805,3.2668058971941223,1.469556531003678,1.9064711019488785,0.890711452691624,0.5501549289274003,0.5327957230607379
pose_quality,attitude_log_level_2,105.0,100.0,1.0,1.0,0.158113883,1.0,1,2,320.0,247.8048780487805,3.3001491650225914,1.542258129909703,1.920079242106573,0.9194776372258346,0.5326701755618537,0.5211251613672726
pose_quality,attitude_log_level_3,105.0,100.0,1.0,1.0,0.2811706626,1.0,1,2,320.0,247.8048780487805,3.4034407089823637,1.7524224055380149,1.962491058937763,1.0050402906354117,0.4851027077060517,0.4878752256943227
pose_quality,attitude_log_level_4,105.0,100.0,1.0,1.0,0.5,1.0,1,2,320.0,247.8048780487805,3.711205474558153,2.2936045217656136,2.090955162239678,1.2372664708487846,0.3819785680180684,0.40827689986258936
position_sensitivity,position_covariance_x4,105.0,100.0,1.0,1.0,0.2,4.0,1,2,320.0,247.8048780487805,3.382768385355975,1.7119280291055294,1.9627523809550376,1.0055504653345448,0.4939269160382141,0.487683482087912
reference,nominal,105.0,120.0,1.0,1.0,0.2,1.0,1,2,320.0,218.66666666666666,3.7243765350527918,1.6991423409171786,2.2440095359222116,0.9710919012976429,0.5437780458218106,0.5672514373257522
rf_quality,paired_log_level_0,105.0,120.0,0.5,0.25,0.2,1.0,1,2,320.0,218.66666666666666,1.3220452444164006,1.1970177147059982,0.7733190746717681,0.6812891157221476,0.09457129416595283,0.11900645149440059
rf_quality,paired_log_level_1,105.0,120.0,1.0,0.5,0.2,1.0,1,2,320.0,218.66666666666666,2.1845912701458783,1.6099144556265264,1.3212534441254509,0.9414665780585769,0.26305919206615586,0.2874443716725811
rf_quality,paired_log_level_2,105.0,120.0,2.0,1.0,0.2,1.0,1,2,320.0,218.66666666666666,4.107429923303846,2.426331530252515,2.5172333529218207,1.4979667674945543,0.4092823065619401,0.4049154140771956
rf_quality,paired_log_level_3,105.0,120.0,4.0,2.0,0.2,1.0,1,2,320.0,218.66666666666666,8.078684719919996,4.243073747822331,4.969856749530783,2.732718771278152,0.4747816142199506,0.4501413402838713
pose_quality,attitude_log_level_0,105.0,120.0,1.0,1.0,0.05,1.0,1,2,320.0,218.66666666666666,3.645560756933843,1.5186235057912576,2.207053554090837,0.8823412458233201,0.5834321227803319,0.6002175641873867
pose_quality,attitude_log_level_1,105.0,120.0,1.0,1.0,0.0889139705,1.0,1,2,320.0,218.66666666666666,3.657026979804385,1.5459464579547555,2.212418906655063,0.8956774542104071,0.5772668710151413,0.5951591936246042
pose_quality,attitude_log_level_2,105.0,120.0,1.0,1.0,0.158113883,1.0,1,2,320.0,218.66666666666666,3.6930520762464596,1.629336600495416,2.229300660436858,0.9366013656194742,0.5588102829702203,0.5798676319254594
pose_quality,attitude_log_level_3,105.0,120.0,1.0,1.0,0.2811706626,1.0,1,2,320.0,218.66666666666666,3.8047292444031298,1.8687077735863582,2.2818636492264055,1.0556241741817496,0.508846056171991,0.5373850779648355
pose_quality,attitude_log_level_4,105.0,120.0,1.0,1.0,0.5,1.0,1,2,320.0,218.66666666666666,4.138095901745658,2.477890597239894,2.4406437418732025,1.3653507088659962,0.40120029693014253,0.440577628991405
position_sensitivity,position_covariance_x4,105.0,120.0,1.0,1.0,0.2,4.0,1,2,320.0,218.66666666666666,3.7723971920851387,1.801966896115883,2.270589966794934,1.0310283607960893,0.5223284282215597,0.5459204982520715
reference,nominal,105.0,140.0,1.0,1.0,0.2,1.0,1,2,320.0,194.28571428571428,4.143153700656646,1.7983629900423914,2.5708600671627897,1.0139864271883055,0.5659434527477536,0.6055847456888837
rf_quality,paired_log_level_0,105.0,140.0,0.5,0.25,0.2,1.0,1,2,320.0,194.28571428571428,1.4396269647990936,1.290813279829673,0.8613805177454952,0.7464964922522448,0.10336961491283836,0.13337198035769157
rf_quality,paired_log_level_1,105.0,140.0,1.0,0.5,0.2,1.0,1,2,320.0,194.28571428571428,2.3856163052080053,1.70357408222733,1.4599470586523509,0.9773096353898214,0.2858977034537023,0.33058556500537956
rf_quality,paired_log_level_2,105.0,140.0,2.0,1.0,0.2,1.0,1,2,320.0,194.28571428571428,4.4906260796535795,2.4968198661405694,2.7729625826780047,1.4519533306969976,0.44399292618610064,0.4763891371030455
rf_quality,paired_log_level_3,105.0,140.0,4.0,2.0,0.2,1.0,1,2,320.0,194.28571428571428,8.835380711300854,4.284871444376863,5.469993214656736,2.540431251078307,0.5150326189231079,0.5355695790862641
pose_quality,attitude_log_level_0,105.0,140.0,1.0,1.0,0.05,1.0,1,2,320.0,194.28571428571428,4.057838642823575,1.591992873062444,2.526940379468624,0.8968136210935213,0.6076746728512882,0.6450990184097231
pose_quality,attitude_log_level_1,105.0,140.0,1.0,1.0,0.0889139705,1.0,1,2,320.0,194.28571428571428,4.070247277893148,1.6233606376544674,2.533318453339495,0.9146307318367622,0.6011641242360205,0.6389594325849287
pose_quality,attitude_log_level_2,105.0,140.0,1.0,1.0,0.158113883,1.0,1,2,320.0,194.28571428571428,4.109240237901181,1.7187909091787457,2.5533828470284425,0.968819360401575,0.5817253775221892,0.6205741878743093
pose_quality,attitude_log_level_3,105.0,140.0,1.0,1.0,0.2811706626,1.0,1,2,320.0,194.28571428571428,4.230182011804466,1.990684985044951,2.6158193764030444,1.1231019542122835,0.5294091413821255,0.5706500363352166
pose_quality,attitude_log_level_4,105.0,140.0,1.0,1.0,0.5,1.0,1,2,320.0,194.28571428571428,4.591716906481867,2.674369272550211,2.804126741924187,1.5106203276681385,0.4175666037305229,0.4612867153673827
position_sensitivity,position_covariance_x4,105.0,140.0,1.0,1.0,0.2,4.0,1,2,320.0,194.28571428571428,4.1863734409707005,1.8958136627723225,2.5940935767493554,1.0715262360400255,0.5471465483182653,0.586936166974073
reference,nominal,105.0,160.0,1.0,1.0,0.2,1.0,1,2,320.0,173.58490566037736,4.579011682252294,1.9007010234382422,2.907087558912924,1.0685531239790818,0.5849102043558583,0.6324317371511657
rf_quality,paired_log_level_0,105.0,160.0,0.5,0.25,0.2,1.0,1,2,320.0,173.58490566037736,1.564354571097711,1.3891313843090023,0.9563326211191217,0.8175706612031387,0.11200989214724776,0.14509800967951988
rf_quality,paired_log_level_1,105.0,160.0,1.0,0.5,0.2,1.0,1,2,320.0,173.58490566037736,2.598313640908665,1.801176913703649,1.6132277010024059,1.0262649405740616,0.30679003283308265,0.36384371534385707
rf_quality,paired_log_level_2,105.0,160.0,2.0,1.0,0.2,1.0,1,2,320.0,173.58490566037736,4.89564581911345,2.5715101361844135,3.0584685297614658,1.4299921157546298,0.4747352583912847,0.5324483146255695
rf_quality,paired_log_level_3,105.0,160.0,4.0,2.0,0.2,1.0,1,2,320.0,173.58490566037736,9.63492630095772,4.3299431575490726,6.030019425887471,2.384883737164811,0.5505992446336956,0.6044981668008782
pose_quality,attitude_log_level_0,105.0,160.0,1.0,1.0,0.05,1.0,1,2,320.0,173.58490566037736,4.486713943547814,1.6661087616126886,2.8563482547110866,0.9216143747632273,0.6286572349885017,0.6773452350415701
pose_quality,attitude_log_level_1,105.0,160.0,1.0,1.0,0.0889139705,1.0,1,2,320.0,173.58490566037736,4.500135607565676,1.7019215260336458,2.8637178751506496,0.9442074835736599,0.6218066133001955,0.6702861368548784
pose_quality,attitude_log_level_2,105.0,160.0,1.0,1.0,0.158113883,1.0,1,2,320.0,173.58490566037736,4.542317645888818,1.8105153935962903,2.886898852742757,1.0123402044503602,0.6014115403763186,0.6493329846009098
pose_quality,attitude_log_level_3,105.0,160.0,1.0,1.0,0.2811706626,1.0,1,2,320.0,173.58490566037736,4.673203863399433,2.117581342755829,2.9590086428902582,1.2026553339500046,0.5468673302826051,0.5935613987341071
pose_quality,attitude_log_level_4,105.0,160.0,1.0,1.0,0.5,1.0,1,2,320.0,173.58490566037736,5.064891454520228,2.880701622932897,3.176284200754027,1.6671619679979515,0.43124119266919775,0.4751219152233987
position_sensitivity,position_covariance_x4,105.0,160.0,1.0,1.0,0.2,4.0,1,2,320.0,173.58490566037736,4.618154175230942,1.99315437949477,2.9276540224531837,1.123301285838067,0.5684088698933276,0.6163135134059271
reference,nominal,105.0,180.0,1.0,1.0,0.2,1.0,1,2,320.0,155.78947368421052,5.027509997172179,2.0058627270161606,3.2493498715120883,1.131365625620271,0.6010226278725657,0.6518178496137785
rf_quality,paired_log_level_0,105.0,180.0,0.5,0.25,0.2,1.0,1,2,320.0,155.78947368421052,1.6946509691665048,1.4910069584796937,1.0559857734374707,0.892431235848085,0.12016870399393875,0.1548832775056987
rf_quality,paired_log_level_1,105.0,180.0,1.0,0.5,0.2,1.0,1,2,320.0,155.78947368421052,2.82004341813576,1.902183738160418,1.7765335028303317,1.0848082898862996,0.32547714481009987,0.3893679527247821
rf_quality,paired_log_level_2,105.0,180.0,2.0,1.0,0.2,1.0,1,2,320.0,155.78947368421052,5.317504750507159,2.650185895297292,3.364510754713635,1.4288618582365582,0.5016109962018315,0.5753136302998165
rf_quality,paired_log_level_3,105.0,180.0,4.0,2.0,0.2,1.0,1,2,320.0,155.78947368421052,10.467507073685107,4.378273190037262,6.631393363856809,2.2634559864817883,0.5817272289173738,0.6586756564889757
pose_quality,attitude_log_level_0,105.0,180.0,1.0,1.0,0.05,1.0,1,2,320.0,155.78947368421052,4.927855102638303,1.741087137556553,3.191890415170104,0.9538752611291984,0.646684591715288,0.7011566385250216
pose_quality,attitude_log_level_1,105.0,180.0,1.0,1.0,0.0889139705,1.0,1,2,320.0,155.78947368421052,4.942344492330432,1.781683919452456,3.2002369420449632,0.981442854459096,0.6395063269633902,0.6933218157803184
pose_quality,attitude_log_level_2,105.0,180.0,1.0,1.0,0.158113883,1.0,1,2,320.0,155.78947368421052,4.987886970247885,1.9043752088113148,3.2264888844459096,1.063928622038401,0.6182000073035592,0.6702518867592159
pose_quality,attitude_log_level_3,105.0,180.0,1.0,1.0,0.2811706626,1.0,1,2,320.0,155.78947368421052,5.129244399607837,2.2487277778501467,3.3081340887705033,1.2905288608260435,0.5615869312013918,0.6098922153105106
pose_quality,attitude_log_level_4,105.0,180.0,1.0,1.0,0.5,1.0,1,2,320.0,155.78947368421052,5.5526229461801275,3.0950363633425364,3.55399655482731,1.8310120433967423,0.4425992196225504,0.484801964450494
position_sensitivity,position_covariance_x4,105.0,180.0,1.0,1.0,0.2,4.0,1,2,320.0,155.78947368421052,5.0631864247394835,2.09367745358083,3.2677629331846614,1.1832109612554926,0.5864901510734802,0.6379140759448019
reference,nominal,105.0,200.0,1.0,1.0,0.2,1.0,1,2,320.0,140.327868852459,5.485549101380325,2.113565640566458,3.595574393164081,1.199901854944382,0.6147029948132954,0.6662836799523214
rf_quality,paired_log_level_0,105.0,200.0,0.5,0.25,0.2,1.0,1,2,320.0,140.327868852459,1.8293266103472796,1.595705108121237,1.1588567899175675,0.9696977863764752,0.1277090164788517,0.16322897288675994
rf_quality,paired_log_level_1,105.0,200.0,1.0,0.5,0.2,1.0,1,2,320.0,140.327868852459,3.048835591925323,2.006133152614451,1.9466978767071157,1.1501625628338337,0.3420002187301976,0.4091725395111849
rf_quality,paired_log_level_2,105.0,200.0,2.0,1.0,0.2,1.0,1,2,320.0,140.327868852459,5.752499364941686,2.7326104217365312,3.684612174670187,1.4449830872537863,0.5249698872823375,0.6078330584729374
rf_quality,paired_log_level_3,105.0,200.0,4.0,2.0,0.2,1.0,1,2,320.0,140.327868852459,11.325839962312285,4.429826578651913,7.261081454985535,2.172522468077865,0.6088743445614149,0.7007990501764461
pose_quality,attitude_log_level_0,105.0,200.0,1.0,1.0,0.05,1.0,1,2,320.0,140.327868852459,5.378244709504043,1.8169829191923743,3.5314627404373358,0.9913820312164762,0.6621606086495964,0.7192715585344945
pose_quality,attitude_log_level_1,105.0,200.0,1.0,1.0,0.0889139705,1.0,1,2,320.0,140.327868852459,5.393844518185701,1.8626511910957844,3.540776162264887,1.0240630234438612,0.6546709522649877,0.7107800729236692
pose_quality,attitude_log_level_2,105.0,200.0,1.0,1.0,0.158113883,1.0,1,2,320.0,140.327868852459,5.442881206514913,2.000216638657382,3.5700678935942927,1.1211574419297694,0.6325077541168449,0.6859562688033352
pose_quality,attitude_log_level_3,105.0,200.0,1.0,1.0,0.2811706626,1.0,1,2,320.0,140.327868852459,5.5951211907379585,2.383546079347651,3.661154490955172,1.3840742217680888,0.5739956297473375,0.6219568922351068
pose_quality,attitude_log_level_4,105.0,200.0,1.0,1.0,0.5,1.0,1,2,320.0,140.327868852459,6.05139261314233,3.315910633856431,3.935345161861358,1.9996376641050047,0.45204172893112526,0.4918774384813538
position_sensitivity,position_covariance_x4,105.0,200.0,1.0,1.0,0.2,4.0,1,2,320.0,140.327868852459,5.518265030211443,2.1970798157971188,3.6122230297667457,1.2489053052569554,0.60185315424893,0.6542557602436853
reference,nominal,120.0,20.0,1.0,1.0,0.2,1.0,1,2,320.0,468.57142857142856,2.472013714724381,1.301380654632587,1.0675644334672467,1.0105905395260903,0.47355443585081997,0.05336810796151758
rf_quality,paired_log_level_0,120.0,20.0,0.5,0.25,0.2,1.0,1,2,320.0,468.57142857142856,1.009977016483463,0.9082057398972586,0.5438129802188416,0.5389453105373855,0.10076593320960062,0.008950999440096634
rf_quality,paired_log_level_1,120.0,20.0,1.0,0.5,0.2,1.0,1,2,320.0,468.57142857142856,1.624257744391867,1.2736550536453535,1.0238694221765934,1.010410285617555,0.2158540982532188,0.013145364308689185
rf_quality,paired_log_level_2,120.0,20.0,2.0,1.0,0.2,1.0,1,2,320.0,468.57142857142856,3.0184187591826004,2.1664698493752317,2.0145998953944084,1.9849967651103497,0.28225007123865076,0.014694297538550772
rf_quality,paired_log_level_3,120.0,20.0,4.0,2.0,0.2,1.0,1,2,320.0,468.57142857142856,5.9161986231075225,4.0985909529659015,4.012459260596036,3.951727798328033,0.30722559973601943,0.015135720595199674
pose_quality,attitude_log_level_0,120.0,20.0,1.0,1.0,0.05,1.0,1,2,320.0,468.57142857142856,2.402649884985781,1.1642449365527403,1.0654222441395913,1.0083273165410296,0.5154329626517222,0.05358901403890828
pose_quality,attitude_log_level_1,120.0,20.0,1.0,1.0,0.0889139705,1.0,1,2,320.0,468.57142857142856,2.4127718210608067,1.1849926847755605,1.0657313102978179,1.0086538775638025,0.508866659320249,0.05355705718926948
pose_quality,attitude_log_level_2,120.0,20.0,1.0,1.0,0.158113883,1.0,1,2,320.0,468.57142857142856,2.44450438154161,1.2483354812880378,1.066708073975818,1.0096858590970708,0.48932982459995283,0.05345625131177158
pose_quality,attitude_log_level_3,120.0,20.0,1.0,1.0,0.2811706626,1.0,1,2,320.0,468.57142857142856,2.542246167916233,1.4302990529086146,1.0697910027210378,1.012942352001472,0.4373876649085609,0.05313995965096917
pose_quality,attitude_log_level_4,120.0,20.0,1.0,1.0,0.5,1.0,1,2,320.0,468.57142857142856,2.829196650496324,1.8939623780968102,1.0794821364276146,1.0231720783141602,0.3305653116178567,0.05216395548684493
position_sensitivity,position_covariance_x4,120.0,20.0,1.0,1.0,0.2,4.0,1,2,320.0,468.57142857142856,2.543786902589412,1.433035801455058,1.1223608241578302,1.0683132679975638,0.4366525749478782,0.04815524116392903
reference,nominal,120.0,40.0,1.0,1.0,0.2,1.0,1,2,320.0,400.0,2.6212929797283357,1.3885068502569287,1.2028646584404594,0.9900473800187058,0.4702969637522815,0.176925373048765
rf_quality,paired_log_level_0,120.0,40.0,0.5,0.25,0.2,1.0,1,2,320.0,400.0,1.046417440170206,0.9531472606576636,0.561210528095313,0.5445645529688792,0.08913286030226274,0.029660839013352897
rf_quality,paired_log_level_1,120.0,40.0,1.0,0.5,0.2,1.0,1,2,320.0,400.0,1.6882615154023104,1.33304520003386,1.0398761862746126,0.9884656003913638,0.21040360875832848,0.04943914146878276
rf_quality,paired_log_level_2,120.0,40.0,2.0,1.0,0.2,1.0,1,2,320.0,400.0,3.141842912300527,2.2198989331071846,2.036389792383836,1.9183831251035086,0.29344050766633484,0.05794895835840282
rf_quality,paired_log_level_3,120.0,40.0,4.0,2.0,0.2,1.0,1,2,320.0,400.0,6.160761044733944,4.128761315155233,4.050808191151648,3.8054938644666865,0.3298293368017593,0.060559353864449134
pose_quality,attitude_log_level_0,120.0,40.0,1.0,1.0,0.05,1.0,1,2,320.0,400.0,2.550614824278454,1.2499641472723793,1.1952432143032148,0.9807735566860992,0.5099361395635333,0.17943599683361844
pose_quality,attitude_log_level_1,120.0,40.0,1.0,1.0,0.0889139705,1.0,1,2,320.0,400.0,2.5609235398898322,1.2708673277723477,1.1963448545902322,0.9821157972771563,0.5037464774028283,0.17906965244269216
pose_quality,attitude_log_level_2,120.0,40.0,1.0,1.0,0.158113883,1.0,1,2,320.0,400.0,2.593252884708602,1.3348164337042172,1.1998218903024334,0.9863483140380609,0.48527332541492285,0.17792105477469095
pose_quality,attitude_log_level_3,120.0,40.0,1.0,1.0,0.2811706626,1.0,1,2,320.0,400.0,2.692934176221958,1.5194304410211064,1.210751529472353,0.9996147729382866,0.4357714145271885,0.17438487699130145
pose_quality,attitude_log_level_4,120.0,40.0,1.0,1.0,0.5,1.0,1,2,320.0,400.0,2.986336542745934,1.9937352718395436,1.2446826260430477,1.0404543563896678,0.332380914440974,0.16408059804179884
position_sensitivity,position_covariance_x4,120.0,40.0,1.0,1.0,0.2,4.0,1,2,320.0,400.0,2.6890847672717677,1.5125975251898363,1.2517521266309408,1.0489012416247316,0.4375047065829561,0.16205355732222898
reference,nominal,120.0,60.0,1.0,1.0,0.2,1.0,1,2,320.0,346.6666666666667,2.8527855425681343,1.4781720416301032,1.4072979853895324,0.971236252758538,0.48184957488973273,0.30985742689761253
rf_quality,paired_log_level_0,120.0,60.0,0.5,0.25,0.2,1.0,1,2,320.0,346.6666666666667,1.1044829565026872,1.0119314599857545,0.5936361073092635,0.561315793041188,0.08379621973524545,0.05444465703842006
rf_quality,paired_log_level_1,120.0,60.0,1.0,0.5,0.2,1.0,1,2,320.0,346.6666666666667,1.7898556230436817,1.4054968738090061,1.076113649322098,0.9658372857789685,0.21474287885917112,0.10247650293498131
rf_quality,paired_log_level_2,120.0,60.0,2.0,1.0,0.2,1.0,1,2,320.0,346.6666666666667,3.337421961916977,2.2770578790748615,2.092961447251582,1.828469266537572,0.317719513727013,0.12637221820847852
rf_quality,paired_log_level_3,120.0,60.0,4.0,2.0,0.2,1.0,1,2,320.0,346.6666666666667,6.548098514382972,4.159952543984969,4.15576175368342,3.5982968013953145,0.3647083142002849,0.13414266392773877
pose_quality,attitude_log_level_0,120.0,60.0,1.0,1.0,0.05,1.0,1,2,320.0,346.6666666666667,2.7797755008586047,1.3318254645203518,1.3926105945346785,0.9498297252672402,0.5208874011196287,0.3179502374929062
pose_quality,attitude_log_level_1,120.0,60.0,1.0,1.0,0.0889139705,1.0,1,2,320.0,346.6666666666667,2.7904178728146034,1.3538977574744409,1.3947373498208107,0.9529451788934072,0.5148046567990161,0.3167565355471142
pose_quality,attitude_log_level_2,120.0,60.0,1.0,1.0,0.158113883,1.0,1,2,320.0,346.6666666666667,2.8238080574238307,1.4214426396949296,1.4014415003880951,0.9627307609093234,0.496622075300785,0.3130424918609028
pose_quality,attitude_log_level_3,120.0,60.0,1.0,1.0,0.2811706626,1.0,1,2,320.0,346.6666666666667,2.926891293294532,1.616570405375059,1.42243395233986,0.9930410806004978,0.4476834827864637,0.30187192244182876
pose_quality,attitude_log_level_4,120.0,60.0,1.0,1.0,0.5,1.0,1,2,320.0,346.6666666666667,3.231298971849136,2.118466492122172,1.4868686522488088,1.0833238795628934,0.34439167945209875,0.27140579773174695
position_sensitivity,position_covariance_x4,120.0,60.0,1.0,1.0,0.2,4.0,1,2,320.0,346.6666666666667,2.915199024403954,1.5953032892390424,1.4493059096275833,1.0311643218577953,0.4527635074366078,0.2885116144163344
reference,nominal,120.0,80.0,1.0,1.0,0.2,1.0,1,2,320.0,304.0,3.1484086781616445,1.5706340174999034,1.6612769902722495,0.9649895529854786,0.50113400830257,0.4191278404287436
rf_quality,paired_log_level_0,120.0,80.0,0.5,0.25,0.2,1.0,1,2,320.0,304.0,1.1809881456485867,1.081876980437512,0.642577583220115,0.5922796117752753,0.08392223544008896,0.07827532854909777
rf_quality,paired_log_level_1,120.0,80.0,1.0,0.5,0.2,1.0,1,2,320.0,304.0,1.9230917401608019,1.4858047565669323,1.139156540354232,0.9530635603370896,0.22738747947474686,0.16336032268161757
rf_quality,paired_log_level_2,120.0,80.0,2.0,1.0,0.2,1.0,1,2,320.0,304.0,3.5933935499362653,2.338138408419802,2.1992644941732453,1.7343955472423784,0.34932303519572117,0.21137473376326296
rf_quality,paired_log_level_3,120.0,80.0,4.0,2.0,0.2,1.0,1,2,320.0,304.0,7.054733067899804,4.194327734585187,4.358108658917101,3.365231176815868,0.40545904512389447,0.22782302136265287
pose_quality,attitude_log_level_0,120.0,80.0,1.0,1.0,0.05,1.0,1,2,320.0,304.0,3.0720146532619745,1.4112717817842961,1.6391256991637995,0.9263350671448771,0.5406038248268908,0.43486026262815153
pose_quality,attitude_log_level_1,120.0,80.0,1.0,1.0,0.0889139705,1.0,1,2,320.0,304.0,3.083143759831677,1.43533600804597,1.6423372786141666,0.9320060813583119,0.5344569958929415,0.43251237520178853
pose_quality,attitude_log_level_2,120.0,80.0,1.0,1.0,0.158113883,1.0,1,2,320.0,304.0,3.118075678161598,1.5089101851824194,1.6524521070528215,0.9497165709128169,0.5160764712189201,0.42526832284013744
pose_quality,attitude_log_level_3,120.0,80.0,1.0,1.0,0.2811706626,1.0,1,2,320.0,304.0,3.226051777975996,1.7209950861017638,1.6840382290156775,1.0036674527697655,0.46653209416821423,0.40401147938523313
pose_quality,attitude_log_level_4,120.0,80.0,1.0,1.0,0.5,1.0,1,2,320.0,304.0,3.5459293540594183,2.2645151790581073,1.780237919661684,1.157847420675302,0.3613761152726673,0.349610853758615
position_sensitivity,position_covariance_x4,120.0,80.0,1.0,1.0,0.2,4.0,1,2,320.0,304.0,3.2050705459823425,1.681336140374044,1.6970094986204478,1.025282808483159,0.47541368707729315,0.3958296583981154
reference,nominal,120.0,100.0,1.0,1.0,0.2,1.0,1,2,320.0,269.09090909090907,3.491912433622359,1.6662039070577956,1.9488933013913299,0.976438220558487,0.5228391493971836,0.49897810215602867
rf_quality,paired_log_level_0,120.0,100.0,0.5,0.25,0.2,1.0,1,2,320.0,269.09090909090907,1.2726117459638187,1.1609046724643715,0.7069468430426249,0.6371733616212957,0.08777781114604227,0.0986969276516343
rf_quality,paired_log_level_1,120.0,100.0,1.0,0.5,0.2,1.0,1,2,320.0,269.09090909090907,2.0819036994033486,1.571947670842723,1.230266008555745,0.9561470222827556,0.24494698227721756,0.22281277737225946
rf_quality,paired_log_level_2,120.0,100.0,2.0,1.0,0.2,1.0,1,2,320.0,269.09090909090907,3.8978779411477764,2.403380007384321,2.3598044206007174,1.6504312775290313,0.38341322030298947,0.3006067523558187
rf_quality,paired_log_level_3,120.0,100.0,4.0,2.0,0.2,1.0,1,2,320.0,269.09090909090907,7.657020972027878,4.232012944488267,4.667886749933282,3.1337861995767753,0.44730294458531894,0.32864990787928466
pose_quality,attitude_log_level_0,120.0,100.0,1.0,1.0,0.05,1.0,1,2,320.0,269.09090909090907,3.4111585371947686,1.4895588547234333,1.9193628025435898,0.9160786353514685,0.5633275796239009,0.5227173131950577
pose_quality,attitude_log_level_1,120.0,100.0,1.0,1.0,0.0889139705,1.0,1,2,320.0,269.09090909090907,3.422916883852041,1.5162925211078502,1.9236476428466578,0.9250225684754552,0.5570174291227712,0.519130973951869
pose_quality,attitude_log_level_2,120.0,100.0,1.0,1.0,0.158113883,1.0,1,2,320.0,269.09090909090907,3.4598370615916267,1.5978909564082326,1.9371351236379672,0.9527533708107826,0.53816005552783,0.5081637005158947
pose_quality,attitude_log_level_3,120.0,100.0,1.0,1.0,0.2811706626,1.0,1,2,320.0,269.09090909090907,3.5740798496564787,1.8321653275642755,1.9791814842691897,1.0355702998992475,0.48737426005175194,0.47676839737532684
pose_quality,attitude_log_level_4,120.0,100.0,1.0,1.0,0.5,1.0,1,2,320.0,269.09090909090907,3.913460330968058,2.428570521493839,2.106628035928528,1.2621918158978502,0.37943141973970324,0.4008473283507213
position_sensitivity,position_covariance_x4,120.0,100.0,1.0,1.0,0.2,4.0,1,2,320.0,269.09090909090907,3.5430851590226315,1.7709419696575783,1.9794406028491984,1.036065441257175,0.5001695160648928,0.4765867489199389
reference,nominal,120.0,120.0,1.0,1.0,0.2,1.0,1,2,320.0,240.0,3.870569863724771,1.76477151541994,2.258749760094232,1.0055538273069713,0.54405382732928,0.554818402165532
rf_quality,paired_log_level_0,120.0,120.0,0.5,0.25,0.2,1.0,1,2,320.0,240.0,1.3763377378436914,1.2472565344368511,0.7839740503391562,0.6935964147814535,0.09378599442392084,0.11528141208067323
rf_quality,paired_log_level_1,120.0,120.0,1.0,0.5,0.2,1.0,1,2,320.0,240.0,2.260908372509826,1.662928724289799,1.3461360796848494,0.9764552148137201,0.26448645840353624,0.2746236955164868
rf_quality,paired_log_level_2,120.0,120.0,2.0,1.0,0.2,1.0,1,2,320.0,240.0,4.240437603594043,2.4727350245502637,2.569426099097958,1.5846572183319958,0.4168679613503894,0.38326413867738107
rf_quality,paired_log_level_3,120.0,120.0,4.0,2.0,0.2,1.0,1,2,320.0,240.0,8.334250336672868,4.2729158960855,5.075571200713429,2.9209933427347257,0.4873065094668972,0.42449958295843687
pose_quality,attitude_log_level_0,120.0,120.0,1.0,1.0,0.05,1.0,1,2,320.0,240.0,3.78461853338419,1.5673049718859127,2.222038944762428,0.9201331930361364,0.5858750470990176,0.5859059107829843
pose_quality,attitude_log_level_1,120.0,120.0,1.0,1.0,0.0889139705,1.0,1,2,320.0,240.0,3.797128593402421,1.5972767407363857,2.227368200352316,0.9329293225248433,0.5793461555366646,0.5811517276859405
pose_quality,attitude_log_level_2,120.0,120.0,1.0,1.0,0.158113883,1.0,1,2,320.0,240.0,3.8364204174245495,1.6885582758362718,2.2441374993614227,0.9722865508306134,0.5598609922502112,0.5667437707772892
pose_quality,attitude_log_level_3,120.0,120.0,1.0,1.0,0.2811706626,1.0,1,2,320.0,240.0,3.958105953025829,1.949284526958984,2.296360902618919,1.0874104174426176,0.5075208824390296,0.5264636250327794
pose_quality,attitude_log_level_4,120.0,120.0,1.0,1.0,0.5,1.0,1,2,320.0,240.0,4.320412408522411,2.6075027922089777,2.4542032426351237,1.3900725078378844,0.3964690067398569,0.4335951955041272
position_sensitivity,position_covariance_x4,120.0,120.0,1.0,1.0,0.2,4.0,1,2,320.0,240.0,3.916798574087566,1.8639792116967373,2.285158742565984,1.0635499516297757,0.5241064414115402,0.5345837766896119
reference,nominal,120.0,140.0,1.0,1.0,0.2,1.0,1,2,320.0,215.3846153846154,4.2750500678222965,1.8661382132588569,2.583186190869131,1.0495056749334555,0.563481553747167,0.5937165974937556
rf_quality,paired_log_level_0,120.0,140.0,0.5,0.25,0.2,1.0,1,2,320.0,215.3846153846154,1.4896401371154449,1.3394582325130417,0.8705508309643234,0.758574446363729,0.10081757389621426,0.12862704924025675
rf_quality,paired_log_level_1,120.0,140.0,1.0,0.5,0.2,1.0,1,2,320.0,215.3846153846154,2.455693956290511,1.7580664050638264,1.4815447431084752,1.012295862362951,0.28408570597310806,0.3167294696486712
rf_quality,paired_log_level_2,120.0,140.0,2.0,1.0,0.2,1.0,1,2,320.0,215.3846153846154,4.612597216578468,2.546069879438693,2.8184107457911614,1.5401462258537815,0.4480181641944196,0.45354089067615866
rf_quality,paired_log_level_3,120.0,140.0,4.0,2.0,0.2,1.0,1,2,320.0,215.3846153846154,9.069649066203729,4.316974292503595,5.562130559113659,2.7352918806838526,0.5240196989991648,0.5082294722115029
pose_quality,attitude_log_level_0,120.0,140.0,1.0,1.0,0.05,1.0,1,2,320.0,215.3846153846154,4.183213915392245,1.6449004257184847,2.5394796894548577,0.9367861859433544,0.6067854862343925,0.6311109752783841
pose_quality,attitude_log_level_1,120.0,140.0,1.0,1.0,0.0889139705,1.0,1,2,320.0,215.3846153846154,4.1965762386752425,1.6785919324276468,2.5458263487117727,0.9538569404348192,0.6000091891676111,0.625325214770644
pose_quality,attitude_log_level_2,120.0,140.0,1.0,1.0,0.158113883,1.0,1,2,320.0,215.3846153846154,4.238554389665165,1.7809441492498772,2.5657929330450235,1.0059347097522482,0.579822744850853,0.6079439237684593
pose_quality,attitude_log_level_3,120.0,140.0,1.0,1.0,0.2811706626,1.0,1,2,320.0,215.3846153846154,4.368647155030511,2.071592796317295,2.6279346304142193,1.1552712611118106,0.5258045058796178,0.5603881284787838
pose_quality,attitude_log_level_4,120.0,140.0,1.0,1.0,0.5,1.0,1,2,320.0,215.3846153846154,4.756678445821373,2.79864406195914,2.8154317957533737,1.5346880665332676,0.41163900527737346,0.4549013515979688
position_sensitivity,position_covariance_x4,120.0,140.0,1.0,1.0,0.2,4.0,1,2,320.0,215.3846153846154,4.316949511215927,1.9602223932464804,2.6063098236197813,1.105197793029613,0.5459241790635727,0.575953026377096
reference,nominal,120.0,160.0,1.0,1.0,0.2,1.0,1,2,320.0,194.28571428571428,4.698689017303181,1.9700979174519113,2.9172134279824853,1.1047465529770102,0.5807132776404403,0.6213007446146848
rf_quality,paired_log_level_0,120.0,160.0,0.5,0.25,0.2,1.0,1,2,320.0,194.28571428571428,1.610499042049691,1.43631281835673,0.9640104301927044,0.8294877793501874,0.10815667637484169,0.13954480846812636
rf_quality,paired_log_level_1,120.0,160.0,1.0,0.5,0.2,1.0,1,2,320.0,194.28571428571428,2.6627995470593513,1.8568051222174125,1.6314042186093929,1.0606946501236942,0.30268685667009165,0.34982719915495303
rf_quality,paired_log_level_2,120.0,160.0,2.0,1.0,0.2,1.0,1,2,320.0,194.28571428571428,5.007761823542085,2.6232205024260455,3.096794178566171,1.516728369324773,0.4761690761541466,0.510226291491214
rf_quality,paired_log_level_3,120.0,160.0,4.0,2.0,0.2,1.0,1,2,320.0,194.28571428571428,9.850197292204344,4.364158031495619,6.107761621414227,2.579521472206472,0.5569471451145951,0.5776650052676426
pose_quality,attitude_log_level_0,120.0,160.0,1.0,1.0,0.05,1.0,1,2,320.0,194.28571428571428,4.600415874892771,1.7226240289129346,2.8666533556407,0.9633442911645583,0.6255503685407383,0.6639481054557955
pose_quality,attitude_log_level_1,120.0,160.0,1.0,1.0,0.0889139705,1.0,1,2,320.0,194.28571428571428,4.614711227183947,1.7604451236321979,2.873996551437105,0.9849806798032306,0.6185145641915971,0.6572784058106459
pose_quality,attitude_log_level_2,120.0,160.0,1.0,1.0,0.158113883,1.0,1,2,320.0,194.28571428571428,4.65962848063197,1.8750319732045713,2.8970952858306998,1.0504722067221617,0.5976005424041304,0.6374050201731787
pose_quality,attitude_log_level_3,120.0,160.0,1.0,1.0,0.2811706626,1.0,1,2,320.0,194.28571428571428,4.7989032560631495,2.198426661063839,2.9689574361910736,1.2349247020881589,0.5418897727754256,0.5840544269733738
pose_quality,attitude_log_level_4,120.0,160.0,1.0,1.0,0.5,1.0,1,2,320.0,194.28571428571428,5.214906627519062,2.999809736760827,3.185554493832222,1.6905881210655456,0.4247625219345575,0.46929549491656375
position_sensitivity,position_covariance_x4,120.0,160.0,1.0,1.0,0.2,4.0,1,2,320.0,194.28571428571428,4.736842670104797,2.059438225426623,2.93770900267561,1.1577844990820123,0.5652297598093837,0.6058886370203707
reference,nominal,120.0,180.0,1.0,1.0,0.2,1.0,1,2,320.0,176.0,5.13674870582441,2.0764472220917796,3.257618898033537,1.168119321611423,0.5957662441736041,0.6414192825574047
rf_quality,paired_log_level_0,120.0,180.0,0.5,0.25,0.2,1.0,1,2,320.0,176.0,1.7373381500518672,1.536873340724106,1.0623358828707312,0.9043591522400009,0.11538617817249709,0.14870695151879149
rf_quality,paired_log_level_1,120.0,180.0,1.0,0.5,0.2,1.0,1,2,320.0,176.0,2.879568115439929,1.9586698850740372,1.7916131234192891,1.1186014207900463,0.3198042878125148,0.3756456646984153
rf_quality,paired_log_level_2,120.0,180.0,2.0,1.0,0.2,1.0,1,2,320.0,176.0,5.420902809199659,2.7040031557179565,3.3963447716482142,1.5124746849447939,0.5011895156782612,0.5546757509512781
rf_quality,paired_log_level_3,120.0,180.0,4.0,2.0,0.2,1.0,1,2,320.0,176.0,10.665987352707235,4.414444516708748,6.695989747862367,2.4533583462108473,0.5861194682939244,0.6336078102577652
pose_quality,attitude_log_level_0,120.0,180.0,1.0,1.0,0.05,1.0,1,2,320.0,176.0,5.031598167912199,1.8006737413205425,3.200307910152456,0.9971923507935065,0.6421268787313136,0.6884073724187364
pose_quality,attitude_log_level_1,120.0,180.0,1.0,1.0,0.0889139705,1.0,1,2,320.0,176.0,5.046890954309,1.8429742548472943,3.2086325409056893,1.0235939855507172,0.6348297850038199,0.6809874697394327
pose_quality,attitude_log_level_2,120.0,180.0,1.0,1.0,0.158113883,1.0,1,2,320.0,176.0,5.094948911356452,1.9707740125839441,3.2348163500858305,1.1029318580398857,0.6131906233267301,0.6590434390469736
pose_quality,attitude_log_level_3,120.0,180.0,1.0,1.0,0.2811706626,1.0,1,2,320.0,176.0,5.244023857980667,2.329212747349276,3.3162565411341522,1.3228678359200317,0.5558348301935084,0.6010960492617335
pose_quality,attitude_log_level_4,120.0,180.0,1.0,1.0,0.5,1.0,1,2,320.0,176.0,5.689793253723399,3.209235589585191,3.561558339976197,1.8539470525747757,0.4359662211829809,0.4794562167449527
position_sensitivity,position_covariance_x4,120.0,180.0,1.0,1.0,0.2,4.0,1,2,320.0,176.0,5.171671612427529,2.1613960919120463,3.2759854829997708,1.2184017192707548,0.5820701208641689,0.6280808551828251
reference,nominal,120.0,200.0,1.0,1.0,0.2,1.0,1,2,320.0,160.0,5.585837398168427,2.1849864333156956,3.6023312653724675,1.2371940952882563,0.608834579747677,0.6565573779455469
rf_quality,paired_log_level_0,120.0,200.0,0.5,0.25,0.2,1.0,1,2,320.0,160.0,1.8689402846675804,1.6404014727637497,1.1640910152190593,0.9818092641300908,0.12228256503362805,0.15658719868623555
rf_quality,paired_log_level_1,120.0,200.0,1.0,0.5,0.2,1.0,1,2,320.0,160.0,3.103975856523062,2.063252956263879,1.9591498033276473,1.1834420395048122,0.33528704744016763,0.39594101610059784
rf_quality,paired_log_level_2,120.0,200.0,2.0,1.0,0.2,1.0,1,2,320.0,160.0,5.848211644492446,2.7882190935745426,3.710917432729923,1.5247186220660354,0.5232356037934522,0.5891262336859966
rf_quality,paired_log_level_3,120.0,200.0,4.0,2.0,0.2,1.0,1,2,320.0,160.0,11.50952791049107,4.467802979550238,7.314469847854946,2.3548863114640093,0.6118170081087528,0.6780509920135077
pose_quality,attitude_log_level_0,120.0,200.0,1.0,1.0,0.05,1.0,1,2,320.0,160.0,5.473457807094822,1.8791824395315837,3.5383420433587176,1.0362061087139296,0.6566736228247262,0.7071492535158285
pose_quality,attitude_log_level_1,120.0,200.0,1.0,1.0,0.0889139705,1.0,1,2,320.0,160.0,5.489799441708137,1.9262617125343073,3.5476374053679742,1.0675157347328146,0.6491198388961626,0.6990910815413256
pose_quality,attitude_log_level_2,120.0,200.0,1.0,1.0,0.158113883,1.0,1,2,320.0,160.0,5.541159067342942,2.06809818059818,3.5768729490402027,1.1609818161847594,0.6267751646426097,0.6754198897402016
pose_quality,attitude_log_level_3,120.0,200.0,1.0,1.0,0.2811706626,1.0,1,2,320.0,160.0,5.700527980038957,2.463453982968557,3.667790552273123,1.416526109635858,0.5678551194565451,0.6137930753003434
pose_quality,attitude_log_level_4,120.0,200.0,1.0,1.0,0.5,1.0,1,2,320.0,160.0,6.177497733392036,3.4255020830617453,3.9415196145253875,2.022235286910125,0.44548711615943926,0.48694019447277825
position_sensitivity,position_covariance_x4,120.0,200.0,1.0,1.0,0.2,4.0,1,2,320.0,160.0,5.617969334090125,2.2658697477511027,3.6189488177480507,1.2847759452200709,0.5966745966373135,0.6449864284017304
