cell_id,trial,seed,rf_error_x_m,rf_error_y_m,rf_error_z_m,joint_error_x_m,joint_error_y_m,joint_error_z_m,rf_nees,joint_nees,rf_covered_95,joint_covered_95
0,0,20263904,-0.11268331716180313,-0.2756523107697707,1.102751003020181,-0.8278243299357833,-0.07660676680160951,0.622216291347065,2.009921207818569,2.6757736458922485,1,1
0,1,20263904,0.17545974154327126,-0.17436665955513245,-0.32080237101559206,-0.12914472584624548,-0.20725151014065657,-0.52108774851897,0.2960049812447211,2.769045668241962,1,1
0,2,20263904,-1.5656680032026955,-0.2326792155163386,1.9228985259643245,-1.391243202038705,-0.2526151282867835,2.038370650838044,6.406039573975084,6.829863144156042,1,1
0,3,20263904,-1.3962222537285705,-0.38945496407579466,0.551960829259702,-0.6526801619172886,0.12443129940800682,1.0326905562835536,4.314004054288148,1.6630633012526226,1,1
0,4,20263904,-0.5708517224940657,0.015590991188711198,0.33709127835133756,-0.23826871742962297,-0.07954585862422975,0.5577197233307153,0.5372621534545039,0.5604985072336561,1,1
0,5,20263904,-0.1623828026019396,-0.4772567012479533,-0.3846023381412067,0.12148684070024274,-0.5878547675811726,-0.19541468319384284,1.6177114451301238,4.154533638700024,1,1
0,6,20263904,0.5477444972938699,-0.0384820450887767,0.564387860209127,0.14056452858395474,0.039227200113812345,0.2843025331535833,1.3594531582614608,1.03065430914469,1,1
0,7,20263904,-0.5521476937824623,-0.20215310996545074,0.12627498043890384,-0.5087019960134,-0.12456035353724199,0.1541784680813533,0.758871764597551,1.9536861462467043,1,1
0,8,20263904,-1.1680711075383527,0.06243892830261646,1.2174205265894216,-0.9129957170981555,0.21534813648800843,1.3866775850020407,2.9035287579316016,3.2981147037988157,1,1
0,9,20263904,0.45323214928813016,0.3088315976499069,-0.15295015904664666,0.002344824400353218,0.12649305546476292,-0.45522388875493125,0.8244043728368801,1.0140782354559899,1,1
0,10,20263904,0.1830674949033444,0.31801547744878095,-0.45650845546594,0.07521600504214732,0.208901127363155,-0.5286478359695377,0.7956987290302577,1.255323858635804,1,1
0,11,20263904,-0.36136616962863144,-1.0449957612845884,0.3681175096133025,-0.28125018239866506,-0.7108159815205592,0.41145372201672836,6.742921313045051,6.588018077498146,1,1
0,12,20263904,1.0373304262545027,0.06438607754040342,-1.3167028361626905,0.9859078515437893,0.20678163592890297,-1.3505696778950438,2.7389241818555115,3.2276396996289822,1,1
0,13,20263904,0.26015645418315714,0.517309714434488,0.37498815361906424,0.06333891083299648,-0.047787604227867014,0.23688578725313478,1.8911046480217992,0.4610686166727296,1,1
0,14,20263904,0.7029506702489492,-0.06450298452528451,-0.4974467330756198,0.3652926895140176,-0.18960690159517596,-0.7234340281146981,0.8405207590126513,1.1884217271386774,1,1
0,15,20263904,-0.11567849685717846,-0.0913271748880759,0.1897385466699113,0.09520153870913362,-0.22661480165175701,0.33220887904969704,0.0954200044742404,1.404720428589754,1,1
0,16,20263904,1.3140293062704274,0.6040711455663131,-0.7752075211668021,0.7410349356798172,0.24112254424155505,-1.1691746116813502,4.391557126623724,2.4647967633326395,1,1
0,17,20263904,0.21577288947010587,-0.43901036834173146,-0.2510598398267767,0.08443713042257528,0.16509156288043556,-0.34114180470225824,1.155708184826883,0.5496206334894752,1,1
0,18,20263904,-0.5538239412686394,0.31174201091538456,0.28785361942250987,-0.06952806560484959,0.2692656629262611,0.610096565405557,1.091090799703907,2.4345290433168048,1,1
0,19,20263904,-0.7533448442527657,-0.6380791214233495,-0.15058365037642218,-0.293363018896148,-0.2766308215046101,0.14249732928273773,3.7669003715378913,1.4944612074451002,1,1
0,20,20263904,-0.18686517992100704,0.1096518871637321,0.682078183442048,-0.37175718507707245,0.05704110784676344,0.5578242923563185,0.619582545486503,0.4735527416346863,1,1
0,21,20263904,-0.3669068135416538,0.29143676622167647,0.19844459740039966,-0.07749136241221422,-0.034176939050775776,0.38972237425889683,0.7221721052101306,0.4279930627086521,1,1
0,22,20263904,1.1124176025507921,0.0827849546978739,-0.1560949897482793,0.4714130497252462,0.10350615987658848,-0.59479622003474,2.0360438137978245,0.7341118730605569,1,1
0,23,20263904,1.190118809219694,0.33779354648281656,0.1084645516005871,0.7960749648415586,0.3547041120410438,-0.16681237559312845,3.1902885558093357,6.1686576379356755,1,1
0,24,20263904,-0.3540232841433735,-0.023288145257824158,0.8684636277275857,-0.26017863416586096,-0.10331143112703006,0.9321460682929475,0.8990756456375314,2.085878739290674,1,1
0,25,20263904,0.4012050097889208,-0.23744316470692123,-0.6141119027862558,0.4329984539461833,0.015033637283710051,-0.5938186228656239,0.8151151281914626,0.5334897929773987,1,1
0,26,20263904,0.06435160479857416,0.8341823208070592,0.08283841097029665,0.2234895663780705,0.4306612846694856,0.18162282964175694,3.899846396775315,3.595345570250673,1,1
0,27,20263904,0.21347957503276405,-0.6018567079303675,-1.2555985333595352,1.0752345681260849,-0.25789210197735196,-0.6859476254705411,3.7878744378642044,4.736827966239798,1,1
0,28,20263904,-1.3330939102888948,-0.6450651484686418,0.7905060978077749,-1.0953391687157996,-0.08216434835972214,0.9367749708568337,5.865808771103664,4.193587590882052,1,1
0,29,20263904,-1.439142476523731,0.40089463218702764,0.5115431559460646,-1.25363486655014,0.12785497109565738,0.6266664812065064,4.610684080194387,8.129277775041482,1,0
0,30,20263904,-0.6668611728369171,0.32129553640836056,-2.02152922530329,0.6507513116615762,0.1071362476929888,-1.1895307888445628,7.871393170326048,2.0074237543612763,0,1
0,31,20263904,-0.20525366607324003,-0.850957760209594,1.87424224626006,-0.8002974427545624,-0.23453113735301254,1.4530072901474675,8.92959071395682,3.5711920626248017,0,1
0,32,20263904,-0.33660021521520633,1.0087958388071656,1.0408935663505758,-0.2751110549843325,0.7011689873233695,1.0736468933021752,7.356190206082344,10.026714504808073,1,0
0,33,20263904,1.0235186872447741,0.2268605021755512,-2.5817016777213624,1.8331368061824875,0.08115384073102082,-2.04550996685066,7.944208884726347,8.800554106203025,0,0
0,34,20263904,0.8156406327661401,0.013020725065258337,0.6195849604530217,0.20881060442423305,-0.17404863482690733,0.1994366931817268,2.3270687721826944,1.2566853203506356,1,1
0,35,20263904,0.5372790065087614,-0.009038121691333284,0.9956431196443951,-0.16783063434278134,0.10729350376072627,0.5092179729350336,2.5782300522910764,0.7097726179824917,1,1
0,36,20263904,0.5544388177141606,0.7984687807049737,-0.10771760950082054,0.26847302961290254,0.5227783194381266,-0.30697713449888975,3.811696629129023,3.4574013649997872,1,1
0,37,20263904,0.6612460206930848,0.4621972709092427,0.6408446621707924,-0.23111129217297588,0.741518325910544,0.038325378362427526,2.974086191307394,6.8084506859384,1,1
0,38,20263904,0.6177852873910368,-0.00789958277696283,0.4491338428364564,0.35092697342903634,-0.15344589480695023,0.26512076488088226,1.2926586458307243,2.528337589549116,1,1
0,39,20263904,0.29801210010123214,0.11100641083027922,-1.1330494873454562,0.9542624450240247,0.018092493618635908,-0.6953904647035568,1.5396771386997679,3.1213002789244424,1,1
0,40,20263904,-1.015934061102996,-0.8558148049334657,0.4055616665176345,-0.4358344314973728,-0.5104402400619195,0.7777345279492609,6.480569670283972,4.097770520110805,1,1
0,41,20263904,-1.0780863711279238,-0.16386506765217412,2.9421259270533078,-1.6320977819200522,0.28635047648605927,2.564030997954447,10.677890739177565,10.273372618426146,0,0
0,42,20263904,0.3129901881139858,0.11584818980259907,0.21400888866194379,0.2907043711411781,0.11042022445693414,0.19880233822803817,0.3907828404851792,1.8058221308203941,1,1
0,43,20263904,-0.54013976451931,-0.3017855399669103,0.9017364394547656,-0.37544618177815536,-0.11985986793689972,1.0112320863325133,1.6265367076478743,2.007559055102262,1,1
0,44,20263904,-0.04505788680589973,0.7010513199630005,-1.7820863850287871,0.5331370335024239,0.13426150474357706,-1.4191731359933013,6.834864202525797,3.5090625466241154,1,1
0,45,20263904,-0.15776904352188836,-0.2676718527020182,0.4972264316112849,0.034047890190596064,-0.2851016223972835,0.6273077328125488,0.7048909035309163,2.8164876769777987,1,1
0,46,20263904,-0.6902758469275447,0.24478399028097417,-1.723038499787254,0.3927553822044061,0.3392650690012392,-1.037025973919469,6.181722800730986,2.913416569399756,1,1
0,47,20263904,-0.3038499928276117,-0.01609608885900961,1.4336075174491043,-0.6984543814769033,-0.035062857554802374,1.165534092046469,2.514858824501481,1.8411282659240853,1,1
0,48,20263904,0.11090724994712886,0.881214699171345,-0.4846830111155924,0.2000498946761482,0.15352832623857407,-0.43805916649003873,4.537264288485281,0.5329444233206457,1,1
0,49,20263904,-0.792612635578724,0.4035016970375621,-0.12410741116191204,-0.6426320044690819,-0.062576445837576,-0.030597171280965188,2.338585142661944,4.188076987132751,1,1
0,50,20263904,1.0339266431552616,0.4152953240219573,0.6305465476735144,0.3282300402261349,0.05532054899647393,0.13491336616110733,4.0769247259326695,1.602833826427884,1,1
0,51,20263904,1.3015992083831307,0.13245702422288924,0.44032613324525727,0.7686101144193209,-0.0826261205151838,0.06326690953003833,3.985785384813765,5.603883741348703,1,1
0,52,20263904,0.6642195710271359,-0.39657955472965134,0.4475092622822565,-0.12603334815430856,-0.158899644455088,-0.09181114275827053,2.232756685946299,0.6753828866067995,1,1
0,53,20263904,-1.0101157303200523,0.3610231124142067,1.0394630814874972,-0.7023787343347543,-0.0972331213179418,1.2415033662134243,2.9873964947617493,2.198024930878926,1,1
0,54,20263904,-0.4077450822023323,-0.23842700804525857,-0.20538303907095212,-0.14891812179330088,-0.45425259886985603,-0.03342543335311677,0.7972107392902392,2.9338756408242603,1,1
0,55,20263904,-0.1943114584249841,-0.6305174506427381,1.42138098737286,-0.5950370678842631,0.10569658086937997,1.1410940483007017,4.917842727464414,2.0290499912813242,1,1
0,56,20263904,-0.42807429467642066,-0.23742606557246518,-0.8766268434308202,0.26177871181330303,0.010557330322458595,-0.4293110907459436,2.074077782453543,0.24846030781013137,1,1
0,57,20263904,-0.8478170347844767,-0.031558528261757826,1.8416862958184161,-1.127661736344372,0.3997006505026071,1.6561677965608823,4.126305591467593,6.114490415852403,1,1
0,58,20263904,-0.9069158960505206,0.6406330482835505,-1.337592544599044,0.22615302567050222,0.05363077497314541,-0.625164941614076,7.646801688527132,0.713694598455608,1,1
0,59,20263904,0.6127146814505195,0.023676315490205168,-0.12853042235090228,0.5467923362080391,0.024735927678430164,-0.17352526618204064,0.6052700156480819,1.7818950344146134,1,1
0,60,20263904,-1.5624673814764698,0.34176869236588786,0.002370612836188002,-0.6894527234322219,0.4311922803826467,0.5579552808388271,5.558807075013156,3.7316330623903187,1,1
0,61,20263904,-0.9483174210238552,0.3532493443385227,0.464087171909199,-0.5821584135855211,0.10974810091772387,0.7015883919755578,2.2844932589910503,1.0409798553358869,1,1
0,62,20263904,-0.1993697747253833,0.030736586157411504,0.4000858681670394,0.16511962858065132,0.034503878702553795,0.6471879272882634,0.2018226318480135,3.4532643816612607,1,1
0,63,20263904,-0.5192489287738127,0.7672669284146723,-0.31575439303501796,-0.14742429255447576,0.517965804643496,-0.07890096948389794,4.359696179438289,3.3772635857336777,1,1
0,64,20263904,-1.103448348508966,0.010962304357115977,1.2837249034099933,-0.5271536547835503,-0.4621176825072367,1.6751179761749904,2.8239448508076173,8.459685280252279,1,0
0,65,20263904,-0.17550162037230166,-0.42767108286260686,0.17489180122681347,0.05106697075821387,-0.20928801588559692,0.32439365986632246,1.119001027760649,1.1025669612620848,1,1
0,66,20263904,-0.9261383816640496,-0.1585550737790814,0.6394187103375444,-0.7053082144334866,0.2352861226795078,0.7845830637504918,1.6327050707510675,1.992720933245939,1,1
0,67,20263904,-1.367630315565787,0.3100687034562626,1.645940794739161,-0.9241057154138375,0.19759044587622576,1.941396940465128,5.165288666802866,6.50603509756137,1,1
0,68,20263904,1.0804300850345392,-0.1556848444400467,-0.813056185221356,1.1148835610676606,-0.3283681788687386,-0.7880996890438274,2.0833732299041463,5.067933900298291,1,1
0,69,20263904,0.4429429370738518,0.06403473765458846,0.3891635164323084,-0.18168518732783312,0.20316314727284132,-0.031862577575624565,0.7881740254474932,0.7791707824872561,1,1
0,70,20263904,-0.3253806597015796,0.2991455087207478,1.2221233789692434,-0.3087120624860944,0.08996465667000753,1.2321115150791495,2.321546011660887,4.102312606022233,1,1
0,71,20263904,-0.0399776707629762,-0.10731945838536036,-0.5884608386672809,0.3464613339134708,-0.06160718014409306,-0.332914150207902,0.5504341336407,0.3695339943563248,1,1
0,72,20263904,-0.05242768411018517,-0.4715741846067224,-0.015977249814845607,-0.10979827931960529,-0.17204674100682993,-0.057231668920525634,1.2657740709250311,0.6047786015001904,1,1
0,73,20263904,1.3715875825800055,-0.02624853892292775,-0.8562290594556501,1.1561154529044018,-0.47069006619697606,-1.0007990120295955,2.96543642794609,5.8453423550571895,1,1
0,74,20263904,0.06342720384785494,0.16395932895776705,0.02209470681302861,-0.39274650605097605,0.028241916520037377,-0.2786661326959128,0.1596201155590074,2.8947158367335306,1,1
0,75,20263904,-1.0683003503373918,0.4404156525668718,0.3156609466022964,-0.6250471065188989,0.31969187096174767,0.601494596547378,3.191454838276017,2.320053525442527,1,1
0,76,20263904,-1.3214076169937137,0.34727419013953786,-0.15001669830102315,-0.2774851594166776,0.5252778945442284,0.5249186685835288,4.426909251962228,3.9599952283240394,1,1
0,77,20263904,0.06839637650330843,0.2755372216894236,-0.18862038865704278,0.05078428016199865,-0.4613666721529045,-0.19805384636634846,0.4634726022750482,2.704036781389804,1,1
0,78,20263904,3.158924786372289,-0.8546602002069822,-0.38774828184851984,1.5181540307994013,-0.6177542958490103,-1.5763981959428637,17.813276437783877,9.38071518910817,0,0
0,79,20263904,0.5171405924555685,-0.13005959735096517,0.5255945847887062,-0.37968475516457545,-0.41605700506266374,-0.07624706282725278,1.2779997837589048,4.1718473891442915,1,1
0,80,20263904,-0.799464059116854,-0.8562935225751923,-0.37346599849134776,-0.239705157736271,-0.139619251591343,-0.024199184606863322,6.3059722058737115,0.904238451606087,1,1
0,81,20263904,0.7844431385004142,-0.2082505741063962,-0.3338714700710703,0.6845231062198991,-0.028434509076430796,-0.40279466686923154,1.1638307321521224,1.8979406782159423,1,1
0,82,20263904,-1.4107891123306473,-0.2929388420353361,-0.8016954518035213,-0.505592183772201,-0.15323488998270557,-0.23794947240347697,6.434921743018216,4.394607356009949,1,1
0,83,20263904,1.3645134359187807,-1.0204769376086402,-1.7812550474426736,1.0083404613781433,-0.3896752108737724,-2.031698682242038,9.615057880801135,7.550588181253813,0,1
0,84,20263904,-1.4789039252113056,0.5044749452670894,0.61091831614754,-1.0439024339364664,-0.09494649234102935,0.8853822790831903,5.455637742402964,3.8816250724791126,1,1
0,85,20263904,-0.7560655563409497,-0.13640654831677645,0.38844904561944205,-0.5562975037230871,0.03077068342576823,0.5189371923735983,1.0503425009733571,0.9335843814000817,1,1
0,86,20263904,-0.2890174328337132,0.09508441494847492,-1.299863683608752,0.22808974979819752,-0.11379714928770515,-0.968125811300356,2.7677808032794573,2.492773909481305,1,1
0,87,20263904,-0.4928192802587965,-0.7268666941449259,-0.917581243742962,0.28941269885493526,-0.27018638244277376,-0.41746202243249747,5.168536401911069,1.0888283735670408,1,1
0,88,20263904,-0.7202432239966257,0.020376839644959625,2.2529884528997393,-0.7399631118420231,0.08959760706390726,2.239433746027248,6.118441703843591,11.161937400513086,1,0
0,89,20263904,-1.2290554162299863,-0.3831039756844774,-0.7672185668756768,-0.30166574080192277,0.09915038888248565,-0.18414669261156488,5.6249762871041575,1.602505044555443,1,1
0,90,20263904,0.5568709518697368,0.2654285587005215,-0.3131008042856962,0.7933774193124705,-0.01497379148677224,-0.15252398022304678,0.854869104097395,4.260770918106746,1,1
0,91,20263904,-2.602966500764456,0.06436930109790771,0.5372473228218091,-1.1407626165290203,0.18413276689534475,1.4516212752232356,12.530465532360484,3.9597240342393043,0,1
0,92,20263904,0.45172568147563297,0.029856388260108124,-0.6573133260471558,0.27151872702979674,0.031057685746697546,-0.7767673444937767,0.6164645022806292,1.1030664053070423,1,1
0,93,20263904,-0.2995200424928228,-0.5490355497748696,0.05168294864764533,0.07202399463173847,-0.20906559525435886,0.2950812302796113,1.9201512273829422,1.089023341533778,1,1
0,94,20263904,-0.21929517288474543,0.740089066525732,0.1994092150088207,-0.07627191327225802,0.7451287467695618,0.29496558193695477,3.272676649981863,7.259505004317593,1,1
0,95,20263904,-1.0539290829810462,-0.15021113418944534,0.4654787455825975,-0.6453827598956607,-0.17852329541137404,0.731740106211848,1.9762597822308496,1.613497527028544,1,1
0,96,20263904,0.5690126546636556,0.17822888314763988,-0.825876578967911,0.5704424031063553,0.2418891411008514,-0.8244887294771367,1.1309096805186538,1.6330289131264433,1,1
0,97,20263904,-0.37070121993659555,-0.20438027413736842,1.3189669669726598,-0.5222757270127332,-0.5129373516246015,1.2196603742779109,2.328208340854782,5.613222240083933,1,1
0,98,20263904,0.381756313987772,-0.015682797352443382,1.6158653763925166,-0.11276512483718903,0.002722539197494443,1.2672096535718036,4.8192191761047765,6.283658142893796,1,1
0,99,20263904,-0.45227075725220445,0.9258332773609005,-0.4431921324194299,-0.0399587644720647,0.3885111957158022,-0.1861653245343317,5.955421072569353,1.9193503874042372,1,1
0,100,20263904,-0.8324519978093115,0.321915212631405,1.1330294509714278,-0.6298933235699629,-0.03243861850535636,1.2667710005831032,2.574475897833708,2.3397325665876565,1,1
0,101,20263904,0.6712814695217304,0.2727827961530462,0.47759651618225263,0.09212700817338515,-0.08894887489358308,0.07932056292305167,1.8881556451783221,0.2506732219427578,1,1
0,102,20263904,-0.013642573238012545,0.20451338429211852,1.188021808738732,-0.3213156893780571,-0.0828501210737139,0.9764079395481072,2.203443028809949,1.9916344444798262,1,1
0,103,20263904,-0.29836940792025146,-0.1902728130133748,0.31511928164864855,-0.1857979387669353,-0.05826951980686086,0.3895863832994357,0.40165845250225274,0.2574494703711966,1,1
0,104,20263904,0.3383841990101857,-0.18480709636367335,-0.05955754854912598,0.09453878908729862,0.10822141189761215,-0.2234811032226294,0.3714917495837015,0.20620055496476888,1,1
0,105,20263904,1.062266804240057,-0.3863166974833462,-1.0259884506961185,0.7644662354269336,-0.2719708627401928,-1.2272836325999663,2.915119894468874,2.857969790443962,1,1
0,106,20263904,-0.2930245434036003,-0.027930483297878027,0.5977780480575312,-0.3923165726849511,-0.2799506110945747,0.5327861657847447,0.4413815049652812,1.4536330031194569,1,1
0,107,20263904,-0.4679500415191171,-0.12767536138098645,1.4099210486992924,-0.9635648750079824,-0.1785439907711545,1.0778260978504024,2.45964803965097,3.092732895797162,1,1
0,108,20263904,0.5712936527259878,0.3172370895956981,-0.8558576527541462,0.6539318973662844,0.14179998024184795,-0.801910197700605,1.5356388032440333,1.3928856684179072,1,1
0,109,20263904,-0.35328758864909204,-0.447281637776551,-0.5659542109597453,0.10677849000691353,0.07122986822195662,-0.26852066128628205,2.0452784626800558,0.17022417148012103,1,1
0,110,20263904,-2.226579180415289,0.5436808723325378,1.2373471979339392,-1.3660735880417576,0.16852972455390555,1.7824762300041916,10.952135149308024,5.49728557169162,0,1
0,111,20263904,2.041400654193321,0.4755997883448036,-0.3446268137704358,1.1526579486516013,0.640449027014547,-0.9677366416515415,7.396091926014032,9.062417874563632,1,0
0,112,20263904,-0.293945642889355,-0.2352975847551695,-0.0748465523148063,-0.23714328030475684,-0.10708619993064339,-0.03828167017540114,0.5166821208037984,0.8172821813648669,1,1
0,113,20263904,-0.8490355693038083,0.39876748888320207,-0.3705255053325338,-0.2748245793433348,0.2696783177964894,-0.0022006228304469835,2.8935744850894376,1.4244823823759258,1,1
0,114,20263904,0.4566440437388657,-0.9382437547993498,1.7171719356597244,-0.7905059072412257,-0.7848505259143591,0.8512045959046285,10.430913905406534,10.307774381004966,0,0
0,115,20263904,-0.29652464101611287,0.44665720209192733,0.1917360786304343,-0.6288165446721123,0.36447521880595357,-0.026378613117320395,1.3185327397250377,4.991423189622201,1,1
0,116,20263904,-0.34264266157141066,-0.2099906091117469,0.5325401405767245,-0.3455832189293311,0.19051319384769067,0.5304466673745718,0.6481049748486134,0.8504090272802893,1,1
0,117,20263904,-0.30054099694180536,0.4221091515762226,-0.42865981255853924,-0.2819165473938945,0.07675846258326806,-0.419426739770207,1.5922105956751227,2.726822750498051,1,1
0,118,20263904,0.6403366443778751,-0.49940574355729433,-0.9152779406886111,1.1136411831056314,-0.270211863680521,-0.5968698753640019,2.469468289711967,5.670906496773197,1,1
0,119,20263904,-0.8656106716594145,0.1155566830354845,0.6798305810305116,-0.624850570823849,0.4364567809043511,0.8414056279940653,1.4221637633554698,3.5327205396461476,1,1
0,120,20263904,-0.40265758094867365,-0.23885537369429585,1.084117501250617,-0.6455307605937186,-0.2802127166310556,0.9213626483773828,1.7357818362176085,2.283554513667499,1,1
0,121,20263904,0.851085104521534,-0.2942081934318405,-0.03476739385899208,0.2539332168133228,-0.17922193453733906,-0.44154510858449564,1.683313261963199,0.6499795899665637,1,1
0,122,20263904,-0.1505906079534327,0.4498949147762927,-0.7500614178901301,-0.0448773051151754,0.3958009677996811,-0.6823102186131763,2.052306409356661,3.7828192374357354,1,1
0,123,20263904,-0.3671917893359087,-0.1262118978816637,-0.09246469704471139,-0.22430316627144364,0.037933501203885445,0.0010015307187144307,0.3943912279833821,0.45451656016974623,1,1
0,124,20263904,0.656274229549588,-0.5706454550391246,-0.18708036891427327,0.9373592152139061,0.09018791796499442,0.0019009252775498077,2.3445582922550967,7.862020035331229,1,0
0,125,20263904,0.7417530750056933,0.2050542650169501,-0.8045682254115754,0.7972426605816629,-0.014473276334239189,-0.7678128943407997,1.3942440218072325,1.768836831291807,1,1
0,126,20263904,0.3113427001334408,-0.37520880559366565,-1.2660327999528853,0.4743053933582395,0.008515572905061105,-1.1618196771425662,2.585941271843931,2.164766285519109,1,1
0,127,20263904,0.6408575474927041,0.4950677199414061,-0.8027921235775679,1.1853882105168374,0.27926543358578626,-0.4335893183574723,2.271822688293014,8.810072905515543,1,0
0,128,20263904,0.49843406870682827,0.014950263563732575,-0.4754025012375003,0.4355438129074436,-0.3049208509064979,-0.5160901997597451,0.48325838880946226,1.5063398674021429,1,1
0,129,20263904,0.0736364858206926,0.4868477882119993,-0.3292498602338192,0.21496360928643554,-0.004208871069144606,-0.23915577674556918,1.4402303638282554,0.1232668713204386,1,1
0,130,20263904,0.7888025735606554,-0.24098375064997363,-0.5780364586064657,0.3753585025601609,-0.42598145239248303,-0.8530709752975699,1.334212403135906,3.3251280518814195,1,1
0,131,20263904,0.6034305199340615,-1.2224909736288252,0.19766711435059037,0.21123632162846206,-0.4150157153178255,-0.09167141991636776,8.57651359066758,2.1368112736221674,0,1
0,132,20263904,0.38096215597548166,0.2568391615318735,0.12023210046319832,0.14657126039026025,0.041137896624242005,-0.03937577859731915,0.6875824137021017,0.16833403707520722,1,1
0,133,20263904,-0.2972646807317254,-0.7095733964149281,0.6462262491872117,-0.22896206883059378,-0.299663351314795,0.6851299495276207,3.4805987128629505,1.9313850375873247,1,1
0,134,20263904,-0.15608224155278805,-0.45760328890552254,0.1515063132654717,0.2341585612094157,-0.7339583026017501,0.4202233347599683,1.2543696096256969,8.109395768856487,1,0
0,135,20263904,-1.2538125318357878,0.45391361019275434,-0.2540111540882073,-0.7311267354270505,0.22588355512198213,0.07358529358796197,4.834724978479753,4.7317422967921585,1,1
0,136,20263904,0.205111034846567,-0.15837888105056833,-0.08437298967623263,-0.0849920636047834,-0.18255856561401385,-0.27705790765739396,0.20304533649077153,1.1610617191410353,1,1
0,137,20263904,0.3449015833308131,-0.7897711321123059,-1.0683691944165403,0.49128822648578563,-0.26937939009341205,-0.9809112217626238,4.603965521530411,2.246743882497015,1,1
0,138,20263904,-0.6392403546224514,-0.7937306575558836,0.3881736949531991,-0.3636710889047521,-0.32779343448718024,0.5613106126084124,4.570141657655703,1.7907163238690835,1,1
0,139,20263904,-0.7425778584537959,-0.5343927675723921,0.8058098999972003,-0.6889999446823012,-0.43719159784888006,0.8396031250872003,3.00245726882404,3.931298888923202,1,1
0,140,20263904,0.964443969075127,0.36774365896732564,-0.48196169484892337,0.6839738711330554,-0.012336711307765702,-0.6751727689056096,2.0939037724753415,1.2896519043009618,1,1
0,141,20263904,0.8096263643351342,1.119926594538471,-0.5549935991894479,0.20931549248336978,0.8590284809940983,-0.9636571802498708,7.323784295474631,9.909072560917117,1,0
0,142,20263904,-0.6102023671936543,-0.07626361695018306,-1.411694318579869,0.4487835155967872,0.25553582636547306,-0.7318494921911831,4.150722975999619,1.4368841217552375,1,1
0,143,20263904,0.20233089585818576,-0.03820623486855923,-0.5804557096178051,0.364621230026529,-0.2824204395286292,-0.47133606921292204,0.39835645665065167,1.248629318626644,1,1
0,144,20263904,-0.6023469704240583,0.24562915628008666,-1.0685459142468474,0.40510261304703477,0.3856488145673173,-0.41491066966014173,3.1900183378158555,2.2690202810589812,1,1
0,145,20263904,-0.018084259145751957,0.001423584628259138,0.714283091680624,0.17878233565484436,-0.44137428928775213,0.8529231344158301,0.6893347300844603,7.134490649122351,1,1
0,146,20263904,-1.0193430459997224,0.24241451892396354,0.8500419850113765,-0.7551875243750956,-0.0009950533992927498,1.0227441352939306,2.294707799714005,1.6026258900008796,1,1
0,147,20263904,-1.3420765982117295,0.13596026374077075,0.02119534882711349,-0.6963829348757891,0.009702641807586862,0.4325255327182496,3.5609308232998274,2.0690599822810354,1,1
0,148,20263904,-0.034239236084204094,0.9679958989485871,-0.41440160116007263,-0.03945019520834592,0.5689834429876862,-0.42790055081788,5.4965548790434005,4.434476624874161,1,1
0,149,20263904,0.755011502995206,-0.25229087498967934,0.46734808313717835,0.00546939033756999,-0.0070941820173353615,-0.046510763255201426,2.0636134488575144,0.008335870015498773,1,1
0,150,20263904,-0.1834823200382516,-0.13010012391504583,0.32810858987363645,-0.09327057146907336,-0.4945914472272392,0.3924011447389719,0.23521344137470077,3.2399766260844514,1,1
0,151,20263904,0.6125933937693198,0.392696441580085,-0.9811372347792009,0.4714655521722584,0.3081140481157793,-1.0755246652366142,2.074829551579164,2.663169644796028,1,1
0,152,20263904,-1.8717552986051729,0.8178202135727178,1.0893849410686514,-1.0162512787153837,0.32246888066175006,1.6338406011457698,11.034684533243432,5.134591283405236,0,1
0,153,20263904,0.1500355894607459,0.30607042111703864,0.8857168953771897,-0.2064641977724193,0.05235984054645647,0.6406357884006696,1.8211486494052216,0.9098146404271865,1,1
0,154,20263904,-0.21470350497774504,0.047563251558303855,-1.272140606768911,0.48716514052249593,-0.29941147059416673,-0.8154740664363297,2.4662310090089767,1.930926287238523,1,1
0,155,20263904,-0.6731983404327266,0.17577920532128813,-0.09853856379556447,0.015261720282943259,0.45954916633870496,0.35786354568468376,1.1292312574337944,3.5147838859644396,1,1
0,156,20263904,-0.9727528232349982,-0.15808213886195088,0.7024395308500289,-0.7572129027166632,0.04517886494099877,0.8431608506629659,1.807010929872124,1.5790330231980447,1,1
0,157,20263904,0.656141206902543,0.5638112118017322,-1.3756275167456629,0.6782781163699951,0.23601860142244435,-1.3652220785095777,3.884949250565406,3.1063774816446736,1,1
0,158,20263904,0.7007550454929614,0.2003030119853608,-1.6447834016220249,0.8800288398126099,0.2098609188433274,-1.5267198366854473,3.3793548895779657,3.5255020213592667,1,1
0,159,20263904,0.26546098922211314,-0.5386183053041889,0.182969653030856,0.5769977232165395,-0.349364671495418,0.3942672042941588,1.8068772624421563,6.928355431495556,1,1
0,160,20263904,0.8719530562992865,-0.6656731213111375,0.5987748138879212,0.0013480642115659691,-0.13626609539330328,-0.007351058133882396,4.709504014266514,0.22520762132921734,1,1
0,161,20263904,-1.1082177500325052,0.2777670329784681,2.264567377968799,-1.4713452242281697,0.08199918560823047,2.0194165261733406,6.839977754836904,6.233292901107328,1,1
0,162,20263904,0.798550194667925,-0.7972588249528392,-0.5791285728263773,0.45981170803337434,-0.7173349800797578,-0.808764069036984,4.24200940284293,6.768610494656532,1,1
0,163,20263904,-0.26604932092966393,0.5449403600247575,-0.10994160867061709,-0.3905061282389184,0.41201207395257106,-0.19324982204521107,1.9103999843504422,3.977450148305251,1,1
0,164,20263904,1.2815947246180706,0.1640185451883814,0.2681002896020459,0.3329913051946285,0.21803729638459693,-0.38817286184753796,3.4932978801607226,0.8792194534468223,1,1
0,165,20263904,0.554132566893113,0.2277391427307158,-0.5833856933334154,0.3528242963025292,0.2990896698083278,-0.7171095558520437,0.9119313595590781,1.6710027194877957,1,1
0,166,20263904,0.2364383197167541,-0.4187269005133822,-1.0785985834695673,0.35880695012780706,-0.2360598835805408,-1.0005051782917607,2.2867547199248897,2.5592959546385963,1,1
0,167,20263904,0.5727732185230288,0.11401465275439017,-1.0243648995701342,0.6288506594102223,0.13454529717761862,-0.9870236202337113,1.3999878683875129,1.5147062079249822,1,1
0,168,20263904,0.1472213216088214,0.1842270692270752,-0.14150919946451168,-0.22847522307330692,0.008905582313582745,-0.3898299915436358,0.22920862077654758,2.0794353042592597,1,1
0,169,20263904,-0.6812153526200504,0.14993097076923498,0.008688484183945633,-0.4241968040655948,0.18150238743068586,0.17598820736302798,1.0033411054622006,1.2749625403913563,1,1
0,170,20263904,-0.8034142733415699,-0.3478648997709579,-0.9643928644302697,-0.05328774263966096,0.09121713196690776,-0.48842189166401134,3.9849653312401916,1.377631001736891,1,1
0,171,20263904,0.08562488712535199,-0.02665608440378211,-1.388027822851722,0.7137437832570193,0.07028502621570698,-0.9770425876016677,2.3762726932082234,1.4991430150010085,1,1
0,172,20263904,-1.104273628706835,0.05895966573944137,-0.03968729997229303,-0.8823915867174428,-0.14695426782172227,0.1013343927187909,2.3997135015147646,6.93273010184532,1,1
0,173,20263904,0.8007890082615781,0.12102200573142446,-1.3342372741420903,1.0443676416780328,0.030635791965656977,-1.1713894264780627,2.406364225085231,2.8835499628887913,1,1
0,174,20263904,-0.44289471920705736,-0.5970217705123384,2.3816318106690986,-1.0902720607821585,-0.19039853175268126,1.9287157639068249,9.424663873148274,5.522363007732328,0,1
0,175,20263904,0.6223683483454643,0.43249714459913596,-0.2759372604854242,0.2778999575239105,0.07029098506914414,-0.5107093737061934,1.5615749172394773,0.40281878727420944,1,1
0,176,20263904,0.9358251709332279,0.6107523277156328,0.0018491345644484625,0.532646194538895,0.5826691241490985,-0.2760927232517183,3.3953752741207297,5.627612908488892,1,1
0,177,20263904,-1.3438572443538703,-0.22525074798932057,-0.023951756757032427,-0.48351523855556167,-0.24870698978125516,0.5282342549905111,3.8590468070094412,1.5057642298553966,1,1
0,178,20263904,-1.7609686153810387,0.269929050543073,1.6831569031612297,-1.6254777886465668,0.28374945767332177,1.7710229133673772,6.7489808548428885,8.392492281349924,1,0
0,179,20263904,0.6681680758928756,0.05051449484233675,-0.7862398047563346,0.21499504005587156,-0.11254654872418164,-1.0855203003218026,1.0521327436033436,3.351156978896676,1,1
0,180,20263904,-0.6386862039275911,-0.04087380194641916,1.0986425590559925,-0.7825056527293448,-0.18954406284047093,1.0034039032152648,1.5724363269349861,2.2038710471605607,1,1
0,181,20263904,1.5123920499212105,0.4316784662439135,-0.06494898526763748,0.5087063576105706,0.2917677427670755,-0.7600124066410369,4.698705377552647,1.7622761952803236,1,1
0,182,20263904,-0.1952241271589621,0.5809175531451485,-0.3351158709238753,-0.15424321475621028,0.41369999311031563,-0.31106512121594165,2.232994672448971,2.881699031152367,1,1
0,183,20263904,-0.7415581825373216,0.3985763793992241,1.621319935348481,-1.0414208822697049,0.27002969675869576,1.4186210304630775,4.202733881436725,4.018464495507956,1,1
0,184,20263904,0.2752575287656214,0.16711256084980722,-0.843499469851583,0.7901405083995989,0.012035631947814906,-0.4992689921426737,0.9696135675801234,2.4139597630866887,1,1
0,185,20263904,1.0272694308542007,-0.12325669449193236,-1.381686884686392,1.0678732206031256,-0.11689878030370368,-1.3544666115443595,2.930985825631898,3.1555014649200865,1,1
0,186,20263904,-0.6842557965598068,0.7643435256980784,-0.32369965123351463,0.038785448947052714,0.37064665115492235,0.14169015942007382,4.862514049359344,1.9421288261534762,1,1
0,187,20263904,0.9808744773054983,0.18362372081718242,-1.535062228359422,0.8830697135325742,-0.03852249978203422,-1.600425485143756,3.3548823056805173,3.4759004080047244,1,1
0,188,20263904,-1.459449868428159,-0.3636414885478449,0.33450645342057683,-0.8547885517104383,-0.25488604431572975,0.7199440997430789,4.627106333614254,3.5207851530963925,1,1
0,189,20263904,0.617259900299512,0.0010249146509299465,-0.30157799976373667,0.5845300704583032,0.09385725302114344,-0.32367649650257446,0.5915211786949618,1.6414319975752782,1,1
0,190,20263904,-0.23154565572924568,-0.2017083155741064,-0.9842599598381838,0.5232856165448361,-0.46843619688416294,-0.4865900122053304,1.833602465089223,3.0943592072515105,1,1
0,191,20263904,0.10394942834127718,-0.05957622615309533,0.020991906810714056,0.2855753636914713,-0.7158162694794006,0.15211350461121878,0.04249277501907818,6.824045069983723,1,1
0,192,20263904,0.33303870309624983,-0.8179467230355252,-0.22593769559558652,0.7276049008382905,-0.4054112086446717,0.03483940222553628,3.7601970314823623,6.133592558193804,1,1
0,193,20263904,-0.11520040910949803,0.1491482536947983,1.4350952507447445,-0.7397078288613734,-0.12084892058672105,1.0102119779763856,2.8588133929810047,1.7605282612323365,1,1
0,194,20263904,0.28073336991943876,0.36802431759240994,-0.3417474697634084,0.1649350408542105,-0.071455905525446,-0.42097132238063045,0.9198122103123876,0.37750807592602126,1,1
0,195,20263904,1.0135467764693011,-0.036621751381008115,-2.0895124524221487,0.8262181738920127,-0.0966638341351338,-2.2112805029864644,5.281645012551967,8.370320735163837,1,0
0,196,20263904,-0.42332008894518225,-0.003886213459573791,0.24929355747979187,-0.13833137494836123,-0.03528600422271831,0.4388128290310126,0.29322823932508085,0.405358007852061,1,1
0,197,20263904,-0.0354813379768153,0.7635954667528109,-1.110414969725472,0.4348523208452342,0.475406515549185,-0.8093136263656506,4.885811131032168,3.334458452889175,1,1
0,198,20263904,1.442342391860123,0.13828602378657748,0.16207519442485463,0.7839971544062436,-0.18132672690790513,-0.29996005176144525,3.9999588355718236,3.4072416298421273,1,1
0,199,20263904,0.11438347462282294,-0.1643035843436891,-0.01883158697037146,-0.09930866719752984,0.1388221130362203,-0.16104844996343606,0.17129231403862957,0.5459111375470503,1,1
0,200,20263904,0.5693359605247679,-0.8274287120125312,-0.08651686986043217,0.2932867828179866,-0.39258266993678465,-0.28215821237341615,4.0859681905662475,1.956496809957283,1,1
0,201,20263904,1.0324475718580857,0.4812716679845065,-1.4759684020970276,1.1159846588535274,0.30866339705703255,-1.4221576352167893,4.232076395596321,4.437361748659795,1,1
0,202,20263904,0.8258326743868878,0.1365307844404779,1.1003439083060016,-0.010008135535674256,0.2246181947178003,0.5165502677230556,4.159191127439091,1.9846041136716908,1,1
0,203,20263904,0.5711285117860463,-0.8084115370087407,-0.4492325066236269,0.9448675265337734,-0.5723032257299849,-0.19876747361691738,3.9388225878804137,8.596905286140506,1,0
0,204,20263904,0.5839870502445983,-0.23068156910064902,-1.4230067180579127,0.531098298337195,-0.16042132846397736,-1.4580253463844415,2.6387849529958656,4.114814869220446,1,1
0,205,20263904,1.079406969859324,-0.6312093537631804,-1.0447561304925728,1.0523235028634765,-0.508718717315775,-1.0653760722762058,4.181449912767651,5.406955860584962,1,1
0,206,20263904,0.36107299088932976,-0.07454547439853175,0.4160377025871078,-0.13993533951908077,-0.3499077175875953,0.07935365479597915,0.6822571164960446,1.649043036109585,1,1
0,207,20263904,-0.5286949321795689,0.7572290967109404,-0.1707444789787722,-0.17292336590765345,0.47386586130521,0.05602880458515658,4.123682277252355,2.788612804552635,1,1
0,208,20263904,1.7750802150848912,-1.2428516247598609,-0.45855397242350193,1.0538918278882363,-0.6682698320061807,-0.9791768065774743,11.569354612765999,7.397660800428189,0,1
0,209,20263904,-0.015580446713290286,0.41990540314882413,1.0520248856852596,-0.2144859021141734,0.4083023336452223,0.9155485146291235,2.5372000223188556,4.7284714346319765,1,1
0,210,20263904,0.0735114836850066,-0.1398050330749103,-1.5606159016265053,0.7630318021307936,0.23111453592799544,-1.1107867849535198,3.12003890505996,2.340758075567294,1,1
0,211,20263904,0.4365933431168294,-0.39136009757211554,-1.7680584943509956,1.0609026022170447,-0.008298321420075782,-1.3600926028430043,4.3537092990412205,3.0245068125707517,1,1
0,212,20263904,1.606515607503912,0.5580214977786825,-0.8406306197561442,1.1058166726625522,0.2230420598427717,-1.1896160668652813,5.311823406036852,3.8905686626847373,1,1
0,213,20263904,-0.7002606650772556,0.2559741981406955,-0.7006235149956019,-0.1268650183712694,0.10824625931462016,-0.3334886117132929,2.4926956773840128,1.1467945395762877,1,1
0,214,20263904,-0.5037522640480212,0.12092257228268098,1.2411732623666403,-0.39719430456904803,-0.14826815990915784,1.313828246208755,1.9250884271304043,3.9944771695629635,1,1
0,215,20263904,-1.5613946059172612,1.028598507203125,0.1196579979310215,-0.8957141946696261,0.6076097975519992,0.5291315955438636,11.99535348258563,7.707928063440776,0,1
0,216,20263904,0.7953087529892535,-0.5003146959643018,-0.23952097574869669,0.4811259730835076,-0.6517905536412157,-0.45032768965215764,2.241679073350662,5.276390657193313,1,1
0,217,20263904,0.46929171198533126,0.4186687992648695,-0.23061025701942484,0.1311574845077672,0.07759526349905597,-0.45960374186280195,1.265205939535759,0.4990545445010889,1,1
0,218,20263904,-0.9875737244750766,0.1651073646042325,-0.21347323249143102,-0.23539371444936208,0.07410644859146955,0.2727668482819111,2.3228967971009076,0.20806236428100894,1,1
0,219,20263904,-0.5242126310441471,0.1135040036496067,1.3071612638526595,-0.32760056887781275,-0.017002625356725302,1.4413831759799192,2.114382074253698,5.698250947859552,1,1
0,220,20263904,-0.1315133628759817,-0.07310635449580781,0.18591807912337188,-0.22739501330406142,-0.030856768726923927,0.12216994463139991,0.08063464826739175,0.260537707989667,1,1
0,221,20263904,-1.05337833684343,-0.46928261697196055,-0.555233920956848,-0.36819863688529963,-0.014610112860134554,-0.12323350356399539,4.575548592546742,1.8114652989785953,1,1
0,222,20263904,-0.09680234034312107,-0.3656121501356717,0.14233108763585633,-0.3934170209822163,0.1401350567997875,-0.05517543720739443,0.7922023377662885,1.775911706140357,1,1
0,223,20263904,-0.22840221387140858,-0.8341466925199038,2.040437488926937,-0.9919938225119118,-0.13326636674486406,1.5039149533537313,9.663523973028749,3.3667029498146177,0,1
0,224,20263904,-0.3871952510077925,0.23833374846792363,0.39578810856841784,-0.3888126811927002,0.12854479656918813,0.39403652786958837,0.6484606883125034,0.6011416625496862,1,1
0,225,20263904,0.048978485022196594,0.37549634801874426,1.628627037527803,-0.7396378620165223,0.10373943714887043,1.0852107564439197,4.71109420611689,1.8013296894753488,1,1
0,226,20263904,-0.7462950290565153,-0.31330258373656744,0.4001828558405016,-0.60688126798712,-0.3555318627501605,0.4918141118201472,1.528968260562298,3.1038634181229816,1,1
0,227,20263904,1.5175519314179304,-0.09739536327555064,-0.8449905806445379,0.782741893201937,0.009191776372068037,-1.3449449695146667,3.574004516580687,2.4188863178800726,1,1
0,228,20263904,-0.5465784462332053,-0.3805618587510951,-1.7013861470150289,0.5882308287966715,-0.1116359911956795,-0.9785514521336252,6.007472161225275,1.4358004807680969,1,1
0,229,20263904,0.2422251480022588,0.35540273621479174,-0.4485658444869607,0.0036143755320274806,-0.06763132684374588,-0.607842150594224,0.9353659964356017,1.7112627532163796,1,1
0,230,20263904,-0.7037137730961263,-0.7669732575062455,-0.6756293132854232,-0.3382560275303099,-0.5607593112334903,-0.44717594776934827,5.656177441370518,8.047127170890123,1,0
0,231,20263904,0.41572836794415124,0.18353601437013473,-0.4831720620368678,0.21216589465102942,0.09324278010556505,-0.6189329046492023,0.5754173968352574,0.7792901931264227,1,1
0,232,20263904,-0.3702714698331455,0.0011212884956316935,0.29449697571728706,-0.17062882233186372,-0.1694540328888728,0.427876371747511,0.24321137899461315,0.6290405016854983,1,1
0,233,20263904,1.4809157489370115,-0.42142704586474405,-0.8044973617051561,1.1208011587460014,0.2508927401985169,-1.0543595256865812,4.164547706960298,4.396132636221794,1,1
0,234,20263904,-1.0697389809300404,0.21331679711899987,1.1014952015190431,-1.0068521926085232,0.5369350374749026,1.146995071831373,2.691655560528788,6.418570672547857,1,1
0,235,20263904,0.14239860844446994,0.1071973745237165,-0.4438333886466772,0.26487147192195337,-0.24824052278273698,-0.3616215273546806,0.2910516815142404,0.9025804717725785,1,1
0,236,20263904,-0.93185534857869,-0.32862649901314056,-0.30235729800141087,-0.10863718633629915,-0.1656134029602964,0.23019675727298552,2.7688446508107534,0.39993560204011086,1,1
0,237,20263904,-1.3645131612532637,0.27261698326797895,1.0162846111632362,-0.8808842532356991,0.05439629036122117,1.3317616924128,3.816032906923149,2.4934895586310137,1,1
0,238,20263904,0.47084896367661955,0.37001330501242324,-1.0044348049398089,0.4963653311802041,0.26650758547576764,-0.9886355379284665,1.9245714304364288,2.0710870274819086,1,1
0,239,20263904,0.59520201526718,0.41870297764931913,-0.9954968610351642,0.4761225323141929,0.005672533541733139,-1.0771116010407058,2.1936621787813735,1.7587262512446298,1,1
0,240,20263904,-0.5654119504826873,-1.1032868064038543,-0.20177992524567756,0.01662501327549748,-0.7297427043087229,0.1693070528336697,8.146070013878186,6.4316658704810425,0,1
0,241,20263904,0.9954725056092748,-0.5355894739029617,0.3981259353935087,0.47493339760120534,-0.2598746111714716,0.03206355226236643,3.8556969625956365,2.6696195094522914,1,1
0,242,20263904,0.7917837230422364,-0.08318669999692842,-1.0698815973197533,0.866263013451384,0.26510083217341546,-1.0188897237692185,1.742302062845735,2.8347345641521327,1,1
0,243,20263904,-0.17033352752993025,-0.04758938450769127,0.5572571763293332,-0.4876776511630325,0.12880111133221644,0.3462359134445709,0.3776684499981111,1.0374058720930934,1,1
0,244,20263904,-1.255714383059967,-0.651018739546715,-0.301737067710917,-0.532115473725856,-0.35939075243742435,0.15306397656024515,6.402970896249512,3.803286804138302,1,1
0,245,20263904,1.2373304480373157,-0.0517928744176631,-0.9664011703624666,0.9466109420418292,-0.27653407075414305,-1.1626044158935747,2.6281804865521563,3.0942491692021354,1,1
0,246,20263904,0.9675480453183241,-0.225265095416479,-1.0756906786191784,0.9747038988690129,-0.6381805190655214,-1.0651227871621898,2.303774474538444,6.540820363189405,1,1
0,247,20263904,-0.02846627697231341,-0.15870795889756073,-1.168785825024628,0.5054365618751966,-0.20713625926220236,-0.8198756113081499,1.9460189907759853,1.4024587780313997,1,1
0,248,20263904,1.9847480567966933,0.13870381173952281,-0.6550611058073805,1.1570907566454522,0.16358685748306867,-1.231906288131942,5.913578450812148,3.9259175711739775,1,1
0,249,20263904,0.18548519301827682,0.39322260358295946,-0.5095712600396638,0.4217562800124668,0.5180656647731577,-0.35005494586467734,1.1435442770515865,3.8713713572520216,1,1
0,250,20263904,-0.14378982888107217,0.2025957312852839,-0.2882553423802996,-0.20215660946495362,0.45083949799438716,-0.32376436137984826,0.43000777432372617,3.5630074239286937,1,1
0,251,20263904,-1.6750561164206488,-0.050795738561575314,0.40038759548579606,-0.7421605788303403,-0.15454821317171544,0.9990533025342068,4.928119140585377,1.88762975899109,1,1
0,252,20263904,-0.8135605572182385,0.6787807104022878,1.3721442850792194,-0.5646679672549126,0.3176025896901732,1.5342078537340431,5.424668862242447,6.227004556077871,1,1
0,253,20263904,-0.5787587140086714,0.6346591501354629,-0.3832097126409195,-0.9009500075636474,0.5934510483319797,-0.5875942495012354,3.5095149819995055,17.343439248854214,1,0
0,254,20263904,-0.7751866984540356,-0.7914207478066722,-0.2809058798301045,-0.18107648017938516,-0.4464414909022415,0.0974250445898969,5.389990284303148,2.7072173364154573,1,1
0,255,20263904,0.06188321544042097,-0.26962378992944935,-2.049546909495369,0.6938997696745233,0.4257098770561905,-1.643427963470572,5.580937962938701,5.767244946586659,1,1
0,256,20263904,-1.4417012805472247,-0.7603049271116634,1.1321807801547266,-0.9628840970563246,-0.7716309649233559,1.4459751893750323,7.824067399053559,11.160181241006368,0,0
0,257,20263904,0.09726097497489761,0.38095366372840533,1.0195001787749227,-0.20495727986683576,-0.13457852844107807,0.8100599098742899,2.412899101504018,1.7641833693539009,1,1
0,258,20263904,-0.4176894103462665,-0.2993760727870077,-0.6872622620472768,-0.269155541831946,-0.18652658078475903,-0.5928681042980143,1.7838033463774277,4.542498121881666,1,1
0,259,20263904,0.8215631210164354,-0.2660468950136583,-0.18244059004297242,0.5805062928000808,-0.6123954711818259,-0.34230802484354295,1.424886727370938,5.218183543675329,1,1
0,260,20263904,0.04159516110721384,-1.0427080920001173,-0.010469622451658722,-0.1945999286854736,-0.4051855798835701,-0.18216420224515228,6.062782366414431,3.1282470416957477,1,1
0,261,20263904,-0.5807571244811811,-0.6612123710707735,-0.8996965254769727,-0.19970282094016412,-0.21256466135108631,-0.6633078655771054,4.870747218539163,4.4829592736217645,1,1
0,262,20263904,-0.3506107142414052,-0.15322691619665096,-1.4011190417570774,0.5676113969063294,0.26879919755187737,-0.8067101225579837,3.381692626735524,1.7659100282174711,1,1
0,263,20263904,0.20948962987467823,0.3110387085413672,0.6449532797290907,0.03703828339873283,0.401508518365075,0.5280660904988829,1.3524541038170628,3.8819881501755122,1,1
0,264,20263904,1.3270411980633874,-0.9114390552338055,-0.9009216304375975,1.2347707749621613,-0.5923918217859132,-0.9721483719290241,6.699588726092238,7.845635044833262,1,0
0,265,20263904,-0.3467205945984482,-0.33286651591591054,-0.42215810830962397,-0.09291470802206447,-0.44031898589907653,-0.25531299705368604,1.271489205805993,3.1865538829194633,1,1
0,266,20263904,0.1881380233417893,-0.2935298719009404,-0.31924525094481027,-0.06336130757136615,-0.04906758314351391,-0.48658336539392066,0.6027180538931107,1.4747626774778662,1,1
0,267,20263904,-0.40869505478551815,0.13063241960724514,-0.30768446764859547,0.03642499865434701,0.16535060682121314,-0.015102769052514696,0.6778388145366792,0.34571788666261016,1,1
0,268,20263904,-0.17992844640229322,0.137765732872259,-0.8243985118484112,0.33622952409397655,-0.43928556056479423,-0.483479678992093,1.2162359437491537,2.5436893539733285,1,1
0,269,20263904,-0.7724780586229443,-0.15569854479873188,0.16875598605850683,-0.5795438653958485,-0.07563371790500051,0.29368584924502966,1.1633805980555387,1.7891255096558156,1,1
0,270,20263904,0.5169597611034931,-0.5785981848315476,-0.23119569070227186,0.5171283602977077,-0.20632806255743805,-0.2359139138656991,2.162571723579045,1.6424650607514506,1,1
0,271,20263904,-0.24498393826039333,0.40091430639135023,1.0260985998024097,-0.9334682383713009,0.21694281019772052,0.5665382076708441,2.2130140410549908,4.203528006568986,1,1
0,272,20263904,-0.6712386881170325,-0.3928464152764033,-1.7117728095046871,0.23308822603265966,-0.09850227606587567,-1.1448916287463073,6.6181293323630275,3.5970746248790957,1,1
0,273,20263904,-1.0177332447967657,-0.35522793495366645,0.05784786450918844,-1.0207257431826342,-0.09726128339340238,0.05400231068743149,2.7278051264529837,9.597996335803439,1,0
0,274,20263904,1.304533355155776,-0.41630055147475664,0.4949131560123128,0.5503828904950545,-0.17273081150760228,-0.03761868785692767,4.901743320008257,2.595891565307841,1,1
0,275,20263904,-0.06540040779435685,0.04584263779743186,0.9377575804564806,-0.2683137618891891,-0.24076418395489094,0.8005673659584331,1.1672802627045624,1.8899517770400127,1,1
0,276,20263904,-1.960602190031146,-0.04687221329920105,0.5041729176259153,-1.1223402281816064,-0.4426626197133476,1.0368526378173608,6.791786402078421,7.075489116756366,1,1
0,277,20263904,-1.4906691321679588,-0.4734240239247844,1.2414177839333753,-1.103782630933015,-0.08208059619956361,1.4903215779291459,5.710677318952315,3.538367265984255,1,1
0,278,20263904,-0.28894524735074256,0.20032829688332618,0.8342422094649145,-0.23313700705603324,-0.0661995544901485,0.871423343968109,1.0575783782874908,1.8306559954422619,1,1
0,279,20263904,-0.15491569538128758,-1.0173163179028772,-1.6492143922945672,0.4935675765663241,-0.4061537261987443,-1.2471403961256813,9.571072884861351,4.6333705903445574,0,1
0,280,20263904,1.6424694921785914,-0.1304215989393047,0.5799334478080667,0.6679295401574237,-0.16687066197727798,-0.11250282583121997,6.329034295642965,3.260122184573658,1,1
0,281,20263904,-0.7458074991190067,-1.2456013229809098,-0.17916456067189657,-0.08906732626034497,-0.627805801592958,0.23058636632258017,10.866601207946813,4.843327900437748,0,1
0,282,20263904,1.4812596053245954,-0.6458631602832265,-1.308678575547848,1.5347957495782296,-0.49727293091291264,-1.274595271698367,5.891065326379346,8.908064235241577,1,0
0,283,20263904,1.4895606645517212,-0.007047199750603972,-1.4341517084114273,1.067881788582092,-0.3200136683310853,-1.7167006577896922,4.295274247601999,5.075155961058121,1,1
0,284,20263904,0.7253052146326304,0.8120505050794938,-0.2953592659954012,0.5378093074613055,0.016549371019880348,-0.43360971542069593,4.151584247095875,0.9406853116768661,1,1
0,285,20263904,1.4389435226090406,-0.498721166240008,-1.3214792431175404,0.8970924029061322,-0.032240229761323805,-1.6894710625291958,5.0089564941129785,3.9045252302863895,1,1
0,286,20263904,-0.5783091138613337,-0.11320829345193006,-0.44674770242414397,0.3577080658940339,-0.1360437111649433,0.17107778548102687,1.250835772446377,2.0085295807368353,1,1
0,287,20263904,1.702694532082134,0.654763981555683,0.20149308830057677,0.29183549609870596,0.07126252416852032,-0.7834826533225304,7.3589091316989315,1.0951948226661334,1,1
0,288,20263904,0.022521791948705072,0.1372416179382616,0.5269357173580289,-0.515391744557725,0.33368380975786277,0.1701416425400131,0.5027273434687446,2.7351630680305,1,1
0,289,20263904,-0.07688405746318594,0.4699329794190774,2.0426622685997273,-1.2463398190628077,0.4738905271430094,1.2451753009061797,7.152287017883719,7.272273423812643,1,1
0,290,20263904,0.7499369665615419,-0.167497127889092,-0.329358555472826,0.36226226725541366,-0.5234736308364205,-0.5869613618700569,1.0074710638672635,3.626783844066841,1,1
0,291,20263904,-0.007053646063710062,-0.42433887501166473,-0.0440685784483108,0.17671678451658934,0.05208952529218687,0.07607302007475435,1.0161525204200708,0.5082629533886771,1,1
0,292,20263904,-0.34836564363087774,0.9066458352475322,0.345334996506363,-0.21967564798492134,0.7107759077988978,0.42566143282551333,5.112122455200302,6.69114713475274,1,1
0,293,20263904,-1.3234588081334344,0.43575409395622255,0.11240338635134606,-0.3300154733475722,-0.158949441701173,0.7538372161936264,4.511078168965922,1.1695339382106704,1,1
0,294,20263904,-0.44985074333717634,-0.13311979082363382,-0.7049440239440941,0.2113887791204654,0.23813401460949343,-0.2731348072490583,1.4750198974674098,0.8024683502414931,1,1
0,295,20263904,-0.10539105926648418,0.18641380660335563,-0.18749288584188406,0.5389085695555877,0.0658236371541382,0.24661594044253624,0.2877356522422614,4.420655397478267,1,1
0,296,20263904,0.745522825585418,0.5406142570296565,-1.4042253442483066,0.8099359350102979,0.2642146524607574,-1.3651253494077054,3.912303913478143,3.186704434034011,1,1
0,297,20263904,0.46821138186424704,0.34885733645247086,-0.4720370728702221,0.20942449885329495,0.02282852962149865,-0.64625621058594,1.0814631154392966,0.8127492697192926,1,1
0,298,20263904,0.7250187326374657,0.8071861032760913,0.4601306442827173,0.17407821571105941,0.5237430329042976,0.0748585864445906,4.966835249311114,3.9870911953219483,1,1
0,299,20263904,0.3178437382698256,0.6207171665406348,-0.12879037599671506,0.0377897367871185,0.16037120976109612,-0.32169826445371164,2.226964212002638,0.5897783381720071,1,1
0,300,20263904,1.2888436034751578,-0.31079694725900564,-1.2686966561292508,1.3751933633387132,-0.37588709710656504,-1.209015885362425,3.7259676019559764,6.513468748632562,1,1
0,301,20263904,-1.6957159285412047,0.15853533321111996,0.33392309069134285,-0.8343141675144068,0.11371051204794105,0.8827952758369463,5.290960293858155,2.065532531694253,1,1
0,302,20263904,-0.41132166226457656,-0.035862309365518576,-0.21605804735805378,0.04224908919811199,-0.11269578428773126,0.08306007764488939,0.48422697506449575,0.21486261767293785,1,1
0,303,20263904,0.1271981734343548,0.4246129938367186,1.7470888767153525,-0.453258915354553,0.07188903631901376,1.3393802277686155,5.738130672196295,3.810591125834645,1,1
0,304,20263904,-0.6769330805529634,-0.06590112205492533,0.5078319470444015,-0.41312553033564114,0.1302397446683599,0.6825886074696804,0.8270522396648415,0.8579178563359493,1,1
0,305,20263904,0.6254557659691251,-0.15727341961453822,-0.24588462607946937,0.5298171774909406,-0.45282744537984915,-0.3079082029735857,0.7320100872181396,3.2150666279275466,1,1
0,306,20263904,-0.25962079970631535,0.309993797070357,1.2693023436932265,-0.49735770865164497,0.30338468076859654,1.1073269851908991,2.540208428367615,3.3245549333494435,1,1
0,307,20263904,-0.34072237366818925,0.45009840662539047,0.03307553790536133,0.35791204696174717,0.10083562385585287,0.49997345543467275,1.399128509235682,4.540850149300844,1,1
0,308,20263904,-0.25938292044767053,-0.1120328773045785,1.2548718245224322,-0.7594951214471806,0.14916647539339678,0.9179151713849968,1.9962834670985334,1.8038647961864185,1,1
0,309,20263904,1.0422710523776821,0.348049049140196,1.166716512940198,-0.26213148926803953,-0.017666532452450683,0.25654852318034477,5.9811544145448,0.20566958384626338,1,1
0,310,20263904,-0.8033300652638324,0.08892378905642986,0.8445069379901113,-0.9815699117174717,0.46780233434490354,0.7315303558596222,1.4158960520370267,5.99881443982791,1,1
0,311,20263904,0.06825703628693347,0.1257667862975631,0.5571033660546618,-0.13956716198274322,-0.05572518150109705,0.416304976624389,0.5699184155398137,0.3655129015881496,1,1
0,312,20263904,0.7653609160159398,-0.10350231761657396,-0.09861786037906128,0.6598982473200223,-0.1792748387410966,-0.1707506168989263,1.0207124419735178,2.897992964319146,1,1
0,313,20263904,0.7245775164052013,-0.3506810976588663,-1.1621118620213302,0.7941345849077663,-0.00689535173492182,-1.1177151418873472,2.4221383128191922,1.8246662180148112,1,1
0,314,20263904,1.1509865298511919,0.510320241282997,-0.6188464603102553,0.8183366445480296,0.019232401747461995,-0.8502009409349147,3.2855047656944425,1.813768337690336,1,1
0,315,20263904,-0.40213027316054806,-0.18272020189850094,0.9752058851430121,-0.5857316093412592,-0.19260559068933297,0.8521415266852427,1.3335649495515738,1.525292099188416,1,1
0,316,20263904,-0.2772909549693985,-0.4900442345242059,-0.8119988346123712,0.1323201066695141,-0.22685170122164666,-0.5490238189470282,2.6342247024323546,1.436190649901747,1,1
0,317,20263904,-0.46647991672137934,0.517709053124433,2.1833482574279266,-0.6634576299048547,-0.1273888321658861,2.0415588366837976,7.6031917841561505,9.101565706318354,1,0
0,318,20263904,-0.08908676428367812,0.258869334165094,0.13357436762249364,-0.18938578018235575,0.34008742846316714,0.06776390822508656,0.4072829256860291,1.5185528527876484,1,1
0,319,20263904,-2.0257490347696354,0.15531693937771066,0.5752051398374505,-1.1507290243229207,-0.45069664378627744,1.1310161959772471,7.385779514661084,7.177357393008551,1,1
0,320,20263904,-0.5787867939916751,0.40340408154986146,1.0906830651234714,-0.7228820670985385,0.10731930459549952,0.9917928188594726,2.4983247730946525,1.6204981824142093,1,1
0,321,20263904,-0.026943942046845137,0.15108129376221663,-0.8862749217797194,0.2990816610984304,0.2952580774225859,-0.6719398918767693,1.1810460484725778,1.5925223696621207,1,1
0,322,20263904,0.23058795253658815,0.3278635997247919,-1.03228536576907,0.3505404155660301,0.11500785023851973,-0.9552773877667594,1.8105608502774349,1.6839285783548872,1,1
0,323,20263904,1.2029438391402962,0.5678240939801387,-0.7675904921992824,0.5560877444075913,-0.003066586217158681,-1.2086378686246269,3.826710276137618,2.153199029980681,1,1
0,324,20263904,1.0921735390873586,-0.24943325039892988,0.7932257089308727,0.039143893743386116,-0.23851614026907406,0.06083692519530177,4.344439732195074,0.7020960837445049,1,1
0,325,20263904,-1.0177338117808254,-0.19196146188116775,0.2741251416514494,-0.5275601704777486,-0.013181233652117234,0.5922670047025684,1.9860421938093802,0.7627464105643511,1,1
0,326,20263904,-1.2249586777068195,0.052143777685631054,-0.9336108604299653,-0.21240002672021774,0.013122021226688076,-0.2959387724246703,5.200976110939877,1.4565433306937838,1,1
0,327,20263904,-0.19702301129353827,0.37652999971965373,-0.5800657036483479,0.03765361422901847,0.30761800751461027,-0.4275850078585192,1.4536403514839513,1.605715667740966,1,1
0,328,20263904,-0.8205267819186837,-0.30531551738396057,0.18149431497812785,-0.33558061073310697,-0.044966246826672614,0.4975036611868846,1.7326262515203767,0.3724084600028036,1,1
0,329,20263904,0.006498491924141092,-0.009901734446951378,1.8363343622005743,-0.6335554501865452,0.014102794935570455,1.3924354392943392,4.876783650293214,3.057221549966469,1,1
0,330,20263904,0.4089236859045364,-0.27514573222621963,0.7070070278262435,0.03340875881421823,-0.2799618051001541,0.44896833047991624,1.7552396569174382,1.871684913086587,1,1
0,331,20263904,-0.16591555452782814,0.006282391872411277,0.7450179914723236,-0.4173065928032287,-0.37994833548012835,0.5786019527445314,0.665490433567067,2.3695961943805313,1,1
0,332,20263904,-1.4444851787583737,-1.083319130850643,-0.25169324203373833,-0.2330271951872973,-0.779027461504382,0.5160093286243791,12.593790439902655,7.854046282613762,0,0
0,333,20263904,-0.6578758425019409,-0.05585951816495508,0.025525963372647453,-0.5718695687267434,0.355946840062656,0.08326468671689123,0.812201619298861,3.726327675960919,1,1
0,334,20263904,0.3819475964726635,-0.5219390705728142,-0.23526767151905403,0.2907495070974271,-0.09276547648050541,-0.30089855881883254,1.6835173577493643,0.31405050121662464,1,1
0,335,20263904,1.2639052185892865,-0.12208037644931748,0.28911215816369307,0.1872616077246434,0.03963490286936539,-0.45288678969250684,3.402455282519263,0.34120321637933254,1,1
0,336,20263904,-0.07109132354055347,-0.31009073929437325,1.0727602757711487,-0.369249746824984,-0.17507619119400408,0.8684750854354759,2.0779622644467883,1.551885995300428,1,1
0,337,20263904,0.23680497385926813,0.40612245375298056,-0.4854422364514228,0.17862727644023124,0.367727549309928,-0.5244685461608386,1.1783397178660924,1.956594450050968,1,1
0,338,20263904,-1.1033489755467514,-0.1847279179509745,0.056248086331930125,-0.48552618828074046,-0.19936628985941166,0.4552642767124168,2.4800640189593826,1.295986591428119,1,1
0,339,20263904,-0.3923807965873749,-0.09698047600475296,0.4729724821628274,-0.017939991425617308,0.04493710285024613,0.724946709527594,0.4250782700670137,2.408958065236065,1,1
0,340,20263904,-1.8112195470447894,0.17386649607617072,-0.023877236899931376,-0.6911444526342834,0.514289791393315,0.687905980654908,6.6976761550300425,4.573082166125318,1,1
0,341,20263904,0.3017241166049125,0.4085705070446279,-0.8482417635772528,0.7073822242820107,0.12751881104895635,-0.5798796462709187,1.7226936051633692,1.839609015000334,1,1
0,342,20263904,0.6670912315176913,-0.06611625163735246,-0.4440751033449466,0.5321941085428463,-0.30073569997126276,-0.5338061568758254,0.7469908225197215,1.6972367814276867,1,1
0,343,20263904,1.3021219078328379,0.6851577463480251,-1.8034387888206638,1.064148164617567,0.5694817808416979,-1.9638220113015896,6.927398229779364,8.240023469664443,1,0
0,344,20263904,-0.8065093528673479,0.19185959195081664,0.42505632723901954,-0.6087408553044824,-0.0938419987019117,0.5538717689803345,1.299140096201467,1.3105804311144782,1,1
0,345,20263904,1.132921785536638,0.31564153604924744,0.8462005840045279,0.08948344512635487,0.27297889678105225,0.11719355782381526,4.92348865739469,1.2491580301735787,1,1
0,346,20263904,-1.8126981357526972,-0.42465129952736835,0.5497060106821579,-0.7833033756975354,-0.35993245119549777,1.2099484911897525,7.017723789981968,3.7381910694981517,1,1
0,347,20263904,0.8996571456510196,0.8374240275191875,-0.9282856873486693,0.6477295741488618,0.4982228917897724,-1.1043222027905404,5.10569053961075,4.25943658315127,1,1
0,348,20263904,-0.07155441138502994,0.44679189691128757,0.9124119946610598,-0.0828851308754821,0.47847085719193183,0.9051560171848836,2.235136696201421,6.620968281592079,1,1
0,349,20263904,0.20535546879510136,-0.2287443078096317,-2.4807007302420985,1.0724956143916025,0.12719568920939153,-1.9255137916184253,7.556853382623818,5.083692190076247,1,1
0,350,20263904,0.3537369589899768,-0.2639719353998331,-0.776433529647008,0.4533962922895505,-0.3291728763389299,-0.709662310672775,1.090019131073403,1.9221582527355983,1,1
0,351,20263904,-1.0950132836684716,-0.6193850696770462,1.1592394988004777,-0.5513855437404267,-0.3009768879590588,1.5178575405171062,5.1241474109209015,5.356521707254078,1,1
0,352,20263904,0.21361833400726127,0.14983341656404256,-0.08937524912442285,0.2551790557291369,0.4068123999101805,-0.05903452818199084,0.19406106534348058,2.587400761900365,1,1
0,353,20263904,0.7879090536514113,-0.12428789468796406,-0.009862582745551407,-0.05681430825973166,0.33851254148939974,-0.5761212744581079,1.1706643038474802,2.85956131144781,1,1
0,354,20263904,0.45590589880152876,-0.5644581876040313,-0.4248982140228925,0.7350531359729651,-0.3736899347326746,-0.238304270268874,2.069764636215086,4.239851914145555,1,1
0,355,20263904,-0.5539665215469718,-0.06706338389922112,0.6543898155747669,-0.5116010801044588,0.21216776647370095,0.6831986620119758,0.7480471426619679,1.2830426276487368,1,1
0,356,20263904,-0.9440489312567024,0.3575447585186843,1.0277660833434759,-0.8733331232638335,0.2556304708003039,1.073321350601161,2.778996636978081,2.8558188184994435,1,1
0,357,20263904,1.1964854821774011,0.2630629186767106,-0.012074045223631202,0.5806849464838564,-0.33804544100059764,-0.4369178506031127,2.816258724375885,2.2381012189223424,1,1
0,358,20263904,1.2073246019634425,-0.10174864237308964,-0.8602857419502854,0.8740641950050438,-0.6114955393347029,-1.080826102130641,2.4467663608794106,5.875733438471149,1,1
0,359,20263904,0.07887466749994232,0.12319651038759288,0.319926466727555,-0.18459297867817526,0.16332895228751662,0.14357488321247053,0.2656554327357576,0.4136187858238598,1,1
0,360,20263904,-0.1609802316958877,-0.06628967388708917,-0.46192105847955034,0.14944868913057263,0.0242860111198999,-0.2575424215183241,0.4377234926100636,0.09493517635886617,1,1
0,361,20263904,-0.9446454507088831,0.003968237165048986,0.2341089259503093,-0.6661371877822617,-0.1702116187459622,0.41474020910602527,1.508306101112169,2.414422956839817,1,1
0,362,20263904,-0.40254336248386124,-0.6260116701395836,0.37139183591663993,-0.24783103652122307,-0.504125286900335,0.471974412128836,2.654031991087856,3.4300228732153353,1,1
0,363,20263904,-0.23208571715602488,-0.07936038065229621,-0.5185374903154916,-0.16883128655435087,-0.17559368483006013,-0.4770695182760845,0.6234084535610943,2.6566284819884363,1,1
0,364,20263904,0.5435388453650916,-0.024199725975054345,-1.1713826667932175,0.4090831846565415,0.010282801887061719,-1.2595887985329,1.6470270294264833,3.0219418877663777,1,1
0,365,20263904,0.45884344408041855,-0.16933857165981203,0.1014204263178371,0.46408065039496194,-0.22173505831994103,0.10534756457862125,0.5983221060757657,2.797872413037128,1,1
0,366,20263904,1.677562341047409,0.10155802287494488,-1.214725603220682,1.1779702721208345,0.1139519582581752,-1.5557710903168072,4.662401561754908,3.9628763241159763,1,1
0,367,20263904,0.6562245275509397,-0.6806191305146658,-0.4373297520851196,0.4275570364322121,-0.39600949335663127,-0.5962741465287532,3.0675557104586724,2.2845974219200005,1,1
0,368,20263904,0.27512495733968834,-0.08338124664031524,-0.4231908020264079,0.3282829849548179,-0.056973668841304864,-0.387758159848876,0.2824708432467339,0.3149029371429454,1,1
0,369,20263904,-0.18982474587398102,-0.41579787066679813,-1.1767432095918018,0.10653430263757713,-0.3567941256197581,-0.9871785854567237,3.0728691158389667,5.074122290542853,1,1
0,370,20263904,-0.06047422409938363,0.1375763876934999,-0.42418002035584834,0.09302113084704189,-0.22716147273522322,-0.3224873801707075,0.3807674989384058,0.8920780041508769,1,1
0,371,20263904,-0.24529918544578777,0.6383693283444715,-1.1742476297818598,0.2940845725167698,0.20850538328848764,-0.831738199716354,4.5266157565995,1.6367128877809836,1,1
0,372,20263904,-0.35375152230674445,0.37765368866048965,0.19960506887762364,-0.22537661491450933,0.24677792650447983,0.28326037366713236,1.0486101286894414,0.874286770378949,1,1
0,373,20263904,0.0613080091462983,0.7965383154896761,0.4752947677450088,-0.07681459414308023,0.33355116507806065,0.3730830974064263,3.909132351830707,1.8909609104546194,1,1
0,374,20263904,0.018454393504413247,-0.550470841896595,1.2665445197013376,-0.28728722166927767,-0.09294265601895775,1.0508499768350519,4.025087590415838,2.662102965151083,1,1
0,375,20263904,0.2821066329952373,0.2536096686792324,0.9600762692816041,-0.15984766884547597,-0.2910334574775498,0.6567048913861223,2.123849224363253,1.9823785973424086,1,1
0,376,20263904,-1.1635909187108986,0.5743963368337476,0.40566188665359704,-0.545499034713508,0.2941629076475093,0.8040933544922718,4.461332432507657,2.032253112573969,1,1
0,377,20263904,0.17995531622299765,-0.6634526788604957,-0.3628350285936861,0.01120779652290338,-0.3661353658851718,-0.4793377558842024,2.5612658026447517,2.772736668966282,1,1
0,378,20263904,0.061960198311819425,0.667543625658139,0.3325838055579524,-0.10859727864618307,0.4505451022404676,0.21388623683978342,2.677028188905096,2.5963267328111477,1,1
0,379,20263904,0.36247774017290624,-0.19075491390317947,-0.24557891271433263,0.38695627601708793,0.2913473303569276,-0.2282823537180578,0.410734751229871,1.7578744324136508,1,1
0,380,20263904,-0.8083682359424742,0.34049237875118915,-0.17916412284780137,-0.19600981214652435,-0.04083494541683714,0.21717030295630763,2.167183898687461,0.12917296465514025,1,1
0,381,20263904,-0.7967921268764968,0.3891505131463373,0.12727567740688883,-0.5643159462453262,0.266480362417586,0.27665064480165286,2.0569638104317125,2.272124865876054,1,1
0,382,20263904,-1.3415631372876042,-0.5008543137699589,0.8408292181101267,-0.864658274584329,0.02189613129551698,1.147208936326746,4.794688412992526,2.076483962484368,1,1
0,383,20263904,-0.19499816630023759,0.2522241553152232,0.9470399096790167,-0.6094617352935252,0.15657226931232407,0.6681270891622088,1.4598798580829673,1.2802974075310967,1,1
0,384,20263904,-0.944306278596315,0.11291946099257229,-0.4015952004736505,-0.08759272658798523,-0.24386118348176453,0.1532945562792401,2.399888528541927,0.7514755254005048,1,1
0,385,20263904,-0.28686510048791547,0.16153995790918038,-0.5887122061169201,0.24891577885111715,-0.029325894023041147,-0.23712383416224225,0.9449608965467033,0.18250777776785423,1,1
0,386,20263904,0.4536957391253402,0.34523932796520923,-0.7772195238200972,0.45811355892452355,0.19601594549571394,-0.7755953395819261,1.405223527485882,1.2148517404957433,1,1
0,387,20263904,-0.31106890660652553,-0.19795207163256934,-0.50416047264358,-0.1039416674778515,0.32709589064327016,-0.3683530430571575,0.9161423101216217,2.1329842644020163,1,1
0,388,20263904,-0.7135558039650682,0.39263903698315594,1.3852010265101917,-1.094046442846274,-0.2186045300539858,1.130552969006865,3.3621122655532654,4.278620039927303,1,1
0,389,20263904,0.7885226324782941,0.08706793736874252,-1.44995481896121,1.025409142339619,0.04052877546358441,-1.2921786039444774,2.6786067067759363,2.8353772675263973,1,1
0,390,20263904,0.5130419266525088,0.39515432971641146,-0.8360426074422342,0.6210531238355159,-0.20872095930811543,-0.7657464411563717,1.735957972409719,1.4635810812211034,1,1
0,391,20263904,1.0583510813506543,0.3594267580616191,-1.037435692052398,0.8441510385035897,0.3606716384959675,-1.181678173672855,2.8275719004376016,3.4931436758276164,1,1
0,392,20263904,-0.9821872846768152,0.06923140388603911,0.8696380470946394,-0.7264157814676402,0.2457709773749259,1.0391896635325963,1.8548419141415042,2.3449004304010073,1,1
0,393,20263904,-0.6945077976741842,-0.3390151041821171,0.9664648368106974,-0.505019473925401,-0.10494131134046929,1.0915615800185172,2.0882132913654106,1.9233242865441602,1,1
0,394,20263904,0.4561484487182952,0.6539453478900136,-0.09642451688580067,0.3293762213607856,0.4782324388058934,-0.1854961113864298,2.590467546831512,3.3614088242194424,1,1
0,395,20263904,-0.06206504923472167,-0.330131051272068,-0.3651538704846793,0.16076673576741385,0.08628409738134445,-0.21934554964376066,0.8249565039520015,0.163425258107888,1,1
0,396,20263904,1.356182658662906,-0.4514623999886704,-1.2064879643483692,1.1401992839587969,-0.520379121676058,-1.3521361305720512,4.3134026408879205,5.997591865039903,1,1
0,397,20263904,1.0684901866585932,-0.1989831986058966,0.21319721155111182,0.5593808786016545,-0.258393929341778,-0.1399994497074662,2.5284963355840966,2.516699089341516,1,1
0,398,20263904,0.2139500039087494,0.5350363494099085,0.15636678425698136,0.10584794563251876,0.129218552647181,0.07892661997043711,1.721665552627837,0.4647092895101958,1,1
0,399,20263904,-1.1330388484784564,0.32789928913212285,-1.3253081595889782,0.34654589566731175,0.12893010801168203,-0.3866111109911156,6.894964211576379,0.5366726244501232,1,1
0,400,20263904,-1.1078718172209534,-0.05720029762956025,1.9462022912950836,-1.1478910759191265,0.14742029937264292,1.9196223454028392,4.887524002281854,5.3422722796926685,1,1
0,401,20263904,0.08055907527415229,-0.31754971936853993,0.8179852841368351,-0.32775274167016377,0.1324917129714496,0.539775085118975,1.5895741033047246,0.6246306423149881,1,1
0,402,20263904,-0.45789011549170056,0.37221780978231606,0.726665811265029,-0.39211461867864017,0.6004920786614061,0.7744814583043966,1.5501685935306013,5.689204129169764,1,1
0,403,20263904,1.543029603084726,-0.19179023613431215,0.24432718595737413,0.13049852750432223,-0.1218587430630005,-0.7292564645889426,4.801204421721185,1.7514103521186823,1,1
0,404,20263904,1.0181056084127462,-0.07998785614510281,-0.38204767198665124,0.4026995018522719,0.2232501086497406,-0.7979873919994834,1.6122664859127507,1.3956159609880556,1,1
0,405,20263904,0.8785783013270745,0.13274300034251962,0.2452250288377691,0.2328898372121273,0.23186502374121482,-0.19694664087262218,1.7901653023783628,0.854439776181323,1,1
0,406,20263904,-0.1901082335730635,-0.4686526518190908,-0.441056268075787,0.14154159155663137,-0.4008588357964056,-0.2236157250942428,1.6778734907199933,1.9726292240353354,1,1
0,407,20263904,-1.8966923631811525,0.4060468662764415,2.1682356649480816,-1.6908234754325093,0.02838778157230118,2.3002715063055836,9.512833622479274,8.093051499425961,0,0
0,408,20263904,0.26427949620173763,-0.2450376890285891,0.22391303819134478,-0.058989409238034085,0.016077424635197988,0.005462467945358091,0.591230971249457,0.029291559212494375,1,1
0,409,20263904,-0.6596153316029145,0.05424110795390896,-0.17620261738889909,-0.03954189810122699,-0.2399426111631599,0.23123993316238564,1.0060299049000216,0.8054037709513707,1,1
0,410,20263904,-0.04013107231199342,0.24228101255327675,-0.9574777855889742,0.2151921632098066,0.5518269249257692,-0.7873683860241483,1.56718056889266,4.484005747900634,1,1
0,411,20263904,0.027778937240526602,-0.4721124593446113,0.49010899963053234,-0.28802233217512807,-0.46212851298179286,0.27807498549607695,1.6046556421070908,3.0080345794845345,1,1
0,412,20263904,-0.1624636792752483,0.41886340781451054,-0.8100035417661218,0.024037152720186583,0.28283505393306485,-0.6906751917326214,2.0471865126761486,2.5892568464585866,1,1
0,413,20263904,0.48202416419884386,-0.15848296875511117,-0.07284980651128947,0.10305741742164898,-0.47228997110282517,-0.32422709376294695,0.5159071248191849,2.9506834554462262,1,1
0,414,20263904,0.12035861527210301,0.41606237429580545,-0.41310302111066477,0.03536923162429062,-0.042955466705211505,-0.4719698549817506,1.1496474378902957,0.8692083479568915,1,1
0,415,20263904,0.14057679032992354,-0.585301299171213,0.24441034384719984,0.17441878600856242,-0.13210950090768886,0.26187800673465045,2.0531669726478614,1.1931374063411169,1,1
0,416,20263904,-0.11099511088666603,0.39488154037060647,0.6217740096397755,0.2715456544956183,-0.31576369350439093,0.8834532639029009,1.3693685262898363,7.67658615437911,1,1
0,417,20263904,-0.7181830520996044,0.14102193720917283,0.929903416539549,-0.8846813368448885,0.05376069842622543,0.8198600298143016,1.4629528111647179,2.4141489314124014,1,1
0,418,20263904,-0.47273817830571474,0.12934580981339439,0.16418779923947824,0.14517883758085404,-0.2846843456867484,0.5789683053971857,0.46281280536601593,3.3467737580536934,1,1
0,419,20263904,-0.6660364843158142,-0.1886645628318113,-0.012427815681213872,0.1315798829124546,-0.43568056608927125,0.5192728502097507,1.0615680014983708,4.039550632821744,1,1
0,420,20263904,2.213770609614901,-0.3165036727378792,-0.6253044521874642,1.6453007955876764,0.001165404861649049,-1.0313072299017407,7.669368380951181,9.951946976822768,1,0
0,421,20263904,-1.9745283272377172,0.0216796284758499,0.36443441445004154,-0.9367806274072521,0.2697061542835026,1.0223233014434379,7.048688997175963,3.26224894172731,1,1
0,422,20263904,-0.4278455545163169,0.10792262902309036,-0.6296558802246359,-0.33777834671354157,0.18329530892850085,-0.5715575232192854,1.2228862207733486,4.6160619327695045,1,1
0,423,20263904,-0.07423942978965314,0.1922490725779882,1.2374818012028364,-0.20536170689910804,0.0691702878145134,1.1465278582722245,2.2618757461308374,4.202265882169886,1,1
0,424,20263904,-0.07925843763895912,0.773601646820721,-0.3130252783879115,-0.148413136168287,0.26340696585320356,-0.36707134570161304,3.553186471269351,1.9790352431577767,1,1
0,425,20263904,-0.5342446202032534,0.3389665577931396,-0.6876451493428952,0.36555600508448194,0.39525713377330646,-0.09734253602644541,2.238961848856401,2.939900307893859,1,1
0,426,20263904,-2.323663628994126,0.19649158266759184,2.00720589874431,-1.7504014501091838,0.4092223358226399,2.379849786827247,10.67469302065447,11.083973714951707,0,0
0,427,20263904,-0.6272401194868777,-0.11563959182203895,0.016706290724698647,-0.16231794282561296,-0.13511040614813552,0.32234519676644474,0.8072603115984756,0.35892610492381316,1,1
0,428,20263904,0.18232475455912578,-0.7405214574110436,-0.4463825301620794,0.15077812520832268,-0.25273349351944274,-0.4752203714301474,3.219245328371507,1.2845491190272207,1,1
0,429,20263904,1.1446046611266922,0.3529252059111128,-2.6483439902829033,1.3753937970069607,0.4079894672951229,-2.4970661472259166,8.805458269372295,9.751215279991113,0,0
0,430,20263904,0.9033317811992667,0.22423790841095956,1.576791682342705,-0.11789673188498995,-0.43363568130908803,0.8556640221289672,7.1350049354199605,4.423733312292528,1,1
0,431,20263904,2.2397082169825886,-0.05321586582518215,0.06694378590014693,1.0541903062867632,-0.13139140223624068,-0.7782238987722535,8.620235376350424,3.7667110009252047,0,1
0,432,20263904,0.7668666607535748,-0.3221863517575937,-1.186359635244365,0.8925775632794988,-0.0582566312644103,-1.1038967982896681,2.4369140571571197,2.1311107672193126,1,1
0,433,20263904,-1.232246829892354,-0.3853369905627046,0.6334141335009811,-0.734629590358022,-0.3947726841319565,0.9575646766042809,3.529338343938166,3.645701268689578,1,1
0,434,20263904,-0.4666592800258229,-0.6879099916060007,-0.29575541575313835,-0.20260643737004003,0.006638283776897672,-0.13172027833927333,3.503462490404405,0.7321673300672711,1,1
0,435,20263904,0.950633697391595,-0.216730356765975,0.10197538146195839,0.5605586671315379,-0.17813476940926318,-0.16785641363527784,1.9538664758922017,2.0802229956746174,1,1
0,436,20263904,0.10961431734779481,-0.4005422500981464,0.010776665031929866,0.11355629813437673,-0.25045162562410617,0.011791003922320457,0.912358645857513,0.8169090588194879,1,1
0,437,20263904,-0.70771957831926,-0.34047286931839216,1.1303732228660444,-0.8533803974813523,-0.12061509912735302,1.0318150292274548,2.445616827034458,2.2138800452791014,1,1
0,438,20263904,-1.0812391849544731,0.45917208306127655,0.517116725600161,-0.4339394916412971,0.0902698365650093,0.9391694149220666,3.3214001464605,1.4997502075408413,1,1
0,439,20263904,-1.0272161318407527,0.45546680702969716,2.2591816704798227,-1.4994954728009873,0.42334809284254366,1.9415070296262171,7.605834606179421,8.640899617892813,1,0
0,440,20263904,0.9210668425146196,-0.12667551669819876,-0.5808966643215179,0.6928875886323311,0.31021309274195297,-0.7344510850007786,1.4329834405290367,2.487807740855632,1,1
0,441,20263904,0.06929173519161935,0.5118313339519588,0.4847596472595015,-0.16173053238793145,0.2113855379884592,0.3253267398842544,1.8406998849586458,0.7330132014345718,1,1
0,442,20263904,0.7034155591229947,-0.3225784128556348,1.0942027886898202,-0.10868833171736725,-0.2524557058744042,0.5287857715882237,4.081037493867701,1.438149684492046,1,1
0,443,20263904,1.9377738133516473,0.2997438715807071,-1.0526840885777595,1.2624029811598305,0.10711414216669965,-1.5202111478463698,6.058015892477765,4.34757061665266,1,1
0,444,20263904,-0.4480703223268172,0.0911069781470992,0.7231401692682233,-0.0886772523736461,-0.11043543104514487,0.9664367492659104,0.7472842624830505,3.583071900966739,1,1
0,445,20263904,0.5283196583263035,0.6762955522714176,1.4102050751412953,0.008541800655262222,0.2087001292289504,1.03691275064774,6.741878758522064,6.150730893618165,1,1
0,446,20263904,-0.29506288965563243,0.18221169998358883,-1.6247740127965145,0.47625591810785295,0.17919365951340288,-1.1309316825027675,4.194826523428084,2.262428500725446,1,1
0,447,20263904,0.09607310127970692,0.27574463827610546,0.3310982759999064,-0.11025162444995473,-0.16511928490754038,0.191569150835383,0.628296136588477,0.3779191880258379,1,1
0,448,20263904,0.007098167287388435,-0.5970153809930376,0.03476511265957072,0.05893039396437416,-0.4504040165219059,0.06687200894006531,2.0044883612295474,2.4402312426215373,1,1
0,449,20263904,1.087481274088539,0.05017915287548643,-0.294775501360089,0.9266410118966277,-0.09715658704526961,-0.4059868560247202,1.8405037317376514,4.1646872975476406,1,1
0,450,20263904,0.8470994832090355,-0.09064977912540892,0.5201203794617655,0.048719408705796496,-0.265587635600402,-0.027510499022289334,2.21761750056268,0.8403082633571397,1,1
0,451,20263904,0.9841704348352671,0.5557794585181522,0.8654137357839886,0.33741337470539534,0.20167130298868466,0.40578783480283653,5.351447487496626,4.032470677963547,1,1
0,452,20263904,-1.4634758681014937,-0.45250339015028657,0.8452969769582843,-0.9422275014676558,-0.3215212446945978,1.1815665091073437,5.061046052606808,3.9438079318911945,1,1
0,453,20263904,0.9815835675894959,-0.9500641918048534,-0.14028960070206153,0.7852144019281582,-0.46809020077393204,-0.28732849781239034,5.9947182286553025,5.2401805737987175,1,1
0,454,20263904,-0.23141032289013452,-0.09269800653135771,0.7792823038811463,-0.30442902999059385,-0.264706243978858,0.7310661754349139,0.7664346049239211,1.6776945533882572,1,1
0,455,20263904,1.0185865148416724,-0.43693362164486566,-0.7233413845503271,0.5996558322716723,-0.07804289729131603,-1.0087681378106188,2.6377384388289618,1.4416482682076561,1,1
0,456,20263904,-0.19213149021907938,-0.7155588816802939,0.8159814764976758,-0.3444351221321895,-0.3420328671053867,0.7064442721324068,3.7867076249449667,2.1327279235393415,1,1
0,457,20263904,0.6169169250230802,0.07471799979489734,0.04955889161155369,0.012905076235288249,-0.0018908549302798284,-0.35745984815379045,0.7474468190356343,0.5227089174229178,1,1
0,458,20263904,-0.6009644382451391,0.5903729355198952,-0.0784032171810587,-0.3967513901685713,0.355241183955273,0.05057719631828434,2.8678485617156344,2.5199098726514984,1,1
0,459,20263904,1.2756054404359602,-1.761175652677846,-0.4893897882520264,0.5833263695198383,-1.041465482560082,-0.9935165490666285,16.941386921480557,13.43668172932215,0,0
0,460,20263904,-0.620226785145217,0.01346332885849262,0.5182500942356754,-0.35296202012495215,0.1756261643562747,0.6962046096452528,0.702430500068209,1.1322768263180731,1,1
0,461,20263904,0.29932227417343427,0.025291462028366476,0.7723008078949434,-0.31100640815920144,-0.10235776142514037,0.35789314875967543,1.2780575370791032,0.408061390972938,1,1
0,462,20263904,1.5601530736459281,-0.26834122175217606,-1.7736257984907091,0.9702418218704807,-0.31755506546419443,-2.1655660678491815,5.774840074695617,8.208719168337815,1,0
0,463,20263904,0.3785933958455274,0.5436633461420056,0.15014762925649805,0.22156858902845755,0.35503336320556567,0.04072036577902783,1.9367181803287137,2.240778477388964,1,1
0,464,20263904,-2.167063086750243,-0.022376591136592707,0.6019247100222778,-1.1949877117890217,-0.4003848129536641,1.2168077126240067,8.311321337887899,6.75932308403278,0,1
0,465,20263904,0.3035462823280568,0.3849326349341787,-1.9911178656858048,0.8596726855555623,0.037576713646946654,-1.6336277168768782,5.375697273581017,3.6381549797319974,1,1
0,466,20263904,-0.7229262007991295,0.1525363083317449,-0.9018504454177929,-0.15220457206005733,0.24019489148890502,-0.5378539390692542,2.8688151635033434,2.762503619763921,1,1
0,467,20263904,-0.014822643663375601,-0.21277306262000428,2.351442348122916,-0.7658886263032265,-0.3468973480586164,1.8251186135922899,8.351284164493602,7.0036970237485985,0,1
0,468,20263904,0.6012722400692532,-0.03284589366469858,1.212335222817579,-0.3891809539681077,-0.14013169342469156,0.529010163828142,3.6596593068165095,0.6875181512585782,1,1
0,469,20263904,1.33371008466613,-0.33763917103489993,0.02880378663251193,0.5793048944764756,-0.5759747988129312,-0.49055905711638603,3.674545009248143,4.494902939844998,1,1
0,470,20263904,0.6800429171271318,0.028878594856089665,0.1533138196468009,-0.2473269411446104,0.2561197814984726,-0.4672933605123898,0.9825273953703164,3.212549811330392,1,1
0,471,20263904,-1.402318222424121,-0.7654824370542667,0.34551538427464834,-0.6948475651817603,-0.5129470161349348,0.7956146211822822,7.443203493407168,4.964311524409538,1,1
0,472,20263904,-0.5204683931428669,0.6714613371123931,1.8530875288199269,-0.8684676103922158,0.17990250941858688,1.6080324231185306,6.945619862974702,4.1415677788206295,1,1
0,473,20263904,-1.778084946712113,-0.4371899187625961,1.2138355877409204,-1.5047684073759058,-0.49525640931693427,1.3896220429727744,6.961556836721976,11.433477073092963,1,0
0,474,20263904,1.527979596316289,-1.5341332317960006,0.508753947952929,0.44517158312307714,-1.1545113730992154,-0.26884836932094236,16.149640465600353,15.558909831797687,0,0
0,475,20263904,-1.3188257783757642,-0.16965418250067804,1.5310137920327094,-1.036745540085839,-0.36259379534041736,1.7199409893090483,4.22978716701879,5.760801653848177,1,1
0,476,20263904,0.5832733292645784,0.19620081557872843,1.2341055565483607,-0.02353307012439032,0.41138572897198084,0.8116826711782288,3.886982935432229,5.54348688178967,1,1
0,477,20263904,0.8140305445584914,0.37493642351558465,-0.984071345601329,0.6087511234887835,0.03387667293434061,-1.1232284910446213,2.2848397343055007,1.7143124882293717,1,1
0,478,20263904,0.23394169959619404,-0.17762484496352074,-0.6474859941345379,0.40752732747237275,-0.140589987813861,-0.5323666438172088,0.656838796322966,0.6638765769363959,1,1
0,479,20263904,0.6382533390012064,0.09713701309683519,-0.6181453230642688,0.4404049772553691,-0.13502253139580792,-0.7504367582510794,0.8464390942332308,0.977238052772647,1,1
0,480,20263904,-0.7105098102931251,0.060264383774332346,1.3554065443927286,-1.1540942409278436,-0.0483510653537244,1.0616116221641791,2.315237638324492,4.2789401399633284,1,1
0,481,20263904,0.0005094880085962927,-0.20511604840768385,-0.3278730813048192,0.05456909350122885,-0.006661451470185143,-0.29284679798889846,0.37860634938091003,0.24346692380163049,1,1
0,482,20263904,0.1546877434934011,-0.11562032919659995,-0.6298177201924382,0.5958802779989973,-0.37071467846361617,-0.33286688520878305,0.5331950392645495,2.7938232647632657,1,1
0,483,20263904,0.5022852980189398,0.2407675059093641,-1.6133393854947364,1.10353570940568,-0.0866485363661534,-1.2159923453207646,3.2683740073628607,3.2227305593693685,1,1
0,484,20263904,0.002488761015783325,-0.20282075624477047,-0.33068104175416835,-0.30758796032254665,-0.3031322024125836,-0.5320808445631058,0.3750158261088542,5.343267721444496,1,1
0,485,20263904,0.19000580533261058,0.3452365394499019,-0.6608253253857264,0.41768827323230795,-0.013342237017000843,-0.5116296352383775,1.1512101106240022,0.46396797188622985,1,1
0,486,20263904,1.4363308860220307,-0.026225222654895384,-0.30781757044559654,0.853818511671232,-0.22673762511986664,-0.7107086541120514,3.2032003672398086,2.6364714430428116,1,1
0,487,20263904,-0.2121556590028888,0.5246033944039921,-0.5754854019791047,0.04736700276335526,0.6094056008709651,-0.4043752870459685,2.2347755890669725,4.628304497916731,1,1
0,488,20263904,-0.16067078995833484,-0.5216335385037333,0.8794630294704255,-0.26653290821084497,-0.19439536791625175,0.8036085651963183,2.5306234761817548,1.6788074503947086,1,1
0,489,20263904,-0.9098667047580591,0.0697448049405098,1.1685889731329624,-0.23297858052830733,0.020112687762590425,1.628309885939009,2.159179071059851,9.256289899819222,1,0
0,490,20263904,0.7244365914375379,0.007688551335916837,-0.09115393573012298,0.47820091941338205,0.11104485752816004,-0.25906187984661566,0.8688385173382589,1.2188298424500426,1,1
0,491,20263904,-0.6883788344742356,-0.24272373290105342,-0.9072315290969719,-0.03697699074166749,-0.19130534534217178,-0.49091142097114326,2.9779292645329534,1.8457332123515484,1,1
0,492,20263904,-0.40206929364145694,-0.30546968639679584,0.742668324068191,-0.2675570132423921,0.17798378909069582,0.8321637921397568,1.2558606587823515,1.971488011967707,1,1
0,493,20263904,0.008226189038648357,-0.2333357795944349,0.11724006833797418,-0.15305072905720252,-0.2090964101022569,0.00970510855087025,0.3263607933639859,0.7964021600964956,1,1
0,494,20263904,0.21894903322411707,-0.1917525693493255,0.4019444178092435,-0.15426088264537086,-0.23221022749634182,0.15070661738301827,0.6151934259118377,0.7580762237076705,1,1
0,495,20263904,-0.5906234287896126,0.6473034876016205,1.0229379387331505,-0.4478746852135842,0.14151881909460787,1.1121582551739966,3.9487887027812434,2.509445374173981,1,1
0,496,20263904,1.717550891731598,-0.35245978119140575,-0.8871140007202527,0.9876359175183609,-0.23786453433186763,-1.3887340838313706,5.002071268294517,3.3873891601762067,1,1
0,497,20263904,-0.023877319100456873,-0.49147006385631786,-0.8865664645615894,0.3488948478577214,-0.2407213534240729,-0.6452534450517129,2.3974684937318145,1.2690477074713706,1,1
0,498,20263904,1.3409794988529136,0.1588877089543893,1.0177561161774058,0.1602471472957454,-0.0040887559153136785,0.1839380152829569,6.412452991406235,0.7009252273577128,1,1
0,499,20263904,-0.7298860982616446,-0.31942602350973465,-0.6846850132031612,-0.23527517097999606,-0.07838694142869146,-0.37002930688844027,2.782363439815654,2.1846165516755827,1,1
1,0,20263905,-4.95946550789926,-0.7758982923881325,-1.4622181952372557,-0.5235570622369465,-0.21506652159569903,0.9482199613516279,7.13260937728653,1.22223739982647,1,1
1,1,20263905,0.04227843669286813,0.32285091571240854,2.0662455690772816,-0.8720934629962116,0.9196091844057782,1.5418822151659795,3.323261212772345,4.819129424627942,1,1
1,2,20263905,0.3107848119717289,-0.16669327591291638,0.01540366407085969,-1.0251237586893822,-0.013377379536260748,-0.7409459703104276,0.05647811655072461,3.4691364233574333,1,1
1,3,20263905,1.8770667427006984,0.6243579016613664,0.8767971695882721,0.26731380599375854,-0.6840538892471442,-0.0627700199956211,1.217666357547174,0.9611752009523854,1,1
1,4,20263905,3.0341535577659684,-0.24357705754324557,1.6167273076961521,0.18497792748385677,0.5015585732868831,-0.0665589616171387,2.591657954329865,0.6144355907964351,1,1
1,5,20263905,-4.861498728141498,-0.49166152569528243,-1.1346910145208398,-1.1207107056673777,-0.39362636387194394,0.8935957241575763,6.82025118116669,2.8285796414907223,1,1
1,6,20263905,-1.3214584927526118,-1.0571185306519628,-0.5158693386582769,-0.8380951661353393,0.3592241823251387,-0.25030879911297127,1.3679410103073784,1.6570042670797476,1,1
1,7,20263905,0.5977082417967594,-0.10279586148841341,0.29671155886298095,-0.1808104883014039,0.13365091790163755,-0.14997835989945607,0.10437773717224336,0.13053737707939672,1,1
1,8,20263905,-0.7335740865476197,-0.08142425295821502,-0.8159787263916485,0.14563397919962995,-0.7187984403968236,-0.31630060698517354,0.35496489566883715,1.1758507588725977,1,1
1,9,20263905,-2.087176030401565,0.21065570335466194,-0.11714089395898952,-0.5690470340673883,-0.39280928377601704,0.734184082530776,1.5956692173422449,1.2119433080239932,1,1
1,10,20263905,-1.806949954148969,-0.7804144850431018,-2.2597637639737513,0.08262742535733025,0.11996797491472956,-1.2156332548639754,3.2266954858800108,1.7355646658147423,1,1
1,11,20263905,-0.21278938868861275,-0.8884348401185298,1.1030432954513003,-0.4291687488218514,-0.18230209611282255,0.9751939853904437,1.711751091910154,1.1604056255807322,1,1
1,12,20263905,0.19406967332420066,-0.3129431511452646,-0.46852762120757063,0.09854522941657962,0.059667535247869115,-0.5234362095655956,0.3185120617461701,0.3080135606821456,1,1
1,13,20263905,1.0425362264739775,1.362705704288665,-0.5696842224952974,-0.30871746962485247,1.2794011307230464,-1.3405853697286458,2.4291653914227758,5.235140107569987,1,1
1,14,20263905,-2.306534040854899,-1.9181376614591938,-0.8557093554071145,-0.14136036330789636,-0.7317999920206817,0.3383821365456093,4.54241112551597,1.2035523565384783,1,1
1,15,20263905,-1.9574436921248761,2.003308834333073,0.23044939715809676,-0.09655002979484095,1.6294240090216396,1.276656924437783,5.162922723314283,8.190369950324275,1,0
1,16,20263905,-0.8347178332928351,-1.0144449995772584,-0.9103785802446112,-0.1096009669242477,0.31679451380548623,-0.5064341080171137,1.2585097212864076,0.5213035562542617,1,1
1,17,20263905,0.25827228689448845,0.964285107678694,-0.311044153505847,0.3154449686684728,0.5528710487593966,-0.28127425966986364,0.8550703232589758,0.8641007105821068,1,1
1,18,20263905,1.7911147174640334,0.07881691199056647,-0.14742317545142214,1.0937688489616804,-0.554320020432987,-0.5527015537962959,1.487982607253136,2.296142982017909,1,1
1,19,20263905,1.1586848336618374,-1.0984216464691725,2.1229378932243037,0.018648083708463048,-0.05538458398516371,1.4478875443515724,3.255571063563789,2.673957205145625,1,1
1,20,20263905,0.29981169250493167,1.0969902929621909,2.0335920858512395,-0.3033627031510804,0.512941254651103,1.678171537952842,3.7152865479335744,4.001310969499731,1,1
1,21,20263905,-0.3465445393331308,-1.4917443887110224,1.4022320007552338,-1.1759221252945125,-0.8632217123695722,0.9219512945426708,3.5761251239776723,4.5176662454440395,1,1
1,22,20263905,0.6177676411655142,1.3585419592886754,0.056541042468552405,0.6637995100821001,1.0945961538075197,0.080057896224193,1.496732072958004,3.7989011806324604,1,1
1,23,20263905,-1.5093240164501651,-1.0330665381862054,1.3939021515948014,-1.0348039483026596,-0.6829932770836057,1.6603215659195827,4.62181623678825,4.7238413679281415,1,1
1,24,20263905,-4.062977252038898,0.4761306982442453,-1.9575712380548396,-0.7479287242072843,0.700068083801698,-0.1560797212177719,4.6004195023908405,1.8293092834662577,1,1
1,25,20263905,-1.2859965916638885,-1.2162469892696077,-0.07554793038761431,-0.15077299773444963,-0.7554668171390257,0.5625376209312379,1.7877232684583686,1.4400602751018405,1,1
1,26,20263905,-2.3194615279134894,-0.3455780668995123,-0.41514728147480184,-0.6400326130288718,-0.43536915671305443,0.5216677122550958,1.7231472851728733,1.2604455253414386,1,1
1,27,20263905,-1.7252378009125877,-1.7318560716513278,-0.47004913381083213,0.5897661739299664,-0.2551511228940611,0.8285358865068816,3.305564526009081,1.9850036319104731,1,1
1,28,20263905,-1.164261289533556,0.009581852711361114,-0.23395546771142506,0.45462235289278397,-0.48092978456035895,0.6887485634010185,0.4025297016718145,1.5135383654286807,1,1
1,29,20263905,-2.160516706307064,0.005766709181854491,-0.2105202727296387,-0.6661904018321891,-0.31921139931971737,0.6254016084817602,1.568878725477008,1.172332281563195,1,1
1,30,20263905,-1.5845188190105404,-0.07770634107204961,-0.06646005039648628,-0.8469284692800514,-0.2070793240364438,0.347208453936172,0.927104677079575,1.3824828884507676,1,1
1,31,20263905,-3.373501550465747,-1.5303278965244407,-0.5538462997302815,-0.6650362864593831,-1.1035902061645082,0.9391476977953951,5.568222532157367,3.932569071972003,1,1
1,32,20263905,-0.8480732638541966,0.9723640801889292,-0.09372176405585719,-0.774223918396352,0.7805611672074919,-0.0537219374798776,0.9881687951605435,2.019773717726393,1,1
1,33,20263905,-3.059313386559694,-1.1520523740972837,-0.9207291871573915,-1.999732972091664,0.3064963398830754,-0.35010628483675793,3.692619726173169,8.314547755940994,1,0
1,34,20263905,1.2172922596044558,-1.105565710770283,1.5136432411062373,-0.10653061602435798,-0.2487540502857555,0.7363169168920976,2.028626476347367,0.6992747166960958,1,1
1,35,20263905,-0.7499357865462599,-1.8637381094774896,0.9037181343297931,-0.21983049021364565,-1.844974344472394,1.2069030266103515,3.995536133203835,8.137164901692064,1,0
1,36,20263905,-1.094800694828912,-1.6261217194741346,-0.1968836108342913,-0.5153178631142126,-0.9392035302969024,0.12130016483621477,2.482513816532648,2.549295622700037,1,1
1,37,20263905,0.669927915775915,0.3363535620737281,-0.5224563577218504,0.5510081962295885,0.0757404221043411,-0.5912483533349395,0.7010788148468072,0.6898318049789005,1,1
1,38,20263905,-0.33682611949841146,-0.44969500517402605,0.16463963433231754,-0.5003049064419045,0.4309634080065478,0.07169182011964376,0.25766423443860254,0.6907899712771711,1,1
1,39,20263905,4.653795744846505,1.8414222584570106,0.8708008961618532,1.3065186219093619,0.6780497230828102,-1.1482248366508676,9.003755301755346,4.438612009733148,0,1
1,40,20263905,-2.4699161565815544,-0.26771492930349344,-0.48163970531466305,-0.4359760407234248,-0.8454422266221008,0.6564768169693598,1.8642244781721984,2.116365127020019,1,1
1,41,20263905,2.0490849444119306,-0.43254933573008686,-0.5930668203767624,-0.4185213283804927,-0.2544589372556939,-2.0053954782608456,2.888468672984623,6.521652806462157,1,1
1,42,20263905,0.47619376604430386,0.610960127269144,-2.097730517365477,0.9778383583840196,-0.09110657545239333,-1.8146153246333694,4.447221017514827,4.107923574613,1,1
1,43,20263905,-1.5017482975360608,-1.59545952892818,0.0795207256854269,-0.8059762728656423,-0.6155714826667796,0.46012011696213007,3.039889853934723,2.1227480251359716,1,1
1,44,20263905,-3.182429040108005,-0.43374019016384796,-3.075949524077501,0.29691589671661944,0.5255044669632797,-1.1736359115312904,5.443987667734586,1.9531096442215525,1,1
1,45,20263905,-0.43548269309287946,0.36889210389317706,-0.7583674671050318,0.15241249868227413,0.1955427728276936,-0.4255622302293286,0.4186948838272772,0.2692361527178492,1,1
1,46,20263905,0.5261577001170181,-1.963820737938373,0.2751677516279898,0.23838666650580365,0.3847703725247944,0.09170015489378698,2.9278655794214696,0.5134864304575072,1,1
1,47,20263905,-2.0786540189904983,2.3048675033699353,-1.1786760707932586,-1.2363065351795797,1.1292052717657297,-0.733906897520079,5.728189026100676,5.90741739041102,1,1
1,48,20263905,3.50713590988061,-0.32404191453464876,0.11639898851537112,1.0535857283819894,0.16534356734755576,-1.330914660383498,4.853718728996593,2.9268931636592947,1,1
1,49,20263905,-1.9174406913008397,0.08082798256892672,-0.012367851734452984,-1.0661435527431848,0.3637177888051278,0.463613965326745,1.4304637015222597,1.9903801938873211,1,1
1,50,20263905,0.3728729315410888,0.9387595558323241,0.8129482474091816,0.2842388420323587,0.6603551256144173,0.7595026131754424,1.0239428132729522,2.3219152876925353,1,1
1,51,20263905,-3.1720594825223287,2.052979371052873,0.8988285820013999,-1.4262399619137653,0.5450810702551936,1.8520436052100515,10.051278521890774,5.889926482706398,0,1
1,52,20263905,1.3475816394764522,-1.4977045584472044,-0.45696544322903776,0.952911895346638,-1.791003233161779,-0.6810073019538126,2.9075121037224343,7.264751770237506,1,1
1,53,20263905,1.0251686943369762,1.589762182177498,2.5799051552225194,-0.6841546587496907,1.535788398478691,1.5797587888189957,5.594077057351738,8.124351043396635,1,0
1,54,20263905,1.9239980089670325,1.0813657724362058,-1.5308018868574464,1.3969315652463905,-0.12794518449936898,-1.8408304310835923,6.04377173798842,5.236643457010207,1,1
1,55,20263905,-0.22920664229597776,-0.09531396561134349,1.4507281891549866,-0.880868705909073,-0.7193521414684623,1.0797447541371046,1.874992754500334,3.1552552945624504,1,1
1,56,20263905,0.057641052434533435,-1.5942883864459056,0.9454163037705854,-0.7061101255671076,-1.1642573670423626,0.5026443472787442,2.563304910962973,4.035334318567325,1,1
1,57,20263905,-2.3592813749192487,0.33227196702427075,-0.9140010803390766,-1.4867008805921316,0.6734909085849229,-0.432817166945025,1.5514480740815675,5.285092368276469,1,1
1,58,20263905,-1.1225505066437051,0.5497983470556987,-2.2929844473227234,0.20017057746154876,0.5006839038386025,-1.5566970831783922,3.2371770685019174,3.0538212525837043,1,1
1,59,20263905,0.4818603638204806,-0.2560196550627877,-0.1644861434931073,0.33562044483259257,-1.194764414388878,-0.24198574224970076,0.21377474457354073,2.913542931864439,1,1
1,60,20263905,-1.9397334831765107,0.13935406339768838,0.1971651329781423,-0.6191795126007804,-0.307736415342033,0.9400572234224863,1.7649867862493769,1.4400277165261017,1,1
1,61,20263905,-1.021278282927291,0.7671396215050799,-1.5902950081550813,0.8725645281037586,1.0714964969931318,-0.5175439180755519,1.8350741517558555,3.9547630607533244,1,1
1,62,20263905,-1.2703281766811827,1.6565020482505926,1.1199520054960885,-1.137821948820644,0.43619896882460646,1.1826773539797066,4.71119725983166,3.062597489098616,1,1
1,63,20263905,-1.8329091718224433,0.9180009467650553,0.8358326352187788,-1.0561652226269302,0.4903447186803459,1.2704918543284134,3.5383101600432525,3.1290665713146844,1,1
1,64,20263905,-1.8548591627230593,-0.2496327003943691,-0.30650504316113825,-0.5841947728474466,-0.3968793998059525,0.40562099865174606,1.110380304775778,1.0234818151817167,1,1
1,65,20263905,2.538767348397286,1.39883692352724,2.0348428163175214,0.07127924446361789,-0.03909362046694807,0.5666840453092294,3.7161356270818837,0.450947965469426,1,1
1,66,20263905,1.6677447935308436,-1.3087425619664257,2.672829115796276,-0.43706229276089203,-0.3490432639539988,1.4258327166896247,4.860365662860181,2.4407698134021576,1,1
1,67,20263905,-1.0347186649896187,-1.6786064868084178,-1.137837940081269,1.2197474986509391,-0.9262330281497806,0.1370071443986293,2.9584107573804737,3.8535636803393887,1,1
1,68,20263905,-3.1761424406476237,-0.54515152183065,-2.879711581290394,0.2517328881619676,-0.18258469594463556,-1.0046007384277766,4.997413227904127,1.2262724870221369,1,1
1,69,20263905,2.2351720447880794,-1.368417653457645,0.008786659412109543,0.9935694512012248,-0.7384096022124048,-0.723618011137287,3.3078287933682025,2.542212062863855,1,1
1,70,20263905,-1.4970539940179606,-2.3436940601873,-2.7423383373336208,0.8722458779943523,-1.471223511846766,-1.4373256332879434,8.807013301930958,6.896639284586643,0,1
1,71,20263905,0.5280651554659741,-1.0147924322783515,-0.5640560684279876,1.557793996429396,-0.09636087274292782,0.028217912583638594,1.3205933247641641,4.41196408681337,1,1
1,72,20263905,-2.9125681887095425,0.1762975429469561,-0.49225503452619535,-1.131106557785671,0.4761138692804474,0.49235175371495754,2.6011024547541863,2.3536174076400456,1,1
1,73,20263905,1.151814154334545,-1.194093013414505,2.513571525699149,-0.4301585536009185,-0.5112174626372549,1.5804128832258004,4.501944688982821,3.1783807229727215,1,1
1,74,20263905,-0.9203416107853641,-1.585779832071467,0.9525549011649588,-0.7131922114316396,-0.6230513529492022,1.06022063631464,3.576471356663876,2.441423114109846,1,1
1,75,20263905,2.2673380052398073,0.2894377391335058,1.2431007933278408,0.7591162890961556,-0.7219130625341899,0.35484699177014345,1.4935694615464905,2.0977590060596474,1,1
1,76,20263905,-0.23800553408099034,1.5478475201995805,-0.2997236193879331,-1.2874985558792318,0.30237096136650005,-0.8993597372907146,1.8934139823765672,5.174034699174538,1,1
1,77,20263905,1.8990444454389603,1.8063755523624687,1.9035684216419355,-0.6498571762516434,0.1407237392407502,0.39995345159379797,4.113369815661489,0.7277407654711379,1,1
1,78,20263905,-1.567991460475632,-0.2441827653084091,-0.7425768534624808,-0.8164967609209128,1.3306124962051449,-0.31568782877316354,0.7033565941813964,4.419407165228259,1,1
1,79,20263905,-1.8420802586566865,2.742192628173725,0.36774785639434526,-0.2998438098197056,0.8716877184795789,1.207403815794837,8.059262188882407,3.452924477374869,0,1
1,80,20263905,-0.1272076168515568,-1.0089949906087676,0.7009452914189325,-0.9881770076954979,-0.2929529703293194,0.20696082308508215,1.217350228524516,2.0443058239468885,1,1
1,81,20263905,0.06534093287924492,-0.8409889607972046,-0.8423312980957292,0.6241050858055033,-0.8756917755395516,-0.5229951583461366,1.1313810063974252,2.0717440369818187,1,1
1,82,20263905,0.8392380745321262,-0.3037191067926172,-1.4433483372534255,1.5191481510473608,0.6060081367532714,-1.0505475694816622,2.749070704596002,5.053935274201868,1,1
1,83,20263905,1.0055138409570787,2.05231318942273,0.45007008287547023,0.9125029415374257,1.8615967867928933,0.39228520631806435,3.313652439958506,10.47148806571982,1,0
1,84,20263905,0.5526971000936527,-1.2919267338342233,0.15518674872518545,-0.8360530341053689,0.9069147419321447,-0.638712831184394,1.3211313250438184,3.349327719519328,1,1
1,85,20263905,1.4251835603812353,-2.1900990222780297,1.1262801146581012,-0.07053490872445423,-0.5799389806343774,0.23491819759633922,4.128937960472626,0.7239739637232444,1,1
1,86,20263905,1.4159904577785767,-1.7954802229195213,2.128458787086714,-0.02445771745142622,0.03264112906555276,1.2665204760978401,4.567936944176406,2.0256698214709115,1,1
1,87,20263905,1.3730607167015947,0.29386159532756695,1.393206356288914,-0.10643560476584213,-0.4596194682712321,0.5315530493729219,1.0721128061525067,0.6916509938845921,1,1
1,88,20263905,0.533569263937224,1.373348311214629,0.44351018366675987,0.7577755746890489,-0.06848761159177685,0.5646293910148572,1.5057403838740084,1.8785081605410707,1,1
1,89,20263905,1.561951359103979,-0.4357354680984288,0.7043857339658928,-0.0173311063064574,0.3600085552143407,-0.21211282187784447,0.7864842414568586,0.290864151934765,1,1
1,90,20263905,-1.3607474784626845,2.025436766632112,-0.6659151360161957,0.26416183226609036,2.323212667723725,0.25849209829771724,3.8396520449172087,11.892378020636427,1,0
1,91,20263905,1.8826664237648174,1.3256377433442035,2.1017631440112154,0.23799840974278652,0.20653577670936127,1.1221411988810337,3.4409592912899676,2.2025026284141194,1,1
1,92,20263905,-2.780339162436185,-0.663724271338285,-0.7124812060174861,-1.0497716620536934,-0.04560709193350371,0.24062228930630652,2.5316201331434205,1.934690978477836,1,1
1,93,20263905,-0.7379624370896423,-0.3589065429817285,1.2448000316240666,0.4362949334122277,-1.4659015362594516,1.93417294877267,2.112975268656296,8.950649760671824,1,0
1,94,20263905,1.873129000186303,0.04965715941659417,0.9737519220259259,0.2001038949291214,-0.3896151599515066,-0.002582908612496623,0.9646840417118676,0.3303510295774572,1,1
1,95,20263905,0.5595729350783643,-0.08748719102932019,1.970275154969201,-0.19942473079544243,0.043660274867238176,1.5278635697199163,2.4112012611808913,2.7446026366896827,1,1
1,96,20263905,-1.6686430397345333,0.4616915454871918,0.2871678020862163,-1.1374737427258879,0.8901123913763098,0.5876046868301177,1.6392986096274762,3.371318856959111,1,1
1,97,20263905,-1.421966187353405,-0.5555306394851497,0.7331358949234925,-0.5919425860616343,-0.5246238395051477,1.2036560085987353,2.1335708955843304,2.281419478371032,1,1
1,98,20263905,-0.6254367523982083,-0.11354342692740403,-0.30834023991859283,-1.2020705825737537,1.4686274985438756,-0.621232148152272,0.11535613523133482,6.941862459710543,1,1
1,99,20263905,0.5239580381344169,-0.4190164501546639,0.016398378838090366,-0.12744229651325156,0.6133813920393943,-0.3555044206602192,0.23484857422465993,0.8656405752265064,1,1
1,100,20263905,-0.9253352005851525,0.8105672041104665,1.108060928828209,-0.8199815658117444,-0.931853767560569,1.1690540521914494,2.4693298915401556,3.9094274966609017,1,1
1,101,20263905,0.7922745353261078,0.9225964694968058,0.29482543148408524,1.0869761395548991,-0.8273395274887773,0.46568881835974946,0.7905841468594679,3.615414068914905,1,1
1,102,20263905,1.172772316227487,0.4731642810763224,1.5471983584691884,0.3256546226120065,0.5742601040629542,1.0514566104085314,1.3774252565171297,3.005287379123846,1,1
1,103,20263905,-0.3463488031612343,0.32767776984667324,1.9851727005306117,-1.3945321409905347,1.0388996642502617,1.3899621298839233,3.627729984872027,5.96079591866267,1,1
1,104,20263905,0.828539252001363,0.22495445509478573,0.8677718806649182,-0.280974727359812,0.33336130415690834,0.22782132384768652,0.42841444356342945,0.34136143189628426,1,1
1,105,20263905,-0.5694092072530097,-1.1434401706854904,-0.4594772192869101,0.3381299325228113,-0.1356021703133073,0.05098546867271737,1.150772520701996,0.23849396803564513,1,1
1,106,20263905,-1.4656129586175268,-0.5692949985655851,0.5625735437405268,-1.2185174982588478,0.9058735066603287,0.7038289403029336,1.8834566732644908,3.7718659530730454,1,1
1,107,20263905,-2.7566899725160923,-0.711427012698472,-1.9397550628766282,-0.11925558884757947,-0.4405031448143849,-0.4870432600231668,2.9907725520310713,0.8908135613557009,1,1
1,108,20263905,-1.0245112618304262,-0.8707175612082534,-0.19212107657610034,-0.22380942261182923,-0.16007184768647875,0.2573146935154291,0.9223783055407516,0.17804300792314115,1,1
1,109,20263905,6.2304460377324915,0.11395941095862969,4.529267815732737,0.8460522571579574,0.5642598990422801,1.1814439145864912,12.921507893930297,5.397933059731365,0,1
1,110,20263905,0.8501939604254432,-0.9856270056143358,1.6538814041347933,-0.16274715172419008,0.27122066741165124,1.0597889097038617,2.1838751911752534,1.5259911217388509,1,1
1,111,20263905,1.0568821936570956,-1.4248325456993167,0.08339729030655008,-0.2513167311220599,-0.15462622790062347,-0.6765690568279145,1.8688204902781191,0.9781998583548557,1,1
1,112,20263905,0.27335858965165727,-0.9291379749661466,2.3573286114739034,-1.77088563732638,-0.2062923942223906,1.1800270716460868,4.531132010444462,5.8024988056214815,1,1
1,113,20263905,0.26562821396272085,2.1458474804896652,0.7493520015260344,0.33730809710712606,-0.2119084765976428,0.7689455735056614,3.7580030847247183,1.216992900990548,1,1
1,114,20263905,-1.4637668036122093,2.1860564660800215,0.7547986736866363,-0.8826821151967437,0.1948463611620344,1.0604201972458374,5.846038133643393,1.947276602878813,1,1
1,115,20263905,0.341976757253569,-2.939302394048708,1.359937080685853,-0.688416425407766,-1.2026866496277253,0.7323362364561868,7.518992813572209,4.277497611916745,1,1
1,116,20263905,-0.09430268254100582,0.7630668976698408,0.19170726181138775,-0.22879933500863814,-0.3230217569147923,0.11266800609671637,0.48735558120616707,0.3362911038422878,1,1
1,117,20263905,-1.066317456926832,-0.2867110700915344,0.07069999885101197,-0.6238428771494426,-0.9822375527294496,0.32466188925903716,0.5664459477073138,2.9416684423129684,1,1
1,118,20263905,1.3431157776812341,0.32960526037689186,1.8269448721589185,-0.38644212871034966,0.7187186113709153,0.819999899158945,1.7744283950395563,1.9098089750969318,1,1
1,119,20263905,-1.6305995278728318,1.218517074920137,-0.6788191829516705,-0.436466330211573,-0.5409046515981795,-0.01608036834670991,1.9252364815774625,1.1268262635193163,1,1
1,120,20263905,-2.212745581465718,-0.49102708561944053,-1.7022753878848533,0.28897301248712637,0.6494854033508348,-0.30812630281416054,2.0111048372039533,1.0798042023984142,1,1
1,121,20263905,-1.5518805089887664,0.24931362795402257,-1.7009786845404449,1.3699338963119914,-0.16477645419631384,-0.047835666434364654,1.5906150274099344,3.2914658058952937,1,1
1,122,20263905,0.4020844347816137,-1.9447722125830438,-0.6544424711146206,-1.0273369883046968,-0.22758144527375543,-1.4764218092684829,3.4113424781246913,6.611466312862991,1,1
1,123,20263905,0.36614167112581697,1.4147340469808416,-0.7277485497553613,-0.43569416244386616,0.721084732878719,-1.1885247902998384,2.146729279648647,3.170421600723457,1,1
1,124,20263905,0.9044424405963909,0.8146117828810042,0.9572735416263782,-0.21657347885538059,0.10495963230760061,0.30599617469540596,0.9543180323814027,0.1564206260608913,1,1
1,125,20263905,-2.452192087416762,-0.7989627464101328,-0.1442846412636669,-1.4643923280821767,0.061339804735114634,0.39938811517717443,2.681661716698747,3.6414303072397143,1,1
1,126,20263905,-0.44240269929680665,-0.06782355361102067,-0.891589194474065,-0.08924495730438764,-0.0114587046045804,-0.6922039421336148,0.44890350801778967,0.6817420829897649,1,1
1,127,20263905,1.2478219742561691,0.5447118147059071,2.272844309976861,0.33908910105413526,0.3205055277096173,1.7355214843315263,2.959028132999358,5.207537706861365,1,1
1,128,20263905,-0.8402822708057016,-0.46433136469763964,0.940062606725192,0.11544317305123286,-0.5070659500939175,1.4894456273346646,1.644597704036801,3.233408801000168,1,1
1,129,20263905,-1.797333370155549,-0.0782821342401311,-0.6671886186527445,-0.31539166189831747,-0.03923034985791567,0.16270919743554046,0.8551539315064625,0.17577222131462739,1,1
1,130,20263905,-1.6533363101969485,0.9297407076835721,-1.3337250369078504,0.14499770171584458,0.2886794686072332,-0.33069147320490827,1.7853934610104096,0.2868857814851201,1,1
1,131,20263905,-1.9831058156991688,-1.9056647195134768,-1.840362365265591,0.31734551486270135,-0.049609532930308405,-0.5758957034680061,4.977581024802614,0.4211612496796292,1,1
1,132,20263905,0.4259437340528862,-0.4799915366164121,0.492698912854479,-0.15438993274674573,-0.15408445392767778,0.15830830945356117,0.29596232569095626,0.10588281269883454,1,1
1,133,20263905,-1.3935493531918581,1.856152276585807,1.501244227786529,-1.6950265874596866,-0.10422206551163855,1.314547718914264,6.610990495837995,5.406444155895873,1,1
1,134,20263905,-4.1040833948346815,0.562047959642942,-1.4084088442905198,0.00016307451234354176,1.07417636586793,0.8546903753830541,4.702624141782763,3.661081384415784,1,1
1,135,20263905,-0.17003096021063868,1.4723899855756464,1.156698235060702,-0.6908791480874115,-0.12481569233695947,0.8480100509456661,2.8134291476925233,1.2412655600562774,1,1
1,136,20263905,0.808687193698816,-0.07244956256584557,0.8439564533057364,0.026452935274221545,-0.025586356414810024,0.3911697068056422,0.3746975142323115,0.20244881422785624,1,1
1,137,20263905,-0.6951941272610824,-0.7456352313433097,-0.07246173051159133,0.1738463338207623,-0.5223114174285967,0.42144830357117774,0.599720792139697,0.7691455838709685,1,1
1,138,20263905,2.6060514520602425,-0.3265155123378065,1.5706503536153917,0.23577073760274914,-0.508752783262563,0.17324777733234778,2.0534434069113336,0.5961351441925196,1,1
1,139,20263905,0.2633587554401515,0.19047299065922108,0.8073198750714283,0.14863841623663632,0.6212747629578094,0.74272893268815,0.4224351962988246,1.888817612739804,1,1
1,140,20263905,-1.7117658324878207,-0.2998917772789607,1.5129193233077132,-0.12353928596461827,-1.0361904628499867,2.428465050303442,4.6761294505682525,8.61449777846364,1,0
1,141,20263905,3.305045754915902,-0.7334533584470178,1.885453878973209,0.07446840937348043,-1.1356455397104337,-0.025925280605143517,3.454275763840787,2.579040507324137,1,1
1,142,20263905,-0.08694886960697801,1.7091311945199041,-2.5349490058498674,0.5127101109697989,-0.020800892247855265,-2.212273358507523,7.186534920676303,5.439119915643237,1,1
1,143,20263905,0.5167290783215321,-0.6634916604979989,-0.06829982011704772,0.45299515758252795,0.3061587824223177,-0.10663162262416552,0.4605821517743839,0.6131580179218471,1,1
1,144,20263905,1.4890468666013135,2.0912900236128817,1.312296180626575,0.13826106320949094,1.457635203872365,0.5122921788869089,4.012513992673727,5.209095537713441,1,1
1,145,20263905,-0.6550985076070788,-2.0786669590306985,-0.3392397464502892,0.6151655504622582,-0.9553291701858443,0.37025939377590694,3.5107717627145543,2.431887045065726,1,1
1,146,20263905,-0.31935002925563793,0.4442341767221177,-1.5423523463835238,0.6029594526762878,0.8136155212288964,-1.0182504448167404,1.7393718703790917,2.6672454253273257,1,1
1,147,20263905,0.04121670828070734,0.29903623711356,2.071398176958539,-0.9931695621619099,-0.43199934305961174,1.4754060012190011,3.3300141004739356,3.5056093186916337,1,1
1,148,20263905,1.0980145951759468,-1.1208497791642622,-0.23843114571836566,1.062318325672436,-0.3374181996317047,-0.264573874312902,1.610489462377038,1.904999462662086,1,1
1,149,20263905,0.6707467841288093,-0.4083832831861066,0.570660829402243,-0.037728651271208946,-0.4977024208457921,0.16264269667055145,0.30695201053532817,0.5164354627871781,1,1
1,150,20263905,0.7717000606578992,-0.5881875148652178,2.463205271816463,0.028438644267538393,0.15596658341387856,2.0247506632839185,3.9209860576941824,5.491680660438599,1,1
1,151,20263905,0.3263116082249482,-0.3744724787052892,0.8141537929367217,0.2933182582400349,1.0234151630028352,0.7994095619994914,0.4884327254541011,3.8810627696676376,1,1
1,152,20263905,-0.8081424785524689,0.09691990270467432,-0.9661514770149324,0.9887263097383965,0.006991014281411043,0.057701315371046974,0.49580773675086465,1.8732357080261237,1,1
1,153,20263905,0.6510980417732384,1.8356468825698569,1.0970153189124545,-1.1224316171627748,0.19639446472665653,0.06597830868092544,3.0907661020440895,2.2607558030275636,1,1
1,154,20263905,-0.06533173523956748,-0.21027478641578498,-0.6859925024296984,0.16977548706810097,0.5035142295706647,-0.5513256197380775,0.3735175853984396,0.8006036742223166,1,1
1,155,20263905,2.889101940912859,-1.3460252582337369,2.6164192332272904,0.4238572337135764,-0.363391210558354,1.134346101852582,4.85486024260125,2.4900892382896984,1,1
1,156,20263905,-0.3429748462682909,-0.06976519534274216,1.3257218969878153,-1.2653162423853033,0.5258674033146433,0.8017188934333868,1.7083608825108885,3.082053592123891,1,1
1,157,20263905,4.1527109691068915,-0.09326092303566094,1.2803798392264838,1.1049412550446789,-0.6508683282162547,-0.5419412601136084,4.881027154645523,2.5056192339854033,1,1
1,158,20263905,-1.7108331015692073,-0.5960844732638123,-0.8883517653273145,0.054786571481251656,1.294365806632787,0.10923609193134576,1.0933044299959385,3.538623877428346,1,1
1,159,20263905,2.326178390665035,0.5998906159471032,-0.2668057284267178,0.8039157768148257,0.819000570668431,-1.1518999366312814,2.901431030996578,3.3098619258092414,1,1
1,160,20263905,2.005631702693222,-0.9473228839580455,-0.09466532909337388,1.0169277926333322,-1.1160227544243235,-0.670117443681021,2.3850354549910513,3.7719194998877192,1,1
1,161,20263905,2.1304910774209915,-1.4597879167357757,1.0706879562856528,-0.013801591792734769,-0.16198490583206396,-0.19154432058689133,2.695433125678004,0.11556292666918179,1,1
1,162,20263905,1.1568471092665646,1.9950121163274404,1.0048840197679851,-1.0550791574849683,0.43010796240311605,-0.2826460781599679,3.4012575732396453,2.556479793091463,1,1
1,163,20263905,0.4917181305972278,1.1069244402120282,1.3346279350060115,-0.12431807443866205,-0.44291967879081784,0.9726519721851726,1.9452091888815826,1.3760091895464086,1,1
1,164,20263905,-1.481397579310027,1.5774282795756158,0.10828583225183763,-0.6597982841490122,1.7515073501423373,0.5736646963700186,2.997515785996579,6.833002455257407,1,1
1,165,20263905,1.9929594382206517,-0.4230490474107298,0.13305980387136174,1.6895966240604068,0.2787271311119152,-0.04616694857013543,1.5738049638602098,5.593613919179615,1,1
1,166,20263905,-0.269835621864587,-0.918402859993595,-0.8947098971639207,-0.13996126984610413,-0.539479913685711,-0.8239592197523463,1.1546412285683312,1.8027085540246615,1,1
1,167,20263905,1.0445575875875477,0.3723888499977145,-0.6705385443798946,1.0317238641028794,-0.5171502101069697,-0.6773427090617862,1.3397544699894426,2.136404497236626,1,1
1,168,20263905,-1.5512266781660813,0.46734280778823345,-1.5219581992449918,0.33095275342164854,0.5517220317642381,-0.4669470140696246,1.4420686396713318,0.9521373839920944,1,1
1,169,20263905,1.5767619061665883,-1.3317504750534808,0.3710889036941154,0.9083535835632546,-0.3416736064494055,-0.02730998976139352,1.9834476467947684,1.533549343021249,1,1
1,170,20263905,1.7778949976009812,-1.8766375254063912,0.8168341596521316,0.8175101944573555,-0.918566650784998,0.24051885714183574,3.3011667022956304,2.629168203881797,1,1
1,171,20263905,4.251279344813469,1.2559502535518332,1.7875484783151592,0.4789905546315225,-0.31693839990418254,-0.4741929720353301,5.889123813924654,0.6329143300271693,1,1
1,172,20263905,-0.4599841292155844,1.5028973531330474,-0.5427743029346459,-0.497651902662291,0.44249414631486145,-0.5737848416503675,1.9173606571163397,1.3307787097004025,1,1
1,173,20263905,0.29718242217970925,-1.6775435047239526,1.3814713637836178,-0.3789712247278132,-1.0617371871977677,0.9828408693314313,3.3202498083416097,3.310335325159701,1,1
1,174,20263905,-2.489691743827926,2.4680508092339037,-3.237486643721539,0.6108113889076989,1.1907076436686652,-1.5541737987665318,11.014896212155476,5.3204184522380125,0,1
1,175,20263905,4.851302794816192,0.20367668762424243,0.7065797258701707,1.8227222294290044,1.003441848420012,-1.1121795074729741,7.915601955818913,8.243779927200187,0,0
1,176,20263905,-4.588373492556563,-1.592765832154501,0.16278624168708689,-0.4629041967032492,-0.6963653697616279,2.4394038301652614,10.978911300799238,7.368843394288881,0,1
1,177,20263905,-0.16172892138938977,1.8199821186827065,0.39581087169395346,-2.0040602957816844,1.3665492529498513,-0.6436047801740684,2.6957034699287226,11.323856533591238,1,0
1,178,20263905,-0.44072855518997045,-0.9477730400520475,0.4850068123666631,0.10402350704534058,-1.4794729356800742,0.8035201627909512,1.0904204540363154,4.854963093039498,1,1
1,179,20263905,0.6326292560857212,-2.0687508341503738,2.7383138032241305,-0.632229832733664,-1.0843618857472677,1.9837881891996427,7.8584085959220795,6.532462075972102,0,1
1,180,20263905,-2.364143037485114,-0.8831630653541314,-2.6196125813685427,-0.016818237107294465,-0.10471561582746079,-1.332779008871377,4.367494530299931,2.3095931535007685,1,1
1,181,20263905,-2.2004808160262925,0.7317344234850603,0.29446107599953564,-0.48665252477307064,0.738828646341012,1.2590474148935427,2.825102117820744,3.067245059781831,1,1
1,182,20263905,-1.7533314340477233,-1.2680976064050165,1.0730696043831927,-1.0121497534143487,-0.21679920157478297,1.4844184741449438,4.625076961477202,3.2550655374959483,1,1
1,183,20263905,-2.7709816717802553,-0.10497163960803606,-0.39622600157746035,-0.24883289511644335,0.4935563478134767,1.0139883291975151,2.4200461395532624,1.769385113959071,1,1
1,184,20263905,0.924373920354455,-0.3115197768009147,-0.3993376169877365,-0.1411974264675777,-0.1711831819084143,-1.0084482654699203,0.7756404600926712,1.5897520495096864,1,1
1,185,20263905,-1.4524563373758426,-2.042405728227537,-0.46885112077022484,0.048360984542881624,-0.21094716523942617,0.35863863691149445,3.9725675273769743,0.2401135446719852,1,1
1,186,20263905,1.8110014720352154,0.16448536547910106,0.2625371876349618,0.8614103903887127,0.04763390141898246,-0.29221065907753707,1.0891283853653069,1.2455645776263997,1,1
1,187,20263905,-0.3067018528278922,-0.5036466618055678,0.18850791377063558,-0.1919894444274064,0.023131180525977183,0.252714763048029,0.2973693788927442,0.09930102475222022,1,1
1,188,20263905,0.11081772114208377,1.4410704857827403,-1.6249004333259336,1.4695784559186507,-0.26667697421983944,-0.8568661509906965,3.781561496417376,3.569190686661671,1,1
1,189,20263905,-0.34860192256473255,0.6412443794260483,1.6964841677846607,-0.14989562845422455,-0.1712250105994011,1.809629639711228,2.973851740063423,3.886101866775186,1,1
1,190,20263905,-3.278582576743652,-2.0062640120766835,0.5859046323751897,-1.178441411116495,-1.213394107154827,1.742072389558902,9.21858975242524,7.59608090885519,0,1
1,191,20263905,-1.1575297266115996,0.7733530053414334,0.5467382773669698,-0.03860770619109388,-0.27246098970663934,1.1824902885087218,1.6448761182195113,1.7659396862112497,1,1
1,192,20263905,0.3342630064801426,-1.7954367460024807,0.8153657698705388,0.11094507243164031,-0.26343803795127646,0.6712412927874652,2.7719707726077165,0.7265268608851115,1,1
1,193,20263905,0.28375922260887876,1.0833125458275963,0.7873776241024899,0.5726560178892939,0.12876328695268305,0.9494705827269854,1.2406726947204962,2.462608629451867,1,1
1,194,20263905,1.267456607079808,-0.1945556271763972,1.8921118336516116,0.6076491156334143,0.4837546971182787,1.5038431907888996,1.8681171973649107,5.52152703415984,1,1
1,195,20263905,4.953590337376781,1.5515421538450742,1.0336442519558773,1.1187868847826437,0.48012436145745896,-1.2762546197001363,9.120409823995042,3.4650246867957595,0,1
1,196,20263905,1.661384754241702,0.05600608281844318,-0.0672320151384298,0.6619878327998663,-0.013573090176131205,-0.6474126249943508,1.1918095516882472,0.8967174437814196,1,1
1,197,20263905,0.38949951772691804,-1.2393769044180634,2.803720980865009,-0.2862429389030794,-0.45587794363716805,2.4009426716743367,6.5166288764700555,6.885017708382391,1,1
1,198,20263905,0.36777009455588683,-0.4814454006521873,-0.43706605808046106,-0.25284479157542705,-0.20723937323418956,-0.7908728327784519,0.48028568315631487,1.2879363481838588,1,1
1,199,20263905,1.0421633604448601,-1.816751733474843,1.35459633674661,0.8575614528998727,-1.0339347360465436,1.2353423565438324,3.2903119617802776,5.5187263743669615,1,1
1,200,20263905,-1.798693731738247,0.743629655543913,-0.7555743347037804,-0.5533655008167102,0.4075947313314405,-0.062450121895172656,1.3102765601809003,0.7999038124445631,1,1
1,201,20263905,-0.578452199817896,-0.7516718999269526,-1.8935186097799175,0.2608319065585718,0.374506463339626,-1.4246278473200333,2.691361114905664,2.4264056329430552,1,1
1,202,20263905,0.7368487221178057,-0.6578921211099086,-1.7554423621841693,0.9506638755827268,0.6101098411865098,-1.6337964094109967,3.7715846211706068,4.166647053505206,1,1
1,203,20263905,0.9205947788704165,1.3557355524992312,-0.059787256915129205,0.1440930415281727,1.1907211368274497,-0.5082269246967281,1.7210597454056167,3.0275149547614832,1,1
1,204,20263905,-2.167403411971506,-1.5597948337398861,1.2292154186415587,-0.7275466863157618,-0.12044050630613191,2.033112640019253,6.748586384500988,4.6651900721486195,1,1
1,205,20263905,-0.9845085839634677,-1.7771432291615736,0.3451517820176804,-0.4488245774530668,-0.3607643800486537,0.6345310724177862,3.1936914330804798,0.8786714451914088,1,1
1,206,20263905,-0.7065413792656088,0.5627344955283358,-0.6979393657694857,-0.43514177799929854,-0.37359002726224344,-0.5460730985208863,0.5127022480537573,1.4409486006519356,1,1
1,207,20263905,-0.24490749296071357,1.27137679630922,0.6971150320927961,0.259580665546153,0.22718604849623084,0.9802393657267752,1.7433160107289947,1.848424336200095,1,1
1,208,20263905,-0.5080079462547076,-0.053720766852866954,0.6138859094179026,-0.4035356655490574,-0.23056528116565903,0.6737371591208462,0.5986778763642893,0.7064128387157274,1,1
1,209,20263905,0.9113622150846155,-0.7680096568736098,1.2526769152591726,-0.37779238313662944,-0.4844801244287149,0.50479127967013,1.228439324362286,0.9036130825110797,1,1
1,210,20263905,-0.560008992129049,-1.224252344019313,-0.3926616509176455,0.525849386737697,-1.286805816139701,0.2279140421817388,1.277437094260213,3.4845225800035124,1,1
1,211,20263905,0.37916349079922185,-1.527996255404554,-0.2494511862895621,-0.2234836663385522,-0.8209802762805732,-0.6007537641239977,1.9166416271427111,2.3506099376828073,1,1
1,212,20263905,-1.2953365853589958,-0.6649840484818579,-0.34932569813865655,-0.9462831217715006,-0.7299009772320236,-0.15362997796729894,0.8247687415536052,3.484237765731097,1,1
1,213,20263905,0.7547376320786938,1.2827281975865887,0.8433414570514657,-0.5492704131977888,0.812330387549669,0.08887585482236474,1.563271958644344,1.6171394463099842,1,1
1,214,20263905,-0.5936795311393297,-1.2333949535465045,0.2911726205249465,1.0041710602862608,-1.5825195916102806,1.2187030648108004,1.5006907834389356,8.321705547834009,1,0
1,215,20263905,-5.580172374423519,-1.3176662018810936,-2.338187499182652,-0.3383225585639025,0.1426733004298865,0.4762975331392883,9.846007873124606,0.36791780912883343,0,1
1,216,20263905,-2.808352642311341,0.3808404546126202,-2.6574275861196526,0.1205545564756818,-0.43209502543003403,-1.049437777943086,4.073854188120594,1.7794235220938124,1,1
1,217,20263905,0.23839511136653613,1.594089622219222,0.42334960733211346,0.6178838688302974,0.1992805618457977,0.6308772597612542,1.9971191142414246,1.8349397048379514,1,1
1,218,20263905,-2.464684899517593,-0.6306211065762162,0.47487634326748207,-0.602860929003171,-0.04661219399139046,1.5196184722990498,3.6325817905131537,2.634569129174087,1,1
1,219,20263905,1.8565929944875634,-1.407996468059464,0.7151493339651438,0.029063691978102213,-0.722290557881383,-0.3543567809405243,2.3043278281135597,1.2844012103228635,1,1
1,220,20263905,-0.7489646705860977,-0.11974006743076705,2.4548470561174867,-1.3316258631395002,-1.0204659009798807,2.125374838115246,6.096688264147755,8.399577838705284,1,0
1,221,20263905,4.705492682568206,0.20372061300999578,2.2326629669834404,0.691982916100379,0.552756429293997,-0.18624480485687908,6.068074825908075,1.6199503288141444,1,1
1,222,20263905,-0.5401064765632739,0.4872934062418894,-0.8358325725103128,0.8502133239008671,0.49985149606144846,-0.042569983085075994,0.5586311276194021,2.0707091645833025,1,1
1,223,20263905,0.613276681606763,0.2768863507111987,0.5830563023845201,0.8623603666581019,-0.32782970917055276,0.728192935270993,0.23886614294972883,2.649601726436921,1,1
1,224,20263905,-3.731325920150489,1.572456099889747,-1.7967493984591982,0.221348561050128,0.8805983297252918,0.373062849290644,5.998011806407125,2.1885811950537613,1,1
1,225,20263905,1.0104815329834906,-1.0970623038035976,-0.6231912889341231,0.5946301807744021,-0.6535111443029425,-0.8659747645663183,1.9991984718999898,1.8738188078098346,1,1
1,226,20263905,1.3663655997725925,-2.7896764083593513,2.097451681981994,-0.8657056808188486,-1.9902626096800684,0.7804148969065997,7.682886679904669,10.334979151208081,1,0
1,227,20263905,0.37043266297580146,-1.4540399941095152,0.4299114521671612,0.13528769907443916,-1.0682314940950899,0.28986241515824535,1.667443385694044,2.2891374676124365,1,1
1,228,20263905,0.8699821185680037,0.6101584082576742,0.03090445189127422,-0.7542621907388494,1.0686229541135495,-0.8906920957161062,0.5592145092809068,4.196296149864919,1,1
1,229,20263905,0.8635140324300465,2.8688317999360566,0.9610148227255166,-0.7285527885376624,1.6028211258516987,0.018885688249062886,6.4120514187728235,5.530550348016807,1,1
1,230,20263905,-1.6440814609186916,0.27121785263002246,1.008423219990064,-0.403457670297378,-0.17310752006159502,1.7141972809669885,2.980980924087301,3.2993277735270974,1,1
1,231,20263905,-1.715276752497985,1.5065363216438101,-0.11436581338777785,-1.2214585417662676,0.25432595095977595,0.15045560167138866,2.9100512849462454,2.617742779778368,1,1
1,232,20263905,-0.7983977603126462,2.3530776182885482,1.4577764984128692,-0.5759900382865126,2.0066119776887548,1.5779558515263006,6.937730654658117,11.778309645390426,1,0
1,233,20263905,-1.3522293984236669,0.7265621763724626,-1.1490146167615904,0.0758419516166029,-0.7135747123985712,-0.3474550741934955,1.1957430208818787,1.220043240476391,1,1
1,234,20263905,0.2576127214866091,0.2261997318591589,0.4569924792325537,-0.2315130261279137,0.5155901909263071,0.17760952059905347,0.1507428922823915,0.5975229445229333,1,1
1,235,20263905,1.0888641898711384,0.3642481914497484,0.02663804939228953,0.5247150746383653,-0.828184152042763,-0.29701664609380457,0.5541691538502794,1.6418841652150578,1,1
1,236,20263905,-0.531236073836773,-0.3727190979337141,-1.8048196198553796,0.9312971855866508,-0.7298302726521462,-0.9754058085961771,2.1592509861628186,2.7408959870747425,1,1
1,237,20263905,-1.3331582264616628,-1.0002231151911145,-0.27345350272427993,-0.2663377868951571,-0.05973473734690954,0.32342785533243107,1.33612789758962,0.18554987743625692,1,1
1,238,20263905,4.562728557125851,-1.6183210765931124,1.4138257138873058,0.13333663424829467,-0.8759160054766673,-1.2274670054374883,7.529173119756231,3.5901962540368184,1,1
1,239,20263905,1.1142588564986653,-0.2856660690094988,1.6439986335289518,0.7868225217414349,0.45090788239872137,1.4516729012613527,1.4493146938365153,5.976030385124856,1,1
1,240,20263905,-3.6873980119272645,0.4198849408075679,-2.313058079787737,0.11475067233882896,-0.4497734436498531,-0.2301883263206718,4.285763683829442,0.47755484477793336,1,1
1,241,20263905,0.9593667404708341,-0.8098595925904566,-2.88761649667849,1.9794829507256324,-0.6709556577391208,-2.3057847350131793,9.138337807196322,9.808003824677208,0,0
1,242,20263905,1.0194553877798427,0.20438930292903357,2.2059779107793105,-0.5997335145669354,-1.012722587940321,1.266642227721739,2.729742224369444,3.9692657349706346,1,1
1,243,20263905,-0.1370439694094614,-1.061381195063106,0.5903168190567101,-0.8181170174144228,-0.6346967799021945,0.19931406081203645,1.1859037651405961,2.283363714217199,1,1
1,244,20263905,0.7639422570246879,-0.9366930583938593,-2.0177408243341546,2.2726583275410377,-0.8483191472847328,-1.1476675950379005,5.0537838030103845,8.895008177247233,1,0
1,245,20263905,0.012593212218845906,-0.24570349727301302,1.455120666639857,-0.5092847386684767,-0.25989916163058785,1.1544369556772496,1.673631942554035,1.6670255820044573,1,1
1,246,20263905,0.774692250060717,0.4156110809094241,1.9906305412292653,-0.057373825254956046,0.4312979347312581,1.5042916103021116,2.417695093600575,3.423182627543229,1,1
1,247,20263905,-1.2425291707667157,0.3187881770335372,-1.2832657713190372,0.35806244232656326,1.1722202304686467,-0.37649104191416266,0.9642576995442023,3.146109095184155,1,1
1,248,20263905,-3.232660195569899,-0.7701882394095575,-1.656760546877436,1.623051154481054,-0.8410480953142391,1.0736763591508225,3.367911287628412,8.30652110836368,1,0
1,249,20263905,0.9878715552748076,-0.030931687869095687,-0.39179562795162326,0.22679050234813047,-0.07844804310981728,-0.8285386541934396,0.760955458642713,0.787812179361957,1,1
1,250,20263905,4.546241930923841,-1.3164984720131463,1.4823674073249151,1.4577018785634905,0.09775397377879946,-0.3887661280999686,6.8760429020916005,3.599839768070415,1,1
1,251,20263905,-2.668714347844727,-0.7738473276659174,-0.637885478742362,0.1894653978137768,-0.9179208952880988,0.9652742755850247,2.529779421978961,2.7138557438772946,1,1
1,252,20263905,-1.2249977416753595,1.7358386766833078,-0.7906248036569821,-0.8096076116585422,0.5114432334411091,-0.5718055803969821,2.9055513926256187,2.2775839443437373,1,1
1,253,20263905,-0.4114745963869595,-0.158231621287308,0.9352891613407337,0.7550336324416378,-1.1055237558778954,1.6177722368241714,1.0144745311824521,6.953419572899384,1,1
1,254,20263905,-1.0918353108554868,0.8834329579613357,-0.005920742825182401,0.6770279809199664,0.41373605834513827,1.003256218239013,1.0900722965907972,3.549630044715493,1,1
1,255,20263905,-3.5046432411046453,0.3355806163555866,-1.703409592222826,0.048960213956981136,-0.4332737525787455,0.255597505788547,3.3766534494412483,0.42636715664171615,1,1
1,256,20263905,-1.681646561434654,-1.2057272885566608,-0.4545114890005948,-1.506338259794262,-0.2048993009089943,-0.3640719492542363,1.9846241390715673,5.390058940952933,1,1
1,257,20263905,0.9739469286887683,-1.5118625346190118,1.3995597767969201,0.20155437306348034,-0.3869344071313511,0.9385647828186449,2.64262403127853,1.5087467325594601,1,1
1,258,20263905,-4.740727442813906,1.681735046244824,-0.7118529927120392,-1.710672678283487,0.7646375655313989,0.9174310704583406,9.614976778360317,5.6319974654645,0,1
1,259,20263905,0.4027546055886333,-1.6599250912721586,-1.331942132430271,0.7452894686231062,-1.0640483685499904,-1.144277268959043,3.8805460575216975,3.964034224692025,1,1
1,260,20263905,3.7685123448519136,0.32920273111950876,2.3267148681755003,0.29976162753379754,0.7445328703385374,0.2540236179014132,4.270765100238603,1.6736848506113122,1,1
1,261,20263905,0.4601182153993051,0.525075800066218,-0.6513113882820392,1.1263318432158798,-1.0609345292344696,-0.26322742173137675,0.8142246397724042,3.672889077632333,1,1
1,262,20263905,-3.5947418009927787,0.1319176115393408,-1.382551881022394,-1.2636005025085666,0.34862957772747993,-0.1129463768976056,3.3770350583405047,3.148094869350548,1,1
1,263,20263905,1.4811134316461576,2.5558936560339873,0.7269921034719147,0.679790711695567,0.4893813393584576,0.22861201705229992,5.200821048835577,1.8292385573772543,1,1
1,264,20263905,1.750784520106123,0.37910002465696097,-0.7035738619947693,0.07131807515904143,0.42400320701149813,-1.6667974043829685,2.5183781523724544,3.462350405455555,1,1
1,265,20263905,2.9346516904013455,1.2708157653826948,0.5705715899586608,1.0545619179609886,0.9017738812302651,-0.543443757866116,3.7511824985149405,3.8701833779736248,1,1
1,266,20263905,1.2956177536939393,-0.5623597425038239,0.38059720270818787,1.3175131026133329,-0.05278546086447548,0.39193060144891223,0.6942770447054686,3.8788717500946728,1,1
1,267,20263905,1.7404267852920299,-2.620675525242273,0.5125816340022027,1.0356567548723064,-0.19245542152159253,0.06678103244097353,5.652513266147175,1.995230525254492,1,1
1,268,20263905,1.2547237159309006,1.6065068968799296,-0.0032405168558540254,0.4047894566382837,-0.02353094447380645,-0.506698402586999,2.493122589801339,0.41551256383000146,1,1
1,269,20263905,-3.203752043015541,1.1284612173400932,-2.0225400033090466,0.3851514713528843,1.2002720920052294,-0.03858375001425252,4.27587588028727,3.455663414847781,1,1
1,270,20263905,-7.124863135885313,0.035972342462709535,-1.213232794019092,-1.4474311226981769,0.6129904069112381,1.8096262345334886,14.836910639610304,5.967149533559547,0,1
1,271,20263905,-2.8026522380115537,-0.3952899861954997,-1.2790429258593718,-1.0769722515787095,-0.7231741260392428,-0.33034492536868915,2.207207698564659,4.398114892790837,1,1
1,272,20263905,1.9455581987917512,-1.6713235557176034,-0.4641713003017145,-0.24438667496927025,-0.07837286789255049,-1.733300775895406,4.246732836025721,4.337716485130616,1,1
1,273,20263905,-0.3321844989026346,1.1820501937989685,0.8236249948870977,0.22179302196147432,0.9521864975163794,1.1405204914414813,1.8148859996507944,4.450963327611426,1,1
1,274,20263905,-0.3617573723969585,-0.0446874408971245,-2.1305658162133625,-0.5012477675204963,-0.44065852681406564,-2.207203082730117,3.1143545857182993,8.460791783361643,1,0
1,275,20263905,-1.428064153414823,-1.0185427095215092,-1.250870392640536,-0.040209133082022674,-0.09820759874762915,-0.4787672568077032,1.7446302007130121,0.3498746753843646,1,1
1,276,20263905,0.6361242594423189,1.6412325136114643,-0.46203277043059643,0.9316921872669468,0.5604029993905505,-0.30284161205279675,2.518474681160567,2.3271004872644543,1,1
1,277,20263905,-0.4952553084168301,-0.4860637137815701,-0.4126853551617842,0.865319415424807,-0.1649064920771955,0.3660156985184608,0.28347362868279985,1.824013716351234,1,1
1,278,20263905,0.33707049411629697,2.009885424016942,0.002029454109958806,-0.2239691287105856,1.35821404208618,-0.3288042836148534,3.067094494904878,3.6898004567317293,1,1
1,279,20263905,0.9814251236782496,-0.9304495235380996,0.14454930855383452,0.9008666439833917,0.5155133073752912,0.09488105123614426,0.9404512279556214,2.4548846663788257,1,1
1,280,20263905,1.5084378562105556,0.8845011204201588,1.5568915945247,0.011354208040785352,0.2247414093781062,0.6777407999651724,1.8014700228257428,0.7539444193754672,1,1
1,281,20263905,-2.9966850731322907,-0.7481236041025509,-1.2977409394314208,-0.08858114455458832,-0.0029756141991170455,0.3110824162674689,2.847926889738379,0.10776951011445758,1,1
1,282,20263905,2.619251059416932,2.1472749610032307,2.3306647835577934,0.6832050644093997,0.5497513541367074,1.1538625454296045,5.99305815013113,4.518360582735562,1,1
1,283,20263905,-0.004410729224659349,0.9015277536601879,-0.6194496524285285,0.30572277069484954,0.234710294764619,-0.4462720160668782,0.9197774315463667,0.40196497665465375,1,1
1,284,20263905,0.7151900785366436,0.09521407058249112,-1.4918277388323133,1.4137807970896645,0.10706235438137895,-1.0904749148605466,2.6281686234592234,3.6675128089488602,1,1
1,285,20263905,-5.89364086317547,-0.7037477016592046,-4.441668444585986,-1.8921854496144448,0.5951099886734331,-2.3713163161101876,13.37812448882334,17.68868976105255,0,0
1,286,20263905,2.6039716120908594,0.15513560417420766,1.8912424633093394,1.2455629074882495,-0.6969737544518995,1.0808369615959639,2.29604991409414,5.884798555748602,1,1
1,287,20263905,1.3829149325860826,1.071502319729095,1.0609643793308692,0.3315183338181811,0.3446453132079452,0.44225209725880105,1.496606210136664,0.9820294289831311,1,1
1,288,20263905,4.665965783053025,1.1708266459684202,1.7852389865950045,1.450570721400787,-0.7441275707958647,-0.16472292771068733,6.809155562182649,4.083574635383645,1,1
1,289,20263905,0.8368016568904082,-2.283107039763942,1.4490636557004137,-0.5409143058770027,-1.5707143522542502,0.6387265888276785,4.859829116612213,6.007997958420027,1,1
1,290,20263905,-1.023984678402499,0.12056929849007202,-0.6215982124091823,-0.5102980776085815,0.32000157255329226,-0.332710748910003,0.3199527341160625,0.8660952624526385,1,1
1,291,20263905,-2.428972995033064,-0.12974370861276316,-2.6863447050500326,-0.010625955457065572,-0.5687834749695284,-1.356666429175286,3.8939451044304394,3.236352701036358,1,1
1,292,20263905,-1.8321804924634932,-1.6168669499747008,-2.1031124681100977,-0.01825561085956906,-0.44482405737367137,-1.109277140506529,4.56677957725474,2.1384768624507062,1,1
1,293,20263905,-2.4557124986430594,-0.10102811475906541,1.053179930605907,-1.2517978115065347,-0.733288348703786,1.7313808349279838,4.887596700530867,5.747460063142956,1,1
1,294,20263905,5.599053917327339,-1.2976371453347757,2.054146471357555,-0.9158718246479154,-0.5153323626269701,-1.8249460315511776,9.69810761765871,8.557116481326918,0,0
1,295,20263905,-1.9542511462634309,0.22630510274576338,-0.7408870704223176,-0.7788066183059854,0.3080037758352634,-0.08687226492426792,1.04567509449225,1.2527753865656894,1,1
1,296,20263905,0.1899889654425735,-0.4319347276759664,-1.4021391550503637,-0.29519875664566086,0.2992615027312752,-1.6756003542391578,1.8608743735814455,4.08474028175693,1,1
1,297,20263905,-1.8678781126685777,0.8224755103740934,-1.8099810437512929,-0.1869430623713697,0.08422887872359135,-0.880986186328361,2.3688842029253836,1.17976844602718,1,1
1,298,20263905,-6.324084076453701,-0.48195593439693313,-3.330745664921821,-0.23208796437560153,-0.8283710900612943,-0.09042344043348247,11.214343684167314,1.6880557176165991,0,1
1,299,20263905,-0.39389192644992477,-0.7652128510496453,0.007816312868882846,0.30972368481117485,0.1379484295382822,0.40769361162880363,0.5167851657530005,0.6100491938080279,1,1
1,300,20263905,-1.7422174660862026,0.5251328638540248,-2.033127489013765,0.5008112777964442,0.4276201269921198,-0.7818709484721789,2.425376208885166,1.2100733404117592,1,1
1,301,20263905,2.9883664150525604,0.4589490623231068,0.30615990320971775,0.2290009944904341,-0.21308827834712996,-1.3060072624527859,3.2615676625340213,2.082277038458277,1,1
1,302,20263905,2.4314534351670147,-0.9408376265560281,2.2594119265641126,-1.2031746730175357,-1.1025829399251414,0.13857946410611055,3.3074090168697854,5.981734959849452,1,1
1,303,20263905,0.7821952334936597,0.7438257830533022,1.0156957826832809,-0.9595330043484367,0.7453961242504503,0.016991109367760843,0.929224235391124,2.408397748243265,1,1
1,304,20263905,0.9538506231335617,-1.259208959040342,0.4642506248897007,0.799004752438961,-0.43713582175311,0.36745081003388486,1.394537271011722,1.7529249526551047,1,1
1,305,20263905,4.235955207922117,-0.14898454085437784,-0.27380157284117956,1.6729230608163235,-0.33378591680336306,-1.7950970184396726,8.222705865274538,6.211107392967117,0,1
1,306,20263905,-1.579376667322336,-1.12358339568582,-1.7597943057104999,0.1195083015638474,-0.07380871714331293,-0.8183551548674427,2.698280111972797,0.7921314906509207,1,1
1,307,20263905,-4.358165765318638,-1.181373811379594,-3.121920224795872,0.12933882182223044,-1.1204020339957919,-0.692792067331394,7.900500240704689,3.2502847040295775,0,1
1,308,20263905,-1.6659717037707864,0.2366666720984218,0.09534382821169629,-0.1635731957343225,1.4519087647812625,0.9548381676114952,1.244287386907416,5.787786284795646,1,1
1,309,20263905,-0.04660529333728647,3.4970422007123934,1.7212386356829512,-2.008447095869215,0.1592768650986586,0.548596855147418,11.428569936012735,6.8567449136676055,0,1
1,310,20263905,-0.03701080731315898,-0.6846741349293793,1.1851686095129423,-0.8559507888645115,-0.004700091172335945,0.7141929548948064,1.4699314033850557,1.3880516838593824,1,1
1,311,20263905,-1.3867699122308252,-0.3344259174544221,0.13414593663547691,0.1329524763931218,-1.528036139072763,1.008831503334836,0.9805725175066866,5.534510909743688,1,1
1,312,20263905,1.2520481002995396,0.053668568087698855,0.021132948422859954,1.2136632546670754,-0.23485840016751616,-0.0010050176473988884,0.6157514660836764,2.6335212240685375,1,1
1,313,20263905,1.37295068249896,-1.071183717732703,-0.9811420731585372,0.5042562338407492,0.025394131376098857,-1.4848502190377635,3.205189666643643,2.461308415887528,1,1
1,314,20263905,-3.018696201381772,-0.5153200726394389,-0.39577241079591374,-0.9781681383458931,-0.5233378256396305,0.7332618638800411,3.134401927357304,2.5122329250056583,1,1
1,315,20263905,1.722358056072295,-1.9596382111914221,-0.40742705854977146,0.10217810307895547,-2.4958960640548153,-1.328331244305605,4.5030588301490955,15.480521151216966,1,0
1,316,20263905,0.1260460356777955,2.025411878881771,1.3261688659527664,-0.07482707626602547,0.7364467043969916,1.19278197535061,4.307601915809859,3.1550029344542723,1,1
1,317,20263905,-0.17632848024710057,0.7557488608037354,1.246797167507708,0.09657687933913195,0.3692517844532336,1.4025336875821603,1.791482618733039,3.178722017462185,1,1
1,318,20263905,0.16104968849978007,-0.9618685226794684,1.183667619105222,-1.0754618340872497,-1.108868454294302,0.4783401450118183,1.6606662937988974,5.125705851113998,1,1
1,319,20263905,-1.3632508095077611,-0.3719802289347028,-1.7420490706064697,1.2657506733975552,-0.6688583014082025,-0.2536556901623589,1.7156009542796342,3.093110367524864,1,1
1,320,20263905,-2.4682070036579944,-1.4362082322322154,0.16910119290416503,-0.04865737279011739,-0.46421092127127705,1.5248427325225087,4.423912858974563,3.072783844007437,1,1
1,321,20263905,-0.797118253055423,2.319625036847293,-1.9451979059404323,0.19207880520231413,0.784568537649721,-1.4139800465206136,6.559603230480677,3.198453001458364,1,1
1,322,20263905,2.443277237741732,1.7862657382043012,-1.7419804061513702,1.9809075671581127,0.9915064662946699,-2.021437220068143,9.750848639511473,10.613352737409029,0,0
1,323,20263905,-0.1823015946750317,-1.0870696943823601,-2.0268517276446545,0.21813382904334588,-1.605559380075565,-1.7955255884633166,3.91702942889657,9.586345158523228,1,0
1,324,20263905,0.26846398946741346,-1.4932693216579558,1.1372539018264547,-0.863580253670662,-0.4500379213029451,0.4788595739376927,2.4837337085633777,1.8701943153852643,1,1
1,325,20263905,2.2588169001726257,-1.1389670427048608,2.3220223278182317,0.05749104721274989,0.021471936642931733,1.0128760997823434,3.640289122895938,1.3805737456959257,1,1
1,326,20263905,-0.5733943796911873,-0.7261280829233259,-0.6426472975186499,-0.27827640509980256,-1.115396755343486,-0.47269432864638267,0.6309374444996252,3.4855628174692654,1,1
1,327,20263905,-2.9256142221100347,-0.6357817132198774,-1.763372617548157,0.2613033120599013,-0.5337203283800608,0.0019143929596179908,2.875425211104096,0.6112449038733522,1,1
1,328,20263905,-0.9399649241806642,1.136578691268374,-1.944625038452287,-0.2375838060769908,-0.014996665124352777,-1.5597755973250078,3.1976083886564313,3.5125588481440326,1,1
1,329,20263905,1.3029178967953072,0.6664307982642522,0.35856192373275064,0.02190319571635513,-0.22388295398227906,-0.3833170135577613,0.7976495247920685,0.3068027284047994,1,1
1,330,20263905,-3.774618875795916,-1.0842374293895984,-2.903564642963204,0.10828830694811842,0.6114875378239819,-0.7935136704529573,6.419964996502486,1.3349539111495692,1,1
1,331,20263905,-5.856359740012323,0.24873894623422044,-3.6061445501283202,0.2947417491874944,1.4228837491960293,-0.3062623031623052,10.400858111741286,4.373410058885517,0,1
1,332,20263905,-4.723635810921671,-1.1713554004713258,-3.118277785371916,-0.3879482713496287,0.05324580930840939,-0.7960776749262422,8.456146304573483,1.3669761871881216,0,1
1,333,20263905,1.2823633178747116,-0.18378001670405686,0.3489487731041834,0.6228027887255436,0.3406955104649628,-0.03410931486521995,0.49013364872166065,1.0668960460288102,1,1
1,334,20263905,2.372960926629972,-0.3345177483526324,3.137432837857375,-0.49263310657340753,-0.3126570505746658,1.4371867707489983,4.99922379790275,2.4582183063719665,1,1
1,335,20263905,1.1892967122263016,1.0254689114887099,0.8916489026765504,1.7412389176756946,0.7975492493434886,1.216023832133493,1.245409525018645,12.259665531285703,1,0
1,336,20263905,1.0691161224201196,-0.3310112457294877,0.2791844610988079,1.1528488371785386,-0.17697298904012315,0.3276853090743241,0.4054842024846992,2.8865566274869137,1,1
1,337,20263905,-3.8659725935325824,0.06023708741928384,-1.071310379901405,-0.5030133095597833,0.5932347339594809,0.7795028287058866,4.05222183461331,1.5398002080980304,1,1
1,338,20263905,1.1591315082941733,-0.3529414462230735,0.6738901233695742,-0.18325722820043922,0.27254323666545827,-0.10178019452017799,0.47403005813039883,0.20322273971010313,1,1
1,339,20263905,-1.3345422677062402,1.1137471582986471,0.23117352204688757,0.4653623163456544,0.17441218436898343,1.253709080560634,1.9411245173758573,3.2309387269780814,1,1
1,340,20263905,-0.1028787214154292,0.12534573580843278,-0.5573951658202247,0.6305187043990585,-0.13009205247415775,-0.13785109927288694,0.22144709542974084,0.6583029992718736,1,1
1,341,20263905,1.1864448362914644,-0.43993609882768464,0.960489505235472,-0.368282081071861,-0.006681262415885926,0.06071981085650799,0.6769495056408059,0.23810175643113604,1,1
1,342,20263905,1.611286708772326,-0.8102766280530435,2.5516025785274365,-0.7061923494131506,-0.13256014791977686,1.190038746096965,3.8101859113026295,1.8812596397794419,1,1
1,343,20263905,-2.374004966294244,-0.6610511924509449,-0.856230695632604,-1.1346081616740094,-1.261924204562855,-0.1665682526995466,1.8570309114087251,7.020863804635912,1,1
1,344,20263905,-0.05012848070669662,-0.9756967773380031,2.1911703576036388,-2.2371744347311378,-0.2661734783027429,0.9424225595342216,4.491911189263118,9.026300835803822,1,0
1,345,20263905,-0.909329257379234,1.0245739664992117,-1.876036115478911,-0.49223630750502423,1.3996564168527368,-1.6401015125117067,2.848122139474236,7.255134090193351,1,1
1,346,20263905,-2.162303581698488,0.46997044056150694,-0.8752999585942973,-0.41154284411778264,-0.4104338467317587,0.09982550145144903,1.4116916582176549,0.7316367073379174,1,1
1,347,20263905,-2.36961868068542,-0.8651687619768852,-1.1231892065384415,-0.555036704751565,-0.07664005970774072,-0.12103065998430852,2.1359524621663475,0.7129937851694871,1,1
1,348,20263905,-1.323091268379116,1.1625645227311256,0.37041778899798317,-0.3261710571846237,0.35109917714599104,0.9298722082492843,2.1985311344376095,1.27891718536762,1,1
1,349,20263905,-0.9263689732317815,-0.8801870566039145,-1.0065556049822675,1.1334428871599798,0.38257794005018286,0.164822486379267,1.156950612592305,3.1956886981465726,1,1
1,350,20263905,-1.6542639410422169,0.2800078361637098,-2.557463966610868,0.5432734778245916,0.6259370375028523,-1.334526901025874,3.6080042026445023,2.7225114900971414,1,1
1,351,20263905,0.8593342391693071,-1.1333451909419991,0.8627754279198143,-0.1357031305535088,-1.0931733029362098,0.28717529382116547,1.3214951330849278,2.522365621385842,1,1
1,352,20263905,0.19059269106826093,0.5182539505140297,3.198561502225985,-1.2214924055250833,1.188642808044408,2.3823456524053124,7.697267505180757,10.097073144624598,1,0
1,353,20263905,1.7679006188352702,0.49041306522785955,0.7272734669389962,-0.9366905217397132,0.7057193197621552,-0.8269473047354975,1.0033709778485265,3.6743185561696623,1,1
1,354,20263905,0.9535089287439433,0.5046505998984865,0.4301602659921855,1.3206172330683472,0.8588176043027529,0.6473260813803348,0.4273229254782937,7.07500356790492,1,1
1,355,20263905,-2.742438560556124,1.2206602131544524,-0.2594239978357109,-2.0979005146603384,1.0428969119825153,0.09183102521859396,3.820395742220785,9.1560861535935,1,0
1,356,20263905,-0.4865843673306145,1.3877859138267699,-0.2984766489507251,-0.2491227918364487,0.20418835777262112,-0.1728709504078307,1.5717330494615183,0.23672227240470844,1,1
1,357,20263905,-0.4628852740834546,0.3743298989853302,-2.380125211312645,0.21915712161882794,0.8047278792972506,-1.9967520238740892,3.932801334502077,5.406153183832556,1,1
1,358,20263905,1.0694146565251046,0.06906393292792838,0.22496531289949928,0.8545613156099634,0.16511469651292182,0.10013727529777501,0.34627435271522256,1.6060187897883982,1,1
1,359,20263905,-3.8686406091965893,-2.370835754062779,-0.08117864285782161,-1.4982719763734877,0.2516180434198506,1.1930182026867133,10.73501186526859,4.17850796600823,0,1
1,360,20263905,-1.1290938071033523,0.18124219887570334,-1.268042701853446,0.6639924657816039,-0.1342484077537399,-0.2548117525770117,0.8748024269571695,0.7148981743392807,1,1
1,361,20263905,-0.7012254867826826,1.1686135099736052,1.9676851267070248,-1.6773165063384639,0.49251547024321385,1.4066106956871067,5.138725715356149,5.591774491613758,1,1
1,362,20263905,0.6521578904644088,0.21010428107334708,1.2366070196137997,0.06191089677542294,0.32982334354051845,0.8941489895852864,0.8617660744916791,1.4319228891231375,1,1
1,363,20263905,0.16801049615864372,-1.073407357451964,1.0532975635067743,-0.3637028258260102,-0.22554200857148585,0.7420507129492258,1.614709766047938,0.7562690855639222,1,1
1,364,20263905,-0.8427532247466303,-0.08816865784022314,-1.0106808108557033,0.33917649083623047,-1.0700551375980902,-0.33703305796659055,0.540796107496053,2.43421251166523,1,1
1,365,20263905,0.9075181644297459,1.2402078408693615,2.12476136335448,0.7127884004819194,0.05438402716274502,2.0022670795036834,3.6477485091086765,7.709620549347433,1,1
1,366,20263905,1.0600451217062385,-1.0734805472692353,-0.6493363632220763,0.6078048756499186,-0.047564016907412604,-0.9148494791880947,2.0651225339334647,1.1681342794536649,1,1
1,367,20263905,-0.5388785201034239,-0.36286157246993467,-0.5131033618684455,-0.6465819194555067,-0.3340929297509938,-0.5738214355608399,0.24627592025050665,2.02413762993059,1,1
1,368,20263905,0.22949720992118472,0.5584996863462361,0.47689741732641266,0.1509945515257769,-0.7453868999461507,0.4328659828675723,0.3602211149528167,1.2825054202552186,1,1
1,369,20263905,1.460314715221763,0.6813891767565221,1.033902197547576,-0.07498711165343508,0.3183378425339887,0.13973391181629782,1.0301110357520793,0.232099190465805,1,1
1,370,20263905,0.9563226840341912,0.9441781040737642,-1.3605775999905347,1.1126900326382483,0.3776480271990083,-1.274332566764496,3.3027171733141776,3.246328007646267,1,1
1,371,20263905,-1.5981278736369973,1.4418294573756472,-1.0311066084998686,-0.7430855918878763,0.9312952817440909,-0.561375374380606,2.5076390470872365,2.99028843672537,1,1
1,372,20263905,-2.5412315130681122,2.1998144889121027,-1.7878467344206683,0.45828748077570935,0.7441333098457319,-0.1391242808003928,6.384801682062117,1.6470300574314762,1,1
1,373,20263905,-1.039533095293578,2.1583289034163915,-1.2494585170377235,-0.4079576269397691,1.0390917033965061,-0.9134134341449303,4.582928724831503,3.29100769185935,1,1
1,374,20263905,2.5950790577106204,-0.5082461911652731,1.7653163194290613,0.4015565942825319,-0.7449897643631396,0.46818928206404997,2.307215501350569,1.5691017461710575,1,1
1,375,20263905,1.4484672723317402,-0.5128891877392499,0.9849338152478708,-0.04902783144788714,0.47782663214168214,0.11452070207691246,0.8526865453824564,0.48606715751025137,1,1
1,376,20263905,-1.1120632054373516,1.137164098386338,0.8646609680742898,0.20769532718161798,-0.404668727778458,1.616632086112122,2.71356744522074,3.8018499444923815,1,1
1,377,20263905,1.7680588641053703,0.6697939895240579,-0.037992921459917284,0.41974995354274114,0.42284666210972344,-0.8205885080541976,1.6236019742803567,1.1615779363863044,1,1
1,378,20263905,-0.15202761709938528,-2.312800087353241,1.6716615809777835,-0.18881979284671502,-0.3946412697296797,1.6252389186465324,6.343245784011357,3.2267843502206706,1,1
1,379,20263905,0.8488628348883438,0.16175068419493552,0.3359561288862949,0.43453124552491573,-0.169078450335568,0.09618117222776275,0.21092213105898105,0.4095710091437002,1,1
1,380,20263905,-2.429418892456688,0.7383809567353964,-2.569851544836368,0.49150956603926943,0.43232208428413,-0.956502071087973,4.049547762737943,1.4701621267915548,1,1
1,381,20263905,-1.9700191641371703,-1.537540119631943,-0.8197445027645216,-0.8344445054302696,-0.28564925414933845,-0.1998890752635952,3.0060720968867254,1.8899386112537297,1,1
1,382,20263905,0.09086341118659647,-2.253294233703963,1.9169181755285223,-0.9492413629441288,-0.3093365770602546,1.293571714317179,6.480670314523275,2.7662226001861185,1,1
1,383,20263905,-0.5197993934060818,1.1724874023804117,0.0457767050597937,0.006763087929662959,0.46659656590981896,0.34041530540089965,1.1933753279864099,0.656645080901232,1,1
1,384,20263905,0.7714989333785809,-0.8659109937684689,-0.0726647549118411,-0.3415703244132544,-0.8868959979783728,-0.7084420828937883,0.8303079485707197,3.1186976756141456,1,1
1,385,20263905,-0.6281193728441394,-0.0677719113423704,-0.38713435639448335,-0.7944577898028697,0.4677722965104566,-0.4796563174595501,0.12068310138955099,1.9929356268129566,1,1
1,386,20263905,-1.6686606927192145,-2.1694410861218967,0.5047599214719725,-0.10654399745637733,-0.17766789047261924,1.3696503696446836,5.672172110642931,2.23484459216295,1,1
1,387,20263905,4.6690909845082444,-0.5473601875624811,1.9293292945980056,1.4408339580235676,-1.2849105600123338,-0.020602629747501676,6.118235789698226,5.841411402746604,1,1
1,388,20263905,0.48803255940059387,0.31925129215687276,1.4200135239978238,-0.41864408710113565,1.8635295598768662,0.9120232548073158,1.2796369051362246,8.342577879101544,1,0
1,389,20263905,-0.7077953129190959,1.2709190390555012,0.5731949068646571,-1.512200760576519,1.0118317169920805,0.11772351003824173,1.9746198752563826,5.3676098112130575,1,1
1,390,20263905,-1.3815003863207167,-1.5173730943621138,0.2110638216053502,0.5571147322632015,-0.34324272400279215,1.3087753351757434,2.833457025648299,3.4764512844733173,1,1
1,391,20263905,0.8069279026186962,-0.1121398395654185,1.3990829407909615,-0.14888829502242373,-0.4654206935525284,0.8449578030132634,1.049117138444722,1.154689869601204,1,1
1,392,20263905,0.9593249802029362,-0.6305300169537358,0.1877026595554554,-0.7490806165388406,0.8054868909141035,-0.7862648118972261,0.5693326175596932,3.1266284310647077,1,1
1,393,20263905,1.1824799616539252,0.20609474127070784,-0.365476678770321,0.7014186143360561,0.7026693049952251,-0.6412133450250718,0.9752320519871482,2.098338734952133,1,1
1,394,20263905,-3.3906176315508887,-0.20154451459794356,-2.257572908960796,0.3470653291767647,-0.5386222064494565,-0.1988160740688889,3.6961670947737018,0.7037521256605037,1,1
1,395,20263905,0.8892011645306468,-0.4763302424590755,-0.875760346686036,1.155941821795281,-0.29174512797249763,-0.7225805511752321,1.5815237378933578,2.289695583573638,1,1
1,396,20263905,-0.1782430509617754,-0.8616742019072765,0.5613248250535889,0.3047995943038302,0.1898865761926707,0.8361050995564179,0.8872022905310943,1.5039900727152222,1,1
1,397,20263905,-1.9063867551661318,-0.041819247184037275,-2.3010264039820214,0.11253740602303708,-0.39791206094580556,-1.1824096398810178,2.814120242159318,2.091715724756438,1,1
1,398,20263905,-2.5971017300879,-0.38514765885152086,0.4539718053063524,-1.1447514305804134,-0.37464684812495697,1.2646029320849317,3.6697692503814943,3.381027735327491,1,1
1,399,20263905,0.6586340057698337,0.13259654240002453,2.0909870735233795,0.08168715650764824,0.5883626007039295,1.7546751768179818,2.663655564374768,5.265268979212164,1,1
1,400,20263905,0.10124346224586134,1.4117707837071491,0.9162215278380756,-0.29138844838416134,-0.3407088194632875,0.6814915576296195,2.0860392493911952,0.7545686059560732,1,1
1,401,20263905,-3.8072768848691823,0.577930656371485,-2.5265981271869293,0.05806978865268775,-0.1360061491764105,-0.4179085970682526,4.923170888876748,0.25384010408860863,1,1
1,402,20263905,0.8515987274865608,-0.28808547753384256,0.18915818571423415,-0.21128607600467575,-0.053673681397958445,-0.42115300216103985,0.27497493746568846,0.4196293146231266,1,1
1,403,20263905,-1.953903992064454,0.8778317996697833,-1.6735868219104617,-1.002135550051598,0.13189365455844845,-1.153702553543356,2.2742729411192215,4.624506929110856,1,1
1,404,20263905,-1.066984588236778,0.15001499953669445,1.7598012342284477,-0.6634993416397634,-0.7542877997795905,1.9938244130438185,4.087882163238474,5.427358193397402,1,1
1,405,20263905,1.588726954069486,1.8553318449759886,0.09077688415452201,0.14474899336755698,0.9306199200332258,-0.7558589050628602,3.370420491554599,2.2055465860094094,1,1
1,406,20263905,0.7430813577912048,0.00813223478457664,1.6760543177215794,-0.5843386658020364,-0.06069635442589944,0.9070841215896543,1.580941227244061,1.134065238151865,1,1
1,407,20263905,-2.1345376307587003,0.774013148844,-0.9179075445275799,-1.2571507060498917,0.7957306541998094,-0.43366804549427307,1.7042982296760416,4.322724310361445,1,1
1,408,20263905,-1.3912100492688992,0.176879121138031,0.44276125619092,-0.3837884074552562,0.38514893777687914,1.014439416174474,1.3353859949893956,1.5283603874853826,1,1
1,409,20263905,-0.5733551287132457,-0.018101089792242325,-0.8398122580508414,0.010257775094878241,0.39618624401198804,-0.5092623166269469,0.3726660979621038,0.5639710240451417,1,1
1,410,20263905,-1.7698973894262906,0.15482041737384564,-2.6291983377123103,0.5777885954549973,-0.8179806723907922,-1.3225077347698442,3.746780356762768,3.438642856481251,1,1
1,411,20263905,0.11989689692637029,0.6693723650882591,-0.9072438794811433,0.2202437333303422,0.20736171917380003,-0.8521309690511366,1.0592816465993127,0.857555897007406,1,1
1,412,20263905,-0.4327537198010063,-1.1850658625838877,-0.4590619889478518,0.8983848304620068,-0.6677851028122392,0.2993993099025722,1.2056932738329664,2.309693906936093,1,1
1,413,20263905,-1.5776927244768544,0.1448650676870796,-1.0289920454526111,-0.5752098409372834,-0.4326626726613078,-0.4696223141944963,0.7896569534667608,1.8010312053280586,1,1
1,414,20263905,-1.467865853948794,0.3462328885664892,1.2890169464930352,-0.8949821896297081,0.5119373976485441,1.6151200056133739,3.4575213675463035,3.8466522363974907,1,1
1,415,20263905,-1.5544187466919652,-0.23586948606702174,1.8543160327778452,-1.643945193518448,1.3332739195238568,1.81198204388302,5.532109833076776,9.410580647488041,1,0
1,416,20263905,-3.2255469916250448,1.2172116013254428,-1.5408066617683858,-0.8446246733674485,0.23669058122399952,-0.2442361937733008,4.100552211659128,1.5995124562711078,1,1
1,417,20263905,3.781412839380522,-1.4743335824599373,0.9226347124063494,1.4279541016891812,-1.0276436323865044,-0.4888180485400504,5.644996362964522,4.635307361569483,1,1
1,418,20263905,-2.571329123923171,0.46670305576987053,0.7766622690933218,-0.3932446934216003,0.25749528590480114,2.0061047572124124,4.513151615631104,4.8538539059021915,1,1
1,419,20263905,1.2254081148077063,-0.23767482889781974,2.163125232287612,-0.6742212780095542,0.22145505393776682,1.0556261037953263,2.51722887140027,1.6054675700622716,1,1
1,420,20263905,-0.40553956788917844,-0.038220443287820295,0.2857408540538984,0.04802147594359951,0.245521444380237,0.5454545687081117,0.2045218847570044,0.590932194122824,1,1
1,421,20263905,1.9849883244042772,0.25873535178569146,2.070937622703653,-0.14432885486884572,0.33697948676531736,0.8185100330266307,2.2481837895668004,1.0710691995816033,1,1
1,422,20263905,-2.91361277799939,-1.5847524962473214,-2.4741358162117137,0.5372695816297792,0.45588839893103694,-0.5797721561583399,5.843687040281598,1.113143237095829,1,1
1,423,20263905,1.0324039700651326,-1.451298114804619,-0.4175772550569974,0.3662351321690025,-0.9135883551703629,-0.806470439780215,2.3793653712022995,2.4800908093024803,1,1
1,424,20263905,-1.7485406995900519,-0.09023402937580749,-1.3494528289316463,0.7182701013788062,0.20615013710239027,0.0395493230992864,1.1335755123377802,1.1730812757645563,1,1
1,425,20263905,1.488155284665119,0.5686260090254058,0.5783179690745328,0.6149616272188041,0.011627463767599492,0.06749562597121579,0.821509054607543,0.7560861771980304,1,1
1,426,20263905,0.426638823341257,2.635170014858366,-0.5865358430182255,0.18817486781493642,1.9092158739667275,-0.7382509100170102,5.707918858369127,7.623835712686233,1,1
1,427,20263905,-2.1879645569114174,-1.4984346524190049,0.1762545955172925,-1.0979577882768439,-1.2606103374226696,0.7816966721435903,4.030175133585279,6.063811182965047,1,1
1,428,20263905,-5.975921284771076,-0.35449848148083024,-4.522265351438577,-0.07521267939349485,0.5321263775243431,-1.407660061609976,13.42145255012127,2.8493600120777627,0,1
1,429,20263905,-0.13682843456778926,-1.4502117118057845,0.3885860864767636,0.26748084565538477,-1.6217226525251967,0.6235123962193779,1.759623893383809,5.484624898787602,1,1
1,430,20263905,1.0827274614481155,-1.2719778915925277,0.030532711282404534,0.5885955362698496,0.11390108467957935,-0.2630789013999627,1.6228578227878403,0.6285582842646136,1,1
1,431,20263905,-0.5358888922949205,0.5873317103919092,1.1128604781201972,-0.5452385253467966,0.27905388102617523,1.106224161774402,1.7264223090416246,1.649451051242671,1,1
1,432,20263905,3.9172263474492155,-0.0033888871056880427,0.6756116738722397,1.911651315819853,-0.565045499434406,-0.5254381470014703,4.930876259623793,6.016640000854638,1,1
1,433,20263905,-0.5634242045026738,-1.092994900852941,0.5286512311291034,-0.9861144843509138,0.49804756614872914,0.2847801456068236,1.4609523371985462,1.8938745493461697,1,1
1,434,20263905,3.9138872703640715,0.22572444803121952,1.4399735085811898,1.284701109156245,0.25091851286348527,-0.13723233524389505,4.225086165548044,3.1962198672224162,1,1
1,435,20263905,2.550570079000863,-1.223988096791395,1.3468222566690287,-0.015044953173379838,-0.10306892059756187,-0.1658122700053093,2.8019809520669035,0.06658110770802553,1,1
1,436,20263905,1.3622992576043913,-2.4613778396671835,0.09830132474419884,0.8000162022658728,-0.07120529198117552,-0.25734901833626,4.997575360496924,1.0348931816070444,1,1
1,437,20263905,-1.500345091708084,-1.14681818018695,0.17653523820582961,-0.5996547987029928,-0.5736281454023986,0.6795635505511659,2.1488011602760833,1.599067291353249,1,1
1,438,20263905,2.157464029557012,0.43791989545800325,0.182181419833654,-0.6898888310890712,0.5751955365463697,-1.454201863604337,1.7895084617530368,4.640436427740179,1,1
1,439,20263905,-3.875238302594738,-1.895978185151447,-1.6645903293672433,-0.1473692762430403,-1.5793617525351382,0.3764521763159549,7.273566839189602,5.199818517174695,1,1
1,440,20263905,1.5042143407661115,0.5263238708702046,0.6331159531965653,0.9274108488300143,0.12526319071616349,0.29409394095687436,0.7995049884301724,2.1062121889128016,1,1
1,441,20263905,3.0414839182130677,0.2569506008462902,0.09768981910443131,0.45900621147615084,-0.15029936532818747,-1.4118197233868581,3.634293666859262,2.300347931550102,1,1
1,442,20263905,-1.7731345639112135,-0.8616443840145973,-4.045490972090306,1.1388167137948528,0.4198976586574083,-2.442533984271367,10.29155841120535,7.308830914205988,0,1
1,443,20263905,2.037867241796306,-1.865015167962617,1.6000489240966544,-1.5214214200968854,-0.8137105937393553,-0.4671452928303597,3.895729388546281,7.777785957546667,1,1
1,444,20263905,-0.08121309596423032,0.7983213910080023,1.081888993344208,-1.704808344061803,0.8199993270330401,0.16264851820560597,1.4473434450114628,5.838645581698515,1,1
1,445,20263905,2.431873407476232,-1.1627187778289045,-0.3561002706596952,1.926683462271832,-0.2224219410724723,-0.6599973614662508,3.992531437443761,5.887368182287722,1,1
1,446,20263905,-2.15726654762765,-0.3358635948229959,0.9803504307221687,-1.4936978529730567,-0.605128764993162,1.3533478066004931,4.0225507997395376,5.51306623299649,1,1
1,447,20263905,-0.3451708653895267,-0.5746253900463576,1.4658219812325086,-0.7608327950249674,-0.966879473797215,1.2303462746068479,2.2920527330184637,4.021961017691664,1,1
1,448,20263905,-2.3237105316911695,-1.5535075501826507,-0.40741731274188453,0.6889711759926698,-0.9345761652388753,1.2904681938552423,3.6908744325888927,4.833453611691402,1,1
1,449,20263905,0.22426994630387043,-1.3782044011460775,-3.2758281493370447,1.3422708338434859,0.7304905778708438,-2.652725459815097,10.3751636075776,9.460888468328797,0,0
1,450,20263905,-0.07059020335404398,-0.9828914466595113,-1.8460673548923268,0.6344567884359549,0.2845499319131612,-1.4516985539081044,3.3341579282133855,2.5697117426855702,1,1
1,451,20263905,1.968586857135051,0.173399187895025,1.2222551003622897,0.4950136142154733,0.04176275047290648,0.3562822379193129,1.1720091340000196,0.8238216436712853,1,1
1,452,20263905,-1.6086478918471485,-1.399342620012053,-0.589569857372922,-0.6852307555572921,-0.022894205051731287,-0.0829342474112507,2.2972788352345472,0.9671379848151067,1,1
1,453,20263905,0.6950467282703983,0.06497833014145551,1.6092580260211662,-1.0747552573713293,0.7388713753955392,0.5930651352873205,1.4702321786606425,2.7427985112336186,1,1
1,454,20263905,0.5591695431340398,-1.1764448724048497,-0.17723995892846744,0.6536038911979958,-1.0442518409859705,-0.12420612854749045,1.2419887810800818,2.510790719981706,1,1
1,455,20263905,0.816256345946563,-0.9048549950263094,1.8268271110493828,-0.603469107942388,-0.33650227281505335,0.999623058795426,2.4592214140582302,1.556247313407512,1,1
1,456,20263905,0.9026417768629145,-0.5913735399767046,0.5825259684217059,-0.24659459368236014,-0.5307107418323798,-0.0796807450255748,0.5027050061295257,0.8200630372257671,1,1
1,457,20263905,-2.9361396183402917,-0.2472846978133013,-1.6269112364968805,-0.9734886348920924,0.5413795030732198,-0.5519839126941061,2.467334752738368,2.872082250215561,1,1
1,458,20263905,3.1776528140190905,-2.4676492388280464,-0.0545178600149967,1.406513611033816,0.7072561595309941,-1.125853188696545,8.29920301878361,4.923104421805366,0,1
1,459,20263905,0.14919713378946398,0.17609336933514033,0.6544299499479393,-0.022089463968669065,0.9201305761605619,0.5597849905908066,0.3013085139406525,2.306794247536028,1,1
1,460,20263905,-0.8918092467711958,0.7494680098830273,-1.0633975941084515,-0.35701205216533793,0.507597986470428,-0.7650254221596964,1.0427750272511016,1.509397198758954,1,1
1,461,20263905,-2.9889391664614564,0.49442698550639247,-2.031820268524527,-0.0923874580534374,0.2960648511640634,-0.43863808885679956,3.111996080556941,0.40984953900677745,1,1
1,462,20263905,2.051356428454284,0.7601296342010523,1.9375983969676582,0.43354128350473076,1.1635018604707832,0.9844219548186866,2.3841588471578605,5.590229707939979,1,1
1,463,20263905,-2.127933699700314,0.20015791204980302,-0.6368822581417817,-1.7726712393043442,1.9331033587222117,-0.4239451637709134,1.2585581794342702,12.260115680704734,1,0
1,464,20263905,1.3503669313591615,-1.4592421801191,-1.1323941105730029,1.03576904715964,-0.35026216889393835,-1.3230652840636323,4.261269661192004,2.958338678985954,1,1
1,465,20263905,0.4942872927681705,2.078642147631863,1.9939763041618903,-0.6055022423029612,1.2094626361077179,1.3421430148462472,5.657333506020414,5.324551731625617,1,1
1,466,20263905,3.5210961676085475,1.0167167941441104,1.7615881855246442,0.4537091981599275,0.46554303659961793,-0.06790821263282001,4.055386420500543,0.9197932239817683,1,1
1,467,20263905,-1.6827875187737575,1.1409422773154514,-0.0038013335003483917,-0.37731111465914324,0.4995813699409323,0.7268845476559995,2.177757450768397,1.1767517991416847,1,1
1,468,20263905,0.2183097141780479,0.5195247268113518,-0.3232768469852232,-0.2815774633218098,-0.021037410956708302,-0.6087920739913326,0.3497576538364036,0.7982868119644326,1,1
1,469,20263905,-2.178528519944436,-0.04278894913118714,1.12585648693603,-0.6547794661973825,-0.7838664873422703,1.9917847681382042,4.422977627436148,5.497998860698376,1,1
1,470,20263905,-3.161921207801626,-3.118784955896565,-0.8520261785519239,-0.7081198481856958,-1.3478956870590975,0.4648302970227083,11.400170204219991,5.050985818017841,0,1
1,471,20263905,0.9211626421241164,0.13528042128478715,0.782780306500527,-0.6544192162050066,-0.14356466035506213,-0.12238964247216683,0.36026455841697747,1.0224064672983837,1,1
1,472,20263905,0.143968623128373,2.199120464868021,-1.840359793890613,-0.7383231968457835,0.6179413641515411,-2.3530034915566005,6.550766041341564,9.525017418003227,1,0
1,473,20263905,1.7053635001419778,-0.30724310763785007,1.6248220969929292,0.6658023438997205,-0.2625430151780214,1.0112258665019465,1.465704156076215,2.7587238834705943,1,1
1,474,20263905,-0.3437853862179452,1.309716352564485,-0.6634054661695075,-0.024979946026604694,1.2264221176759378,-0.4837779382178743,1.5784846919952402,3.104566734073943,1,1
1,475,20263905,-1.1169370051904792,0.05547946828161302,-0.340278389757259,1.0661459170836238,-0.05555007682307701,0.9100625653598345,0.3413301681455009,4.126800149818845,1,1
1,476,20263905,0.669678566055083,1.5317649793571355,1.1708971246331714,0.49846067235677083,1.2083676665805343,1.066776593491461,2.437138705455429,6.371547251923657,1,1
1,477,20263905,-0.00653496445639945,1.1727963570748967,1.5066224862359547,-0.30162990296367553,-0.37276920405846264,1.3301571841894135,2.7913810584413286,2.1630166567001283,1,1
1,478,20263905,-1.7177949643003245,2.3564690789419016,-3.1461056958000597,-0.19345878554369023,1.4773711937936362,-2.3263416102734316,10.273855149378406,10.102549577963028,0,0
1,479,20263905,-0.7976953544522942,-0.7947430802275912,0.17338261580772496,-0.8846794404550806,0.38632500617715226,0.12200491136163076,0.8609932447267156,1.4875051982214336,1,1
1,480,20263905,2.270028105887384,-1.5050346151742444,2.439745815478119,-0.5805076125026432,-0.04783865449202609,0.7515051335084945,4.540479177841246,0.8984225160507606,1,1
1,481,20263905,1.8484266674318377,0.8045541610869325,0.7668337395550822,-0.4791461545208051,1.1094948225910084,-0.5768199820668704,1.3638210684041274,3.0509755319129424,1,1
1,482,20263905,0.892625272447539,-1.5824876346522279,2.307666530803118,0.5488969728750348,-0.5037762753326395,2.093689375461362,4.856654826243243,7.349200504116598,1,1
1,483,20263905,0.6218977441320774,-0.3704556223841376,-2.2719322027380286,0.6289729527413215,0.061651631619518095,-2.2685553819830693,5.188491185932538,5.679437119541973,1,1
1,484,20263905,0.26882928749318324,-2.1216371340206805,-0.662492196883818,0.40070552808262505,-0.919828153137219,-0.6044703331402163,3.8894035068403143,2.164416487714517,1,1
1,485,20263905,-2.018085556067966,-0.5012082979096133,-1.6526450798788233,1.3485797728119167,-0.23867290626194174,0.24678931900859835,1.837418137507339,3.6466739975694953,1,1
1,486,20263905,1.0025846983614386,1.4192553722082266,2.651832921909147,-1.5552631557492944,0.2636964044149312,1.1606051229951608,5.494998227884303,4.39317384115116,1,1
1,487,20263905,-0.20198209865976935,-0.25178230126516804,-1.0121759617291133,0.2618605165865233,0.5368798708943162,-0.7481337968183157,0.7335463211702674,1.147162512075156,1,1
1,488,20263905,1.4429769685919567,-0.17580293215988746,1.5967880107397576,-0.21225824580459118,0.08873888794053723,0.6308833750193358,1.3245742865765726,0.4717183971882984,1,1
1,489,20263905,0.9765524147855444,0.19854942826128275,1.2944851688849468,0.9583996852876808,-0.32747390706557367,1.2841410200053363,0.8841107082315931,4.959756648397621,1,1
1,490,20263905,-0.4161718996231585,1.5679430480342047,-0.35072209358334305,0.1374082429068153,-0.12304895227470489,-0.04733490496532332,1.9823853237961575,0.05303880304535689,1,1
1,491,20263905,-5.84840997443753,-0.2656650728312052,-1.0129883148238576,-1.3535777814354901,-0.23135201075981068,1.405779634118821,10.141307274264893,4.166111787332142,0,1
1,492,20263905,-0.8901571689683294,-1.0396059503657555,-1.5782393937665802,0.034388522310713654,-0.23380350979179415,-1.0650410437975906,2.23891246067047,1.5765909016034316,1,1
1,493,20263905,-0.830213996118836,-0.8747238623914639,-1.156723084604522,-0.3957897166284141,-0.03570241768865963,-0.9170212187156924,1.3175247261079654,1.7380924377237468,1,1
1,494,20263905,-1.1310519714204403,-1.1422804251813954,-0.10775096213329505,-0.5099650854153523,-1.3627716482518626,0.24516383215596302,1.4815304094699104,4.600344910928433,1,1
1,495,20263905,2.543903990388465,0.2354468512757633,-0.16567501011950014,0.24849336102634112,0.08454366471229098,-1.497543273059196,2.9629360713672597,2.514110270066648,1,1
1,496,20263905,-1.1508662228273252,1.620190717082206,1.5109807519884129,-0.4218201650716722,1.174701525054409,1.922925878994132,5.486667131296208,7.656157974249948,1,1
1,497,20263905,-1.019165643152263,0.7266676749572658,0.3117494639620446,-0.022503326993700057,0.2908833361620343,0.8774182754309842,1.109157898130223,1.2249464439982656,1,1
1,498,20263905,0.48190642959038144,-0.9262656942200528,-1.206207496817754,0.12663477310567117,0.43428751315877,-1.4108858112412084,2.2464292105113923,2.5153063892231025,1,1
1,499,20263905,-4.093494558157026,-1.179700032525491,-0.21310661003212772,-0.12877261951244634,0.16390148016529407,1.9847770031673369,7.226030292838349,4.963239453188646,1,1
2,0,20263906,-0.6249167332617844,0.6864914811454279,0.6459441038438314,-0.9466840259602094,-0.6018547001762965,0.2171416387947816,0.9859508027527559,2.4354297148865616,1,1
2,1,20263906,-1.8520461563429933,1.0276719276432704,0.9735335470617912,-2.0039523349654047,-0.24827675476693645,0.7645592013792216,4.639631462995254,5.504033478794301,1,1
2,2,20263906,0.18808882172479002,0.6428874530116817,-2.5055754826750203,0.5264071576166742,1.0237778932552424,-2.0639950788543993,3.9894951788892117,8.654351059206842,1,0
2,3,20263906,1.0135529511086503,-1.6779348350338037,-0.691841567579992,0.982299010052401,-0.5025759969304788,-0.7546338678555965,2.7803670090111834,2.102710158839508,1,1
2,4,20263906,0.7891970183191575,-0.5685844320472496,-1.7508517768280356,1.4195041884567559,-0.8780463861763185,-0.9136989834604186,3.1538765153058606,4.522719283166751,1,1
2,5,20263906,0.47133677600344015,1.0998222845230798,0.7957925876612393,0.3335339843502112,-0.861942506290411,0.6050151087739271,0.8356992839423085,2.6153171819042225,1,1
2,6,20263906,-2.017252199923334,-1.3213655481544222,-1.6429768666169124,-0.4756298079510515,-0.1206609926667903,0.34456078585419314,3.2109693485590256,0.3709032271682133,1,1
2,7,20263906,1.1911693866710777,-0.3845158120126392,0.21317266019472925,0.659918314809687,0.25165473002247035,-0.5023376451807573,0.9722292588245052,0.8170336670314075,1,1
2,8,20263906,0.20552674638830126,1.0078727839955528,-2.0687917522035093,0.27875083443522897,0.28730712010036796,-1.981584771979101,3.1499276889167658,7.242521638448782,1,1
2,9,20263906,-0.7538198842464112,-2.141199955345689,1.64097844402,-1.0901968128259796,-1.2297436091036333,1.1608302802617343,4.778625704103779,6.242792697064238,1,1
2,10,20263906,-0.06739631419328873,0.35061855374511564,1.0689480397076565,-0.760698553685657,0.15021260687503302,0.13913214788511982,0.725890631269398,0.8124173142229782,1,1
2,11,20263906,0.30214213044803273,0.719273906855769,1.1276745743927705,-0.5019588228335863,0.8634785212140936,0.048203799478103264,0.7842770110263015,2.048388660182429,1,1
2,12,20263906,0.2105914929044701,0.3867138355056426,0.19783082764232063,0.41863597065105296,-0.8620766495913563,0.48287840998377884,0.09811505264784595,2.463695144873438,1,1
2,13,20263906,0.8111154933578462,0.6437295121715363,1.1042574858622984,0.43671399604181715,-0.41742549776979665,0.5919197738297445,0.7766228288412045,1.6741198720380512,1,1
2,14,20263906,0.38574269095914815,3.6723405256278836,-2.261360655007067,1.085763447175509,1.3354191052712978,-1.4422189733564554,10.055034496651023,7.194981671008685,0,1
2,15,20263906,1.440259717987459,0.549426283545968,3.4621781011910144,-0.4397780383230696,0.20259486391560563,0.8436538748960212,4.995583275628545,1.4123674945516778,1,1
2,16,20263906,0.6234259387100138,0.5289710572402776,0.6331974419138149,0.2185720781931053,-0.6127524839563849,0.08807228830947525,0.38635599133306614,0.9483576895569623,1,1
2,17,20263906,1.4994652175908243,-2.7735286040195484,0.4918335475900122,0.615770146957928,-0.5814986017666881,-0.7604876690726345,4.882566242192056,2.0099179506267633,1,1
2,18,20263906,0.10936411570554583,0.6784882767621316,-0.38173813825731884,-0.018205977690726627,0.03914038381268959,-0.5544050036214525,0.33346864781289387,0.6726753350021839,1,1
2,19,20263906,-0.2762728186207397,-0.6125403927780808,0.23163978164255639,-0.8000543159173077,1.0193172593514044,-0.45522596543968713,0.3023139294264666,3.922782697818713,1,1
2,20,20263906,-1.061028860808861,-0.7406152944989297,-1.1766850162967302,-0.15776760286915703,-0.4088909541318989,0.0037728350403243966,1.0615427888086306,0.508750953056449,1,1
2,21,20263906,-0.35223544846398624,0.617918320963243,0.3114064833103143,-0.8002714179664139,0.2950038435225987,-0.28426325485382037,0.39224270265842426,1.6701085927412604,1,1
2,22,20263906,2.164668495519223,-0.561385236459277,4.283667883393768,-0.2262293830398363,-0.6309812180030998,0.9118884056954382,7.664050438945159,2.1679305230797263,1,1
2,23,20263906,1.0232689551854293,1.6192539395636774,0.39455716789268536,0.6227998280187137,0.6478706129134592,-0.16431941051813004,1.8202591957515162,1.7276179556030413,1,1
2,24,20263906,-1.375510157967355,-0.9778664552065164,-2.864349835712737,0.5224281947019449,0.8255528385658537,-0.41647430792387624,3.921843112382707,2.1118873985249267,1,1
2,25,20263906,0.8635814829121813,-2.702684927802407,0.3854199553479205,0.3692454395805669,-0.5513396390642478,-0.3373989985568965,3.8265504116268456,1.0357984968024738,1,1
2,26,20263906,1.2722904032949458,-0.7572975193567756,0.72769619808372,0.5943227448390189,-0.2284287250802669,-0.195245080935746,1.1618357353035493,0.5329417223076602,1,1
2,27,20263906,0.7893538135572555,-0.5410604232208824,1.1598303621257173,-0.3642045595092753,-0.4620144658120698,-0.39291835020618787,0.7506193572140696,1.6393517892745393,1,1
2,28,20263906,-2.5069990921237917,-1.5594723728087012,0.4074211325319581,-1.7146584115268126,-0.03245272491724919,1.431434124260714,6.460859776905524,4.824562923116282,1,1
2,29,20263906,0.46380145876690904,0.8299279315561829,0.12690911038339436,0.2521400001819387,-0.3119644751768269,-0.16141494211083773,0.4528992010275924,0.32503954069029883,1,1
2,30,20263906,-2.0736535621621073,0.8687787210491228,0.7399733073486487,-1.673255410496239,0.021877902229561298,1.2637968216966402,4.741019641710734,4.229440753930993,1,1
2,31,20263906,-1.1132326345210828,-0.4012465896486237,1.476468900197979,-1.2504318463276576,-0.8691140204280529,1.2970449778011324,3.188804366301561,5.0330277493639475,1,1
2,32,20263906,-0.692440408278344,0.22472661458931859,-1.2160975330760024,0.506015156265363,0.2682467207115399,0.36897047964894464,0.6575422965527477,1.4234445750268954,1,1
2,33,20263906,1.6152965680863218,-0.48087177948161663,-0.23689836457297986,1.0168050243868834,0.39465746665237794,-1.0400965026914566,2.2820625084933095,2.411302751606274,1,1
2,34,20263906,1.5630592917333814,1.7495845114348214,0.05154318922435408,0.8977146047660085,0.24670541349514996,-0.8679715510999026,3.1643677565171213,1.6522669203712712,1,1
2,35,20263906,-1.2560017801962289,3.1953027872812942,-0.864751301513742,-0.566045627558907,-0.09184168348091905,-0.046512078852808954,5.843393039536774,0.649807291787927,1,1
2,36,20263906,0.6920458649406669,-2.4016052650489144,0.48550160929529085,1.0455195245068154,0.18767279514907714,0.9192246633800398,2.9601598958576227,5.790842019605124,1,1
2,37,20263906,-2.0916089468421433,-2.6107032321463546,-0.391186793173695,-1.0234037834507461,-0.8149720302886849,0.960506862972532,6.064797680673748,3.5624670807756402,1,1
2,38,20263906,0.8894066751343956,2.5258041470740946,-1.0813815327069491,0.6019298369397461,0.019391479469100744,-1.5121081835704842,4.8590729563221675,3.8300128011528907,1,1
2,39,20263906,2.1585931968729994,0.9744069503825912,1.0407065744088797,0.9347111573987235,0.9152678358091229,-0.6293418974712963,3.049088090261689,3.343230518264948,1,1
2,40,20263906,0.8051065657557501,0.12380901707274024,-0.9419747204508511,0.9600155604793201,0.5115637044994152,-0.7340022934609762,1.4368162510778772,2.0406166827886683,1,1
2,41,20263906,-0.8171111177126988,0.49631051006681687,0.6032313305597512,-0.9648405757087204,0.3491993010132887,0.40575552729078895,1.1084545005744704,1.4029270866313042,1,1
2,42,20263906,0.6356103503199222,-0.45150517245885863,1.346620821612298,0.2255344993829027,-1.0760251029353538,0.7950155741573078,0.8392211247710704,3.877030002616035,1,1
2,43,20263906,-0.7099030234407735,1.8616224128936003,-0.6121065730020874,-0.5169001266872613,-0.3710923499591278,-0.386353743269815,1.9692462837662044,1.751481251799295,1,1
2,44,20263906,2.617852269543306,-1.0246780923297576,0.2043616350059878,1.4050647358338892,0.03793331561197221,-1.445030863274149,5.20131460138564,4.069703250548848,1,1
2,45,20263906,0.5280081604305451,1.483632220392206,2.675521678856697,-0.516386994519678,0.18796530510360845,1.217545778255534,4.174300525194849,2.8193199055972067,1,1
2,46,20263906,1.2319229465146293,0.4510842052407771,0.6931045199508006,0.6699054443858046,0.06992073036216995,-0.07077559996209767,0.9345617419472728,0.6991498754696905,1,1
2,47,20263906,0.06271065762796013,3.484130869644212,-0.14536652218710344,0.21890259486900732,0.27784337432053696,-0.03742381266459659,5.774231604413518,0.29318142486981474,1,1
2,48,20263906,1.060742335088392,-1.9210733487761087,1.1436235075348193,0.36490170392603716,-0.61731818355858,0.1693295775267734,2.477756977540942,1.1217884833947362,1,1
2,49,20263906,1.3096355681727943,0.9889230846458921,1.0979009345899513,0.17581881533902788,-0.31303048514657317,-0.44362699748263384,1.4661044332040991,0.667584008265327,1,1
2,50,20263906,0.3106521772583193,-1.4328663655678315,-2.007991874595902,1.020720207965283,-0.058769006101143266,-1.0940626529604185,3.679610429519517,2.301744523447482,1,1
2,51,20263906,-3.127602368858959,0.7997742981947475,-2.2959212790383035,-0.9155984122935621,-0.24867569773067194,0.532507598270325,5.743048067985407,1.3071120355181516,1,1
2,52,20263906,1.3285024211585608,0.4426373067500929,1.4682519422097045,-0.13058194366696796,-0.7531051368085624,-0.5045086146581448,1.3385758407511412,2.534660907549736,1,1
2,53,20263906,-1.3937133774915225,-0.6676542677054131,-0.6936488038399915,-0.3577669798491172,0.4485532028592244,0.6701881843447688,1.280716998746559,1.4470832559782218,1,1
2,54,20263906,1.1520156017496959,0.05247172717332565,-0.8734784861445206,1.5569418942506132,0.9719410791434961,-0.3220797770680911,2.010988224756618,6.252449310764633,1,1
2,55,20263906,-3.080987652598438,1.8476344225928159,-1.7492681893581192,-1.4758019589812363,0.9212037238989907,0.28382141938853805,6.850144564803403,4.610125494766447,1,1
2,56,20263906,0.2390023893076858,3.615749081102431,1.6269823264927012,-0.8088892892418897,0.9858244570594478,0.11196710719939426,7.247693482964889,3.0392125181261274,1,1
2,57,20263906,-1.7597002730328626,1.3672850329753297,-0.39846401161121037,-1.2626939775327344,1.0585977462131595,0.2446286549077077,2.7976363077262345,4.5032499446012775,1,1
2,58,20263906,-0.8391704577390584,-1.1791878352626919,-0.8180241460859321,-0.36308422719623934,-0.3882309046392679,-0.2035741503552845,1.1212183743300976,0.9970647452044117,1,1
2,59,20263906,-0.5388388729940345,2.061627495424626,-2.368568231462845,0.1699618915702672,0.0854083363567001,-1.4893046507795669,4.612142109631261,4.255644455308516,1,1
2,60,20263906,1.4151984550609882,0.7921263831671855,2.0901465062035385,-0.1320970845976035,1.1478345378713273,-0.02010971416205562,2.275815031756016,3.274930570838506,1,1
2,61,20263906,-0.7845264558191758,0.07877362634778234,-0.524131619329971,0.11048189575572565,-0.4098194483724451,0.6669515390110744,0.3425269835866564,1.3041794209031519,1,1
2,62,20263906,0.7427767757650088,-1.6157963222645575,0.7806915533082233,-0.06914128242146944,-0.6848141549698551,-0.32845174437939184,1.5856754315950925,1.7015155307034917,1,1
2,63,20263906,-3.019338436080716,0.12682772046444868,-4.118275719276895,-0.3537444109466037,-0.06775523715739837,-0.7754957498026849,8.172182475150349,2.0947873042136913,0,1
2,64,20263906,1.1826552664367824,1.7821362227960864,-0.08498653791205868,0.8140562096462673,-0.1152184341168069,-0.6059422291965033,2.576034211097573,1.0225872340165847,1,1
2,65,20263906,-0.4706742285365806,-1.1884097207846047,-0.5225468257483712,-0.1505096893889828,-0.7531443453990518,-0.10654188093277689,0.8344622475919846,1.683692473444884,1,1
2,66,20263906,0.8436680029733594,-1.7845628962328137,0.14262552023394193,0.4855624407016421,-0.4893116119568208,-0.36243359684374293,1.9476923074675687,0.9505616954347998,1,1
2,67,20263906,-0.3950657408000211,-0.6073200353798969,2.756111462227558,-1.6388126642661405,0.08366998546008361,1.0619432487713387,5.0542419326749775,3.710280007294921,1,1
2,68,20263906,-1.687268337927975,0.6310274623842174,-1.6200972547058328,-0.4077461145808172,-0.25431264561488987,0.03895324929291113,1.9831254868099988,0.4774542414306792,1,1
2,69,20263906,0.3743051377796007,1.7084129851809047,-1.6535008167247653,1.031301652839261,-0.1857244774749805,-0.8111448344710225,3.403285880945303,1.747251816091656,1,1
2,70,20263906,0.2971358460303719,2.6352259728890624,-1.8174485080618012,1.125384846846103,0.6678145713973506,-0.7799085977237031,5.589958698674192,2.932652375171782,1,1
2,71,20263906,2.6524058400751187,-3.552166670816475,1.2410860216353754,2.1021644826160184,-1.444672529526559,0.3862803050934245,9.704126005815544,11.59181578119392,0,0
2,72,20263906,0.7137680192548999,2.628732325340926,-0.20705480356297556,1.0639989884492707,0.551756640381493,0.21007104002546048,3.7452846935107558,3.58620753751532,1,1
2,73,20263906,-1.5307886331243878,2.3816729500575367,0.837333585027821,-0.899447673817221,-0.17115239915478445,1.635765757763075,5.5842224052563,4.515036934572267,1,1
2,74,20263906,0.9162629948420431,-1.7467815636636321,1.554120327967901,-0.11152864269742224,0.22106792574907505,0.13183602489721374,2.4341914941346348,0.16599900361034353,1,1
2,75,20263906,0.8695139146470297,1.4785131433619814,-1.0711807730286225,1.0974040962467768,1.2249374855158741,-0.7738758058090509,2.8017356042821895,5.4543857698910925,1,1
2,76,20263906,0.14953418308931532,-0.28672325859170616,0.06817234970891661,0.11554370844120854,-0.44712593955890717,0.023723553091204243,0.05129099182531466,0.4926786943291918,1,1
2,77,20263906,2.1113370314148625,2.501236686863351,0.6979510197531766,0.9791665395570845,0.31155769878751355,-0.8895592433105631,5.496196046126196,1.907582494558596,1,1
2,78,20263906,-4.625128543876471,0.5160081000451537,-4.081089843915123,-1.9721709036562487,0.18266422350346675,-0.8247341362191617,12.756970003317871,10.942811799999859,0,0
2,79,20263906,0.6713759740007816,0.19410834378945158,1.7602654063778331,0.19363237694622626,0.21580506737317812,1.1042443192156388,1.2874367940850902,3.555014573238751,1,1
2,80,20263906,-0.7291328040614218,-0.0019601233376846075,0.36022566003535417,-0.8480259390998555,0.17136304974194536,0.20277006393393185,0.6213543289573513,0.9808222159914926,1,1
2,81,20263906,-0.005374799129612029,-0.23578344669597606,-1.6202049497811828,0.5096101852850978,0.05868934874464417,-0.9462429911313817,1.4652749463040227,1.4662122338171018,1,1
2,82,20263906,-0.2931554069750746,0.014648982724424494,0.5957732023772451,-0.5665644164890296,-0.03414229660346544,0.23068021900574706,0.3648967553221017,0.4167005215083334,1,1
2,83,20263906,1.3365310208379384,1.930379825320675,1.0203397509604244,0.3973285439140568,0.25150555485711457,-0.28403078496951656,2.740707942664123,0.3912479259757636,1,1
2,84,20263906,-0.3727956433221351,0.20768478610432953,-0.561798844832758,0.5087745734343656,-0.8174352961158465,0.6204128916148571,0.16350892222354213,2.8411325228025524,1,1
2,85,20263906,0.3009762434526948,0.3133778182427928,-0.6430853616682555,0.2176832052126798,0.8585872276631807,-0.7479621850620889,0.4596307751859097,2.4011592413080245,1,1
2,86,20263906,0.7359152045827102,1.7971640208177457,3.1808631195335337,-0.6921120386609942,0.12509924668089817,1.1767446212293489,5.821670472576743,2.477423077843741,1,1
2,87,20263906,-1.4445935611030052,0.052510442436425796,-2.591441332189831,0.20538257904574664,0.1579279622180523,-0.46250622298149957,2.874987886927471,0.3817783319158766,1,1
2,88,20263906,0.47523341317770473,-0.8957796968922683,-1.2302903323481331,0.6605401076484441,0.719127200538163,-0.9883117934102671,1.7442230634230365,2.615530734739271,1,1
2,89,20263906,-3.063133153486447,-3.091220770858216,-0.4904159981613674,-1.570725270623626,-0.15854947683576442,1.3761885973323256,10.697664590815517,4.285275984927978,0,1
2,90,20263906,0.15797456555972644,-0.18006249758454407,-0.08485404103849703,0.1934779975262444,-0.1467398727344902,-0.03755111957817314,0.045800969431959465,0.09223711180973845,1,1
2,91,20263906,-1.6892189475570945,0.5924541216762513,-0.38175874513324004,-1.3205138248074206,0.05447522392918197,0.09656339271826227,1.9109374585304606,2.6857969048126824,1,1
2,92,20263906,-2.3955575520917733,-1.4564061931157484,0.6305260300632227,-1.7613881260678284,-0.3298261026644383,1.4515932930584432,6.345941665939924,5.28870656757868,1,1
2,93,20263906,-1.4125017601163563,-0.6360267889691171,-0.21756272016691014,-0.6921404926638957,-0.21398574358624456,0.7313572688015797,1.4742363448258495,1.1120054506752184,1,1
2,94,20263906,0.856857831084767,-0.16458034528304688,0.2274143343991355,0.33600276915728955,-0.32694229705250716,-0.4701602269003397,0.455376022132871,0.7074218423908726,1,1
2,95,20263906,-0.010499152168890191,3.0675999630267876,-1.7314384913082748,0.7123838796055537,1.279365988954749,-0.8471462757827948,6.215429167341333,4.984357487679062,1,1
2,96,20263906,1.609612649840983,-1.4777406992673203,1.7513356820836634,0.3328339345135731,-1.5613655864180587,0.004855708599129076,2.80222812554487,5.995843592334144,1,1
2,97,20263906,0.535211299128477,0.46556221211230137,-0.5053383933444877,1.2901579613197356,-0.1146313084189596,0.511093451229333,0.6194263346123318,4.364738908587487,1,1
2,98,20263906,-1.3086902518012806,0.4912851790761373,-0.056370500692487724,-0.5482644537374881,0.4030992782828151,0.9526417705706012,1.31329844651788,2.168159695019569,1,1
2,99,20263906,1.2756043181139063,-0.038796078326257595,1.6457081605642259,0.36399850388924904,-0.2508225743249984,0.397035292824347,1.3544836864671541,0.8458781384434884,1,1
2,100,20263906,1.6266627888365122,2.483927856348624,2.3905844804569156,0.947163728419028,0.10764514498247016,1.3871015151510235,5.386821181396227,8.435944267752172,1,0
2,101,20263906,-0.0988042376044973,0.9168662853211632,-1.4059059158538147,1.0050605673285418,0.5258299094328838,0.05310081566520625,1.4138368805376826,2.8043674421758658,1,1
2,102,20263906,1.1792141409129897,0.5208927618144583,1.542050930961743,0.4962638859343116,-0.6845197226611924,0.6068109283030254,1.2999369033018047,2.3797670270428,1,1
2,103,20263906,0.506641156600196,0.7503476507111256,-1.103024429297264,0.9840053933325379,0.21983569970755437,-0.47317155032722297,1.4715801307776966,1.3973553511288361,1,1
2,104,20263906,1.5357082229899959,1.1326267905512901,0.3329554042632594,0.5859853209374819,0.8174713736011524,-0.9486800502047442,2.063371437767581,2.7949969092520295,1,1
2,105,20263906,1.1643947550599023,-0.315889477734364,0.5253007392073528,0.6745816524087189,-0.17644877394566083,-0.1380022786514231,0.8071907400594113,0.6405007693535687,1,1
2,106,20263906,1.135048804054776,1.5075955886703452,2.4633567638133087,-0.6070006263772001,0.056523604563672634,0.06350922105708195,3.5033301908163126,0.5406726081956853,1,1
2,107,20263906,1.62233114325943,0.7972941935065965,-0.2839487992684937,0.6932394829978108,0.7367590745410915,-1.5227863603675753,2.5498616484415266,4.553793470902487,1,1
2,108,20263906,0.36399119971433436,-0.3779344024751449,-1.520178139110449,1.2919851346315596,-0.3353374214123907,-0.28886215833903467,1.7798180345794008,2.310810523982787,1,1
2,109,20263906,0.31689470343421533,-0.534423550580786,0.05005717325141745,0.48931992827934323,-0.3517265136915773,0.28040121383727584,0.19933958600003795,0.933470404188941,1,1
2,110,20263906,-0.9465943412578497,-0.4376115721355895,-0.2847834015017128,-0.5577753667669185,-0.430295781911627,0.22847378974305582,0.6176306275487061,0.9480318069556128,1,1
2,111,20263906,-1.699922866284595,0.6725549094852292,-2.7341750078357876,-0.31261742436626605,0.2903403619801204,-0.9653013300566776,3.534149735270694,2.6449367765895326,1,1
2,112,20263906,-0.6730792654213644,-0.2673671678530018,-0.3818686334150314,-0.4954275499835603,0.8878775008558649,-0.14180379578353777,0.28212478904820415,2.203693046648278,1,1
2,113,20263906,2.240437732687724,-1.0644975739899725,2.5457219283880264,0.21547424024642226,-0.8183450254499158,-0.2530060183817763,4.162016446908276,1.8689689290298555,1,1
2,114,20263906,2.7016665567055753,-1.4628294539182587,1.19752869640363,1.3157884936060498,0.2458594721330505,-0.7216452816302622,5.115468599843793,2.4483349276189696,1,1
2,115,20263906,0.2527328376608011,-1.940014762490189,3.516276360251908,-1.9933876890476796,-0.8623284389346533,0.427350001892802,7.808583820529745,8.392254469281722,1,0
2,116,20263906,1.1153649204693465,0.8618978741414601,-0.07531736377765696,0.7071818817537263,0.11712820674573532,-0.6285914722153856,1.311505260933164,0.8963516356237249,1,1
2,117,20263906,-1.779070129105662,-1.5432248940076014,1.519811007737161,-1.9399131729241361,-0.7455408090342333,1.289737390180718,6.373707283867281,6.893565616582037,1,1
2,118,20263906,0.8970107508581151,-0.9531135357906325,0.3122858672175184,0.9933935908245246,0.03909343743210903,0.4355253100364321,0.8905654360954287,2.862263699131475,1,1
2,119,20263906,-0.8679114954152993,-1.0923306649114015,-2.6297861254887778,0.7843401204361697,0.5695517473219034,-0.4907980750549906,3.5362060919756173,1.684604702994878,1,1
2,120,20263906,-1.0897413839487342,1.7652310339311128,-0.8070578014921708,-0.6811505054760261,0.9934977557451571,-0.2907646615247953,2.1800734394846475,3.1616779540678,1,1
2,121,20263906,1.8232661517725859,-1.8189919638309744,2.7912291598863206,0.4736248766235178,-0.07207282817122947,0.8798721905633441,4.959870239315273,2.8007481587972674,1,1
2,122,20263906,0.6730965440480219,-1.499843274395968,1.3326417605680874,0.022628609024550883,-0.13564242075522984,0.42972637686365167,1.7717561845595453,0.42117309351365395,1,1
2,123,20263906,-1.2204815691755897,-3.076025689476418,-2.640268984659741,0.16783617685463526,0.4426344740198377,-0.9294693248249662,7.651140446509974,1.8115747399990052,1,1
2,124,20263906,1.9994207685608387,0.8595118503266378,2.157174077839038,0.29804147813933923,-0.8482344602567085,-0.18256636290802944,3.1102324957192957,1.9013021855688144,1,1
2,125,20263906,0.4359423053520288,0.592664605929368,1.450540599530278,-0.5106845479967603,-0.08285875135158523,0.1687938781196551,1.0467160884782987,0.3698478212957522,1,1
2,126,20263906,2.297406546912569,-0.10848775209995119,1.2028904629377735,1.3007735471925628,-0.8336254135743426,-0.16198288829532775,2.954243478501756,3.5669339778176092,1,1
2,127,20263906,-3.4635036832285664,2.113329884203758,-3.5809438192601135,-0.38102484798528735,1.3317624620509843,0.30173123114186395,10.256878574606098,4.8255769959322805,0,1
2,128,20263906,-0.026428445578204673,-1.1696346737651964,-1.5659673356495531,0.6754588418914125,0.991791890633992,-0.6464780959544564,1.9871780290867354,3.1790211559210917,1,1
2,129,20263906,0.34067803265612895,0.2560223694990328,2.6221434718811523,-1.3103597236965783,-0.08624567669297688,0.3775081249141375,3.2625846062062056,2.335229171509595,1,1
2,130,20263906,-1.7707628325507017,1.1385931391337047,1.9996341558562918,-2.2156108913558654,-0.6472953558685407,1.3969099999472554,7.274096198458781,8.016137806955907,1,0
2,131,20263906,0.304460200418319,0.874475573112429,-0.5782402784660974,0.6202409704149687,0.5779981597369555,-0.16092498629607344,0.7243405823729088,1.493120517787562,1,1
2,132,20263906,1.8906528483813219,-0.07969982785961331,2.696634608580439,0.1521401553071371,-0.09558918178585293,0.28914424707884934,3.3872982635857065,0.2936753958511336,1,1
2,133,20263906,0.369471188753451,-3.08767700138988,-1.5470007584887924,0.6485591559840884,-0.7312813952841531,-1.2543393442806545,6.375546558313055,4.383666932781237,1,1
2,134,20263906,-1.4139507591573164,2.218191701776334,-0.5142393506276477,-0.4901867823507615,-0.012733119107648837,0.6632482908751877,3.5250733088179835,0.7631938866460151,1,1
2,135,20263906,0.8851352503228469,-2.353423523339437,2.4971526845673395,-0.5171942500692666,-0.6668383042795731,0.5310165144845076,5.061132925392185,1.6256997971647755,1,1
2,136,20263906,-0.6900615432200397,0.26371220426249964,-0.03994891647642618,-0.5557380184434351,-0.007140060496135005,0.13731935191328726,0.36264520845581694,0.41586745266280356,1,1
2,137,20263906,-0.1955711182428388,-0.8496174580910509,0.8250100905871349,-0.49904038292081054,-0.8138150063633645,0.41742459171098506,0.8367000386715936,2.097058682762997,1,1
2,138,20263906,0.5688442637210329,-0.7787447299217657,-0.6879021735401025,0.5461340241514705,-0.08020728762904428,-0.722981267036357,1.0266544832095623,0.9432410776552005,1,1
2,139,20263906,-0.7663409507036363,1.210185111891948,-0.5221312503245983,0.051505200127522244,0.38927041583575317,0.5527918331607193,1.030328040189305,1.3296394250079402,1,1
2,140,20263906,-0.4243237058092859,2.022082304807331,1.3985826744156498,-0.33016397972188827,0.9417151718522417,1.4992853992809725,3.4646010278548376,7.743613604408102,1,1
2,141,20263906,1.3979607433854824,0.27367888509683924,-1.389669815593166,0.9355302886777821,0.41501153182018147,-1.997275804096309,3.7243785593346392,6.537771428421651,1,1
2,142,20263906,-1.6804060351528562,-0.7864229513527525,-0.21575862534118784,-1.4193225901188526,0.22697234396909238,0.12061760278228843,2.142284317278885,3.0514386289983104,1,1
2,143,20263906,-1.3099258641645264,-0.449104963652925,-2.0357525748763408,-0.1851934049588806,0.30781995394455053,-0.5827203442331411,1.9546047364257892,1.0412283160512819,1,1
2,144,20263906,-0.26810196140701237,-0.9353339784171155,-1.2039873919997035,0.6081533165138353,-0.5021488178623776,-0.05041236917355734,1.0698587466117964,1.0128149781942961,1,1
2,145,20263906,-1.1018923649602215,1.1798794119541254,0.7775808584012083,-1.1574852015426842,-0.26358198516032594,0.692438359855662,2.4072142135140213,2.0168076866002895,1,1
2,146,20263906,-2.5320127892676823,-0.6531376821215984,-2.2675323235621434,-0.5026730486351028,0.3958080963265064,0.34281467657500936,4.0590645548702495,0.7513507592681018,1,1
2,147,20263906,-0.9288044303216765,0.5132852286092578,-1.966377801886381,-0.4033762641238212,-0.3484441089801748,-1.2911533127332857,1.7425900956775762,5.600683145797912,1,1
2,148,20263906,-1.2568165254892705,-2.529995484813858,-1.6119550643237517,-0.4379518230433348,0.15668419600720043,-0.6034545485565702,4.4583082680876425,1.538265623201433,1,1
2,149,20263906,-0.043507685239035254,1.901221059195578,0.01209362522963886,-0.24995304877451474,0.32067120475906713,-0.29122180113127255,1.713804481421817,0.5513532083644922,1,1
2,150,20263906,-0.4902867010104899,0.39125709345659226,0.3578591328302423,-0.545826915195903,0.5636949175703297,0.28526826268217653,0.42671283607357957,1.1448884842091607,1,1
2,151,20263906,-1.050411486691388,-0.14058195630688186,-0.9328001147139702,-0.26501189918137413,0.298537472883983,0.09919811101336812,0.6724583894554736,0.29162102019278585,1,1
2,152,20263906,1.0977187022601953,0.43786559618001614,1.9051916054624982,0.08284032877399738,0.4934166561205955,0.5144251474412986,1.6320725455901193,1.5546161866306734,1,1
2,153,20263906,0.8520495473716636,-1.7910607830998035,0.3453093113555141,0.9168458082393869,0.20628235544583517,0.40666663162681943,1.9100394194247619,2.7219359768167126,1,1
2,154,20263906,0.6858592203882097,0.20333998856840765,1.1993418297799323,0.5794204707580093,-0.6743756421887267,1.0570712223709995,0.6310115851132226,4.454673488519887,1,1
2,155,20263906,-0.8314389952090835,-0.8465965484255956,-2.4497845178894124,-0.15482127207502572,-1.14317966254487,-1.5775438400076822,2.897886787789552,10.697124537631018,1,0
2,156,20263906,-0.9371762498570035,-0.7553789706977643,-0.870800216646856,0.2574698886864297,0.3130778595335352,0.70922873452691,0.8183162541983396,2.069443773997186,1,1
2,157,20263906,-0.8734129154071155,2.4202723704238704,1.1357551602368048,-1.3552077754396663,0.24741976205541172,0.44490572040546417,4.626345980398076,2.4171293958168034,1,1
2,158,20263906,2.0354279376030178,-0.09543581263500212,2.7238805679721523,0.702712963161801,-0.9772803649166764,0.8688608398986668,3.61243079931569,4.84454551177306,1,1
2,159,20263906,0.22782634159543136,-1.8339049757739618,-1.3598464089349918,1.4721464479109727,-0.3338003680231645,0.2749959113724972,2.8691507060973924,4.2935478142121735,1,1
2,160,20263906,-1.4720793353588988,-1.8006076628279128,0.3292540999282849,-0.931644016657529,-1.395260815342584,1.0362582711153165,3.4885704355621314,6.7507048051535845,1,1
2,161,20263906,-0.8929615272184606,-1.2958415268643038,-1.139984369332872,0.11812874595649703,0.8475599314883446,0.18304969107927968,1.4720637423731462,2.168835630014467,1,1
2,162,20263906,1.3299029972928196,2.294201180001547,2.3341718831823215,-0.4105370132166257,0.8251646861467745,-0.08328163523972673,4.6826161025562225,1.8197518771904238,1,1
2,163,20263906,-3.9273898208789575,0.50697484945179,-2.1446657930263058,-1.724896296802072,-0.2872680483787597,0.6520089886447827,8.411941586075127,4.215371655659702,0,1
2,164,20263906,-1.5370160235852808,1.9755142132538106,1.1813985841160033,-2.182428181563168,-0.11651461936191437,0.2975522868009343,5.459335272461836,7.262050852820972,1,1
2,165,20263906,-1.480767792908594,2.1319365272340467,0.504799602792346,-1.0064582188216917,0.18179215629023335,1.0976983838265923,4.370573106792648,2.4341583537184803,1,1
2,166,20263906,-0.525983365727555,-0.5669248610254096,-1.5606613761069497,0.36291353108036617,-0.38960151750033895,-0.39707033603439873,1.1840277930479164,0.7191845125400713,1,1
2,167,20263906,-0.8784334497838415,-1.9911364963772118,0.9959774300026396,-1.0488166761351465,0.06153588850899566,0.7347629743882397,3.5136984212830287,1.5874279749878586,1,1
2,168,20263906,-0.32615630821290154,-1.8754715494403789,-0.30114774421348045,-0.10651326964581642,-0.5071109244662336,-0.03699591939372111,1.7449301385051672,0.737039311192753,1,1
2,169,20263906,0.6866072736770832,0.5686602510127406,-0.1897106543421785,0.8978069787600447,-0.514895971208365,0.09396549875698251,0.596769288823255,1.8128593875671448,1,1
2,170,20263906,1.3039367037205665,-0.6800428988454701,0.9592442211432797,0.026523050376198398,-0.3948293414784431,-0.7635008737511524,1.179955395930785,1.8723864248413173,1,1
2,171,20263906,0.6352479864967222,1.1176149279411294,-0.06810054364797935,0.21340445921747175,-0.2967056428925387,-0.6398443144446432,0.9119247616098918,1.05726769866938,1,1
2,172,20263906,0.4374078060924518,-0.2775079739208668,-0.10111469997670497,0.04623470093478943,0.21876866960982985,-0.6213661286907467,0.20883970795252155,0.798943881632651,1,1
2,173,20263906,1.673397127916786,-0.6936987246444853,2.1050152215135327,-0.13475022612034593,0.41227059294825547,-0.3674288417423191,2.4807109415714015,0.678364099756369,1,1
2,174,20263906,1.2717266240137803,-1.71109951494107,1.625938751349537,-0.24488075682420174,-0.635803115586056,-0.450550823057263,2.667063988887073,2.126546523002462,1,1
2,175,20263906,0.6662332508994524,-1.7532772537105565,0.2006148067140856,0.11634079647645024,-0.8257756746546174,-0.5538747166827529,1.7038539740799474,2.617637379957994,1,1
2,176,20263906,-0.4443262030583668,0.2113665211903296,-0.6617677400534063,-0.14317249897244722,0.12731844875062776,-0.2650051137045295,0.22086086275319577,0.2576183523627972,1,1
2,177,20263906,-1.2635538518790383,1.027054823016073,-0.787714968940449,-0.47243598089488614,0.17750483640388395,0.24245524183347525,1.3858490538406927,0.3506291904230768,1,1
2,178,20263906,0.7377004863603673,2.0306210811621774,1.7075620271922176,-0.2101854803701002,0.44642510781613437,0.3837750449780213,3.0790182131064356,0.8521015973626043,1,1
2,179,20263906,2.6343747164982148,-0.48199346633332624,1.2633105842493748,0.9917622465158189,-0.8384921587589755,-0.9778828151112925,4.0135312016850655,3.809698687129246,1,1
2,180,20263906,1.0184841357484515,-0.6707306478924911,1.234239919247834,-0.21807150358394267,-0.20988184530985235,-0.4372307622348747,1.0102751845770224,0.8952214075795564,1,1
2,181,20263906,0.11294658360871779,0.7292464543548262,-1.416948605349134,1.0397481882864952,0.8844434662816948,-0.18666326815931755,1.469228397595656,3.8727642819159724,1,1
2,182,20263906,0.6320593479255052,2.3111840958486307,-1.0992886747127457,1.3893473601187338,1.2784298818289777,-0.1176618409439772,3.941725268502058,7.887818276786319,1,0
2,183,20263906,2.1887529562694965,-0.3609936045832415,3.703522759282258,0.024558203299022807,0.372256311026799,0.6674945988254248,5.922969867887188,1.6073023319446165,1,1
2,184,20263906,0.007540584350920199,-1.1523196468711325,-0.8519387353361907,0.24303608424554568,0.8551358698988607,-0.5459885813976657,1.0389813154189387,2.0650837138750235,1,1
2,185,20263906,3.0315963756151802,1.3968749810304353,0.0008625654638336755,1.9628387400724847,-1.2627487614088366,-1.4539849316681812,7.642452081608025,9.494725674778515,1,0
2,186,20263906,0.3836165714584041,0.5056016829962267,-1.9094948522542623,1.072294877844456,0.525436604764416,-1.004704012886997,2.694690076113764,2.706959248081645,1,1
2,187,20263906,1.403238742642472,0.44200067712624436,0.219016784679809,0.5355794968292145,0.042817370148171864,-0.9464291922535845,1.3652319626437173,1.471445864270463,1,1
2,188,20263906,-0.6148414450948394,0.05115750342139917,-0.7525771226243663,0.3259509538971912,0.061650491315288325,0.49689583563824463,0.2964776845660472,1.071798077048697,1,1
2,189,20263906,-2.8394133943043585,3.5868020094454027,0.9610507311541241,-2.58812593985877,0.48948587390651005,1.1834978309184998,14.272112903886898,8.897200702912842,0,0
2,190,20263906,0.8216533557805832,-1.9165859258195181,-0.6684050451709638,0.59539763125278,0.11525534430120113,-0.9986632254453419,2.8208045863368634,1.6365258070256499,1,1
2,191,20263906,-0.44593386183883865,-0.07388539423376922,-0.45569887374630724,0.2957933186181805,-0.5678048078667498,0.5356448405135801,0.1336263176381391,1.5167691044926208,1,1
2,192,20263906,0.5913816428234782,-0.6463958782960822,-1.4596740144379368,1.1288530684854408,-0.5286036677521544,-0.7495671153100201,2.1629050960821785,2.4163955990922386,1,1
2,193,20263906,-0.07937640750557762,-0.2838404811438805,1.8299413939485447,-1.3965435705466973,-0.0026527471651844677,0.06137348277210191,1.9437781753506098,3.145119540770564,1,1
2,194,20263906,-1.2861783069819808,-0.13245720083529303,-3.145698882790569,0.6369531629731995,1.1912907068849963,-0.6590889056154926,4.1556294745102775,4.1756197320665525,1,1
2,195,20263906,-0.4266457950706979,-0.235496940920075,-1.5783144941924405,0.26950799083422794,0.38872892225694666,-0.6672729287082496,1.1084423273505977,0.9791668455774462,1,1
2,196,20263906,-0.5305901567040223,-0.03430011338669799,-2.3912688836268927,0.017706735258101958,-0.05920112754633131,-1.6864799111417559,2.569394697705491,6.108668874813935,1,1
2,197,20263906,-2.3216390716620054,-2.059708443496217,-2.1207565775974544,-0.762399640700508,0.09587916603899362,-0.15440195923887973,5.410654195462845,1.2092990297976078,1,1
2,198,20263906,0.13220377591977694,0.004427429777712971,-0.08253125822679408,0.10049636043878252,0.05525568457408981,-0.12477102912636019,0.023249611961424308,0.03301767264010182,1,1
2,199,20263906,-1.911208322523791,0.4018351539488512,-2.313913332849026,-0.6604055870428311,0.701851452559292,-0.7106331452349468,2.8958778733811044,3.21344754677174,1,1
2,200,20263906,-0.47484570213921984,0.9394084289892829,-1.788748814044844,0.3840519994191993,0.08829268244245575,-0.6743640674314378,1.8265523338950933,0.7475236911719775,1,1
2,201,20263906,-0.9239748227940794,0.7346891539746108,0.39376022295328994,-0.9671476238809049,0.7987765898806297,0.33735218863159694,1.1890714027594096,2.592949825864808,1,1
2,202,20263906,-2.299556742231985,0.23788673888175327,-1.4903947314248995,-0.9773721459235816,-0.5096930078696806,0.21999772647495816,2.9086964979638235,2.220975569763161,1,1
2,203,20263906,-3.6971800074693277,1.321021558930151,-2.9269942736107097,-1.9192162557307597,0.3834357532882168,-0.7199827423346691,8.627692344846334,9.693488087077583,0,0
2,204,20263906,-0.09804122559846462,-3.061209726711863,0.39033419809275216,-0.6268651440478834,-0.2493264178965679,-0.38915116099969943,4.526709919332218,1.7943105368753263,1,1
2,205,20263906,-0.43891520653050975,0.20000419305952769,-0.4068071658812755,-0.17252179781677057,-0.03804614979041637,-0.054649166611560655,0.1379958251526956,0.08341519354999868,1,1
2,206,20263906,-0.6267506210803475,-0.3240819646234619,-1.181914273957581,0.39820559324743954,-0.18375088478897383,0.17075059337678902,0.639570374006814,0.46056154055034765,1,1
2,207,20263906,0.10750279807926688,3.2338547568481206,-0.6640026777535795,0.18717707776040982,1.610637793663784,-0.6235395011963277,5.290095667145188,6.509255585963044,1,1
2,208,20263906,-1.4646015013968139,1.1742084891559954,-1.7452073271302737,-0.14147753445527655,-0.1185099873088346,-0.0354938849495271,2.3080061612691964,0.09598556038441983,1,1
2,209,20263906,-0.7392358369483247,3.2065981687539256,-2.5623085727275026,0.5682556178492177,1.5409031914058837,-0.9341883833352568,7.950103739314136,6.645325941231846,0,1
2,210,20263906,-0.736749541814774,-1.0186716227718537,1.3168672071635896,-1.2013086999399007,-1.1551798808378357,0.6970283991882564,2.428056702885761,5.669835112353266,1,1
2,211,20263906,1.126712114842718,2.038461114397704,0.6877472186085924,0.698918457968972,0.4752545430785492,0.07420558219272146,2.629242221637105,1.7202565714254885,1,1
2,212,20263906,0.7587263447115333,1.1895626022465908,-0.2843488705968511,0.8456736193333114,-0.1518905540104897,-0.17926260297744262,1.26587215210477,0.9638528870781641,1,1
2,213,20263906,0.5847247616780749,-1.0985222500404406,1.0467526102760445,0.3832595921797406,0.2884775821363763,0.7628626271546557,1.0222515395053198,2.560283982018723,1,1
2,214,20263906,-2.1291317740100624,-1.762265586356361,-0.4554133684055657,-1.3362356543054688,0.09549912985887903,0.5539091578826796,4.302017846744008,2.2612011741706204,1,1
2,215,20263906,1.0149313872530996,4.957210923050653,1.1670380851406534,0.4157594663194857,1.6074210064404906,0.1666289631915322,12.058814800104141,7.674164176576168,0,1
2,216,20263906,-2.5477958452358394,1.5853937256065238,-0.24117318876892568,-1.4054125892480727,1.1961305265507862,1.247837545791308,5.5683690360042135,7.522665175772692,1,1
2,217,20263906,-0.898391477654144,0.9007553232862804,0.0840641712811987,-0.1897156014658492,-0.3672635687693751,1.025608100501054,1.0247325297409455,2.106077031852224,1,1
2,218,20263906,1.366872069473601,-0.8714780507704627,-1.214788895574884,1.4265432107586236,-0.471042334295357,-1.1397898633525672,3.5624688385969203,3.773398086360796,1,1
2,219,20263906,0.1368073476104854,-0.23755570839906998,-2.266257198815154,1.2596312157589153,-0.07118992796497867,-0.7940655188625508,3.0676271197344125,2.161522524824959,1,1
2,220,20263906,0.0616654623442372,0.3546632502447262,-1.7244748843657902,0.8507821342291066,0.5011897064677755,-0.6861329475623839,1.7664528167941278,1.7495126265358745,1,1
2,221,20263906,-1.6542376554071723,-1.6764287026064364,-1.7247724661702222,-0.2065707966275454,0.05200642918202746,0.13496554313937092,3.2203425444417535,0.06505567954700482,1,1
2,222,20263906,1.8454855100324465,-3.1262817181136304,1.856845428423064,0.42202429953661635,-0.6615173617468715,-0.17427979090302853,6.663262929042938,1.2424755793849276,1,1
2,223,20263906,-0.6178176200990748,-2.0948232681018033,0.4207959162924766,-0.45868704075134303,-1.4509526380212485,0.6141849220689163,2.6145454983012733,5.785209198317572,1,1
2,224,20263906,-0.5949741930055836,-0.24291614062200714,0.5327110117739835,-0.6510021165585158,0.2913714894948104,0.4581893227614562,0.6380035249090494,0.823927337062606,1,1
2,225,20263906,-0.29233724491965063,0.23194246915388375,-2.779096730815027,1.0144747569812154,-0.19978301598092382,-1.0835098194760604,3.854082151053534,2.3895965960034005,1,1
2,226,20263906,0.5537251997334778,-1.6425831803228268,0.7541980954719136,0.3336079104526988,-0.5273640621900058,0.43575644331398733,1.5285404832519245,1.2617536501536528,1,1
2,227,20263906,0.5902974114076471,-0.44862272412889426,2.8168115127506326,-0.814895925208674,-0.20722829915547314,0.8849366583565301,3.5815339140320837,1.5506980968076576,1,1
2,228,20263906,0.23937435804420204,1.3142223712758299,0.5732548935895494,0.31070953059547435,-0.6216139081139264,0.6583958503294334,0.9436136170247365,1.9989765857549762,1,1
2,229,20263906,-1.6133444460878792,-2.0315951246203507,-2.1547810814684922,0.303148151680233,-0.22306221614411256,0.3077329693838218,4.323416496180716,0.5545313708695572,1,1
2,230,20263906,1.7318115188426333,1.874882084241029,2.0631340913150993,0.5218298443868292,-0.29625155935097164,0.36417317305351476,3.872556407777463,1.1164967736547484,1,1
2,231,20263906,0.2583601109082281,1.6600601401895974,2.1796217409785115,-1.0570111278685062,0.034784759401931556,0.37316356280151575,3.5203940175927437,1.4264254756442336,1,1
2,232,20263906,1.6363706262820017,-1.7998515175097574,-0.11714493458845965,1.3557324821867809,-0.34942732320184133,-0.5221472425966163,3.596529140871947,2.46668226149645,1,1
2,233,20263906,1.0134739768254946,1.3572225842001786,2.9128151048247233,-0.30295716840822706,0.6492822190400928,1.0769008766479897,4.30827247985991,3.741047827526948,1,1
2,234,20263906,-0.6731362653363817,1.6712897272886496,-0.8822878612406555,0.4711767185591498,0.27206627744401546,0.6155471736999679,1.735425978322525,2.1623868570063385,1,1
2,235,20263906,0.5967488436877204,-0.6412728503079865,1.8305616330351526,-0.2984752368945607,-0.047524050150372726,0.606436046902775,1.5805292581709005,0.6150618442708826,1,1
2,236,20263906,-0.9083701982074075,3.2012383504357493,-1.6288991842405451,-0.16459143909978025,1.658431259516652,-0.7240658415973784,6.160586602919763,7.107832033776495,1,1
2,237,20263906,-1.1272093855735221,-0.36242718547099606,-2.000970084049584,0.26996946188322113,0.6199799495091765,-0.1790371877407405,1.778780063355844,1.08271491936286,1,1
2,238,20263906,-1.5104676668258747,-1.5210300893566882,-4.6751948271889034,0.6314893361303433,-0.1184473013944754,-2.0028217851744015,10.635415292188894,7.081207693613953,0,1
2,239,20263906,-0.5084996666150658,0.5792896903692432,-3.1911460936631997,0.8934777469380464,0.24910978311353968,-1.3884219188444518,4.987331288076855,3.215249054709446,1,1
2,240,20263906,-0.30477884672455957,1.3219168665420848,-0.3841902565059243,-0.1304370262268293,0.4718590372214319,-0.16607392834157247,0.910407239438277,0.5857925189110549,1,1
2,241,20263906,-0.041435935215559994,0.5273020911071414,1.1422604240749905,-0.9348971686934959,0.6845380611015849,-0.0510141490904316,0.8682518603148861,2.317550791658058,1,1
2,242,20263906,2.6559508662110005,1.0635757345800123,4.127764256839129,0.39975250687412256,-0.348130057336186,0.9186770970287539,8.045045196259899,2.7612368108020595,0,1
2,243,20263906,1.3123092445316473,0.1403351801285471,1.2383046972429526,-0.07895314145667953,0.11723401396530034,-0.6404223283181874,1.0920282706715903,0.9584017969266617,1,1
2,244,20263906,3.404224245049946,-0.3694844769200104,0.8582208379105225,2.0138518282130207,-0.7675265978513868,-1.0515363670406703,7.188402940312978,6.314735814411003,1,1
2,245,20263906,-1.5028062063365013,0.5592191366897195,-1.4520637666181173,-0.8554595312207738,0.7192624005614273,-0.6143769262917451,1.5778018380977281,3.561958095359673,1,1
2,246,20263906,0.44445452008116604,0.04117537910725343,2.2268142155426816,-0.2796260091803475,-0.2813711939551637,1.2323576397561191,2.205383058622602,2.8368826570411216,1,1
2,247,20263906,-1.1336017070445905,-1.8229701042674749,-1.1315531581981233,0.009505843937375857,0.08577185659879356,0.34456925825993173,2.4533223760070033,0.31433876056399207,1,1
2,248,20263906,0.28266880263618077,-0.264150757465046,-0.9022796651385363,0.7145325429785174,0.4375836430856221,-0.3277477101745084,0.6964889136721555,1.2001503650590122,1,1
2,249,20263906,1.230691291529027,1.1998192282317184,-0.4764244358884966,0.5674765499968402,-0.12086022677907929,-1.3688015082410128,2.2714679045901676,3.275985982023654,1,1
2,250,20263906,-1.304620392131298,-0.44160339436236407,1.5876667670047482,-1.7766730244628093,0.3588109103125212,0.9564494371310432,3.9941374164906662,4.327161255051495,1,1
2,251,20263906,0.07573411554150766,1.1749053666053433,-1.6134340808580347,0.6823116646206415,1.104026488453291,-0.8182913853022801,2.1817715131652493,3.920205831202445,1,1
2,252,20263906,0.16090247549648495,0.641428047250826,-0.11703914797715953,0.4210063888031499,0.7433213942993345,0.23253974780125347,0.2329462737643219,2.3460235569321357,1,1
2,253,20263906,0.06639490646236368,1.6636903214385204,0.5880614724829769,0.08756607863473675,-0.3106199849979836,0.5941142290448499,1.4646844270022688,0.9586136552859773,1,1
2,254,20263906,-1.2089942342966395,-3.115985492610431,-0.9719664909744168,-0.47160706403411723,-0.8721945830618305,-0.08150058878893382,5.573742169780374,2.7498810911844123,1,1
2,255,20263906,-0.9797037331841096,-0.574614210058611,-0.35377047152748275,-0.50191408514344,-0.4695556582573961,0.27606148005213926,0.7065461780787576,0.9414351102856134,1,1
2,256,20263906,0.18391149174595967,3.7186015528555187,2.1528805666290864,-0.6299913338967684,0.6416547652819361,0.9274433227684692,8.593488359875487,2.8276059630941663,0,1
2,257,20263906,2.0612735716176473,-0.938061550809565,3.098127744334924,0.4228817500093385,-0.38335039902898177,0.7989109106684888,4.7221548152807005,2.3378371821909774,1,1
2,258,20263906,0.261800474026586,-0.5947068098682854,-1.6285108369400874,0.4535153194675132,1.5055727073210394,-1.3624373415886935,1.9450250250101755,7.465370307113929,1,1
2,259,20263906,1.8262508677756983,-0.6235843533809978,0.27598069917961254,1.1380198692294243,-0.08011416908269756,-0.658866013701336,2.3497203658661214,1.7094025898310834,1,1
2,260,20263906,-0.5487749595088331,0.10949652900986828,0.2794754849218606,-0.14397283118184134,-0.22560473351315502,0.8221815293192107,0.3630573463791815,1.3069076753847508,1,1
2,261,20263906,0.7807668061962829,0.2956587406908695,1.1350106936625721,-0.05414873201236503,0.5635189184811716,0.00791745796360226,0.6334145244793348,0.797090116215714,1,1
2,262,20263906,-0.6338241365793209,-0.43417032009174733,0.9348925467854414,-0.7649334958442893,-1.090206855935531,0.7675682839837425,1.2264608136230466,4.11113905195419,1,1
2,263,20263906,0.39711617567897406,-0.7492335314205659,-0.17846235585025738,0.1429891616455592,-1.3983989159475017,-0.504964533152116,0.4418751446876286,5.8506711865157985,1,1
2,264,20263906,0.9152189824437613,-0.6933565245481059,1.399050554611179,0.12063554073370142,-0.6604325102268898,0.31690132258542136,1.0977374942011668,1.1926972975862196,1,1
2,265,20263906,0.5930022530956194,1.6183417513409646,0.7715012270210053,0.11792182155311082,-0.307971043774367,0.10935130536418823,1.5134140027618486,0.26081230254248555,1,1
2,266,20263906,1.150459543320352,0.9192215400817046,1.7472707024004492,0.32961146387606277,0.49279252016068853,0.6153795180481865,1.7569311546023338,2.391975486988728,1,1
2,267,20263906,1.4437160940558869,2.5329800387414148,-0.16977592275914333,0.8588583712147795,1.401439423785122,-0.9899811950797534,4.694332953311564,6.190199002988772,1,1
2,268,20263906,-0.42288106691901817,0.24362193210212146,0.42913626387480974,-1.2636709123564316,0.4625766418045339,-0.6765311860362718,0.3718264494798489,5.191094780017667,1,1
2,269,20263906,-0.5713877533116261,1.3537037985900948,-0.420750806649437,-1.0930762560827674,0.17840942090111991,-1.1152163717843824,1.0627234633325064,6.762733693813301,1,1
2,270,20263906,-0.20350231087249426,3.058466240304033,0.3884337537840352,-0.3488560039517097,1.0533001511282658,0.1254651655385725,4.571691722873209,2.8803232923831117,1,1
2,271,20263906,0.9853042081288805,-1.1475404265448914,0.29381012142863483,0.4402678218071827,0.4276174891275986,-0.44787766734173545,1.1906239882784477,0.8091679873474853,1,1
2,272,20263906,-0.11349709108831973,0.035025401671209926,0.14394076008271384,0.7038661944012148,0.9632126812627824,1.258526841995228,0.031447212384646955,9.909932089990189,1,0
2,273,20263906,-0.5242276131348262,-1.075595513489508,0.5294269793156232,-0.9892565464063665,0.19833175259163402,-0.0963184796038643,1.0724092884945715,1.7983257138116304,1,1
2,274,20263906,-0.8715696987690507,0.3534763976589792,0.4174061924604118,-0.5416354580824958,0.37487503424030183,0.8582494584951603,0.9338622657553544,1.7773786374036435,1,1
2,275,20263906,-0.28301404033466326,-0.8891248723776415,-2.493567339585411,0.7813701582145995,0.039977566002093665,-1.117942703446522,3.442966061558037,2.1036260031909584,1,1
2,276,20263906,1.2836842215806712,-0.9339979530890516,-0.4232717239198962,0.6989977557949913,-0.4800000799077158,-1.2072117319613052,2.0480994221031694,3.2523598129660476,1,1
2,277,20263906,-1.374406790605292,-0.8149962483214416,0.33134378050512936,-1.1804125457405519,-0.3659756494833122,0.583374614638397,2.033669578247563,2.242951647648745,1,1
2,278,20263906,1.004646158467935,-1.0647831202498006,-0.546792574957351,1.0968593978900145,-0.004311988628012143,-0.43260606543785546,1.7766175774990245,1.5140375542691078,1,1
2,279,20263906,-1.026352388784602,-2.2805817822611525,-0.0975328035522054,-0.42341316212929314,-0.7127484592398932,0.6635838164710941,3.2021431242532805,1.8488289660674138,1,1
2,280,20263906,2.497880316410061,-2.2320549315389298,1.8562490296582155,1.5934805369726774,-1.0872053153188972,0.5617952670908012,5.829984850338229,7.717635135787658,1,1
2,281,20263906,2.962883894750476,0.1636869884202571,0.45142414321031055,1.5503456119615038,-0.2592424039675845,-1.4684775426660965,5.743207898554437,4.714483806707777,1,1
2,282,20263906,-0.1265034131575078,4.9412468298457,-0.39907208051475607,-0.30236735635450884,0.4810189070893214,-0.8300529023291232,11.700775950571444,2.250890687667164,0,1
2,283,20263906,0.7366334267084085,1.2686463321331336,0.9290645742031458,0.28143018632948724,0.9481399117617841,0.3059312385419812,1.1849972936393778,3.2130309217581425,1,1
2,284,20263906,1.1746804988199244,-0.5405402222760927,0.4211487545182635,0.2287218852488877,0.25935393857312794,-0.8485441778767663,0.9332553655494109,1.3069717449924139,1,1
2,285,20263906,-0.7304333137493018,0.4507855133316046,0.638597699985695,-0.67298729911208,-0.7750857746054421,0.718740000691064,0.997719004844717,2.4155513199013066,1,1
2,286,20263906,-0.9628979461415241,0.8608548724086227,-0.2379784799851592,-0.9858356542878539,0.420923319321236,-0.27274080729229033,0.9162609355584109,2.381389862222477,1,1
2,287,20263906,-0.7372680667219242,0.16183283201401286,-1.9842296530421564,0.31104212094400907,0.8161814989777498,-0.6145350792902106,1.6616682043403714,2.0257875854939646,1,1
2,288,20263906,0.5687001353003325,-2.446071785693272,-0.39849374271904026,0.6600642422279606,-1.6539241364237969,-0.3033607164898957,3.2973773923543863,7.095140157466711,1,1
2,289,20263906,1.0481272316368688,-1.1010351159715797,0.9990487165774482,0.4973143399170681,0.027084033956871,0.23960240634781965,1.2537749676941912,0.7687036953905403,1,1
2,290,20263906,0.088669884713795,-0.3905482848488082,-0.3757157919446499,0.03956394182114309,0.053883592714201074,-0.4420378224900214,0.1762529784044109,0.3843993253887118,1,1
2,291,20263906,-1.5913448394591825,-1.271573576709955,-0.8276224079384065,-0.6907868484086634,0.49768036030855517,0.3398393854526032,2.172080370722444,1.175175677336725,1,1
2,292,20263906,-3.9387731484100073,0.8432208050301918,-1.6821555144869365,-2.7666839652811035,0.8544594930314654,-0.20792609062134357,8.871511488940428,14.580885701857966,0,0
2,293,20263906,-0.05664561656011813,0.9414457977808417,-1.7624421500019523,1.0579076890137458,-0.1473177778640228,-0.29941448752292565,2.0813709722221465,1.4422276438052868,1,1
2,294,20263906,-0.12244192151045752,1.4345572190072353,-0.22300457126444684,-0.20855160097238468,-0.509267837864674,-0.3519504924498684,1.0003005389751074,1.3652368689887995,1,1
2,295,20263906,-1.402585878069715,1.533382764377249,-3.863100189679294,0.7440187628387918,-1.3846929932695549,-1.1300767651770962,7.533279404576305,7.501026730306734,1,1
2,296,20263906,1.0806185341717622,-1.7668970031483981,0.555911696679054,-0.12344730374593382,-0.40690563754548986,-1.076663836114929,2.098359893525217,3.5939895362545267,1,1
2,297,20263906,1.084415165338811,-0.2110670591024094,0.17269539078741047,0.41232766865586257,0.6978415003537201,-0.7239978743308422,0.7791703011374077,1.8351022687101397,1,1
2,298,20263906,2.0048238007368866,-0.6473809527534972,2.382276311264306,0.23893830146890593,-0.6681181756421829,-0.052300576119839765,3.244529818412712,1.1316963383061283,1,1
2,299,20263906,0.921607507113805,1.5483002946734457,-0.27666685374549616,0.4963646480405828,1.0823474988316817,-0.8534642753903302,1.9493073937742242,3.6665280864476113,1,1
2,300,20263906,-0.5146522133761522,-0.8935996713692363,0.6033388290758666,-0.9021086465557318,-0.19872506696731,0.08200205670692222,0.9615725143096965,1.4505764352768762,1,1
2,301,20263906,-0.6839865594355246,-3.6735365252033865,1.274571013586197,-1.3286427256486206,-0.5075577606832252,0.3027570822984226,8.071369164905214,3.4185676725750818,0,1
2,302,20263906,-2.4149152657220156,0.44973135592390256,1.3746636844861513,-1.9444161363286412,-0.0797494815151976,2.000886878905024,7.43957295724323,7.874954919521756,1,0
2,303,20263906,-1.0766583017325928,-3.625932796328597,-1.0229965719107597,0.15331204886436467,-0.8152401426758513,0.49681277492354164,7.1262236694944905,1.9865230857206662,1,1
2,304,20263906,-0.5365486389621594,0.7625749910018279,-0.618725856533743,0.001885869032150822,0.1658051958048994,0.08904729744872514,0.4907969764694069,0.10107023087753068,1,1
2,305,20263906,-2.4172551756484353,-0.22507418406439442,-2.46080616367297,-0.6596268412888264,-0.6921802719040511,-0.2088974595846964,3.838868279557638,2.7499975062519493,1,1
2,306,20263906,-0.835623754457302,2.1844439943345804,-0.8977759920702937,-0.12108950938912244,0.32321811496226616,0.003628828416681273,2.7922446471918194,0.2652623542349937,1,1
2,307,20263906,-0.31037324448600145,-1.3591507740798787,-3.8976554233893097,1.595115408780572,0.19136802860052166,-1.4605146958406916,8.698612473025493,4.621815543594299,0,1
2,308,20263906,2.743976976807886,-0.8151783392577818,1.055996910219335,1.426077202092685,-0.7759054953705506,-0.7521000321537441,4.649870483589685,3.8717386841223016,1,1
2,309,20263906,0.27613943210575087,-0.36346909849895015,0.051045656178629883,0.45145468375957876,0.13328519723784596,0.2855673016967561,0.11050659452159244,0.8704804458885813,1,1
2,310,20263906,-0.02526431118197081,-1.269363506910223,-2.2231871006883637,0.8124362204242033,0.4664882484559168,-1.1426793992460433,3.4819958060046905,2.5432291084330823,1,1
2,311,20263906,-1.4066801837476675,2.1098540791504714,-1.7720469038542461,0.35648703456519115,0.2642242275548708,0.5028376823010018,3.801764995338677,1.4583463876842626,1,1
2,312,20263906,-2.282498209847134,0.8397981012486456,1.5765591024541976,-2.888138842448896,0.23053105902856755,0.7739794420955406,7.726444644483941,11.145880633976148,1,0
2,313,20263906,2.1576702895335416,2.677350916361244,0.20454753437454087,1.256688402637252,1.5878593856841492,-1.052244118684193,6.477994148481445,8.559735894748522,1,0
2,314,20263906,-0.7886638026003396,2.0417754315157084,-0.028835123328569523,-0.5931784015487835,0.40594161470376106,0.1965088518910317,2.4301883591820292,0.7900087659704695,1,1
2,315,20263906,-1.6594895256578326,-0.42034763014702514,-2.149902066043822,-0.280222512742327,-0.5379591372889163,-0.3696142290373082,2.3885065658725617,1.6319260165522302,1,1
2,316,20263906,2.3811937915334056,-1.3128398499084963,3.002883577330806,0.6996594276825903,-0.21930422265047508,0.6318889774868887,5.367239917105693,2.4002287198821364,1,1
2,317,20263906,0.8236216474278137,1.6778789203158653,-0.4616358495437325,0.8925095881548089,0.19166211762905433,-0.3924470734971337,2.1789381341079115,1.140898412919559,1,1
2,318,20263906,2.4963086188543286,-1.5473713006015537,-0.3324862798281103,1.738968847628854,-0.5296613613666555,-1.3718552965501118,6.250534610079096,5.420133535930967,1,1
2,319,20263906,0.5644774992661468,-1.233728880815348,-1.558127180133944,0.2993082156444018,0.5785221049512344,-1.9132175382802887,2.847334362225028,6.892440223705122,1,1
2,320,20263906,0.38782963382416824,-0.7127414229123169,1.2038463462577766,-0.7374703178270181,-0.4186715146189005,-0.30733844475440686,0.8401639303642308,2.315928231398591,1,1
2,321,20263906,-1.6801330413732956,-0.6127945295161266,0.17291562182806075,-1.226135540266668,0.42224607135547887,0.7703020446150607,2.425006560762274,2.4613426088299017,1,1
2,322,20263906,0.042671106200685927,-0.1396256207353702,0.7889372549365561,-0.2414581567158507,-0.2931817240368912,0.40731827289148564,0.3277782705860581,0.44258938650455504,1,1
2,323,20263906,0.16558058096838124,4.362598686064305,0.8779590158572788,-0.15209822377426008,-0.3958488002246075,0.2913386892837463,9.212422966267672,0.4832640779531053,0,1
2,324,20263906,2.0086296479581733,0.9050623916005743,1.617382038207495,0.5057371509610675,-0.46857620342264583,-0.44312435801154415,2.7367006782792043,1.012873315875557,1,1
2,325,20263906,-0.7337680900309493,0.18670447522824124,1.9690802014423454,-1.2372784295599786,0.6373390092879072,1.290668948133081,3.4094305649459873,4.559145063377802,1,1
2,326,20263906,0.32906874057343316,1.957645110704889,-2.070259687377188,1.4532595643369035,0.5067639017952941,-0.616981833506017,4.732243691404021,3.479240494848559,1,1
2,327,20263906,-0.4364473975075924,0.6552243432967797,-3.0094207950212137,1.0028300881429004,0.2905462895723402,-1.150899845723864,4.5481704595401755,2.5325328564631713,1,1
2,328,20263906,0.36519934892810113,-1.898152564060162,-1.7871017899318957,0.8339286495660048,-0.22649166379279465,-1.2016249531769563,4.008217559489327,2.6755405068868274,1,1
2,329,20263906,-0.07587649343622616,1.4549038241097705,-1.373530761790981,0.06891236512939258,0.5908530356189302,-1.1989599551631611,2.000606723166238,3.2380327177542503,1,1
2,330,20263906,-1.3826559119945614,-1.8746769808569281,-0.8370536146856082,-1.2785473711133903,-0.5593407224012743,-0.7286449023380425,2.7566328515772645,7.332974122771097,1,1
2,331,20263906,0.2520252266076142,0.31902547780307067,-0.20571488231257717,0.29008030298224696,0.10279952419681361,-0.15571362589170593,0.1498820992333811,0.14104420962055786,1,1
2,332,20263906,-0.5417989561540679,-0.9171200003343775,0.19690228791238695,-0.2561343634710056,-0.8075305089482925,0.5767630731862814,0.7006647745159694,1.9800953286330683,1,1
2,333,20263906,-0.987067674218153,0.26162947381563717,-2.4303598979793364,0.3403577865355061,-0.8249122738563793,-0.7075626191778375,2.500338987588602,2.8523522020470127,1,1
2,334,20263906,-0.0562954039480843,4.0226264276048855,-0.8773779996813929,-0.2559874766377561,0.07621061236804799,-1.2708681403869388,8.159969054579854,4.099426606574212,0,1
2,335,20263906,1.0961625397483772,-0.7270574559075748,-0.07704379209346968,0.534218478694001,-0.052299611527630074,-0.8325922056152979,1.1804456454434011,1.1875484202907778,1,1
2,336,20263906,-0.8588439395086738,1.4475469165601207,0.5788293919945886,-1.7842044014989966,0.09610199263480539,-0.6512466586904595,2.0223056574305973,8.417370385337167,1,0
2,337,20263906,-1.6138589102392302,1.7171190985244675,-1.1624378417609762,-0.8308305142223418,0.9158706007400499,-0.16297254238386388,2.8984197789816304,2.995305509838176,1,1
2,338,20263906,-0.20920096550761969,0.5857265941332258,0.6258289105827686,-0.26960029921698947,0.22365367114026316,0.5422820098986152,0.48794862517099047,0.6971485361595233,1,1
2,339,20263906,-0.6514953550942835,0.7042831556375789,1.500837438252411,-1.5924063403502657,1.0608079238583015,0.2508807734891773,2.372554833290155,5.73343020871193,1,1
2,340,20263906,-0.6908883406756132,0.6899834139786291,-0.6396442254621775,-0.7197155180487158,-0.22704129251649893,-0.6808261539462456,0.5234597574141615,3.168476756200988,1,1
2,341,20263906,0.7088680127615277,0.387731923104643,-1.7037740132777301,1.2468922554136697,0.3508969981824538,-0.9938260169721984,2.7851961452631597,2.730220451386243,1,1
2,342,20263906,2.6827307059487993,-1.8685686641863295,2.3329729031067004,1.3543493524984882,-0.5693458765454691,0.44702274081165183,5.930032476224374,4.607028214995568,1,1
2,343,20263906,-2.2204972792727915,-1.038754209926947,-3.636933041321008,0.014604149434845226,-0.1940536311677076,-0.8113052986175624,6.385502053619549,1.6331283536116386,1,1
2,344,20263906,-0.8480733954786501,-1.564118626480123,0.5652760503212804,-0.8635156403955904,-0.41089577619024814,0.5255654631400102,2.15580028583528,1.4906716762103276,1,1
2,345,20263906,-0.6252460328308871,-0.21679124988615497,-1.3620061866541775,-0.24606232209977463,0.8963013555663152,-0.862143522617326,0.7931389588808073,3.309835116179473,1,1
2,346,20263906,-0.34489756978412345,0.06545591691083524,0.5509021842349497,-0.029563630848230105,0.36531308779091953,0.9768629173319644,0.3724770041742089,2.7415198119802637,1,1
2,347,20263906,1.5268467562014365,-0.7216981410631677,2.5321607815468212,0.2655791947891828,0.1975510462217183,0.7792446720004856,3.0018902637105436,2.1251068740542305,1,1
2,348,20263906,1.0174522887868989,-0.1245394660182109,0.42122477575271233,0.716748374558378,-0.039347661149525044,0.014347385340070767,0.5933845522272934,0.8467481504584013,1,1
2,349,20263906,-0.999639682391944,-0.7725903424534677,0.6023484154664445,-0.6937129737051464,-0.24546613226597133,1.0068865790747812,1.5837564717390413,1.7961949819400633,1,1
2,350,20263906,1.1312752289594243,-3.042380655084955,0.40788937677734793,0.26489011865908196,-0.10073662430979806,-0.830064364602349,5.045621078474106,1.2855835608544717,1,1
2,351,20263906,-1.1450681175054171,-1.290031678581135,-0.4346563706565334,-0.7394877659510684,-0.23372656807085856,0.0848206626410929,1.5460982405630697,1.0538536011445487,1,1
2,352,20263906,-1.0732904385626938,1.5065951898775722,-1.458124293349158,-0.3367034713135837,1.6265631001737038,-0.4971893714188428,2.136689573099388,6.687013584890483,1,1
2,353,20263906,-0.33909942876886134,0.2608368598138446,2.3074295069546977,-1.6012042744368244,0.37762955238976004,0.604327131910634,3.4780027171536174,3.4617144711687047,1,1
2,354,20263906,2.3591669293514457,3.01426144680442,0.01570212154234696,1.9127742681690592,0.9456957883293953,-0.6600124300609561,8.266328897643069,7.370427049976872,0,1
2,355,20263906,-0.03145597248801835,0.5929914064065065,-0.6944389535713142,0.5912112520757518,0.0830729303988576,0.13194225516544192,0.41954643262002456,0.8142597133179614,1,1
2,356,20263906,-2.116989448670793,-1.4684872579328399,-1.7692603831608054,-0.2890484680385441,-0.9270430131662218,0.5974245142172593,3.6821344143581696,2.518090300905264,1,1
2,357,20263906,0.8459297536410446,0.31847685150972294,1.717999131086124,-0.7103116835606187,-0.1809480532062903,-0.38269631761515804,1.2628114923462568,1.9063531269680725,1,1
2,358,20263906,-0.5446533299951852,1.8971294159212406,0.7435228506541733,-1.0475310187174216,0.06086755247290586,0.045140359314463654,2.4639061746264415,1.729717323263132,1,1
2,359,20263906,-0.7546200331140227,-0.40937295361830595,-1.1240618012216785,0.018265951263728653,-0.4431124794545931,-0.10848117867829649,0.65711625462088,0.5579727888678973,1,1
2,360,20263906,0.5711889124875285,-2.9223871403179302,1.7816323366587383,0.025648732122775186,-1.05127039735984,0.9709772617317608,5.230839593089522,4.0827687334642455,1,1
2,361,20263906,-0.578604323457796,-0.15180182986001473,-0.5588682948701944,-0.6666635493869251,0.22785833487643634,-0.6739439896457212,0.22283818306927158,2.4674544289128235,1,1
2,362,20263906,-0.5522241514998285,-2.05399973861127,-2.465663770794386,0.6445760527403479,0.29747477726109955,-0.9466252681804842,4.8181598540307125,1.614239589334235,1,1
2,363,20263906,0.151921887795595,0.4673264318357452,2.0480910497326335,-0.7542864530403648,-0.9705594473741516,0.8210546352472667,2.1892394260933354,3.533062422828482,1,1
2,364,20263906,-2.4104243571984796,0.0015696411264733844,-0.9642255125171104,-1.3868936178717348,-0.09287561500138536,0.36150814595614894,3.2405273794031797,2.6602379183499867,1,1
2,365,20263906,-0.33312311766940184,-1.0073019194170125,-0.3729952412906954,0.20291878400604446,-0.6916081315177038,0.3364599541965985,0.5642085123606875,1.365789217034876,1,1
2,366,20263906,-0.4914054794361675,-1.1824775261903229,-0.7112668573823839,0.22537335676402392,-0.4082868083675854,0.2288068534979205,0.9072347378437532,0.5756558693584711,1,1
2,367,20263906,-0.11613971276884172,-1.073903965874529,-0.30536664149936144,0.4052382738537972,-0.2566527362967955,0.3824404439468759,0.5881232036413958,0.892144047211737,1,1
2,368,20263906,0.5119385502268159,-0.7493913460497981,-0.6824198890652013,1.095245499905488,-0.6032897833716884,0.09768651459703107,0.9304733624785444,2.60073644872611,1,1
2,369,20263906,1.6505750353086341,-2.761327043672901,0.7659168865048116,0.9460119514328227,-0.7192428997696073,-0.2523347691792856,5.043200293238919,2.1710212555950656,1,1
2,370,20263906,-0.9352505549805699,-1.7665458212319753,-0.6151381888149317,-0.08292254820860023,0.0913207443190087,0.48695382830583767,1.989485221187889,0.5177637383820207,1,1
2,371,20263906,1.663740417183078,0.23740529040921005,0.6940372071510268,0.04244171349114367,-0.2946795777716123,-1.4763438214346227,1.5978728394754218,5.133206680654051,1,1
2,372,20263906,-0.8703646058070547,1.3558512179714446,-3.812395045293016,0.4633040605527867,-0.2619430121096393,-2.1365217447892033,7.490655477274175,8.791838198735377,1,0
2,373,20263906,1.4984559618493023,3.3383940421449716,1.7876959761032793,0.2456426825086453,-0.29314080547553,-0.019716863834131428,6.773636708862988,0.266735239077567,1,1
2,374,20263906,0.7460827560638705,1.5960291655528525,1.378168340928319,0.014446756464650434,-0.156126636658031,0.3622575106799616,1.9682790420191294,0.31106303484989384,1,1
2,375,20263906,0.7522780553169497,1.7300851824699315,1.7644420685057156,0.6297102198193443,0.028011447722851524,1.5692470962469272,2.64068723092797,8.094537710815192,1,0
2,376,20263906,-0.3400948663654191,2.1475508954018188,-0.7937418881967417,0.29173794585238966,0.6568490311209227,0.008361346906363162,2.479970466862799,1.3658287951810533,1,1
2,377,20263906,1.1159901718518483,0.13107474252993417,-1.5708687864611406,1.2747976606743947,0.28047149026616375,-1.360586158870587,3.358859166711679,3.6240803010644465,1,1
2,378,20263906,0.03196676454928138,0.0005094142185753215,0.43584760235509634,-0.04609528878096114,0.3526287650673472,0.3321466045679906,0.09548882032540738,0.6308605822565049,1,1
2,379,20263906,-0.006919525971568419,1.584497084046542,-1.7557263634291758,0.2163240708652836,1.0272697911657103,-1.4773077887828132,2.911021693192909,5.625056384361036,1,1
2,380,20263906,-1.561909128767482,-1.6978684970349724,1.0878479382659947,-1.438336730108091,0.18679956629308542,1.2285040440878214,4.846961530130801,3.5911970006539216,1,1
2,381,20263906,1.7443558698517876,0.3233911143158584,0.2436972084613629,1.030736479151173,-0.04320243530469812,-0.7213126953885715,2.0430121695133416,1.5276520912279157,1,1
2,382,20263906,-1.0104071192366462,-0.16311386671014955,-1.752066926425961,0.05433704378245352,0.06998276453261394,-0.36554035548035324,1.3338502693866987,0.25254318541367354,1,1
2,383,20263906,0.897781033602584,0.6775728043245948,0.8044397771615834,-0.09087866255164556,0.14372906022623388,-0.5271535692341569,0.704196137673951,0.6849936115035524,1,1
2,384,20263906,1.0151195864216618,-0.45040716095035127,-0.28524437129142655,0.7907098881915431,-0.1354512889627489,-0.5871771696642735,1.0713328309593546,0.9773866592140517,1,1
2,385,20263906,0.07799317437228126,-0.2444816734484383,-0.711755051689714,0.3872740932585117,0.48452686283220237,-0.30019369206670815,0.3450019919407507,0.8154740419697228,1,1
2,386,20263906,-1.1193763542976143,-2.226811857238352,-0.10907386039990996,-0.0011275950150633207,-0.5690517867908889,1.3479007908487957,3.2211629256022607,4.235666034272207,1,1
2,387,20263906,1.058958802193601,-1.5096633965924304,0.2561078460318029,0.5800626558856408,-0.2550429146022732,-0.4065805325871778,1.7499245864147779,0.6392640705657289,1,1
2,388,20263906,0.0722127724516497,-0.4226118992958912,-0.06674725587060237,-0.43699169404006,-0.5556430754072659,-0.7385462097192697,0.09384434776720163,3.40354681025124,1,1
2,389,20263906,0.1308484891944488,-1.0485331422889241,0.4653605733085584,-0.5333937340560055,0.6120765275376331,-0.4244103992839487,0.608556056368176,1.8025664854611982,1,1
2,390,20263906,-0.2055603622142712,-2.514317437346186,0.9194196783697706,-0.2721795978596191,-0.4271672399992343,0.7776947347804968,3.5640881451682827,1.326533929177659,1,1
2,391,20263906,0.5141900668390207,-0.5027336464818821,0.8256055625027727,-0.16046233005837962,0.3389842260332908,-0.08269152891552095,0.41651757439515286,0.31474315810434683,1,1
2,392,20263906,1.2484930186900556,-1.323189164412475,0.7880790439008223,0.5972907441099693,0.8102888862256902,-0.1044114405134596,1.6756513398168538,2.3804848357921813,1,1
2,393,20263906,-1.2951296976964102,3.8555779665594017,2.0874978111816063,-1.5750891771646707,0.42723449788516543,1.5831284478670398,12.173887806733093,5.678182079936153,0,1
2,394,20263906,0.560239904916827,1.5248614408933057,-1.7362649909575438,1.1175654014495535,0.5857827581242779,-1.0183688756528853,3.6162422070332,2.982061309407336,1,1
2,395,20263906,-0.6645907987756488,-0.4581472150928659,1.274493964409075,-1.1635513716435781,0.03939478128736693,0.6045883105798434,1.830809721021232,1.741874998840769,1,1
2,396,20263906,-0.5329524308136939,-1.2367378618300078,-2.5944864544107205,0.9767401299725975,-0.14016877475697018,-0.6412319490399383,3.8217561751051528,1.359935510001634,1,1
2,397,20263906,-1.1058760027784302,-0.06447928822213134,-1.917092834678975,0.3483915129371269,0.47095137996259206,-0.016060095924580343,1.5843154446087286,0.8506107240269966,1,1
2,398,20263906,-1.7564870993471686,-1.071229762724275,-0.9359683057730095,-0.6706228255428499,0.16392073300094379,0.4751316239258711,2.2425927110551034,0.7164738451327968,1,1
2,399,20263906,0.7815632703366902,-1.7203897179339702,0.8063905208387894,0.1469936849858442,-0.17345926912580814,-0.07439950858186006,1.7807331550553007,0.09842747922063975,1,1
2,400,20263906,0.10348828357462025,2.2692791706593094,-0.2454526820070555,0.3763803062761042,0.18727431078413911,0.07641938902105379,2.50145544203474,0.4464104672100608,1,1
2,401,20263906,1.3175182718980665,0.6730295672019067,-0.002501837308209076,0.8118208944724046,-0.4541104625691358,-0.6838976931269094,1.4814528602395158,1.6272691466393163,1,1
2,402,20263906,1.8825371645975224,0.06739852282739049,0.1620318325061234,1.1632943711798163,-1.1288034199351102,-0.7995256845634949,2.4201493128748752,4.962317543253156,1,1
2,403,20263906,-0.48949043457032815,-0.34661698366219174,-0.3046148056097522,0.106120804535621,0.5330966791845941,0.49022742427146937,0.1890274220785125,1.6457007304913671,1,1
2,404,20263906,0.6941123389037216,-0.03136220364159041,0.7957433188144734,0.18413287010254464,-0.41276151682317047,0.10827099566970967,0.3525940880926326,0.4619794432486643,1,1
2,405,20263906,-2.406805399907668,2.439300888815089,-2.1760168214841826,-0.8860720332133809,-0.13910305515348956,-0.2783372825224836,6.5012609085686135,2.120222885201411,1,1
2,406,20263906,-1.1825690715718338,0.04049818967654969,-2.2535374217427915,0.06349408418952862,-0.2060039824226033,-0.6422825007753383,2.1458437246518374,1.0405967694625229,1,1
2,407,20263906,-0.053443039733735986,1.0531331634312915,-1.0924542457453157,0.04893248132378858,0.9958809487823943,-0.9592130616023585,1.154995714377907,3.591185443478718,1,1
2,408,20263906,0.4779645371231567,0.8774776230344528,-0.6111680693041848,0.5453124245148473,0.8021124430534353,-0.5226875306598799,0.9188330082507383,2.08615094478074,1,1
2,409,20263906,3.6891031310036055,1.3195605122504228,1.7165105205920668,1.741247355289687,1.1789909436676034,-0.9881202672647177,8.516920609645997,7.610517504716723,0,1
2,410,20263906,-1.9744586063115719,0.03707785816477926,-1.652542460497557,-0.33950066001463597,0.18745718665218983,0.4752805754851555,2.268015467260725,0.5179569199863604,1,1
2,411,20263906,-0.8153803024983404,0.7281324386809612,-0.5603653639345367,-0.3094735105488411,0.7680880127271303,0.10741240574973467,0.6238773898338846,1.552581697473395,1,1
2,412,20263906,2.594868849293732,-2.4784385041700103,1.4698458612843908,0.9144368397714686,-0.3561268899958064,-0.8815330756232306,6.5451911596386,1.965261899490476,1,1
2,413,20263906,1.1199738735005695,-0.17125828126650444,-0.21840549671298248,0.6924874587452052,0.4183427005961708,-0.7888422616046714,1.1068161255513553,1.481012093193772,1,1
2,414,20263906,0.02916348257687673,-1.4049858920062854,-2.0802177458047595,0.7677185231540449,-1.4860602879178963,-1.1143333365207346,3.3890069615639944,8.175930676665208,1,0
2,415,20263906,-0.6371029556181469,-0.49992804413055286,1.52801117649188,-0.8440344150582035,0.2969166153689964,1.246806193007897,2.2861201232285935,3.081757569681634,1,1
2,416,20263906,0.04087978744881582,-1.913399573221428,0.011764107929991496,-0.24948182712986977,0.011700653694216826,-0.40402990814097395,1.7334736043959047,0.6413136968527928,1,1
2,417,20263906,0.6516645399118204,0.9330207593115476,-0.20174364316574156,0.9776380713321231,1.2966379430251036,0.24422796105867584,0.8243163929037209,7.418856651545461,1,1
2,418,20263906,0.7147947508743613,1.896805961633566,1.274372430598568,-0.42231576694727835,0.6412769255616897,-0.2839625224818441,2.3453060902887453,1.407952795501777,1,1
2,419,20263906,0.1592273977467471,-0.043848579706205586,0.14069462123410403,-0.5253526848897678,0.07069034992302946,-0.7652497984290466,0.016193058093645088,2.4209302547238796,1,1
2,420,20263906,-1.1558515384651997,-1.1527332577284302,-1.4804225412234686,-0.3049872009379868,0.04593660270009797,-0.38438393769740176,1.7531451187238796,0.6760986301087666,1,1
2,421,20263906,1.385353687162862,-1.468065698255046,1.7659854156100323,0.5557630722529154,-1.4204506271784842,0.6225391354962617,2.5548771509766666,5.835768640435729,1,1
2,422,20263906,-0.203679574486344,-1.856844333830257,1.3612455615067631,-0.5371856622220008,-0.7163846952911737,0.8852641308298097,2.8091710016830707,2.362869130868373,1,1
2,423,20263906,-2.8839004359428344,0.015407089660284194,-0.8759898830286517,-0.9384638697363243,-0.6340304912985765,1.6763278034610045,4.823878799691013,5.323394393198043,1,1
2,424,20263906,-0.2914576473121713,-1.494973612241592,-0.6043959948823314,0.4394410748594737,-0.10748125227883155,0.3504879009108301,1.2235406568682692,0.8382122291426859,1,1
2,425,20263906,1.510034212530499,1.9897130569705785,1.5826073320339589,0.4542728039508006,-0.05188233229259061,0.10389270593610651,3.3481426664815963,0.43679230144104997,1,1
2,426,20263906,0.8371820252129822,-0.7223544671575817,1.2026139485210052,0.07214775718580313,-0.07307490701297785,0.16063041916054024,0.9109961256609809,0.08672826917576013,1,1
2,427,20263906,-1.0335777727890445,-0.155324402966575,-0.9749125693166079,-0.4104478752097691,0.08393503695285477,-0.1594220565033623,0.6759418529791505,0.44206733675062543,1,1
2,428,20263906,0.49924822160660653,1.5262842966660795,2.4550922854381554,-0.6763579978460967,1.0391259702011029,0.8345142886353195,3.7250837521938154,4.396468410938086,1,1
2,429,20263906,-0.3672820404214434,1.07998158950388,-1.0751013270748686,0.13566490829671807,0.8816059091394267,-0.41690261640436377,1.0494725262752702,2.0196491997804613,1,1
2,430,20263906,1.0331325826004445,-0.6348045538147267,-1.0687126558358315,1.7212363542473952,0.09858161198670115,-0.14805944695043782,2.281242620032075,4.502159384230838,1,1
2,431,20263906,1.773246285831931,-0.4207925443941528,1.116280386972221,0.9331404197067314,-0.4797380228030766,-0.03274033200835224,1.8342538242119601,1.6686485676992207,1,1
2,432,20263906,0.395296660169862,0.9128399504398046,1.0302808701921222,0.10649202790457934,-0.44887789660114963,0.6332308960889954,0.8232868359017442,1.267809764305665,1,1
2,433,20263906,2.041901681032371,3.221053355051467,2.5385688908851733,0.7196702730711309,1.1422476969825022,0.6190690822676347,7.969194565779343,6.978217306678076,0,1
2,434,20263906,-4.460146636555663,-0.9555331357420829,-4.372257372911889,-1.1817686268020395,0.9565533671574651,-0.313691676775105,13.040778837494145,4.617550264930822,0,1
2,435,20263906,0.6588078731755473,-0.2060045860987245,0.24776569271983107,0.11969469263860333,0.5194900777998382,-0.47131491381987445,0.2682761104128611,0.9105579175230276,1,1
2,436,20263906,-0.40980355038264804,-0.5523022795300767,-1.5509764570940945,-0.03877191938416047,0.8150478451593282,-1.0652507287220214,1.1962907258885631,3.4174451749988863,1,1
2,437,20263906,0.5705118975628096,-0.8817259525115714,-0.9536864845941722,0.5769909604009911,0.3262326570491045,-0.9506262813509411,1.4453112295182724,1.623759570047078,1,1
2,438,20263906,1.6602365465514737,-0.43282119343075226,-0.5991286061950589,1.410228311705609,-0.29234089183360745,-0.9354184922891847,2.9132070347741807,2.9479004099236352,1,1
2,439,20263906,-3.3867373714707867,-1.0517562860449086,-1.3983795375966181,-2.3197598702330424,0.2899484690172834,-0.05127343343898936,6.896964699962333,9.206812098211206,1,0
2,440,20263906,1.9025302598181497,-0.5538889116427801,0.4665337529781439,0.622505924005452,-0.3558238217078565,-1.2572434812290594,2.3602538063905834,3.1657143814505004,1,1
2,441,20263906,1.3205429560859159,1.2089768330381634,-0.5621894535931347,0.29375660652793556,0.3834791588088789,-1.9276725462242075,2.5949933591075425,6.82656221047953,1,1
2,442,20263906,1.5249723557899415,-0.6739939558908236,3.589671740895163,-0.1723980319079601,-0.7621504593411006,1.213319870030847,5.424738674871142,3.7295917885998287,1,1
2,443,20263906,-0.44225457794958345,2.70068399127247,0.9207029681185332,-1.5496545511455508,1.2873008964268073,-0.5885976408007977,4.276383226023193,8.850348939290598,1,0
2,444,20263906,-0.7570979616824616,-0.17437826191817996,-0.15079408223514434,-0.5745689703824155,0.33326320795590075,0.09110417744965112,0.37164911310894466,0.6569419589938256,1,1
2,445,20263906,0.9667479605070923,-1.4638842827231735,0.13960356979640665,0.9690504228971832,-0.036994374866320186,0.12483097550137381,1.6118220829277443,1.7645404647645901,1,1
2,446,20263906,-0.5859756195863639,3.064239151912156,-1.7290110578001077,0.1521310112571399,0.7548279061718683,-0.8400667554251405,5.858370252277393,2.282633686780141,1,1
2,447,20263906,0.8879099908205603,-0.2581421024903104,1.6944378572218781,-0.2628507280612098,0.2476687299519408,0.13026689301793168,1.225160571560064,0.23107060101940766,1,1
2,448,20263906,-1.196677785576199,1.6596605905270436,-0.7059330414366016,-0.30887466477736325,0.48883011013008915,0.44318642448949874,2.1186759412776537,1.0477200047052215,1,1
2,449,20263906,1.5719073654993707,2.6346032107956705,-1.2742199455608727,1.6754957529398098,1.1211706914518447,-1.1825433507754906,7.235158873173748,7.127531044963532,1,1
2,450,20263906,-2.053966380010948,1.7367312280298017,-3.5441523951153258,0.22202573108168622,0.020024529958375444,-0.670305377872967,6.997818011705346,0.7766242495104873,1,1
2,451,20263906,1.1442007123752092,0.9680384855553966,-0.07823614243927324,1.1811203949797289,-0.07967281933601676,-0.036090840375707416,1.4537916872849506,2.1565528525269717,1,1
2,452,20263906,0.06203731093779652,1.8711072034863825,-0.3669538731515445,0.20651930870286606,0.8920963095782339,-0.1973284512945417,1.7568845612981057,2.055046252641986,1,1
2,453,20263906,-0.7879350829162632,-1.0760690969686206,-1.350531039254797,-0.19009957274312228,-0.033086158193022255,-0.5803233173731989,1.3516056814914308,1.0207570253854854,1,1
2,454,20263906,-2.615987798930391,-0.2675102486836264,0.06095303330160817,-1.7027908323470484,0.1918952957720558,1.258562921729213,5.082546190542542,4.40818094464829,1,1
2,455,20263906,-1.291341416044716,-1.467103069045463,-2.6927503546560843,0.1707690729270155,-0.1028244759999374,-0.8294623905379436,4.117700375482421,1.3670184954787323,1,1
2,456,20263906,-1.9746883441768972,-0.27402382658360736,-1.1250839755771693,-1.0153694971154152,0.46301357814073696,0.12083835768564834,2.1529000820528323,1.8238102144699961,1,1
2,457,20263906,-1.2691716699013824,1.5051740383699221,0.48528748331063554,-1.079061599071835,1.234046866653169,0.7313533497568087,2.7638529947849384,5.585026961248911,1,1
2,458,20263906,2.1041353618077636,-1.4232046408824768,1.9022166620761922,0.21258592020177502,-0.2845054213866778,-0.6986591100387165,3.6445211654704464,1.196227550189681,1,1
2,459,20263906,0.39860292926312013,0.7220895580139175,1.346562593894646,-0.7264528547740241,-0.3154996498146612,-0.16882588313427885,1.0052665780674466,1.6351943212848397,1,1
2,460,20263906,0.08449136824877712,2.9353346111806666,0.6036689789433964,-0.2080173484879424,-0.3536556916069128,0.14032619964270512,4.20795486308591,0.3864890343242674,1,1
2,461,20263906,1.214966086407415,1.35121350648882,1.395076864658087,-0.061106881668592905,-0.0675463778427653,-0.349004090459527,1.9186223178282675,0.3465960576689521,1,1
2,462,20263906,0.8918932413612737,-0.5205276911290802,-0.8292086626458683,1.3702088964427759,-0.5176653041593491,-0.18789875171268758,1.5443108964229495,2.956874277383185,1,1
2,463,20263906,2.642906451647292,-0.011543208098102794,0.96782503476134,1.1708726570550567,-0.3744398334570109,-1.0393074701435958,4.057451575801362,2.7774396677496656,1,1
2,464,20263906,-0.061432205759061276,1.749193027665382,-2.8641592124385227,0.5603756637977568,0.8704573413303766,-2.0838547142731683,5.948476240287768,8.255393492481058,1,0
2,465,20263906,1.4340711874086338,-2.7943537048281812,-0.08764974809798076,1.5888007388102636,-0.6921437346407561,0.06144297244711015,5.236157931525097,4.7154811879106155,1,1
2,466,20263906,0.4662335199920733,-0.27599845362587877,-0.9061090953703754,0.610726011769529,-0.27917804472538466,-0.7147259016106683,0.9073658235135569,1.18173537180773,1,1
2,467,20263906,1.178633419437574,0.27177218660488267,-1.0450880410177774,1.4785970546047906,-0.12790849467226328,-0.6446123498861875,2.4104767057390655,2.7401932112541587,1,1
2,468,20263906,-0.6081946477475384,0.9870038051969849,-2.3269473564602094,0.3318308283892293,1.6024076533872778,-1.0975502177808745,2.8544825041624495,7.305869004749338,1,1
2,469,20263906,-1.2803965053485769,0.9389196481217582,-0.41925411345953023,-0.8926624305955926,0.19009446832212362,0.08224944008794097,1.374194752546748,1.2066880859048381,1,1
2,470,20263906,-1.7913613990833284,2.5208109914813406,0.8090179170120848,-1.3067081524822157,0.618805926019745,1.403917906578927,6.627553084579486,5.060344682776245,1,1
2,471,20263906,-1.863124766862768,-0.30910893446576604,0.3839148152843066,-1.5557418711136535,0.46713660937958734,0.7899961810335145,3.090646720506906,3.5377806920712027,1,1
2,472,20263906,-1.5933439497417226,-1.2130759787471783,-1.4463379010945303,-0.40658947345788476,-1.822069920865989,0.11430269413518922,2.266429601936596,9.076448084160445,1,0
2,473,20263906,-0.8388732970440316,-3.039337638899871,-2.0781182032530054,0.8458192725729958,-1.5022661488341125,0.0741201001442237,6.362285486132743,6.019275947995104,1,1
2,474,20263906,-0.7892300128199565,-2.083568245449465,-0.7463287206088935,-0.01620675856290177,-0.22831776610085017,0.239273391714989,2.486987777495223,0.2069747407644002,1,1
2,475,20263906,-0.5300942102520168,-0.7632212662330171,-0.8883351375737334,0.23107095769380237,0.5226896867196705,0.11561113262463829,0.6235605035747835,0.992273519048404,1,1
2,476,20263906,-2.072326538575325,2.5359232083035335,-0.9102075171909974,-0.7154691262640966,0.20227268331700438,0.8127645490143849,5.541382783997621,1.3851799746665323,1,1
2,477,20263906,0.7005442438212128,-0.6194063564908742,3.7315489704082694,-0.7237597755326135,-0.9718870451349672,1.7468168548624197,6.3666585386501096,6.8142674343072525,1,1
2,478,20263906,0.41658214630929535,-1.453156453248835,0.9074484911647147,0.13380401294880073,-0.41878050992509586,0.5082693919519501,1.3201005552244813,0.9517081356662156,1,1
2,479,20263906,-0.565400471059661,1.720474984244649,-0.5164288104679287,0.21882775019182077,0.35542330024694474,0.5032180296532708,1.617517837859125,1.3773335422527662,1,1
2,480,20263906,-1.1882387806781765,-0.8737270381208508,-0.18567317697581132,-0.9412164669744385,-0.4916377046480521,0.13482317911478245,1.2719315726070795,2.172475794910257,1,1
2,481,20263906,-1.5268930319982417,-1.7797562199097257,-0.7835756976065298,-0.6162891677932123,-0.09626876273099938,0.3840934333028426,2.819863179649875,0.5457581194533333,1,1
2,482,20263906,-1.7279126700236844,-1.9302755874889965,-1.2318943887244203,-0.2712394048205624,-0.9577277455163636,0.6535775634901015,3.4929824066739403,2.730575786271221,1,1
2,483,20263906,0.3900455911431351,-3.3598049620203203,0.17918740737753325,0.10552282549346614,0.49322439930482975,-0.29294567578402886,5.391208085698825,0.6710875868717509,1,1
2,484,20263906,-0.4207416611502879,0.14348093839954237,0.3899742316267094,-0.24848155967765706,-0.17365371954572797,0.6207167267003396,0.3238630133326127,0.6799562079623683,1,1
2,485,20263906,0.9303247067603451,-0.16529938235540953,2.22742777750085,-0.4043060002339445,-0.3680807854373174,0.40297942238071344,2.0355248438899265,0.6437771989165111,1,1
2,486,20263906,-1.9235704849341602,-0.42811312115792804,-2.5217018349229505,-0.9497725121015463,-0.26350953429043394,-1.2867638982555458,3.2303122945478484,8.000285611033512,1,0
2,487,20263906,-0.6406555977116852,0.826544059334148,1.6510741230425907,-1.2724724563050387,-0.7994323774062025,0.8009871735301958,2.754375106033516,4.021766624178123,1,1
2,488,20263906,0.7355639939732725,1.7992024476059905,-0.28873777405350154,0.5584658593381988,1.3904897572785173,-0.5359431496181104,2.1003779911673077,5.258523500621112,1,1
2,489,20263906,-2.2491555537237673,1.5629057143893679,-5.004099751264789,1.0287181402966183,0.43456343815523496,-0.8878251543218161,11.877278925975576,2.2101650157883785,0,1
2,490,20263906,-0.13952696299996603,-1.4653350352245456,-1.5466225632122388,0.11211899240474565,1.1671804118803681,-1.2251189823330635,2.2380558883721524,5.239604430642077,1,1
2,491,20263906,4.250441952756432,1.978845211068545,3.688358276854572,1.4887697624335345,0.5840073547556913,-0.2685084623129913,12.771250794671424,4.288208916306377,0,1
2,492,20263906,-1.4734307019797086,1.7471259185380603,-1.3273548962124124,-0.5642531399305426,-0.05040768309219301,-0.17041392027966723,2.8142625648500967,0.809006270374993,1,1
2,493,20263906,-1.8004208723021975,-0.5512222937366235,-0.07781714460660538,-1.5895299700938068,-0.16939306104950594,0.1953878590399788,2.409396139968405,4.003705094092683,1,1
2,494,20263906,-0.5788020071990019,-0.6232380319428007,-2.2436315839727072,-0.03969513784441858,0.34115699311809944,-1.5517506435728645,2.4007350790703565,5.095750498906165,1,1
2,495,20263906,-0.4924283113748942,0.525958139954481,-0.27147833884472305,-0.5559077041598925,-0.03949381830320184,-0.3574047791871054,0.26513949767798434,1.198209536546889,1,1
2,496,20263906,0.4738240500285116,-0.6269282031864682,1.092400300495548,-0.05569843396970953,0.4304463510742115,0.3740147407585519,0.6712401239087072,0.8784405415159368,1,1
2,497,20263906,0.35752909826850043,0.4018580926403799,0.3720028684799672,-0.07017047366474571,1.0382590108096972,-0.192494163189847,0.1614232336084901,2.6278294238098567,1,1
2,498,20263906,0.456525179589633,0.014118485045617557,2.260057546365708,-0.7432643168591682,0.63740698812414,0.6273012256697446,2.266567586425107,2.0214555422420446,1,1
2,499,20263906,1.2534978072310707,1.2225853095088752,1.8588363785351163,0.40807452050793813,0.9809650873344604,0.6906421141258121,2.2517564280058737,5.177528456324325,1,1
3,0,20263907,-1.2284371233059943,2.775179732227035,1.1487883699354846,-1.552535480812395,0.695635492261869,-0.058749832580032836,4.643846826725509,3.85388464508548,1,1
3,1,20263907,-2.3227043611037743,1.4373678494046822,-4.354658538291339,-0.6973399498897237,1.4274011209906905,0.6724220087761639,8.115136058876269,7.500621764478745,0,1
3,2,20263907,1.7273044841968925,-0.4507219575760958,0.9803106253045613,1.6683651761155858,0.019320261539258084,0.7710221443959947,2.487638735812482,6.604327727739248,1,1
3,3,20263907,-0.9211999403794522,1.3304552997008143,1.033920928645152,-1.1128760536131637,-0.9023254672094777,0.3700319701325391,2.01754900589501,3.4717729548266885,1,1
3,4,20263907,0.7567595986266866,-1.601295585821213,3.118397446656612,-0.002088282315668266,-0.26078001624963915,0.3780653778914158,3.7398933509614105,0.5222226661929009,1,1
3,5,20263907,-1.2142547515369415,1.7959332242818875,-3.9709268925643357,-0.28354347666683566,0.3566518154123115,-1.1829103910326833,5.977028609630235,4.6875445316964734,1,1
3,6,20263907,0.5217478156855861,-1.1418074650899492,0.6965973059624915,0.1473846163255672,0.24465554983016888,-0.5786928908345289,0.6847791125287068,0.9661473267066221,1,1
3,7,20263907,0.49136461520015473,2.614894057641072,-0.11919718486199571,0.5544231185958637,1.1321543943974923,-0.0007382957303218265,2.393300388576579,3.8069957313502556,1,1
3,8,20263907,0.6043117696881524,1.2186929632087087,1.0065627236127348,0.14531335351648522,0.5808277851855894,-0.5599581205256207,0.915560224444994,1.4408532348936556,1,1
3,9,20263907,-0.4348119959018817,-1.092473588932812,0.3099754996669155,-0.4797022095165886,-0.4369444397549679,0.14305558940787347,0.6205575150454308,0.7423927835894312,1,1
3,10,20263907,-1.4935597528791078,3.972632923864043,-0.9200183990460999,-1.446639520392921,1.4285682467793632,-0.9926186380592843,6.616350058815801,10.687232781015958,1,0
3,11,20263907,0.7106961253650326,1.0088710185621823,0.34020509153682,0.5719509445815874,-0.5311972334978055,-0.13911218006491874,0.7276586453130055,1.0356699380416556,1,1
3,12,20263907,0.2881473213655994,1.279113962146769,-0.2166172262613557,0.095567239523902,0.9124527746062416,-0.8615848188520345,0.6268701736019332,3.5249758881999913,1,1
3,13,20263907,0.7038283534813559,1.3914076484053026,2.707462474758014,0.13833954259223447,-0.20023683376836582,0.6682338811376203,2.835682983844791,1.5016773625902438,1,1
3,14,20263907,0.6644889235552967,2.7520115802765464,-0.08360717317626154,0.7964628763754007,0.029887374914148862,0.23410537335605885,2.809031611091599,1.1495246390498828,1,1
3,15,20263907,0.7456570941066332,0.6378345630871203,-0.3320460402967029,0.871502640072606,-0.8771485353654102,0.09518685650104847,0.762066523761001,2.641575353062238,1,1
3,16,20263907,-0.47746062931346955,-2.1645839518207413,-1.0906903693958476,-0.019885980806236603,0.147389350262299,0.33508307897227624,1.8810472090307893,0.4502665235313964,1,1
3,17,20263907,0.8486806942992189,2.70724509146068,1.949239263241143,0.23686347836517996,-0.34544353704159747,-0.2833720095244726,3.61262384652414,0.6067087160993798,1,1
3,18,20263907,0.008134842823139365,-3.399955691319717,-1.1910880464539382,0.4061090224776507,-0.323859562221076,-0.0762208715519359,4.1393156964534485,0.4217039453602232,1,1
3,19,20263907,-2.2760472156751206,-0.24688568033808506,-0.9110592204172114,-1.859942756168195,0.6384176411426183,0.44247863754317274,4.19038959274974,4.578128209972492,1,1
3,20,20263907,-0.4168336830709336,3.5211749967745067,1.3133199336544727,-0.6778908832041566,0.35418365904600724,0.21536456536876264,4.711311286415718,0.8223350313693392,1,1
3,21,20263907,-0.5944339482720977,1.265013763211601,-2.154518808626392,0.09481588422072207,0.12221719267773622,0.033471209009023915,1.9396287471154179,0.06426161040720658,1,1
3,22,20263907,-0.8803131039755243,1.393875118529807,2.7640120159139236,-1.5375942224225838,0.3221208430154544,0.4448795725281123,4.724949805711948,2.739592377358324,1,1
3,23,20263907,-0.05023059349412051,-1.159883976327929,-3.4838194739887953,0.7636456747769671,-1.2228317019054598,-0.9460864012873593,4.609340870589774,7.081645612355858,1,1
3,24,20263907,-0.9312485035548832,-1.8290484259861035,-1.611494002059871,-0.20159810939239264,0.7211873766997479,0.7252946255951875,2.148464718749468,3.388063645660954,1,1
3,25,20263907,-1.4139456610864443,2.1033061752615794,-1.4362343023428714,-0.8614538565541352,0.053219492802617785,0.2776737009057677,3.1036594859876856,0.7971331943295847,1,1
3,26,20263907,-0.3947844465000543,-1.4513438218787127,3.4895597407945615,-1.198959362529905,-1.0763359071581424,0.617953491390768,5.338576346682001,4.726626676290797,1,1
3,27,20263907,-0.33414021732164656,0.37154573392702744,0.2824568021611569,-0.5607316752185056,-0.010608386133524286,-0.4694246771385351,0.20588439241725454,1.4058799412448693,1,1
3,28,20263907,-0.31705553975622536,-5.015212281213578,0.007528687856105165,-0.4553590819378712,-0.3187245129021237,-0.8569764998740834,7.877243541521909,3.613856834969728,0,1
3,29,20263907,-1.0285293646295344,1.9229803779970234,-1.079387987122118,-0.8270996514287674,0.21471967422141128,-0.49045681953894427,2.077957061400513,2.0410346898400022,1,1
3,30,20263907,-0.8102058963251579,2.6860354854023805,-0.5521046091901525,-0.7978366490580271,0.593359438294632,-0.6241707056322504,2.7542240886516676,2.9991342749821017,1,1
3,31,20263907,-1.9187153791693277,-0.05123426118301704,0.7748439035402477,-1.8758137573636304,0.015256763409048538,0.9191711828388043,4.092791143346204,4.502319646659869,1,1
3,32,20263907,-0.8698458275554088,1.774518005266323,-2.1117079277010546,-0.20061524770750339,-0.6381584103606928,-0.012892775341882835,2.5088875507293107,1.157327271228594,1,1
3,33,20263907,1.164754269855365,-0.9399284218447407,2.5521597095558874,0.2570833314137815,0.8851995196664103,-0.5991611595941017,2.6490904474673407,2.504918353709977,1,1
3,34,20263907,0.46809467968890317,-2.0176940375952936,1.7163077877410764,0.14057236247279548,0.48738398196942484,0.5126363702424315,2.1588544443175546,1.834580058599827,1,1
3,35,20263907,-0.6175903259233451,0.08389455939182415,0.21479969783535324,-0.6344287693366084,-0.9720975198285461,0.1743931195502908,0.41272404044143646,2.9254502510527765,1,1
3,36,20263907,-1.1852970305201893,-2.3897808795280913,2.8424656736733915,-1.7296808097991772,-0.722295308252206,0.8450527429998607,6.884952096829894,4.985757998340329,1,1
3,37,20263907,1.0281159417935584,-1.4831167696982677,2.0805857631248657,0.6045913856312097,1.1616572886341963,0.5765354218326278,2.3404623280961756,6.2559542647388335,1,1
3,38,20263907,-1.114878792752279,-2.6204816619908735,0.5825866076514892,-1.152967472006523,-0.48011462280016115,0.3427580538108999,3.5586280482989165,2.0104897939785302,1,1
3,39,20263907,0.3966771652426502,-1.506460179924618,0.6287197615554234,0.5145300772887254,0.2571793497927157,0.9965963891730549,0.8911343127995781,4.54844932722732,1,1
3,40,20263907,-2.23285446997167,-0.12240012719622845,0.04009493618847415,-2.4307665211608196,0.8793994124122931,-0.5858950433223413,4.54831799128118,10.86489141262702,1,0
3,41,20263907,1.0534651218964513,3.4099277487339066,0.09576204903183694,1.1218299901384228,1.4885645169780632,0.16958694110564493,4.655721276761153,8.09477300302504,1,0
3,42,20263907,-0.3535020849978565,3.0458855191947536,-0.7642971466152311,-0.02338554974828355,-0.43727898559578554,0.17334585648888598,3.10419405227949,0.5104959474858577,1,1
3,43,20263907,0.29508024535485333,0.8955022230793847,1.9312515229488234,-0.15443131885935202,-0.3532920717085379,0.3605450985090374,1.3807435212561097,0.5743213466520602,1,1
3,44,20263907,-0.2322300421282506,1.3436899454570033,-0.9901095722933526,0.20743939072028184,-0.06770745182578393,0.43203033672625546,0.8644769336252118,0.7256898077116556,1,1
3,45,20263907,-1.0546675858875432,-0.857434241990923,-3.5284447623899524,0.018416007087139974,-0.1670434217678642,-0.18872680938925868,4.124058760325382,0.20977579270484384,1,1
3,46,20263907,0.37037078217370833,-0.28512433459068914,-0.3732994661321314,0.3214425044211566,-0.03184517027974955,-0.5358330974359252,0.2490642717934249,0.7978735585659489,1,1
3,47,20263907,0.45075441219607626,5.23399895340402,1.2274888950386682,0.3377451384715471,0.7767346868469348,0.3800774614637177,8.98182468445938,2.6831581394461455,0,1
3,48,20263907,-0.2799418883635525,0.3120258467188742,-1.7064107839631717,0.042575481263071424,-0.12623632844834,-0.674924298082616,0.9253032394388051,1.4935234960569543,1,1
3,49,20263907,0.8101083209436695,-0.23911282589451707,0.8551559503259298,0.3806374885275261,0.032168617266382,-0.5922161882704771,0.609375000270104,0.9421255701401188,1,1
3,50,20263907,-0.7005535100242213,4.625747018070435,-2.8936351585833577,0.2559103863731167,0.1886398469882368,-0.20737834077327874,9.387793542330165,0.20652529813864606,0,1
3,51,20263907,0.15769520844108342,-0.1395616308074358,1.1633517232099884,0.09996731833363981,-0.34990614624343597,0.9653692302805471,0.42143542180930144,3.0393647764077683,1,1
3,52,20263907,-1.1425752459630303,0.912034409444352,1.1741915664168339,-1.1105555726581713,0.02145367849844767,1.269758300107054,2.395287963557056,4.787933670334084,1,1
3,53,20263907,-1.0224243352345184,1.9337661339777765,-1.1295247571467506,-0.70086934675561,0.005316484498429527,-0.1501221882221612,2.101284505040766,0.7781685180875226,1,1
3,54,20263907,0.11006847147297094,4.011410610475372,1.9619026520041523,-0.34748869986322006,0.9689329325255195,0.12207796106097589,6.142474378617504,2.6006589036225796,1,1
3,55,20263907,-0.7246894929966317,-0.2047889682574417,0.8921297130133787,-1.0655650484210923,0.109459750562009,-0.24670139470897126,0.9979662450747723,1.8309293080498679,1,1
3,56,20263907,0.4325808783327858,2.464656722365164,-2.486535707291587,1.135185879402755,0.4309012624111816,-0.32558871056516747,4.688781798395187,1.8117161968833078,1,1
3,57,20263907,1.7670265799073945,0.015993353135265224,0.15654254751290964,1.5107845013885282,0.2887527431268641,-0.7023959755242003,2.7391981358722313,2.928552320296861,1,1
3,58,20263907,-0.639185855404591,-2.8975071882775585,1.1218869048128646,-0.7260131231109597,-0.7532273349071541,0.6909485827859934,3.606639031709406,2.6036778821539377,1,1
3,59,20263907,-0.632267577943324,1.8426979046573202,-0.5209339629766205,-0.4918232442657313,0.16805563642085367,-0.11583842964337271,1.3803925260697334,0.4248344740143432,1,1
3,60,20263907,0.5884425913725693,-2.2757316690630294,-1.321534320034985,1.0406739265714862,-1.0061225897323938,0.09979637665609872,2.8611438837567365,3.5457850961278186,1,1
3,61,20263907,-1.0301629409626827,-0.30146867085629686,-1.3181548640898413,-0.7923738736769934,-0.07644448665755958,-0.5579354917098807,1.0680699646777896,2.3679932905037564,1,1
3,62,20263907,-2.359574290981584,3.3827906642550647,-0.06343659828723247,-2.0969272833866626,0.4700890439687077,0.6116762480392924,8.388308086509063,5.188697950039277,0,1
3,63,20263907,1.367717701967834,1.6217467270075945,-0.5340403851059463,1.1209791412839394,-0.6307863112816524,-1.3770867020406472,2.906833213301046,6.81764180940297,1,1
3,64,20263907,1.1650003450731248,0.5736375350786133,-1.3203428201780518,1.5092535201726633,0.8137913144234321,-0.1804475812579613,2.5131346263608583,4.231334528956974,1,1
3,65,20263907,1.5140800448724292,-2.123007350280114,4.399635304487468,0.4864025798599556,-0.31043045465776414,0.548671218950718,7.647228879233287,1.5789134461413759,1,1
3,66,20263907,-0.7118176383691264,-2.6474649837367457,1.8660699801037595,-1.1895793801053998,-0.6357156324604536,0.12079499149471538,4.224345685606,2.741198992601662,1,1
3,67,20263907,1.966575716417168,0.05981757416953898,0.2173038078441678,1.6586070504338437,-0.26898075592795184,-0.8163978531560251,3.3696764477495336,3.7480222013310946,1,1
3,68,20263907,1.4916488932524175,1.0194192388239436,2.136475675261419,0.7737923577360846,0.795387996993643,-0.3641247784808336,2.7554728744710353,2.2276548505486904,1,1
3,69,20263907,1.9685164686873406,-1.6009563682843981,-0.5311055918356367,2.0408553297840797,-0.17203858193110577,-0.3302506836368642,4.825845923962929,4.293016538059553,1,1
3,70,20263907,1.2604392740701513,-0.5024721423397231,1.2606469950671482,0.9406916272742478,-0.6983976406375126,0.16095691376313603,1.4870310521385908,2.2113723737012405,1,1
3,71,20263907,1.4724606674663505,-1.4432764892089256,0.21254506030153664,1.3660204428783658,-0.016748495515160295,-0.1822036834326824,2.530633825436287,1.928695407656912,1,1
3,72,20263907,0.13488128430603297,0.8266876020513666,1.7404089978013033,-0.17413290743037635,-0.42839403547245997,0.6589861297294238,1.1661453547215441,1.4680551846757497,1,1
3,73,20263907,-1.0853052731583261,0.6993047761618981,-1.652280984179562,-0.6494082169665774,1.3200542410583853,-0.23557714492558335,1.471397098542054,4.82704140401223,1,1
3,74,20263907,-1.2231041051645803,1.4778778339660268,-3.253799994914573,-0.31566626204187287,0.020806490077524768,-0.46157626705784544,4.173016556478947,0.9568612847033526,1,1
3,75,20263907,0.10967340850100982,1.4555489662311016,2.0235480681377034,-0.4802614364503057,0.4323332513394989,-0.03967280189880811,1.9603715807311741,0.7029748524179352,1,1
3,76,20263907,1.2584272021917684,0.5483357546138344,-0.6726270614533654,1.1460884891802579,0.23974550032681818,-1.0449852733945166,2.0009815061837055,3.2801550636568875,1,1
3,77,20263907,-0.4133110685907724,-2.5743065803354854,-3.258833808845573,0.46037283003545326,0.04363791921775066,-0.6267410461518469,5.462728083218712,1.0629033591896293,1,1
3,78,20263907,-0.11970187494073059,0.035621488505226645,-0.9161577689052542,0.37181617482359286,0.13227356109810093,0.7192040219263959,0.2606486460466405,2.278903911247421,1,1
3,79,20263907,0.15450798757069606,2.0359858402578146,0.055336682765275924,0.21276292921429274,0.43672859277949005,0.1844845603179257,1.310627759178577,0.811377873945647,1,1
3,80,20263907,1.4914227430756597,-3.060939966410383,0.5114306150738805,1.3286113734867513,-0.4982498509943269,-0.19467179467584841,4.80748668408992,2.3376150440834156,1,1
3,81,20263907,-1.66770565015851,-0.037878194331081444,-1.698032537893571,-0.8136550722743578,0.4717676163376565,1.0888732714252063,2.416960292228244,4.426250203089825,1,1
3,82,20263907,0.40097073174065656,-0.28444699035429605,0.5997575672939135,0.4085370162437698,-0.19378925910927855,0.6248705538306366,0.20518814955040415,1.687123181304937,1,1
3,83,20263907,1.1583890371100694,4.345335866475157,2.3295116326611875,0.713346842143153,0.30742254794197843,0.4316934255401184,7.950302807097336,1.993940448839437,0,1
3,84,20263907,-1.6055978975159633,0.925395728800184,-1.2588791291351882,-1.2144822202584464,-0.2273372114124469,-0.01336434020927075,2.3639790463971253,1.969496875703987,1,1
3,85,20263907,-1.490516250125168,-0.30281880080462076,0.015981972332415495,-1.2984321417973774,0.3557059700395028,0.6550614788229314,2.047129871523016,2.6395339097853294,1,1
3,86,20263907,2.109163917654854,0.6428476147471414,-0.5651569548117621,2.008922618969919,0.8463183970797744,-0.8931526849904222,4.7161431367359565,6.312644908571468,1,1
3,87,20263907,0.1332421474248946,-1.8344891519555175,1.577079640833535,-0.15983047208395362,0.2522160717756161,0.5081218294140828,1.8128321935139318,1.0243250855465205,1,1
3,88,20263907,2.2483711291480546,-0.15366971036636468,2.8844729153692477,1.4361799397453439,0.16993421446860135,-0.011286784920963218,5.141747368953982,2.4847753830918156,1,1
3,89,20263907,0.6335536511442399,3.597566792201845,1.9922687382332995,0.004064386050004032,1.2916375968018132,-0.3645579310397973,5.239400913280362,4.2105197255155815,1,1
3,90,20263907,-1.0470888236401237,0.48941934826471584,-2.8747770351192017,-0.15224077416704063,0.31148370610422543,-0.04990905277324718,2.76734473325806,0.26520912464296187,1,1
3,91,20263907,0.682944945231398,-1.9613649879005342,0.3380355007274076,0.6564354930287521,-0.9445193248011621,0.19858433907430412,1.5830829247909992,2.6827791419954865,1,1
3,92,20263907,-0.8200074285337706,1.3355533896389518,-2.701385579634305,-0.08157845121935736,0.39530873712823145,-0.3971708476483428,2.8483217185130694,0.7694707232130072,1,1
3,93,20263907,-0.6442867784021047,-1.8797134586516397,1.6470616470579884,-0.8907782920357477,-0.624887648786444,0.7433444034151978,2.7465724735678627,2.5365489606086427,1,1
3,94,20263907,-0.40594986905077235,0.41755030188707387,1.233405098467422,-0.8890370603908053,-0.6099586698202154,-0.38603517267602083,0.9024022592906209,3.2408377697726762,1,1
3,95,20263907,-2.6625234113885483,0.7369321384526868,-0.8918206334630732,-2.266661683828133,-0.7025934603160522,0.38356919136795803,5.928112017294792,6.88428574308123,1,1
3,96,20263907,1.0900209624286816,1.3678217796667214,-1.9256200704650581,1.456234854022341,0.48762164854587847,-0.7685409102952274,3.7593636315661945,3.255014001766082,1,1
3,97,20263907,0.1875423142001864,1.3500463161131682,-0.7977965792453574,0.576457810322978,-0.5533547114967191,0.47136184633128564,0.8803752861148993,1.8421742126017144,1,1
3,98,20263907,-1.2741638732196066,-0.43035349382185806,2.7484842322872858,-1.7344579287483413,-0.2548238556734229,1.1306510810440569,5.333700928003243,5.00855224093292,1,1
3,99,20263907,-1.8574403696076303,-1.7855463124023314,-0.17658189796834378,-1.6199974612056138,0.039752909321245526,0.5525931921357583,3.9665968137513024,2.8345368223296283,1,1
3,100,20263907,-0.772418264469465,-1.5247875561671227,-0.4242486188201653,-0.45844126980044564,-0.36840076914310826,0.582059993309823,1.1941726846533196,1.1531293153792135,1,1
3,101,20263907,2.163244154489746,2.00409122464899,1.1443581572043762,1.5601112705984121,-0.37613312138081606,-0.9741061920354643,5.089511242839475,4.2921129854541356,1,1
3,102,20263907,-0.54516002813385,0.9853664458627549,0.45473896416605797,-0.5946807765316322,-1.347491842791774,0.3027717177141945,0.7286770588215098,5.08187188223026,1,1
3,103,20263907,1.2783402818431426,0.519387325740633,0.3619880781441047,1.273446723556333,-0.025451042377354825,0.3407338768387097,1.4427832865676615,2.7357536037010464,1,1
3,104,20263907,0.7253218276093065,2.821908186776258,2.5423955018702245,0.03392400581289223,0.2666646498613468,-0.010275474929135288,4.443346845027051,0.18478874498325926,1,1
3,105,20263907,1.5315038162234913,-1.7783599619110255,3.117555863469452,0.7095087886503109,-0.4976312035703073,0.13661179472396875,4.708855708153956,1.2142104096961204,1,1
3,106,20263907,0.8176215388647563,-0.5211788776159738,0.21389959212018184,0.8316515293320066,-0.01438815187082001,0.25686536713126984,0.6426851031788654,1.2602329298940453,1,1
3,107,20263907,1.8514475569240005,-1.3844382794286978,-3.4497164450075104,2.938466255534749,0.46104402640606085,0.03373294649818228,10.351202102366889,10.82954304248506,0,0
3,108,20263907,-0.7071960658867624,-3.5305410651806857,-1.2986726745751866,-0.3488654028171254,-1.4598377128446245,-0.30928605975973544,4.571975169386402,6.743109101528687,1,1
3,109,20263907,-2.679413817394419,1.2951959384874367,-3.936491866470959,-1.0693003610361842,0.24729729726297864,1.0636004169215199,8.199909491172605,3.818632073052714,0,1
3,110,20263907,0.7160041932636432,1.3109617098344755,0.8126197727592377,0.680294750351095,-0.32156413126404915,0.6621383160849386,1.013550417620779,2.449511703076457,1,1
3,111,20263907,0.5230047046560315,0.6261901468393202,1.3824822019981262,0.12829814599145095,-0.6657264543439675,0.0315226906581861,0.7557065350790761,1.1228209870332133,1,1
3,112,20263907,0.9141835721290619,-0.02889789348784331,1.8778290013949395,0.43769607961486656,-0.1211623877204153,0.22107659625816298,1.3366098354087164,0.48989531452876467,1,1
3,113,20263907,-1.7164107716473467,4.090029980630338,0.3873373924886785,-1.8214380606930831,1.756678563081561,-0.18585979084291918,7.983139042284109,11.37645509255505,0,0
3,114,20263907,-0.16592334023194155,-1.4417822703166745,-1.466666091979981,0.23220706962523252,-0.5905328455405776,-0.20312290542595537,1.3299946919300767,1.1033904588502117,1,1
3,115,20263907,-0.8406754632353426,-1.8414146657221213,1.2073552346960348,-1.3213685593612468,-0.27983553566591596,-0.45370487096471385,2.531170837292552,3.956361739331981,1,1
3,116,20263907,1.070359125347622,-0.38736140829952975,1.0354334921845059,0.8194950681964315,0.5270827033192697,0.17609606077362364,1.0488201337408267,1.9776190044208102,1,1
3,117,20263907,-0.2636953696329556,0.4591092697896756,2.528871883475162,-1.0606581958221142,-0.24578029623526745,-0.21837938221733585,2.522085252272161,2.0693121598187565,1,1
3,118,20263907,1.0429368019771914,2.1340040963771805,1.1346586903168472,0.6789987716467607,-0.16627604962179027,-0.18523703926956767,2.420914088879633,0.5439868561585801,1,1
3,119,20263907,0.3831566882287518,0.701843258919029,0.6382554119315493,0.4764612382043367,-0.010117254040834028,0.9506728896929678,0.3351488906251697,3.663105236694113,1,1
3,120,20263907,-0.060716342139656376,-0.3327156807578334,0.19123315204025815,-0.4580188279097257,-0.45580757426344964,-1.108197331462649,0.054413824726989,5.812019543767201,1,1
3,121,20263907,-1.2551257739127948,-0.9007456218048332,-1.324030658205853,-0.7799950050504947,-0.10607572414704573,0.2017488450893018,1.6431217251936796,0.6598440814442849,1,1
3,122,20263907,-2.5848234990984906,0.026222096091912228,-2.5088477394613022,-1.5492918049958462,0.5997380365818431,0.7828681824953315,5.667410428051365,4.320877151026682,1,1
3,123,20263907,-0.9587733481982781,-3.3735361393141186,-0.35569588746266945,-0.775524607055516,-0.5950405406655761,0.06401880243718032,4.238780116787324,1.686528037503679,1,1
3,124,20263907,0.19521228074444252,-0.9631327815130866,-0.06607552667333749,0.29769807644663615,0.6863622315299939,0.2699182908184583,0.3302758529112115,1.8973122404232288,1,1
3,125,20263907,-0.251489767319498,-0.22278781017436625,1.2392750903906773,-0.36183128207251514,-0.5774219329894738,0.8641777528408756,0.7080339927122066,2.5400071257952184,1,1
3,126,20263907,1.0419659539948185,-1.548715579132352,-1.1940530132218719,1.3878122165723425,0.31111366357842735,-0.08921880258518014,2.7109210472297316,2.4193667697383425,1,1
3,127,20263907,-0.2975781751993196,-1.2669909856451902,1.9165721824285349,-0.808419810617508,-0.49194664317739606,0.139566080777975,2.0148264027706206,1.3648458030877164,1,1
3,128,20263907,-1.203803125268223,1.4108061732118111,-1.8869166007817952,-0.23849243065943426,-0.6392863734587617,1.2478318456439663,2.2851417504492924,4.9418175019234,1,1
3,129,20263907,-0.10171235338874851,2.065004659749777,-0.9362098332246198,0.20661410387339174,0.3708984761743989,0.008699287451943018,1.6125323940054244,0.43232217535006046,1,1
3,130,20263907,0.6451952454071517,1.8273020080971734,-0.2412502413044777,0.8071385136476721,0.07715210713331878,0.24697586566861796,1.5078661684798873,1.2410009109420808,1,1
3,131,20263907,-0.5971052260593552,3.938806174552533,-4.2828069600742324,0.8589302134282519,0.20053832333091176,0.013394670872143008,10.791249594860329,1.0190561260786632,0,1
3,132,20263907,-0.3916873790997215,-0.25736109993367623,2.86489678684816,-1.1571550923907523,-0.6194506787537094,0.20227779304100468,3.322456818913002,2.4963209737987873,1,1
3,133,20263907,0.4507466280379617,-0.4873560690292399,3.367125736528198,-0.31519309847708143,-0.5125184023503568,0.6303451745488903,3.5286920469325573,1.5169953370392872,1,1
3,134,20263907,-2.4228051916757494,-1.6953938028866218,-0.17058453447470967,-2.0993276090014206,-0.35451221513224496,0.849011407450345,6.016412207814923,5.306839871522079,1,1
3,135,20263907,-1.2842343982338065,-1.7972132633322448,-1.9259733841523214,-0.6133812945946744,-0.467970931897239,0.1775065163147743,2.8238311088672114,0.9724306773056185,1,1
3,136,20263907,2.478508097764518,-0.1463290497721499,2.8022675453795003,1.497167267578476,-0.7990614246136267,-0.6475010448336758,5.815675511496847,4.366077505415997,1,1
3,137,20263907,0.6789118575187416,-1.3560425995729308,3.875848342553784,-0.348653521937635,-0.38816505455507955,0.16693177714246935,5.08821948589055,0.5212086197388471,1,1
3,138,20263907,-0.5075698836024429,0.13131210956811004,-0.7441276116321411,-0.406641244993196,-0.0938368513876,-0.41572534964579,0.2862187005545816,1.0264135845059714,1,1
3,139,20263907,1.8157918687965378,2.629285728234031,2.315922312799323,1.341494939024571,0.25949737754943164,0.5108355483729392,5.491208433460157,4.115246921186872,1,1
3,140,20263907,-1.0527639300487408,-0.4425487612636052,1.48700260443848,-1.4715216191794553,-0.6046938445242985,0.07483203903998376,2.3871393175506506,3.616764322821822,1,1
3,141,20263907,-0.6134388715258012,-1.0858845680869138,0.5859904499120887,-0.748018733001544,0.20326813587481532,0.11598172743704709,0.9507231755014545,0.6628748756393368,1,1
3,142,20263907,-0.0021868999642862263,0.4312740542352674,2.803684348796523,-0.8326573643774964,-0.49394555597984596,-0.08292488037781232,2.704982569392959,1.735934063417374,1,1
3,143,20263907,0.14911616852496934,0.37533806638981865,1.5970590453094111,-0.3402222475354222,0.3416845806460368,-0.07532802052870957,0.8414506570550153,0.4262723718133463,1,1
3,144,20263907,0.1802239739475766,0.6154684971251047,-0.7572375861944174,0.33975874933182126,0.16207491039656666,-0.23855656770695435,0.39674258570244425,0.2497698582362085,1,1
3,145,20263907,-0.8858590849104075,0.35904996084288243,-0.07631009073165274,-0.7453607828447844,-0.5030398852951614,0.39274085567180933,0.7264380158329292,1.327897303955726,1,1
3,146,20263907,0.5153046205963392,1.5536520769953421,1.6822790635671687,0.027830923173127076,-0.3855353343324555,-0.031950155556720754,1.6301367079340443,0.39620139636522556,1,1
3,147,20263907,-0.10038796768169789,0.7422378415308833,-3.5600446608648966,0.8825542199842573,1.1359179407400826,-0.4660468380523235,4.476997723696347,4.048095939348259,1,1
3,148,20263907,-2.9270055019263594,-0.022144540358636153,-4.954601843745188,-1.448896714769262,0.9726645685202825,-0.5241676382398822,10.477724217721102,5.862884108308826,0,1
3,149,20263907,0.1383933937394488,1.5296482373870601,0.27107798266028027,0.41198965986306746,-0.20900086230818227,1.1688511664385892,0.7552043650302837,4.952799326718785,1,1
3,150,20263907,0.03925240777471117,-1.2926695955953602,-0.46244498861364747,0.10023444062345277,0.5990531388383941,-0.28312646096346517,0.60393565118887,0.9888630870435712,1,1
3,151,20263907,-1.700801523259571,0.0012625196618666526,-1.3047508673350663,-1.216851726414589,1.2849511470705652,0.2853842973608272,2.349423230594745,5.826684959370595,1,1
3,152,20263907,-0.21540461155404955,2.396088130497677,0.8187230859571883,-0.4184539519086172,0.1843848869717701,0.037769004771608314,2.095550255951802,0.2586049470053111,1,1
3,153,20263907,-0.8824032014509555,-4.654587140689521,-1.3036961540815533,-0.4729565637184834,0.3454068377062064,-0.33369144372559256,7.594226172470091,0.9535197587448514,1,1
3,154,20263907,-0.5632483006777989,1.023444656910519,-2.571638610340237,0.3212059399293139,0.2418943986485693,0.24728856402418295,2.3555559590632122,0.6463016689185023,1,1
3,155,20263907,-1.7669491814257583,3.7182072791933134,-1.2051419528206289,-1.2445087515099829,0.3261615517538213,0.25836595836104403,6.732850107445237,1.828290748579462,1,1
3,156,20263907,-1.2547351400237545,-1.6721810215988453,1.2152011307017965,-1.3965965801078113,-0.22635323423299292,0.6860828846824708,3.3265715275909926,2.565967938645378,1,1
3,157,20263907,0.3855153258529924,-1.1997654105529167,0.10522939504685525,0.3535321348497291,-0.6453705324848609,-0.019002834338745854,0.5733509575044686,1.1469048588112476,1,1
3,158,20263907,-0.2897866767555115,-3.601857252148658,0.7269365180620433,-0.39617453102287925,-0.2452038532176141,0.14987319265094226,4.313063508035399,0.3241350663290124,1,1
3,159,20263907,1.700593356917949,-0.7631733554239069,0.6199477720876772,1.4356332227950048,-0.6677029980232744,-0.2844361755122192,2.5574467417491844,3.114545494906736,1,1
3,160,20263907,0.4544067397428364,-2.862343475273875,-0.7887027356297658,0.5603259832623877,-0.15795290295790979,-0.5748420891686837,3.1273210927748774,1.0913808113008252,1,1
3,161,20263907,0.3176625283896328,2.083784919142181,-3.895667108044428,1.560483563257037,0.09852783821996307,-0.03914617651510592,7.313566361964725,2.7820697022303107,1,1
3,162,20263907,0.7814271709926714,1.1269466021816177,-1.0844616649682912,1.0320645045864154,0.055138657709605174,-0.2808315584547256,1.6810002940780686,1.1109278160056726,1,1
3,163,20263907,1.0427359086949082,0.3533622985096341,1.964351421264272,0.4120496286069226,0.16642993738865233,-0.21836379190899866,1.5983378343475585,0.2826738244269515,1,1
3,164,20263907,1.1615075854676178,3.4156910862815253,3.564175211839686,0.19561612890416313,0.962182302582646,-0.0679761342297445,7.618743570922616,2.409087748914657,1,1
3,165,20263907,-0.8312948879311648,-0.3039968132121189,3.0610178398593817,-1.4999132438181988,-0.36975676966084325,0.711274608399969,4.71437668701987,3.074642873919023,1,1
3,166,20263907,0.47690536680603657,1.102690031944875,-0.1595054194226968,0.5201634053541255,-0.1297555728150225,-0.03498166612640077,0.6248330248727431,0.3193193801195086,1,1
3,167,20263907,-0.4817391790506633,2.4745984770591796,0.3844660206229946,-0.5968320790483119,0.6451056931690985,-0.09454749139927172,2.2071617873544236,1.4207911712602503,1,1
3,168,20263907,1.4987494820694707,1.2943396866893768,2.765692124691501,0.5816524164556256,0.398839498726244,-0.47213680410899306,3.6791725508963933,1.0070224138828585,1,1
3,169,20263907,-1.3837642927122005,-3.7546172353480127,-2.5681701323158848,-0.4724406633939964,-0.3241025028711236,0.09841459769570993,7.055128100210149,0.5181263670005534,1,1
3,170,20263907,-0.7741674397497889,-0.8652763861892413,-0.36632243116856245,-0.6225264500087064,-1.3135448877270537,0.1500341540015902,0.712093782001073,4.996586325012676,1,1
3,171,20263907,-0.6687716071738237,-0.14786594989018056,-0.056463849308698855,-0.5987974707093855,0.3724148288561462,0.17772531098746044,0.39859901713455875,0.7394545664847815,1,1
3,172,20263907,-0.37329112853970514,1.1381751511246025,1.1042914819587146,-0.6894609379182981,0.38115060071833423,0.016502487544540555,1.0865258956350163,0.8433514864467719,1,1
3,173,20263907,-0.5076703970905072,1.461986195881432,0.7980907241751325,-0.9964887215966343,0.8499669783614899,-0.8414476874207247,1.2515147495536314,5.35411594466166,1,1
3,174,20263907,-0.01381848555114118,0.8992154511777011,-3.3480373931317544,1.0101405432390322,-0.10224083656222227,-0.11773124278329436,4.155890973687859,1.0729351536639107,1,1
3,175,20263907,-0.7214590845021434,1.822636852408459,-3.946384862733666,0.3560655213602075,0.5064677001769704,-0.6644958216168786,5.873603845348506,1.56186898722805,1,1
3,176,20263907,0.17919073488609172,0.07907063616956765,-3.4466672417637696,1.0639745078999852,0.7322317668278178,-0.6609354766676236,4.4199266883882915,2.8337537751253756,1,1
3,177,20263907,-0.8347509367070245,-5.780379323423979,-1.2490034362400806,-0.255649844848449,-1.8683123109146733,0.14646356157636078,11.182463131448753,9.077652835130072,0,0
3,178,20263907,0.47294856034754673,0.009418272350664586,-0.20243298089599548,0.3261108867663296,0.3621559577867284,-0.6845363707994545,0.25224980337843794,1.3913032392418436,1,1
3,179,20263907,-1.6042058247433175,0.7449631414162065,1.9654243688660316,-2.099896596435869,0.35196196970152716,0.2734024688405364,4.955743985116712,4.811106581666546,1,1
3,180,20263907,-1.9348035991447574,-2.4751091930202054,1.6547940975078284,-1.862572892003314,-0.6122032066519769,1.8037197381328975,7.297747768209124,10.396726491148108,1,0
3,181,20263907,-0.30450637620603516,-0.3247931908416062,-1.8462082123319163,0.32005549031633507,0.1908369989161496,0.178396931389113,1.0807688827853263,0.4371175720157801,1,1
3,182,20263907,-0.3605176290957104,1.14352483517722,-1.613196476488472,-0.17445223852432434,0.7116481215694179,-1.0335601710113798,1.2059553342956042,4.053270842111124,1,1
3,183,20263907,1.6007207729499555,-2.0420418266956792,0.06936699380383615,1.612134404026861,-1.2673395776820806,0.06528450497795879,3.6184496185356476,6.430527824954936,1,1
3,184,20263907,1.0757929061651197,-1.2837704955079725,2.6166712938647017,0.5003733812605589,0.08703752738614709,0.547018676018572,2.8708400806518224,1.650282777432498,1,1
3,185,20263907,-0.8220134136667241,-0.05488915439545641,0.05953916469611542,-0.7460815051102259,0.8050936082530257,0.323094276655802,0.63217433761363,2.458152105063822,1,1
3,186,20263907,1.8925070003734987,-3.498064025893059,1.615961755780802,1.585724193641198,-1.5920969794764077,0.3726656826839594,6.922258177305675,9.041168627079792,1,0
3,187,20263907,1.5174021981023742,-1.4574680198676022,-0.558934589860538,1.8159881737600472,-0.3011811466830829,0.4167359808659286,3.190865277083757,5.159920085872714,1,1
3,188,20263907,1.1503831266054902,3.143897597393932,-0.39706221634959604,1.1731571814283797,-0.1681355733096293,-0.4832666488105711,4.576089081319371,1.6752609519941275,1,1
3,189,20263907,0.6369456842460579,0.7363098675860694,3.240113487376636,-0.03146314611399248,-0.18378688433779597,0.8334707908585787,3.333918375499662,2.092833450576543,1,1
3,190,20263907,-1.9798265261707684,1.448157077120656,-3.7468089214695297,-0.8898019857829809,0.15422756133668056,-0.43096400650039396,6.1601875705274205,1.9624688871138463,1,1
3,191,20263907,0.6988098466353705,0.9644860004467928,-3.439251666998082,1.5022871587690645,-0.13635792561990828,-0.9294555195573277,5.808634163223177,3.5664662594767353,1,1
3,192,20263907,2.4296585648556572,0.61803915905522,1.4786058400549145,1.9531608906135887,-1.5479045146497619,-0.1470369924045069,4.946265541077407,9.309844302309214,1,0
3,193,20263907,-0.6788217751685011,-1.4101101470278503,-2.3240064397065794,0.2541819788426949,-0.4210274974328657,0.6666065724274282,2.3084938835370066,1.8238407385585884,1,1
3,194,20263907,-2.005690626779682,0.5327575074181685,-0.9881631192374947,-1.7591452418862303,0.09128210435781317,-0.20200123051257918,3.298775361831198,4.184072961145813,1,1
3,195,20263907,-0.043516182853622354,-1.2698117319977948,-2.066500451484785,0.5921645130774635,0.36565449973143493,-0.03754948762507815,1.9592254148744626,0.7717486240581503,1,1
3,196,20263907,-0.07237810315932336,2.2369912401274155,-2.1732516301768996,0.4556298651289836,1.3701451354695686,-0.5358974936998294,3.175660841856869,5.007395949947867,1,1
3,197,20263907,-0.5743712361723823,-0.18400051251965857,-0.5340114048435716,-0.3895532719197661,0.399180588059972,0.07651600219704309,0.2914629039642358,0.5547673329779068,1,1
3,198,20263907,-0.6929915534915096,1.0235613383195794,-2.130357644964228,0.07450022139748569,-0.480727191323909,0.3326310769520788,1.7675224741601088,0.8084642978452827,1,1
3,199,20263907,-0.21438596448045644,-1.5339793516710734,-1.289737515217471,0.25859641470103156,0.12095305046956975,0.22133765262516958,1.2497013680851268,0.37767615333184557,1,1
3,200,20263907,0.5488189806209647,-0.1383618700921818,0.8668823700862838,0.24868327059485296,0.684306572402809,-0.1422611544443959,0.36102472844329975,1.2409299841705268,1,1
3,201,20263907,1.134086291021319,-1.0061960889317334,3.2580287453990344,0.2543313150354862,-1.511064020051159,0.14979684177766417,3.7511680350113425,5.730736483293765,1,1
3,202,20263907,-0.49221741566140054,-1.473485751531882,-0.8885431065053879,-0.08430380968204076,-0.11036189753867386,0.4210630287593745,1.0011136719765044,0.5055435277692858,1,1
3,203,20263907,-0.8341633739201626,-0.3308799364457589,0.701182828419789,-1.19273175328712,-0.34336335043658045,-0.48604857073020113,1.0476437149560263,3.799912112134038,1,1
3,204,20263907,-1.4574849882824736,1.5482702259016932,-1.5789426313525077,-1.0081393633632842,0.7482541232176564,-0.1712723714209354,2.6354162013509614,2.609580412685977,1,1
3,205,20263907,0.18729731580741316,-0.2901865576855817,-0.7364855854771868,0.34281583755414147,-1.1499795492904945,-0.2044224539914454,0.2963034536446129,3.674762764284304,1,1
3,206,20263907,1.2786420873402307,-2.429409688489669,1.3017084336183053,0.5801689584630481,0.8746987149547674,-1.1403575357971747,3.3113086223770596,4.55927430347374,1,1
3,207,20263907,-2.3463122312103764,-1.129117921364173,-1.7501775461983797,-1.6892228144864987,-0.15312624172835734,0.32578414125194777,4.82476616537066,3.015401974769144,1,1
3,208,20263907,1.0087737224439337,-0.49818388076894043,-0.40487192021124585,1.2345377634320585,1.0877765650877629,0.3712654947766619,1.2086241830090145,6.520996795047711,1,1
3,209,20263907,1.2588215342551479,-0.5785251149540033,-1.060348871859837,1.4552397263102534,-0.8417083718037615,-0.406492253907494,2.4285966464887445,3.9277924852219703,1,1
3,210,20263907,0.027714578158210657,1.7669359537009819,-1.735403000679156,0.4071052924146983,-0.3203712717150305,-0.5632484241190419,2.050866945254768,1.274581821224911,1,1
3,211,20263907,0.6368424997927349,-3.318055078531205,-0.3852755732561022,0.7155203977747817,-1.1886117202434356,-0.2823326711310781,3.9892329883308877,4.233093162547399,1,1
3,212,20263907,-1.5505742126180024,3.431039008580427,1.8961565681489567,-1.9684164367661339,0.449075255551954,0.2763650631958602,7.946581326788886,4.425311691782629,0,1
3,213,20263907,-0.6314088500316615,2.6001814586706367,-0.11553097868231177,-0.7987369644186373,0.3218474964835135,-0.7705842950993775,2.4181908355796886,3.337738754403161,1,1
3,214,20263907,1.3159057757134605,-0.9302066824130779,0.7140638789052183,0.8333977933739476,0.07484687070767577,-0.9202910599099198,1.67593917074689,2.364368857975954,1,1
3,215,20263907,1.7421939535898758,-1.2621580202496956,1.4521757176194754,1.3213326518406774,0.6291321204894076,-0.027272690242336757,3.0677757485976174,3.1765978827889905,1,1
3,216,20263907,-0.6213531729035537,-0.2629027432222725,0.4166036824126955,-0.7337114404831908,0.26557002765096166,0.04177329955971972,0.5261433230534516,0.7257463436812179,1,1
3,217,20263907,0.4725246133720731,0.7345303259925838,4.542642656658661,-0.8372873781813013,0.12529263075617242,-0.16762198186216584,6.50927176805536,1.0753296185707997,1,1
3,218,20263907,0.5890621462404937,0.6742190656492653,-1.9175905710037675,0.9211144681903107,-0.503192098256671,-0.8548547263134372,2.161449918856059,3.1200770072571897,1,1
3,219,20263907,-1.2426090523707387,-0.6400124779604025,-0.39191035238066263,-0.9930484195625269,-0.7361346862014638,0.43343563463968093,1.3907371627085712,2.5124169116517328,1,1
3,220,20263907,-1.2937169902646275,-3.267895593022454,-1.371572113768611,-0.9875595130486516,0.07364635975148968,-0.5665864202741893,4.781336341118027,2.8352584429516945,1,1
3,221,20263907,0.007746745550733181,-2.079578041702424,1.4099667813770935,-0.1918958114515874,-1.3979664421733315,0.6801754782405068,1.9933142526825627,5.567186998806242,1,1
3,222,20263907,-1.3410417585306078,1.8233637536562097,-3.3011557834387375,-0.4068572672541819,-0.36756560384895637,-0.4458938995063138,4.73723097821226,1.615124390282789,1,1
3,223,20263907,1.1939207480032792,1.326883369042647,1.3209580864496075,0.8709783041468597,0.239219250182268,0.17641583746548264,1.8682544483882788,1.4105685778777544,1,1
3,224,20263907,1.9457775382655171,-0.5477104061970063,4.377996833698642,0.8848689195783237,-0.28267281852935094,0.4721846585891463,7.032170805530717,2.107422970119673,1,1
3,225,20263907,1.2069515758536369,-1.9722950083269448,0.15909856548007895,1.0486801911626316,0.3202414795699084,-0.4348163498525161,2.4929983559299442,1.48705949486374,1,1
3,226,20263907,-2.3185078373319925,-2.659601726559084,-4.027152292755872,-1.2872776815513447,0.32695539048081457,-1.0207354558083301,9.025055550488876,6.755091316014047,0,1
3,227,20263907,0.4327526635714065,1.176331051108549,-0.400723476081847,0.3531845432800935,0.8343371468622421,-0.6735683196865834,0.7246961323068105,2.514891397493074,1,1
3,228,20263907,-0.346204023380281,1.3498362754396334,0.8576822418347732,-0.4111604070614021,0.0231765897599234,0.6054718475009655,1.0251211421182518,1.0437945697867606,1,1
3,229,20263907,-1.4266573305902455,-3.098774032142934,-1.0058700570597416,-1.1744561823834516,-0.5361616094769619,-0.3462465377128722,4.586264382250189,3.6909968109678264,1,1
3,230,20263907,-2.1227498776704863,-1.52155423265089,-2.3793787065590237,-1.1344991252584293,-0.37864950267599606,0.7397051548639398,4.77253668697176,2.352157585746073,1,1
3,231,20263907,0.45958590090612006,0.0731421133656447,4.824809936579765,-0.6218491370292298,0.7826183578694916,0.857339798332477,7.188566997631969,4.277885500847717,1,1
3,232,20263907,-1.4243056627590533,-3.6508110948378434,-4.420398122931239,-0.0813329728332235,-1.189650702503566,-0.49761295032487046,10.46576122760207,5.10274481995455,0,1
3,233,20263907,-0.8931585567499809,-1.535824569158195,0.4649231056956076,-0.8067913378972378,0.9839161467226419,0.7325295789521001,1.6673363550976572,4.7831773323270985,1,1
3,234,20263907,-0.6726886631518028,-4.500499848726119,-0.20925500902750116,-0.5845350859133873,-0.47722385613617957,-0.25071932249584417,6.613319786897674,1.594107692915709,1,1
3,235,20263907,0.6802612581255971,-0.7693716976532138,0.4518899641931746,0.7090619357686307,0.00772412263821706,0.5401539829659034,0.5615885951784353,1.9739138719768743,1,1
3,236,20263907,1.8878739502747663,1.4527508921314107,2.100725666295382,1.283430750574297,-0.0907884797686153,-0.05457244759581579,3.9888007440771682,1.8016123996928257,1,1
3,237,20263907,-2.3442292128840307,-0.16975014783162135,-1.015408892099476,-2.0412369999554016,-0.5157498751763956,-0.04078414678716647,4.414668716557546,6.0933671176361495,1,1
3,238,20263907,0.5572462531851983,-1.6441458790373622,-3.0693979847010624,1.576206412964254,-0.09995825805669625,0.16189675816543245,5.104011200574861,3.198103713677691,1,1
3,239,20263907,0.15470860326729508,-2.60090291900478,-0.4829839323923366,0.5586793960922023,-0.9936984705916657,0.7783090507306311,2.2504748112243496,4.3967488775947805,1,1
3,240,20263907,0.02323210610207127,-0.8417584222841463,-0.22522661824683254,0.10561249617616397,-0.54157856112913,0.04181434045619317,0.24062514107697405,0.7402993475434856,1,1
3,241,20263907,-0.42130254391004485,2.6072080610764963,-0.41071202770735127,-0.019296720153619162,0.07801221174521375,0.821603801223891,2.2605148327669236,2.1936826042103,1,1
3,242,20263907,1.6214440752499257,0.3624452706689386,0.5042584443817866,1.373446578240646,-0.7025594943473363,-0.3311520500789145,2.215805826653956,3.1036951702136952,1,1
3,243,20263907,-0.7518869772274854,-1.318111554034457,-0.24518860901069317,-0.6626505286134403,0.04707493998063062,0.020247009757831263,0.9970330913480511,0.4900164356327069,1,1
3,244,20263907,-0.31576171404840636,-0.4991715289830482,0.7936401085566018,-0.5207477029164949,0.7791354012631033,0.10887576409153492,0.4733534017046348,1.8306217813596446,1,1
3,245,20263907,0.4273594035919075,1.4364658759297884,1.332701773441002,-0.13375890858657158,0.3190588473021114,-0.5967976630212147,1.1984192234898718,1.278384582870035,1,1
3,246,20263907,1.3839450762013428,1.0823774087204514,0.49680495923658796,1.1198264762676189,0.8559984510122957,-0.4033283572600515,1.9419696617781446,3.1427034644483673,1,1
3,247,20263907,0.8733825530723465,4.3385134179859675,-1.4588365641907117,0.9844557552871578,0.6499929449076469,-1.3948662383489343,7.958463066402169,5.571682996134733,0,1
3,248,20263907,-2.0566401119328503,3.976023058374487,-0.6744222910522737,-1.3892931112461184,1.014973807209913,1.285387455945503,8.226782881368798,8.989393511659507,0,0
3,249,20263907,1.960218500660261,0.5855481559317773,0.08630121971373228,1.817702094555628,0.6234360339738553,-0.3944943598288586,3.5362617861774654,4.41645898278767,1,1
3,250,20263907,-0.05671177650883408,-2.5738723997174495,0.3184737931882964,-0.21815416860084724,-0.642823584904076,-0.3224122593580732,2.0937231873384263,1.7962667166247788,1,1
3,251,20263907,0.5781280120915966,-4.1577488161910825,-0.5504402628081984,0.4906699156270946,0.2917323360323429,-1.1145662575096766,5.996777844103614,3.28481467199681,1,1
3,252,20263907,-0.3780811609416901,-0.25277961422628575,-0.3145191680281201,-0.15945008097416746,0.4426495643186616,0.41572466218173404,0.13855465228827765,1.1678796874896968,1,1
3,253,20263907,0.5511876862616845,1.046416569916126,0.9040954224520128,-0.0027967038691798507,0.9255048916489971,-0.9501341188057414,0.711920303621354,4.055650420064474,1,1
3,254,20263907,0.47027809899280726,0.5377982397541741,0.7763279229232936,0.18148448242911286,1.1388342209066031,-0.18215061100949298,0.3619477563017572,3.2738724478315646,1,1
3,255,20263907,1.8645139576886578,-0.28806352373776956,1.4588563595767603,1.2566796963657936,-0.2813420186243206,-0.6278419882114307,2.930852229927816,2.290532429709568,1,1
3,256,20263907,0.4865110795325478,4.596033101053407,1.8391381062087895,0.13228358029822118,0.44774194689180213,0.2506816560395061,7.5392686234946025,0.911073424156781,1,1
3,257,20263907,-0.191039474922988,-0.8584864443277378,0.6549908161681728,-0.475889411562207,0.11276967929675473,-0.30897340872995094,0.451804264900728,0.7337673742167193,1,1
3,258,20263907,-0.05137875352015442,-3.888508563383702,0.8634774676301973,-0.2727516199640405,-0.1791928276952717,-0.13682389002272435,4.925184984005861,0.3172250809662933,1,1
3,259,20263907,-0.6615237508077456,0.6750182547944713,2.6404214769291876,-1.127525858238954,0.16742545598730765,0.9941242114125891,3.5096402075541766,3.3561756001390686,1,1
3,260,20263907,0.21518692689366503,-1.3235883465117801,-1.2343067160947214,0.5551977336254765,0.27952669244887357,-0.1494873024631149,1.221653658687735,0.5219515045420106,1,1
3,261,20263907,1.4699296986363208,0.5019475197720914,1.236360422106312,0.9115316652392949,-0.279734020888684,-0.6680621817023262,1.9044445209345766,1.8522706947228356,1,1
3,262,20263907,2.367528572324588,-0.21624699117919477,0.24308486129097417,2.088498588277659,-0.5494484243545406,-0.6963877548478536,4.912279408362744,5.439580676803579,1,1
3,263,20263907,1.3815296566469044,0.6924768777977305,0.8532074411670614,0.8227570908147328,0.4824413324833323,-1.0285105808948132,1.70310694524998,3.1196681540633024,1,1
3,264,20263907,1.18008237659501,-4.643659910784348,1.3120487119240067,1.1847125887060486,-0.6523805195609769,0.9621015866697532,8.054595640199084,6.1209862685451935,0,1
3,265,20263907,-1.820591879436435,3.534943886394967,-0.58360032701124,-1.4035900319064325,-0.31103949363816275,0.5772243506426602,6.495520816850336,2.480093666746913,1,1
3,266,20263907,0.12037817479017576,-0.6781390800938004,-0.7720331514906995,0.33393468678410443,-0.5805084022857778,-0.07046024100181979,0.3973012569133783,0.9596260515354315,1,1
3,267,20263907,-0.9850703802102032,-4.972910054351588,3.642264693324904,-1.7293386771415271,-0.2932197168224929,0.5685955046735778,13.849758993680638,3.4110052742968096,0,1
3,268,20263907,-0.5693389966759526,0.8241922595347385,-1.1280491910106853,-0.15108681112826616,0.3416194223306994,0.23141015135087503,0.6993609261527503,0.5186977907374634,1,1
3,269,20263907,-0.2232859900622799,-2.4774837755287424,-3.3473190260545636,0.8579766153388846,-0.448880281427997,-0.017348187760355637,5.644729659406456,1.23017296219071,1,1
3,270,20263907,-0.310876612569956,-2.5683200950792533,0.49835111902763884,-0.4179659292849607,-0.7023987516898043,0.03685542936602251,2.2561963514234966,1.542057303683375,1,1
3,271,20263907,-1.8928659215075072,0.46043561666752075,-0.8953633766380626,-1.407616163502638,0.08839177145607892,0.6865345415698948,2.931096567232414,2.5660117174537485,1,1
3,272,20263907,-0.279482219071582,-1.3742104554003927,0.3142056307275709,-0.3179751713383894,-0.8413658580823926,0.1654134232097225,0.7185764135548623,1.9243514877613346,1,1
3,273,20263907,1.346561969307686,0.8325217357402726,-0.6194133691593855,1.5876232733331648,0.33995916399663373,0.1804358729671439,2.306422994777616,3.840926510143142,1,1
3,274,20263907,0.6496420370542637,-4.8896662435684926,-0.9878350157434852,0.9313047749832748,-0.2557128022240193,-0.4517902552817395,8.578699885938228,1.29916845573468,0,1
3,275,20263907,0.5584086959074028,1.3523477812977316,0.959900979247454,0.4514934935866961,-0.6070119269900637,0.5673862588020968,0.9687062358316842,2.080948304220571,1,1
3,276,20263907,0.5344190933374904,2.626072186409995,0.28543242037089556,0.27571059388040453,-0.027302232054147002,-0.6887977276954192,2.3886277912177287,1.3183530012805584,1,1
3,277,20263907,-0.7542795652602905,3.3644099787016217,-0.36362401516737464,-0.5760252688336038,0.13423837727197402,0.036069289864604406,3.943636341870266,0.38952969763916423,1,1
3,278,20263907,-0.6348573791127592,1.2225122366184515,-0.07546702531262284,-0.5831170602549349,0.5611693088352708,0.07629190726686229,0.8082355927125007,1.1229241815635238,1,1
3,279,20263907,-1.3804250667920712,1.0069430667751247,-2.3941524166675805,-0.597836096970596,0.34474271484322105,0.07832639213088895,2.7422618413935806,0.6478244576256647,1,1
3,280,20263907,1.4035407349156799,-1.3507983264081278,1.073062774721862,1.0711760603087868,-0.20095898706779372,-0.09729912319411307,2.2097104716332705,1.272782753307846,1,1
3,281,20263907,0.3772003994477444,-0.12826028555852487,0.7445195363224606,0.08333361560886487,0.031484557649465436,-0.24578142043731363,0.21994531301615555,0.16424502365713725,1,1
3,282,20263907,0.27203777979190136,0.6524779731909893,-0.15517581099639344,0.25992213853733404,0.5768756414114409,-0.19697242736096734,0.22414257498354254,0.9139224981293995,1,1
3,283,20263907,-0.4478846536051435,0.006713320247257153,-1.18559176323636,-0.07166067189021419,0.3361575039145913,0.04371740261758776,0.4641365831302329,0.3083504187871984,1,1
3,284,20263907,-0.4141442104472759,0.8145542998265497,-3.7319761349701395,0.9064683459137513,0.26455716757411624,0.4421431887737505,4.634872208126706,2.418662817998479,1,1
3,285,20263907,-0.4039639767389076,0.51457508697763,1.2078973486923594,-0.833586468606569,-0.10490965735488345,-0.2428798341531227,0.9027675925898329,1.3451131820921942,1,1
3,286,20263907,0.3987254751851168,-0.8367862114690753,-0.15201897071923653,0.5220003006997445,0.5462230750358054,0.25478835619723245,0.3939864281176053,1.676125526685648,1,1
3,287,20263907,-0.352725055137725,4.474251385649386,-0.6198230893547176,-0.19828826775223263,1.7279777913018113,-0.3941486984085373,6.398395753219251,7.517001447145639,1,1
3,288,20263907,0.24557496039072646,-2.1987145240349313,1.7086306735057626,-0.22369428195759156,-1.5693576954953194,0.056099751774744494,2.372595314370068,6.487155462073368,1,1
3,289,20263907,0.6969048975076646,1.6024150960065935,0.01639161292915503,0.8503566997046192,-0.7747060211410309,0.503278970636226,1.2441369391814057,3.0931697634836213,1,1
3,290,20263907,0.5068483168631559,-2.2321134683425803,-1.6942558134593817,0.9578976572767033,-0.3617747423734104,-0.30687661049504983,3.1443451177863686,1.3093790560212843,1,1
3,291,20263907,0.5776504678852348,2.268047504645652,1.5581783979881614,0.26962888781282857,0.05948491618504859,0.4036655994181067,2.3890228899833303,0.7706056343302617,1,1
3,292,20263907,-0.733049668059067,0.25719224885735475,-0.9509521284228128,-0.39947916801789063,0.19886844574433052,0.1394625728663299,0.5534347699684252,0.280579354580226,1,1
3,293,20263907,-0.2067637421922086,-2.667988593197941,0.7452180116057647,-0.4467992160702039,-0.037188113816186856,-0.1796170177837797,2.4697573819643606,0.45325559395113013,1,1
3,294,20263907,-3.443560988331839,-0.43995065925101134,0.6914479527433208,-3.677200378229543,-0.5345853659473571,-0.06598060244175684,11.842497009465571,17.91685323452012,0,0
3,295,20263907,0.7237631046422024,0.11776391831757962,4.431897576347122,-0.1929067465101184,-0.3884168763530318,1.0619370333702352,5.93217129224034,3.352040891468097,1,1
3,296,20263907,0.9739551935478374,1.1474376541420994,3.403611604096607,0.062045229869241325,0.6775461509356904,0.14112964002723508,3.9927077212545705,1.3761771304026478,1,1
3,297,20263907,0.6404552985509611,0.9509609972752389,0.1585148082472898,0.8420494284204949,0.15061597491916906,0.8318971981456498,0.6266944838743963,4.073255568424813,1,1
3,298,20263907,-0.9006722239229106,1.4483635598778302,0.3881654985188412,-0.8962263713007843,0.23131877350685667,0.368533625669632,1.554096714317745,1.0921535986258815,1,1
3,299,20263907,1.4453686888778492,-2.139517732808743,0.5320048456513824,1.1348804111340485,-0.11654572842258872,-0.5912644297968644,3.1642178138334907,1.7652571562743777,1,1
3,300,20263907,-0.8652689565748801,-0.7530530112597998,0.21895351032832977,-0.9364288311768547,-0.7449358173868149,-0.017106024949962013,0.9378551888514238,2.7467994120053927,1,1
3,301,20263907,0.2868566745763985,-2.320526727235535,1.6777012514088874,-0.10778470423865372,0.045115906909011544,0.22527355963780202,2.5054944495938996,0.1551918365499619,1,1
3,302,20263907,-0.5085058381171166,0.6982634035631227,-2.940426238056162,0.29358194745796595,0.5916689156187297,-0.41321935802554893,2.817734676303767,1.1666995289360689,1,1
3,303,20263907,-2.752666881053244,1.7480247322604165,-1.6596879235022293,-1.9582682785159875,0.5458453583553805,0.8459928039044864,6.939577763006011,5.5113636948457945,1,1
3,304,20263907,-0.3876775282826799,-5.062495089950391,1.3818303504157754,-0.6846184252633094,-0.7649369662554198,-0.051840383152985205,8.77704089741318,2.345161032374653,0,1
3,305,20263907,-0.3928898565815473,1.2488879807462392,-2.116571181148707,0.4139151464843849,0.30284334485261083,0.4777325852343486,1.8655460435708262,1.5836451585931384,1,1
3,306,20263907,0.24042171140482083,-1.9319902502041097,1.4362326954404168,0.033584889295610765,-0.24919975107059197,0.657483001441051,1.7732455236826308,1.3799642334403728,1,1
3,307,20263907,-1.3820190325526482,0.8491912501678859,-0.3046153345221292,-1.3146744958909693,0.18979509932762925,-0.09597186437775071,1.8200622974758034,2.209926657322905,1,1
3,308,20263907,0.4084373137429509,1.4558037348890691,-0.2886839905730092,0.6005136411414469,0.3044193644147816,0.3213547092479304,0.8892889780104009,1.3715469031654732,1,1
3,309,20263907,-1.782596118887895,-0.7167868516869758,0.28197352383312335,-1.7851862116424826,0.7031999578792371,0.2730899352553861,3.2453479792924638,4.43810898629818,1,1
3,310,20263907,1.7643743262310068,1.7584788842737247,0.6721871385456559,1.2929136035772615,1.0265834947324117,-0.9498386869795767,3.534245820224854,5.1401232564637755,1,1
3,311,20263907,-0.578068862776675,0.9887448682375668,0.7502595658786468,-0.6520579199957979,-0.04658228274391394,0.4834020244583273,0.9524448973514266,0.8099496680388274,1,1
3,312,20263907,2.152705240773628,-2.104371690011256,-0.9921824213603188,2.3049740489220056,0.1577326008672844,-0.5579180237703879,6.777604122123314,5.522896925425892,1,1
3,313,20263907,-2.1034136472305534,2.089586417435151,0.12143610203210287,-2.2396600501441384,-0.5705414186353999,-0.3879412883272153,5.406623940352922,9.125961668897986,1,0
3,314,20263907,-1.4352136406256903,-0.9816359413839082,-1.727919782007259,-0.8127142904357925,-0.19265305910947048,0.25967692814484156,2.235705699648489,0.7956823139461191,1,1
3,315,20263907,-0.491349352709733,0.8740112166842158,-1.2316043896932456,-0.23374263108563298,0.02801020942846476,-0.41120944981081126,0.7498767118881672,0.7017198251756229,1,1
3,316,20263907,0.8238701999024585,0.6333294547429158,-0.7241395709444092,0.765175968930663,0.014241890514883762,-0.9225771399208132,1.1450702927921517,2.3558230188937523,1,1
3,317,20263907,0.9303722648138972,2.9017349959836642,-4.140915160918453,2.0879212932604787,0.5234873979788168,-0.6389387240952741,11.098704115731415,5.243669829682444,0,1
3,318,20263907,1.4902612448707373,-2.2361938411475806,-0.4264187275543918,1.6714698204313123,-0.41802100855565916,0.10387861282876357,3.91530538715569,3.626848905743085,1,1
3,319,20263907,-2.2575980116476444,-1.5312085353719116,-2.8372954014005813,-1.240310253401944,1.1114925205057895,0.343668739466688,5.60528349415496,4.873770636772496,1,1
3,320,20263907,1.9456407732021574,0.29471718617518544,1.7146565585996925,1.3676832063051592,0.4232642125405015,-0.2898479040489498,3.272577599780562,2.404219190794128,1,1
3,321,20263907,0.28141812572373226,0.5124695110855972,-1.4608567630286373,0.4508981154604328,0.545321968497653,-0.9148937978121762,1.0470287267745313,2.5819657735198596,1,1
3,322,20263907,-0.11038567307011249,-0.28347608167742366,2.246146086578271,-0.491591309118391,-0.20658327728357215,0.9083217483272433,1.8284511704567943,2.2701496934555703,1,1
3,323,20263907,-0.580969169586453,1.4520947278081717,0.37719844935194047,-0.8160323138638148,0.46926595379356784,-0.4316118743883816,1.0808399132633524,2.0684861047299803,1,1
3,324,20263907,1.753119668557062,-1.8943714212269374,-1.8604635686657538,2.1523931294466934,-0.24588644246360192,-0.6137761794826964,6.383276236176093,4.958068015655742,1,1
3,325,20263907,1.7034300754871055,-1.2111065910217245,1.6711532634692716,1.3631786668749868,-0.43110819121391747,0.45514922124405177,3.026082283148371,3.6294453340076216,1,1
3,326,20263907,0.8348181325310264,-0.24197479018935053,-0.6691920119907628,0.999791347896192,-0.6141946747991425,-0.11616461742322848,1.0118946299172564,1.8813133096309609,1,1
3,327,20263907,-1.2973768358484392,1.5760733171009387,0.6296156370461006,-1.620863420540573,-0.4275314247467107,-0.474152608413787,2.7107852354091078,5.760638348143183,1,1
3,328,20263907,-1.3231263237512962,1.9404410842638398,-0.8670327040458581,-0.6972836187883757,-0.16838732348212765,1.1450756529595547,2.5596043318633095,3.625000345279308,1,1
3,329,20263907,-0.28384252918645814,1.778691580248449,-1.4399038540800113,0.1488290869915403,0.9103616181694597,-0.07202485540764203,1.6278831922013355,2.132560938178203,1,1
3,330,20263907,-1.4542873284986229,0.5285666539903733,-2.684138760602977,-0.7629247046096452,-0.0015332336670430596,-0.5252798448131774,2.9775908608764468,2.0709615645056254,1,1
3,331,20263907,-2.351895959311989,-3.02593031251737,-2.0651140268903347,-1.5600997394816147,-0.43699730473402715,0.3036177339727767,7.380461177868042,3.0859131614562942,1,1
3,332,20263907,-1.1326831676334024,-3.475278645715678,-2.088163197044757,-0.26462945101316393,-0.988373715119583,0.532166892883359,5.533270711708438,2.891236286566045,1,1
3,333,20263907,-1.346447245289255,2.176961339685593,0.21921017585106028,-1.2424777821367456,0.471208984197599,0.4891911515191051,3.2004026394703162,2.4018460624455313,1,1
3,334,20263907,-2.4845902737088323,-1.8808168193643229,-1.7108215209800974,-1.6961014883158043,0.056293837183804284,0.7645889807573137,6.009742731627739,3.5055253039402636,1,1
3,335,20263907,-0.6822144677113329,-0.2682916836942153,-0.36930618475795995,-0.6281596675719356,-0.7465737792785732,-0.18392345722776055,0.3955038919188223,2.468195647809162,1,1
3,336,20263907,-0.7181216965008872,0.9378781841339817,-1.3756964378730316,-0.5473680330896542,0.7201350241855672,-0.8360286461136561,1.0166016363959127,3.709672083028072,1,1
3,337,20263907,-0.7145031424595629,-2.0091616494094104,0.6780263771831869,-0.7291024278663087,-0.42702782322569943,0.5630963482751877,2.026271923854475,1.4111218203422022,1,1
3,338,20263907,-0.3609160635280233,-0.5243141059309778,0.15112503072753825,-0.31021222757593137,-0.06889515727708487,0.31635534430947576,0.23074597885096876,0.29458716298280163,1,1
3,339,20263907,-1.4317306526378246,-1.9063191900371126,0.8467894947109968,-1.1894316193221357,0.30377146646251285,1.6164351347417603,3.6387200906109225,8.252278122152362,1,0
3,340,20263907,-0.3723459909450213,-1.0540755085619595,-1.4578454041457576,0.14020544184366202,0.4310223594663579,0.1984889418412927,1.0009617091876688,0.7677585438962605,1,1
3,341,20263907,-2.662467842192939,1.5903827392762693,-1.1869786876455457,-2.104849110548642,0.47415559709512656,0.5709878447696014,6.428697488678836,5.169937124888763,1,1
3,342,20263907,1.2701115281053177,-2.7034991911486386,-0.503412630087336,1.2189580354383338,-0.9241650231606429,-0.777768533375378,4.125031715166832,4.843208623925881,1,1
3,343,20263907,-2.8460914753567437,3.5433388909530934,-1.950653931491754,-1.9395741445612344,0.7520056584910645,0.7447646907832121,10.265428168149517,5.904310203954238,0,1
3,344,20263907,0.6708175419299351,-1.0436133923009512,-1.2369643316871368,1.1018677872970528,-0.3032253206579578,0.17097169553371155,1.5943377795842126,1.7979879179411722,1,1
3,345,20263907,-1.695573604690054,1.1311129088750063,0.5425385285150064,-1.9489254387295034,0.0038169751999236863,-0.3111935996086282,3.4291910169941375,5.58735766219722,1,1
3,346,20263907,0.7334495133423928,-0.8196546688137727,2.065200317126372,0.3877359104356515,0.23078873020503654,0.8366336908686114,1.5946598667796272,3.1470930412192226,1,1
3,347,20263907,0.3440343069634082,-1.827519675897998,-0.34718035542893233,0.3139786950590917,-0.2568317949901066,-0.5001001260989718,1.2417499231928575,0.9552723352823422,1,1
3,348,20263907,-0.6814199744191853,-1.743863992648637,0.5229681912201656,-0.9648646600898445,-0.29068559897837104,-0.4643109012882239,1.573235623418543,2.810552250336819,1,1
3,349,20263907,-0.5014904703321577,-2.280113006098291,0.9162492217290925,-0.49532301761968256,0.6155852929391967,0.8545521368853233,2.2662705760790374,3.518157506293176,1,1
3,350,20263907,1.6713837680677557,-3.7843499694983667,-0.6020163079614171,1.6576562179066627,-1.3944002374672133,-0.8488500522783927,7.6537174755276665,8.816127308010175,1,0
3,351,20263907,-0.4183908821430151,2.1016235804954615,-2.148415915204957,0.23178400141769373,0.035232838512371606,-0.13341302459396154,2.810440832113763,0.0783448358164209,1,1
3,352,20263907,-1.9643596721119394,-1.2893783058559078,0.3415732977620891,-1.7841828436658176,-0.257554752889874,0.9163540745193312,4.279410358442291,4.284351543886122,1,1
3,353,20263907,0.7365925094430281,-1.6748411414954794,0.22042934588373342,0.19155480493780885,-1.470108790448886,-1.574992243221994,1.3300700348664516,14.825125264619647,1,0
3,354,20263907,0.8601174416466364,-1.662248488021104,2.819316641836547,0.0022095875071528326,0.1016820486831822,-0.23017785643347027,3.337669517992931,0.16645329733375938,1,1
3,355,20263907,0.38568021968104915,-0.8579705993765623,-3.2739666646988397,1.2227608318227112,-0.1485686226697224,-0.6448759757112472,4.602861238492859,2.0895634624118156,1,1
3,356,20263907,-2.0262954182381065,-2.4684632124308594,1.0585491405774867,-2.0010977554037623,0.12825572204741698,1.038880800590395,6.695690791647448,5.453730811640767,1,1
3,357,20263907,-2.3971639536470093,-0.04557561770578649,-3.415905750470799,-1.3118956994370734,1.1670201076076354,-0.03722087357900428,6.006828310891015,5.1721060361536715,1,1
3,358,20263907,2.450956974542734,2.6928041669235645,4.3135526576559435,1.2577026165959069,0.1321029850687725,-0.1679238726057147,10.354436128131791,1.708724768030856,0,1
3,359,20263907,-0.6413392625439229,-0.7283142049285446,-0.9968102047673781,-0.29016231868116904,-0.10145241040901004,0.1434405388498,0.636499675477796,0.1286086285206104,1,1
3,360,20263907,-0.9438844325199085,-0.08051330600122147,-1.64084785135298,-0.5837963578229335,-0.2991924849330564,-0.48922242355956846,1.1435660129237886,1.9583631217086044,1,1
3,361,20263907,0.21946299265965763,0.8792409118429723,0.074185394934986,0.14613410769628388,0.2293208585407285,-0.18223702859939686,0.28043403702549263,0.195901220794682,1,1
3,362,20263907,0.3933553640158607,1.0829137744221526,0.3628357274845726,0.09984564914307725,-0.30029493273669344,-0.631531436526918,0.49807203229045793,1.5721741215710672,1,1
3,363,20263907,0.4571055922992002,-1.2032772010978565,1.7198798563825157,-0.010554169857570628,-0.27620134558750287,0.08549546073384537,1.3528961948466476,0.19594487763797833,1,1
3,364,20263907,0.935245887229371,2.0141510913852136,0.7071237584736458,0.4144022610206548,1.1540044082634553,-1.0752204378342642,1.99507622572146,5.390066957801864,1,1
3,365,20263907,0.5930242297920074,-3.8842881997787564,1.0606156681004606,0.20623656212303842,-0.7076792819826748,-0.4916636869714638,5.162431384191508,2.250958264801432,1,1
3,366,20263907,-1.2228159115595645,1.3046268192737074,2.3441249881298205,-1.5738729094771742,-0.28061600433017786,1.0915177071877784,4.752564047633938,4.451989153156807,1,1
3,367,20263907,0.40975343561872535,1.4519951052981315,3.1735347843268613,-0.32399965452353285,1.8439698804301854,0.5860431952176284,3.7159054728629757,10.836356278829872,1,0
3,368,20263907,1.9216722355614024,-0.05299909254963294,-0.2787292756471622,1.753899903150085,0.16418562939128237,-0.8374518279309967,3.572642864673087,3.840446019335023,1,1
3,369,20263907,-0.006095083458106387,-2.713532094037146,-0.4412735005558339,0.07819447683425551,0.43386652604227716,-0.2817142413090326,2.3665107730218082,0.5930940959245097,1,1
3,370,20263907,1.530103603560363,-2.282638565154294,-0.41863560978050174,1.4684050109955393,0.6625685863272369,-0.7016222043303542,4.092433293075304,3.5957582398176897,1,1
3,371,20263907,-0.7235786790696466,-1.3436171647372552,-2.226512860693589,-0.08163802918170404,-0.8360527908471518,-0.19574908733934446,2.1390297938177505,2.143287740900577,1,1
3,372,20263907,1.0416197452116052,0.5112565414442138,-1.4278306921023756,1.549641041863012,-0.6815483085779899,0.2580300416825507,2.3291201244794895,4.118179837779525,1,1
3,373,20263907,0.10921339776665207,-1.7666683682703046,-0.8917382786277628,0.19007217572548996,-0.06036813062921501,-0.6793253678130245,1.3029958265139492,1.3408450051223961,1,1
3,374,20263907,-1.699301856208507,-0.41783010143375277,-0.2827553882172502,-1.24477793888353,-0.11879898368303839,1.231282559390058,2.5103581064282174,4.584450351873033,1,1
3,375,20263907,-0.2541852174529424,1.1131466764066766,3.905074482221231,-1.0258370214404664,-0.0020402712482168557,1.0945186629592725,5.8787767617457085,3.583280609887702,1,1
3,376,20263907,-1.8920137259325571,0.7770871798810943,0.9238066058581929,-1.8916437005981237,-0.3490587312695903,0.9167671297765199,4.361189508780702,4.738406966373907,1,1
3,377,20263907,-0.2527285750898898,4.320352091208673,0.6076920329991822,-0.207606652752915,-0.5188508944407059,0.44834336622363175,5.980765387425928,1.0582593519480403,1,1
3,378,20263907,1.046098534312378,2.455284144529718,1.1405471849496784,0.5655264801306004,-0.0029504042677110293,-0.5906093144529048,2.88971671599753,1.0127080500753816,1,1
3,379,20263907,0.7734613063476559,0.7689481003397315,-1.2036447380110324,1.196023456353359,-0.49019119124107025,0.18936790720774319,1.5794922220337435,2.3696834373290345,1,1
3,380,20263907,-1.109510325827614,-0.29922286507787127,0.9091959163900825,-1.279351169037966,0.750495804058021,0.345934109655209,1.7966417716816478,3.174185742141559,1,1
3,381,20263907,0.9533858551115344,3.1773940425625637,1.617343829238994,0.4441745063181344,-0.5023264648170863,-0.29806196935737883,4.296479756794394,1.0581320460164445,1,1
3,382,20263907,0.5716542697499847,-1.9604001554477095,0.22517428941081263,0.5441262498419519,-0.3370970582944348,0.06997991048549643,1.4700526830306615,0.6149660474076303,1,1
3,383,20263907,-1.463045197530306,-1.8027717775681005,0.4992646971832393,-1.531248361615198,-0.02180540912785031,0.21780220918069634,3.2721848964783162,2.4409239982801054,1,1
3,384,20263907,-0.24982803272516207,0.44415917625583934,0.33960713965142375,-0.319288475771458,1.031070129091223,0.12148540419130402,0.18811270841172995,2.915069829123642,1,1
3,385,20263907,-0.47762911667587105,1.6687980362155876,-2.155992683804861,0.1638208122485736,-0.37433711361362715,-0.14239449188036046,2.3014886322629757,0.4595589614784567,1,1
3,386,20263907,-0.40256086751197984,-0.0819094766721582,-1.8107685990415021,0.15183374320157839,1.1191164412971744,0.0010101577557989259,1.0033148851713387,3.3022385649109314,1,1
3,387,20263907,0.26046913408188743,0.39282125536443374,1.490128575298396,0.06756207135809689,0.6100885448151716,0.8239898378888091,0.7211764233709028,3.72527145677157,1,1
3,388,20263907,-0.16365665116040873,0.11471123271303159,-0.44086026597317485,0.16051320191149898,-0.6724645194864745,0.6508267536384748,0.06796689081792053,2.1866541159625825,1,1
3,389,20263907,-0.9614789380249533,0.4745256437791808,-2.0129968184728426,-0.2252640951423075,-0.7714054221081941,0.36736961439492155,1.5627262542645695,1.6925242323572016,1,1
3,390,20263907,1.7421193998222861,-1.1402532847465374,0.24662948955030473,1.6725126988051784,-0.24141087242726134,-0.011064273608465463,3.032794490679496,3.2058283331354596,1,1
3,391,20263907,0.3142109345344011,1.1297550197734132,2.2595083763459236,-0.2952124652215531,-0.1968990424788409,0.12243871547374627,1.9483700093324468,0.19499264534337243,1,1
3,392,20263907,-1.1248180600804432,2.869164818683544,-4.586642024823803,0.1293775684538616,0.8697441013495201,-0.8888477273822485,9.144990927700405,3.462140932985581,0,1
3,393,20263907,-0.17496382511811248,-0.3387154217365331,-1.6670484594250432,0.45076185048009165,-0.11219390181452377,0.3759150497417701,0.9126946710907344,0.8633532832005268,1,1
3,394,20263907,-1.039090742406188,1.2835265630334944,1.887538836663179,-1.4646820085191337,0.4186042551741882,0.4054840703896941,3.390252375408002,2.6816488281157804,1,1
3,395,20263907,-0.7252469728333892,2.3658698925942736,-2.47538130897167,0.17074345387203493,-0.05369587292668645,0.3092001755022549,3.6783204259780673,0.38754433062145965,1,1
3,396,20263907,0.5015795391181541,3.274354892239547,-1.803346028549413,0.9148305396063705,0.7369415319816901,-0.633242942710695,5.132649010036788,2.549014419115621,1,1
3,397,20263907,-0.6336089862034413,-0.4824937956201488,-1.4554589259680988,-0.12002897997254536,-0.1082277635138243,0.21177950798677025,0.814874877397639,0.1349324650345653,1,1
3,398,20263907,-0.10937419715445174,-1.0361255328491836,1.3445563874874296,-0.41262148780973007,-0.9088536944086308,0.30365064630773175,1.0058357706540009,2.323347111170299,1,1
3,399,20263907,0.8509431141875297,-1.2282506460269527,-1.002693186789383,1.0415898302626232,-1.410053281249851,-0.36769953051688264,1.802839927924584,6.239464628424711,1,1
3,400,20263907,-0.21559697421579926,-2.450568813136594,2.6791680416217147,-0.7948612331079516,-0.1351995262773856,0.543551773169709,4.470965049500972,1.1056132644051022,1,1
3,401,20263907,-0.3683293648403634,-2.1020824878215794,2.007707112710083,-0.7816470422827848,-0.36971676955490357,0.5035810132918889,3.0863921473064986,1.2519216763745138,1,1
3,402,20263907,1.2973996251786701,2.8188901780194766,2.2919638052203695,0.775533889252003,0.92691323500043,0.33053502440739063,4.717149167258056,4.066198684552495,1,1
3,403,20263907,-1.2585344506499325,-0.12268238451894996,0.6480029004386765,-1.17294747782816,-1.0791758289007223,0.9572578526946213,1.885264831524523,5.498170256269031,1,1
3,404,20263907,1.1369807839464698,0.9028442063553989,0.6798404183036517,0.7627792046141195,0.6891912004237313,-0.586976469908945,1.3048858482851198,2.1016985683744984,1,1
3,405,20263907,0.10904521308232518,-0.1845546568062149,-0.4565123244130831,0.1845571662317127,0.4771612662404574,-0.203988966738011,0.11150682346920843,0.6310726711595531,1,1
3,406,20263907,0.37064235219017405,1.2592951131637975,1.5405115137198564,0.16096348963593243,0.09721535497251907,0.7841464885130529,1.2101234625325872,2.2351788873365757,1,1
3,407,20263907,0.8307917822025246,-1.490361507846771,-2.005279243929216,1.2895193758613033,-0.23189798572309567,-0.5579310165184392,3.366602960297497,2.1298571829686272,1,1
3,408,20263907,-0.3921426694586643,-0.9760162312136036,-0.5787222373040706,0.07305249723530949,-0.5016130871817606,0.9677992358422745,0.46466168677029307,3.2020755755059036,1,1
3,409,20263907,-1.469918952848417,1.0414390706422552,-2.676159173243107,-0.8454240523902712,0.5554996250815938,-0.7417361410812182,3.2441758539885033,3.605768374259222,1,1
3,410,20263907,-0.5578915554656163,-4.65301296002453,0.592453295100082,-0.4917038417017636,-0.3484928132924011,0.4506365311774055,7.1468785780578035,0.8408768698704105,1,1
3,411,20263907,-0.2638503705338877,-0.19907179571164896,1.3332092797151525,-0.4090118482565259,1.2954024612561184,0.861004547873784,0.8069953039897915,7.5382646342432835,1,1
3,412,20263907,-1.4366608050354728,3.2359276803488237,-3.4760687952492617,-0.337657681032951,-0.18303737841835294,-0.2197676529474793,7.433266023008413,0.5277399435577506,1,1
3,413,20263907,-0.1738241141379575,1.8941301187765887,-2.464467564863206,0.6092368709523015,0.5833097504691299,-0.003932180588451044,3.1158441153550633,1.3951939542607543,1,1
3,414,20263907,1.3589228183454907,2.017225069820883,-0.41345938207911814,1.38592417237345,-0.16255958709605126,-0.38991399282485134,3.2428493746785554,2.0559044164834837,1,1
3,415,20263907,0.40925259625845456,-1.8297664453336189,-1.3187015620250762,0.9461968141449688,-0.7147777314088997,0.4097725216804425,2.0194572393479806,2.833753970061531,1,1
3,416,20263907,-0.10253357340107527,3.0718150452016753,1.2677318872710686,-0.24761039100015125,0.528570922752723,0.6118307960944092,3.4886113244020436,2.0867560991531495,1,1
3,417,20263907,-0.5092745716984695,0.8128838166315826,3.812207061133641,-1.493617140524833,-0.1286451141084005,0.3125987675067379,5.981363204299877,2.3447507421590053,1,1
3,418,20263907,0.7113366625898578,0.07027429993209712,-0.37018053401511253,0.8403127971639037,-0.3524051938031041,0.06284483235682599,0.6047684016824256,1.093547962833291,1,1
3,419,20263907,0.08792440910522714,0.9285759874351424,1.6345054397790761,-0.46648117110113674,0.4208762283866514,-0.2647919213941665,1.1236493958605565,0.9173136643690634,1,1
3,420,20263907,-0.033711764327676974,-1.237890976996625,0.6762997123617964,-0.38329566984879193,0.45311920137121664,-0.5119238316083595,0.6373420619952846,1.4787949466314316,1,1
3,421,20263907,-0.09928590003643478,-1.5055969029123013,-0.5762966555505038,0.07282534353907977,-0.41691925757138576,-0.043056018253605964,0.8093292879855387,0.46531280885343257,1,1
3,422,20263907,-0.15207394850619949,-3.422329507092107,2.047895487958364,-0.40488460143691896,0.7698772484326593,0.9679303825541754,5.0998289118272675,4.920091039319402,1,1
3,423,20263907,-2.5019622368828323,-1.7429659900514662,-3.8175827971611014,-1.2309747587061821,0.42497741669642614,0.04948522065414344,7.881625978283149,2.026925397924905,0,1
3,424,20263907,1.175775862280645,0.5099117777329051,1.6323958934574918,0.8311217238655644,-0.1405100617122418,0.4266374518633598,1.5496304589087568,1.7574510863388073,1,1
3,425,20263907,0.11151964168278994,0.2277559250453375,-0.2325024337804109,-0.029462641573516635,0.6155929462122831,-0.6901473165017218,0.05563172361427233,2.0245120303322843,1,1
3,426,20263907,-0.43461682027444226,-0.21795240352978798,3.115436552225802,-1.0412084935562262,-0.37590251919657963,0.9636591832300578,3.9300818594338844,3.024939093352418,1,1
3,427,20263907,-1.0019682518007187,-0.7907837031087345,-0.6919951344905257,-0.5613092688251129,-0.4251778030191966,0.7596135464836034,1.0026117625886355,1.8549578329360392,1,1
3,428,20263907,0.12136411248241075,-2.899143945029255,1.120957919532735,-0.18588416319117584,-0.9650965056332306,-0.04833658685105858,2.976436837470399,2.5822904859003537,1,1
3,429,20263907,-0.05315481747373951,-1.0155569735381993,0.2954804536911446,-0.07277142360840116,-0.7492424273736243,0.22166351523190234,0.3571915141014791,1.4444821083091917,1,1
3,430,20263907,-0.8128226002566663,0.23655133173392384,-2.0001831513885833,-0.5222678802548728,0.25571890404572384,-1.0850330149044445,1.3737442772129638,4.53490032671308,1,1
3,431,20263907,-0.055236098675820244,-2.255447398111956,-1.092487676786682,0.14755985430689122,-0.08949069048482738,-0.5162896056247221,1.9910465989503048,0.8121284860860516,1,1
3,432,20263907,-0.21941333456693712,0.7793387972799283,0.8882578420536937,-0.4084317218085687,0.4744078029913579,0.24162584967315248,0.5697369731177757,0.8968652821769252,1,1
3,433,20263907,-0.24580484336053132,-0.7428218519735829,0.23196026729543462,-0.2198876895374724,-0.20072222698308326,0.3103330529109147,0.26444353098489426,0.3239977424269812,1,1
3,434,20263907,-0.8343116943196947,1.7290152717194796,0.20075335513780956,-0.7027996062530235,0.687606854555485,0.599123655223044,1.618913010984579,2.6972990885506483,1,1
3,435,20263907,-0.3105696475032005,-0.24582734982368473,1.3633285413228329,-0.5397733266752596,-1.0242465723870928,0.593943859752673,0.8912513864931512,3.3485142208966874,1,1
3,436,20263907,0.9039196902208033,0.70345724659677,1.7001743244644452,0.4291475815308843,0.49965869389792245,0.05483911627551653,1.3215653240499872,0.983411942379809,1,1
3,437,20263907,1.3849574425867246,-0.8892873127941923,0.8066856530773556,1.0548272665485001,0.6417189526241311,-0.32260071724950834,1.8059405687125862,2.196788727623645,1,1
3,438,20263907,-1.2146354359142748,-1.0373341325970558,0.3713951207730801,-1.1856351004016261,0.7875099984473234,0.460540935871878,1.8765248365311051,3.333959885979897,1,1
3,439,20263907,-0.32280703905649943,0.20465327858099663,1.0831733650939412,-0.7569135545854948,0.004759247561519447,-0.37395844624908564,0.6342844738129351,1.475671258173652,1,1
3,440,20263907,-0.3122838952543674,0.9834376089953056,-1.038351589622625,-0.1094493035066364,-0.5755412880398757,-0.38969899896312804,0.6391385087332303,1.6436320500131247,1,1
3,441,20263907,0.2330907555747217,-1.852210388050029,1.008653351890409,-0.2281845064593,-1.534636741500859,-0.5586490404466972,1.367824069845541,8.25840566139592,1,0
3,442,20263907,-0.32801036715180487,0.5298773864689561,-1.0549637147784239,-0.3121866172936052,0.2556523599954993,-1.0076048898785988,0.43725677622006764,3.5287320014214925,1,1
3,443,20263907,1.691752648143904,-0.7469583176933687,-0.4979083883210258,1.7296903012322673,-0.07618806308620388,-0.38021121369751504,3.1701075379900554,3.0582962957918567,1,1
3,444,20263907,1.0151430671917296,0.22465287651252847,0.9115099853948259,0.871071868771736,-0.5575777849168869,0.4201784622357501,0.8967786750836287,2.2869289803310373,1,1
3,445,20263907,-0.3362508041769132,-0.19181075192807173,2.337269741974321,-1.0326319663185046,-0.14720247950747872,-0.05935237930603945,2.2405396385426366,1.448504267232657,1,1
3,446,20263907,1.813332033934202,0.7805014165307637,2.4884296418012326,1.078045680050181,0.11850430150298018,-0.11087695530275019,3.677156494772616,1.2827962786942415,1,1
3,447,20263907,-0.5645652401262424,-1.2367368805336734,0.5823604887635447,-0.6508274697940521,-0.5171523803837819,0.27110500283776534,0.993060790281616,1.1559515408521184,1,1
3,448,20263907,-1.3343575974390092,0.9630668560034866,-1.4681555325800737,-0.9133967888709122,-0.6553156501065633,-0.1246902688595462,1.8880125499998006,2.5814715014751894,1,1
3,449,20263907,0.778276762135647,1.7723880715826061,0.4062943564486794,0.5632249594560932,0.1675983777145663,-0.36773836128851806,1.4752686237900139,0.5552839904127104,1,1
3,450,20263907,1.8288280130301615,-3.550828891303661,-0.8289341881949781,1.9754267330888524,-0.35633518756808347,-0.5454928849773775,7.922277217743699,4.336426956647803,0,1
3,451,20263907,-1.3658043938391415,-1.8100866592196834,3.547070747987405,-2.0532323267618153,-0.7750779897768624,1.0592263033822706,8.590466091278714,6.887802016739436,0,1
3,452,20263907,0.5294633097988708,-0.4878916830509675,-2.189948533812469,1.1595396629746944,-0.7051296572975753,-0.14720860847702189,2.4346821628631203,2.502527602197391,1,1
3,453,20263907,0.4833555815382198,2.7694920884713388,0.28097477806756643,0.5180662703024836,-0.7096401122702274,0.27778529558066,2.5869618599340547,1.7106894293047872,1,1
3,454,20263907,1.768158699892382,3.2207175600308835,1.6793550575505627,1.3759275605406884,0.5660263877696337,0.1371293061480257,6.009978230716235,3.5677692998804837,1,1
3,455,20263907,0.00848903546392421,0.9999406531269357,-3.1761551937724235,0.6270582269808074,0.3788847492790972,-1.2635022494447807,3.8504887734758713,4.227787162807011,1,1
3,456,20263907,-1.055027567701572,-1.2842301787745103,2.4100450035021517,-1.5995890329768088,-0.13539132193219391,0.49909806336212564,4.377294935479119,2.747627517911352,1,1
3,457,20263907,1.8325449873179736,1.3165978613960068,1.002462868855904,1.647095844800262,-0.6950724194541748,0.3378594058759177,3.278624961826931,4.770044190778393,1,1
3,458,20263907,-0.6058093021718065,-1.716492492343512,0.3774924544363927,-0.7275770723660315,-0.013109113023344944,-0.07707332186544703,1.3671618954309204,0.7119319113772462,1,1
3,459,20263907,-0.8203536662818465,2.2760838146514053,1.7823595346654955,-1.24733137941044,0.6571341694329259,0.24270519157240633,3.7711739346240725,2.655922477959031,1,1
3,460,20263907,-1.8811084267894387,2.6720479111371405,-2.0778976760860317,-1.0586966024876716,0.4983022643166194,0.43958067280230345,5.375888629089674,2.026463737801253,1,1
3,461,20263907,1.3943497165463015,-0.24709634524046245,1.5053101345568187,0.8222157903935283,0.5931621109605728,-0.45244695383614236,1.7984617151529685,1.6965786471280389,1,1
3,462,20263907,-1.175186592845236,-2.1125117698507934,-1.3372372271039232,-0.4707719797923886,-0.25783478050088177,0.9019738232361961,2.6442926638192024,2.260440195843934,1,1
3,463,20263907,-0.7815176616325772,-0.22725357490612347,-3.2395211823854453,-0.07255902749760423,0.2518239803291477,-1.0429981714173964,3.23765665388593,3.3281557975795852,1,1
3,464,20263907,-1.6585326585961013,3.785529965868628,-1.4629175063304807,-0.9949440534712721,0.45979296438776807,0.4521217092397776,6.696681905265915,1.8418871955339289,1,1
3,465,20263907,-1.650781729676595,-1.2300344527539413,-2.8948619283733876,-0.9075913396182358,0.8045820275002388,-0.5973996439704017,3.976765301789525,3.7556073805553636,1,1
3,466,20263907,1.5063652320021248,1.731277942190284,-0.7550171661758647,1.6893126692695972,1.4445854353253273,-0.15969915853768696,3.6399179472041303,8.65057714275889,1,0
3,467,20263907,1.3199835518398402,-1.4837093107472048,1.1326261380952403,0.9761791359731973,-0.6211810923414953,-0.0780837115101623,2.1690831337600818,1.857376411372458,1,1
3,468,20263907,-1.131187355483462,1.4683758532688471,-0.7709137039690326,-0.8592321723178884,0.2829842405803346,0.08218853597387427,1.6932530331056943,0.9443607046711481,1,1
3,469,20263907,-2.736600311807564,-0.9773354768557766,-0.07906417926591303,-2.4610114836132766,0.8444600683250539,0.822836810138326,6.972941089617682,8.56402774604896,1,0
3,470,20263907,0.5209845807285376,-1.2602399536466384,3.0075679967472198,-0.229752275276212,-0.155732924785582,0.3264217208515465,3.2174436476014487,0.3200332795439401,1,1
3,471,20263907,0.6954090675453131,2.3027348430644445,1.5605753783216585,0.40431749942850104,0.17844458852820283,0.4600269585619436,2.5137911070014285,1.2733295523342423,1,1
3,472,20263907,0.3727905943037655,-2.2703068362371686,-0.7035193726407023,0.7145500676705581,-0.7970874758534582,0.3604730622766813,2.0203931053575865,2.475571012831707,1,1
3,473,20263907,-2.4161029726327286,-1.4486657645798875,-3.6515884650019927,-1.3869198042705904,-0.39303186063898576,-0.5360588898758305,7.069080146375592,4.966304773775538,1,1
3,474,20263907,-0.7930005906128486,-2.209179722962027,-3.8816805278067292,0.2368389251526395,-1.0743062558625207,-0.7619813712245208,6.2007796793570895,5.295498607434024,1,1
3,475,20263907,0.7153768825750717,1.6345820990376678,-0.06876116447112324,0.7475602188976325,0.5727605515526886,0.0001589717418782911,1.3255723846306358,1.6038276858235636,1,1
3,476,20263907,0.5857068035885789,1.497981138159602,2.3633536419813055,-0.0687865556796936,0.21169979655210033,0.04636340439534666,2.389575516679497,0.12980228829396617,1,1
3,477,20263907,-0.3139436375517022,0.5331786341333589,0.4569128280899193,-0.5267394395281428,1.0723094283066108,-0.23753820912017276,0.3009336164454034,3.2183255934893746,1,1
3,478,20263907,-1.5773306365192497,0.7776046100827766,0.17834023208995475,-1.4373821863782723,-0.46769004822465193,0.6376171399684791,2.5500661712758443,2.9644840365494014,1,1
3,479,20263907,-0.49413751619511004,-0.9989975567148025,0.674303217675849,-0.5527019908092399,0.04862390392081017,0.4594565177128078,0.8040266517311432,0.7096215075887402,1,1
3,480,20263907,1.0377341896825953,0.4012975998331817,0.02067019687258309,1.0077638988389452,0.025771155606531572,-0.08281828289635788,1.0193465777436113,1.0901811491033784,1,1
3,481,20263907,-0.8497490795499658,-2.055133332884367,-0.3107358471091679,-0.8711888008803044,-0.7500046486124028,-0.44097289851141497,1.8842621206531687,4.034016330901572,1,1
3,482,20263907,-1.590019541815522,0.2610944961184695,-0.6077650217882855,-1.4520392185776387,0.4039647892430881,-0.1589778329860528,2.066923176183408,3.030812061178665,1,1
3,483,20263907,-0.2968956881732794,0.5039969196772004,1.5343625684651094,-0.4801451148203171,0.4532323769746155,0.8993363072153058,1.1211775732224918,3.1837312430531215,1,1
3,484,20263907,2.134583917584621,-3.1234837869988192,0.35838601594045727,1.7987797557719887,-0.499028883158451,-0.9291783212416083,7.044387723296734,5.033962785484752,1,1
3,485,20263907,-0.8168093984711362,0.45806671284093214,-1.5332746674256725,-0.5027867653354718,0.11297086560045157,-0.5312028916623431,1.0011874297734988,1.4755804095630296,1,1
3,486,20263907,-0.8255075607742981,-0.3608390558809825,-3.014894457368122,0.2052148416463382,-0.9713455476016922,0.2735007378853811,2.8514528441229214,2.4596741298457587,1,1
3,487,20263907,-1.490313149129335,0.453876109519522,0.27846475171972074,-1.5168658922067806,-0.6410810291140824,0.19403797046163895,2.2542819613624885,3.6948826356369926,1,1
3,488,20263907,-0.024431647930825307,-2.9419675860815064,-0.8724961811101544,0.37436131465078404,-0.43189548177826004,0.3068774099113979,2.9720091847427224,0.896694096488243,1,1
3,489,20263907,-0.5817845761058607,-0.841665671643832,-0.7373305448493177,-0.3014884850009878,-0.1655630649535454,0.17295144748049107,0.5508077461134601,0.1884572383722114,1,1
3,490,20263907,-0.09191732011123577,1.2403070912376997,1.634525825270309,-0.4043228860490444,1.0234188864499936,0.5480537028785034,1.4358585489750721,4.065734715730085,1,1
3,491,20263907,-0.28731832431311943,-0.03786536107419497,-0.5254545772350738,-0.08645735559152001,-0.5425242859820943,0.1434533398144713,0.11322195025240217,0.7558124661248149,1,1
3,492,20263907,-1.5236379399513709,2.9483688309999843,-0.9285164307129499,-1.1223047717222698,-0.08795118555118012,0.2333485363436412,4.514759725750727,1.3179838219762638,1,1
3,493,20263907,0.41002192924115377,0.5212621981095032,-0.3678777721264588,0.7670633665859299,-0.3124356155801095,0.8357480365647713,0.34026149459081234,3.5749248593092884,1,1
3,494,20263907,-0.44540282859146885,2.947248674149087,-3.5265370287777813,0.30198752095250825,-0.649988206397356,-1.3515800826946998,6.709396812953434,7.006142530175905,1,1
3,495,20263907,-0.29731928225750437,0.5122446383568829,0.5170562455968266,-0.2743920305771468,0.6041341652469583,0.5964449615285201,0.3086797771646711,2.2814456538923165,1,1
3,496,20263907,-0.0317730720979057,-3.810520655295617,-0.8707846323987596,0.11689465199727067,1.5629305637690933,-0.5832709174441931,4.81231533583297,6.330716777069631,1,1
3,497,20263907,-0.8699395663916079,1.9537779712022487,-0.004138509713953908,-0.693565149033077,0.3032449215104151,0.5216268967185889,1.8510142787008181,1.2888280470893756,1,1
3,498,20263907,-0.728642660532941,1.4906870198921256,-0.007784785977683839,-0.39332549132068095,0.2545384319703469,1.0874196767847997,1.1597846922295192,3.8250928137521583,1,1
3,499,20263907,2.5313982154423798,-4.285285361065806,1.7409756068190454,2.19321789916944,-0.3993060003498754,0.23407101748000333,11.173210004911642,6.314827174528227,0,1
4,0,20263908,0.5461188593353938,-1.7046692213139445,-0.4232718548102383,0.08852926025244301,-0.07464344441359515,-0.9672692335620373,0.9243821013493007,0.9062634768949351,1,1
4,1,20263908,-0.5243545394680211,1.7747937564758554,1.0952350382412277,-0.047483952024123255,-2.303794034646564,1.6660042551420788,1.669114241410011,5.86469078842307,1,1
4,2,20263908,-0.8611573772705867,0.07868980208248907,2.126334138300564,-0.23824480026831907,0.936307072458448,2.8693039859424587,4.076582415390421,9.337298595637526,1,0
4,3,20263908,0.6651436798483417,-1.6645854775179143,1.3300376891889556,-0.3146499541758203,-1.7831481313636306,0.17998163791047686,0.7282351288323572,2.7564413261054743,1,1
4,4,20263908,3.962218179750238,-6.426338715000948,3.266773413120575,1.783335477878154,-0.2177501536949983,0.4571094629906756,9.71097685540441,3.0533320908735937,0,1
4,5,20263908,1.835813193270468,2.0851415907840996,3.3115749990344057,-0.26036639202499146,-0.7669937473149154,0.7935379418352867,2.3715767812742627,1.016126267668744,1,1
4,6,20263908,-0.5303468851481625,3.120222159831571,-0.47747164096635686,-0.49008297553228886,-0.1394255637047235,-0.47117760977485523,1.5781616800247378,0.47469725495365245,1,1
4,7,20263908,-4.958671145481048,2.228073215106435,-5.781188703119142,-0.8310142275849728,0.9596675088604905,-1.2151177032734621,6.308867824550702,2.200393700441702,1,1
4,8,20263908,-1.7487751904458548,-1.4789849943811564,-3.0339437462470045,0.7969548356439873,-0.8284389020986532,-0.11857063505585293,1.9318214395580777,1.0360037014306607,1,1
4,9,20263908,-1.0810859015452081,1.2236365852878048,0.007844455142915763,-0.3409715640086972,0.8938830433944487,0.8671494881292472,0.9239561158770916,1.6287953185003314,1,1
4,10,20263908,-2.6112181961736383,-0.765940734118813,-2.5491354030394433,-0.6462769739698899,1.1790914688210403,-0.30670818671626204,1.3853606086110146,1.3117052624388488,1,1
4,11,20263908,1.3077435278925975,-1.0703504160972006,1.1389304473299404,-0.1531639878433282,1.2589566152405587,-0.5746898618860494,0.5165019154317889,1.3556853086113967,1,1
4,12,20263908,-1.8071038788152975,0.07514680710999887,-1.6049778989666237,-0.22377463045071977,1.4477131455762382,0.22703193301844263,0.6193476118678835,1.8150875489351077,1,1
4,13,20263908,4.101959711181479,-1.3815688287265013,7.108703943780668,-0.17530086802040046,1.0494294009832297,1.848908752423812,7.733375820809758,4.68914766692051,1,1
4,14,20263908,-2.3369208320930284,-1.2193855182945452,-2.5170464110847206,-0.19508430353755557,0.3689440641898347,-0.07283872482865694,1.3381526917091637,0.12526672225161492,1,1
4,15,20263908,0.5133111517092459,1.554865025840609,0.42536796455296155,0.8085219724272008,1.1161973415185547,0.7682294323806733,0.4279258785942893,2.6126513621693723,1,1
4,16,20263908,1.842001283204496,-0.9663703064627336,0.9421565961370675,0.7403608941049242,0.7550376899295694,-0.35961910461470753,1.1038310125510389,1.1662214657585632,1,1
4,17,20263908,1.924223524567111,0.43725112402902344,-2.2454048214158178,1.3686291315659673,0.31309350137915287,-2.8878679628328934,8.268909479460465,9.632073689448255,0,0
4,18,20263908,-3.2755196885428575,-2.2019158914885777,-4.512190734484605,0.8607034914512326,0.27233951548899504,0.1671765359808477,4.022237877061973,0.8449146678595373,1,1
4,19,20263908,2.434521850048327,2.500263930072988,4.9831052421238695,0.09053726708532395,0.4159628009046878,2.113619237925638,5.070331021583381,4.623668481963885,1,1
4,20,20263908,3.2531759680419725,-0.9880435705984244,5.356317141122872,-0.7936088665659611,0.34437862712454004,0.4714063985830328,4.369504989617273,0.8942586873933435,1,1
4,21,20263908,1.3796315773780634,-1.9642635870347764,2.0526507735744417,0.05191431396895041,-0.34020825673039184,0.46347188643308473,1.2003290496696155,0.24709395566313652,1,1
4,22,20263908,0.3601048302847687,-0.8122769502424679,2.5458348403685704,-0.3722479188938337,-0.7251865616251244,1.6755954926678154,2.3134562795198703,2.9405739817344236,1,1
4,23,20263908,2.077144713519772,-2.8002911571837577,2.4102016214337993,1.199725131665332,-1.9975019091011261,1.3418143673527245,2.1190425371306203,4.8491863303673135,1,1
4,24,20263908,1.2638122051701544,-1.8510484721021847,0.4579640284272273,0.17862427163075267,-1.8100506756850332,-0.8133539124780913,1.0972360876610443,3.6301839971732908,1,1
4,25,20263908,0.2442091494284,-0.5765070235879206,2.672656405775257,-1.1253195838541785,-0.8637585582052221,1.0565125729346487,2.7485576680224146,2.8800201394885345,1,1
4,26,20263908,-1.5748723063338161,-1.1446605819612001,0.02213462721671533,-0.770913444887583,-0.10608592029510988,0.9505791507324586,1.6871066693602477,1.4388412017420003,1,1
4,27,20263908,2.1513400554108557,-0.9622407359812779,3.6793919714982906,-0.15236546642853455,0.9922498359991504,0.9199094365439381,2.2101592659801246,1.8516223859298027,1,1
4,28,20263908,2.2409344938230618,1.0650453342044868,2.156317500896776,0.8723014179120128,0.39018960923796553,0.5194834860670096,1.1709381272641939,1.210023697913852,1,1
4,29,20263908,1.1855634764700085,-0.9633753713418512,-0.9792536712063935,1.7566286934744255,-0.48912801504155856,-0.3124691050290632,2.4272894046193096,3.0427484056673717,1,1
4,30,20263908,0.35382391337913077,-0.9583854092739645,0.19687470231760074,0.3188315132142918,1.710892506855988,0.16427262107295512,0.17571964360269193,2.7004601748542605,1,1
4,31,20263908,-0.17346906665679285,3.966251205108243,0.34749348781834044,-0.40497343339293934,0.5344206172695251,0.01310419906244706,2.532889891677599,0.33587109374449686,1,1
4,32,20263908,-4.3201062218707875,1.4232037203114443,-2.4249832745547764,-1.6261945134976372,1.111326527419165,0.6250021121505567,4.797548610841791,3.670837927094951,1,1
4,33,20263908,-3.056785172502373,1.8142984953354087,-3.4711078309561145,-0.6528942632934331,0.23713406321041336,-0.7649715555055923,2.5270904189986636,0.8814132270350346,1,1
4,34,20263908,3.8355997326765703,1.0515983507398068,5.753188144851521,0.9118215016431179,-0.3781867236247691,2.161826371883697,4.897477633304149,4.8998140132965,1,1
4,35,20263908,-0.3768855554810955,5.181064872402973,-6.063857626608879,2.1509919855517126,1.8029478588030348,-3.3020622377417514,20.914049011730512,16.70087955903374,0,0
4,36,20263908,-1.2316046844157995,-0.40152672330587885,-0.7442910675544852,-0.011447686471115048,-0.4595040997535529,0.6726914048148496,0.3860888554799343,0.5086939082606297,1,1
4,37,20263908,2.6981458505611897,-1.5878790954414472,2.930789150838251,-0.2303493172070432,0.6043925081949791,-0.5593699771844077,1.8883892972260696,0.501656058176265,1,1
4,38,20263908,-2.7759348785913573,-2.498852745319268,-3.5593857585990065,0.3585481675059441,-0.6955155233519725,-0.010851234741588552,3.0126988525894207,0.45379028517065745,1,1
4,39,20263908,-2.5353434682588443,0.03445086595051768,-2.9389925822350023,-0.3478169597513556,0.4514300760427007,-0.4474694480986464,1.3974635716693846,0.36311478069075,1,1
4,40,20263908,2.6082215622271576,-2.6535991455648786,5.021926972182385,-1.4987013252519432,-0.9330998517875572,0.08076162074414527,5.063103691758471,3.177551377056506,1,1
4,41,20263908,2.436771170808555,-1.4702633910242424,-0.14925127554224105,1.9180870219154258,2.1728632784000244,-0.7508730113946143,4.2422062065640445,8.347754438085252,1,0
4,42,20263908,5.063269770128812,2.002793110387878,2.934961945012077,1.9326986724618962,1.4651206947523627,-0.8492839413947187,7.5772924585495165,6.295943341398453,1,1
4,43,20263908,-0.8296188523416106,4.054421251087403,0.2826262208047723,-0.9219912798172629,0.25068034671508643,0.10701685007023039,3.124218950606922,0.8194579975972225,1,1
4,44,20263908,-0.723383846170293,0.4114880226951248,-1.2948251271369458,-0.31245584168541995,1.1042547657147652,-0.8170118772559841,0.31082389504548147,1.3487388354015675,1,1
4,45,20263908,-1.9662958968317525,4.799154814775951,-1.1620706995663568,0.21475245518385577,0.6804433252967397,1.2736640993575188,4.503667817301583,2.221239196697531,1,1
4,46,20263908,0.1531216275981535,0.866830567594138,-0.612081976630563,0.5788253170477162,0.9247180511631645,-0.11520296969680137,0.3877438127924241,1.1200143392258237,1,1
4,47,20263908,2.2423053039613876,-4.340708970989346,1.6879121573312261,0.6180748340775892,-1.0979708948079705,-0.3113336477396012,4.015172188235846,1.3629253504203227,1,1
4,48,20263908,0.0946645612119994,1.663214294149937,2.2415767004631846,-0.0629710463548463,1.9539979132997514,2.058754459578718,2.495015562559379,8.288678036378943,1,0
4,49,20263908,4.815217063021038,-0.558627552207506,4.294431722551465,0.9230868836456523,0.37596995811606665,-0.4162788281830213,4.875116730516025,1.1345802146664277,1,1
4,50,20263908,2.5305570977250795,-1.6596460777081703,2.3138046003862343,1.362101097221938,1.3886119464268187,0.9093505327405638,1.7023437412578708,4.831241705687476,1,1
4,51,20263908,2.548671454857441,-3.15134550957796,2.174818687883217,1.4148209037608126,-1.1582097177129531,0.780307253923358,2.852375696554648,2.8259597155226226,1,1
4,52,20263908,-0.9255925389678623,2.0996080715733494,-2.420012996179736,0.8515384443994094,0.28199732375718156,-0.3890496627321292,2.0619141256755924,0.9300502235212712,1,1
4,53,20263908,1.5346184358780306,-4.899288891059555,-0.8495050812267806,2.3062759518702762,-1.5667119192782968,-0.02967758090847835,6.86883475048188,6.103170287977193,1,1
4,54,20263908,-1.3289462573023627,3.5135414110849497,0.10822102351552587,-0.4258100484208853,-0.3415487532005901,1.1094050532464317,3.020219291215522,1.3675281617487909,1,1
4,55,20263908,2.986186917139861,4.867677179104753,3.272305542577996,2.37462536602726,2.4260593949214146,2.451376548366909,5.414545326389432,18.539811080721307,1,0
4,56,20263908,-4.585958309953298,-3.2349700813968036,-3.5549503639261815,-0.7334808889342526,-1.1662526582137096,0.7660706077612783,5.6922246272641175,2.1465893255454427,1,1
4,57,20263908,-1.2796332729041637,-3.1641225194396494,-0.8409830092180641,-0.3126494788419052,-1.8405865124240302,0.2504647188820119,1.9256937127803935,2.9180697274289433,1,1
4,58,20263908,-2.0025163702319446,-0.1838897482798361,-1.374791458917258,-0.1820976470900746,0.05137396004130945,0.7266552284642784,0.8628075079580556,0.5427490520580313,1,1
4,59,20263908,4.756615761783223,-5.769565896560146,6.5986777448416944,-0.6528522243005739,-1.8033029312600655,-0.11138926584855037,10.91128869308352,3.4037639074549504,0,1
4,60,20263908,0.028599515234589035,1.643117648433881,1.6384483713819549,-2.0251451500494397,-0.02312189789944738,-0.7605247562688627,1.5763872409834514,4.381240216994031,1,1
4,61,20263908,2.4117704823398753,-0.6355545305374096,1.33917728536818,1.4789393286921495,0.7051448429710625,0.2288865397841734,1.6227461829465764,2.779323298778349,1,1
4,62,20263908,1.1426907712315142,-3.443524836436228,1.3706432988484352,-0.6239444591255676,-0.4186814652379604,-0.7484203194474874,2.1022210674041215,1.1637268354437178,1,1
4,63,20263908,-0.2890910254233461,0.5030174472600357,1.176188718857631,-1.2722826358531165,0.6806985218882837,0.030644366862490266,1.0118946255458907,1.7018527704785686,1,1
4,64,20263908,0.04855416081932162,-0.9759437409782937,1.5574266918558664,0.2575632633928251,0.6702938671722583,1.8028770846868785,1.1808836974541894,3.868074328222052,1,1
4,65,20263908,-2.0978617514546443,-3.6109926742701273,-3.4799159158680624,1.1052851601180862,-0.48747839553733213,0.1401267100681531,4.223673235230901,1.2004480462282023,1,1
4,66,20263908,-0.5770420752515975,3.331736226891108,1.2207541660740446,-0.0882966346813987,-0.4487576928945457,1.7507510759673601,3.1060872210266286,2.844959725887059,1,1
4,67,20263908,-0.15289675192383356,2.517750152270694,-3.463952707687966,1.6648151711974606,-1.0264028704906831,-1.3957402150054383,6.335462067286198,5.368047474275771,1,1
4,68,20263908,0.8998517929655634,-0.04824168786631674,3.409828182845942,-0.5695742716732184,0.10994427747470574,1.6565039666986183,3.0712239561335775,2.973823598395062,1,1
4,69,20263908,0.7118085616263841,5.055665683878013,1.3866251034786359,-0.4233310290337613,-1.3295398347895087,-0.046204426376035855,4.183127846310228,1.7622552965615876,1,1
4,70,20263908,0.522864273273143,1.453866228663012,-0.41784520896177924,0.7062514389427008,2.7158080884836635,-0.1816197477876844,0.7692119712774318,6.773090042901504,1,1
4,71,20263908,3.1645201888520376,3.6901953884581276,1.845570619960398,0.003298681661419778,2.014018902799209,-1.9228717197870442,4.780076002317957,5.612933490651809,1,1
4,72,20263908,-0.8636062051980389,-2.9686950262060208,-3.5812804571550316,1.195742507147827,0.30055415577195527,-1.259036155486677,5.38244190356101,2.9498838678015353,1,1
4,73,20263908,-1.9767531811006904,0.864745569126822,-1.396621225574009,-1.118057148643203,0.28583175793204163,-0.41606336291698076,0.9365057494671287,1.2765711813382825,1,1
4,74,20263908,-0.22483230766397355,3.1635975607069127,-3.7439167791532952,1.473774369429691,1.6160177238386173,-1.8286600483959488,7.710349748470154,7.120167120078495,1,1
4,75,20263908,0.47363246246345625,0.3549220829049491,1.4463044138066294,0.6109329461459083,-1.115095518873406,1.6139020064120602,0.5173447427715587,3.0828818773812303,1,1
4,76,20263908,-4.122030369552476,-0.2631162515213009,-3.825435834218098,-2.076916509098595,1.7709906749852697,-1.5307249533447895,3.1460802109669266,6.99951392742069,1,1
4,77,20263908,-2.0891345639982717,-2.8556121761747315,-2.9015263377988276,0.05131147258623514,-1.3843533459419106,-0.4826147461150207,2.648400463731424,1.941361417374054,1,1
4,78,20263908,1.3825785099693633,0.6694669343516075,2.9069786523446055,0.29404651574967033,-0.9623104834464434,1.606960589971553,1.5726402027940642,2.727560541951642,1,1
4,79,20263908,-2.81372626884405,-1.426937856746585,-2.660850744129405,-0.14947293818821095,-1.3019381078724428,0.3842447046856181,1.812562048781668,1.4436034465314613,1,1
4,80,20263908,-2.039564738239733,-2.3157500664043673,-1.8578104314698436,-0.7303464193580567,-2.6475050089754375,-0.3525021118970774,1.6377999524300295,7.048582898190117,1,1
4,81,20263908,4.559448179119215,3.9628080653415214,1.4658242852407994,2.962827319210845,1.6947489431882665,-0.5082838348744148,10.563525674835311,11.74093940375496,0,0
4,82,20263908,-1.5282674737631226,4.56113234334421,-2.3546533735454602,0.00682406330571439,-0.19618682804855825,-0.6811365876017652,4.295787529197396,0.5014413292479523,1,1
4,83,20263908,-0.35499004355673947,-0.18719290613590636,-0.12371424386624597,0.5768273294072799,-1.2648887281426138,0.9746822524806621,0.04938159581627083,1.9449275082082318,1,1
4,84,20263908,3.5894761913596653,3.8906396491801387,3.617275116701336,1.3240669337086786,0.01654374288371695,0.8130836788014508,4.897575057490642,2.223778038988762,1,1
4,85,20263908,-0.33062279841340114,0.17059712137148944,-1.9529218159821369,0.6015970566855913,2.0222654568043694,-0.8601692623583688,1.2965160480414653,4.1470403979681745,1,1
4,86,20263908,0.6649884518353133,-1.9821937299723686,2.0393220085600348,0.379636347766251,0.11576685101764464,1.6833317218220913,1.5608137477661401,2.8553941126600515,1,1
4,87,20263908,-3.061102719814585,-1.8374294202434676,-3.8802488389892744,-0.7766757638010802,0.5379397825577735,-1.3199502142592348,2.9178502441689753,2.0743622120578546,1,1
4,88,20263908,2.337485769347353,-0.8818161131667895,3.5408557543200487,-0.4036383354302302,0.4889771335978831,0.2666032460469097,1.949406708432332,0.4081907942869659,1,1
4,89,20263908,2.4742979418636253,-4.062753304937866,4.1788666516196145,-0.46670095430314973,-1.6110952261601315,0.5938471282110005,4.991903063796396,2.5737036299855967,1,1
4,90,20263908,-1.3561877767002102,0.8306909230564694,-2.947479402113103,0.9195450230018594,1.1119053547667526,-0.33006686166869026,1.8506027804035279,2.0480479158950917,1,1
4,91,20263908,0.12470682933420107,-4.730058588851192,0.40215188284753367,-0.6148371780349748,-0.7849092172429053,-0.5492120709950779,3.4872574677148194,1.364297395046655,1,1
4,92,20263908,-0.5674467513999275,-0.9317627588957552,2.7717205936082365,-0.7918892219150564,0.6194733812709349,2.503222607707835,5.141092842404145,7.238456707622709,1,1
4,93,20263908,-0.1334031267166722,2.712807657193905,3.472671524904527,-2.8780809740783297,0.4360671529312492,0.2250783669282874,6.819034868319262,7.8054189831512035,1,1
4,94,20263908,4.156663873529936,-1.4195927326257427,4.84404246010449,1.5988740555265792,0.23159742127572483,1.704781447700059,4.1024524723245905,5.254767842609724,1,1
4,95,20263908,-0.9739726927040238,0.6155728407648243,1.829599231161808,-1.7058881551157015,1.0868679697245816,0.9772452070478368,3.6788789306084615,4.529532783485817,1,1
4,96,20263908,-1.9406512580014805,1.1570433335232948,-1.1078952404258615,-1.2313129751687484,-0.3268120053479489,-0.299582331353159,1.1333998973039936,1.7172254355768806,1,1
4,97,20263908,0.5198232590551015,-0.8628115127179581,1.0914538812453856,-0.33371026074681254,0.10559806586381287,0.08701508513846995,0.33076881026653526,0.11639889883987,1,1
4,98,20263908,-1.4360526430460823,-1.35337191835589,-0.09204719561033414,-1.1143815813369713,-1.106169324727593,0.27756976849727655,1.3809935418778005,2.477252165063523,1,1
4,99,20263908,-0.8796802981892995,2.0360156160372838,-0.94738906401966,0.41597710647897657,0.5083952502269372,0.5430014059158657,0.8110516198865921,0.7691019963498571,1,1
4,100,20263908,-3.2692271767029695,0.17524266915265513,-4.3507681018413535,0.35586774235244434,0.1885025616180002,-0.24409835463899723,2.9570357492528276,0.21089273855516874,1,1
4,101,20263908,0.46084302962015045,1.1240269118830544,0.15636670349036308,0.1448435005713975,0.21273539870079156,-0.2180763931617889,0.2736680469493337,0.0965771108672563,1,1
4,102,20263908,-1.2377794961306563,2.3834114872931793,-3.1244164442427973,-0.014570746020496017,0.7378558714276723,-1.7529938668492968,3.1447738959984886,2.927480838567259,1,1
4,103,20263908,-0.5580900359981626,-0.44589365676453147,-0.050469293831369555,-0.2999851506714606,1.035930678618179,0.2536303168910308,0.19185168599292818,1.0197743835119901,1,1
4,104,20263908,-1.3274667710727783,1.2334822479453935,0.345968928102522,-1.0235401941089037,2.1262916667876484,0.7116830065524726,1.716941030213794,5.093455493871775,1,1
4,105,20263908,0.6999966185709354,1.0918721985465638,1.3618573437218089,-0.5480795658272655,-0.3532341598404857,-0.10714898950974348,0.49905558505011244,0.4515831872633257,1,1
4,106,20263908,-4.582914096207531,-2.804001556200571,-6.359228076247504,-0.9765406268895163,0.7793560640291541,-2.4098631956685983,7.8946177136332585,5.947628780992649,0,1
4,107,20263908,0.8950388377586478,2.7648963349641953,1.7752172351516151,0.19769542591208733,1.0894656529147568,0.9219787581522851,1.6858343273496443,2.1348300668026363,1,1
4,108,20263908,-0.4571325670052033,-0.21022811254727164,-0.25119220795913577,-0.13596784506506765,1.029137966499057,0.1267392819565234,0.06095823920803223,0.8957346334304268,1,1
4,109,20263908,-1.4835435778263957,0.28467146316051506,-0.49838969972323355,-1.02498806813918,1.1110624339577264,0.03557495899377216,0.7857604752881027,1.7311226179849293,1,1
4,110,20263908,1.7536989784915704,-2.768323522650788,1.4890602814091523,0.0004272284613193733,-1.478649054662697,-0.5997995383956906,1.802886345972797,2.3523874066096813,1,1
4,111,20263908,3.3699937279745313,0.3490683727612539,2.9516387942266107,0.3488821155185633,-1.2248026270387198,-0.6486096325574705,2.342399350252918,1.8469386818752493,1,1
4,112,20263908,0.35183310499272125,1.4104815892337104,1.6298956782448641,-0.532572959912585,-0.286800780174972,0.5811463010333444,1.0832012482663995,0.6538441941497891,1,1
4,113,20263908,-0.9822519894489119,-1.243710655611891,-0.5042649984328023,0.6721835383255552,-0.562325917026524,1.4260594766991472,0.5000871532210678,2.228116808289683,1,1
4,114,20263908,-3.9957672586567696,6.126848761280734,-2.665051636128993,-1.9680730296989566,3.3536525239695614,-0.4879440141788888,9.29892124896271,10.936504047727553,0,0
4,115,20263908,3.3168265498571827,-3.3431125059390863,1.562045848272021,1.5672534896135915,-1.2279731591573944,-0.5638544861258514,5.144500168187282,3.588378578334124,1,1
4,116,20263908,-0.9646860250852853,3.261031579057339,-4.819894263918542,2.1375337483079306,-1.1002051399386978,-1.3143424924407086,9.563383403445666,6.850777629674963,0,1
4,117,20263908,-2.3924542843225254,-0.3693136049753003,-4.303701161300353,0.9559864571279775,0.09111297361669994,-0.493918064241523,3.3121980327531837,1.1249275778836716,1,1
4,118,20263908,-1.7584323033569547,-1.9972970910276997,-0.13453487403549502,-0.9745831322895526,-2.225959676317239,0.7774966839647699,2.219961832198372,5.5906814071301865,1,1
4,119,20263908,-0.14576971831152719,2.8105855425606134,-0.9083591957839019,0.2746654468526515,1.8566806236707953,-0.4388122641912709,1.5507277108283937,2.931577643310403,1,1
4,120,20263908,-2.958063339445488,0.558632079737696,-4.9641967244486835,0.41247222826200414,-1.0776896974989303,-1.1611778478675912,4.277064110683607,2.6147177059277276,1,1
4,121,20263908,-2.0404193507467028,0.3900674513068092,-2.0545615079773256,0.05563732597843796,-0.20547527849818034,0.35598411990317297,0.8257071465408843,0.13119785336782944,1,1
4,122,20263908,0.17301202026976625,-1.275507029435867,0.7776371839629803,-0.2641646703416143,0.11947605532097119,0.2588041149967856,0.4259452837411756,0.14419159283027894,1,1
4,123,20263908,-3.373331333124895,-0.7319713440446725,-1.3445145600788067,-1.5188409886956151,1.5239984875400328,0.7837281505114447,3.6254522903240494,4.480246223798329,1,1
4,124,20263908,-0.23044890483495806,-2.0406158497293414,-0.6210608448893709,-0.5680436838673586,-0.9898398521156314,-1.024302006303003,0.7471999000358525,2.471542577475523,1,1
4,125,20263908,-4.0159314684021865,-1.0754750699963658,-3.043715930050965,-1.0082923745229095,-1.6243203246787732,0.3703786073247676,3.3189910208338445,3.494659571155437,1,1
4,126,20263908,1.863806752371488,2.348492697915094,3.6882714016403924,-1.1935475325413734,0.6918175441345213,0.03515861990485815,3.077481197721725,1.5419279145628555,1,1
4,127,20263908,-1.5111645826283393,3.329920374549971,-2.4772016752936707,0.7024113504531613,0.8201917960459942,0.02887919565947693,2.8312229065387458,1.1525596627919832,1,1
4,128,20263908,-3.7537538501126164,-2.36523856801304,-1.886286631033741,-1.7360786852456727,-0.3100942766031206,0.38439597305525064,4.5745763615679875,3.1975714006702565,1,1
4,129,20263908,3.387337976597962,-0.16463109096244452,2.894722642478129,1.1761408931716915,-0.8906115218954971,0.24146721583744468,2.372174490171758,1.6652749193687753,1,1
4,130,20263908,2.8854566430049715,0.5385097760108359,-0.2684293510541522,2.9097666209682984,0.4876442055140899,-0.23975887918168315,5.7437859320045295,8.494132809471617,1,0
4,131,20263908,4.84989189066809,-0.21783409927946365,2.952164490042705,3.2800065286500057,-0.6820064455008752,1.0373629765605883,6.130515275505912,10.520029388747915,1,0
4,132,20263908,-3.003467730841095,-0.9827401572832785,-4.584420674958366,-0.08749662559276317,-0.8635185873636607,-1.3014398028577852,3.5689946632646654,2.511137083686349,1,1
4,133,20263908,3.5041183690647983,0.041698286178801926,4.93857617075723,1.0666195214483025,0.7898706260727553,1.9654723402516459,3.518405977533365,5.782894873593115,1,1
4,134,20263908,2.0207069349862934,1.8479589387820141,5.039976623857612,-1.6905477649033003,1.830518725803861,0.6004688206391978,5.459005656651197,5.378486255215741,1,1
4,135,20263908,-1.234897907353087,2.8081915555290604,-2.0288718218061206,1.2996929893575953,-0.45631563183454216,0.8829413895255784,1.955555728709374,2.172672956659018,1,1
4,136,20263908,3.2366839924517308,-2.9543950996457533,3.6598837472919996,0.5055980974262297,0.2911532102249815,0.33968548710224944,3.538316769289426,0.4732542154533471,1,1
4,137,20263908,-3.193065622714869,0.414887932674734,-3.4533350860322116,-0.5251894086539437,0.35300580059548525,-0.4312572705743429,2.079969542783977,0.43590475954899754,1,1
4,138,20263908,0.6282960288806692,-2.2985566689687755,2.111371502179196,-0.5932365609092187,-0.9121084768130509,0.6507141344353929,1.8873983121634814,1.3865499824229413,1,1
4,139,20263908,1.0898982300044793,-4.110952124907149,1.4472470337086065,0.28115274627288045,-1.1070882603060135,0.42580895031036403,2.877995714470649,1.021338259269689,1,1
4,140,20263908,3.078983859759717,-1.1787672469860462,5.35748043082647,-1.383485085060073,-0.08731147733932652,-0.005611045320012122,4.542714075450034,1.8467969742310797,1,1
4,141,20263908,2.309021767520619,-0.16938531222661096,3.332965196737291,-1.1532271245259267,-0.07936232929928393,-0.7669252343279831,1.624100977495904,1.8122457559096738,1,1
4,142,20263908,-0.24843614441385853,-2.470888609369872,-1.4975329683067713,0.9722203511430791,-0.0695850837237872,-0.10446957454486898,1.7614286198400517,0.8929097249441892,1,1
4,143,20263908,-3.0253485756425675,-3.3869569800043817,-3.940167734697056,0.2246653085122432,0.69207241555832,-0.2965312860234485,4.352549107055189,0.4993073362093876,1,1
4,144,20263908,-1.813924376853322,-1.3985593172104658,-2.7515265677854472,0.03667538809995108,-0.814715847185814,-0.64141292662536,1.5168354613598312,1.0624288357228484,1,1
4,145,20263908,-1.677134545077081,8.25450775207023,-2.331846128933236,-0.23360122240131886,2.1112251721230875,-0.9434951343802186,12.034837427401492,3.7875294202677345,0,1
4,146,20263908,3.3827400443625777,-3.2097090204372365,3.924091172747481,-0.08173724648858638,-1.263151634581376,-0.2655940036438827,4.025735102979864,1.4835993496511226,1,1
4,147,20263908,-3.411241203683886,2.0084006136146995,-4.254793736200142,-1.3903980568530585,1.2533988202849229,-2.006490131536084,3.527791171486025,5.571875516825817,1,1
4,148,20263908,2.553679934198499,0.7698185593998824,3.0567019521215286,-0.20852498856780244,-0.2910397962427931,-0.23367948674334413,1.5567925247656955,0.1926916408655439,1,1
4,149,20263908,1.9219069622075722,-3.644319310515258,1.6699908471963738,-0.49782400646614633,-0.48824658640561386,-1.227077034435776,2.7877115132306916,2.0269337077884173,1,1
4,150,20263908,-6.915171142326017,-0.3966761483373466,-4.09087686455878,-2.7315957755965883,-0.33717948625274546,0.553166000795227,10.612636466278225,7.699804382553378,0,1
4,151,20263908,-0.23012763104537726,-0.35766903177592657,-0.9687115654287624,-0.09059013363821578,-0.17662076098712512,-0.8076990962068153,0.2957275220880883,0.6817288319398142,1,1
4,152,20263908,0.9269815395278158,0.8956436180446727,1.4061059237272815,0.7717611702883573,1.1154696781203153,1.2237607830469772,0.41757763084501903,3.538500368454396,1,1
4,153,20263908,-2.7747193514852597,-1.60828677366153,-3.706960816207939,0.5903364707637024,0.12203058878757755,0.12039826752690046,2.5648654328009473,0.3716861937392542,1,1
4,154,20263908,1.085945947292032,2.8828183232782005,0.6658079769846381,0.5657993657472957,0.6543330002809529,0.020700713514449843,1.5870630638339545,0.7402843740247655,1,1
4,155,20263908,-1.028449452926509,-1.6232330959155132,0.24940900735232674,0.2517453946019259,0.1899584638010698,1.7403594567438665,1.2699403084314567,3.0319158704688314,1,1
4,156,20263908,0.1788060671017604,-1.3292695304178734,-2.160005935281589,1.8579323219908872,0.5604718178369943,-0.2120810160316744,2.8288490853123807,3.7632645977968053,1,1
4,157,20263908,1.153902944501965,1.3896280177451212,0.6962543425643588,0.5017639929404538,1.2381319329540976,-0.0727299795771069,0.6312553431294288,1.6062528631751574,1,1
4,158,20263908,1.8322450926704903,-1.4459342842997298,0.004262252734818617,0.8447430877253623,1.1160466672034992,-1.1567838807401012,2.343660150180259,2.830469363840206,1,1
4,159,20263908,-0.18662424522142373,-0.7123027230341351,-1.166977498967924,0.10123388060699767,-0.3027972923161477,-0.8357415742546888,0.5483152758432873,0.8024527781632385,1,1
4,160,20263908,2.4402758395543174,2.4322247020101275,0.8540682289900445,0.8575073297961637,0.5431838165999883,-1.0362290745555598,3.0873632232423334,1.9275619575282312,1,1
4,161,20263908,2.0322868759917014,0.6973124062155039,2.1927827052925437,0.3971861131124399,-0.827047719342055,0.24966236058268837,0.9225969480957483,0.6168382824051991,1,1
4,162,20263908,-1.723083306003275,2.6168186174738617,-0.11070047264962568,-1.5167068694409522,0.22070818646535306,0.09894596024174043,2.6121937865586524,2.1543450629416596,1,1
4,163,20263908,-3.942690603210366,1.1613230082710324,-2.8344370843043407,0.06504375618533231,-0.8563862993573448,1.7532705600507856,3.336296103252684,3.041258245539011,1,1
4,164,20263908,0.9179848803971993,0.3213216984804147,2.1868681580265275,-0.026835520499759014,-1.5510943563835875,1.0755569640638636,0.9629834021147246,2.5762235162185063,1,1
4,165,20263908,1.2076215459930495,-0.05236392275288138,1.1964370522808707,0.8420408056499866,0.00984007735471774,0.7632560373332907,0.2878599217586542,1.1874359108237063,1,1
4,166,20263908,-0.21583141950580398,-1.0711573688479656,-0.3920456843694211,0.14109530460925157,-1.6294488044246584,0.029903309438587673,0.2062416379858797,2.099155569189976,1,1
4,167,20263908,2.805917976551001,0.004860753625985634,4.002197325617729,-0.6930687767887491,0.04701397386037307,-0.17735852004474878,2.323247395181514,0.46888470937659066,1,1
4,168,20263908,2.439521029304018,5.279148850322797,3.0576006118289882,0.0001883463566514365,1.4762728945571435,0.04092695128095114,5.561820620285196,1.785113039926597,1,1
4,169,20263908,2.4133183353262666,1.2921307403491775,0.8960128395666231,0.6147851475927837,1.0905338648695013,-1.224071238745871,2.290700655554526,2.530615278340231,1,1
4,170,20263908,4.401568770310291,-3.8100548765194207,1.6296615704983566,1.9375259260688438,-0.9646461737479858,-1.3699908880075637,9.287407465676479,6.074525674267877,0,1
4,171,20263908,-2.423742644775757,4.098299544318222,-0.2552805686151771,-1.395680186915314,1.4414868148727642,0.8693161393888659,5.422496020011897,4.166258159876776,1,1
4,172,20263908,-1.2612377212664114,-0.29141978464508106,0.3364620475290536,-1.303936372317395,0.8952224952621993,0.28996760234958535,1.3700491588785164,2.1412203459583665,1,1
4,173,20263908,-3.6680110154603085,2.4958578342063773,-3.8063430357446038,-0.8614276737140756,-0.12833143181321188,-0.6693501150336816,3.6459208905573712,1.1583486899791673,1,1
4,174,20263908,-2.2271215044280837,3.711338153772237,-1.9679266816833092,-1.5694297275041151,0.7868575969006845,-1.2751968126188622,3.129563908314381,3.6693457732956536,1,1
4,175,20263908,-0.5980077001187567,3.0163360759907465,2.0768580558360696,-0.9600512859603043,1.837047148936098,1.6260203365466808,4.5229618151095154,6.632161912321323,1,1
4,176,20263908,1.2245647064195566,-0.10410830609260145,0.5849449481630415,0.4287339517866826,-1.3442603159054312,-0.3424592573183887,0.4412177414201244,1.7375052190350495,1,1
4,177,20263908,2.8019670595391517,3.4616564440715827,3.1914978590948664,-1.1147323601037442,0.08519189008222458,-1.4886268566023524,3.4746761841040126,3.105648505488679,1,1
4,178,20263908,2.2293302100989933,-1.857171070482334,5.527003003452805,-0.7082000279669671,-2.0810664739975318,1.9738922377230208,6.401058194828336,6.919079082237511,1,1
4,179,20263908,-0.027559451517703337,2.3285774509507986,0.6077919518275081,1.0866109204904149,-0.8669925772442717,1.9067218913409263,1.0080750127943667,4.345349355346462,1,1
4,180,20263908,3.31596799456878,0.14574747448233324,3.7754026425231757,0.609226573160413,-1.5403652539642796,0.5248241498827408,2.3692474300224236,2.053363382251322,1,1
4,181,20263908,4.469045948122101,1.796923820332829,1.8716555067144753,1.758951826316519,0.4254743316502264,-1.3798109112243095,7.1594871542270235,4.963804887901681,1,1
4,182,20263908,3.967434360623713,-2.741917659086826,4.469033989256687,-0.3967377485905388,-0.9060034222326296,-0.7959138932076942,4.482207935235918,1.6805318903599091,1,1
4,183,20263908,-0.4207137503188676,-2.8973614867391744,-1.4757475161223255,0.66153152744576,-0.8297170301281392,-0.25295764269571097,1.9542819950758323,0.9607182139180462,1,1
4,184,20263908,-1.0617092505819699,0.4973131522776755,-1.034137090902803,-0.7324029730961854,0.30820258281622376,-0.6557074725090394,0.25525275694593597,0.850060075541338,1,1
4,185,20263908,-0.0969948973964847,-2.5617024770837,1.563783066229675,-0.6001343862357089,-0.12830769723642427,0.9445026384203135,2.2075435926485625,1.1976328178865665,1,1
4,186,20263908,-2.5020459680173985,1.80995344347762,-0.8284750543309514,-0.846684589966344,1.131902213849816,1.0733119592835538,2.687230460796063,2.9603277559665973,1,1
4,187,20263908,-1.747320343219343,0.7554988380820307,-0.7489282563051631,-1.4917987299685365,-0.5807763550785997,-0.456708971533728,1.0134042165956827,2.839961845642812,1,1
4,188,20263908,-2.294108259280847,-1.136732935153047,0.00978525275509412,-2.197042621579726,0.12747515485846592,0.1159516151255792,3.299087929048113,4.545927156935002,1,1
4,189,20263908,0.948496045791245,-6.6949094605274855,1.2156606801207772,0.7586478687222211,-0.8168512069620181,0.805388247685475,7.081440854048801,1.3226094558626573,1,1
4,190,20263908,1.6483859970429648,3.371760428547326,3.7199629241086143,0.0317194285636333,2.23469515202416,1.7510898670974941,4.175713211390283,8.133289685154253,1,0
4,191,20263908,-0.09302910401478925,-3.4223848517541358,0.6845903754749685,-0.18536934640729896,-1.9849742506228465,0.5438611892713786,2.0466770933254685,3.2995358072240895,1,1
4,192,20263908,-0.6079969398995502,-2.9070487006622967,-1.021156553179594,-0.019837594910967482,-1.2859657872428718,-0.36860980898295626,1.5171595723827933,1.6052417210477432,1,1
4,193,20263908,-5.327997750582341,0.24297969522427035,-5.981600046135895,-1.1281950238707452,-0.20331462848975812,-1.3365213021084001,5.977346630507963,2.9634747766768603,1,1
4,194,20263908,3.1786188575040057,-0.7273822313492013,1.568840708734939,2.5398648499583203,-1.2669676954592037,0.8053390711278948,3.0577981771953513,6.772916304994302,1,1
4,195,20263908,1.4225094904582534,-1.5974823541612377,1.9394939858837716,-0.1806932689980556,0.49557857865347305,0.03551577251897945,0.9390642369930211,0.21457806792246875,1,1
4,196,20263908,1.1386856387246382,-2.1202185562914218,2.9518411093232544,-0.11679211834913872,0.2978728062420455,1.4356939032674914,2.460537865187498,2.147163784717923,1,1
4,197,20263908,-0.43672281816685654,1.088149862100289,0.1307821794254096,-0.25113077759533553,-0.24404323937996986,0.3425062823975693,0.35125623271810524,0.21253376738627383,1,1
4,198,20263908,-2.5151811088698537,-0.9836632733701618,-2.5841383340039954,-0.9180130576893646,-1.196537281016082,-0.7670617666045941,1.3836525392235468,3.0079313832497103,1,1
4,199,20263908,-2.2835444421851037,-3.4922959208592665,-2.4565577538247823,-0.3298575234854866,-1.0687952241838201,-0.269429760029816,3.024550395896657,1.2613133246585126,1,1
4,200,20263908,-1.713467498116188,1.366541875454807,-1.45617978417647,-0.7941323194365566,0.0963586769312023,-0.4091079481149063,0.8568263161857543,0.7149875391267774,1,1
4,201,20263908,4.364516979979669,-0.9328175248400381,5.135591614881662,-0.30345136644658055,-1.125226004299664,-0.496573411086224,4.365177911924983,1.5776970106169084,1,1
4,202,20263908,-0.868376243851003,-4.0612606318081665,-3.1955449275593395,1.0132832449589273,-0.026202401213542136,-1.1053176578950905,5.712565450837534,2.162346087985373,1,1
4,203,20263908,-2.1446184466066143,-2.556337805384727,-2.4574703520279684,-0.286829563517216,1.4857800072434115,-0.3515506315204647,2.0474772490165702,1.7240361574148633,1,1
4,204,20263908,0.06619558467005504,-0.6265923925801452,-1.9613399135412521,1.6977254363372367,1.2848673377365305,-0.056668391446559455,1.9749635854637448,4.532685063724504,1,1
4,205,20263908,-2.3266341948281593,-1.3672680271664492,-1.010282179437752,-1.19716171022705,-1.2994745537286636,0.28618693321636096,1.90112455573122,3.1074467797928316,1,1
4,206,20263908,-2.3872801684163107,0.4046453182688554,-2.5088865912653375,-1.1713511580538238,-0.10435602669468777,-1.129876225382702,1.1491131516790443,2.4992443933843242,1,1
4,207,20263908,-0.9797687397614538,3.735094285798652,-1.8874240914012574,-0.6319664290716389,0.2745146311867508,-1.546680906061946,2.9212759105736383,2.453320519492146,1,1
4,208,20263908,4.786525474823577,-0.19119147192821603,2.577357386370238,3.335046415116153,1.0978693330890616,0.8148054644909158,6.5005099110927365,12.92516759813277,1,0
4,209,20263908,-1.4691005776686268,1.4609414651786146,-0.09139657515045485,-1.3710289316626927,0.19803821326976576,0.013096124973453794,1.4807808271220415,1.7439029048882864,1,1
4,210,20263908,-2.453912801805245,0.6876564221522229,-2.6563906866924754,-1.6227217499490507,0.3291775533246355,-1.719389042604355,1.2913990201734862,4.910110296575327,1,1
4,211,20263908,-0.9077612436203424,-0.4662311813621747,0.6688714746982214,-1.0266519993789416,-2.092096264150781,0.5478412851928279,1.2486099827893302,5.084533080925977,1,1
4,212,20263908,-0.525857461559923,1.777346021534878,1.1827249268842905,-1.2416756485670817,1.6863074076941693,0.34623260373592674,1.8015878719296419,3.5610169018218403,1,1
4,213,20263908,3.100944725292095,0.9271762837476796,3.8317984978397845,0.46330946856917876,-0.22676793272677165,0.6526154886046504,2.375611887675272,0.5612431450548794,1,1
4,214,20263908,-1.66678176835876,-5.154839988806717,-0.004060647770259607,-1.2933907133867137,0.4681708444170231,0.31757219687502436,5.597925127714171,1.7639260910664785,1,1
4,215,20263908,0.21240188883044198,1.481999969265606,2.1276313987943496,-1.7545209475608488,-0.053848814142057035,-0.1823356219715115,2.0074127470430114,2.9624177063933654,1,1
4,216,20263908,0.7551939527750164,-3.3227689499690927,3.2026695479823672,-1.5621810639221678,-1.473990000580984,0.4279301910600032,4.420815005164802,4.685110035959362,1,1
4,217,20263908,-2.3660195772252166,-1.8260445324647572,-3.757897146886947,0.7018624994208551,-0.5973943069656255,-0.2709165998310936,2.8706664993497264,0.7728474283888412,1,1
4,218,20263908,4.3678726541204185,1.5516633900250707,3.4165674948079072,0.42104408384517455,0.8482033681477597,-1.315283826817301,4.545744880519001,2.156244440228974,1,1
4,219,20263908,-0.36721901751928954,1.3541056834211094,-3.353827547806148,1.6347867354307937,1.2711651569443023,-1.0507540904812975,4.647186695771148,5.037828397003124,1,1
4,220,20263908,3.010030548604732,0.5001512802716901,-1.2354702593430318,2.150162378585435,1.1998235137074698,-2.237678341600019,9.344273336690161,10.2647689024977,0,0
4,221,20263908,0.2962229178491782,-2.7782535529232923,2.862870809412712,-0.8617935085622719,-2.849065384897786,1.491358149271464,4.099650049331516,8.879729466824182,1,0
4,222,20263908,-1.559746671365673,2.744531885359201,-0.059232975269665644,-0.47783881409858964,0.11262587962912196,1.1681453725811668,2.4836048724501834,1.555389907050133,1,1
4,223,20263908,-1.9061811800262376,-5.194266928554374,-0.9987953906692155,-0.5004092722340658,-0.19909475804236987,0.5118571289760322,5.1258101846705,0.5200730210866021,1,1
4,224,20263908,-3.2162222717930433,-0.6798446493325329,-2.955107854333292,-1.335081193818695,-0.0735207064965249,-0.8315256608971963,1.998882169795332,2.328764718624684,1,1
4,225,20263908,-0.6004789791099654,3.2517846609588994,-1.7954640401181479,1.2288466596148737,1.1556929840853236,0.29196732650037077,2.529280434996009,2.992646848183723,1,1
4,226,20263908,-2.4389104026149937,-3.418966342487955,-3.251930070846811,-0.58330379364088,-1.182679900173158,-1.191447480109549,3.580111822065671,3.306540226195534,1,1
4,227,20263908,2.710945032671333,3.1933380466719523,3.304780945736482,0.20758864550938938,0.8826175805395412,0.2693088366235468,3.2020468514398766,0.8499135445872116,1,1
4,228,20263908,0.10862488615705956,-0.6020373770220373,0.15844853906918388,-0.6917829583620687,0.5558038529468325,-0.7712652393619938,0.06000789051469202,1.0165027662113952,1,1
4,229,20263908,-0.5675485866582903,-1.525433328667364,1.7648413830119978,-2.259140476911085,1.9553723819194926,-0.19534225222506615,2.804912564128015,6.774534162489893,1,1
4,230,20263908,2.398144335026757,-0.4447970793679365,1.5742781719636127,0.46938230309831397,0.37090580816462904,-0.7074816003721944,1.3951842773982688,0.7692375250550632,1,1
4,231,20263908,0.8436558227750481,-0.8587909679997268,2.3139229273293864,-1.194725154757208,-0.35410973530377016,-0.08603717286710971,1.2806687964392092,1.568565522946958,1,1
4,232,20263908,3.0639612474886064,-3.213571149200409,1.6154523302061676,1.9281610673794773,-1.6596996212568926,0.22451092297901257,4.282134686001792,4.849904188439468,1,1
4,233,20263908,2.890436501557673,3.697769717548497,2.4106241613955746,1.5335540756878459,1.4429814020031162,0.7323074768000105,3.835576415093251,5.163525797153687,1,1
4,234,20263908,3.0042450125996822,-2.127596041418771,7.724094516533853,-1.1068441787765266,-0.3936521802550835,2.657952653354374,12.116491322809358,7.8623285886061,0,0
4,235,20263908,-0.07250708303786269,-0.2170153568454935,0.8878609111410185,-0.4999040207904386,0.19237103368240693,0.38754966532274787,0.42642835127832884,0.4125414152627886,1,1
4,236,20263908,1.7170424151782697,-1.9368454939178246,2.1293192954230733,-0.00460062007397255,-2.191616272321068,0.09397925623318334,1.2581453207275435,3.8460829927750484,1,1
4,237,20263908,-0.16945445697371042,1.3664132341780222,-1.3393716751855749,0.5153631782439163,0.5016409187364267,-0.552365328040768,0.9608549731525754,0.7354231982023516,1,1
4,238,20263908,3.951226165846464,0.1664668758063225,5.3442933293380435,1.4788557585713136,-1.2780258137312817,2.3139161001500925,4.155302953638663,6.961893379059896,1,1
4,239,20263908,-2.54031731813609,-4.562633642419977,2.172252863212975,-2.289801703221599,-0.4126100203463857,2.3773362280511714,13.488455263793076,10.564208970769931,0,0
4,240,20263908,-0.14205447191204712,-1.8983483379436585,-2.531371366452518,1.609847588500088,-3.5130633376008946,-0.4661569481753937,3.321245240388278,11.660059685175257,1,0
4,241,20263908,1.6775851327512328,-0.6100908969145269,1.9616130079803042,-0.10350782277978965,-0.884460418266096,-0.14224986453255575,0.673341031579962,0.720416798665891,1,1
4,242,20263908,-1.8956753245179243,-2.85948133452339,-2.2248160526466734,-0.8526872028475054,0.9131861029948604,-1.0664214114483548,2.1179858237679077,1.9130029029037727,1,1
4,243,20263908,1.3110465510744689,-2.9112302407357267,1.133219120916607,0.727949810850447,-0.3346337487600422,0.4084830080456533,1.6517446901950497,0.6330288523764268,1,1
4,244,20263908,2.4671303514801934,-0.5046226747363127,3.1557339047709547,-0.281161965090746,0.7276780075471644,-0.11593235328414833,1.5315735739348297,0.4409076712289164,1,1
4,245,20263908,-3.3603838473185874,1.0774732177633137,-1.8794443205825928,-1.5665907781862245,1.2688915925899915,0.16375434468052902,2.940232564419209,3.2392734760791795,1,1
4,246,20263908,1.354449775594361,0.9506769909474371,1.213360160844232,0.573334966013789,0.9173971386577283,0.28974175814067615,0.5014500324109373,1.2640594734994504,1,1
4,247,20263908,1.8958930325250378,2.349146519938963,1.4839931185002513,1.222789314786155,0.8291579118159346,0.6624822266485826,1.6092242094783342,2.732364209382842,1,1
4,248,20263908,-1.6853110076669964,2.21828120723622,0.785163629201179,-1.260002360315383,1.2663384412830203,1.2664301369319548,3.8106454198213235,4.457657971942741,1,1
4,249,20263908,-3.7073564334963294,-1.1897498541089737,-1.8166521264582087,-2.119482622939188,0.3183111734096547,-0.02190766258750381,3.913940836281943,4.168195502425846,1,1
4,250,20263908,1.3890649383643563,-2.441992027446413,2.376036132512297,-0.02499089681714395,0.2960887095839061,0.6721445211672955,1.7610364657263204,0.5517818046618165,1,1
4,251,20263908,-1.081416543240465,2.124209076125888,-1.6720417281169944,0.6439756699629129,-0.23846003442868186,0.30795334894490295,1.1673154598886615,0.4572754575180506,1,1
4,252,20263908,-0.7756670069993561,1.1975467411778686,-0.8811413621497337,0.31510547446609394,1.5682995358060643,0.39100757844426964,0.35402485854185795,2.520068387497441,1,1
4,253,20263908,-2.6863397699960103,-1.1051732338453013,-3.95347845696395,-0.17353392403407497,-1.2802895799372793,-1.110063806147128,2.6806439703376217,2.9421250878026433,1,1
4,254,20263908,1.1596943921982472,-2.906668943552514,-1.5739530779484738,2.1410908015081134,-3.015514244808639,-0.4223863123772499,4.94524668838333,10.592624471796384,1,0
4,255,20263908,-4.522209499792126,0.6691050719121797,-4.661614442097246,-0.05868689072931943,-0.8027880182703127,0.37148614434229876,4.014646130331872,0.5828452596754791,1,1
4,256,20263908,-1.8640036558938107,-5.159033736386067,-4.1420808092675685,1.3400501650789352,-1.0421823436981743,-0.5874351018157382,8.187949911736402,2.7557063193605713,0,1
4,257,20263908,1.999119560732936,-2.962448385813701,2.171966562652301,0.17067744146251584,0.07818408766090588,-0.03393995230883102,2.154122364459534,0.036220757054094666,1,1
4,258,20263908,-3.6616488788680783,-3.6650643284277353,-4.307931130021643,0.5668381043599027,-1.0999844587352412,0.4433422309017264,5.260756806970814,1.1628407508103749,1,1
4,259,20263908,0.6226654419730266,4.728027322318226,0.9778862431871147,0.3924446555671466,0.8467399803674318,0.6157614548096406,3.559207396338034,1.3015998970303266,1,1
4,260,20263908,2.4286364664327493,1.0301563205037925,3.3917856530260053,-0.4091958475025308,1.516788833337056,0.014333083019720687,1.8334565100245885,1.8811397566398473,1,1
4,261,20263908,-4.421291111385358,-0.7605659774946555,-4.45794994599072,-1.0371689388863672,0.7302505944470459,-0.667909474750933,3.808096590504597,1.5095430489441797,1,1
4,262,20263908,-0.2300719588851905,-4.020493954560488,0.6827794441956883,-0.9938822954821092,-0.6632348799506079,-0.2715920570616725,2.8176819350043156,1.5640244352280557,1,1
4,263,20263908,4.553322768822255,-4.500995364076917,4.1444482549184585,-0.15007357685658462,0.28442297565623587,-1.5744530164711648,7.364631582693359,2.243008725855572,1,1
4,264,20263908,0.852467884406849,-1.097660644154349,-0.062342345510614905,1.6036489736521844,-1.6527097118492855,0.8309451673978084,0.67244222002841,4.167857184428168,1,1
4,265,20263908,1.6838145135492084,-4.598611624836244,0.3456614242900855,1.1515498995987912,0.5797753703089444,-0.3682490589662458,4.657571254755967,1.763148970472549,1,1
4,266,20263908,-3.4533312796217217,3.3931265400008495,-0.6537329330418657,-2.1090172312503626,-1.2181642778474133,0.842867565057936,6.879944804038297,6.522085718304873,1,1
4,267,20263908,-3.710618838125896,3.727123262461847,-2.86210088706369,0.12333079630562338,-0.8199994262981167,1.4733682003797808,4.88230517828742,2.2209567608731504,1,1
4,268,20263908,0.7795586709484041,-1.8622884161914854,0.8561045634108666,0.029300238610147744,-1.7971012977219423,-0.025770571770667817,0.6589115463176609,2.6178712668561555,1,1
4,269,20263908,-1.8380469443643221,-1.7352126305416107,-3.0469772001597875,0.07078031953889763,-1.3959063638034657,-0.8739955724587336,2.039254003627442,2.610020509579232,1,1
4,270,20263908,3.5378135104837156,1.40932547864958,6.00599803558886,-0.5373406614785097,-0.5240632711915434,1.0478468316642298,5.627268615185729,1.4610557765585004,1,1
4,271,20263908,-2.6283428801062314,2.436246097501111,-1.604862213439901,-0.4465654971961044,1.1077764371316219,0.8855114622752781,2.518453910905426,2.1044581174822583,1,1
4,272,20263908,-1.796184259836565,-2.204085029381071,-0.13030149518067446,-1.586344654873841,-0.9153111874223201,0.09476943217452136,2.4292976883258652,3.4215854126094882,1,1
4,273,20263908,-2.8345431009113895,-1.059624122597849,-3.558070490876034,-1.0887420217940758,-0.7113088724578811,-1.594566899463845,2.1631301390533206,4.3223031379939165,1,1
4,274,20263908,2.4541505211556682,2.82268489051373,2.14292324700034,0.8800854299547893,-1.0656909668118986,0.23728145066185002,2.440503346118857,1.3881957188826441,1,1
4,275,20263908,-0.38936844478021726,-0.4581253887530683,-0.555185463802232,-0.2131432519041141,-1.5376879086067734,-0.3418519616946981,0.07958396030821847,2.293552434274749,1,1
4,276,20263908,2.499092214011654,5.100245521182335,0.6474717838435708,1.8685546725163533,0.6575270800026658,-0.20778185560061263,6.799427787455793,3.932287377858659,1,1
4,277,20263908,1.0392894765536198,0.4189895756245106,1.1066335406041503,0.431049869362937,2.3954594077941476,0.41207677875355825,0.2456883678306366,5.506102622352073,1,1
4,278,20263908,4.013749331052168,-6.230013867658319,2.601354295396149,1.0192036207320996,-2.1886168620070428,-1.1198129925415208,10.11690769226869,6.1853613479994065,0,1
4,279,20263908,-1.1475375354009714,-1.3950361824948363,-1.5326824524478866,0.5718477607775867,-0.23592363482713527,0.4523291902316622,0.6694818093152052,0.46907304646233206,1,1
4,280,20263908,-2.8475139663940183,-0.6393020596418338,-4.309204778633557,1.3088159958859364,0.14621971541715473,0.43500457297574346,3.0535505428147602,1.8388006036582543,1,1
4,281,20263908,2.336103683876644,4.476957391398796,0.9055696524425088,1.9258582089688616,1.125500885420715,0.33849042382813166,5.064832678062868,5.188720540667864,1,1
4,282,20263908,1.3414579838258476,-0.810264779816034,0.7283738880849313,-0.22719296659957422,-0.7537265375338835,-1.106478711823371,0.5855807445895953,1.9112614879506227,1,1
4,283,20263908,1.9448905593399388,-0.9433713638469791,2.894991461993399,0.22831285738050155,-1.6410165020066292,0.8523931535279826,1.3620342165092643,2.4159970866260307,1,1
4,284,20263908,1.7089350849362859,0.8586104364143743,0.5689253263375491,0.34513709795459135,0.9599808894540219,-1.030004958433157,1.1834755919953373,1.661612165828974,1,1
4,285,20263908,-0.06215011511460489,2.1724162591561407,-0.06311861976639932,-0.18725748635452533,-0.9611941625144337,-0.22456739660471417,0.7362506480551946,0.932488839220676,1,1
4,286,20263908,-1.4924215997044712,-4.980924752420016,-3.089698329678555,0.18837280084113672,-0.5642573073413507,-1.2729744318377634,6.039897296822984,1.9841759548068296,1,1
4,287,20263908,-1.6464402093969,-8.577293373493545,-4.31673923937214,1.1868756593910064,0.052555244589505674,-1.3927198646237966,17.357920908916164,3.211312782860204,0,1
4,288,20263908,1.0977093299474632,2.413488951626285,0.5774905112265856,0.8547422799875335,-0.212711424622294,0.26687771052301856,1.243107191726654,0.7188634976169525,1,1
4,289,20263908,-0.5196662361801998,-0.2914035147493233,-0.8833021237924896,1.1555272362750202,2.0494381769854195,1.0944152292341416,0.14045587984373828,6.934648444665078,1,1
4,290,20263908,-0.4185689846809453,0.6414653000145087,1.4937681215650116,-1.3998308663815635,0.5334584562719679,0.34707322648726635,1.7200686808538852,2.0854884502929947,1,1
4,291,20263908,-2.1746003619094836,-2.989494126737063,-2.5973979266375977,0.26893012910340985,-0.9658305115657501,0.17264813300272927,2.5301670682847854,0.7381256378248753,1,1
4,292,20263908,1.5064401127105498,-1.1292494027554267,-0.7145109188856082,0.8245567562238989,0.16767803383834531,-1.5144314994755432,2.720760373859769,2.821447042388741,1,1
4,293,20263908,0.039357055241623584,-4.022020338229763,-1.1069197239198019,0.9265988102283131,-2.6965474161728866,-0.11039312480662611,3.2395207373341814,6.158859993486796,1,1
4,294,20263908,-1.7477976396174881,1.0694115058533455,-0.7731852388492513,-1.2951233004379503,0.24278885608676773,-0.2575387328089429,1.0826211751518293,1.586203011430588,1,1
4,295,20263908,1.8545627004542666,-0.7106638121105923,-2.1238819720060604,1.719115521081875,2.2548435538717047,-2.26231037236838,7.594086918384054,11.288077588831435,1,0
4,296,20263908,-0.68540228057023,0.42190959525208427,-2.0742006283034726,0.6280609732000073,-0.4544937794398948,-0.5586479356037122,1.0975619078850967,0.8481527852198925,1,1
4,297,20263908,1.5566296446662022,2.7569223014246305,1.9837262750804001,0.6969751743103529,1.516640059988629,0.937908159356977,1.7379984962647286,3.7839334352306913,1,1
4,298,20263908,-1.6362577358655699,0.6061694349417375,-0.9112233472620375,-0.7670656190760212,0.9025667904895133,0.09256937010018566,0.7309644047362472,1.0829491981802837,1,1
4,299,20263908,0.9519201566708944,-1.8835894672325184,1.896654462589538,-0.42381535185015196,-0.5059383619709104,0.26017883658972296,1.1524065027497925,0.4608665781009141,1,1
4,300,20263908,2.1720085373032987,-4.736663837141319,0.05255869348192732,0.6407863378230445,0.13984577251200045,-1.8312532810069684,6.427716967901033,3.5275395725781036,1,1
4,301,20263908,-4.68434296616627,-0.25534807757957695,-4.065639655595149,-0.8034696578249907,-2.322629407974127,0.32708486446060925,4.032294604635691,5.36703480259262,1,1
4,302,20263908,1.3407056863517255,0.8091462013641676,5.779838361048675,-1.8718062287671273,0.8694531979032102,1.9155338338261747,9.247088154693099,7.604685554216548,0,1
4,303,20263908,2.5871617559327547,0.5854239073547816,0.017950001263528748,1.6595930228506575,0.6111039450607005,-1.0756787929064966,4.036609583819179,4.112390865285518,1,1
4,304,20263908,-3.9641804697226632,0.43769396294119234,-4.275838860094439,-1.6290013003805655,0.4466984631917709,-1.6704041111249641,3.1829924476641756,4.754316393314708,1,1
4,305,20263908,-2.5842078189316453,-1.612237540049267,-3.9528592331917594,0.31922612389163874,-0.7410366790918923,-0.6647254932199581,2.9530979766849854,1.042255983513144,1,1
4,306,20263908,1.1327761278630817,-5.732387045918949,-1.2154845301670605,1.4608633697136781,-1.1522737217108117,-0.9628492282473023,8.146085127250942,3.90933340201196,0,1
4,307,20263908,1.1914442030342798,2.434315666447792,0.426379970799843,-0.3867894413571378,-1.1821374933189224,-1.4312741192332423,1.433465580819525,3.7319839598100852,1,1
4,308,20263908,2.242434493527213,1.6799056182063292,1.8578354155303032,0.9384484117371414,1.8068844466026797,0.30709168441844364,1.46712086607833,4.103036409051422,1,1
4,309,20263908,2.328065594147944,-4.449521851621653,0.8475837664096986,2.028621620331961,-1.2670371262251516,0.4147168982201164,5.083563841501288,4.500633850350186,1,1
4,310,20263908,2.619720084698116,0.9750831862739465,2.017332579497179,0.35830961628423097,0.38963743242479226,-0.6674700966794599,1.6178394132416383,0.6307389625763486,1,1
4,311,20263908,1.2927479727875664,-4.612991291369558,1.7370935866834287,-0.40239882880783284,-0.9036729022084813,-0.34420819107835116,3.6623391406508845,1.0973050852299069,1,1
4,312,20263908,-1.860572250773231,-0.15655104406988704,-1.547849274194789,-1.717169207812276,0.37428603009828365,-1.384201126650308,0.66969064861573,4.278306840208387,1,1
4,313,20263908,2.2122871949527223,-3.8476189615028877,4.453529638907142,-0.30445688141924165,-1.0819780843534905,1.3656451241878467,5.412246085757994,2.466014317331938,1,1
4,314,20263908,-0.7153705734305049,3.5587925491284107,-3.7385496114067394,2.068133059947911,0.9498170002731119,-0.5812800584791952,6.845570365817911,5.41638064895522,1,1
4,315,20263908,-1.6998196425766992,-1.2385751771099989,-0.45839223109653915,-1.0602976080292876,-1.2013682326514232,0.27943401202831913,1.357337943577602,2.5473433590322245,1,1
4,316,20263908,0.26118764048311505,-4.718819255145248,-0.798545683341402,1.2427853293944509,-1.7097816303464717,0.2698501776335371,4.118622759119762,3.213324250339773,1,1
4,317,20263908,2.7681540704979,-3.479580200848659,3.262557751907096,-0.8193643860352608,-1.0298910728306652,-1.0379033763588765,3.498900863909458,2.9680977721648314,1,1
4,318,20263908,2.747935173843331,-2.799317277689527,5.042475012560445,-0.16991904295591098,-0.6536506331020625,1.4792723316581147,5.079170509366808,2.190662431276262,1,1
4,319,20263908,-0.09088655913484445,-2.5586189832551454,-2.5314310455006677,1.6568662202959388,0.11039121600141383,-0.5337231165109334,3.9283695293606566,2.9233915408380273,1,1
4,320,20263908,-2.439582836749878,-2.4051350108766902,-2.9444184699613345,-0.9042423695732964,-0.5225586990636498,-1.2273913895415678,2.3210373730718588,2.642186188803141,1,1
4,321,20263908,1.4432852067656654,-3.4453031475432137,2.133574866457991,-0.29474148488333185,-2.0369451249387067,0.046430889396727466,2.4446590835874114,3.5744843710198753,1,1
4,322,20263908,0.10090566084249986,0.981797556556773,-0.6379254098471279,0.40175068940325787,0.2251640045966912,-0.2914562216584826,0.40364276061267046,0.2810680316041126,1,1
4,323,20263908,3.4984987397771192,0.48629268011084975,4.766344272264391,0.577832891297021,-0.4199586284254271,1.220591777489038,3.3368460731789242,1.6189817748886055,1,1
4,324,20263908,4.380574847180952,3.3213771029525967,3.495867414783575,1.1774632649098464,0.4942041769809963,-0.41044219649784525,5.861857877955258,1.7620070572156883,1,1
4,325,20263908,0.6224709001319013,-0.5183378854213927,0.6772766754247499,0.4284993584161896,0.8661603009584999,0.4510705983201183,0.12081200357045713,1.1644948445551129,1,1
4,326,20263908,-2.2100098490343782,5.1207346489097985,-1.9067688729752064,-1.0317035151393839,1.4411189863894274,-0.6619219300094626,5.098840165543076,2.4334077603941346,1,1
4,327,20263908,2.955254061827617,-1.0696529274813502,3.1601195757089044,0.447444250093497,0.25892986452533423,0.15278417014870557,1.9710029444786872,0.30070602325829604,1,1
4,328,20263908,-1.3108934076846026,5.281073236952956,-1.881437419043479,0.8977542847589746,-0.5440822771725209,0.5631148061634219,5.072312000985519,1.0642932869379893,1,1
4,329,20263908,-1.0215659116150562,-1.2296377572580166,-1.3869589828635611,-0.9655724195810933,0.5438180773694801,-1.327833817762409,0.5338828706523467,2.368942911303556,1,1
4,330,20263908,0.46742371577187214,0.8954109754046681,0.21981458086759176,0.5251804276738596,-0.7929567145801594,0.28685705229235897,0.18936163370927867,0.6718989350922518,1,1
4,331,20263908,-0.5331391982116713,-0.5196394146505258,0.491988151898866,-0.42045987015555397,-0.09740085318731725,0.6225202457412004,0.5460568961804071,0.5414024207036808,1,1
4,332,20263908,-4.673832132734844,0.15249700338925573,-4.117696765881476,-2.0429149837288207,-1.310631074065168,-1.1797124164608457,4.002143830551608,7.664350890365373,1,1
4,333,20263908,1.413944196078461,0.8453824726729904,1.8238794574908894,-0.15023946201125682,-0.7427922828475019,-0.023775865513171967,0.607112138423493,0.5014888857554319,1,1
4,334,20263908,-0.370786674406304,0.7034917542040485,-0.5573450018684554,-0.4505772276354776,-0.5473356974874973,-0.6505059708370186,0.125451142688765,0.9769850946693999,1,1
4,335,20263908,2.0336570391319526,2.4687082398381004,1.7828900899394569,0.31410631775679576,2.2256161759220676,-0.25779622073758945,1.7664356277369624,4.165785267362488,1,1
4,336,20263908,4.138860694429354,-1.9141160096729035,2.781335422396168,1.4585533744914585,-0.018976466697484106,-0.45483471262254527,4.689336413178941,2.219526488501003,1,1
4,337,20263908,2.168497928017132,-1.3506375694347568,0.5545915102760972,0.7817081123434946,0.5879952471258927,-1.082932605875386,2.230476391852131,1.919307376349268,1,1
4,338,20263908,-1.7220464814753598,-0.6311469129434075,-2.3998301747287485,-0.19927913630749572,-1.1846407880421779,-0.6534883753050867,0.9486512252078754,1.84125313978344,1,1
4,339,20263908,-0.1605864284898928,1.4757718473268375,-3.6807163091682753,0.8450556342755533,-0.14688484769146545,-2.5430855552926,6.2936413117213155,6.8675891520064365,1,1
4,340,20263908,5.073858067762217,4.024310094756616,4.24409428640773,0.4272066927244964,0.6980076379643891,-1.4156566316905261,8.007904994955565,2.2533163230515507,0,1
4,341,20263908,2.4502454002712852,-3.0769383693144348,1.1786755068861083,0.4745892110309171,-0.670454088670796,-1.1878193448948466,3.2876694189874094,2.0601238928076286,1,1
4,342,20263908,1.7346726296404142,-1.1082476191420338,1.743620358584721,0.4286864354506008,-0.5526991069427877,0.19183945579783232,0.7859938421253166,0.36275539562595605,1,1
4,343,20263908,-1.5645820359251559,0.21583747487026275,-2.339045756388316,0.7282746365543744,-0.7180030505346152,0.307517081813549,0.8605690556586771,0.8034444739064445,1,1
4,344,20263908,1.8125719182049238,-1.9685599515251937,-0.4116589825812156,2.157397121785152,-0.6813571297636327,-0.01857608364712203,3.3209619362267184,4.387887522767541,1,1
4,345,20263908,2.5377524695544196,-3.8013366269919295,0.8066409834073198,0.08291978172124459,-1.6543432336008932,-2.116978974435666,4.76284115689647,7.29963977383324,1,1
4,346,20263908,2.732085195449912,1.2725343791994965,2.7349087601874515,0.8810256706236146,0.5313854369821602,0.5118277604944976,1.7446567428372195,1.3728497785348186,1,1
4,347,20263908,-0.03148328467526085,-3.2173208470602184,1.2099243953703223,-0.5268901817991605,0.4314503965084506,0.5860802467498516,2.237418009412323,0.7654806409171264,1,1
4,348,20263908,2.485599274630488,2.3070149935031963,3.4950420247658798,-0.7563888620040302,-0.3716471120085184,-0.3825232079580583,2.556620210955468,0.8863992038777119,1,1
4,349,20263908,2.0093472872695486,-4.6465967360434925,2.668196795705981,0.1612173306331215,-0.9346484122282496,0.3799467238562005,4.266921809142454,0.7268322927184844,1,1
4,350,20263908,-0.07728442501283439,0.5789991721985477,1.5448679679788455,-0.5782769343704786,1.6915797170152296,0.9662164502753663,1.2428477708107835,3.786713325833764,1,1
4,351,20263908,-2.454890305873505,-2.649150059845342,-2.4162567105395567,0.3529897576570704,-1.566616163453094,0.794299340186982,2.2770481491484182,2.1959190694753676,1,1
4,352,20263908,0.4410524928760253,2.0657884284649364,1.1718596465371576,-0.304286687421353,1.9076322155548913,0.29389198274627953,0.9412638253554663,3.149367334863522,1,1
4,353,20263908,1.1547630737561576,2.8011296404636203,1.3686142021121412,-1.1213923965318884,1.316101646577336,-1.313312280404995,1.492724179891509,3.278509729971794,1,1
4,354,20263908,1.6871960707972278,-0.08416054778087784,1.2055348033314885,1.693865584029595,-1.2742492009620379,1.2202950086015842,0.6303011867677502,4.33674342019806,1,1
4,355,20263908,-0.42533547505578895,1.408089824743512,-0.7516430737455124,-0.8439446236567676,0.07930566885938006,-1.2419685273868477,0.40834244889100263,2.020800554630561,1,1
4,356,20263908,1.8816644989299505,-2.590993547658028,3.8899520034790243,-0.009303900886351357,-0.2962607562887553,1.5889347322609986,3.5736797318016085,2.3119332267157877,1,1
4,357,20263908,0.5107529568849714,0.4237060907288112,-1.1222020389849519,0.5872490271900119,0.5381688359480611,-1.032949350141639,1.25912333696019,1.5015961776280984,1,1
4,358,20263908,-2.502161549730573,4.518493261677185,-3.6733225449776796,-1.2047692953358933,1.3378023242953865,-2.2916894719653516,5.580615884759227,6.302416594337593,1,1
4,359,20263908,-4.0837996431526165,-1.1093730869424683,-3.728485013061757,-0.9839541037258357,1.2114625044592588,-0.2341618746141939,3.2742893903135175,1.774828161528807,1,1
4,360,20263908,3.862705020750809,-1.7987835574026123,2.3394492697122615,2.074096071206043,-0.9423527593788694,0.176037207842058,4.353014371103715,4.239949111714424,1,1
4,361,20263908,-1.0833958503208407,-1.012511238663681,-1.3192075605929858,-0.513022528441752,-0.08285977940479988,-0.6672055252587509,0.435177428818948,0.6796665179335593,1,1
4,362,20263908,-0.3386951829529323,3.3706358178121563,0.05305019164869407,-1.4217551678508755,-0.2918993542512957,-1.243130377706224,1.8355234072445819,3.5478194668964047,1,1
4,363,20263908,3.6301884058539997,2.0023812715734977,6.2133412883897705,0.4572059316794821,1.295379691597346,2.309136309265023,6.285841845777525,7.585437988437477,1,1
4,364,20263908,1.0151087101523046,-3.312480442124264,0.5763509767614892,0.8316141103545931,-0.33606555122015735,0.31464137885661303,1.9842732195632742,0.7237652294296433,1,1
4,365,20263908,-2.128970837650286,-0.35926650526103426,-0.5988788752444947,-1.1079214932264563,-0.15862955163165432,0.5780395920563323,1.7445623904760614,1.536647436374382,1,1
4,366,20263908,-0.08199088172739266,-1.9546006852795839,-1.364072300253099,0.684459747623265,-0.987903104134006,-0.4865748792485536,1.3983477553690444,1.435357726343474,1,1
4,367,20263908,0.8342434127117428,1.361002980360984,0.4481383750043051,0.2754218864067184,-0.2664406698233752,-0.21447111535038857,0.4765054853444643,0.17287714994983855,1,1
4,368,20263908,1.9892174070674287,3.3128286690846775,3.1057607423934996,0.31654024596957697,0.9031819930435465,1.0603996629002814,3.0340708486632977,2.1459577849422353,1,1
4,369,20263908,-2.102790130810831,0.45683563414973233,-3.384875782086411,-0.7012641244345161,0.40902178616898427,-1.800540737751705,1.9077286622068632,3.272870563610966,1,1
4,370,20263908,1.517906194924791,-0.818677362914711,-0.6992140733735823,0.3637364150571045,0.07140280661671046,-2.0422253894355245,2.6181582988454,4.002335554227503,1,1
4,371,20263908,-3.3880905481530874,-1.280466939525589,-3.8199397121178293,-1.3474595811853192,-0.20915757146457709,-1.5370725693925347,2.688135914744906,4.015959696365744,1,1
4,372,20263908,0.8502812611954482,1.2723325802172052,0.3605410128506179,-0.476194147946984,-0.09798138132099458,-1.1904241144567598,0.4822453609415177,1.558255056768599,1,1
4,373,20263908,-2.325849228516745,-1.5360391668410602,-3.27176675131561,0.14946416365901882,-1.0656203266155333,-0.45518565196896443,2.053973160679773,1.2332326111505207,1,1
4,374,20263908,1.3726052869849923,0.013230008216753065,1.5258484296958557,0.5931245259546643,-0.1330222238001564,0.6019518441573705,0.39388992496436864,0.6264129584461771,1,1
4,375,20263908,-1.126897552173972,1.4167970167085966,-0.9531766114332214,0.09346893911205711,-0.5719301128763563,0.45540679818248314,0.5606461236706688,0.37830541056813666,1,1
4,376,20263908,-0.6901628940372007,-3.1716440346240753,-1.3552611779543753,0.02586291920374606,-1.046123097829955,-0.5655540466576915,1.954571889794314,1.3445341823633672,1,1
4,377,20263908,0.21239807964764168,-0.330515425804615,1.9227717792235524,-1.4376052189251993,0.49022455916924357,-0.008665758133944598,1.3711042375746136,1.9740344434982533,1,1
4,378,20263908,3.047082328920311,-0.04176025644219753,2.443366726812201,-0.3708407461585921,1.2718384885898735,-1.5899316772976408,1.9602858564866503,3.0728170691313323,1,1
4,379,20263908,-2.903464851482198,-1.8846340201248413,-3.430338571213113,-0.38832376415490444,0.6117998018791979,-0.5913177725690036,2.4727696172817053,0.6001527470159901,1,1
4,380,20263908,-2.6235412888611904,0.4630518405507616,-3.0893865085800627,0.524233676736543,-0.8798876032810498,0.5191700300672184,1.56383664489362,0.8824983984761543,1,1
4,381,20263908,-1.1373153492448864,3.4283335630380423,0.4936427949333506,-1.431329695638965,1.057879623068937,0.10849627275648248,3.1018105469212336,2.5258971687792515,1,1
4,382,20263908,-0.028263297314168767,2.459511281978908,-0.408785870275139,-0.39622148240249544,2.6771745680718944,-0.8305828438375341,1.0241092858932017,5.6844929075267405,1,1
4,383,20263908,0.44050295123747674,-4.1038887061522775,0.3868194486142045,0.061205519712530077,-0.4056715754854255,-0.12653279695033193,2.6549817816788495,0.1606014684587006,1,1
4,384,20263908,-2.7749857968891547,2.9264985424794054,-2.9171486423350643,0.12945181022305974,-0.9325199456962281,0.37240387193595637,2.9133177453637744,0.7198543427515047,1,1
4,385,20263908,1.0296797348021016,2.0402041789630028,5.874832720860979,-1.1563699319814589,1.4992065212867156,3.216928943759516,11.178407538554772,14.075967036722439,0,0
4,386,20263908,0.7229855365722244,-4.994116874341286,0.6900928557469683,0.009639108428530108,-0.7298786121494768,-0.24775368343537124,3.964822914576816,0.5382946485599739,1,1
4,387,20263908,-1.4016057497539975,-0.025052783431730077,-0.4855338786861836,-1.6815657638917685,0.315180889049532,-0.8064187088088585,0.6797653447228953,3.1028888558366248,1,1
4,388,20263908,1.9180549340193238,1.0323912091112808,3.3825988057333234,-0.8570282544498298,1.2738212324651483,0.08741059656192375,1.9474562627553584,1.7882469790561393,1,1
4,389,20263908,-0.3457951113862521,0.6670517323651948,-1.1168654005139587,0.3701424347958664,2.699032029562145,-0.25795270636439865,0.3899634016426071,6.121160316737002,1,1
4,390,20263908,1.2444606143287444,-0.18361939337216562,2.4188169111172613,0.17670378773604511,1.4833175082935208,1.157004593729451,0.997321713273426,3.631841285480754,1,1
4,391,20263908,-5.5959669798935465,1.0840232408199442,-4.29079172817066,-2.4557774537829005,-1.8468388936512325,-0.7973348263796528,6.097138251586586,10.606567379623755,1,0
4,392,20263908,-1.6879522826030495,-3.029221663611974,-1.180720043973551,-0.8265336602614752,0.3063329111374475,-0.2281917672517563,2.039112352821977,0.6794186941506123,1,1
4,393,20263908,0.15867415166766818,1.4894076305344564,0.07840161684599423,0.16580608632389726,-0.4114434807858115,0.07819398784774734,0.3528515190790026,0.14225871674892385,1,1
4,394,20263908,-2.3809148681231136,4.8781342710485545,0.5824086851875165,-1.0010452132413548,-0.2819049461740305,2.0907938091249556,8.084794304411686,5.106697557852063,0,1
4,395,20263908,1.9959223762269005,1.6524078444217003,4.902096447304487,-1.5199592539670732,2.212731768729087,0.7042255087913617,5.053942157193932,6.324662446588745,1,1
4,396,20263908,0.08845030979841795,3.0708629603436433,-1.0651527803486118,1.9004447409513716,2.0751374201731365,1.042306286187747,2.1449708288032534,9.333014732504822,1,0
4,397,20263908,-3.197720377624705,-0.2487987795242319,-3.270157231401626,-2.5372330558858778,0.6470404543547869,-2.5317360817152825,1.980419171384417,11.234325320383467,1,0
4,398,20263908,-1.635358496022235,0.15991997381537845,-1.1303794891411343,-0.734059850842101,-1.3407697029941816,-0.08567310239512611,0.5765696788566019,2.2521973919388802,1,1
4,399,20263908,-1.652679317759521,0.5518894965928406,-1.5133088432950643,-1.2200131550711149,0.6323068553247592,-1.0185332678134689,0.5653392605254728,2.2699053723201947,1,1
4,400,20263908,-1.269207799857952,-5.293757638278144,1.0365957626448363,-2.410180347716164,-0.23206828128846146,-0.39740676586823637,6.629318837803263,5.835445609686766,1,1
4,401,20263908,2.3765664846895618,1.0818384639341276,1.4848768081919559,1.863351441595995,0.03469290966615488,0.8661265147977514,1.5718854956062474,3.9032809083159172,1,1
4,402,20263908,0.07398530978136364,-4.813208245505538,1.9390517647179166,-0.9348820586613158,-0.09090174485552625,0.6552860452520901,4.937340357502401,1.2634793022288573,1,1
4,403,20263908,2.00768176031238,-2.7561633031340382,2.4099011727914217,-0.33696144923553106,-2.615801444049506,-0.3686118520757791,2.050496365332879,6.264956074135181,1,1
4,404,20263908,1.831328183447198,-3.519525056572785,4.4550697215762085,-0.5304765038249002,-1.1406054304019044,1.5681851661943753,5.568751474793611,3.3056847244189003,1,1
4,405,20263908,0.5385144902324726,2.2011303960941633,-1.4711200120022454,1.0082396326938863,0.48427776629453834,-0.9445898757023402,2.663881639424298,2.0122408215398835,1,1
4,406,20263908,-3.490322631528926,0.14165928795366592,-3.6253349817965272,-1.588497391032604,0.7310009108039751,-1.4901530627610804,2.371937027583227,4.18640426826682,1,1
4,407,20263908,-2.5121705335747606,1.6361393726493676,-2.6388770489686237,-0.48803021327955776,2.298016304976013,-0.3204216046543957,1.6767409530650719,4.1133110256417975,1,1
4,408,20263908,1.2220202598242338,-3.5589641363681035,3.2615561157515316,0.46233930926328526,-0.9854624479061322,2.2988970290955653,4.05043869134388,5.163332256652676,1,1
4,409,20263908,-2.2349367692393116,-1.3794326598632518,-0.5965170647241536,-1.919371477583411,-0.445537857299545,-0.2421597284283222,2.229419272293057,3.935830808848782,1,1
4,410,20263908,2.4391586122025046,-0.7329061755479889,2.9624340369530415,0.17273456249577634,-2.9627854996605922,0.29173066516982776,1.442496665919164,6.849490083928656,1,1
4,411,20263908,2.353527144065197,-0.32606579270505887,0.9955799283250855,1.5643156586667146,0.27330392760673544,0.05770204513219441,1.7989120407810881,2.4605058040273726,1,1
4,412,20263908,-1.7642914436414117,-0.8431245403423439,-1.3631325531532923,0.2745128815365945,-1.4079723187073891,1.0045763722204204,0.7316320448282747,2.1152669249288514,1,1
4,413,20263908,3.203346044991463,2.8334286969906115,0.6270886458853226,1.4727991184939526,0.3384254913658829,-1.451435204369333,5.987148782120489,4.183804514173395,1,1
4,414,20263908,3.5353220273196087,3.2768967036154644,2.114562784867786,1.2813959164154198,1.1806230048254005,-0.6162353221370743,4.933381178908542,3.2106863751326493,1,1
4,415,20263908,-0.5113656099623256,1.7797787885974194,-2.4937361383723697,1.0902351781359414,-0.6185495648747675,-0.6570554607483999,2.5106965701460675,1.814577480142121,1,1
4,416,20263908,0.4359853508822482,2.445034740834276,-1.5994808331080606,0.7714042911046874,1.4021790662648836,-1.2275692578140756,2.899134730170763,3.365403483224677,1,1
4,417,20263908,-3.4727245283325487,1.1109263062629198,-1.9687234087419796,-1.5104846720306568,-0.5654141630446093,0.260135825077048,3.103612272541205,2.6712499664394276,1,1
4,418,20263908,0.07650517297579995,1.2593600943286452,0.8314936153747823,-1.1036664171826658,1.0891014247677655,-0.5436376747982755,0.5047818302245711,1.8995680054812913,1,1
4,419,20263908,-2.656232401476018,-3.9532064106408087,-3.738066877397813,1.0182993166507117,-0.20658057053754586,0.40131943471804904,4.819929153121544,1.0654963164464009,1,1
4,420,20263908,-0.4027938614110269,-3.3876668689879246,-0.5557249094249244,0.22264910641646907,-2.5916288260774194,0.15246696883850094,1.8547238590000583,5.252419403320167,1,1
4,421,20263908,2.790185186872094,-2.3011129426814083,4.079199465347031,-0.6165857612667196,-0.34357413701379236,-0.01712377533578063,3.175914932310768,0.5086481710598202,1,1
4,422,20263908,-0.3842317600111187,0.9742633411922063,-2.2853399222635318,0.850374004442358,-0.7217610328142838,-0.8630106656432305,1.938130628251131,1.8557242442108972,1,1
4,423,20263908,-0.11361870889587067,-0.4189483311448344,-0.3702472515535362,0.7872479020336982,-0.2961482061816128,0.6843064716717715,0.06246543727754828,0.9531599886091457,1,1
4,424,20263908,-0.4138803064650176,-1.890134873812553,-0.4047217696122658,-0.5935537728605311,0.5901546134849349,-0.6260702106965192,0.5921435958301079,0.7726667669624467,1,1
4,425,20263908,3.1351058687424427,-0.8742415976668062,3.189361605961281,0.2848648414452555,0.5181579962066,-0.22078171432632207,2.105891414670763,0.34519924555811343,1,1
4,426,20263908,-0.6978968534852754,-2.20647928787213,-0.8767033443561587,0.1930297735101476,0.6642733540471024,0.1392673398835857,0.8885304621880002,0.46706218613255274,1,1
4,427,20263908,2.5789848791241923,2.720536245539883,3.563797326333713,0.5236787682179909,0.48740311960797483,1.0612961876977614,2.934178146044581,1.6957576462088415,1,1
4,428,20263908,-1.8354489849928086,1.5407739393519517,-1.732513683395311,-0.7267822474133254,1.3646034057286354,-0.46464526545446605,1.0153455546602932,1.7723554878023897,1,1
4,429,20263908,-4.783048821941037,-1.705752097544275,-3.1176178071251996,-2.2761878971711553,-0.02105791795784867,-0.31887721102987443,5.317105057635304,4.995690391225134,1,1
4,430,20263908,-2.1926750125818444,0.4620444381846778,-1.3615996323992618,-0.7534750544963629,0.3738422012488265,0.2921227197106095,1.1372208888289574,0.7007840623075693,1,1
4,431,20263908,1.7427265159205945,-2.419207403166167,3.1032534115624344,-0.9549650233432772,-0.8826737569315746,-0.1141193792899063,2.3723401581499575,1.7420212278975018,1,1
4,432,20263908,6.005617077704528,-0.17502092078176507,6.5305934286593725,0.46250413087966535,0.3523450610617404,-0.2627853798177152,7.71368837219361,0.3850068481150007,1,1
4,433,20263908,0.53991300639305,-2.65441548724913,0.09597485474520795,0.4272262671925091,0.024938693501195576,-0.06532252129813858,1.2423092852538686,0.17967917476573875,1,1
4,434,20263908,-1.93192207861361,-4.806512757443079,-1.1022141675337167,-1.3024789815207498,-0.07779421947947314,-0.47669669797892367,4.501946913328191,1.831079875480774,1,1
4,435,20263908,1.2635250467427,-3.305609702473371,-1.0124427370395068,1.1839440527027705,-1.1220745264776972,-1.1451886028826535,4.3434310242323235,3.6550911536877084,1,1
4,436,20263908,3.914352048705723,-3.7736887563726964,3.0473624426357446,1.8053690234771977,-1.493393105554309,0.4487212169722071,5.546037200908708,4.160627808875225,1,1
4,437,20263908,2.320686074592288,-3.3131742294235558,1.886842963310528,-0.33727831717681056,0.5454796148540165,-1.2884962194959202,2.8128294529416302,1.6288987964119657,1,1
4,438,20263908,2.0418852799448075,0.8428212258339461,2.0239413994154916,0.8825072601704846,0.04189864542294259,0.6388858805253415,0.9376734188259517,1.1063402223482224,1,1
4,439,20263908,3.4808548329882285,4.349593286665511,2.7715697396381103,1.8839543497095121,-0.3995084993586833,0.7650917770627002,5.516927060179607,3.665342909795737,1,1
4,440,20263908,-1.1908426025873666,1.7505174673308883,-2.379317980593811,0.46871206173091196,-0.2934394309901939,-0.4831885424934771,1.5600463919261982,0.5116383724281329,1,1
4,441,20263908,-0.39665913138284736,1.8962851336692415,1.7644800595027164,-0.8705558234440218,0.37126158234291606,1.1926484928816263,2.629251962368439,2.2545681301398366,1,1
4,442,20263908,6.577935743759724,0.08299538963800117,5.2434592586023285,0.4840338027101154,-0.7995951527003126,-2.138276307423983,9.724481029848565,5.404415101167409,0,1
4,443,20263908,-2.553874638626297,-0.36878072251508437,-0.07407670760895257,-1.0605320269366985,-0.46891507626250034,1.657439738475352,3.6832384978368764,3.790824188107041,1,1
4,444,20263908,0.7585518421623192,-4.11539212064553,0.32788900586564296,1.7631098367898517,-1.6329026322232614,1.4593960809773667,2.8393450077585736,5.571972691936457,1,1
4,445,20263908,-0.3397123393780248,2.535800150385705,1.2563036559238014,-1.065455516947992,0.4282325875551925,0.38185468959671953,2.1002464381615256,1.3094097778170442,1,1
4,446,20263908,-0.4916021990955812,-1.921020449780447,0.15929133798614714,-1.3143997925166957,-0.5677228414394908,-0.8058806898639189,0.7857746146699782,2.7717414247508065,1,1
4,447,20263908,1.7863197388453216,-1.775305314307151,1.2848631136139943,1.0118482379784552,-0.4090816606058886,0.35349115713330337,1.193807037369941,1.0556393091992826,1,1
4,448,20263908,0.6866370101455743,3.545919305277509,1.5093082517717136,0.48000656107106465,0.7723242726351596,1.2139790382765236,2.3107777605817788,2.423150505853205,1,1
4,449,20263908,0.4754894198888735,0.7362082366094321,0.2987853474632942,-0.964728511145438,-0.6482951216607363,-1.3715737758115403,0.13814240890369173,3.3131527662882325,1,1
4,450,20263908,1.413453355631333,-0.27678469148266005,1.9911652124728363,0.363790607557803,0.17755627124064308,0.744386821019559,0.5957651800464426,0.7116114558144304,1,1
4,451,20263908,-3.1224995047743676,-1.8775442332145327,-5.380360018358871,0.22911476083788784,0.06399682230254565,-1.6347041201991481,5.702419800471891,2.5289548341695984,1,1
4,452,20263908,-3.6732775431426035,0.9249651613004845,-5.121540357343761,-1.0688815232202842,-1.3659602524501955,-2.2191026975587977,4.29588279464492,8.238739222619643,1,0
4,453,20263908,0.09229921899770943,-1.43056201986548,0.5012266924876911,0.38010251560876895,-0.037672986025187004,0.8308723517136385,0.3937748876192066,0.7583440560702884,1,1
4,454,20263908,5.752487423186068,2.091442522896293,4.005373384296661,1.9239735322755962,1.4845405652193038,-0.657770291243556,8.655385018945305,6.1024187259733775,0,1
4,455,20263908,-0.5842845179409721,2.601906613000916,-1.933381324013709,0.052413840898708486,0.9243560743364755,-1.2259381274921415,2.0960360686041257,1.786202142324778,1,1
4,456,20263908,0.7036829593375273,2.882413529356705,0.6198327983951231,-0.20742470500309196,0.7940151024366036,-0.4776509286846626,1.3847364330941065,0.6112407561984509,1,1
4,457,20263908,0.7680122807923624,-3.068993287258056,-0.5696508259243274,1.7988881045192784,-0.6248986143802029,0.6066268328993502,2.4044946188088137,3.2616265509949454,1,1
4,458,20263908,0.8527986246427304,3.7871323183597867,2.613320266113064,0.2256161398004224,1.268912609900562,1.810946840089526,3.6690526452758023,5.1787317263749255,1,1
4,459,20263908,-3.0055387206309376,2.020363657032041,-0.3632154523953801,-1.5077728287324703,1.1785984087703085,1.3518570912851222,4.993839361742551,5.109603696134203,1,1
4,460,20263908,-0.2056065369950204,-4.236048949062204,0.06889822769885257,-0.8232407875314038,-3.4245065561078456,-0.6730634718840063,2.8144565322663935,11.909530924486265,1,0
4,461,20263908,-0.8185654920821719,-0.2036748413974772,-1.5767895771077463,-0.9095708554995383,1.004178846402187,-1.676920942388179,0.4513526676642522,3.4405967906313135,1,1
4,462,20263908,-0.4472456869774817,3.7852938306607453,0.5071915704848067,-0.7455845869570794,0.7332027125759927,0.10212097484780329,2.5945120777776056,0.8620252315027747,1,1
4,463,20263908,0.16861314060790278,-0.6557762501706553,0.3200037349987497,-0.13923331302268593,-0.5584792306683052,-0.04010035230652605,0.08401646050718703,0.29787441030759937,1,1
4,464,20263908,-3.9909127977382184,-0.2949516365675375,-5.552683330266319,0.7178528111300579,-1.7941088317520484,-0.23852180515791613,4.912269459151792,2.9486548173641793,1,1
4,465,20263908,-3.496260829020571,4.7183417313813765,-3.13896663106172,-1.087374330911132,1.2034910135324675,-0.5013377922796015,5.881104452930104,2.010790222882304,1,1
4,466,20263908,-4.30338582695299,-1.4009774378599986,-4.075931893943036,-0.18623968066987118,-0.7760867684892769,0.5768816396737908,3.7500575233987363,0.7459549736196889,1,1
4,467,20263908,-0.12844160526356063,-2.701874466793085,-1.5373005897977379,2.064618488528396,-0.8674625158990027,1.0060501931624537,2.1418932976907046,4.769129232245977,1,1
4,468,20263908,-1.3858456696661676,2.666918371408881,0.13843065462482684,-1.3850886626072736,-0.49375097582681265,0.11065616624750227,2.3688927455551334,2.187000051656976,1,1
4,469,20263908,0.6410233651962187,-0.19393625449236637,2.7540544457371254,-0.5064856608645982,2.7348509047399903,1.4224863744597913,2.1573917640647906,9.095209513385898,1,0
4,470,20263908,-3.0052699730634913,1.3822949556305246,-4.246242344767538,-1.0643860545076222,1.6727207377445974,-2.0683936129490674,3.1561507606562533,5.790150558736967,1,1
4,471,20263908,-0.11188518438206074,1.421354888645711,-0.47825289010469874,0.3618188667505535,1.7573437361896422,0.07841763279968855,0.38663091229157875,2.81901540076406,1,1
4,472,20263908,-1.9126332143369495,-2.4879121307706993,-2.7781983885576977,0.5494174699887822,0.021757378106613618,0.022263001129772957,2.2231453085173865,0.2872561357297625,1,1
4,473,20263908,-0.6320223470734732,-2.844344705544059,-1.2453747498234975,-0.24888501058910606,-1.2587302152826136,-0.8304838578193791,1.5817135683658226,2.343711777888137,1,1
4,474,20263908,2.9685055153736357,0.6590603676460765,0.1683164454556163,2.1982869950592203,-1.8179931843048946,-0.732772909059171,4.962184371509028,7.173626028057457,1,1
4,475,20263908,-2.1534577219447044,-0.025620914402660497,-1.644850951778679,-1.2778527610767298,1.699285558415059,-0.6334027082448054,0.923887379457202,3.3888431747577066,1,1
4,476,20263908,1.1396067729523907,-0.2299407248190065,3.7605002409348742,-0.7792424795824502,0.36485401127351885,1.4693694262603036,3.4401356144508863,2.8440060095561686,1,1
4,477,20263908,3.54194549511962,-1.5260561504058396,3.2720216952265417,0.8695544077481543,0.5896518613104258,0.05225780584444721,2.897051804634131,1.123747830212986,1,1
4,478,20263908,-4.022894919109717,-2.4742172935990983,-2.289001364546806,-1.2018106695331028,0.590323614308357,0.898326206937135,4.812737814646566,2.427572369009688,1,1
4,479,20263908,-1.4708325580307928,2.389219900286883,-1.2507750853442303,0.46968133343219165,0.16431378777466876,0.978864651431193,1.3149344295852705,1.1739438760299505,1,1
4,480,20263908,0.039756086118529765,1.1879296416071732,-0.770823773238746,-0.24891124899832562,0.10687235770932914,-1.1105202927469078,0.5288016778084864,1.1627950434917838,1,1
4,481,20263908,0.41871846651747546,2.5324889783150017,2.1233321100707485,0.19074005241390068,-0.4682922840835034,1.8260778764749708,2.31322186443089,3.0686695870929754,1,1
4,482,20263908,3.0190918996178198,-3.819674062940423,4.612994308071535,0.49137305057431035,0.05616094615300723,1.4867841604837506,5.1659471027737105,2.3090435817442,1,1
4,483,20263908,-0.530499869387171,0.6860934773859542,-2.794198025042107,-0.20415103835290438,-0.6955455252185456,-2.422481898405701,2.642839448918104,6.33687901736661,1,1
4,484,20263908,0.9113662084373004,-2.9943020064375956,1.6827377559144452,0.43531844018923493,-0.2700883108014489,1.0806913534583282,1.8090403382642988,1.200824201951667,1,1
4,485,20263908,-1.8221068135095493,-4.8451214844047135,-1.5593400929033692,-0.3083448343092243,-1.1259228157932335,0.09065045317886622,4.351985463387266,1.184489517189153,1,1
4,486,20263908,0.7040031384473764,4.241160369287927,1.7562250405751172,-0.8171734554302361,1.2840822646970698,-0.09865176755758225,3.3046007190224564,1.6828066467958371,1,1
4,487,20263908,1.3907298468159865,-4.822588970333989,1.7616208899922299,-0.7131011568012298,-0.29781772127486084,-0.8055516023014302,3.990676206914057,1.251266003896216,1,1
4,488,20263908,-2.6198901961706724,-0.8103192093097717,-2.8532297178760047,-0.6322166640457567,0.6500404305368042,-0.594635339097661,1.4987640002636413,0.8220025109719694,1,1
4,489,20263908,-0.12610494277956263,-0.40481829733069974,-1.962646463449758,1.1242285883124623,0.44569273968114315,-0.5135300945192344,1.6228767690282668,1.677530225322314,1,1
4,490,20263908,2.794076559914231,-1.355558464354473,2.660930204595445,0.8196851180377109,-0.13279307939423432,0.29101107071629995,1.8417557153572937,0.6764185017228255,1,1
4,491,20263908,-5.185117091640592,1.5019573329641371,-3.6106785113140774,-1.9877674216463674,2.574482351436317,-0.012100687107430756,5.76879539920821,7.887541011939544,1,0
4,492,20263908,0.41296114765034986,5.4623774437954475,1.1418206637117692,-0.49700426127233754,1.5366903122662654,-0.03939620838832276,4.7954984425599205,1.947386302779641,1,1
4,493,20263908,-2.6401426849503764,0.04256044662686256,-4.902768075572993,0.5653645686470554,-0.09708533801260347,-1.2839753773901441,4.404084361621578,1.900476455192332,1,1
4,494,20263908,-0.48813909901744523,2.249735216246349,-2.718305181182629,1.0087369499709098,-0.08325915589752456,-1.0162476609429587,3.334131623420486,1.9797166063912004,1,1
4,495,20263908,0.5486275649949448,-5.281471192714184,0.47462977822013386,1.5030364934625027,0.6015233944447408,1.4898577494839464,4.396104692266864,4.872302211176983,1,1
4,496,20263908,5.838919746829106,4.339532000856861,4.165944438954497,2.6953346433074046,0.2302323625195448,0.2363212955023078,11.06755253466593,7.015094086950033,0,1
4,497,20263908,1.5171112562578628,-5.520972457853147,1.766470568377116,-0.3339582523699107,-0.809819572400746,-0.5383029860257351,5.136243159819471,1.0884320074577682,1,1
4,498,20263908,1.088198899529715,-6.559148517885744,-0.2540421821575194,0.10931291156930456,-0.40358580261667504,-1.5695448694889154,7.954330562138759,2.605974223381413,0,1
4,499,20263908,1.9599994116598793,-1.5911171764347605,0.05549507629551442,1.3578837945134978,-2.357906262918444,-0.6409811582635353,2.623002427724243,6.268637042796868,1,1
5,0,20263909,-3.65713401442045,3.389090287703033,-3.9053156441343333,-1.8220669784787162,-0.8739868685699251,-0.23034135668070188,6.187123035269167,4.4991270928788225,1,1
5,1,20263909,-1.5347819420470898,-0.36165585545627077,1.9746412971725391,-2.313426034847595,-0.8590986595009263,0.31221404100203537,4.890479038363275,6.289377090287415,1,1
5,2,20263909,-0.6443024482857425,-0.7000520869597285,-1.0963172319201675,-0.1642060218840129,-0.09374220585240492,-0.08587140882527727,0.23290154806230098,0.05045596413125257,1,1
5,3,20263909,-0.4274394779720865,1.5712301271957005,0.4222695581424887,-0.46451684200440013,0.6889741384887029,0.3296334567910557,0.6009245148866954,0.7796243018136728,1,1
5,4,20263909,0.5465358421707549,-2.3170510164246454,1.9304932248081457,-0.42275781114361166,1.2895246259156812,-0.1874500728747638,1.1184802162500374,1.5505749513774874,1,1
5,5,20263909,1.0624034287296809,4.20026887046416,0.2701041608143129,0.15220077927048692,-0.08424093347397227,-1.7760566577905825,3.008682298215648,3.45021953446183,1,1
5,6,20263909,-1.5152030429325691,-2.51815135624017,0.1228267284025577,-0.8878980118294066,-0.7462764348952772,1.425921391574213,2.675946767834663,3.0819932211357273,1,1
5,7,20263909,0.3385150454423069,1.4633372018929867,-0.5066671828692222,-0.008272090340170735,0.776940759135965,-1.2488092135482507,0.5421986534628075,1.8617207574587487,1,1
5,8,20263909,1.3767179518609396,4.266541730675077,-0.2813255990069905,1.1241044973385215,-0.8693170509006388,-0.9354575216200084,4.224722430655253,2.8879134461123184,1,1
5,9,20263909,2.3120880291892547,2.5080923166647,4.117707658279571,0.2232059115662537,0.5339349095828654,-0.5251164791511378,3.196720810415052,0.5073541840676157,1,1
5,10,20263909,0.09298908405162365,2.796766680136661,0.6300254684111195,0.1162053097600051,-0.9439462046010286,0.6334086646334819,1.0072502583104612,1.0257251299916619,1,1
5,11,20263909,0.4485518232040704,-1.4764487554196644,-0.11103761855459027,0.7044835130987792,1.1221046295970285,0.4319405121345125,0.4716157334662401,2.2059333583709178,1,1
5,12,20263909,-1.12371789701956,0.6633422098999581,0.333985602729868,-1.4312176174575484,0.175581910198291,-0.3195670681091483,1.344322125127949,2.1650351460987425,1,1
5,13,20263909,0.24866237329391083,-0.706028586184547,1.5112386257243458,-0.30316456502376354,-0.431462812301527,0.3175730983693902,0.43613852105738793,0.33056519553314134,1,1
5,14,20263909,-0.9703823437422727,1.7939075783461096,0.36067427573628663,-0.46984523655683574,-1.110692131061781,1.4230850786027478,1.3889869096767624,2.9829720298519615,1,1
5,15,20263909,-1.9165863630167337,-0.19870177686775062,-5.070330807256539,-0.36835294071306635,0.5950332037827948,-1.9353375357068847,3.2378550368931283,4.096321954834085,1,1
5,16,20263909,2.280170342710477,1.5783592109779891,2.763080075655836,0.5171686677004459,2.5859004596793795,-1.0464934319120456,2.38900684436092,6.620722086652615,1,1
5,17,20263909,-1.6045395050546745,-0.8649570433568565,0.5661588917657099,-1.6947024762307024,-0.7940856536719572,0.37380507942814756,2.8396240852383055,3.641565367610409,1,1
5,18,20263909,2.3186386385928586,4.458244072241446,4.3635106311528915,1.1433890447106592,0.21973950256256297,1.5868550593630875,5.001429499744182,4.504472366262799,1,1
5,19,20263909,-0.07268196590197817,-3.963454024635677,2.3277329597585634,-0.18738978205573176,-0.22339966108885742,1.9685402109839225,3.2240735390154973,4.1648051118339255,1,1
5,20,20263909,2.0095542079791073,1.4448940339009202,3.270390472369172,0.4518703468919796,1.0438406972842846,-0.15602504119052701,1.960179350495212,1.2316287913378694,1,1
5,21,20263909,-1.7620327389649333,0.5701928750831002,-1.2004748507423386,-1.9480223365480924,0.8811003887321234,-1.5825553331061366,1.4785912060722652,6.736726495577845,1,1
5,22,20263909,-0.2622068623460905,-0.7145546606752471,-3.071320069897851,0.5465767698118214,-0.9812588308875418,-1.3913473770141898,2.080867414785778,3.583493689111993,1,1
5,23,20263909,-1.3678422952835092,-1.9942885305742206,-1.2528330591616879,-0.7685247763131713,1.810761557379872,0.0020561328926666914,1.225690749302594,3.3379957008369905,1,1
5,24,20263909,-1.9136996476000832,0.812589367295189,-3.5064359085797463,-0.4494947111294323,-1.1961957221056698,-0.48115310440560666,1.7123341729125512,2.10708282902098,1,1
5,25,20263909,-1.2050967593945643,1.8390556271858902,-0.3313368794250948,-1.2057788294041814,2.1945519718593145,-0.32325669326217626,1.3172806089862177,5.258367279431307,1,1
5,26,20263909,1.1217813536833603,-1.464942843419036,4.076571179417741,0.3082625237504715,-2.3508908870155523,2.2797036484911293,2.3837393279802814,8.820181263487747,1,0
5,27,20263909,1.2386439536047646,5.144025776282288,1.9557084957146031,-0.3998452174935494,1.2183960825545923,-1.7211567717902017,3.8886641863766807,3.8883752961927787,1,1
5,28,20263909,0.8721085866494036,-3.7337502079938463,3.6810185272973968,-0.8798903319923568,0.07438760573921967,-0.2393423338276712,3.4532875453568073,0.843424648838993,1,1
5,29,20263909,1.2539677862667702,-0.34461830143971994,0.8882052467958914,1.8578862231600795,1.8464293023186755,2.2391970415418245,0.759683519350145,14.74603835408151,1,0
5,30,20263909,0.6736513020020141,1.4880845910190463,1.4040462215445757,-0.07557590090678445,1.1733994469164344,-0.21570794948848301,0.512389973645796,1.1985188718420856,1,1
5,31,20263909,-0.10052751822209416,1.3725395921855312,0.44575629912759496,-0.7859583415508098,0.1485796914317416,-1.019255849433298,0.3128156085430177,1.7812358183811878,1,1
5,32,20263909,-1.1552282943024181,2.4964958979389578,-0.5994110065443863,-0.8164814731125887,1.2158029304576523,0.08475336263852071,1.426706390761687,1.8749355497179963,1,1
5,33,20263909,2.650922110662407,-0.7022568316606144,7.057765677937681,-0.6453780407819636,-0.05874338653811294,-0.35292894158010724,5.8721553318120066,0.5957424945598152,1,1
5,34,20263909,-3.1722764367346485,2.2584415433488325,-7.690284153527131,-0.3831560136829353,0.7643246813773755,-2.1984287598815495,8.13485243655229,5.277719041637527,0,1
5,35,20263909,1.6826152621673316,5.002302853443066,3.4990367566726945,0.8107579643418319,0.5225543505153301,1.3908573737280148,4.547400955686009,3.5243936444639887,1,1
5,36,20263909,-1.911063874233406,-1.3171122364192327,-2.3569775792732344,-0.10345365700192133,0.41130958127913914,1.4413573639713808,1.5383168847778346,2.6687718891007726,1,1
5,37,20263909,0.416791327924642,-0.1256372328819647,-0.7880463218066467,0.3984898398869916,0.9075469476229688,-0.8214450376075632,0.5200261129569437,1.3745199645784574,1,1
5,38,20263909,1.3136205501693041,3.301777985991238,4.875931002957273,-0.1555713928797786,0.047556856850610306,1.5144410740433139,4.287092525628109,2.558152943417345,1,1
5,39,20263909,-2.086911105660647,1.063041699009176,-1.2733988609719376,-1.3633738126851256,0.433444777241089,0.23678710418534316,2.2473908883563154,1.968585897935293,1,1
5,40,20263909,1.2330126800164862,0.21178360346416905,2.1998083767483507,-0.05260765112541321,-0.35812358763457136,-0.5824076597026442,0.6854186523986756,0.5757710318076403,1,1
5,41,20263909,1.220760950675242,5.0286080593110185,3.974546086217927,-0.18292193112540645,1.216628562713287,0.7096425411958373,4.873037716197512,2.227313773322293,1,1
5,42,20263909,-0.08137737614262619,-0.14758514928231248,-0.23689367406804251,0.30315336405899984,0.27505069368957413,0.5862833887665931,0.009611558611255731,0.6362505782614403,1,1
5,43,20263909,1.359873188963718,0.45383790655401035,1.1079191755573135,1.0482741448885804,0.7199420455384468,0.4333231263028525,0.8509588896533671,2.0691259919441896,1,1
5,44,20263909,0.8257662296157093,-2.657781118072161,4.746098410628534,-0.5597139535115332,0.9030523522874517,1.613481009448655,4.263450967504417,4.32043607206383,1,1
5,45,20263909,-2.4381578515630338,1.4119475953239078,-4.015133006054356,-0.434803587950654,-0.6220533403001917,0.102203044605089,2.600559887907175,0.5725600315907858,1,1
5,46,20263909,0.7797511673896054,-8.794811119996822,-2.0075658981727713,0.980447806526854,-2.0500259061670767,-2.0631889982298675,13.18469201369677,10.263334434357207,0,0
5,47,20263909,-0.3102184896907261,0.20025384026327478,0.15619416198659053,-0.46263277573049777,0.46705282190213415,-0.16696093321246686,0.12067573474535705,0.38164199139551136,1,1
5,48,20263909,0.50108056693972,-0.059034747025844304,0.9008846570955598,0.03475556256844925,-0.32257171934753615,-0.10028116267659505,0.11247537092157509,0.11708076788218377,1,1
5,49,20263909,-0.25770113736666644,0.118175886797392,-2.233804246679739,0.9294013717959615,0.5559702192421764,0.2731956231851293,0.979012130017892,1.3962912184706242,1,1
5,50,20263909,-1.2929876974389174,1.3005271688395335,-2.9971029301482304,-0.4779614540979651,0.9744940240443623,-1.3211947971842983,1.305863998902116,2.4738413894475517,1,1
5,51,20263909,-0.8230598217550096,-3.185384340715653,1.2472103407408923,-1.4512736667093122,-0.09002609637319918,-0.16124200684136233,2.7418987618568824,2.1884529571374505,1,1
5,52,20263909,0.06021091431077252,1.6290031310787871,0.6207824433270019,-0.3652323925153951,0.5338770127022113,-0.30370950630446364,0.39357340698881704,0.4079635000327533,1,1
5,53,20263909,0.8834235075583194,3.3223483484214413,3.8750526258885145,-0.1789271416688223,-0.07871104550391138,1.44396299686625,3.3476060483220103,2.265632066498161,1,1
5,54,20263909,0.7968280994105896,-5.436164301078907,2.2277673937063014,-0.1823765846244214,-0.5734372115909592,-0.09306264236031934,4.116895992514803,0.38459113595021055,1,1
5,55,20263909,-2.930579167726364,3.420029848716964,-2.1331269897659695,-1.2100516661353709,-1.5861051574584524,1.4115806909611486,5.095884570711761,5.237677493292593,1,1
5,56,20263909,-1.0900851676596233,-1.2566148312982564,-0.06762141379780928,-0.7135501453007294,-1.2147301347316704,0.7339967720267722,1.0888660058854667,2.2001181575512887,1,1
5,57,20263909,-0.3339516867146699,3.24887238992105,0.2581993685178645,-0.4048230045742116,-0.554996942518502,0.03860666658905599,1.414601399287667,0.4769397846703552,1,1
5,58,20263909,-1.0482684026535196,1.9525869857692686,-0.3078206640889789,-0.6025246145980816,-0.997813665440169,0.6213562315795121,1.1340752456601253,1.5202538511418615,1,1
5,59,20263909,-2.377614114129045,0.1546609493112428,-0.25574730816845204,-2.0243177492742177,0.14744128976202217,0.4887254109708361,4.148460491177438,4.195053243254778,1,1
5,60,20263909,-0.6779700275134246,-5.789582426174632,-1.061010090888189,0.18905234979473562,-0.5127782638655976,0.5586780554167357,4.272461992514302,0.5018604220451588,1,1
5,61,20263909,-1.270956170698554,5.123517813740738,-3.154696360775617,-0.39832304815149655,1.5620589782919543,-1.512619955739591,4.547680266683885,3.8904086909045787,1,1
5,62,20263909,0.5544971392649529,-0.2690324904792163,2.6021501169925756,-0.505983077494335,-2.3656942937188563,0.33186996873678676,0.9995414563854979,5.408803263756268,1,1
5,63,20263909,-1.7172305044759923,0.6580356427153917,-0.9756584996628135,-1.4321489772491134,0.6171729793186256,-0.37920479640641863,1.5367110724497914,2.358100553839568,1,1
5,64,20263909,-2.561338682977407,1.809804257727229,-1.0032965812056602,-1.3367823177591447,-0.25698485093435924,1.565499162541533,4.1359378648023375,4.176183472613566,1,1
5,65,20263909,1.3540347016085832,2.728718637859733,-2.1242062515225797,2.0075224279553083,0.12825708281328577,-0.7908950486817746,5.610472602305455,4.500844704209578,1,1
5,66,20263909,-1.4757380932752824,-1.6056937110874845,-1.0426527587849392,-1.038383339610533,0.42674574787848796,-0.14005065749142004,1.2956997844590414,1.171714078551194,1,1
5,67,20263909,-0.4348125280665158,-1.2807187903032493,-0.40304964766561113,-0.021313418960005492,0.006781524314097316,0.4672623082908334,0.2748284770371656,0.23976264432476244,1,1
5,68,20263909,1.1447635227832507,-6.422323760684173,0.7419523177016174,0.9363862136614785,0.7888186812062391,0.020030209654232297,5.910010090038012,1.5709718297809296,1,1
5,69,20263909,0.28973556454687355,-1.8211975835662344,-0.2260074671936394,0.2811109853956282,-0.8546685577731177,-0.2615658745250002,0.5377569426656832,0.8504268542455033,1,1
5,70,20263909,-0.08568127266246961,1.8029890195865983,4.106131942111219,-1.2488678451952353,0.782073941430304,1.5204308494578553,4.680996414766799,4.723539899720784,1,1
5,71,20263909,3.194753948588385,-1.3275819680535639,2.3958361794258565,2.016471361185552,-0.3260255180963254,-0.2077890312349871,5.074437725156381,4.0178074989833625,1,1
5,72,20263909,-0.5908698823590157,-7.045775763618873,0.5642264617178938,-0.6972423036503983,-0.6930526129527134,0.008339142940950652,6.354768855427086,1.0089101816345933,1,1
5,73,20263909,1.475720207800947,2.393313692477941,1.054914935489009,0.4028277857289879,-0.2137494216326935,-1.2817067914365594,1.7632303990071119,2.0049062988454085,1,1
5,74,20263909,-2.244158683641217,-2.33402611821923,-0.49305217139894353,-1.1800385855869706,-0.2294685108078516,1.735266045557246,3.9487802242661343,4.391608250720319,1,1
5,75,20263909,-1.4320117004073438,-2.225467396609718,-1.3119356673018956,-0.1296408418622832,-0.4251581936899057,1.4231115015714226,1.4112367418363383,2.1678821061967084,1,1
5,76,20263909,0.13898390748286715,-1.8514714324792159,0.6817995949910198,-0.31616763970302486,-0.06466740604368147,-0.3139199402055355,0.482322038690276,0.23422819381221677,1,1
5,77,20263909,-1.169345544951483,-0.6140714104292885,-2.3157121683904904,-0.48426606375068104,0.6136159687335713,-0.8922082143574078,0.7257639557732154,1.2267695310223958,1,1
5,78,20263909,-1.9230801533774695,4.525973736329141,0.5817401778306106,-2.0937596832349072,-1.1149001640097445,0.09171814614683797,5.978747639500492,5.897306141897724,1,1
5,79,20263909,1.08357908428286,-0.005625645995607908,1.1860928237260993,0.6978058869165977,-0.19345483954862902,0.35021656263143625,0.46609880940049414,0.6282156128306048,1,1
5,80,20263909,-1.4891299865908536,-2.2247499404328845,0.3822709022518893,-1.4329035411931272,-0.8623269366467532,0.473607051252812,2.743724593367397,2.9530707541093566,1,1
5,81,20263909,1.5226426889111622,1.431900003976431,-1.3047414393012673,1.8145904696796151,0.5066375333267942,-0.6955060353467065,3.9065009912808493,3.8928808956998915,1,1
5,82,20263909,4.039126329235444,0.8683465917538271,2.9201554435875607,2.251698299837784,0.04444203788569486,-1.022874037152869,8.03578365363929,5.883565676011475,0,1
5,83,20263909,-1.3540348209558601,1.2909554639784688,-0.7334368030705178,-0.8375518720243065,0.7715839478603979,0.3509408024938242,1.138999806885609,1.3285497305763567,1,1
5,84,20263909,1.559373315180153,-1.4334764662998618,3.4625216248768567,0.19873026051209308,-0.9811535944906814,0.4580583808278157,1.6978942797796783,0.9501484063718288,1,1
5,85,20263909,-0.17045179385559095,3.1866416385761687,-0.000637762210047299,-0.2498429646635998,-0.06453538182922214,-0.23707829660858082,1.2489951310493195,0.14315790979112206,1,1
5,86,20263909,0.7969591909408962,2.9634520218294047,0.8814625396745583,0.19986556577561032,0.7967652833868238,-0.45442312953609226,1.3385327180568307,0.7188484530439738,1,1
5,87,20263909,-1.4321955205280403,-0.3480738980650167,-2.235508534292279,-0.14875158303209446,-0.18712098437080585,0.4564763215179034,0.8089720851728783,0.2457068538382348,1,1
5,88,20263909,-0.20834336049935587,-1.2993240548266323,-4.892064040647099,1.753228996245923,1.385067307739875,-0.8404797364914391,6.056946943494225,5.3410123200320605,1,1
5,89,20263909,1.1297053946598226,-2.0212301538943183,-0.7428508070409094,1.3888027299684893,0.058752811392785834,-0.21633881780358807,2.2681529104255334,1.9344278392723453,1,1
5,90,20263909,-1.1704471489048274,-5.367045929327919,-3.477867635989128,1.0552748923647925,-0.7330993235697624,1.0062928659776536,5.273814240797534,2.403114793739723,1,1
5,91,20263909,1.115909536334044,1.126860654266216,2.0216913335375324,0.8284667924111204,0.40667149675676617,1.382892544445027,0.7188977270338279,3.3521090425388156,1,1
5,92,20263909,1.6120557068296364,1.73898341498699,2.5295323687618776,0.8734323478465171,-0.1991478159119071,0.8842232070978433,1.438084645588978,1.639941850492741,1,1
5,93,20263909,-1.5494760690037594,-1.5657513976221258,-3.2476263959590312,0.10693417372078784,0.033565038142870394,0.18369483136609605,1.6116714803826235,0.05468281836405056,1,1
5,94,20263909,-0.6467950009885612,1.1777912934034027,0.20430984228180193,-0.2885076143706158,-1.3561415293134684,0.9755010452264605,0.5967446548651698,2.3405332474261678,1,1
5,95,20263909,1.8083063272777906,-1.839232711691949,1.1076451099914522,1.4063302167087954,-1.8322058745562844,0.23349400006007515,2.097192072315197,4.467530421313006,1,1
5,96,20263909,-2.992442736522179,-2.8301699159717986,-2.5861991478631836,-1.7548321437170102,0.002655837000552724,-0.08307414185883155,4.530859574578026,3.086066137789008,1,1
5,97,20263909,1.0504781221896735,1.5191617042633865,5.761350779960679,-0.7692535166487176,-1.589089591237159,1.674703525685455,5.231059190495941,5.039665701885967,1,1
5,98,20263909,-1.4823404346795428,-0.597926916407157,-0.03181738065198658,-1.1529206543803525,0.18053062402170025,0.6659410840306027,1.775912976491033,1.7460408576938826,1,1
5,99,20263909,1.5055149338616047,0.49846933823473855,4.462215780097225,-0.3566784970764161,-0.68191780260551,0.3447678776748646,2.4154299915704716,0.6201006044995995,1,1
5,100,20263909,1.3937316956203745,1.0945148479022742,3.401862142068623,0.0928181612767105,0.7159185793814492,0.5338670876933662,1.514285431279242,0.9572200202120238,1,1
5,101,20263909,0.9864953599471562,-0.41865427701736857,-0.49623738934384676,0.7598524475956481,-1.24260791348407,-0.9686420574053799,1.1946200840151278,3.179866824155169,1,1
5,102,20263909,-0.9357724900034441,3.170034115095026,-1.9256344971681756,-0.31804592552066424,0.22634624828333622,-0.7010781394201528,1.7023304693971393,0.6341593240192578,1,1
5,103,20263909,1.827428674762558,0.0985003352379263,1.233354392581873,1.3380078323402245,1.2415396822634568,0.17921269493569011,1.6270788836338734,3.603702080758707,1,1
5,104,20263909,-2.2443968845874736,6.398826029363219,-1.217712699972111,-1.2529464006651665,3.3752186835641558,0.6703569120009545,7.16168835239126,12.59563071468636,1,0
5,105,20263909,-0.16829457423088456,0.17987805034356852,0.004220483542979991,-0.20946944314820826,0.6645976825094305,-0.08074336750040385,0.02720781086270987,0.40968101319469186,1,1
5,106,20263909,-0.739947559991947,2.7070005024607426,-2.5317177086642033,-0.09815556889196841,1.7788163769474992,-1.2266052869563486,1.799412477881381,3.6454134070413655,1,1
5,107,20263909,-0.3507158598843034,0.3142859286523637,1.8333283780066978,-1.500858599505051,0.3754097975670664,-0.6256287105032851,1.3737254896942555,2.718980454176069,1,1
5,108,20263909,-0.35312077344406134,-1.512109269042675,-0.9796933824758725,-0.09639295095675493,-0.10408096212699366,-0.45297832785881004,0.40001182472635755,0.2678236808751347,1,1
5,109,20263909,1.7832344657395538,0.9116512690936353,0.9306299288368507,1.174846446543711,-0.44530831102026036,-0.38824968039958907,1.8232350512304558,1.6266803638683232,1,1
5,110,20263909,-0.2807643339163519,3.8424353699484612,0.804806286609903,-0.37347352394391464,1.6052163487660465,0.5236906248565416,2.0999863084948585,3.0006394357001844,1,1
5,111,20263909,1.7712220349773986,-1.6192980662675085,2.610145121979258,0.5534544274657947,-0.38041118260639967,-0.06853656457616149,1.58245262689317,0.4071557278090088,1,1
5,112,20263909,0.7111765455860564,-0.9920092135242204,1.3362826942342139,-0.15846590929069748,-1.2589741045004463,-0.5281974651524377,0.3568465766657005,2.0747192856086407,1,1
5,113,20263909,-0.20545756949994143,-1.2291336126578716,2.331890644479188,-0.36870691492234187,-1.3901266054727983,1.976863353769082,1.8677984673449877,5.172727920861921,1,1
5,114,20263909,-1.5654706490852277,1.9726168401199777,-1.6022905078238239,-1.0946732193028765,0.8881839709475357,-0.6413278304680876,1.4027249931652757,2.0464435551865523,1,1
5,115,20263909,1.419949053465814,2.6421976117083408,3.62176866299329,-0.02896705131203703,-0.564688689773739,0.38644511549335925,2.373551998804904,0.37283233344793265,1,1
5,116,20263909,1.4124042649373791,-0.17691137763425166,2.175487090892176,-0.4874999486479794,0.22481761465482172,-1.8967944132732386,0.8112296989578243,4.089651052782713,1,1
5,117,20263909,-1.6468019221022132,2.5441120565601256,-3.9672507034922404,-0.4190047604391225,0.3236391430553151,-1.497292242989241,2.753852578050979,2.558442391190435,1,1
5,118,20263909,-1.1160432189026324,2.411571995235413,-3.1689776621202554,0.9726600309541027,1.5485119750322278,1.2048692254093039,2.0097638129321984,5.85295099656998,1,1
5,119,20263909,1.4817345712587553,-1.4433056690390924,4.4434656207095315,-0.6301818367431338,-0.19866067039810037,-0.21887944350593136,2.613550165771079,0.5395703887254168,1,1
5,120,20263909,0.28592049215890825,0.7503767635886823,1.2638177880030383,-0.5354576339111645,1.6976721056922177,-0.48073677794417924,0.2983501299444716,2.713235489263733,1,1
5,121,20263909,0.41555393289189624,3.5986032728582837,-0.28804566539938037,0.18717597244335593,0.023469238110181468,-0.8581429998932775,1.8721840395486096,0.8077343899096879,1,1
5,122,20263909,0.9120325144191384,-2.029849536455164,1.0054595194039848,0.7074278457138803,0.5488851326421675,0.5364792473534322,0.8400764325712973,1.3129881810385864,1,1
5,123,20263909,1.5277227612962463,-1.9663150084121654,4.157658576781756,-0.6254059157367351,-0.5474251972632737,-0.585369106778602,2.4964343686585653,1.2679215169102642,1,1
5,124,20263909,-0.08281989714049587,-4.381394568534389,-0.03819039067003871,0.036744861058167544,-0.0634016213426069,0.08893673526426472,2.3394643072387518,0.011435754502550396,1,1
5,125,20263909,1.7361749287825035,-2.570283816633371,8.24822745758884,-1.0084839269078145,0.7488711237945056,1.9101045754301806,10.022150678950883,5.766545148497505,0,1
5,126,20263909,-2.785503451838821,3.339523698034618,-3.063042271075645,-1.6566219312441888,-2.2012735010373103,-0.7886394646930974,4.142987678598945,9.39746064557994,1,0
5,127,20263909,0.368773384531238,1.5211532418914964,0.8670441666597384,0.3516968662302702,0.6628285143162425,0.8174784079651819,0.36970165345418593,1.5464697734053283,1,1
5,128,20263909,-1.3539951039776383,0.10226421222001651,-1.1077983104585627,-0.19929800824266408,-0.24210476896918126,1.3478485445263069,0.7849859057211728,1.9448839658744972,1,1
5,129,20263909,1.694928984605383,-4.596237045836879,5.133374302740947,0.432712750716405,-1.3955429177423846,2.1500308304655418,5.580739163756021,5.93188314839219,1,1
5,130,20263909,0.6766983891561438,-3.190962800990859,2.613672019495141,-0.4932246994349043,-0.7478293495678952,0.006710343823542551,2.1015217690096275,0.8188490814290695,1,1
5,131,20263909,-2.405557401511004,-0.4889514502511358,-2.7057575833597554,-0.6201235109535048,-0.5471686087835429,1.0257628544271113,2.1564236756291595,1.5766353432899993,1,1
5,132,20263909,0.1964035641109092,2.086679906449376,-1.2618793124800476,0.749034132164013,-0.20699433703145692,-0.11871519147695522,1.1681510653209277,0.5801242262102093,1,1
5,133,20263909,-1.5851914655053747,2.7815709491910225,-4.426938405280069,0.1554343685905053,-0.005703178291769758,-0.9069437542601305,3.4967401557211613,0.9007532989383399,1,1
5,134,20263909,-0.9741804185256342,1.054714268070573,-1.2854728137762947,-0.22435683046413146,-0.7407125170563578,0.29396036873199594,0.486090540355429,0.584324384093348,1,1
5,135,20263909,-1.5412363292169289,-3.561655985269375,-1.9467077255485066,-0.313192682980457,0.2884146651306919,0.5506789280373736,2.3867573952451377,0.5305306594729583,1,1
5,136,20263909,-0.2712282876163954,1.253852712632298,-1.5046446406971512,0.8187694288153011,-1.2885236407549696,0.8145804879474469,0.5740280962966139,2.389176297399592,1,1
5,137,20263909,-0.35741904804325486,6.349170708613596,-2.6569858940180637,0.3952394658781486,3.1491241399207954,-1.289731886265853,6.61635346987054,9.496526595092911,1,0
5,138,20263909,0.4250952746368455,2.7722524922350904,1.1074615595991162,0.03184149320438223,1.2798848555486078,0.21915088774969016,1.072061220231929,1.6668950177993334,1,1
5,139,20263909,-0.13794237654479957,-1.0426054125647144,-2.3778690078390525,0.7431081165489104,0.7456289415512684,-0.5340740682044658,1.4240884446890423,1.258886111062533,1,1
5,140,20263909,1.904995590856089,2.559320396132256,0.9084499504629662,1.4684058304178507,-0.09788449602163635,-0.08182079319375032,2.8853867055757885,2.1091211887402426,1,1
5,141,20263909,1.211040854409731,-1.4649335674426474,3.5000808434770363,0.14697062117573978,0.809384221155595,1.1374462850392157,1.7206386716595723,2.451361159745579,1,1
5,142,20263909,-0.488893338330314,1.2773863487777388,0.046589556871154514,-0.34248255513307413,-0.19607362823442281,0.34829334564634246,0.40091383784858714,0.2550674247742098,1,1
5,143,20263909,0.2069462705815397,1.228545270758268,-1.1397727196207796,0.4343939917807518,-0.4048541516269365,-0.6682316469817583,0.7209948926413549,0.8571602261504554,1,1
5,144,20263909,1.2281911967037331,-3.0891618969739407,-0.3371012855436675,1.005039548479914,-0.1737094535586527,-0.875545592320535,2.7783352396647802,1.7807864615822,1,1
5,145,20263909,-0.8149338866149947,-1.7937881737760744,-0.3192420845028465,0.21658100117488743,-1.1652315984262307,1.8878903849883655,0.7649009146541728,4.383585010990629,1,1
5,146,20263909,-0.11405918006479965,0.6502663260000994,-0.2792012355466795,-0.21545150390198842,0.5071759626111425,-0.4952706678554121,0.06097009989405909,0.4431127729664322,1,1
5,147,20263909,-0.810293046787109,-3.73522619883178,1.2181500278056063,-1.6617831965613448,-0.20885070136336792,-0.6838259641757861,3.1072624320213684,3.5650849413912153,1,1
5,148,20263909,-0.8203741866921632,2.8761768459033488,-2.6146285343687055,0.16876336282669513,1.1921071169382693,-0.5976353113941485,1.9487537131739399,1.455208901554972,1,1
5,149,20263909,-1.5762573599716063,-0.08033863886541734,-4.530702756795478,-0.12416086166365403,2.551162148429939,-1.5273086494680568,2.6386311960336655,6.882174587925478,1,1
5,150,20263909,2.3172412059628016,-0.3694342525990136,1.6650138106196266,0.8617907700319449,1.480362363441385,-1.46133871992456,2.579028743418365,4.268099696151569,1,1
5,151,20263909,1.4574251338681279,1.7724545781619245,1.0994311046876106,1.2961111388302982,-0.12539544871679104,0.7269589329294958,1.3821359980862427,2.2967952902512216,1,1
5,152,20263909,3.66132500232834,1.7195106624836474,2.972365700867428,2.5925656689179846,1.5489427941324148,0.5874714807784148,6.594410432430154,10.357005897301466,1,0
5,153,20263909,2.6767584144662067,2.970047715989621,3.828237462032746,0.297171862876894,2.2013322663787696,-1.4064105071484272,4.015810692728426,5.476374477378779,1,1
5,154,20263909,0.7006264782966127,-0.8410235518005286,0.7929236798266999,0.7860036629565457,-0.5756775556454714,0.9755548996412589,0.2790671074190097,1.7506392711943617,1,1
5,155,20263909,2.007464728022086,-5.491829589454163,5.245598525361842,0.4238890176610255,-2.8823436362275303,1.5280787062091898,6.754214041759936,8.537213720436462,1,0
5,156,20263909,0.6407188091224327,0.3698742901987279,-0.3668216602755052,0.42335485864188627,-0.01795714327755957,-0.8292953593537457,0.5384844964524317,0.8860591455012577,1,1
5,157,20263909,0.38548413101705137,1.1763671675849185,0.4498621982538822,0.781514123958658,-0.8995932785062029,1.3039633291134793,0.22695511172065025,2.75547785370354,1,1
5,158,20263909,-2.361564338067808,1.6018515764832315,-2.912343932901223,-1.064661348941712,0.6237193835537803,-0.24589565471730895,2.31936438939428,1.3983258380907269,1,1
5,159,20263909,-1.2242430443497483,-5.0426801591957275,0.8622655529469938,-0.7779375300455342,-0.5960191649365604,1.6545646429517975,4.892200077995765,3.488228007062297,1,1
5,160,20263909,-0.836587823312783,-1.4540634891433306,-1.8815385437437868,0.203791870897561,0.08255085117681368,0.29648293009264554,0.6920173138934612,0.16338638950536089,1,1
5,161,20263909,0.886742611711469,0.36078942853466955,2.2688440687581846,0.1566767587114839,0.6815802538624964,0.6772604021456735,0.6276926635434197,1.1654902845502546,1,1
5,162,20263909,0.6791867661349329,0.18540649365702214,-0.8158397126082519,1.0285491023358588,1.2537859350352574,-0.060717821189475794,0.9150122979925142,2.6650195798766267,1,1
5,163,20263909,2.0633158187361005,2.046669500167573,5.8987211025754505,-0.057721452184210875,0.5531607486313053,1.0956331996702644,4.58243981129703,1.8315438994140822,1,1
5,164,20263909,-0.49727407094266596,3.558389514413458,-0.7682281776785942,0.04776241531843084,1.2850182577727027,0.3162089292903913,1.6370590883982918,1.7918370461065325,1,1
5,165,20263909,0.41061348225241545,3.3423354611605904,0.7411187922105711,-0.19671844473666056,1.5862475164824412,-0.6142353763580575,1.436301218811562,2.317265159945296,1,1
5,166,20263909,0.24471370810826443,3.808058794802956,0.6686389552004073,-0.4770665421757485,1.7377663183934253,-0.9436284814422028,1.8088202925012085,3.2063146930030513,1,1
5,167,20263909,1.0513064724116816,-6.10243579391535,-0.3314369881574635,1.0255869492799263,0.9106874071557439,-0.6275047826238499,6.0361423856951015,2.0889875342763697,1,1
5,168,20263909,-0.8709538206446723,-2.3567185716042927,0.596671375991022,-1.4296180573610968,1.4476204790004688,-0.6095306801876721,1.674777776306489,3.7389830717710058,1,1
5,169,20263909,-0.25498436251371004,3.6139964151598454,-0.7421533175074302,-0.44385201462145574,0.6271656506775721,-1.2223531457569234,1.6782175233002894,1.8912127735835054,1,1
5,170,20263909,-1.7932570683856284,1.9017154889751473,0.3745166427599713,-1.0084670712785453,-0.2634545468243317,2.03716108226658,3.4593413956154273,5.250536017740675,1,1
5,171,20263909,0.3804637931796151,-3.028177318532844,1.3263338295841436,0.33744171171338166,0.0700045789200832,1.1706560446162522,1.3225333001743165,1.7103390830276117,1,1
5,172,20263909,2.33367011779535,0.5736967331738235,2.9522362643274107,0.7995532045922289,-0.5361487745304608,-0.40985396899598886,2.2073771490476446,1.0434125217287198,1,1
5,173,20263909,-0.2684700049511832,-0.03229328179047432,-4.243118408268458,1.1466122163311638,-0.43730065989276895,-1.323080818972569,4.122650953825567,3.3152710555967864,1,1
5,174,20263909,-1.3126678527627007,3.3119060999902517,-0.6280626171322865,-1.2886450877645643,2.7614578751768453,-0.5997495480377811,2.199427562496493,7.818141493733159,1,0
5,175,20263909,-1.2438489635441385,3.4039888910765326,-0.23348706260307495,-0.6385184818586822,0.8051746981997169,0.9834473630596774,2.386782704522759,2.207222891529118,1,1
5,176,20263909,-1.190975380174251,0.7563083158326698,-0.46710167937445135,-1.0802159806688394,-0.4393174053034943,-0.23610143658352914,0.8909677436064721,1.557810084821346,1,1
5,177,20263909,0.8516357151486602,0.7891221088165193,1.0369943870315126,0.9707926846199371,-0.3974884572788229,1.2935311854845688,0.3574077472209646,2.79631804066615,1,1
5,178,20263909,-0.9283421958583631,-3.1552767580488714,0.56707664735913,-0.43499062517915377,-0.8983594864278868,1.568339021720893,2.2499710873179013,3.0817908679849455,1,1
5,179,20263909,-1.7665111024300586,3.8797942004327512,-1.9180273712531601,-0.9372347418628237,-0.00877916534024473,-0.2881763051355926,2.9475948906296883,0.9992639970607633,1,1
5,180,20263909,-1.003792325348428,-3.83401350286544,-1.2454792622137916,0.18938200012098605,-1.0845668773403991,1.2026258275621218,2.140857761902209,2.1896982082004715,1,1
5,181,20263909,2.2126836378251085,-0.38924744901437397,3.6763799534711126,0.5172002512089193,-0.37533802656348425,-0.061658278710707254,2.1187280931381323,0.3668822060678783,1,1
5,182,20263909,0.05763389894400461,1.0374388127200729,-2.073026407719695,-0.15760082204062087,-0.4462372960774411,-2.524074726578382,1.349198908956334,7.520023627646722,1,1
5,183,20263909,0.48635880727798053,1.1828490823241833,-0.1070302541376833,0.6030273965011759,-0.8803713290351539,0.13860086701178018,0.40387187151985987,0.9528361891076165,1,1
5,184,20263909,0.18974879652560617,1.6079143106475495,0.15658826677248783,0.5608863758496909,-0.6985850360609392,0.941974756035842,0.33222204425829677,1.4692358883139827,1,1
5,185,20263909,-1.4217692262425032,5.1966118941782256,-0.5459735260321423,-0.7550839351275727,-0.21627392656945726,0.6880616449652375,4.274420784221716,1.0339055334991114,1,1
5,186,20263909,2.388663560911084,0.9763974935420598,3.197635327102475,0.6616176927302035,-1.0548518902062078,-0.5866579436666564,2.394107536094626,1.8779825879554277,1,1
5,187,20263909,-1.1978042710306056,-2.110607072896086,-1.8974904124229397,-0.6113033556441678,-1.7732336490592433,-0.6829902284737277,1.1035686254556338,4.468669809024708,1,1
5,188,20263909,0.8978319570933877,0.24294450414699859,-0.41994695276652294,0.7955895330785836,-0.7096427909975284,-0.6347442661986918,0.9523235748268489,1.5292588148743649,1,1
5,189,20263909,4.632692062543299,-0.2011274002428949,3.199723720243142,2.899234387137227,1.291246039988286,-0.640039209788024,10.703511845843725,10.348724136523767,0,0
5,190,20263909,-2.416105266452689,-2.23353519832837,-2.3415535412523667,-0.6930375003724123,0.16325732716990984,1.239213607440276,2.84002444964362,2.1456117087688478,1,1
5,191,20263909,-1.177204812519193,1.1497986383942045,-4.309418648652937,0.5327263682559931,-1.010148478675287,-0.7905645209573499,2.8209342782177074,2.0387531090433804,1,1
5,192,20263909,-1.0846026371858954,-2.00987891942977,0.8839550245672996,-0.5144936144974395,-1.4351806278173924,2.1052487756333402,2.2274153298659165,5.893394798862407,1,1
5,193,20263909,2.043997543872905,-0.34480027622628284,2.9059981476465424,0.6632527517630535,-1.5282214677423758,-0.10595813159760083,1.6822189355155888,2.438403635189966,1,1
5,194,20263909,-2.2562412011427,-2.703029373483848,-1.3007646794024623,-2.1033029739005826,0.4547869876247821,-1.030472429214643,3.3520993570681727,5.671197607165036,1,1
5,195,20263909,-2.463777249022314,1.5875669096804668,-2.169810029826664,-0.8723075178206443,-0.011590905848010303,1.1505666779320056,2.7479885154182075,2.082651245096919,1,1
5,196,20263909,3.81673979639703,-0.5613139208655721,7.988148897542374,1.1456205888483737,-0.22409811808909202,1.7957224782757757,8.126185190879193,4.9416871301731735,0,1
5,197,20263909,1.3876383065220068,2.0132573238426987,3.4917197747264908,-0.0710066534743703,-0.02558121454430173,0.25929084838002986,1.921000776153642,0.07464749643098105,1,1
5,198,20263909,0.875772418323919,1.3694691429039776,4.587673734964724,-1.1015919735322086,0.7511162147618873,0.2235537496422859,3.354801432045187,1.6597154169598614,1,1
5,199,20263909,2.5880268523041536,0.6890951461943284,6.472432344612827,-0.5356424572274818,2.0452263155756336,-0.4871155741196779,4.976391544232781,3.80250109572837,1,1
5,200,20263909,-1.1615498113766307,-1.8551422942112854,-0.7320831387894629,-0.6145272732073863,0.9282836401862677,0.40876347572069394,1.0553476889550362,1.3622263377864154,1,1
5,201,20263909,3.3457746217682143,-3.1553545029529797,10.94178469974402,0.055774499620582674,-0.7605452435654104,3.0498520765930066,15.10549167877836,10.022207500682974,0,0
5,202,20263909,-2.0492710193776986,-4.032873852796359,-4.652671494361499,-0.08629343421921476,0.147154093377157,-0.7418618999054521,4.7415402669677285,0.5882881121216841,1,1
5,203,20263909,-1.16570239195093,0.6004233376115021,2.5626991888015738,-1.9177854428473324,-0.1806534103737969,0.9335569105317687,4.727102230460126,4.4025572946731355,1,1
5,204,20263909,-1.4244973477500764,2.2884264717905363,-0.9340267370460111,-0.97620440661629,0.5303959586743946,-0.023692579536563875,1.56886924851901,1.1067449519966883,1,1
5,205,20263909,-2.578750463476382,-5.307606343325149,-3.510504899075272,-0.43992451045221515,-1.8644679765526198,0.7664099753620406,5.769498243871149,3.586450585638631,1,1
5,206,20263909,0.13689512181827013,1.7061415948355358,3.767016599094916,-0.5967295446876051,-0.5882844012033311,2.1225322477492403,3.4660775123807,5.083540467598191,1,1
5,207,20263909,-1.644856003091519,0.2840051236709963,-3.5238431588658017,0.11034754793314505,-0.42315069842979613,0.12060501467780145,1.539169638528111,0.1646899597959619,1,1
5,208,20263909,-0.19340177593690555,-2.926904257930417,-4.9482598981349355,0.8156118553531542,1.1784424579384025,-2.9447891630567677,7.222933537756354,9.7535499180578,1,0
5,209,20263909,0.9858457725661083,-5.925776372103574,1.347918471329038,-0.06117651580333927,-1.1196858115871597,-1.1216489516900172,4.7320436159782275,3.00365084477934,1,1
5,210,20263909,-1.0961178936535987,2.9863885706541424,2.1149538156174685,-1.7108520099374402,0.3573774861711769,0.7301535622045027,4.551685109719923,3.4362623876491547,1,1
5,211,20263909,0.6985955168123894,-5.627504348319848,2.780347708163873,-0.4427872181447867,-1.3656590371339183,0.0932816889777802,4.732946024749934,1.969209683170363,1,1
5,212,20263909,2.772771081273561,-1.8134520587467005,7.5523461901224636,-0.3597381659418204,-0.9423752558008193,0.42421168781230817,7.022573069926633,1.0273257066056112,1,1
5,213,20263909,-1.422398753607581,4.211894317259222,-1.6095564143248566,-0.8596242765565876,-1.5906247633448454,-0.5343011797235422,2.8668025387243317,4.002133075058153,1,1
5,214,20263909,-1.1205613525475826,-0.6901022657795742,-2.2428870464910062,0.36430749310622446,-0.36036030867582475,0.8867430350407833,0.6926130653492326,1.0048485222536636,1,1
5,215,20263909,1.0085010382591122,2.216808579232013,-1.5683748734541183,1.3100976262926451,0.4122385432875802,-0.9621629015160227,3.1737334440199594,2.6526707668410836,1,1
5,216,20263909,3.2666456167084164,-0.5575402360355388,3.4980463080412534,1.651574515020343,1.2686212460951016,-0.07327517577384267,4.485863623462169,4.467864403456715,1,1
5,217,20263909,1.287087622027201,-0.8949087400604872,2.0904540859020386,0.0712489776724965,-1.171552154733073,-0.537739570099753,0.7865865951621154,1.7892885488409145,1,1
5,218,20263909,-1.4650166964118796,1.8339928597438717,-0.19030202198138113,-1.2471320384293847,0.9872135738795201,0.2548444914367822,1.926132872584995,2.3433683492101833,1,1
5,219,20263909,-1.0981185127018591,-1.850080024152736,0.13205896576754128,-1.602826121174047,-0.3948875519812066,-0.9514229000587848,1.4599853974352417,4.146237965743854,1,1
5,220,20263909,1.2245552245796034,-1.390314011454248,-0.19842526358550572,1.2095707841526178,-1.7659405313596022,-0.22266342776749612,1.6347746214408285,4.054449333373376,1,1
5,221,20263909,-0.6566693016825411,0.9947590602678292,-2.630339667754697,0.41974999123047496,0.7283059291311147,-0.38388071821463754,1.134190739638746,0.7440536010719043,1,1
5,222,20263909,0.9521388178084749,4.584808483733263,0.9267114756732155,0.2670381660030898,-0.05803749745063837,-0.6831327441507536,3.0036618164726416,0.5709385936620434,1,1
5,223,20263909,0.30856195443379875,-2.4894362105381536,1.160605996221861,-0.25664282860552134,-0.0324496650870167,-0.09558786328405396,0.9211279320186448,0.08196025690287917,1,1
5,224,20263909,-0.963319232970747,-2.7683217910036237,-3.0148415288822292,0.7894504115381835,-1.1761123429051106,0.6224887075250168,2.168811968281015,1.9100264280586587,1,1
5,225,20263909,-1.899778540517616,0.0740873089114628,-1.1859512673523511,-0.7641356457731945,-1.4276460565669422,1.2308595799008775,1.743189484606476,3.5232069320019006,1,1
5,226,20263909,1.579223641838439,3.6076594342052464,0.3551275529733289,1.0175110207010505,0.42882869109212624,-0.933490607911811,3.396493291582389,1.9487686331413334,1,1
5,227,20263909,1.4030440496366907,3.224247008997923,2.0158884842311835,0.3143181484336992,0.7941756865856215,-0.41026201333863394,2.0648933390171096,0.75736200971256,1,1
5,228,20263909,-1.818354267864521,1.5498124182746964,1.6584971782985178,-1.662644304224699,-0.40813278054748214,1.9799601353958398,5.598906446226832,6.6179030547643185,1,1
5,229,20263909,1.1253870491460987,0.41708088236912916,2.7231608481017275,0.2607583728312193,0.5394255624079447,0.8265274547829216,0.902561514621323,1.3098666411980604,1,1
5,230,20263909,2.4812485692127098,3.148881476092926,2.909122152519629,0.8577345459767685,-0.45643992363609587,-0.7083045120970605,3.7470432662096482,1.4416395228366912,1,1
5,231,20263909,-2.616461827500899,-3.272409338427402,-3.0900119820167617,-1.7021711612815977,2.2033131149196516,-1.2579792649867076,3.732790349791963,7.532451663114507,1,1
5,232,20263909,1.4079926486424483,-1.791667433149872,1.64945115137958,0.5382755966796537,-1.2347648817185248,-0.24619938035752267,1.1817394192086474,1.717223024781672,1,1
5,233,20263909,-1.7164486197461315,0.10532729409668229,-1.8018999349237106,-0.04267220405759531,0.8287522425347048,1.7525292075649814,1.1239696352961346,4.595778297955342,1,1
5,234,20263909,0.22042627987218566,-0.5118284899771014,-0.5369920299793165,-0.1304053167732775,0.4741280097423979,-1.2769426903192218,0.22468278869038597,1.7614725129939404,1,1
5,235,20263909,-2.433709684477293,2.1873374066286844,-2.544260313493922,-1.560007241729295,-1.5774865823903812,-0.7582518109921853,2.7834040014323795,6.415594182741066,1,1
5,236,20263909,-0.7064221407392495,-5.140089965609175,-3.055870490996668,0.6760774495164128,-1.3280768810210213,-0.33271396579653917,4.85970336724951,2.1515130386143486,1,1
5,237,20263909,-3.012570861253039,2.208146738596286,-0.3929748239612678,-1.8745166454451976,-1.7587979334406143,2.0118665467272425,7.012986443388859,9.576320332552243,1,0
5,238,20263909,0.015141098957428767,1.7082677804856206,-0.4783608971268052,0.14039388843676193,0.13214578381376207,-0.2315311537060678,0.42516133594319133,0.08142887188442716,1,1
5,239,20263909,-0.7230259517089905,-0.22137778090028384,-2.77586549950054,0.12543839158573178,-2.16498119602151,-0.9831925498787731,1.1078915827756672,6.057722447541561,1,1
5,240,20263909,1.5155635500938445,-2.5061482266995245,1.4747937284257233,1.3244338431603069,-0.24205768675409123,1.014309233226307,1.7507450805586693,2.917973699058196,1,1
5,241,20263909,-0.10647474645278976,1.836029435669167,2.4915174694781825,-0.6428741268312592,-0.41038182129078615,1.2983815687413751,2.0979388437224755,2.157588134630333,1,1
5,242,20263909,2.723003073087881,0.6466844208419413,1.5662021517769773,1.3746132189372418,-0.13977440719852546,-1.3539865855103397,3.944026537525505,3.6885592881957816,1,1
5,243,20263909,0.8683681032695745,-2.423303799497032,2.0655376615548846,0.273561519762751,-0.282285156897726,0.7285664291367966,1.2123523631092172,0.659620366940078,1,1
5,244,20263909,1.2761886179464454,-2.877992842923241,-0.6801658551843701,1.5590267654971228,-1.1579690143284902,-0.12069872670671195,3.1122879907843046,3.3367927662161216,1,1
5,245,20263909,-3.019370343096341,-5.834711633136617,-4.078219580839999,-0.7774791305631652,-0.8063726521559708,0.31489142504017864,7.322472817652452,1.2911888643356044,1,1
5,246,20263909,0.22635579077442003,5.03164015530768,0.17425081049029245,0.37957198254463265,-0.2989563202046378,0.33408589611288286,3.1400651999842757,0.3022388802732412,1,1
5,247,20263909,-0.36216967037722725,-1.0037750802471872,1.2344016103262163,-0.7014458215871855,-0.5956999930579051,0.5001764644015775,0.899397525258405,1.0043012958338844,1,1
5,248,20263909,-1.2607606787476868,-1.8546036282528817,-3.2609055283182613,0.7469056564099787,-0.8533872076706938,0.9320658854842471,1.7467659535028073,1.8305533570273276,1,1
5,249,20263909,-2.512391342816926,2.1323348123872607,-4.052488216434625,-0.7241108282111384,2.195173748459034,-0.3827708119987353,3.013770518346674,4.499183386465915,1,1
5,250,20263909,-1.751725360912502,1.9584597452944945,-2.338258851645122,-0.7659512647134079,0.6442208218163296,-0.3104297837699018,1.580827356857624,0.9279048736765297,1,1
5,251,20263909,1.6350685246437706,3.2121681562322326,0.7024104280910421,0.9575039128654623,-0.8795285197530245,-0.8172381343327916,2.8878701117091246,2.358359818750885,1,1
5,252,20263909,1.389377414876634,-1.3531838197076858,2.4376419213829053,0.4764300645524031,-0.4590108145972827,0.4294772282723973,1.0754260423039215,0.5273351477394272,1,1
5,253,20263909,-0.032499857389240105,-2.5336269288371396,-2.466494924174029,0.6492015901984587,-0.3343030271278697,-1.0841676250568328,2.3949798776494324,1.8055438861759443,1,1
5,254,20263909,-1.2384059035091752,-0.7425831722561798,0.03979807960156734,-0.7397525810924606,-1.873021442112138,1.1251571648000966,1.3296421588137524,4.501342220912399,1,1
5,255,20263909,1.879522534039495,1.7278850284280662,2.216555547062825,1.294523977978173,-1.5070209520122657,0.9243593020711178,1.7789504846218978,3.9142650159933186,1,1
5,256,20263909,1.6558169703127987,-3.290676295964806,-0.7192985737707573,2.156647008748962,0.04126695763424715,0.28678837455952455,4.608294315507594,4.765678471744687,1,1
5,257,20263909,-1.1718163589886217,-0.7131629495067706,-2.3021293916612393,-0.5113635628551094,1.4147774550486694,-0.9203068118045021,0.7368754928277105,2.420812195826155,1,1
5,258,20263909,-0.4012184875587934,0.4111790931980381,-0.01403584996918994,-0.7977492291489057,-1.1309995301355908,-0.8446431107073702,0.14614446960905902,3.1964635659439704,1,1
5,259,20263909,0.4571945062185989,2.677995507334674,2.222183138776046,-0.5300643425998715,-0.11700338553468112,0.03587895656855575,1.5708276089782296,0.2998205889017344,1,1
5,260,20263909,-1.2110662192639268,-1.683769288756175,-1.9443469019225148,-0.4681186653565135,-0.3627353222077658,-0.40981569256733613,0.924644469738019,0.6332140168433171,1,1
5,261,20263909,-0.44353669622125835,2.7550118281593403,-0.45427706678665913,-0.4448086534202673,2.171224174944118,-0.476020673697869,0.9928197593687209,4.188078607640042,1,1
5,262,20263909,0.712101488751415,1.8734355852390647,-0.22042198107362765,0.5569744363668576,0.6299729631753477,-0.5715706460113343,0.9733399643576117,0.9083632873305788,1,1
5,263,20263909,-1.7871529532210388,3.339126173403779,-2.9746601621130253,-0.7019597109272979,1.5639649270278395,-0.7904397432289293,2.651181158093319,2.784638082014011,1,1
5,264,20263909,-4.232720297768992,-0.9141879263901953,-4.343283088082202,-1.7529356209235232,-0.6222389210740277,0.7227003350669234,6.659824075482248,3.8435346771638765,1,1
5,265,20263909,0.40987458588864456,1.5579081867966418,-0.39070834671026944,0.7115395813153782,-1.4250761837469137,0.2518623982068782,0.5869551796302299,2.117952351303439,1,1
5,266,20263909,-0.30466697373893226,-2.8082797354573867,0.36919143351683203,-0.8440965193268539,0.5787189444865144,-0.8241842351368768,1.115946306030844,1.5632991531580633,1,1
5,267,20263909,0.1360903890013958,-1.445083289588119,2.352616561524073,-0.3709883302330752,-0.9590186055780784,1.2371572626993872,1.4193816452283479,2.2129254981155064,1,1
5,268,20263909,2.5252308125250806,2.553328664733335,4.731406407435145,0.629208212244805,-0.5022890446403449,0.4570569602433096,3.8456725415352775,0.7386660689642417,1,1
5,269,20263909,-2.4433742362775206,2.398137491078974,-1.638480829393501,-1.7113841618791241,-0.6500997959106682,-0.15044653359517693,3.4114335236079283,3.6073362350681935,1,1
5,270,20263909,-0.42599202650771417,8.241522190472242,-2.8995224727936204,0.7271336867202933,0.05010915134538153,-0.9401618483357496,10.530430712892977,1.391120022648301,0,1
5,271,20263909,1.9466475400819547,5.5404987615538985,0.8091940210242967,1.475079513833066,0.48390800472770534,-0.41388450060872967,6.288175528407941,2.5267715693192,1,1
5,272,20263909,2.576606323464688,1.1290725308723646,4.180280182066909,0.5992638776252761,-1.307764376776207,-0.19326127201075846,2.9824992796284917,1.8898522427888993,1,1
5,273,20263909,-0.7522128864324031,-3.3365694287030467,-2.577679032398251,0.3019742920302235,-0.3029004650266099,-0.4484725808355049,2.31907388324582,0.41170528091619374,1,1
5,274,20263909,0.03318295849564379,0.6433739195533354,1.1743127197834013,-0.1489286107949681,-0.42853727051907986,0.7792683403954823,0.3716278344206566,0.7242657937402743,1,1
5,275,20263909,3.691223745171868,-0.43089983728061365,3.4234181663114214,1.9398774306235111,-0.1341967301618523,-0.4563940405147737,6.010058033978658,3.8348462587982706,1,1
5,276,20263909,-0.3821187787711722,0.020292666208846396,1.5914819343320943,-1.144342676566481,0.8331155596964804,-0.03909023747308791,1.1535631593061362,1.7557221279171045,1,1
5,277,20263909,2.1869173664014454,-4.635947871015322,-0.3410736835637067,2.471465549130812,0.05834201673517509,0.13088071734821505,7.369785482675034,6.104685357057249,1,1
5,278,20263909,1.4615664245284563,-0.6727978139387417,-0.7415309415555811,1.4562898146693328,-0.9624463861423217,-0.7496519859805099,2.6415902443579315,3.435667909068961,1,1
5,279,20263909,0.15600572859960948,-1.2415698720221426,-2.9735533859792866,1.6292997263693962,-0.9392395882200036,0.12376891063319319,2.8801004086760567,3.1415999538747736,1,1
5,280,20263909,-1.1010757853006794,-3.321458494199249,0.9989188144892438,-1.222421283750009,-0.3182543241731279,0.6653549822730604,3.1711768403121354,1.945807820061577,1,1
5,281,20263909,-1.1332812406175492,-1.2502999790790548,-0.19216476174995023,-1.0280468888466316,0.34647479519791047,0.02095425822679789,1.076574771296734,1.0935891924567382,1,1
5,282,20263909,-3.207191055735535,-2.380743153497278,-4.416824223995519,-1.1039674720549044,0.15777793265870163,-0.15790536788551737,4.350785199761964,1.2399992740998715,1,1
5,283,20263909,-2.289934697672919,1.4911120760512369,-2.4887356611289135,-1.0983028925089968,2.1657422625807556,0.0016505296229215685,2.211964298565803,5.070067070858818,1,1
5,284,20263909,2.70846708504385,-0.5738919833242723,1.3999759642410368,1.9460506521200216,0.31554712862051293,-0.264302174457543,4.046022570041743,3.9212357617429903,1,1
5,285,20263909,1.3092614221206986,2.057555518269732,2.9700355321385388,-0.35720426675788985,0.905737142720663,-0.6741996239606635,1.567003304737189,1.1014415991441244,1,1
5,286,20263909,0.21442836387211628,-1.3038894133596102,3.165723322775264,-0.4446142603207477,-0.7517766904056654,1.7057966283153128,2.253795002053995,3.3970573745719816,1,1
5,287,20263909,4.194245500061328,-3.0500573332048737,2.6808444808017953,3.34004333500053,-0.5156909302606436,0.7108506436818985,10.304669023788524,11.579242578975833,0,0
5,288,20263909,1.1311955230804926,0.34287966009261395,-0.26027978861934287,0.9326033768898299,0.42146431315408744,-0.6836109921046165,1.2600287922213218,1.413512309510183,1,1
5,289,20263909,-0.3818210004017146,-4.80741682144342,-2.48197784161799,0.6456463251278706,-1.2980048759700515,-0.4706741845553222,4.105220947600841,2.225178493922386,1,1
5,290,20263909,-0.3496437048334826,-0.09522385236798188,-1.1513168223261516,0.10501371754008915,0.014947645397328728,-0.19077584445597529,0.17452732613196398,0.04755084481485116,1,1
5,291,20263909,1.9685201012472078,-2.905858007575175,3.7583727097062365,0.017521391653872342,-0.5793182533147723,-0.5756059496995267,2.904027081803257,0.7908685977963963,1,1
5,292,20263909,1.0139387938352513,0.9171497774734566,1.019294325581896,-0.04784962275138582,-0.09272412573736778,-1.2546752479317718,0.52365028009255,1.7659662414727304,1,1
5,293,20263909,1.234029862575028,-3.374968671674814,1.2299869336582958,1.3353229292856383,-0.7903795455048355,1.3786272137784188,2.0567634066433866,4.026145589943522,1,1
5,294,20263909,-1.6178836293509278,-0.41921343619757545,-0.5066300223659539,-1.4438142996221188,-0.5517396750825945,-0.13955863797702509,1.6397970989251316,2.577863836802307,1,1
5,295,20263909,0.25032403849527896,4.850503172851662,1.4551216524824895,0.16898960250259165,0.9487050634596118,1.1248514430277665,3.122589810217612,2.7190956827467554,1,1
5,296,20263909,-2.2551489428867626,0.26587262266175316,-2.3906552521432047,-0.7571980350560636,-0.0775614716933974,0.7400087436677866,1.9196839898455604,1.0928190905966222,1,1
5,297,20263909,0.9151933305305135,3.4738212904652954,2.201314618592619,-0.19690556023758177,1.2112123977709133,-0.27894480934395566,2.0216936978361018,1.2925329426578376,1,1
5,298,20263909,-1.554525371190067,-1.3313700315813022,-0.69861869027757,-0.8794715484683309,-1.2744820676514863,0.7298506892748771,1.5405596364492637,2.6109011471109382,1,1
5,299,20263909,1.6023258912725282,-0.38737951110844754,2.9291709486238346,0.0345972498583933,0.24487557220183662,-0.48863539564184516,1.2005191079388433,0.2687804782989598,1,1
5,300,20263909,-0.30556021366632535,-0.4026386296937058,2.101669643911734,-0.3003406148850729,0.4677732003534336,2.113493914613385,1.6162456475318139,5.54152310987472,1,1
5,301,20263909,0.13413731876099177,2.141429928620371,-0.12399046471790598,-0.11644685988977699,0.33506129636572785,-0.6853933781498256,0.594548720507172,0.5400036764898513,1,1
5,302,20263909,0.08283411818823083,-0.6198637481645595,1.4825213888626791,-0.5257264560752901,0.14484326870411754,0.1691723696495836,0.5220776035139122,0.3089415225065857,1,1
5,303,20263909,-1.4617150690370977,-3.0187426835167916,-1.4713815424653802,-0.7019145702838046,1.0042200257248155,0.07013780108533602,1.9047846439476865,1.3106931900022833,1,1
5,304,20263909,0.5226376728780053,-3.4554687082052293,-0.3368201808906406,0.7995226749590074,-0.5615204197131274,0.17826391099165725,1.8820617100177341,0.8508468969831597,1,1
5,305,20263909,2.550691395243092,-2.688087534577953,5.446899222356592,0.16105590019074612,-0.3190253864227724,0.060548311910860034,4.537082634806037,0.10685607366440619,1,1
5,306,20263909,-0.963482353659316,-4.152417189961986,-1.1678260240491198,-1.0189208395736102,-0.5489011808599551,-1.3944331758309332,2.418289828744491,3.9905340979639914,1,1
5,307,20263909,-1.6105264756398583,-0.4272213035711046,-3.199293820500813,0.21887624523412796,-0.9288814617007944,0.6253661411701036,1.3159609442915685,1.019715362866367,1,1
5,308,20263909,0.47351325797757227,0.593075914175883,-0.29028945979898424,0.7029004455663141,-0.5338590086381791,0.20012933503000932,0.33773039605614036,0.6994711130799818,1,1
5,309,20263909,0.6108464191121072,-2.8744416328084657,-0.02315291687253307,1.2278946202887653,-0.5577694306504344,1.2583237142699881,1.3538207474657342,3.3002019699682226,1,1
5,310,20263909,0.7055143174391105,-1.080795506345803,0.5263441005977967,0.34886602468506567,0.5045403295763261,-0.2445513050568871,0.37421213961014627,0.3907932898545701,1,1
5,311,20263909,-0.9260203550423682,-1.0326282387135233,-1.858396618586923,-0.19012168770740345,0.7026806750599558,-0.3201137591093862,0.566002175473648,0.4933436876547467,1,1
5,312,20263909,-1.3595330788688216,-0.9131360342456513,0.3851384900213901,-1.8821393469683585,0.5171446909921364,-0.7197720317904104,1.9664314532299483,4.182933891802287,1,1
5,313,20263909,-1.007667210607707,0.2598470453255692,-7.422774502738989,1.2682544078159026,1.1452111273070986,-2.8677201656019635,11.001725754566476,10.16317097418774,0,0
5,314,20263909,-0.004667680105114869,-1.578306542472845,-1.6110523831080457,0.3314586678405078,-0.4153598652449519,-0.9203638501632028,0.991227575125986,1.2676826238655807,1,1
5,315,20263909,2.153693563147783,-3.085484289923991,7.385904711164514,-0.8971628251404127,-1.423728123614862,0.43951032796312167,7.702724810562883,2.818730787019221,1,1
5,316,20263909,0.8642640713021592,-0.9022680623567345,-0.24470568919342384,0.839690379759304,-1.8150186549549365,-0.2807477149579167,0.8626213922922285,3.6590445875098747,1,1
5,317,20263909,-2.3231183300608222,-1.9923213228530026,-3.8403309610086325,-0.608527733395988,0.906806431917344,-0.33460335123179197,2.635158051061121,1.0467182909014465,1,1
5,318,20263909,0.2994269330444297,-0.21677887303950683,3.563789428797861,-0.9377032166805463,0.5410681843929904,0.8516451897099697,2.5015986921882924,1.9274128561075954,1,1
5,319,20263909,0.8220533706024753,-1.8385032288898375,2.9279711455820774,-0.361615801387444,-0.9093216526284763,0.32570888564909484,1.500375290810863,0.934034958483991,1,1
5,320,20263909,-0.17344650053695432,-2.589505731602901,-0.06625439535839917,-0.3970619841158509,0.8617462098794867,-0.5799899541952258,0.8282622726264148,0.9709103215439134,1,1
5,321,20263909,-0.022990395816009368,2.087202133657653,3.7808965468276625,-1.3980950844138533,0.49508690597296207,0.7413204106274577,4.0165874450448635,2.6535061822064994,1,1
5,322,20263909,1.0041747118515332,-2.7511032098015833,1.8814902762170362,0.25116106005066285,0.1768366466243574,0.1951642001188256,1.3926247639586875,0.15993392620569136,1,1
5,323,20263909,1.0805261990220743,0.0927668987210576,3.318555131736119,-0.6613701638129328,-0.013822285536803515,-0.4743321802806695,1.3456116158559355,0.722807329905569,1,1
5,324,20263909,1.5913260752812448,-3.291816386146921,0.7746746675352227,0.9923112288840059,-1.1000837398671472,-0.5794756624236485,2.80715443999315,2.4102177152924873,1,1
5,325,20263909,0.4374628421626028,2.8566199983362344,4.8522415268515005,-1.580157383285723,0.5124217224147342,0.3545801402651771,5.343449051528937,2.7075857947813717,1,1
5,326,20263909,-1.199361966278758,1.1548010458877573,-3.183404582423904,0.2286875313368455,0.8867916534843862,-0.21703427216666965,1.4244043020278465,0.7743747713462888,1,1
5,327,20263909,1.480746754352083,0.5105480574772268,3.3109577220626107,0.17234850947068026,-2.446701204930379,0.47186154908508243,1.3560785799983102,5.2363319461030144,1,1
5,328,20263909,-0.9334004201811013,5.733899100803453,-2.2501556644541836,0.24331472887260475,1.1108977394907156,0.010046256802301338,4.7365626171833695,1.235739743357483,1,1
5,329,20263909,1.9594097665245727,-3.5353579163872255,3.999713072982516,0.5439221133278238,0.11644071256211581,0.7704543030658795,3.53097550581323,1.0527765907364353,1,1
5,330,20263909,1.2971202363634973,1.095897916340322,-1.789819460143221,1.1944441851520367,0.018181480095537356,-2.0129158876168813,3.8969475447613835,5.479136420132347,1,1
5,331,20263909,-1.785986644333974,3.50960637181948,-2.9265489167048457,-0.28372164440025927,0.7389132790908904,0.12208204990234511,2.7736564869132994,0.5881793103905967,1,1
5,332,20263909,-0.5108752202848734,3.965193035734188,-1.0064000344109871,-0.20417709953747476,0.7007031342319646,-0.46045680132228634,2.056945865042893,0.5796773710430676,1,1
5,333,20263909,1.497618329270523,-0.28800071606784255,1.1044376299536651,0.8127295644186745,-1.2764813364083014,-0.364145820395651,1.0574200890515204,2.228404539620468,1,1
5,334,20263909,1.2436402438571292,2.097065519472793,3.746095400951532,-0.040730102683852465,0.22134348568981282,0.8784034333970054,2.2082919342625638,0.9651380909887023,1,1
5,335,20263909,-1.4079600971614354,-0.17584839203047042,-2.186654676135092,-0.3581333160973088,-0.6543685229761933,0.011388305787973778,0.7694622659982673,0.5586051141663908,1,1
5,336,20263909,0.530183758557655,2.2489473531386754,-0.27171297920165216,0.5839227134656539,0.18436742080554386,-0.1904127828361372,0.9813314843647742,0.40028276773680155,1,1
5,337,20263909,0.8347689342787703,-1.069318434663625,-0.1066265129538948,0.40971567323785507,-1.2367886283697829,-1.0076650709918384,0.770595090876077,2.981972703615262,1,1
5,338,20263909,-0.9624817975185351,-2.614442964330273,-3.1825665144402535,0.3769416258484455,0.02231555280156076,-0.4421453965297523,2.237722882272421,0.3314892069966592,1,1
5,339,20263909,1.4335292532390156,-0.6908993801537117,1.7193354640244252,0.9045522979384089,0.4300557748638236,0.5630628310373091,0.8655687822255862,1.5468370111160816,1,1
5,340,20263909,-1.1303832662518687,-4.028526434380617,-3.940197746729126,0.07480974486145442,-1.0669366924775139,-1.565370692169942,4.279168566523577,4.28363143308477,1,1
5,341,20263909,0.40293057391136244,0.616023587318158,-0.65257056840926,0.208048196016847,0.9264451790921813,-1.0612519697425773,0.4630617701039934,1.6704873586403495,1,1
5,342,20263909,-1.7101687865755366,-0.37960770304493235,-2.0732611909436685,-0.8119219834624971,0.9355825260856575,-0.19563032954354515,1.0910174301956377,1.306139438952935,1,1
5,343,20263909,-0.1679677453112447,-0.5316462566379011,4.021985768166758,-1.0948032342514011,-1.5057811569505695,1.9841745099899897,4.433942485787567,6.5020550005237965,1,1
5,344,20263909,0.45754022327693633,-0.9201795447963073,0.7386818561635096,0.16639089278584152,0.9938025879342028,0.11374004091389057,0.18865810219273935,1.0180450227690099,1,1
5,345,20263909,-0.3516927214606369,-1.5147992415586136,1.8034113909150449,-0.9381323292910793,1.3858429874108527,0.5351149042194551,1.5873400642270077,2.9471583743905136,1,1
5,346,20263909,-2.2566382647984824,-0.9681714617091977,-4.280743710433171,-0.7354145138464219,-0.3816080377313594,-1.1839090422271692,2.4864973038831835,2.5239166850435635,1,1
5,347,20263909,3.2316531181204198,-1.6813102050132,1.778927671553646,2.4604770928134485,-1.3271763341268403,0.07632656098725071,5.98244163259833,6.96736424341553,1,1
5,348,20263909,3.203190676538185,1.6087662490707713,7.337680823750162,0.8514429064711635,-0.019720259731701308,1.9050488872799025,6.780411708362777,4.905765085996899,1,1
5,349,20263909,-0.14806182462126571,-3.8993952299056502,-2.3574427631009343,0.32668396410505807,-0.9830511631074369,-1.4618161998186163,3.2338961155935975,3.7139965378202375,1,1
5,350,20263909,-1.4233819194863315,1.8014639345886123,-0.4031642464240406,-1.0322113494442817,0.44513280619579293,0.4046229119804205,1.6545921380640376,1.3515846561753815,1,1
5,351,20263909,-0.07187039274592166,1.60067014594158,-1.0873615847210232,0.5815683671019656,0.579986585824976,0.2866883671263866,0.580532674890923,0.8752811426289022,1,1
5,352,20263909,1.1094918314455526,3.7648124504813643,2.839669400599007,0.07935966920629767,0.9194280720446283,0.49289454553260736,2.6386664151599386,1.2406475012912233,1,1
5,353,20263909,-1.5185579467871264,-1.4960761249449284,-3.6143515641205823,-0.1115922399181386,1.6170337022658803,-0.7093407934399093,1.8795742948157725,2.4671898101332546,1,1
5,354,20263909,-1.3828184839889843,-2.391856426873108,-2.331627965944321,-0.8672195038425059,0.4323620823358966,-1.3012649826800033,1.4822631993389463,2.6060568161848012,1,1
5,355,20263909,3.315308359653386,-2.553173920011528,1.0394519858061528,2.7602985911175892,0.7682587795000678,-0.2134705847082922,7.899542628099222,8.325260464562673,0,0
5,356,20263909,0.6584384433252808,1.3345489307451321,-1.89918226871103,1.0515803790503924,-1.0112250745839535,-1.0773614897830683,2.363344191877462,3.3584520059815244,1,1
5,357,20263909,1.5055321101097832,2.480813495848073,2.97737312833938,0.21250901712568293,-1.0555632646579605,0.11149798427583253,1.8855636112181213,0.9910200069978438,1,1
5,358,20263909,-1.8760690782087863,5.498888747138523,-2.3094468221900115,-0.9318773405780973,0.519755739838286,-0.5461982765448649,4.886692014679214,1.2982536434943945,1,1
5,359,20263909,-1.3381962551137576,-1.3868439590175181,-3.5629298486675083,0.7657186849114908,-1.820910555189371,0.8468263162773546,1.8239822466591706,3.624316403811252,1,1
5,360,20263909,-0.14717997519954906,2.1780602422616444,-1.0183125682777785,-0.5271503915558924,-0.13250913347858956,-1.8429860102977214,0.7788674396560997,4.180044457550026,1,1
5,361,20263909,-0.1569837189065879,-1.992229728573483,0.9538935670973245,-0.4882043459198826,-0.9885578346666039,0.22303455707987702,0.812055400774733,1.1760977313310368,1,1
5,362,20263909,-0.10187956251201058,-2.4734631561889966,-1.0425419810493537,-0.26639298128068845,-0.6751960439942486,-1.4245643239915329,0.9863192798524703,3.1244361205976605,1,1
5,363,20263909,2.3946631410114776,-5.418142851198912,0.2704308700677558,2.292949022162759,-1.3402069920829345,-0.1338407230209573,8.293978691515179,6.31178145972305,0,1
5,364,20263909,1.4696086185435036,0.41743280876545574,2.1928841100114767,0.490862055918484,-0.7203714189142247,0.062364686298137136,0.8853081072186779,0.6371999027836802,1,1
5,365,20263909,1.1033836910884531,5.381623836310397,1.877271816033641,0.7509367750771219,-0.2098729395653138,0.9102717905861281,4.0740267569295865,1.4861462840946071,1,1
5,366,20263909,-0.5070672738657152,-1.3522534104124195,-2.0283789961048484,0.021785783878101483,0.5789144246517592,-0.9334465393550445,0.8256985378028335,1.0412758141956129,1,1
5,367,20263909,-3.5309437676398545,1.6659456827584163,1.1236799664747537,-3.591786176315054,-0.45280255266011066,0.9775894642864812,13.249275596525795,13.7381079010007,0,0
5,368,20263909,1.1503624312119314,-2.216716341537746,4.46348732001691,-0.385240375252323,-0.6979127376687796,1.024367666285231,3.1776908381683526,1.4696642737004741,1,1
5,369,20263909,-3.1164033435077556,2.45544976729405,-4.698862943898774,-1.2506552895075629,1.7586430126980555,-0.9338763994494036,4.320853979684809,4.428656362749021,1,1
5,370,20263909,-0.8171024948201762,2.611749212937228,-3.004051114665188,0.19260472636651116,-0.8838463635010878,-0.9486423805782214,2.1468231232001354,1.9871679016687982,1,1
5,371,20263909,1.6336747782483485,0.6369914394130701,0.26826280124465995,1.526474191640233,-0.0698472125866207,0.03416538006710069,1.9446034370110714,2.292449699259888,1,1
5,372,20263909,-0.014805411347140307,-6.642275707229389,3.0361050393597253,-1.0262216043093702,-0.6045001848823149,0.5341901843059648,7.173838130174337,1.6122003757258572,1,1
5,373,20263909,-1.2469060634627454,0.6647746744741928,-2.1057128745441958,-0.37181849783860343,1.4530344962251664,-0.26626212873338784,0.6933166799987749,1.904227968890867,1,1
5,374,20263909,-0.803812558753151,-1.9503913350134168,-2.7316795001834606,0.1383824401862057,0.07462999167437333,-0.7966831482344684,1.4934390326154547,0.6786061881628827,1,1
5,375,20263909,-1.1561018732089963,-2.0359130340590808,-4.067333436183276,1.2660934438903837,-1.5079820511590263,0.9855078493452774,2.8502864320293426,3.952035808936222,1,1
5,376,20263909,-0.8484314741027674,-2.3564519334807006,-3.3284445044560727,0.9407478480636655,0.2970837693877765,0.3802491246653741,2.3336606803035647,1.2482051839559054,1,1
5,377,20263909,-1.088934550404531,-4.12357761822709,-1.107996252907256,-0.24584876938499178,-1.2168834349178808,0.5736066051248923,2.486675756306709,1.544706951870548,1,1
5,378,20263909,-0.5774149589769593,1.7713012276112325,-3.484808023435633,1.202721846888437,1.741179705698141,0.23895457395708322,2.5569602980461594,4.800325403656907,1,1
5,379,20263909,0.863776703277864,-2.0188084336831777,-1.353802657210636,0.8314758272093741,-0.9844551595859157,-1.4421392641048199,2.3961946770791815,4.047361183755795,1,1
5,380,20263909,1.424037936754388,1.0486330461727926,1.5416696232934584,0.4623222252165249,0.06118473753235812,-0.5432680605523562,0.9509966242879699,0.4980850105146978,1,1
5,381,20263909,2.5167124871439057,-1.1029572880255705,4.531655143982178,0.45039902812177957,1.1138972519878503,-0.05407739511613044,3.0618638291438334,1.3954668111933248,1,1
5,382,20263909,1.62303098776232,-1.836650686520857,6.2918590082035735,-0.29335012984464015,1.2235136940322293,1.935131238996292,5.478228944799131,6.4324898626782785,1,1
5,383,20263909,0.6086673470799155,4.104835139123665,-0.6498711428563411,1.0714955964231763,-1.6969944655459626,0.24713950716111294,2.842394526502971,3.359196756467292,1,1
5,384,20263909,-5.131177465512025,-0.33010568207849156,-6.481881082134393,-1.752984474638339,0.39002548534068043,0.29064252253573963,9.020275041949951,3.1356446687145754,0,1
5,385,20263909,-0.35541292502193755,2.109959603741722,3.206939678710171,-1.342885620341093,0.6493899703290437,1.0230572184495124,3.8499583401461734,3.2586248682454833,1,1
5,386,20263909,0.7602380728480966,-3.784329611866923,-2.5577769367727257,1.7827413555306464,-2.27158890185658,-0.4623662617566546,5.460233304066708,7.592870652656997,1,1
5,387,20263909,1.5208232955464496,0.2005144435805973,1.7397204025631368,0.42984497829473867,3.2148071780209886,-0.5514058608748337,0.9213417897386764,9.404208570553644,1,0
5,388,20263909,-1.115183340350569,-4.210799334162895,-3.685306857337082,0.7547110591561932,0.2644561069260266,0.09108171135428535,4.138020093428494,0.6888785714997494,1,1
5,389,20263909,-2.214977185815627,-0.6375085146948587,-2.533521464661348,-1.6235950364619498,-0.1019728302759324,-1.3208409611870187,1.8511849126856135,4.885731933688697,1,1
5,390,20263909,1.6392304543369676,-1.162067828422011,-0.06928127071057588,1.3885088480132595,-1.1296008807750655,-0.6072842414952809,2.428815408763599,3.337299202348676,1,1
5,391,20263909,-1.0250792971137912,-1.1481101389489718,-3.464817655730158,1.31544357424022,-0.9886287225930358,1.4648280650814969,1.8016005782991211,4.39553741966142,1,1
5,392,20263909,-0.5119868973293649,-2.6339784098175234,-1.9475009229711304,0.06515045598982283,-0.26809625976077506,-0.7849433864137886,1.4113444764999996,0.8097017227873572,1,1
5,393,20263909,0.10804186913472336,0.9666771216007131,1.520341084074687,0.10812599967403003,-1.3078442011453142,1.525804960834822,0.5911117571600829,3.369511078750938,1,1
5,394,20263909,-0.27409684282756075,-0.025960941124232754,-3.238263703026888,1.0356637500653108,1.826000320789675,-0.48358353326363684,2.2468350830451587,4.262884497398512,1,1
5,395,20263909,0.23586735736336095,-1.929637987408454,0.8951460770313133,-0.06757871486050249,-0.6974388063969958,0.22085698356548314,0.5549607572984067,0.44953460032174586,1,1
5,396,20263909,3.5827269393829226,-0.7677001312798502,6.069108417429305,-0.20654996922405644,0.657890540527709,-2.310971246269376,5.798703095818827,5.623121934823378,1,1
5,397,20263909,-0.5697827577114083,2.405699868593476,-4.814124099496581,1.0326447548850979,1.2711447416753423,-1.5568248530027353,5.461683433909603,4.4169321708025695,1,1
5,398,20263909,0.6010617095465989,0.2515863547764483,-0.4250526491474176,0.8054741650092865,-0.4814829239950934,0.012864135840685853,0.5147893221478095,0.7812361570044755,1,1
5,399,20263909,-0.9882974890227274,2.1021024749325554,-3.0687976238550334,0.026910132848854573,0.685947459968845,-0.9920719929821427,1.7932866102166312,1.2325446436766876,1,1
5,400,20263909,0.30333063390941106,-1.045849304202622,-0.1563010946009058,0.4740117353257176,-0.5190847876555206,0.20332025474520013,0.24797304753437896,0.43918887053827826,1,1
5,401,20263909,-0.4093969796365684,-0.7556732147174486,-0.9038195049337077,0.14661794880709067,-0.7004331068432393,0.2758967243356864,0.16938868680849667,0.46392611672875417,1,1
5,402,20263909,-0.6435537684340318,-2.540220095199854,-0.9883429497871532,-0.7508528247567483,-0.22285483727121025,-1.2549495460417486,0.9445669959919035,2.5678902774737264,1,1
5,403,20263909,-2.4802763587254333,-3.5936730339472747,1.4298308294869742,-2.0726661473675563,-0.8064154322016163,2.2246294630424757,9.096501778535558,9.35076182812552,0,0
5,404,20263909,1.2986635092172207,-3.806598961849081,2.067578953909532,0.6272197610183241,0.03649810407244542,0.503142217149774,2.475207679344022,0.7162063907317671,1,1
5,405,20263909,-1.047532455917775,1.2760118208525593,-3.4504303206353484,0.04732315303775181,-0.2678005385270366,-1.202151326202893,1.8089445736649679,1.745017888723284,1,1
5,406,20263909,-0.3881315738644844,0.11776358417466597,-3.0501353856607096,0.5960390098918538,-0.047569834529259475,-1.0045776101495536,1.7902603888796533,1.388797353979383,1,1
5,407,20263909,-0.5734408003022509,-4.24893880144174,1.0370890594922173,-0.564745391731833,-0.3477492541777406,0.934677421797826,2.983099275510032,1.2303397356243049,1,1
5,408,20263909,0.3473624203803922,1.3803042694057732,2.436661954517888,-0.3782537444994887,-0.29227239059983656,0.8418414331986291,1.2400705698344159,0.8832857777369486,1,1
5,409,20263909,-0.07068851602682003,-2.134079946338924,1.6373997875879098,-0.2675118679675563,0.1512735283751771,1.1791396438670079,1.2745935014971401,1.648288560495601,1,1
5,410,20263909,-4.655254109847107,2.1450282970663124,-6.517877758405589,-1.8228859402471755,-0.7130323950479522,-0.9028834196925511,8.130523817771348,5.374060319929515,0,1
5,411,20263909,1.7506174149394838,1.3641035284181484,6.83242664167966,-0.6206983115296509,0.7812415563805084,1.4502279020251163,6.207839869294899,3.519208399188256,1,1
5,412,20263909,0.6907926774727571,-2.431381705263033,3.33061248525388,-0.713421575129388,-0.7713691208134581,0.22611095618802046,2.299215935811386,1.1201097225046281,1,1
5,413,20263909,-0.17846407483793314,-0.2508920298345182,3.0590498326342015,-0.7436103781398629,0.0017720900089770524,1.816060861081443,2.6962283862126846,4.0324761494822505,1,1
5,414,20263909,-2.392032114708229,-2.5063508500576646,-2.207629262526922,-0.7252048646448657,1.3364936166447927,1.261782048948361,2.991422483742732,4.308087156886422,1,1
5,415,20263909,1.6199611531842777,0.7842863673394234,0.871748633941877,0.31851094013160264,0.7913144367386671,-1.9023630321209155,1.47661974305883,3.961354626889704,1,1
5,416,20263909,1.9952903257155583,4.0688157760781305,-0.26265525831004766,1.8933129512657842,-1.0586564428460585,-0.583933880184052,5.849840387466905,4.669174885922254,1,1
5,417,20263909,-1.5187288136846178,1.599937122877247,1.1154883199202459,-1.4616334742568426,-1.6988475185920777,1.2402922794417686,3.569117305105223,5.891220585736214,1,1
5,418,20263909,1.8635146264715559,2.669708364692349,4.136713095584682,0.08076184634469996,-0.47371772072085294,0.15044765869522092,2.9241719951758767,0.20293973714836627,1,1
5,419,20263909,1.8241888743701793,0.02929868467399359,5.269720280410837,-0.722496101217331,0.48319850716147716,-0.36460997599508693,3.2934194630005096,0.7764488364170845,1,1
5,420,20263909,-1.9563694171241082,7.0921335319877885,-3.2691201412101094,0.05768355343064968,2.1111548439021264,0.6278044605576016,7.745053322760479,5.06117411948236,1,1
5,421,20263909,-0.6976316829710356,-0.445182440646021,2.0936891218666034,-0.8849957366538774,0.027231104025817948,1.6843291470681063,2.4678245580654563,3.7416757177017113,1,1
5,422,20263909,0.1936348938382082,-2.7539143258098098,-2.0595066820739873,1.0637649400613043,-0.8241788765904321,-0.26975956245257615,2.406856751116732,1.7063859481600838,1,1
5,423,20263909,0.7309487102451442,3.7257068813084016,0.3371659913051701,0.4931585666188596,1.5540936268836243,-0.24884260350570817,2.044323798876332,2.4728171637593803,1,1
5,424,20263909,1.140777738312181,-3.310461488925872,2.348695276540113,0.76245846379922,1.3333290005030256,1.4529018608220357,2.0137351556097527,5.601962840873162,1,1
5,425,20263909,-1.4217372315732462,-4.170630813037856,-2.5597116806829376,-0.03456715466643345,0.07776339894944834,0.22685915695778444,3.0251237588898556,0.06842825929263416,1,1
5,426,20263909,2.250376961838356,0.019931643387147646,5.864354519584424,-0.2672181669520626,-0.1376374658335113,0.23141023758662352,4.032713505934288,0.1333071639192926,1,1
5,427,20263909,-0.6549713041230518,-2.898967294053688,-1.3608160855258689,0.00035661315644119895,-2.106434354205178,-0.004433941544001597,1.2630060870346185,4.054374097290743,1,1
5,428,20263909,1.0763137300427843,2.550299885494629,2.6255105557811476,-0.35456820724564864,0.8894222147031575,-0.5161883788159684,1.5939360431104035,0.9222987522060414,1,1
5,429,20263909,-0.6080929438599014,-1.968040547248105,-3.235400834817952,0.195762569075157,-0.6355153707030994,-1.5985961685243266,2.2560460623488963,3.484539094429774,1,1
5,430,20263909,-2.2733222470919543,3.6203030852063893,-2.365181544894085,-1.2294473390345217,0.8019568889857734,-0.28247735455789574,3.4781011891809546,1.9511322015249672,1,1
5,431,20263909,0.1309972665651742,-1.2297688221050107,-1.431622884028343,0.7981148330348731,-0.646281569063882,-0.025263718780247732,0.8661668787024167,0.9207078098792243,1,1
5,432,20263909,0.38665220844765713,-3.354789048247699,0.24959659226014708,0.25638379466903416,-1.5828875439394952,-0.08755910608580379,1.4644039251778405,2.3318578308547693,1,1
5,433,20263909,-1.6331311722862552,-1.6508455947311658,0.5301039069333626,-1.1311624171111987,0.8618778849853762,1.5935598138719365,3.088962954324223,4.908643004075591,1,1
5,434,20263909,-3.8333273728618167,1.47913199477703,-10.269485614647238,0.883182688472516,0.9448363699899369,-1.005338259635864,14.336601286949247,2.3538461481206414,0,1
5,435,20263909,0.7344454190712497,-0.28399433855164496,1.3651633178288165,0.47243978272018694,1.1555915275479953,0.8043636179275816,0.2599504198357222,2.657714130432216,1,1
5,436,20263909,-5.801163984275064,2.5432524579174194,-8.191691644178348,-1.5029159292638212,0.8509479355541475,0.28348996337550003,12.368375597554593,2.801501074298874,0,1
5,437,20263909,-1.8704377176424885,1.2537027940138237,-2.101977338570279,-0.6840902789300571,1.3436673819506215,0.38176665443696484,1.485693776894679,2.283270677094312,1,1
5,438,20263909,-0.14237734308269978,-1.142115111070703,-0.09008670325764001,-0.14045191753191943,1.560900694841075,-0.07844922727330032,0.16784692032407852,2.1628719888629457,1,1
5,439,20263909,-0.5921320519031212,3.1761783018464365,-0.7754797148878936,-0.9323698842101749,0.15058505992052323,-1.5528979962190648,1.3513682914523555,3.557692331229777,1,1
5,440,20263909,4.0830004734281715,-2.302933371731065,6.8518582271936594,0.66497111114586,-0.426747225518591,-0.8899771121193187,8.130220851733355,1.4839696878898083,0,1
5,441,20263909,0.9405017872936128,-2.427719974583642,-2.295205650107178,1.572450276556367,-0.6455609853907022,-1.0014098807454432,4.3450152268515065,3.7859877888361257,1,1
5,442,20263909,-1.5924499718148013,1.198925651296743,-2.8313636947132323,-0.7097039385121491,-0.07327762710883716,-1.0178056138547982,1.269474806535293,1.757888726794648,1,1
5,443,20263909,0.7310498379474382,0.8338867972818502,0.028557037287242792,0.905911543885793,1.2965482671676893,0.4111964450523369,0.5061420525554056,2.9823030221371245,1,1
5,444,20263909,-0.046719372182195684,-7.1725542709340875,-1.41833691300441,0.24274657394983024,-1.6822064138580266,-1.1294429603252556,7.083846518194039,4.614146200868358,1,1
5,445,20263909,-0.4380259713574617,0.14650079897239612,1.1702222967894613,-1.1078042826120509,0.41153080495286143,-0.25943105021141966,0.8406872782286495,1.3574926771660378,1,1
5,446,20263909,-1.1067399002495506,2.381348045566276,-3.6323392529968146,0.07573548018376641,1.11618159083715,-1.2253022855965139,2.507808707509472,2.236572074507017,1,1
5,447,20263909,3.1395172864601193,2.3297502927821117,0.722246273108297,2.5960251961539598,0.5113655540633301,-0.49427588383003623,7.432097485226873,7.1388343448914116,1,1
5,448,20263909,0.4356408339127711,-2.1577670189706306,-2.0768996526482226,0.8113036042987858,-1.4303915604359756,-1.3071285515258904,2.507607688226283,4.710081353336882,1,1
5,449,20263909,-0.1715548654245822,1.417289845024532,-0.2916772137291588,-0.2696288345232176,0.3913001681755581,-0.5118046072749807,0.2568400035961652,0.41678300016484254,1,1
5,450,20263909,-0.23552705372745208,-3.571363667727829,2.692515428207244,-1.2456513055056178,-1.5791064857664476,0.432064177636053,3.6501966398875254,4.077022664159597,1,1
5,451,20263909,0.1741033308751696,-0.5572441343443237,-0.23037394859584026,-0.2896403386276063,-0.5733099449923049,-1.2098118376323468,0.10305696478805544,2.3057305469848988,1,1
5,452,20263909,-0.9910175270822776,1.329368922280086,-0.8863972133559912,-0.5477973677476484,-0.8035861472879652,0.041889344789139756,0.6143981554642839,0.9562395862307479,1,1
5,453,20263909,1.6420767059697425,4.385831990601233,-1.2284249632973427,1.6134007238409822,2.4829189077950202,-1.3748196369156878,6.562252589998883,9.287696904602901,1,0
5,454,20263909,-0.1334695854122856,-1.0998284148026038,0.741721382691992,-0.7755344404382072,-0.2617544496490595,-0.6327320771301984,0.3615522416763539,1.2589259694817367,1,1
5,455,20263909,-1.3988032632449574,-1.5013187294877264,1.5303605988816003,-1.5099982852424034,-0.9621236052229174,1.2817855546195067,3.8203976013188115,4.463359856001839,1,1
5,456,20263909,0.07405930433031926,0.9575494213613205,0.3911302734954347,-0.5733457126989094,1.7741452809799605,-0.9677502433827351,0.13485231818602716,3.4223351932380637,1,1
5,457,20263909,-2.7696520481709967,-1.336580437082893,-3.9685024604609964,-0.7003582958702737,1.0604640528156208,0.28927309870178325,3.0064678184575455,1.5695922719632167,1,1
5,458,20263909,-1.0625456310575885,-0.45629827190905203,-1.7849645660534463,0.18589760251018106,0.40917835335248853,0.8544391645500816,0.4887208263742304,1.1596760206310983,1,1
5,459,20263909,-4.357225770890949,6.866260097457495,-2.7256661853363227,-2.133549518640308,1.8948608061515344,1.5991067959526664,13.816578063969793,10.73458723909469,0,0
5,460,20263909,0.47316650330353127,-0.2587941379041496,2.9390811438549065,-0.8240014359035683,0.8706891847965105,0.12194242106142096,1.4208752157744806,1.2826361413826077,1,1
5,461,20263909,0.48133321318258027,2.543893781551031,1.6969362375130999,-0.4823339375107878,0.035469558700223065,-0.42003559284673586,1.1419283836543748,0.44037842959324003,1,1
5,462,20263909,-1.80136678916017,-0.05142276583047741,-4.6447458108018225,0.7686569087266264,-0.5414486440427386,0.6814868027870978,2.685814263688973,1.2050033391878319,1,1
5,463,20263909,0.9535677060982266,1.3987474642629893,2.4448822719674297,0.6959626955370481,0.40212876324936186,1.8638365271745247,0.9427867879988668,4.9696655395893385,1,1
5,464,20263909,-0.06625968571626117,-3.4271586541852157,-0.30907586371819207,0.3771541253620114,-0.012200973891546691,0.5609522333824374,1.4561051650769095,0.5077329425534469,1,1
5,465,20263909,-1.2831523435630743,2.225453171967037,-0.9616538010185849,-1.3890344723531314,0.29736639844478674,-1.2144108553683652,1.313315398474303,3.5980885244458665,1,1
5,466,20263909,-0.33393726454818307,-3.129762251051325,-0.7489243964729297,-0.2164058593214122,-0.5365408842669916,-0.5636276083291383,1.2693911848671595,0.8071439781086847,1,1
5,467,20263909,-2.1432406225887632,-1.249791406364327,-0.8374578904842878,-1.8223333552591896,-1.6535209499345296,-0.15803421541314824,2.8300226405514373,6.566022424097363,1,1
5,468,20263909,3.039662457159693,0.8994092735161163,2.6663719251173603,2.0437202151366307,-0.25766317013925355,0.45698840460167806,4.20822612207129,4.37366716301589,1,1
5,469,20263909,-1.595560457100845,-2.158813407165314,-0.3246630065498266,-0.632023716112144,-1.9564782481534184,1.7302782162524089,2.247837953099116,6.009741942404008,1,1
5,470,20263909,-0.38476680414117936,2.7743120269445964,-0.7716005576390899,-0.04455801801239545,2.011505298253265,-0.07506484036860242,1.0167371937066418,3.621886403059617,1,1
5,471,20263909,-0.6901541321718696,-0.03982416514433504,2.3269830709546824,-1.3063063025965675,0.6244980108825119,0.9938007602443556,2.785902407644427,3.070461788681653,1,1
5,472,20263909,0.44505518785203435,-3.1157630034509336,0.6003632463021518,0.36481815441459275,-1.7068468404774537,0.3820300792052183,1.2659753115014474,2.6026681447404316,1,1
5,473,20263909,2.964860479784022,2.584342199589954,4.281098986523233,0.9602850126111377,-0.18422396951976017,-0.2139632694018062,4.4367385718810635,0.9515694826367314,1,1
5,474,20263909,2.435667296162734,-1.8939994594653664,6.401651015717661,-0.15096751491532245,-0.3915977323185492,0.5500169754289302,5.209532299869965,0.41132684635917216,1,1
5,475,20263909,-0.6480274553787524,1.6502070377893927,-2.989353664371535,0.7388038409752653,-1.0985950309354227,-0.09955761203663473,1.7499778515872864,1.5327156286688988,1,1
5,476,20263909,-2.2102708007354295,3.582579999251064,-3.3824957618355853,-0.3688781032471127,1.7147419515553022,0.37283511885307363,3.4031149373821377,3.1010664713226603,1,1
5,477,20263909,0.19704785581006945,4.360189163626082,1.1434830029053558,-0.5767737079253266,1.5727311757672195,-0.6217681359710211,2.472878992604905,2.5038587295479835,1,1
5,478,20263909,-0.8627769285657791,-2.933885161252149,1.3170526939350822,-1.638719430813694,0.31996164402326754,-0.3925902671325816,2.7372232907906935,2.8678327637892926,1,1
5,479,20263909,1.2826761513144334,-2.2749229623233895,1.1295029639552183,0.33918458419719855,0.30107460165347044,-0.9301161164040768,1.3628483009577286,1.007191206898463,1,1
5,480,20263909,0.7214159515064296,-0.04930833423504042,0.15933178043924556,0.6654793918469863,1.047591784281398,0.04662859568517409,0.35147928162791064,1.5842085594428355,1,1
5,481,20263909,0.49652558854762674,4.389624412926404,1.037963431045469,-0.011140398643249227,0.046533922541371765,-0.18210551273615927,2.473089250599233,0.03513470518069859,1,1
5,482,20263909,-1.4096787095169816,-2.9953214826972605,-3.4451266363541606,0.4428417600219916,-0.49425957573009527,0.3585217072148134,2.5896219948221813,0.46834083190426273,1,1
5,483,20263909,2.137060338961163,-0.07699840239319199,-0.5500156555641951,1.3088229024417046,-0.00470583572471383,-2.3026569465566253,4.54213008437218,7.0379222165784725,1,1
5,484,20263909,-2.369701690733109,0.1827552486884825,-3.5811522532337534,-0.4476216116673868,1.1701098881725087,0.40769960683790557,2.10806367615332,1.7058943242682538,1,1
5,485,20263909,-0.7548295880468459,-1.8288079741439984,-1.8466070515755888,-0.02842941810789057,0.06780589807630184,-0.3449527825525664,0.8286513786646099,0.12640794872153455,1,1
5,486,20263909,1.3960954188561345,-4.038500448045739,1.1837568436978074,0.9404145879883288,0.03688685951047972,0.08652745783876646,2.929151085757705,0.9004584699718519,1,1
5,487,20263909,0.5290718617644359,0.5833307495245589,-0.14069770720067254,1.3108352148295808,-1.4872410549016406,1.5653344512816894,0.3229710205066315,5.408395635315443,1,1
5,488,20263909,-0.20075222056271969,4.320363995537725,-0.6970055219421454,0.12232096643282375,-0.6708726157260048,-0.13251018847970894,2.370946388877898,0.46139509804515766,1,1
5,489,20263909,-2.1203912984719295,-3.1063493955322175,-3.552845940258962,-0.21944711198167965,0.3010808158888318,0.32567889931665944,2.998775486510552,0.26428190482106895,1,1
5,490,20263909,0.8467224227568977,-0.11344578926249475,0.29190560569283264,0.0035277088151133285,-0.247068296986701,-1.4969968525956459,0.4402100199086184,2.6155677269612676,1,1
5,491,20263909,-2.268185652063238,-4.637122993148198,1.233860783032469,-2.5465717882057106,0.25978281807858394,0.49750462155977276,8.555400739991287,6.5392485641262805,0,1
5,492,20263909,-2.1158808472588078,1.980656886491001,-1.9929322382796641,-0.7024892658009492,2.00052766005773,0.9761475543006538,2.222625494975195,5.662958825001125,1,1
5,493,20263909,-1.4925970011584013,-0.7475451019695964,-2.939536790505258,-0.7809946463795256,2.602981717638551,-1.4346763854868871,1.1659649559383662,7.30386852833625,1,1
5,494,20263909,2.664553435633394,4.668550689875913,6.096866127640496,0.9018408111043072,-0.8637254957687508,1.9312253144768765,7.04639758161836,5.029029735331763,1,1
5,495,20263909,-0.5214215288522723,-0.933236447330939,1.498700339936505,-1.2386666202932304,2.3492510920394807,-0.006993185727535324,1.3958392419305843,6.056488664293934,1,1
5,496,20263909,1.123968602979886,-1.0100439189279886,-0.13109489117879036,0.4271138573185169,1.7806564333518808,-1.5937678965383937,1.2546252045256234,4.748738918473533,1,1
5,497,20263909,-1.0531236174322203,0.9438746252722611,-1.0525204289403405,-0.6795870474879564,-0.022715826736975447,-0.2727821871948674,0.5416016583321939,0.5683071936381077,1,1
5,498,20263909,2.8456117749015846,-2.4380498242789574,3.2982966995764684,0.649017441564979,1.010987243950532,-1.528705427458234,4.05547265783521,3.2717572314303522,1,1
5,499,20263909,-1.9202359711285624,1.3654328828590958,-5.498877519396842,0.5646622181740781,0.02453849585380078,-0.4329788946123893,4.166246196555666,0.48926740959066284,1,1
6,0,20263910,1.1880633539128667,-6.624878995463545,4.02291907887377,-0.1878463948625324,-1.4109697138713777,1.1250312795823327,4.729452853631456,1.7893419921244926,1,1
6,1,20263910,1.087297241016529,-0.2237739774526268,1.7583167213108908,-0.11996426359391421,-1.4107903461444176,-0.5508292798220132,0.2915533899171351,1.5373416595059024,1,1
6,2,20263910,2.9273048643361506,-2.996069162018747,0.08698587509947231,2.3082866066887675,-3.581398215640757,-1.0836405050409685,7.281984933794252,13.287946216388827,1,0
6,3,20263910,0.19551414682442214,2.5422451417853447,-1.3162861850441487,0.16736690544189514,1.4088927540966263,-1.39031824984752,1.2133416604681175,2.177563487984565,1,1
6,4,20263910,3.106558163965502,-5.487817116117364,6.498654500439272,1.5134510544997681,-4.79148387122523,3.244037586191409,5.47429609773037,17.134332137848585,1,0
6,5,20263910,-2.5966179887172416,-0.3832234697485152,-1.735901861307255,-1.6680516493778725,1.7466261652215862,0.01341756964824325,2.532352220443801,3.8541481268176234,1,1
6,6,20263910,-1.815487264082634,-4.663567322600243,0.92037237711763,-1.69344361559277,-2.8037991919179217,1.0862509388626804,5.364015334186103,8.170746195973171,1,0
6,7,20263910,0.07931736619326557,6.573439279981071,-1.125347673143125,0.6034525846521603,-0.16298400267548876,-0.3364175277788536,3.9921257577850184,0.4744666784224187,1,1
6,8,20263910,-2.6537699754113078,-0.2484503567100654,-1.671544232856803,-1.9202685925515368,0.8774126783788954,-0.2998795555371539,2.75084346749828,3.406639420430829,1,1
6,9,20263910,2.3835999684325486,5.555881017174229,3.4475879209243345,0.21747017790139012,0.7404238427096774,-0.9023049166300315,3.881497888906719,0.8570881858257242,1,1
6,10,20263910,2.2477209035517376,-3.8139529209202436,5.010339056750354,-1.7585348561846104,-0.5894479470942474,-2.7803009396998095,2.9863744150738443,8.001986551250306,1,0
6,11,20263910,-0.3083011274611067,-0.8993788342097158,-1.36914271454404,0.6630634442351209,-1.1425288577149129,0.4772392429004518,0.3109920999350382,0.9983493369730381,1,1
6,12,20263910,-0.28792604903239294,-5.161206737818325,-0.3018806012838553,-0.7110085552533576,-0.3337599377615842,-1.2253411043109887,2.0897035354933884,1.5437320647483155,1,1
6,13,20263910,-0.2550951238122252,-6.664251073219772,-0.0854182128286709,-0.41289919767237393,-3.06748425717682,-0.5507658819708123,3.4676349074011767,6.1411898851947,1,1
6,14,20263910,-1.2727810736117533,7.580456057562011,-2.84467854996916,-0.129182206391107,0.8465779022307724,-0.9782297455104287,5.347283801414992,0.8809168394978821,1,1
6,15,20263910,-2.702499308708042,1.262817806149399,-4.031248373907218,-0.13485899595164597,0.7691803858759226,0.7452864424477577,1.7377641118054534,0.9069960312669479,1,1
6,16,20263910,1.7330309327490454,-2.1438482859223065,2.8861617127537613,0.3877461930837285,0.7898903072941029,0.251849015039647,1.1109713830776933,0.5934061582860727,1,1
6,17,20263910,2.6806741818906232,2.1254038144335383,3.174279011877701,1.5140982883001755,0.6193130368073447,0.8648229097697131,2.280195971873413,2.764341982239404,1,1
6,18,20263910,-4.752423191048933,1.6194420098103135,-8.614689889690425,0.30462493758733444,0.5587081483176153,0.5477051630275236,6.239183109187329,0.5351965021632352,1,1
6,19,20263910,1.9144809524388222,-5.677018721460794,2.0403453469221944,1.5014079099379387,-1.7203214691572883,1.0933125413756617,3.694042852344492,3.42955711384981,1,1
6,20,20263910,-3.128523954605555,-5.411846743708607,-5.452697255175636,-1.2268789884309967,-0.8299721058600943,-2.1261964741903867,4.809123682026968,4.984693982709116,1,1
6,21,20263910,0.4057392802403683,-1.0286765402391742,0.35415396842704183,-0.2499088249725787,-1.2461759372788792,-0.8896579638201713,0.13599070605299152,1.7535799336693016,1,1
6,22,20263910,-3.1687020174670124,-7.920162396535242,-2.9320150862476027,-1.4209443144782483,0.691306592351841,0.021481036358275522,7.29094849375212,1.9724443970345091,1,1
6,23,20263910,1.9911417596456715,0.6142766682901458,2.784720486185904,-0.20974494823892087,-0.3527542885514693,-1.454176023913829,0.9930172681628826,1.7209402837780348,1,1
6,24,20263910,-0.6397663787740839,5.5267408249553185,-0.0046255945837998524,-0.038037657941941916,-0.4438158710714542,0.9998286084963101,2.58408009614994,0.7574824015263313,1,1
6,25,20263910,-2.047016243281007,-2.5885506582828794,-3.2231473445819745,-0.1790278768111193,-0.7658224176784452,0.23680768794651,1.4797029067783924,0.3824656081843006,1,1
6,26,20263910,-1.4529516296665577,11.184523783502813,-0.14707417958807412,-0.4825232674913025,-0.00015823988387888636,1.1024172058063297,10.392842755620224,1.2343866133778667,0,1
6,27,20263910,2.7178537602262907,-7.32402681409252,3.6879592839564737,1.3172252397074544,-1.334111046121118,0.683681550753132,6.261300054151702,2.2625718980234057,1,1
6,28,20263910,0.6750764889366963,-3.2705422344559465,-0.95063101283462,0.38783010048345545,1.4078201200180533,-1.5338190849264852,1.9741964971597203,2.6718286646662452,1,1
6,29,20263910,0.23743898486750936,0.5387670146612579,-1.910266500881292,1.4181188588411828,-0.9158112642887529,0.3337200024283868,1.3592803810104421,2.0189566973491186,1,1
6,30,20263910,-0.7689087972309494,-4.388438322321278,0.7513337329699254,-0.6805750150434733,0.055538487903597354,0.8278629371561993,2.3852904589057946,1.0637846121471255,1,1
6,31,20263910,0.5248446881159907,-5.449673604716049,1.13518570983112,0.3069797054696437,-2.8806089341109846,0.6130856042885687,2.397615924334238,4.441075577105771,1,1
6,32,20263910,1.2858610121257357,-6.35264795652418,0.7117980040920315,2.002002118777824,-0.2665451743238296,1.9102179992459907,4.108750921487518,5.277476381291624,1,1
6,33,20263910,0.38601202485324393,0.5418665844997347,-0.38451969743883296,0.9059694205147935,0.3100563320113635,0.6091969340250324,0.28617598675637973,1.0169489525742126,1,1
6,34,20263910,-2.0767882307318644,-0.029810177422417025,-4.255656254251292,-0.017270446683738783,0.01687513348740252,-0.4386295486845572,1.4327033171198127,0.13877503231535554,1,1
6,35,20263910,-3.3373748226521514,4.61132050886885,-5.6882171071152925,-0.8778630595109576,0.9231232086821484,-1.296078029625969,4.409919776987348,1.7526425185852457,1,1
6,36,20263910,0.18169227021201095,-2.021587861753549,-2.6926637476472024,0.5736763640063032,0.187049355353818,-1.9797732077968992,2.66403871911662,3.3880843056687326,1,1
6,37,20263910,0.24678043389761228,-4.5327293369230395,-1.707125722900983,1.2114003209249802,-1.244298579373887,0.0326074898647653,2.8862331348752956,1.9829612057636972,1,1
6,38,20263910,-2.1416233384060206,-2.6024302145200746,0.9833394896974994,-1.6463747656906946,-0.4676079795108753,1.8990969142941083,5.738605915141397,5.847506134016702,1,1
6,39,20263910,-0.36808606033781643,-2.6232606909498184,-1.7969961749112002,1.448440611755501,-1.045220376374941,1.642299584276676,1.0201257458109572,3.355906720505756,1,1
6,40,20263910,-2.2175832487149876,-5.083622366466731,-3.0589613079540925,-0.7031465782786199,-1.1921157128941071,-0.35563496792279586,3.0677750955455876,1.4809026809237849,1,1
6,41,20263910,-2.381159214072568,-2.508450981263329,-4.955805306530991,-0.9796534459861732,0.5390534438081633,-2.4262012445070886,2.47905445174005,4.405918107580873,1,1
6,42,20263910,1.8309775698372732,0.548241345884148,2.425048369110044,1.4170193728247114,-2.2036491416393034,1.636597427224493,0.8476416052028731,4.744115235587643,1,1
6,43,20263910,0.8491059953258571,-0.9053699398682906,0.8081078187347828,0.6299015945298834,-0.5669338154216806,0.3842524515708418,0.28124503498039644,0.4938181038550091,1,1
6,44,20263910,0.7754575813336828,7.8316926419111415,2.6560536680476616,0.2681051606647884,2.4647076632157927,1.3997372405264563,5.252171940608698,5.7512813257549364,1,1
6,45,20263910,1.3998684567445991,-0.978238431655875,1.6407192538569433,0.7526721086805139,-0.3757691872362795,0.3853341247916957,0.5846052767432931,0.5615568729932877,1,1
6,46,20263910,-0.3357460199491413,6.558763376841045,3.030992968112159,-1.5826780851271565,1.3389208061154572,0.4280927618824812,5.924267083956101,3.422951262515201,1,1
6,47,20263910,1.6956402602397986,-1.8168071817122584,0.1174554554322782,3.044704512566085,0.4525502723880724,2.7384558861540187,2.3599064518691106,12.544999917674481,1,0
6,48,20263910,-1.0694474429918444,7.259474777478178,-1.0362752257338315,-0.22229665179915514,1.7562614330630262,0.3312785986067848,4.329670209145682,1.9592527027678777,1,1
6,49,20263910,-3.3686380454372795,-2.651894160869535,-6.158774177379229,-0.6011028166978747,-0.7170196378651106,-1.1450125507174074,3.6256753627513865,1.6629860744896794,1,1
6,50,20263910,-3.0886152263896633,-4.182986357569527,-4.929936687245117,-0.2309862792035915,-1.243418806360021,0.2766652939135648,3.5489792304039276,0.9392246092391469,1,1
6,51,20263910,3.0262763144291682,3.5621003497773884,5.82678900711845,1.1584610719227726,-0.5354074378722783,2.0307318039264453,3.6551494839695122,3.5521487923882447,1,1
6,52,20263910,1.6376733291941434,-1.5369733736706928,-0.7102951944231108,1.027337735479449,0.43053632473934056,-1.8765841262658502,3.261958093578786,3.9622930433464756,1,1
6,53,20263910,-0.8789872188001766,-2.432520027182461,-1.250499722325614,0.5888965394752006,0.2727588262370835,1.5191625230963497,0.6329019815918546,1.9782511054610477,1,1
6,54,20263910,1.0305105910072996,3.1638710004222763,-2.1331432414435767,1.2645933688575894,1.9612289569964603,-1.7216177134828459,4.557746710265527,5.793119858383516,1,1
6,55,20263910,0.3970374347792074,0.5109105303335266,0.16888083538805176,0.6412606009978674,0.18480566621405065,0.6359852282588349,0.09958755998970285,0.6356836012137317,1,1
6,56,20263910,3.108838968584763,-4.111787786411741,2.5206128316406335,1.663974169146826,-0.7346245830172939,-0.37188372901587796,4.889921697711943,2.9543750617672258,1,1
6,57,20263910,-1.595393681795258,-2.0811754932504134,-0.43698473905431,-1.5266641188900394,-0.27896077773783357,-0.3277455105267665,1.7756752423291564,2.1819723930498838,1,1
6,58,20263910,-0.5910385266077469,3.1905748430123,-3.5425452298251514,0.4351766040310565,-0.25216300396894253,-1.6830546120239616,2.9236688768977546,2.5445240443440595,1,1
6,59,20263910,0.2936185046744981,3.5429226162630725,4.835411549748741,-1.7611213005286004,2.7000039615203084,0.8026505046855662,5.502999811673629,7.610563040676759,1,1
6,60,20263910,-2.12963562515867,-0.04707193343129647,-2.872505302012712,-0.04714893851650004,-0.4055917904184792,1.0391727087637583,1.0131866630346262,0.8076637160277929,1,1
6,61,20263910,-0.4438342297040663,2.8501009840991025,-1.7592401764797643,0.3136571973913078,-0.708728142373754,-0.36725388326574393,1.0402047668582899,0.5293896155921435,1,1
6,62,20263910,-1.3951981348676554,-0.6648425622197426,-3.3424777611383405,1.126233555794613,-1.0887394824645829,1.4169194042067692,0.970535085034788,2.406850263812938,1,1
6,63,20263910,0.596893302066519,5.171749221742527,0.28854450431815337,0.705535883430656,-1.2912505294791623,0.3770103611527663,2.3303280737351124,1.1965247265336871,1,1
6,64,20263910,0.14614219891382163,0.34356872417167117,-0.2673012745900394,-0.03497719994774684,0.3031615139605217,-0.6110730851836242,0.07308235065560287,0.27762126661469716,1,1
6,65,20263910,0.3063468630238617,-10.96421842405134,2.1130615824820893,0.6408462188460362,0.0677595818776294,2.1806680882082534,9.599852176266516,3.627922023817518,0,1
6,66,20263910,-2.6195281876805154,-0.8415012533086292,-8.554382774123482,1.7865384938759803,0.8949533105580934,-0.5260548102147526,8.514521375257907,3.8278116991069218,0,1
6,67,20263910,1.8775867652958595,1.7885319982563794,-0.1859404651186196,1.9271270724720466,1.7379366962569829,-0.09165468294165367,3.266045054573933,5.441777114202849,1,1
6,68,20263910,-0.21452966716316269,-8.614089099597738,1.2238343199160084,0.06925189219509775,-3.228194987774195,1.4635209722621294,6.037455781492171,6.268361100793066,1,1
6,69,20263910,-3.8470683463640967,-7.79164850380901,-6.187717776192557,-0.15179014162910676,-2.2651492198121104,0.334086346434118,8.224335125414154,2.8520627890645103,0,1
6,70,20263910,-0.4359902322372591,-9.324213248364373,1.8923935481870586,-1.1428975243412935,-0.5963906933589187,0.1219247966505108,7.700592663552801,1.4878924122470933,1,1
6,71,20263910,-1.018323216407822,-5.65273018849845,2.660597872120036,-1.8365926041810212,-3.0944713648960094,0.9773931780349802,6.54637018648827,9.53877537864367,1,0
6,72,20263910,3.1033388199660976,1.7076869934538874,3.4666931981133615,1.0506967185278313,-1.13030358594173,-0.5473087182784121,2.922298747542981,2.0611707545157882,1,1
6,73,20263910,-1.7757419357673143,-4.4229758281081395,-2.404884967300248,-0.5162607342200829,-1.1546713656154464,-0.133880558069698,2.2048480303329807,1.0944181210725628,1,1
6,74,20263910,-2.1046560033302626,-3.5489013126410214,-4.276621075718765,-0.49586136030322336,0.6108071355607477,-1.3685438636438905,2.4749072265049397,1.412240454084675,1,1
6,75,20263910,1.484901671239868,0.4474757091948036,4.3849627032808485,-0.21889595777699355,-2.4397127322416905,1.0706495631072581,1.702509289974975,3.7300837925663735,1,1
6,76,20263910,-0.29042893208512055,1.295713884868738,-4.7163136976354,1.9764988831991843,2.8768447060220943,-0.45368079175123327,5.174567537814028,8.874895534015963,1,0
6,77,20263910,-3.0489515975749555,0.3433620721758295,-4.1227860718870915,-0.8629869533773729,1.6390204462015898,-0.06845077577521964,2.044309530014862,1.9578024409754835,1,1
6,78,20263910,-1.5367176542924028,-4.240121743015695,-3.55208047606871,0.2243237821916182,-0.09529254343649585,-0.35377585477438744,2.516274057969392,0.16661847913323855,1,1
6,79,20263910,-1.4203024791096652,-2.347547023744818,-4.847765158638779,1.4062112560824573,-1.371626868622453,0.40747858153138555,3.141532252518846,2.4528000466554594,1,1
6,80,20263910,3.1224110131338136,-2.52750194144044,6.290112732709176,0.6335312835669527,-0.22991943314557092,1.294275908990311,3.5311493640669487,1.353528601441768,1,1
6,81,20263910,1.5057862428951125,2.0749681429807283,5.26655015867901,-0.4604127581488058,1.2021108885589011,1.3749239140306824,3.039901436200035,2.882491599222248,1,1
6,82,20263910,0.899172409203004,-6.961143066534002,3.4705365399561146,-0.5791170785683732,-0.027271547148498783,0.365027372828014,4.7969628239018665,0.44979257334916767,1,1
6,83,20263910,-0.8434043007725052,-5.431343165788701,-3.1119079886401124,1.1243208057883294,-0.6714126172769099,0.4553190226759475,3.639994732288762,1.2582029889342596,1,1
6,84,20263910,1.0448511904580755,-1.9837173970512034,-1.0909220407122575,0.9124470361764168,-0.4351485994035727,-1.3590631964862316,2.3362263596390194,2.5941490856886897,1,1
6,85,20263910,0.449870499111654,-0.863648721510351,-0.11498254780849493,0.40950122212191786,0.2295720003487958,-0.19522386732350558,0.2574259879578975,0.22831015958687154,1,1
6,86,20263910,-0.13018988480928328,-2.986883198592175,-3.5639895909952486,0.8295003842172548,0.9552487819571135,-1.8157368362984843,3.849591101234258,3.59960342745064,1,1
6,87,20263910,-1.5718527897191166,0.7721112388592669,-2.2140291955350335,-0.8401096266269406,2.40469881907833,-0.8240486692960054,0.600289035408659,3.475381773273836,1,1
6,88,20263910,2.0897672553338396,1.855965922521256,2.330650931204758,0.30090187977927485,1.095390248129873,-1.127577616573492,1.4714479514558192,1.5171759188348326,1,1
6,89,20263910,-0.438351342209927,3.795671721474106,0.6896602223873458,-0.6679990962193187,0.1290293299526853,0.18281441881928928,1.5414006992788731,0.4590822143696959,1,1
6,90,20263910,-1.3059041122408814,0.44912317117519057,-1.7525289570053104,-0.6589524694221609,0.5912635171484287,-0.5388323929943892,0.4037275416100453,0.5926170813451065,1,1
6,91,20263910,0.304029799537858,2.7215891786741877,1.7371621847889713,-0.6568791966872141,1.269001143987584,-0.1334145868795379,0.9859039568540238,1.1364949701297253,1,1
6,92,20263910,-1.9130712971238495,2.6322587350930196,-1.3474256387919468,-0.7003686548394512,0.78320320662898,0.9126401200797978,1.8233292010052942,1.6547968073596324,1,1
6,93,20263910,-3.372070552351431,2.1420237246904703,-5.069003813067042,-1.4676527936476305,0.9823661753611262,-1.6126560018303802,2.849006333727143,3.27544674668211,1,1
6,94,20263910,-4.076633919183479,-1.8956823654735682,-6.915740262508493,-1.5079032623588944,-0.15167906319370072,-2.3105600767652974,4.287226696331897,5.266502000624027,1,1
6,95,20263910,-2.046895564537408,-1.2640201818622852,-4.249379656805786,-0.6890677475226994,-0.4096130678518276,-1.758797021726094,1.5624022892895195,2.7118538400078998,1,1
6,96,20263910,-0.5357535837937348,-0.44665022578429564,-0.5546224138334992,-0.6031613521717532,0.49444791316781683,-0.6816903704751482,0.09330202899730264,0.5929066707544288,1,1
6,97,20263910,0.7867123858040941,-0.11099508536973476,2.0919926002416958,-0.40414154200337293,1.1318423693033663,-0.1930904825413706,0.3679813994519004,0.7631137133348231,1,1
6,98,20263910,-1.8275785716467396,4.048780518634747,-3.0030963142867932,0.4315061722967073,0.4636774551348191,1.1714553742221552,2.075025774247127,1.3426943743237194,1,1
6,99,20263910,-0.08429010321731312,2.106299332758936,-3.4674137415133117,1.0962737932788116,-0.23410682241758085,-1.2833070090156153,3.3802770912072937,2.6937905552030603,1,1
6,100,20263910,-2.842185503648807,0.036537323298978346,-1.7395108891539905,-1.5880026983741402,3.408798503855515,0.6659793471712545,3.2062711374182573,9.224297701217838,1,0
6,101,20263910,0.34557283761139956,7.277862744598656,-2.970424332400995,0.09406902229511616,2.8245037461457505,-3.6430580693004573,8.048539310194267,11.866408153650985,0,0
6,102,20263910,-0.4460415089741616,0.21965436252929887,-1.407997465327881,-0.3665130050296739,-0.27034554448238,-1.2586010731226334,0.20325417602593326,1.310820019352866,1,1
6,103,20263910,-3.2038875303246073,1.1393302090131336,-0.5677915076674793,-3.4202977087293505,0.12653365215008472,-0.9762765958752121,6.611054542080976,10.399722100099513,1,0
6,104,20263910,-0.772859244189732,-1.768728876894149,-1.0758841108113586,0.17893269806324952,-1.342227769879325,0.7250343515893698,0.3779885139096127,1.1359262206179492,1,1
6,105,20263910,1.1597803592939897,-4.569144527122607,4.423387715327252,-0.08632136682319924,-3.152090238835097,1.9156912971360822,3.5511556045906443,6.945383567662976,1,1
6,106,20263910,3.156613343793282,-0.9451837085327218,3.8309937880973735,1.7833419630586036,-1.9620062542659251,1.1332375120540275,2.7065530314624615,4.548203027182581,1,1
6,107,20263910,1.9310455463324558,-4.790231663493016,0.31682914562965436,1.1568107715084182,-0.5514751686316904,-1.269906429180423,4.486950329049976,2.99087356164462,1,1
6,108,20263910,-2.3205300616263855,-0.967431666781894,-2.0048817202446116,-0.648736452766542,0.18094715017068974,1.138580019625608,1.7140001075840323,1.5651780810885638,1,1
6,109,20263910,5.742055632894619,3.545510138625425,8.872324670393951,1.392119358618885,0.44610846207909854,0.005192587430878919,9.766620806354853,1.9290852684792297,0,1
6,110,20263910,-1.0187857744489577,-3.899742210217434,-1.71661842327444,-0.8877972046905143,-0.2660302137804894,-1.5430816121190127,1.4438375065785516,2.3037345229630133,1,1
6,111,20263910,2.653724087965429,3.897407496070855,1.4581229694635027,1.1149567759451315,2.3832001886749468,-1.5445283584494385,4.5131044302696655,5.910425088172583,1,1
6,112,20263910,-3.071596071560691,-0.9561526892050907,-2.8659380546887974,-0.5339421537798046,-0.06763477401153878,1.8978263409481242,2.7261965057670627,3.1455528689136085,1,1
6,113,20263910,-1.6091962264821689,6.453138325356939,-3.8383661297905434,-0.12090459358057615,-0.370067549377078,-1.2758416129343926,4.708122098371133,1.3667160008153993,1,1
6,114,20263910,-1.2573780116971136,2.3961527495673094,-1.8751801856966779,0.07965516203387324,-0.006822786521484908,0.6218081507397251,0.8024790202780768,0.27932243398405837,1,1
6,115,20263910,-0.09190436918146361,-8.497424682558828,-0.6018044567395435,1.1493579771992017,-2.6877012288940456,1.4678503477260623,5.879181045834251,5.134868800066901,1,1
6,116,20263910,-1.311424584298038,3.593972766671074,-3.2659465791795554,-0.3086018575918388,1.5369585784309998,-1.4545207852509603,1.979310223344918,2.266510828834742,1,1
6,117,20263910,1.0168207030772862,0.9365990990047312,1.892837524370691,-0.10877657850915057,2.295085370987128,-0.251878499634122,0.35411254301627226,2.825259003296213,1,1
6,118,20263910,-1.2872287139424259,-0.2354141923308486,-2.1845456467524684,-0.1495038239964117,-0.5567365456413084,-0.04673594731837109,0.40973389784037273,0.2100104727835721,1,1
6,119,20263910,0.2290258085286041,-3.020990150325683,1.7995590265201002,-0.30279138680069195,-1.5795149015561656,0.742385442045125,1.215637465131759,1.721408640090478,1,1
6,120,20263910,-1.629844073440438,-0.44602854078512316,-1.7019635866642062,-0.7395047586402654,-2.244639406190115,-0.006873563325255311,0.7154318251200855,3.5247809097937015,1,1
6,121,20263910,1.4626507708509564,-4.3018067234433195,2.5527337099286314,0.9149390174345058,-3.904943433706013,1.4669799461903035,1.9961938203425373,8.803802596054254,1,0
6,122,20263910,0.7769993656288534,0.7835213821036019,2.3617869443872763,-0.6352153863925025,-0.2977093318495192,-0.3575535379761592,0.5604060355808538,0.5031576750080302,1,1
6,123,20263910,-1.2484459007559678,-2.579536282321078,-2.0493737266166363,0.09392865973572384,0.3630687862386951,0.4500579118886498,0.8898715487159035,0.2648653796290025,1,1
6,124,20263910,2.5946416420792673,1.3083033867370004,3.1243221251346824,1.9806905840096078,-0.42105093506426916,1.9050069227852922,1.9045654242622567,5.152201318757027,1,1
6,125,20263910,-2.2206620674918724,-4.587262670237683,-2.534829144927386,-0.14463494611385386,0.2127451024263634,1.2732595236090918,2.7620533407234515,1.351245455638281,1,1
6,126,20263910,-4.505751892598454,-2.0830193176854417,-5.766461647765325,-1.1782739274742937,-0.28523155359336244,0.30334798434100396,4.703143722739748,1.468891266547823,1,1
6,127,20263910,-0.11029000676313672,3.0974463529745493,-0.3963005866954603,-0.45015252605037404,1.5434017856676914,-1.0723658374678986,0.7731230976704507,1.765968870262912,1,1
6,128,20263910,2.8553149512713105,-3.9834936082417163,2.6296244194545153,1.032328932668804,0.11477096341056979,-0.9803299081110773,3.9652620612157676,1.900893664045105,1,1
6,129,20263910,1.6108346152825277,1.130340751955702,2.791621648030244,0.11561852445004206,-0.506982169826716,-0.11061320847584528,0.767000239814597,0.17372970486580241,1,1
6,130,20263910,0.6138628821902614,-0.38121171492644945,2.149925392270845,-0.3404033893538667,1.6229722219964733,0.32136526301222035,0.49032489533627127,1.7360690250791242,1,1
6,131,20263910,-2.7722461306335617,-2.5051380192561363,-1.6315206458790783,-0.16821446007830332,-3.3517115251999154,3.35666600378509,3.5548629208094837,12.251313224287216,1,0
6,132,20263910,0.06454757295048807,-3.8972226849179825,-0.3540436501821631,0.6299490007781685,-2.231659309029264,0.6777622003481413,1.264022119860295,2.8560884887413813,1,1
6,133,20263910,-0.914761108077812,-0.6560613401737506,-1.9892939441044888,0.18918595382766057,0.32271335967914033,0.0892882544358507,0.3464668657429821,0.10680130147309502,1,1
6,134,20263910,-2.038012309595132,2.8570258880168407,-5.402178182607869,0.15461781752654247,-0.047566750864207925,-1.413715507375698,3.4020422634451637,1.5583972480438288,1,1
6,135,20263910,-1.3524324407729864,-2.385861026128095,-4.882962052095394,1.5203931707673917,-0.5205774875043983,0.45300611274593794,3.326040311249203,2.0689748966434363,1,1
6,136,20263910,1.2177677216615166,0.7016377817251278,2.9587033255918556,-0.7777752811880703,0.3674753521269092,-0.886159040328013,0.7272298769370171,0.9238575300097935,1,1
6,137,20263910,2.2234144669811826,3.724304600595961,7.32384692602065,-1.3084312429324996,0.44567210671657503,0.2609328215657399,5.840176340856976,1.7369698353662506,1,1
6,138,20263910,-2.1973233794182647,-3.008405698949566,-5.556135606101492,-0.4872432751815836,-2.0498446911168613,-2.461931138384518,3.5354266368643814,8.003890256315582,1,0
6,139,20263910,-0.43000048934166557,-1.4251813119036103,-3.039224770620308,1.1115248382568552,1.8352411405678593,-0.13551485098105592,1.7805852674007001,3.232472735363791,1,1
6,140,20263910,-0.8393075357339228,0.3244918884956475,-2.8663564164897224,0.8542217021150975,-0.13578394386387668,0.32048505300588404,0.9102803360425458,0.6540776906553218,1,1
6,141,20263910,2.365941526848019,-2.7183060583856804,5.195798676883541,-0.34453487320647014,-1.0160625791232123,-0.15181831921998987,2.594018275206956,0.7694538924644034,1,1
6,142,20263910,2.3264818401272294,3.395404189008094,5.444129409784608,-1.0001905347155855,-0.2724712646986429,-1.1032843105028274,3.1072598234354634,1.6852950803574533,1,1
6,143,20263910,0.9515860449727995,-1.5269779287405003,0.6189873528743419,0.9412391105622646,-1.4444571757203857,0.5978957881844578,0.5504601235019795,1.7270927070351458,1,1
6,144,20263910,-1.1258589951000886,5.83683617473091,1.1730735293838706,-1.8222283716574168,0.6561452918306445,-0.30984559837171277,4.584597567034448,2.970329518978338,1,1
6,145,20263910,-0.21838277315410437,0.11444722729559752,-1.1472037357076204,0.20973192839096555,0.41735973907358753,-0.33672478739979,0.19234537178786593,0.21479535704827102,1,1
6,146,20263910,-2.134755520749877,-0.04639854667659221,-3.938818729746046,-0.4709514823908876,0.09697491326006431,-0.8606274866379671,1.2397351174953706,0.6299920169401519,1,1
6,147,20263910,-0.88159828631251,1.193837958268551,-0.7648375754032202,0.014226859558164051,-0.8458740641871895,0.9358004041913573,0.3502722527261734,0.8565512268946938,1,1
6,148,20263910,0.6367080065731159,5.772891672465188,1.7982370124210263,-0.3542168328973787,1.4084328056778077,-0.2549113582305581,2.8086457097157704,1.10053610488305,1,1
6,149,20263910,0.14738303912054107,2.8744099999454797,-0.6110562923191196,-0.46905539751284664,0.1492163011014388,-1.8097010787967565,0.8499531624443262,2.3430565378312407,1,1
6,150,20263910,2.3515264281491284,-4.769788731283677,5.280913232925855,-1.2769042535024369,-1.1883637868688468,-1.8667686288629108,3.804344643300153,4.968340958798291,1,1
6,151,20263910,2.08177343819915,-1.0866980288030845,3.378526272816373,-0.03805096204541769,-2.781356354342428,-0.7006674035741721,1.1674304530935873,5.148746667962806,1,1
6,152,20263910,-0.5888023622103731,3.478466643421737,-0.23493774922020805,-0.8136015071044369,0.338717497693948,-0.7165155307409782,1.0879360113221292,0.8097158277466655,1,1
6,153,20263910,0.5955597429900763,2.7519402180543175,-2.256049705829824,0.5063039375437199,-0.6880197334800491,-2.455854399302404,3.286238951711873,5.553556777893853,1,1
6,154,20263910,1.8483847636442476,-3.346302679392721,2.981715166058237,0.9067630964960074,1.0542026506550788,1.0910977760436509,1.7234743686949365,2.4051539996441056,1,1
6,155,20263910,0.35650954399744705,-1.3150139237846992,-2.958374376523878,0.5604600594956821,-1.4685693480962738,-2.5770233594532543,3.353141259095659,7.455019591444652,1,1
6,156,20263910,-0.6869031802897325,-2.3430791166878073,0.39307412662992647,-0.2609397615790101,-1.2937083386256725,1.190348823567059,0.998130283926342,1.7964603037539768,1,1
6,157,20263910,3.280695001667681,5.81212588355076,3.6185518592230608,1.11448427463867,1.9334699844198113,-0.755594422592026,5.928734642223269,3.74327215713129,1,1
6,158,20263910,1.6016387912733592,-1.645967709603182,2.9996594328968627,-0.01445075741725077,0.22769078353976596,-0.1462204090945695,0.9270745137422927,0.03615786071515634,1,1
6,159,20263910,2.9405423025800985,-4.731960964878448,2.9659763397854135,0.1506462116782643,1.2300880445544224,-2.500711330481611,4.4958910617469385,4.841927688579202,1,1
6,160,20263910,-1.8631385596561074,2.1412007392844705,-2.7537296563567963,-0.6070844549225001,-1.155915724208924,-0.4267328083503207,1.1303746543170543,1.3576598257561632,1,1
6,161,20263910,1.5494862049382334,0.09575856020434999,6.282093634320901,-0.5270606223127459,0.9086825333542562,2.1547258337173028,4.309455677236972,4.85017095299583,1,1
6,162,20263910,-1.2653384950185682,2.324866715571211,-2.2751317374523836,-1.041885901968726,1.0546708967460852,-1.8802184046718171,0.845380776950245,3.12562563097584,1,1
6,163,20263910,-0.9556821254379031,2.7977862775140974,-1.7365756554431897,-0.40006874973582285,1.378910370337316,-0.7219499116554592,0.85865393923468,1.2169211792814285,1,1
6,164,20263910,1.8593408323283427,2.0598194000387444,2.3887121439605465,0.4521402044309468,-0.74380025098609,-0.35131210846930944,1.2032300491897794,0.6411899126049146,1,1
6,165,20263910,1.4861590410991994,-0.16762347602692287,2.5948793148950386,-0.517066202592332,0.47447525657276013,-1.253673289321777,0.5733885213283146,1.199137825735039,1,1
6,166,20263910,-1.86653346414937,4.769814053756212,-1.9796135954209575,-0.004162570021492229,-0.6870565317478944,1.4362392419217174,2.5935710756961625,1.5611077971999283,1,1
6,167,20263910,-0.24724720557500746,6.24210832830771,1.554851730998152,-1.2559399084158542,2.075681704865173,-0.5344255648905819,3.714442363202469,3.2863602181192517,1,1
6,168,20263910,-3.8953052348537085,0.7372394713164773,-5.612829224663059,-0.34837292864509095,0.5695070995316657,0.9245645737795174,3.303874296884049,1.1012415553557082,1,1
6,169,20263910,-0.6515990289276488,2.028667793788672,-3.0951104817506945,0.39969322241657324,-0.6997010565390306,-1.1504899757364697,1.6982990155136521,1.6523099398903667,1,1
6,170,20263910,1.4501973797527512,-5.284571501697705,0.023855895990124054,-0.052499688960722324,-0.7006627084863138,-2.937971509055676,4.02240063675174,7.031476376507948,1,1
6,171,20263910,1.3521987771922852,-2.656609577189028,-0.11456714839664528,1.2992739245309224,1.7032182360401147,-0.23563659939846002,2.1345057196211656,3.4270814016146742,1,1
6,172,20263910,-0.1381790346715377,2.117099933799515,-1.9988379809218486,0.5709770684110822,-0.7359833865875424,-0.6821764507212389,1.2324742502099302,1.0959126312700307,1,1
6,173,20263910,0.24936047062288935,-0.20541423082151472,0.533011428988587,-0.24089043816698563,2.7926786342230066,-0.36460252009252364,0.025223424793254148,4.159527422290199,1,1
6,174,20263910,-0.6677259522465988,-0.34500346180599,-2.055696990356722,-0.04239542396425122,-0.28409753993407005,-0.8832961773772263,0.4300362438417964,0.6729816129238791,1,1
6,175,20263910,-2.504239087442784,4.573544518562066,-2.6320728225608434,-0.8754285882289139,2.740663675154155,0.3479597693062088,3.141700127350175,4.983371627371731,1,1
6,176,20263910,-2.6004104996923445,0.07315744517387986,-5.6089098887784985,-0.003919204800212128,-0.27593047815153865,-0.8415122985538925,2.5525844801215634,0.6180750784888712,1,1
6,177,20263910,-0.6971004683969397,6.239132567886673,0.30870383035355076,-0.2413684488159049,0.18050621151275295,0.9937665243218174,3.398758971534303,0.896194539368176,1,1
6,178,20263910,0.7922527515131321,0.6455634195164804,-2.7556503032408415,1.4177688356635656,0.07714695210845578,-1.583780061833221,4.144880382498771,4.171853923048621,1,1
6,179,20263910,-2.218714774467884,-1.0728370059988068,-2.9651331667651846,-0.8210613154606108,0.24504978609666073,-0.3695783110437083,1.1872261369390744,0.6235837882230825,1,1
6,180,20263910,0.47662121703763205,-2.802334159575463,1.5697768227620088,-0.689973757962008,2.031227659355745,-0.6784149064406381,0.8358507640190056,2.458004030167126,1,1
6,181,20263910,-5.348226275203871,2.02883128081784,-9.391203009053868,-0.3544983802750892,2.100285479809872,-0.43262876036104814,7.580649338097874,2.3699379662072895,1,1
6,182,20263910,2.77682109416682,1.2046958134163739,5.644246069312331,0.7393969440166188,0.1335884112022209,1.5827238986287824,2.5531031161546975,2.1525583543841953,1,1
6,183,20263910,-0.20376633072834238,5.815891514910863,0.30103210558826277,-1.1366999852794493,0.874337027370333,-1.6154626873495457,2.6711376292135736,2.6166061935639986,1,1
6,184,20263910,4.286239111287983,-5.741956177133065,0.7680036910263937,2.6112325643106544,-2.4077299409984505,-2.5780545472661114,15.335010520245996,16.469028880159755,0,0
6,185,20263910,1.0630050040724086,0.11313337968238739,3.3361950460101184,0.11362377648882216,-1.3397896658082404,1.4885678717134785,1.040244454776031,2.1283019757782995,1,1
6,186,20263910,-0.06613637307367526,-5.180466096970313,0.3477906167375693,-0.5969375006621647,1.2685486796726644,-0.779399893345544,2.1061125687322084,1.2281150004395949,1,1
6,187,20263910,5.226308775252676,-0.9346611231520318,7.025698591540447,2.258428213878773,0.3458435591325623,1.033257607701079,7.315322753147206,5.07398727536605,1,1
6,188,20263910,-3.0745525167272945,0.22343790460563528,-6.947908159261459,-0.20022852615647935,0.4794780521453015,-1.7325505489176996,4.0678367460318245,2.0805177188680664,1,1
6,189,20263910,-0.7823726492540004,-2.081702542621152,-3.184134547811965,-0.15570922185463587,0.49168372040819047,-2.041212483761298,1.6510181498192746,2.8945824663727673,1,1
6,190,20263910,0.024841802258492862,-3.108361042542494,-0.23639932385714246,0.19200580587829563,-0.395837104189284,0.03665832922179866,0.782608389171816,0.10727285423149446,1,1
6,191,20263910,-0.8488157744505713,-0.03495353427603642,-2.4458782699769728,0.1714076550715049,1.262745144897181,-0.5254717817125256,0.5667802855367166,1.011555772681797,1,1
6,192,20263910,-2.737854632970482,1.5447778328457151,-4.231500746805665,-0.8188911604101463,2.108613495600536,-0.6820724100706952,1.865706966605877,2.738812613904268,1,1
6,193,20263910,-2.1421693626311935,0.7491309701438466,-3.0711926474997426,-1.0823725715119679,1.1357143361476727,-1.1044424180556685,1.061181181689333,1.9393459354610778,1,1
6,194,20263910,3.736940192451982,-6.561778100373154,2.090864574420962,1.8823388573386808,2.102345055441059,-1.6826573169803305,10.313846651358972,8.141686067632513,0,0
6,195,20263910,0.005190933399859432,2.7712041168259116,-0.21666288212064444,0.015873344924074217,2.45411587700927,-0.2042292095093011,0.617991727648847,3.282204353566353,1,1
6,196,20263910,0.14859163866762515,-2.1624902230479925,0.09066247138055417,0.040567239859797155,0.9754903315563327,-0.13288760434568547,0.3761299222946685,0.5217852866429536,1,1
6,197,20263910,1.2093352523357055,-2.7803630840004256,2.1056949466423447,0.542562666450749,-0.3942442741742954,0.7757700480217187,0.9776541572432391,0.6002388967143275,1,1
6,198,20263910,-4.834374445361362,1.3815019365510097,-5.074770289955623,-1.2489425453611602,0.6085701763398532,1.531976935371263,5.864131842868085,3.9292724587116785,1,1
6,199,20263910,-3.3109771794144365,4.952653908446579,-4.75652111819025,0.16026760945121055,-0.1870484259398731,1.5909736591932047,4.262635851000681,1.7883869334221942,1,1
6,200,20263910,-1.49311649634015,-2.624533387896525,0.3626644363278899,-1.0951844043869983,-2.6668566462324943,1.1221621409592482,2.6075734934327173,5.9424709900118025,1,1
6,201,20263910,2.7018834358857475,-1.7902356565020268,6.998601772539558,0.9381215966059813,-0.34333420346872695,3.4161136771588656,4.060984465804232,8.517333854905152,1,0
6,202,20263910,2.9199883067626615,4.167918383339724,6.291349787259307,0.3226321352344712,-1.234629143731025,1.0451555191729212,4.2841241068042875,1.3226026465485035,1,1
6,203,20263910,2.699999065593744,-1.010214469490969,-0.17704662725316211,1.9684850966617091,1.7327859739287803,-1.5657066768686598,6.072983665800054,7.476672475713262,1,1
6,204,20263910,1.5495260315790347,0.2705216192624187,0.5317448607303561,0.563371554153747,2.7948048432426322,-1.3128592629741611,1.3220491158169632,5.413496946331555,1,1
6,205,20263910,3.4485718224912887,-1.2754567550834117,5.535373370405068,1.1774042774789848,0.9269466787178156,1.014650053237966,3.1422082740882082,2.5685244898173267,1,1
6,206,20263910,-2.6632976461781084,3.3429297910545244,-0.23968510731801018,-3.024710249351898,-1.3162836751036973,-0.9591589137757599,5.646035288251931,10.0445447014796,1,0
6,207,20263910,-0.9245024259160175,0.2908003388885627,3.891189693563888,-2.792709718794441,-2.1037743664085173,0.3148116676685213,7.024568602221713,10.392750360037969,1,0
6,208,20263910,-2.7438286873063475,0.5917007651517004,1.1256215364508222,-2.8155800754737186,0.3687661390586639,0.988451202168055,8.405441657731776,8.541863787683015,0,0
6,209,20263910,-3.4147840029520466,4.927431479011959,-3.1125604384280194,-1.8336624415397864,0.6056988215937046,-0.29999220271435095,5.023845859659954,2.9873804334414356,1,1
6,210,20263910,-4.941204199362431,0.013210164234917105,-7.0365912127930414,-1.021266888848828,1.2095447815846903,0.08988426460565149,5.147615285676804,1.6555153275047263,1,1
6,211,20263910,1.2562599467259759,-1.3316153403197963,1.5949675750026557,-0.2633707126609579,2.052317555092432,-1.2992145657076293,0.5309154462868046,2.875187597877701,1,1
6,212,20263910,2.464680636806065,-3.185598675932797,3.7753543190822114,0.48357433413727335,-1.419600125813472,-0.1325117488953055,2.300102536606792,1.324278817085194,1,1
6,213,20263910,-1.7581655692524691,-3.7299084055393465,-2.0163028226540405,-1.120323626465762,-0.9186874293620322,-0.8879433813395794,1.799485935048179,2.273701252979854,1,1
6,214,20263910,1.8213699736334377,4.764843838017522,3.14749894768768,0.662885191039237,1.0089273437642328,0.7796098565639551,2.6297864428202242,1.5642756550072827,1,1
6,215,20263910,0.29693579804734327,-0.17091456374077169,-1.6751813000551863,0.7928050329867062,-1.6123456703353203,-0.7267033240981923,1.17130283052974,2.6569677760404646,1,1
6,216,20263910,-1.7221422480467083,-0.5728176721968361,0.09775448662145436,-0.8933593376156352,0.6249474779995501,1.679754518861382,2.4181622101192404,3.5670099353749487,1,1
6,217,20263910,-1.7327299477737768,-7.174149537201508,1.384438638660896,-1.953344795862705,0.34329469841040444,0.7168857224911397,7.797078791763702,4.182388698734191,1,1
6,218,20263910,-0.6134998291612419,-2.338526980895446,-4.168575347609618,0.8556949184606424,0.611640272131422,-1.4651992427245668,3.5037622820115946,2.597723138094758,1,1
6,219,20263910,0.4978598629536748,4.945155174851639,-1.3424855067727606,-0.29011889270350366,0.8561064892389716,-2.924979279532856,3.261695440640304,5.929577979422109,1,1
6,220,20263910,1.8544338411895467,0.7849217612407963,2.5467111261558557,0.9654908959777231,1.5325085062846555,0.8221343607178823,0.8851750126088024,2.9491355721619876,1,1
6,221,20263910,-1.0756771550790631,3.6482302686897246,-4.35984225911902,0.8951653965431206,1.6397333546465132,-0.7459908907076424,3.6121540248048047,2.681645546154463,1,1
6,222,20263910,-3.236504397578585,-3.3051689233513533,-1.8720585375152723,-1.3295429578234348,-0.9797944096127775,1.6678959172972927,5.011415642764853,4.47838094788757,1,1
6,223,20263910,-1.802276733748272,-6.787021936481202,0.4060643180978474,-1.4071503069668267,-1.4789106565684027,0.9471996496962972,6.109235482051419,3.9109128290380863,1,1
6,224,20263910,-0.01835210412812671,3.279513368085747,3.170432551038587,-1.5940484896570695,2.5076321579990295,0.11212785815987894,3.2454410341787496,5.419814489584718,1,1
6,225,20263910,-0.12936758769143353,0.24606171421036505,0.33583803907156096,0.8932569019213474,-1.5829459329893307,2.324244888832301,0.07838363507617872,4.611223141262366,1,1
6,226,20263910,-1.1781326788141655,-0.7997559869765134,-2.0944059022746018,-0.05325749648343958,-1.4308885795273008,0.02743585435111515,0.4085279094989171,1.1491011769921173,1,1
6,227,20263910,-3.916134260109999,5.832284423888097,-6.1302336554118995,-1.5064625319345453,-0.0840717653664455,-1.9258394395974812,6.099181424718067,4.143727567449941,1,1
6,228,20263910,-0.385789583361003,-0.3430122591529196,-2.138040123752873,0.3971746153310107,-0.4711826685884619,-0.6657971106784779,0.7049290447655049,0.7051931061916816,1,1
6,229,20263910,0.26284284099858723,-3.3669336213882946,2.480036459737235,-0.2794138361852845,-2.58631709602951,1.4051942806029911,1.9098348060928865,4.603158846011777,1,1
6,230,20263910,3.48946381494963,-0.31943055807605086,4.499661832018717,0.8964827556783632,1.3548391128737123,-0.580062367641934,3.15291881418816,2.0826702778221264,1,1
6,231,20263910,-0.3029035935661568,-6.88918554089698,-0.7858834727945663,0.538882314215499,-0.27487596504178324,0.5915442472333428,3.832281734155443,0.4311928866070247,1,1
6,232,20263910,-1.8074595360214971,-2.639557010794172,-2.2291460865550334,-0.2723875188434022,0.6954212661423134,0.626932313412185,1.2877071275964342,0.7492098573093205,1,1
6,233,20263910,-2.1145303972838576,4.602994489674045,0.025989002427934338,-1.994049698020632,2.056374705191631,0.17250081391673855,4.835697411354475,5.614561958999476,1,1
6,234,20263910,2.776707552912228,-4.029933717786948,4.175621444437795,0.36925171075813523,-1.9804680687534488,-0.5861231106036218,3.207392523230226,2.7986840278108445,1,1
6,235,20263910,-1.23041034680395,0.6277976080130218,-2.900771451454716,0.8159197674049494,0.12425286202679495,0.9554357609776064,0.7256146518798166,1.1426252096318579,1,1
6,236,20263910,0.2904972505807848,5.796648814218877,-0.4446339842342013,0.4423951009145526,1.0002258611743695,-0.31049903071903223,2.9586493112004026,0.8197072338380895,1,1
6,237,20263910,-0.714033948962566,2.8211051638903153,-0.9899432856145296,0.4160701142466223,0.7405423129341911,1.1271282486017271,0.7319191320639574,1.533681779756925,1,1
6,238,20263910,-1.5479559019580051,-2.712222559448435,-3.2810118540089945,0.5144546077218877,0.04506480881496538,0.5524115260868562,1.4477938411520364,0.40745208856483517,1,1
6,239,20263910,-1.4881917498775863,-10.658681165095828,-0.3052332193156104,0.2778859245405556,-1.860318307060091,2.5546723182443314,9.513257533222104,5.505716729710741,0,1
6,240,20263910,-0.11746315404309371,-6.976718933889801,3.410804151232398,-2.3556991924026534,-0.3760166303168609,-1.106817415099182,6.364334452061325,5.588402991115968,1,1
6,241,20263910,0.7056080685770212,-8.374432552540759,0.2607367318077536,1.0276991706921024,-3.8437269875862343,0.6147733435372866,6.034062238208131,8.318961008575293,1,0
6,242,20263910,-4.682315574242949,4.370846790502736,-5.104206347088478,-2.0156155080510416,-1.2976812684316814,-0.31636941004516367,6.564147520766823,4.963505368187886,1,1
6,243,20263910,-2.757922601239244,5.157196739565611,-3.787372149734054,0.0182848428984812,0.7611370784175017,1.2800278437843027,3.6959420046143783,1.7715213298533288,1,1
6,244,20263910,-3.4684020528709993,9.948464284903164,-4.412670431887719,-1.9988489263919291,1.4002260135681772,-2.183753155276935,10.140158356025907,6.0820242115528815,0,1
6,245,20263910,-1.203680628660976,-2.3011381213842657,-0.6493682791309254,-1.4642098706292757,1.5936278689596177,-1.1511238549483773,1.0196361326161691,3.195630086168241,1,1
6,246,20263910,0.46655855014194003,-1.3256650003906838,2.0990933029879812,-0.44299853901443953,-1.3906283217801376,0.3469330983026812,0.6809565052326076,1.3468754542003638,1,1
6,247,20263910,-3.0060503625300896,-3.397334404016373,-3.024704809235189,-0.0445478892385438,0.3113744905718536,2.5050478128988347,3.2132147059663803,4.946747790923564,1,1
6,248,20263910,0.2770293410320619,-2.9890179679541315,1.1106497924609187,-0.3923977352130805,0.33220789668170414,-0.2117603339516649,0.820087602590083,0.18094350193720524,1,1
6,249,20263910,0.2892619241878833,2.2785539369135095,-0.15219451496679426,0.1661439493036312,-0.08286933573384614,-0.41096831920040455,0.5193695390519172,0.1756065802723312,1,1
6,250,20263910,-0.10057031797393279,3.9436053813496574,2.658278870935405,-1.4095438695058817,1.0931413719116678,0.07241728048212988,3.017393937491068,2.3095877564400005,1,1
6,251,20263910,-2.21048295550699,-2.328503836055561,-2.4425083379259007,-1.3126223780060684,-0.4209101645882807,-0.7977145026960942,1.6167215267474249,2.0252006092913506,1,1
6,252,20263910,-1.9144359121320633,-2.8372950987140113,-0.29091728055863086,-1.6477583374708615,-1.4640245123525064,0.18414698112276726,2.9469563545664705,3.9856932451163543,1,1
6,253,20263910,2.7962108620242816,0.525644723879564,6.002659507077638,-0.462323734614273,0.5330331267321677,-0.41102408802139484,2.7448565475057407,0.3484362206528216,1,1
6,254,20263910,0.356486016198005,0.9558158426902752,1.0329487271745421,-0.936326494456722,1.1838826455720555,-1.4191490221140723,0.16631638284159334,2.202614693117115,1,1
6,255,20263910,2.971038669995636,-0.9743943046211924,8.862332181509728,-0.1852742163752339,0.45642897539106225,2.4597144453987445,6.621814022190168,5.024520671427048,1,1
6,256,20263910,1.8403990486008581,-2.416597677393238,3.1859530871415984,-0.7440633551547648,0.9508426019425738,-1.8066217407416172,1.328388791796841,2.5893652449449522,1,1
6,257,20263910,-0.7068333655643073,5.455006744954423,0.4636241973766886,-0.11686939343388758,0.8098497704684535,1.4555386794437193,2.830517612490092,2.265342898534052,1,1
6,258,20263910,-1.1461872438805187,3.6600613524693406,-2.4405188078662974,-0.37810402445654745,0.376216478918079,-1.0691148766716054,1.5443711217495584,0.8413986692176757,1,1
6,259,20263910,2.43690222319384,-6.596106269594413,3.3152230013198647,1.4177429516634845,-2.942989490127876,1.143206653460033,5.026476228404341,5.952079400963486,1,1
6,260,20263910,-5.613042057325401,6.062646361608738,-6.892621556479668,-1.4691505949285215,1.1660374733552712,0.4670097140045493,9.433586586931249,2.94083654130585,0,1
6,261,20263910,0.46157427923211003,-2.70019872349952,0.34436693542819796,0.7042785581525379,-1.0285731847466977,0.7806642743049467,0.6563599735068079,1.082104795080483,1,1
6,262,20263910,-2.3281706382263394,3.6040246960388203,-4.281805489519854,-0.48218530709141305,0.11477388330363315,-0.9352764660130393,2.5121769268131233,0.7227345293423941,1,1
6,263,20263910,-1.3076448746867868,-4.381471360564398,-0.3076472650337081,-0.27631597214406156,-2.0746205758914407,1.5896725899872242,2.4001437240834105,3.7446193990312975,1,1
6,264,20263910,0.36496990488592473,-0.6098200236709048,-0.5018110382714696,0.8622402083099701,-0.3616906575650515,0.4468805422612063,0.3331079431317896,0.7230261210489184,1,1
6,265,20263910,-2.66208188071397,5.440786210473978,-6.1369055934217585,0.19174011845802852,0.2590451568493017,-1.0493659612616872,5.729806678472133,0.8708150675003143,1,1
6,266,20263910,0.6829267761073652,-3.260636450615984,-1.7222435273108516,1.3047663618537229,-3.320390047549801,-0.5427504924109653,2.944600792998455,7.959954133546048,1,0
6,267,20263910,-0.9546812002869558,0.2155617392399729,-0.2929895804802669,-0.22522945086907953,-1.4494512785072435,1.1075587589474765,0.5147576181679403,1.8482240642896697,1,1
6,268,20263910,4.437809427549041,-0.7625240144816242,6.6339497330617405,1.2157139868710942,0.3329599010374542,0.19825965075433524,5.080167669814306,1.428999366495104,1,1
6,269,20263910,4.394085292086942,-1.8230673476493275,5.700874018100336,1.157267985689714,1.1561296678757358,-0.7118678160319855,5.366483402789617,2.489558535022797,1,1
6,270,20263910,-3.249506198986438,4.001670782313344,-6.044228503699983,-0.6414719544468994,-0.69930408933757,-1.3639000901427263,4.239626835499956,2.0862687771194,1,1
6,271,20263910,-1.802636311021132,8.500061110364207,-1.7389865767001282,-0.317102172900519,0.07280450830558559,0.719645982968948,6.2977675001597895,0.5398283170259472,1,1
6,272,20263910,-1.486161681576931,1.8340915759762406,-2.3960968884064897,-0.13560465851230674,-0.9885441154477324,0.1273360364101213,0.7786167524740731,0.5662420120892917,1,1
6,273,20263910,2.0919925584916825,-2.077263862070073,-1.059697758393824,2.170387804424422,-0.04575759148242572,-0.930544034160535,5.694198294852838,5.351030431845275,1,1
6,274,20263910,2.597258039881126,-5.59987535439215,3.500874889713259,0.4493283647183546,-0.6497053490656434,-0.8240257142817243,4.2485275186474984,1.0937168652185498,1,1
6,275,20263910,-1.340466646557104,-1.1496014856651227,-5.806426119943268,1.96171727281083,1.2840890896398074,0.3347655853219205,4.757968285674667,4.71572597127248,1,1
6,276,20263910,-0.7124382596612691,-2.3549003435095575,-2.6374510326878635,1.1944832878368175,-1.814885586821285,0.959697133945693,1.2746317902050475,2.866728743666556,1,1
6,277,20263910,1.1851785324095943,-0.0279744047548958,2.5621855022445317,0.15407016921662375,-0.5133015149279303,0.5630941883900287,0.5025817154466433,0.30472436513809054,1,1
6,278,20263910,0.8873604315596424,-5.235806103744868,1.5978015039894018,-0.940866529789048,1.057651833918726,-2.0023490155685035,2.3453849590444658,3.295146081668822,1,1
6,279,20263910,2.43079976364524,-3.8115354925399854,2.7277237136362373,1.6043521616490466,-1.0428376053682957,1.043409528264912,2.82283473129828,2.878906631332099,1,1
6,280,20263910,-4.685613548908719,-0.9752235877540598,-7.7348118018524445,0.20101857898501407,1.6733030467539731,1.199466702803064,5.173233013518086,3.140980359752842,1,1
6,281,20263910,-3.1270420605547145,-0.7588587863593235,-5.755889900108642,1.1975097094761225,0.3280483832714937,2.306966767791304,2.7032277796069186,4.900152524430927,1,1
6,282,20263910,0.4700846004416235,-4.164999468948173,-3.0320373412182278,1.6251518263145215,1.5437836535097444,-0.931288623788935,5.26145839682769,4.671276761469741,1,1
6,283,20263910,1.7372036983971384,-0.6961641103797137,-0.040830895229120756,1.8414121604302522,0.25579632254436624,0.15755116897934815,2.417759395834236,3.1025477756352777,1,1
6,284,20263910,0.6402689716514374,0.7831494245682534,2.557990082838913,-1.1296421596233017,1.0484034105971909,-0.8346731620067608,0.7921629891756228,1.6975536887299312,1,1
6,285,20263910,-1.443496907525656,-0.5787811937310542,-0.13082398827174302,-0.5006823329565577,-1.4678147339238974,1.6782797692153792,1.4805727126720531,3.221438867583138,1,1
6,286,20263910,3.875232230862707,3.5662262435686074,11.548601493581828,-0.6847463402056064,0.6785981737723287,2.121619323709075,11.601070929914815,4.659795200839789,0,1
6,287,20263910,0.6064392224523942,-6.576906911752962,-1.8947108458111614,1.784565108115487,-2.3776991834659826,0.16673132356484305,5.929728659727571,5.367617111241977,1,1
6,288,20263910,-0.1848390615588471,-1.276561784252967,0.5839845589683677,-0.7733352180701445,-1.6316479760557483,-0.5296458048815725,0.3144452576113821,2.50170669690176,1,1
6,289,20263910,-3.2366416392506494,-0.3787031145411117,-6.483301637452442,0.47671282809685067,0.42670551015722263,0.34153322841236644,3.374746388494205,0.41422634046805684,1,1
6,290,20263910,2.433255696946901,-4.017909092591915,5.38553522431566,0.6427799299063963,0.06685526143837708,1.748468979112789,3.3955569939479595,2.4180417087829715,1,1
6,291,20263910,-1.6661468439444036,-0.9405918575630325,-2.5621533147734965,-0.9140681083060258,1.902583126374431,-1.1507921223623994,0.6994752018774828,2.760739000753603,1,1
6,292,20263910,-0.938528758240949,-2.177676913299042,-1.456715624994004,0.06744681700553201,0.33667248415123774,0.4239635570452096,0.5715858510710297,0.23064854683355573,1,1
6,293,20263910,-0.8552506530161281,3.5409244719461834,-0.49653895600836506,-0.9940170581334655,1.9188848968541274,-0.7999325600452911,1.2429230424664108,2.6245783780183545,1,1
6,294,20263910,-2.2953791153090037,-1.8656497961489609,-3.270086530970744,-0.4385811763969514,-1.3157145702878112,0.18340674095751783,1.431611698169267,1.200851368389524,1,1
6,295,20263910,1.2275290885677066,0.5235182774094662,2.759152258529184,-0.14743193691637657,1.8378865014148906,0.11169381079455296,0.6060915474400551,1.936796447695092,1,1
6,296,20263910,0.4673452443056192,-2.458260670520084,2.514911159573984,-1.1280604982761133,0.9926909580981489,-0.5715835002003842,1.317309097758878,1.509884384634242,1,1
6,297,20263910,-2.491383950505309,3.96147556547236,-4.964560855052255,0.8688726084427856,-1.8008717597077473,1.2406421390535856,3.243192377117987,2.665430457647629,1,1
6,298,20263910,1.8347235464061384,0.5941630371344322,4.401933873172467,0.674230693743084,-1.2959186997703798,2.112909745878621,1.5271248106173432,3.5792847882601992,1,1
6,299,20263910,1.167857070798533,3.3051477662248527,2.5155296638847204,0.18331848442193177,0.2731431007871523,0.5535460241842737,1.316433513650608,0.3173202640883265,1,1
6,300,20263910,-1.9009220460944505,-2.320338092462523,0.16658261827662102,-0.389619410032509,-0.7585791453187299,3.050039226123694,3.359507399102207,7.15234301562689,1,1
6,301,20263910,2.6803992334818645,1.5431945710653943,3.483317752964311,1.0373114655508573,0.390189606183686,0.2564569400714189,2.0095375355612073,1.112587334037147,1,1
6,302,20263910,-0.4934261059964342,1.2834049154004827,2.9720669745139503,-1.6962535567747636,1.89393612936125,0.6627749416222614,3.5625922493474014,5.0850740175949,1,1
6,303,20263910,3.3708141638256564,-3.41929876969685,5.796495461492796,1.00162268024701,0.18328975050619858,1.0239009199967015,3.9027228062222497,1.5257900166593714,1,1
6,304,20263910,2.8120257221664247,4.512881253450383,6.589456659008761,-0.01943853553669328,1.1683005346077604,0.8648538406631167,4.7737417465777146,1.5625919518198526,1,1
6,305,20263910,-1.2606010203053017,-0.21740337553501213,-0.9608801476640565,-0.1193041311146601,-0.21370973198322935,1.2080657529112744,0.5516113898809151,1.095737387294812,1,1
6,306,20263910,-0.061171473835401,0.45081561113004354,-0.32520399131230704,0.0177602534390644,-0.611271403104935,-0.1744213516750765,0.03128598632158303,0.25621575163906335,1,1
6,307,20263910,0.06977392588558473,5.035203138941059,-2.8565519710749783,1.139491327619993,1.986539142431481,-0.9493377595012001,4.56974102891329,4.123383218186039,1,1
6,308,20263910,-2.163778239870169,9.097547250982583,-2.246393030681645,-1.5705316747703364,0.9306077345329419,-1.529830990843071,7.391144013382933,3.3380965710496344,1,1
6,309,20263910,5.9555042214308855,-0.7461691339860981,7.831023422888862,2.4743432184141625,-2.5851302462835344,0.8006990213633832,9.69287948295797,8.002936338928212,0,0
6,310,20263910,-0.11948127586012447,3.9324616403999317,1.2213171853000375,-0.32358654331298453,0.6157216097043705,0.7567659924947765,1.622566357260606,0.8747537574436048,1,1
6,311,20263910,3.7147089572497123,1.726209118127165,6.775180582601195,1.862713363110032,-1.0971697751291813,3.01461481112802,4.053885308761473,8.235783232499557,1,0
6,312,20263910,-3.4201861961634847,4.224388801090773,-5.272967697407111,-1.8997488721629452,-0.01193168186722106,-2.6005876161966577,3.9881525972903926,7.053021676651058,1,1
6,313,20263910,-6.02492669683798,-0.03853149531947343,-7.453345506198147,-1.8276358657304286,-1.524571580070953,0.13115267564653985,7.7064816913380305,4.688837859649981,1,1
6,314,20263910,-0.21239511034420389,-0.5851838592540206,0.9135105381163982,-0.4327879350333319,2.5154002721282818,0.5202058308035492,0.41482364257628346,4.142187601734216,1,1
6,315,20263910,2.2132483616080947,-8.712613357745086,4.523332640783934,0.3720561793714978,-0.07877293554883708,0.5361261397606714,7.398253667387897,0.2804695075790833,1,1
6,316,20263910,-1.0326898324449019,3.7423945833953183,-0.6802613424663662,-0.8620742167834976,-1.0494935469210511,-0.41963100525778724,1.45138510588998,1.5492875745597439,1,1
6,317,20263910,1.1044100055703439,-0.6275100262199461,0.5010847879906066,0.7230569513127421,-0.2775967297196585,-0.23106996518514017,0.6277381539063185,0.5824683792770976,1,1
6,318,20263910,-0.24794306798358434,-0.2068621346334162,-1.6569900931581572,0.7149980221032877,-0.47732830390845976,0.1672642599244155,0.45994802060674855,0.5191408318491065,1,1
6,319,20263910,-0.9570471656414554,-0.773255927621042,-3.80147031539893,0.896127533295811,-2.6068562170638536,-0.31099217986412553,1.8630921344793179,4.558515601458758,1,1
6,320,20263910,2.5376365818720217,2.1575964372271836,2.046164171871027,0.9284980943860717,2.6296191161804745,-1.0493537566967064,2.6543465892761544,5.323481009359246,1,1
6,321,20263910,-1.6302113010549135,0.10625676383721555,-4.792679792625492,0.7685809494570606,2.5497555880695897,-0.31140693141566805,2.2911885330787536,4.342289897436257,1,1
6,322,20263910,-1.8683745494425068,-4.182863831024873,-3.654335751336234,-0.19417344924781332,0.8888515775122704,-0.6231204050957194,2.464527040271597,0.5803240430082369,1,1
6,323,20263910,-0.7900527977796514,-3.846094536111416,-0.9376085245562393,0.01603842267709865,-1.3443798041995476,0.5301501971874414,1.2877480586757852,1.0463939475900583,1,1
6,324,20263910,2.52995477724005,1.208994146330272,2.1003513656618367,1.6386633079570458,1.3170264659334938,0.3658904890800356,2.3169238435425243,3.7181504809982604,1,1
6,325,20263910,-3.9510466458091003,0.026209982444513117,-4.2875122574506435,-1.046276009427629,-0.7922282818505003,1.0974435624054648,3.795907695654288,2.3920528369991354,1,1
6,326,20263910,1.4390903745008927,6.873252047143294,1.7519585370090454,0.1842481502820874,0.3294322046309305,-0.8832617794479777,4.35580525923902,0.643106910703031,1,1
6,327,20263910,1.744450603007067,-1.2431330221111265,4.037043082226802,-0.6891069806570442,0.7292551368113505,-0.690696999727295,1.3662526553296368,0.7819715950583512,1,1
6,328,20263910,1.4202266044741805,-3.767688593930538,2.6908947224022626,0.7859661698424532,0.06579799481256138,1.3831690120385467,1.6687895159506028,1.7527136481636747,1,1
6,329,20263910,-2.3878919768019102,2.223519459535765,-4.649479907913701,-0.41015169942323837,1.1243905693728724,-1.024175378840669,2.112335234819037,1.2005228907031205,1,1
6,330,20263910,-2.8294279163266367,-6.448893364921576,-5.967157436582809,0.12659609161698882,-1.0851359526000715,-0.7341037022772944,6.397554992838705,1.2606916077514487,1,1
6,331,20263910,1.6229603711270215,4.346036231746662,2.123297762215742,0.02125713498321602,1.6390692230988233,-1.0336373653986284,2.1673100935390948,1.895540562906218,1,1
6,332,20263910,0.7663512962504626,2.1893772546778054,2.419742875881738,0.4720997834590719,1.3325545762318933,1.8312459218312884,0.9108980730944582,4.155166331300503,1,1
6,333,20263910,-1.57994246930636,4.734166794906538,-5.085860876526624,0.7390218545665732,0.1412787104313508,-0.9039823591949521,4.77214590217619,1.2448278537322475,1,1
6,334,20263910,2.3362945900276486,0.10981487978161497,3.3379747033291522,0.36739644559716567,1.6326313444954552,-0.47699523941404115,1.3326581872007208,1.7088644953097962,1,1
6,335,20263910,1.7207585570012611,4.165452761132828,0.8097920057303014,0.7802224038992165,2.878629811877392,-1.0341006845839478,2.9138514003837956,5.721647028628187,1,1
6,336,20263910,3.138889232424475,-0.10284795332325497,3.935957266783504,0.8370733319391945,0.004123510283194743,-0.5643394797908475,2.5572526084130307,0.976342024416119,1,1
6,337,20263910,-3.2310066227290974,-2.61857185490142,-2.1002268539339894,-2.1104111399913847,2.9334718171942864,-0.006940820660285895,4.408501891270962,8.029951562939551,1,0
6,338,20263910,1.9198108734559867,4.734698015924844,-0.8571663210746152,2.530361668842545,0.33642178248752874,0.20922578117121626,6.317607429881157,5.845513795750663,1,1
6,339,20263910,0.7181932778330804,-1.4585986977911938,3.3262969351944633,-0.06552049669497251,-0.4024698825622502,1.7841849818922193,1.538782403842095,2.3182438153744336,1,1
6,340,20263910,0.24726771979462114,4.200704525854819,2.428430051300353,-0.10305011758939031,0.5773395835739529,1.6635725498186766,2.3278615345264457,2.517314089498677,1,1
6,341,20263910,0.6661830906770945,2.176685439249308,-0.8768002922138578,1.0569584825802565,1.1018212456539132,-0.14959470765659835,1.3752162772661727,1.8407682440077007,1,1
6,342,20263910,1.2161450030669698,-3.6209117522813843,0.2512087079606715,1.0455981388737712,-1.5076522630091134,-0.1273121794741008,2.0374445736197755,2.148440597792861,1,1
6,343,20263910,-0.6895041894876499,-4.335618653846616,4.844497731588731,-1.1132017931070095,-2.119090838605775,3.9349372262755735,9.57060658265502,14.492230060960933,0,0
6,344,20263910,3.997353206032642,0.410438245360604,2.7187053881072245,1.9491708759069581,-1.163872893503066,-1.262549975342514,6.425384953884556,5.989897015245357,1,1
6,345,20263910,-4.683124817170892,-0.7474795487447653,-4.781585452541009,-2.0775591877354316,-0.8531135372890442,-0.010556218583958195,5.567742678112081,4.521772539644125,1,1
6,346,20263910,-1.3927262787661903,-1.1979776000355757,-3.4458194744433825,-0.32713581305429784,2.5735712286793273,-1.4467198339561502,1.1335172511832332,4.231176552315069,1,1
6,347,20263910,0.428771977137842,-3.2642328788931327,0.10416518937000774,0.3920287992619933,0.3838423735531791,-0.01605360251380885,0.9659816633104601,0.23950368380483086,1,1
6,348,20263910,-3.818493634801939,-0.7733007777165816,-3.889962279314261,-1.7742360385343545,0.24154344593624497,-0.1251322653554685,3.7924774278648306,2.766653265640723,1,1
6,349,20263910,-1.262479701216023,0.07412484239177963,-0.3289820061853419,-0.7234853217542536,0.3861757188189909,0.6950456595087859,0.9376089112788746,1.0589710116488456,1,1
6,350,20263910,-0.9930597406763297,0.8095591470804414,-0.027542397330904578,-0.31400350371455943,1.504722337575188,1.2770952187947613,0.7820040244827808,3.0673331435129274,1,1
6,351,20263910,-2.2926927189550383,-1.7111472167740827,-8.495781612893623,1.0630176932549205,0.4420865182986726,-2.4516974541301093,9.503384380703556,5.957432047743168,0,1
6,352,20263910,2.272580907898117,2.6434955682765473,4.151018918080524,-0.0677586147488114,3.183504638724126,-0.39765737942615015,1.9509049288088625,5.445887420138805,1,1
6,353,20263910,2.512587922730205,1.2581610147038762,3.0763864348053147,0.5634058927523427,2.22978708348343,-0.6915437670663402,1.7649623717778433,3.2954056780865226,1,1
6,354,20263910,0.12306301032904798,-3.354482480893866,-1.6877747189710703,0.3792480889145793,-1.969138683314256,-1.240546069808236,1.8654782525296874,4.010593669143641,1,1
6,355,20263910,2.029983483965708,2.414633224654432,3.048637009313012,1.317304221008385,-0.3226987422291352,1.6207755573798655,1.4623731337971524,2.8957268498870326,1,1
6,356,20263910,-2.139108013328297,1.6309430853583144,-3.2077419051409777,-1.4996640665048915,0.7698158044661088,-2.0398615316495636,1.2281705267185419,4.172791290858102,1,1
6,357,20263910,-3.4421124443971394,2.870754331597975,-6.0468593172114,0.06085040813061937,-1.3229369355495937,0.3646524944108936,3.6589406929684998,0.9518208443677177,1,1
6,358,20263910,-0.4822417090283011,9.936401188327629,-0.2790729140412651,-0.49706379689394,2.153136341284135,-0.7529835115633337,7.74388557430366,2.621126504080914,1,1
6,359,20263910,-0.5598370811814846,2.7681303092400205,-3.1918979480894905,0.699516171818857,-0.6149549878731806,-0.8718744192592705,2.2607780477174906,1.4269178191764644,1,1
6,360,20263910,-4.403372569968099,-1.742738907482855,-6.8946710238162865,-1.0606447808064274,-1.7751965508392176,-0.837029525625074,4.532438607325227,3.67262566365764,1,1
6,361,20263910,-0.31622284518891774,-4.9893389484924375,-2.21223325047157,0.5094677504393701,-2.415339225873668,-0.7501150261621553,2.942008317633309,4.265709137018393,1,1
6,362,20263910,1.4724512000546497,2.6599465023416373,4.626327329432527,-0.34230658256223023,0.13305700428042566,1.0293989748237404,2.4643011870263196,1.010162763784257,1,1
6,363,20263910,-1.7336427632963023,-0.9785723355073499,-4.0922837920377475,0.14767284421074578,-0.6517988813911283,-0.6035827840645179,1.4794403719628213,0.6269204276962473,1,1
6,364,20263910,-2.709396229049986,7.446066176439562,-1.5723024771368301,-1.4865171425709605,1.4172227337031842,0.4673713083055676,6.798133561527857,3.331506156866879,1,1
6,365,20263910,-0.43729635080669027,2.0346848317848876,2.8280618408828104,-0.8116968125816584,0.10235769945089025,2.0799973206085514,3.3126260275409076,4.250014489999379,1,1
6,366,20263910,-0.8405317994659072,-6.840924717223368,-3.180175818655158,1.0461758696241361,-2.9415825253128736,0.18576034033001962,5.20927498855207,5.299664333907784,1,1
6,367,20263910,2.1338269331893684,3.4872017546550844,3.842165219305201,1.7109265398933928,-1.5164215387449431,2.9531741264132387,2.1666616755845283,7.873511632574445,1,0
6,368,20263910,0.1804440402170826,1.0387681970385672,-0.40009706759568076,-0.19619167870999377,-2.4587614673254024,-1.0889358135316864,0.20643458000638876,4.918504246427922,1,1
6,369,20263910,0.3033385301623355,0.4685674118944863,0.3578177641637552,0.10739505520032822,-1.0723766611712606,-0.01196947821945425,0.04035794166012064,0.642656521385689,1,1
6,370,20263910,-0.8749287714288414,-5.456970526373442,1.8818967907017594,-0.9619586914911622,-0.6581134664810524,1.5720504661773935,4.657896279457725,3.0911250551015304,1,1
6,371,20263910,-2.540756618418129,1.5655653133559924,-0.18099299833519922,-1.4721646163518471,1.526161869414024,1.8495543791597375,4.744731013732225,6.841042042925276,1,1
6,372,20263910,-2.6722999932551943,-0.17081110526435858,-5.7443414263952945,-0.028104013075591183,-0.7908315040490298,-0.8922797155689578,2.679059745628006,1.0987173820441103,1,1
6,373,20263910,1.791524178055198,4.080393255761777,5.550956379999903,-0.47887724499861406,0.3393311605842414,0.9914061929316241,3.9230321067389453,1.17056745928282,1,1
6,374,20263910,1.6633076474124948,0.2570885425124167,2.126886136960465,-0.03370055265367,-1.7603689369650166,-1.1198074390868262,0.6921100995805882,3.1125408172346014,1,1
6,375,20263910,-0.8540974584321077,3.8214249740073662,-2.596371833748279,0.24206089607829995,1.1819967055071205,-0.604890420669373,1.8758979107128202,1.0035626005471596,1,1
6,376,20263910,-0.5232788574101335,-2.254836583048692,0.32850613845631926,-0.2748561756021104,-0.9132179552556835,0.782913297603759,0.738642306126914,0.8999707623048192,1,1
6,377,20263910,0.26485890064950013,0.10333017981348606,-2.1245095339739777,0.7546125164438706,0.5542687896706268,-1.202463765451362,1.6555786801316672,1.8576573878109564,1,1
6,378,20263910,0.5212835822652266,-3.7661313757363186,-1.9165108177108579,1.4151796537018129,-0.3517980404551095,-0.28965207561812767,3.1627462450061996,1.9920972365691636,1,1
6,379,20263910,-1.2340496705976136,-0.8757905257272353,-2.548573101595565,0.04097131902423712,-0.03926204578261614,-0.1616560193133153,0.5702928500526732,0.0245193692874746,1,1
6,380,20263910,4.327590513655963,1.6155948410441952,5.59609999328336,1.8177916823293003,-0.9958445096193947,0.5868921060413752,5.151462484641978,3.1741690204453046,1,1
6,381,20263910,-1.9129878615372036,-4.7687680072745,-3.7801426084611194,-0.6902789705377188,-0.05617382981508185,-1.6299999804171839,2.96863357818249,2.144494871667605,1,1
6,382,20263910,2.8660990397632986,0.5798110508908199,4.325586154245684,1.0794102611702385,1.607795357645354,0.8135624630629501,2.0539220256216635,3.3027230950940303,1,1
6,383,20263910,-0.5371226276820096,3.4770413602055386,-2.632663306728361,0.3052770325371057,-0.4336284006573495,-1.1128058100406935,2.010107855503507,1.276439098461561,1,1
6,384,20263910,-1.5234887528783077,7.3769749641596745,-0.8349968240929257,-1.5330251234695993,1.8027353049848653,-1.094306188746497,4.946614763550835,3.5978414126818294,1,1
6,385,20263910,0.5309467261104999,-2.906308703978269,-2.8106722809271503,1.8023371720562125,1.2036051772616874,-0.44484898798415295,4.184693994681765,4.203325432531741,1,1
6,386,20263910,-4.643225353426146,1.403447241045604,-6.30206856201886,-1.0511903097115294,0.5632527218729578,0.2457948169462009,4.71656311818182,1.236024589151396,1,1
6,387,20263910,0.5662288984086103,-2.1014383553533875,2.550975724671517,-0.5714224327991531,-0.5146713177527005,0.3338248023066519,1.1298503487813027,0.5650681861713773,1,1
6,388,20263910,2.103588726823176,-5.439205990996894,5.362458554393982,-0.3560124690751252,-0.5093111659067304,0.3811486254605403,4.416193320165817,0.3748315369210801,1,1
6,389,20263910,2.757960805852832,5.091134722048509,3.636141618861032,0.4079488017479207,1.7107079158267382,-1.0427745393026728,4.050386360607465,2.349563938743592,1,1
6,390,20263910,-0.5780078629487093,-4.2223524368687695,-3.8863002918607066,0.031057650746703303,0.03238540261695482,-2.8460039142633704,4.187092568829643,5.928026286000955,1,1
6,391,20263910,-0.47587127815830854,1.0831837731655163,-3.082226725490557,0.7752059421958677,2.3244915084546314,-0.7200651085696461,1.6883932311336793,3.8962984111626424,1,1
6,392,20263910,-2.2758636576256777,0.5899765333896133,-3.9698451950043108,-0.8292767327056652,0.9445510304672614,-1.3002365623013554,1.3265271515885315,1.718177748643558,1,1
6,393,20263910,2.6511013602424782,3.4496317285135873,3.535314070448891,1.0551381517588254,2.246061732797538,0.37572908714251574,2.7306840548221043,4.323406532593988,1,1
6,394,20263910,-3.0402433524469075,0.0005563998111698529,-3.1728670259092837,-0.00670060599091471,-1.6000594145106102,2.5566742273770564,2.3673917383679823,5.327774890549598,1,1
6,395,20263910,-3.7901174197978946,4.536282976552568,-6.3360579778968855,-1.4056143030690578,1.0112944591495956,-2.116109957876397,5.051858756870406,4.249384108454992,1,1
6,396,20263910,-3.191277314420546,-0.9644971966908196,-5.24729838436761,-0.4210271657407816,0.29876047768560554,-0.1532941489863021,2.4508543712546356,0.18510907399275808,1,1
6,397,20263910,1.545879425606131,-4.9983401829093905,1.8292016536307756,-0.0754213500940466,0.18810607627692166,-1.3957980854589813,2.644576017538778,1.369157847807345,1,1
6,398,20263910,0.7031345186890121,5.96470814243042,-1.645460599295319,1.0824872612622016,0.9019931486556072,-1.0924121757932441,5.098579556145623,2.555474753479362,1,1
6,399,20263910,-1.14006644341967,-3.5407954929137535,0.7076893465283547,-1.706562917873896,0.2377012159255197,-0.4246302171330832,2.5800018514220975,2.5436741700863292,1,1
6,400,20263910,2.7045812985705027,2.001756448999779,6.263768782811056,-0.09290307521138175,-0.5985043429553523,0.6985511093252048,3.2630847754974495,0.4920511066341091,1,1
6,401,20263910,-1.013728253132058,1.7972407466839513,0.5111587104550068,-1.4658896756079685,0.38237099519569084,-0.3600745242338405,1.4643254445712839,1.8858320800467208,1,1
6,402,20263910,-2.4469489734517254,6.6244279546635365,-1.7063930002801868,-1.2822001005507673,1.8275452948913815,0.28495005264210094,5.249130916634265,3.324918434077762,1,1
6,403,20263910,-3.678794467960728,0.09391635399983257,-3.8545707257674735,-1.62147949989847,-0.9366374290762252,-0.054402176695258674,3.40871501790294,3.04745136149439,1,1
6,404,20263910,1.8590587533271332,5.245700789355859,1.7640468741834212,0.8998069933951172,0.755134814916427,-0.21861206875482903,3.3491850791345126,1.1731332448387484,1,1
6,405,20263910,-2.663039953449214,2.6818646807008935,-1.160426426605298,-1.1629199434804605,1.9242350047900063,1.6597022763162794,3.901510007155616,6.2893772005761015,1,1
6,406,20263910,-0.6104888229388905,-3.7359250275791096,-1.9602602830988758,0.634343870402887,-0.4401078055798198,0.327663815278788,1.5352641126644473,0.4326147492003237,1,1
6,407,20263910,-1.8100497624723175,-0.7082147004727728,-2.6676035797387243,-1.0668211265310106,-1.4517530798816691,-1.2805414517882907,0.7723151551424006,3.721801067507023,1,1
6,408,20263910,-0.996735795988883,2.874852609214012,0.8148155119015001,-0.6904646650372115,1.7583779846433376,1.376962665271236,2.1016527977141135,4.227620212899853,1,1
6,409,20263910,-3.91542991339702,-5.822095218542809,-6.588299293164113,-0.8194428828984144,-0.0641849527813393,-1.123067616529567,6.39364914841925,1.3430474900801304,1,1
6,410,20263910,0.9864662839408425,-4.091803801912611,-1.9996817599598984,1.4928393411547916,1.5313481318234754,-1.1109101984944594,4.785135003471246,4.495035628518459,1,1
6,411,20263910,-1.3007795689839554,-3.3985142020829744,-1.9153877003364528,-0.9558326952197547,0.4536596174462958,-1.3251806725357276,1.2754473614932382,1.73502687603325,1,1
6,412,20263910,-1.7210461340742427,2.357019803930907,0.23566736042667458,-1.3374903147669386,-0.47994962627299836,0.9392416865148137,2.951608278437057,2.6577000996268136,1,1
6,413,20263910,0.41492663162068766,0.3735444717271286,-0.606073508436225,0.5192823777050251,0.8405238966268376,-0.40510430587797946,0.4245096753046922,0.7813446622924992,1,1
6,414,20263910,2.6594523082476655,4.815531647522883,5.703780552010173,-0.10557597664558216,1.031449001813295,0.1432532363576648,4.1986887312931405,0.6454198229574892,1,1
6,415,20263910,-1.1468617093048294,0.37800958094899023,-0.7728774711623743,-0.9989689685338874,-0.5289023534458387,-0.4937203701812537,0.508779989575882,1.2486030282067053,1,1
6,416,20263910,-0.6057731839685232,-2.368168788195026,-2.092802219787174,0.9277740662737415,-0.11297513099856624,0.7860329552326529,0.9397502566472458,1.034612144397856,1,1
6,417,20263910,-0.004346746501141752,-4.584593552192067,-3.6742193046472096,2.2189892745962823,1.010689454082854,0.4255086098477153,5.511806464145412,5.2806292495677605,1,1
6,418,20263910,-1.2973578858693315,-0.26210160921560544,-1.8026312362718926,-1.0364461706378165,-1.309586328590667,-1.3080427166646669,0.38576879724610874,3.440755229014033,1,1
6,419,20263910,2.6512178333831855,-1.800995316598116,4.9661000633029175,-0.47252385548367215,3.248836888254383,-1.093224949250077,2.2323757402122584,5.8111119410802035,1,1
6,420,20263910,0.9629399876801585,-4.0902067208512936,-0.6552327489966672,1.2042297572936036,-0.2257785396928291,-0.2742520722555879,2.7334117689628963,1.4474949265051893,1,1
6,421,20263910,-1.2982712768283307,0.11849000709594308,-2.404855047991191,0.3043535581616652,0.606759886588878,0.6161323028141606,0.4620748029801893,0.6386251220214181,1,1
6,422,20263910,-2.053673224429673,-0.7121075920624482,-1.4924362802293984,-0.31361402663384297,-1.065897938814409,1.8103424703193434,1.5286089899201531,2.8707108642290446,1,1
6,423,20263910,2.2658272307488687,1.9964774763087048,4.188509029852767,0.8071920525731002,1.6600154441068709,1.307552320329392,1.7285852261732648,3.836844538404799,1,1
6,424,20263910,-1.0390874642981203,2.9514435122765534,-7.2245159409071675,1.8068632225481451,1.3686409578389644,-2.0542598185823864,10.383307758507044,7.611574818237172,0,1
6,425,20263910,-1.2380849007080599,-5.833345106641407,-2.282368723192164,-1.078804888639695,-0.6873014850743617,-2.1434516609020933,3.119502647127999,4.575492427087784,1,1
6,426,20263910,0.7771429368490033,1.993246143088902,0.5525044399784775,0.9765905625169751,0.4732150170815107,0.9187837106099791,0.5461954129131745,1.558985113466814,1,1
6,427,20263910,-4.459958877053907,-4.6774676435827205,-9.505857842149084,0.9024660453472393,-0.1582733250345466,0.08311921476357327,9.5486761621275,0.7136186309916247,0,1
6,428,20263910,-1.7180042347113442,3.417185993662931,-3.015744870076446,-0.9658812568126223,0.3212013960038065,-1.6777603483068093,1.6712013245535804,2.41842019677687,1,1
6,429,20263910,-1.4135188624251214,3.5299041683849066,-3.136573940186068,0.3836560246586487,3.175855639818073,0.2198803756479419,1.8029497877751886,6.104019602385809,1,1
6,430,20263910,-0.6767523227391621,-2.347309232685325,-1.5817077428557411,0.6147922122316629,-1.8109299341388874,0.8589750321253982,0.6416561084530971,2.094927187900743,1,1
6,431,20263910,-1.9826280753655396,3.6426917540790966,-3.6504511662336796,-0.08520377906381782,1.6019991100896849,-0.16927834499992067,2.1269772855909417,1.3770517152436617,1,1
6,432,20263910,-0.6566484548423546,-4.565358358487653,0.13468688921163618,-1.3007002223669417,-0.522062662568159,-1.1775109358936493,1.9354170610697923,2.56966340775974,1,1
6,433,20263910,1.481529456788195,-2.104918068448452,1.8621165999392275,0.7967126838143486,-1.2779956663453502,0.5217379323315731,0.9029504302036341,1.30662332499728,1,1
6,434,20263910,0.8091657621697266,-1.424979516936156,0.1458862389989264,0.5671895672903986,-1.10195262925261,-0.32010717324311194,0.5885970275296722,1.0917100199050442,1,1
6,435,20263910,-1.7011202069018907,2.019683177656057,-3.2809557467630555,0.4838060926150263,1.9962292956982381,0.8196332555665101,1.174865973754468,3.357013459961772,1,1
6,436,20263910,-3.3402791517688115,6.7963506384652375,-5.728220071690615,-0.36783636647436424,-0.009438681458252877,-0.4939518492391543,6.461898539781543,0.2607824615968015,1,1
6,437,20263910,3.598129756723438,-7.1659155083451145,4.525107203004694,1.007146349520724,-0.07100979827405385,-0.8058354456088751,7.763120482674845,1.5897134287452277,1,1
6,438,20263910,-2.1349592649246745,-2.542761206259388,-1.0976350731032198,-1.0185729576188294,0.2528466914743003,0.9804064460152775,2.4760158696615506,1.941684328739959,1,1
6,439,20263910,-1.5952482724908066,2.5658619746327096,-1.340616264530297,-0.1969900686529229,0.20516810062997917,1.2788793544986374,1.289051770356975,1.3887624259657403,1,1
6,440,20263910,-0.6547828459927985,-0.4892419374925079,-0.43404652617073225,-0.7464055530627149,0.919639612731407,-0.6042256883719228,0.1833727672870988,0.9191951983421963,1,1
6,441,20263910,1.3199394248584042,0.509285460640119,2.536202089555246,-0.6687181084839722,-1.1338588297031007,-1.2758755801296384,0.5249636756149701,2.5526470809320276,1,1
6,442,20263910,2.3983970123630343,1.0437735858335613,2.548011336228882,0.7667749998716147,1.5404612021141182,-0.6074789188432015,1.7211162101206399,2.1603191552668974,1,1
6,443,20263910,-0.19878232351223346,1.9059010664469271,1.909553346500175,-1.332302534769866,0.53552222341925,-0.27420690510341533,1.4783318769171678,1.603849335014132,1,1
6,444,20263910,-0.3644016159205705,3.063859617458995,1.389277564092282,-0.5374291923712065,1.775722802723523,1.0265860499445894,1.626084468572926,3.258226193348727,1,1
6,445,20263910,-0.9976708151596085,3.5270099117119456,-1.6276658622502538,-0.3395332668221158,-0.0007857461325506029,-0.44915340481231913,1.2072281153325135,0.21699025058373245,1,1
6,446,20263910,-1.5613179951011205,-3.851307084127663,-1.3264474990843098,0.34829461440457976,-2.0904671861096804,2.266133119973318,1.8568904392710013,4.977964402305442,1,1
6,447,20263910,0.4431332323458719,2.3295498652974462,-0.35564719415695834,0.5615999468860764,1.0781579939785084,-0.15023077208048666,0.7444713566056687,1.0061840891660685,1,1
6,448,20263910,0.4527864877249499,-1.429465728474697,-2.047813134095989,0.5981730505117469,-0.3529394227546932,-1.784107831387211,2.124061591931012,3.100771644533162,1,1
6,449,20263910,-1.0885845201375446,-0.598653288143124,0.6633403480972646,-1.348694243154938,1.4641318151008529,0.17746808225241514,1.5811338365590988,2.7297539519222904,1,1
6,450,20263910,-6.0543124013053955,-1.669419707649438,-7.234304958336352,-2.171146522256805,-1.0474469866890714,-0.24686868558995517,8.126815565682362,5.137518295085965,0,1
6,451,20263910,-0.5474325518846399,-3.6382125061878585,-0.7024301974542908,0.12324011738715512,-0.35602792688349805,0.5101483569767259,1.0939088028539772,0.21386871168516874,1,1
6,452,20263910,1.2250281752613148,-3.027847577108231,0.007652602508557038,0.9204144126664175,0.09562789307323019,-0.6174742263926435,1.9300917664981174,1.1792293535301965,1,1
6,453,20263910,2.697062099634536,-1.6918936672785874,2.0572688930604244,1.0483388817906132,-1.0812282611377568,-1.1346492323103785,2.904906308626901,3.01412596448779,1,1
6,454,20263910,1.3814637458866912,3.212985964597294,-0.46581415949253824,1.3455229516756901,0.01509444201193554,-0.5833099435253474,2.906199918213437,2.0650932944565747,1,1
6,455,20263910,0.9680997759129184,0.897522802556573,-1.85200030664231,1.8002067782664994,1.1868353221389778,-0.2691814471598371,3.016257009826272,4.053072844533278,1,1
6,456,20263910,-0.357500677519738,3.3070196465621358,0.5678679108491167,-0.4076420134913121,-0.15701166053415386,0.4198870319448602,1.1367068907199478,0.3259990921316439,1,1
6,457,20263910,-1.6786763353932201,0.30490853530207274,-3.6045026138445877,0.1445682400693613,2.209372266613676,-0.1838799545115218,1.0416408141275568,2.7202521472365704,1,1
6,458,20263910,-3.991160933105192,2.833058163999617,-4.956593348827923,-1.87451976891154,-1.5481278696408245,-1.121820812963401,4.115127647532287,5.725339143955112,1,1
6,459,20263910,1.1714127439791753,0.4404632204065816,2.7679060073584765,0.01860955645395279,2.3389084073150253,0.5556714795885852,0.6127201066513741,3.6050066590685965,1,1
6,460,20263910,-0.14706120644206067,2.261337348692521,3.605748777393984,-1.7805703954354328,2.04702850326041,0.44392670703965553,3.935623545416842,5.28961246227808,1,1
6,461,20263910,-2.143690832380713,-5.937813260922658,-4.363214963383555,0.42241628979618895,-1.080943111138081,0.2508891270060193,4.40381172730055,0.7154072983201103,1,1
6,462,20263910,1.4541051683529815,-4.1749857299133195,2.5663184867340476,0.19785814677041458,-1.571148050804206,0.060992120638060913,1.9096794940848918,1.354797122293287,1,1
6,463,20263910,0.028614704458561846,-1.5573912796900735,1.1350947119016155,-0.11299370444481838,-0.6987878354398753,0.8535304210649842,0.4819553122745234,0.7146522736985624,1,1
6,464,20263910,-0.5732159632573257,1.6081876163609492,-0.5492567309709528,-0.4091342005509091,1.9968769935862318,-0.23199528280744455,0.2927091156574272,2.184001099768834,1,1
6,465,20263910,0.22969818534321007,0.5128639783541661,0.9898388535631426,-0.0720204731270826,0.15223854581786805,0.4099023864188552,0.14109536630930006,0.1623344194888092,1,1
6,466,20263910,-2.5674717847533373,5.056961430260568,-4.938101213550155,-0.14646148230823997,1.0145228705032154,-0.5892804258415482,4.026250947005545,0.6697711162856064,1,1
6,467,20263910,-1.0705076799779647,-5.943974604773454,-1.726082260506658,-0.32187511228528365,0.49596857953070383,-0.4852159687862653,3.037459556669373,0.2907262200761207,1,1
6,468,20263910,-0.0988005934617604,0.3827841387131187,3.7891188070733364,-1.2474981687370814,0.6650620854535979,1.553012199584449,3.8216452787677584,4.036084805888809,1,1
6,469,20263910,0.7984003992221744,-2.94833539775972,1.2629367745949196,0.2871111317208772,-0.22147148089816293,0.2379235226391558,0.8333033919113478,0.10711689979180898,1,1
6,470,20263910,-1.861403358476906,-3.8195841547419356,-4.47296037035494,0.2415044554725796,-2.217518946810278,-0.623125091002474,2.92414820466394,3.377929396093729,1,1
6,471,20263910,-2.393257601309699,3.0082020380370245,-2.291894790448211,-1.2624189705374533,0.2191896498519084,-0.22523757790595447,2.2532488489879214,1.3865904988850808,1,1
6,472,20263910,1.4526362068148728,-2.073871389188427,4.584908232730612,-0.5211206503259689,-0.6752882129706311,0.700541495557347,2.24103703450338,0.8792486296923211,1,1
6,473,20263910,0.1835704359984902,-0.09864792963824087,3.2440911080012143,0.4015947509430191,0.2749705417078059,3.6744760766224704,2.194254625196476,10.21334172577152,1,0
6,474,20263910,3.316615671448943,2.432126847409386,-0.07666186919126972,2.750625868567454,2.8275398991268608,-1.1548636256429303,9.256517335683965,13.167185182486902,0,0
6,475,20263910,-0.44877669691945243,2.643049840973834,2.0652369744097996,-0.5284357617846069,1.8713390941637942,1.8940592303581854,2.3790695531560386,5.858300038124451,1,1
6,476,20263910,-0.40495596709476445,0.728394134139904,-1.4421454739770496,-0.05234061080895458,0.29775700173754027,-0.780373066663264,0.27383021490856796,0.43431467958294967,1,1
6,477,20263910,1.4627518932640555,-2.601721576374527,4.441023627827775,-1.1905391356084465,-1.1921122156250612,-0.7331272452266184,2.249479253344041,2.650540845042114,1,1
6,478,20263910,-0.0832631082534192,1.5453998633502066,-0.5844920497483486,1.0059523322609323,-0.24680578841079243,1.492893227786481,0.2471788299437031,2.1306621470429503,1,1
6,479,20263910,2.7436879970150585,-0.6727479259475834,4.141692212976679,0.158056383494511,1.041554465353442,-0.8939165547935448,1.8888738788299457,1.0507462611339502,1,1
6,480,20263910,1.849309121137992,-0.40860178831893584,1.520363656218521,0.26383556808929143,-0.9674671464563462,-1.51199901429168,1.1808320994927504,2.6672833546346375,1,1
6,481,20263910,-3.150422004286355,0.9649571055852619,-4.347759520036803,-0.5671623790946683,0.3658606056616517,0.43408933994082644,2.2321975550626787,0.5733520340532341,1,1
6,482,20263910,-2.1341417384810484,-5.82120514731813,-6.286692863540765,1.1258646380491655,-0.9998263684674457,-0.4367072954871479,7.084090813606431,1.9188007370820965,1,1
6,483,20263910,3.899430937718847,-0.7756872758097033,7.429825092354079,0.9604324610431831,-1.900632314443655,1.5262794266182365,4.471921859030745,3.331196158032947,1,1
6,484,20263910,0.04084746198421385,-1.2138365561552038,-0.793214784693717,1.322927444483355,0.8756320443208325,1.663991639140746,0.30725739297026866,4.0361753418531885,1,1
6,485,20263910,-0.12124363968143825,0.14015589495436181,-0.26493849384095824,0.34404233126511485,0.09551531978766156,0.62327967419592,0.007007295025994073,0.36734310601778,1,1
6,486,20263910,0.942345103192622,-7.93269494435263,1.6363351512635091,0.2297257522035352,-0.7101932897130144,-0.03501247742050412,5.178052976741476,0.3179243541904247,1,1
6,487,20263910,-1.2016143287168575,7.062167386515925,-1.4915264003431048,-0.22747936746213782,-0.36601012648895215,0.10994552744920374,4.1747675687647074,0.13714655370117723,1,1
6,488,20263910,1.4465258279431907,-0.8012310048949294,3.1735082864768316,-0.3390495485310794,1.263499063023809,-0.28004442965408993,0.8179672861724846,0.8935463413421345,1,1
6,489,20263910,-0.1259157418197958,-6.206762901432065,1.8438247863083888,-0.4478125361431182,0.25746774803078165,1.0373719728895554,3.768905566876392,1.1733621468679991,1,1
6,490,20263910,-4.449206283342619,4.344599103745565,-7.406991137860231,-0.7538164735506427,2.529132301313955,-0.777511299163111,6.174496439454689,3.6826074995305786,1,1
6,491,20263910,0.9354725416254155,-0.3115924921013776,4.7225770687488335,-0.41701635296138306,-2.288034861444427,2.0819726708057984,2.9078177326090247,5.49626583173877,1,1
6,492,20263910,6.5961065728469634,-5.005500906434812,6.172795404575922,2.986551312566746,-2.728222610117509,-1.126527159818948,17.09948811494484,13.623546916113485,0,0
6,493,20263910,-1.672023883414397,-5.470524469223408,1.85119134866936,-1.875770824209809,0.29590478461298897,1.316386107848806,7.128286350994731,5.0991428749075585,1,1
6,494,20263910,1.5898600490411923,-3.9845718800061105,-0.9117905336911605,0.4354541240474816,-0.9061803450088761,-3.150189446593412,4.671133540363783,8.811446207078664,1,0
6,495,20263910,-1.6135407119361673,-1.4546232838497744,-3.8076808380085794,0.11803152255401983,-0.39129159793751317,-0.5984613543476663,1.3827012628806865,0.4280253349447552,1,1
6,496,20263910,0.24594923840456318,-7.770930160248312,-2.3186140643672815,1.3636520333691635,-1.9035540066225998,-0.4759135929386958,7.246974423232832,3.909011953134894,1,1
6,497,20263910,-1.009497871088513,-0.3126449808134758,-5.471182630952512,1.2945234478496843,-0.007719335730137274,-1.2154160018526738,4.7220769136597305,2.967339998233494,1,1
6,498,20263910,4.570164225018033,-1.3229389250356751,7.07000661038883,0.8996450285216611,0.2118076658739112,-0.2628788010161269,5.512226150700981,0.8702204826191954,1,1
6,499,20263910,1.736503619001013,0.8392917495049083,-0.3819693855951698,1.3813424342333178,0.4112356895884501,-1.0616168302654216,2.907864215475571,2.9549490400710723,1,1
7,0,20263911,0.46072594673239564,1.1933891436009685,3.9106927917721883,0.15080984607726577,1.259758326215211,1.633732523360139,1.3068869724771506,5.108055492069048,1,1
7,1,20263911,0.5898195365815297,-7.708361521056636,-0.8356468783349804,0.9477476978489392,-2.501847318825002,0.6695529812866807,5.603664111432246,5.840186062572084,1,1
7,2,20263911,-1.414989652542829,0.20397191662771672,-0.6213146299061449,-1.4455153998722494,1.1443614384486989,-0.7980508753153711,1.690942823819739,3.477148699341794,1,1
7,3,20263911,-0.8513908019658061,-3.4585647825071337,-1.2610522980378427,-0.3980977993412296,-2.9250923663109063,1.7173539402816913,1.4309464800961837,8.950249442269696,1,0
7,4,20263911,0.1531653645944857,1.1794222564096688,-3.045578664149886,0.7720335041286432,-1.0121928334405745,0.9439005841163096,1.198837652032263,2.098332144789904,1,1
7,5,20263911,-0.6595981835720863,4.925008491382653,-4.775356904358404,0.2320800663048601,1.6063022249413508,0.4244876159447805,3.777321518911976,2.6216492571372285,1,1
7,6,20263911,-0.21770320996066062,0.19890632086884244,-2.8338395536297014,0.04900274906688651,0.1512983832490258,-1.167937012958979,0.676346777276052,1.489824323277176,1,1
7,7,20263911,-2.0596881246324017,8.3773855425523,0.3744154524519665,-1.841659495854941,0.030512967504548773,0.648781813126617,8.641438783105349,3.6980964072152767,0,1
7,8,20263911,0.6141538143723153,1.9915660475657888,-4.96850440936506,0.9183733940092509,-0.14687048462243033,-3.2353278932036114,4.145181928582308,12.34894860550782,1,0
7,9,20263911,-0.877339186749424,-0.21522260520054393,-5.774450302795749,0.001210369682809187,-0.026635998643589433,-0.48289424876298065,2.648523351949307,0.26801543401364,1,1
7,10,20263911,0.28830127379768555,-0.9715985263499726,1.0549829364747296,0.14245891352405238,-0.26999699131224664,0.048624520398966656,0.1830076215339851,0.07577346857017907,1,1
7,11,20263911,-0.7057041445468144,1.7866086400949572,-6.941937778114479,0.27899981758869785,-2.316457929064832,-1.12991155219258,4.2867312665097055,6.689446909529047,1,1
7,12,20263911,1.7996972371108484,-2.3779010682686823,1.478461204933506,1.5059080739813169,0.6303125254943761,-0.6140835315635171,3.1226566984859008,2.8049685857188025,1,1
7,13,20263911,-1.3832717685808973,-5.932811437290582,-3.427718254184242,-0.8978557713872988,0.8160584740742619,-0.965877211748588,4.201805329429663,2.115847745898555,1,1
7,14,20263911,0.5717219735775245,1.4096438929272181,0.6516861435369954,0.23944534301423914,-0.060253471282063015,-1.5671855335397533,0.41769276623853735,2.816068500217251,1,1
7,15,20263911,-1.2063957571605215,-2.8802905113055863,3.0658530789327365,-1.5446586547506058,-1.446248602454423,0.571658052723154,3.673798949650794,4.1956482493118825,1,1
7,16,20263911,-0.07599653066318979,-2.7605177085156996,-4.744566286160833,0.7603504145990314,1.7797795044983942,0.39380867628399907,2.851226368812739,3.631721627131124,1,1
7,17,20263911,0.6511492107388506,3.7351165599303147,-0.3683779562087395,0.6174528033398303,-0.7372357338070552,-0.808558219749355,1.6531264904383633,1.6930767899790542,1,1
7,18,20263911,-0.41087675195927886,4.4623872500369774,3.138269158704013,-0.7589449420273411,1.8155234749076445,0.3859914564804554,2.8148543780558164,3.5944916391078876,1,1
7,19,20263911,-0.751476667150655,-5.024512427163665,-7.319819506304768,-0.15234644832469257,1.1595694198127764,-4.315586863958927,6.617114267446439,19.925529338401933,1,0
7,20,20263911,-0.4925171971701161,-4.086966739749181,-4.7275515609779575,0.3217444317939737,-0.22769318595933452,0.048560184511388195,3.198677991609227,0.13823045115322807,1,1
7,21,20263911,0.6508854544044596,2.8449109738291223,-0.23854294025716172,0.7778561274845117,0.11933162606920052,0.47917557019192875,1.1260741429206251,0.8968523705272575,1,1
7,22,20263911,1.6495324855709725,-0.3715844735576078,5.464903726121708,0.9814477458955366,-0.8008818145433819,0.4964541505673225,3.3426373336764135,1.5814537437262262,1,1
7,23,20263911,-1.0705560940952523,-1.4756317224976392,-0.13003776669211575,-1.0172826079583501,0.34652044985701536,0.18929023255021332,1.197700506212821,1.1331472745021594,1,1
7,24,20263911,-1.2586949195732018,-1.1808473707922589,-2.5575131967184817,-0.9702326886439039,0.5372960319994582,-0.7628910253047096,1.338278671150598,1.677128057634341,1,1
7,25,20263911,-0.10420706051056072,1.6680090639169893,0.3985216982812254,-0.11342342236250147,2.3820064910998195,0.38513280063978306,0.25126659339984875,5.125887520350733,1,1
7,26,20263911,0.20975454511895464,4.751511051141304,-1.2022082291653717,0.44726749731472637,1.4803175549539966,0.019972731882916647,2.1081322217118634,2.0220993512437624,1,1
7,27,20263911,0.18447812209706171,-2.3640250266145126,4.690746269259247,-0.26182138728586324,0.1663366278283844,1.2840716355632402,2.2675746636613963,2.0295964446339627,1,1
7,28,20263911,-0.6394716237417128,-1.7125635019931071,-1.3857016151258819,-0.4010318407247553,1.6142597498956142,0.16274990997938985,0.5545749013215475,2.3752498561912008,1,1
7,29,20263911,0.3740848836323778,1.3164574358406178,-2.3696781338629194,0.6313545512617793,1.2525013127505167,-0.737498550163362,1.0808165159498118,1.9710133319821703,1,1
7,30,20263911,-0.5190762371783251,0.5925989763417391,-7.079008749797431,0.6348893310318715,0.21085093112493322,-0.22316482843243876,4.424452431938993,0.46518505245391384,1,1
7,31,20263911,1.5861505140231316,4.517781477053142,0.24679692104727735,1.3300901488746604,3.8006400357528483,-1.5339414491557273,4.134829444866827,14.102106311632678,1,0
7,32,20263911,-0.33914128614213723,-1.5093075150968183,-0.8970289831584211,-0.17735651732888869,0.04767123896740089,0.12908099254440625,0.2813668507723497,0.051618170943810326,1,1
7,33,20263911,-1.4295921613979772,-6.682185735777268,-1.0717760471421514,-0.881487547055201,-2.330838456792507,1.9518464963425592,4.731894395654786,8.122464100706141,1,0
7,34,20263911,1.083234753059969,7.207611595751427,2.0538295785962326,1.0602138996283657,-0.7048333168228519,0.9879518711787416,5.41252480792928,2.373897621744047,1,1
7,35,20263911,-1.953415406517621,-0.27827358447306083,-6.864902346652286,-0.8505741094189716,-0.9534164463297242,-0.33389851369041346,4.345866937869539,1.7386732805976934,1,1
7,36,20263911,-0.4752444827735758,-3.6087109516481473,2.425662855205882,-0.7590947035672002,-1.7370667208991175,0.27561218981523256,1.9835925773288878,3.0223508369658294,1,1
7,37,20263911,-2.3468006977198854,3.9039572790517143,-3.76422540523253,-1.5664809521195764,-1.5521396245884722,0.9521023672509425,5.035906990497919,4.948022317699363,1,1
7,38,20263911,-0.46076071673545016,2.4641920997729563,3.9841968539585366,-1.065889600412305,0.7690165444544835,-0.38800029988273876,2.5132688923312756,1.6304964851089159,1,1
7,39,20263911,-2.235651801653944,-1.5719731956798655,-8.316560870691951,-0.6746324198772413,-0.21355083386231202,0.8329030318231291,6.268338292353262,1.187247721773994,1,1
7,40,20263911,-0.4546485310193873,2.076681109003352,4.0501960028889314,-1.0990401838718924,-0.3312875673301889,-0.5671498496512112,2.4317772821322445,1.7404077941927503,1,1
7,41,20263911,-1.4984010471504519,-0.18417020628404968,1.2653299018951074,-1.4725728912513318,0.674103792601782,1.4516857921937598,2.749527778962959,5.08359553037599,1,1
7,42,20263911,-1.230509860438076,-1.0672284332170892,-3.983255833019591,-0.7583376387531189,-0.5653741828853402,-1.10869941513654,1.6895736502400671,2.487541964783113,1,1
7,43,20263911,-0.2689833464071967,1.943020590145046,1.1190139681158442,-0.46728544685510087,0.12064438585199504,-0.282783233008588,0.5468032936408417,0.30577406486959186,1,1
7,44,20263911,1.898086075622217,2.305173771922345,2.9706393923296233,1.4608726925691542,-1.7346202831862831,-0.1536934096756242,3.3799787857842474,4.473915403448505,1,1
7,45,20263911,1.2143321539058718,2.5580441611635196,2.9158428335751836,0.556000395528855,0.2060641006214264,-1.6946508995674148,1.9041252410788123,3.3749235953240695,1,1
7,46,20263911,-1.794297449273273,-1.3895435968634835,-3.432846420510657,-1.284037899934816,-1.4036533558555924,-0.25198625041587724,2.5716233737217813,3.523462315208412,1,1
7,47,20263911,-1.0927597817254764,5.35873503388554,-0.9544894527605017,-0.8040515385233391,-0.22618141361899827,0.47188495641322853,2.9956406352833342,0.8730888896759794,1,1
7,48,20263911,0.12231963859437656,-0.9579263815151906,-3.76821128555644,0.5673925767121659,1.1375060540492479,-1.0093476575140583,1.6586739306357878,2.1158710232784825,1,1
7,49,20263911,-0.05464062357393118,3.528998557171581,-3.1998532965767836,0.4471135393845316,1.2262677565929267,-0.20400203484530835,2.0133090852496585,1.4016136350462065,1,1
7,50,20263911,0.39238940987513615,-1.1111273105638875,-8.24273677099778,1.6997549227928346,-0.31574826515433196,-0.6261384760385428,8.568078667805157,3.294116300637104,0,1
7,51,20263911,0.5532275858595597,-0.678946778117015,2.4573376334550012,0.2689736731915957,-0.45870313323741485,0.457080653667057,0.5645122866597819,0.40773408243142006,1,1
7,52,20263911,0.31078203916283087,6.039263433893875,-3.0775169745388595,0.7306598881602895,1.1502747250347969,-0.9981178207882742,4.447048605879891,2.319903458644209,1,1
7,53,20263911,-1.269891270837519,1.8864931995161893,-2.157047614129098,-0.8714851969782273,-0.6627438491993971,0.35736162632362745,1.4719531629807874,1.1728272955584904,1,1
7,54,20263911,-0.8422230685308705,1.0307190545737375,-6.949804605577732,0.13112219813356774,-0.30713124585274276,-1.2667583952885435,4.018158187390611,2.012937206915728,1,1
7,55,20263911,-0.49635316883603764,-0.3298039080165995,0.08483105541070657,-0.42892106767095584,0.17997048237638166,0.5367472552583799,0.25182897195224857,0.5498416356311802,1,1
7,56,20263911,-1.5721187303038562,-0.7294380034499928,-1.8620044070584463,-1.4411189201198624,0.4390293211194838,-1.040642447372316,1.895515063580885,3.2860906049824092,1,1
7,57,20263911,0.28403776925938473,6.236315808600487,-1.7893152098461762,0.6293748402436279,1.4937176495853,-0.14582444013823323,3.7966673465418186,2.188688549159633,1,1
7,58,20263911,1.1545749877333833,1.7172950381119763,2.559571938943865,0.7876255770626983,0.4464198099113759,-0.05360764951239494,1.4154533437806074,0.7715397617465647,1,1
7,59,20263911,-1.1484619075773992,6.268681067105036,-1.2995787588633192,-1.1425388374528893,4.03001901716067,-1.628519966414659,3.8349710442687974,15.046033797966423,1,0
7,60,20263911,-1.4369309802821704,-0.5738054036363602,-8.575278353503904,0.0003741639227143878,0.5248765808898558,-0.2530754495239741,5.886031139493827,0.25198349635083805,1,1
7,61,20263911,-0.5403789849596308,6.537541136544487,4.866723862932204,-0.7746213116730303,0.8156176650865382,2.3026235524780563,6.006498447742263,7.795243562979051,1,1
7,62,20263911,0.5958831200189252,-1.4071470654910212,5.73510189887547,-0.369207294408028,2.409649933861014,-1.1643037220144334,2.723859304587542,5.390887124748673,1,1
7,63,20263911,1.9154146437659847,5.343769081410716,7.729552584611387,0.983408906983442,0.6646072258779577,0.006819395208762847,8.301387772614994,1.3265880195590898,0,1
7,64,20263911,-1.1505529680107145,0.23644420449187392,-2.904812762300722,-1.0482438307967357,1.4974727920182678,-2.2465732912174246,1.1464139521413914,7.437478780372104,1,1
7,65,20263911,2.3528405351784443,-0.31525352238548626,0.8897365579672716,2.3324648454670296,0.5178950139383787,0.7513360105392746,4.783846706054876,6.360125299647683,1,1
7,66,20263911,-0.9865631442408755,1.1191048482805257,-0.21699059716545577,-0.803538600920433,-0.7748476880916193,1.002821690342686,0.9539832659267754,1.9942989729216776,1,1
7,67,20263911,0.11353384059319183,-3.195036189436136,-4.641034086977832,0.8327820169816675,0.29574838940854564,-0.360207725754689,3.2500078767381098,0.8480291329394318,1,1
7,68,20263911,-0.18639113035160904,4.819714869785255,6.297231502743127,-0.9722247471497383,-0.8288631556873932,0.03690975458715831,5.4933923193197725,1.5095093110189826,1,1
7,69,20263911,0.8071277921341107,4.958797532703826,-3.52217970219597,1.2687905210900112,2.2116646494563557,-0.9485265528353202,4.889241916545679,5.877494359553047,1,1
7,70,20263911,-0.21267043416517595,-3.981874798321644,7.1533525421583555,-1.0728025921164033,-0.925117082087222,0.3366226816667314,6.021942746478708,1.8718918131960396,1,1
7,71,20263911,0.8579029812554495,-6.434193657025292,-1.9126192575918672,1.2446725642578542,-1.219179313227534,-0.046741397080645654,5.170351148346656,2.6437000242449233,1,1
7,72,20263911,1.1063304279645365,-6.733618065826745,1.1530912855283688,0.9697344555119969,-2.190234380937918,-0.45670125118645527,4.8936932924701635,5.236431506618582,1,1
7,73,20263911,-2.2637506785549704,-4.113746851120774,0.908704498644525,-2.252039016217168,-1.9681893134991877,0.7643907531924945,6.445596705163379,8.416896201308752,1,0
7,74,20263911,-0.30459699701589216,4.051363997863788,4.497473327462334,-0.8637117394683287,2.4190615049059625,0.26898521971325245,3.4227995931853226,5.721725212652196,1,1
7,75,20263911,-0.40315888877577777,3.132690231268547,-6.083611208724655,0.3290359644142882,3.1301180512518885,-1.7682144927879517,4.093358516515444,9.634375086184587,1,0
7,76,20263911,-2.1925732190211136,-1.5714062255117267,-1.5918243975941557,-1.9355984672476723,-0.2412685155638911,0.021250977456702354,3.96791478299867,3.6879976733206044,1,1
7,77,20263911,0.6151769763105222,-3.447178993822328,1.2179039173645556,0.33581823558913015,0.33676570877891526,-0.8575410409574789,1.2869833213927058,0.9202277004873587,1,1
7,78,20263911,-1.7638839396131232,3.264103886635639,-5.062554957122593,-0.9643953920851516,-1.2757390569536649,-0.34460920336489026,3.6520051188284404,2.604336029377355,1,1
7,79,20263911,0.9477877617277954,0.6478012544555,0.8053278581089245,0.9076837876210391,-0.44421488937087295,0.5268392324422612,0.7520852982265234,1.193705241663285,1,1
7,80,20263911,-0.5115752028585234,2.356528858188229,2.484835058069777,-0.8665462300010915,2.008427737192978,-0.0017161032042794261,1.5305218234757219,3.9469464218409205,1,1
7,81,20263911,-1.8974366586287204,2.2312268408701046,-2.6232265643804453,-1.2640347704014516,0.7018425460616444,1.4097492505824083,3.0011887751010966,4.449315567834445,1,1
7,82,20263911,0.5282592051573545,2.7116903577908893,0.7282238106635184,0.39402866970664263,1.0377847912895448,-0.28083831717096985,0.8190029991487455,1.031369889285713,1,1
7,83,20263911,0.37085457845182646,-0.26080445927133755,-0.9210321444698373,0.6759885233349223,-0.017766526035120953,1.1243195361061318,0.30857222052868105,1.905644367917638,1,1
7,84,20263911,-0.9581413299977157,-8.247005599643526,-4.8458573063481225,0.010747933851064317,0.009000950068004039,0.07327153282105195,7.310860295622953,0.006527467205938233,1,1
7,85,20263911,-1.1770954587228175,-4.065080365129741,-2.4918598201744544,-0.5485395825229489,-2.152626406345522,1.4119894527317285,2.308355753243201,5.39704238632774,1,1
7,86,20263911,-2.2318137947296464,-2.4646747193596177,-2.1411864884688256,-1.6110080609382749,0.22035742274759682,1.8371644669981262,4.192369035302587,6.424336527197912,1,1
7,87,20263911,0.5956314262796241,3.2382166188455415,0.7441854855984325,0.7223419794497659,-1.7310189025787404,1.4948945557736484,1.1406222386675018,4.627921212183107,1,1
7,88,20263911,0.7200771408620028,-2.444361219937141,2.1065993527295923,0.4765936268891835,-1.2330620417476212,0.33215522469021674,1.0272868666198356,1.4267223662400896,1,1
7,89,20263911,1.776117617462063,-1.6590594251294957,4.4155468974086105,1.1991458746921921,0.7991245462958956,0.18082103071112687,3.253665549260502,2.0489564211083735,1,1
7,90,20263911,-0.8499376594911041,0.6472113362229163,-2.433893636547559,-0.3090021516484285,-1.2618289923441741,1.1029962826256279,0.7224577659302996,2.3235039582881196,1,1
7,91,20263911,1.398424501492599,2.081542634920527,3.3849886168666536,1.0949983673536678,-0.44855816289607503,1.110253451436848,2.1815246063263967,2.5826152987608593,1,1
7,92,20263911,-1.0751486934931052,-3.0180452743599453,-2.193396179149815,-0.6878270090110163,0.06730668656591962,0.1458038484920295,1.577575220985255,0.48039089033697613,1,1
7,93,20263911,0.9363593411982265,0.9208011767584219,2.5493569446295403,0.5581900192797207,0.9622258224382836,-0.08808270854535581,0.9351575372321066,1.0587873771055913,1,1
7,94,20263911,-0.770189497332467,3.349704707496274,-0.895640115939603,-0.6812468120383244,0.7808642787910227,-0.49103733902256214,1.281908715770021,1.0789345706572555,1,1
7,95,20263911,0.29984696507847275,2.10945985280272,3.8190768059989217,-0.1316708462663314,-1.0625842703313368,0.6496826592264348,1.5075887176569889,1.1928518686459668,1,1
7,96,20263911,-0.07998006176734407,3.430306284407965,3.285099593744448,-0.5124295760983841,-0.329288977740011,0.03221533349987541,1.94435914292761,0.34788124791209807,1,1
7,97,20263911,0.4106520508760525,2.0909628680858154,-3.2375072580360964,0.9129072177682644,1.0380173644347148,-0.10746918750987351,1.9636924560947717,1.697050786872626,1,1
7,98,20263911,0.9577377123795827,0.2524468707770807,3.520768373921765,0.5718319751612171,-0.4597184695343148,0.7432975674290719,1.2370526045073915,1.00689040608728,1,1
7,99,20263911,-1.7638295839027478,-2.903744152356402,-1.300633122927401,-1.58421369021994,-1.573567657096273,-0.23971310643532492,3.030100651561279,4.819244999744771,1,1
7,100,20263911,1.188388170220776,8.175932821298211,4.428771034070479,0.7756134959519159,1.126305669116033,0.2445689261285348,7.587723466692546,1.826397724707915,1,1
7,101,20263911,-1.4769059561446625,-11.140990040426109,-5.357916461074659,-0.40897541155592876,-1.4036364329212574,-0.7762169258697662,12.26204596168949,2.868183200102422,0,1
7,102,20263911,0.2852838336138461,-1.950084507353233,6.011937732724032,-0.4668684999616062,-1.2965742551490513,0.3643258376744485,3.2500034532675417,1.6051312978577181,1,1
7,103,20263911,-1.2141412370352782,0.29478099171913724,-4.192007434859853,-0.043646667699619,-0.9479372849743528,3.5130967060978384,1.6885465564035314,13.918736430639957,1,0
7,104,20263911,1.480937913326727,1.2088001514423579,3.922930763292513,1.0758790752741447,-0.917226109593117,0.9536123527839188,2.290652303702187,2.5394020341495773,1,1
7,105,20263911,-3.0443214730080967,-3.3571615444408347,-8.700613269852184,-1.6134468772979744,-0.8181328475501657,-0.7026623672419613,8.935671211558384,3.96245449706319,0,1
7,106,20263911,-0.7902135881222989,-0.7670946087534811,-6.567909225947432,0.2594584426398683,2.292714617093622,-0.21973136957512396,3.5534483421383163,4.253322824699804,1,1
7,107,20263911,-0.18435493197168284,4.523803619135805,-1.4199256149084682,0.1462095689021794,-1.2460201514062945,0.43801915272369324,1.785378541081133,1.3197614303133216,1,1
7,108,20263911,-0.4484145907856316,2.5195958446385576,1.8463347017309601,-0.819046909040992,1.2472318847872241,-0.744183132213322,1.1782056188904826,2.2068205736029958,1,1
7,109,20263911,2.2253592445171364,-0.030289352390852467,6.111358931134351,1.561087681786404,-0.035545279522239286,1.0363915243870958,5.184708069926539,3.622433279017284,1,1
7,110,20263911,0.07593207526269907,2.662890803343392,3.8991521120754875,-0.4981235647097435,1.0796751533575315,-0.27473228037047454,1.8695097520612243,1.156701398295976,1,1
7,111,20263911,-1.8329044528827865,-3.2986858470651925,1.2778234978229364,-1.9687184332083234,-0.05798762261365478,0.1729878241670313,4.595494023313219,3.7637599306764944,1,1
7,112,20263911,-2.5369459583016294,7.194623438563817,-0.5358680149161152,-2.4868584956630286,2.841432045541857,-0.9248239910563768,8.836234914290396,12.44155277413018,0,0
7,113,20263911,0.6635646353737457,3.213890176367312,-0.8938217450435957,0.8783484456292854,-0.18316033760898276,0.3608524523738826,1.529219060909746,0.9038325083923935,1,1
7,114,20263911,0.3949074016236125,-0.25437473083807566,0.850931056023672,0.31293399186739634,0.33341239374033177,0.29361755361125036,0.13644652201060087,0.32598462887391294,1,1
7,115,20263911,-0.022568474061984034,4.679970365763519,-0.6175923603949549,-0.14753707250690695,1.2608166035976531,-1.74453661355232,1.778642918309898,3.971334947638786,1,1
7,116,20263911,-0.07749040703163246,-2.8434855151481147,-0.10051457723151458,0.03619260664521562,-1.3870621167070345,0.5596547664581876,0.6375147159251777,1.6713757710174844,1,1
7,117,20263911,0.8979019236701049,-3.1231984425467747,-5.226275909533271,1.839709282879312,2.0504188499348492,0.5527702871879652,5.867853834004611,7.617863052052403,1,1
7,118,20263911,-0.5028308590359813,-1.3970853990808865,0.5251396204912879,-0.4762085271005674,-0.28703068478239613,0.6740049606764148,0.4768364652080194,0.7290483017799022,1,1
7,119,20263911,0.869771248805705,-0.8197081951752752,4.173533497495477,0.38975203412215365,-2.918197930727296,0.8148201985514076,1.5453407310118306,7.050312171942656,1,1
7,120,20263911,0.703864460016888,1.9625717048714257,-2.463510226479862,1.2581512086858027,0.5656784100333259,1.1104005759741906,1.8853835946837494,3.4927131110804006,1,1
7,121,20263911,-2.265022475154467,4.14630112585643,-2.129148442199387,-1.9151033645985365,0.4646760860601146,-0.17868634999724248,5.026605738991572,3.7010568721259944,1,1
7,122,20263911,-0.38322406918203455,0.5885225197455854,2.543825238275385,-0.8150676808001265,0.3892154912321497,-0.43446068968087675,1.0043478783171462,0.9243079809904303,1,1
7,123,20263911,2.1500871823372165,2.291315039455089,2.1279545244320204,2.110875370922912,-1.9901120787164273,1.8221306319714847,4.17655117660571,10.051060960164683,1,0
7,124,20263911,-0.40863799382620414,-2.7337936830759864,-3.1196803080851865,0.1985008638438046,-1.0942539631733055,0.6663769404852165,1.3690049543291556,1.2730896751684526,1,1
7,125,20263911,0.6734476269602112,6.8842484112543145,2.6182416689641066,0.6628026765959305,-1.9363986254505516,1.756838553458351,4.52058433003409,5.87786184654073,1,1
7,126,20263911,0.3572122810783469,0.6084451531374278,6.351008198498381,-0.4131708937822509,0.11704793601724889,0.5425463882949634,3.2902833555327886,0.5192018749004281,1,1
7,127,20263911,0.5718416862290212,0.6194102686672934,-0.1471046051528937,0.6991619188879667,-1.5513790537539658,0.7470530018779699,0.36394499028228855,2.654722349668929,1,1
7,128,20263911,-1.9610441589818777,1.7728028918337835,1.3293424207516011,-2.221217256025824,1.3170371390443754,-0.4367534781543429,4.644567793884788,6.117113571544448,1,1
7,129,20263911,-0.7807976669531627,-0.009185130226008795,-0.5601346021977385,-0.5744443939085784,-2.0737729436565555,0.8905562119506467,0.4885972944922755,4.180996438337622,1,1
7,130,20263911,-1.0583926609791376,-0.4101499614865789,0.6348312311961237,-1.2370391808892123,1.615561139379289,-0.5109793034041668,1.2781854391993654,3.5609930256966695,1,1
7,131,20263911,0.8093204208412885,3.5079928710987685,0.5318872358377114,0.7639833554404731,0.19691555002665515,0.019288386166633954,1.5747979263868035,0.6048664662564108,1,1
7,132,20263911,-1.5954792868060963,3.087534098729437,-5.170935786190739,-0.752492209303881,1.4091024829204575,-0.15504021361319142,3.3712856395993445,2.078586441421553,1,1
7,133,20263911,0.4672889415666077,-1.680240130315824,-0.13932066914350827,0.3158350216914698,1.4515742715467956,-1.1415313060613448,0.4573820508935914,2.707027008284048,1,1
7,134,20263911,-1.4423086793675566,-3.829957470933154,-4.7780450601216415,-0.5915196429739922,-0.15388515539000566,0.24143797697347924,3.3399690236621646,0.40804834110833504,1,1
7,135,20263911,-1.0990488465464239,-3.8525650532353177,0.9695539890688778,-1.3844134439708569,1.549598447279339,-1.123061552616019,2.5223429287257098,4.616650598604864,1,1
7,136,20263911,-1.349750232509649,5.766603999359792,0.14777785656894338,-1.3101107391318862,0.20306846796113176,-0.14327952256468163,4.044075276443929,1.701324009236233,1,1
7,137,20263911,-0.4065007353717931,2.9815555348418177,-1.568922019752609,-0.19031159054256364,0.7972869214528403,-0.306834148405674,0.9149434491869247,0.5722662994574127,1,1
7,138,20263911,0.9090795519872188,-5.049986412696006,0.6701266912863453,0.7945053327710809,-0.3602381057769639,-0.5227604660303857,2.8446010670399278,1.0492260039139745,1,1
7,139,20263911,-1.1718168752478562,-2.063747965280431,-0.8823417138561709,-1.1829990125059737,-0.5542300387889747,-1.018018033519021,1.3920531688070537,3.074350715835008,1,1
7,140,20263911,-1.140322951472342,-3.697443296027367,0.38845539122522865,-1.1611402539849962,-0.5994490259039935,0.026105208500698914,2.3020915366776245,1.628253785421755,1,1
7,141,20263911,-1.783852874805433,2.2304181901644347,-5.55721383391441,-0.9274153186235026,1.6586966264724745,-0.43494712629518567,3.537996170687421,2.9925979901090867,1,1
7,142,20263911,1.4454552385157626,-3.465698950321415,-3.1300553194274627,1.9325808740600507,0.21729447415794206,-0.21702558662256302,5.3457894877426995,3.680532232240821,1,1
7,143,20263911,0.1576039600847139,1.3291040150849727,2.9913929935773425,-0.1412924825642108,1.25308000111052,0.8585419172618908,0.8796963740994587,2.503989489302217,1,1
7,144,20263911,-0.7770188115590884,1.7289318790171317,-3.248704346313133,0.014352828321364086,-1.0578649952944166,1.8681431686049828,1.1389489014770848,4.253289885211975,1,1
7,145,20263911,0.16815041094986327,-2.5651325461552954,-0.14834207257982968,0.33640436852857647,0.9218775277648298,0.8921649356559529,0.5632076104133044,2.0202668714306498,1,1
7,146,20263911,0.22948597288163342,-5.942710098205206,4.09606821563089,-0.2839594842312181,-0.7495618129289943,-0.18472890395452837,4.078963115518328,0.6372968029188454,1,1
7,147,20263911,-0.3814046198576193,1.8309401442663844,-2.417486267841916,0.18068573024092416,-1.3110195507901559,1.2284220829248482,0.7259516816327771,2.6195711760943388,1,1
7,148,20263911,0.8943690549785117,2.844822001488397,1.429000765306398,0.7191219158093247,-1.0097816403844866,0.1042316291318187,1.3114818552809786,1.273836479849318,1,1
7,149,20263911,0.7135093571248206,-1.0316199568938345,-1.4385340264755158,0.9143124260286584,1.6224207499801646,-0.10258009730498156,1.049846976578681,2.967879957677218,1,1
7,150,20263911,-0.6815673263515407,1.9454343294296603,-1.9267764212130842,-0.321801382518089,-0.2839721314300182,0.3440103719258298,0.7300375037889532,0.26630001968268896,1,1
7,151,20263911,-1.8744970992169385,-0.578590426351947,1.0661757221722254,-1.9801443533015117,0.8639713253531962,0.35870846462664563,3.949545444486618,4.5335500252512455,1,1
7,152,20263911,-0.9443442104594908,7.617083791860966,1.0554801089063268,-0.7977233366770236,0.3391327327641734,1.063911083673867,5.3154812663764215,2.074047602432765,1,1
7,153,20263911,-1.5601748185215172,-5.836279891110449,-3.9065262506598515,-0.8626651985398439,0.4757087014014472,-0.10273347923367368,4.536308996843412,0.883141505627121,1,1
7,154,20263911,-0.9416126697405218,-0.8627014651610282,3.3917744678643267,-1.3084849525850188,0.5028323644126875,0.7696648509271241,2.7058573937076504,2.5893310858962972,1,1
7,155,20263911,-0.7924053500184414,0.6950311999762904,-7.005003426893545,0.29005580205176784,0.7930282274970947,-0.6069237164043632,4.071335493871645,0.8465462982309238,1,1
7,156,20263911,1.259669264284753,5.822126967866044,5.284294417510125,0.6979636860983192,0.8141650931394749,0.5062329923666236,5.414800521729824,1.4853326664278401,1,1
7,157,20263911,-0.4606360017745885,-0.25277049151019954,-0.3913311750683839,-0.3209971863977614,-2.08495695173993,0.6128687014613332,0.17203716783784612,3.695810100158704,1,1
7,158,20263911,1.8803935553211488,-1.1544620009371553,-1.7327563630748983,2.2318043689036244,-1.0036828774377606,0.5842924253763513,4.627814841192438,5.7586313529121975,1,1
7,159,20263911,-1.2661720809290955,-1.5764467799585193,-2.8978867686885863,-0.9718480567273389,0.233099609283875,-1.1067664381820694,1.4887204477247966,2.3005649125589045,1,1
7,160,20263911,1.4462028291401907,-5.970485227512877,1.5833819175260793,1.372750487761948,-1.167531952847473,0.48092602440439286,4.808116108825055,2.9518421269227497,1,1
7,161,20263911,-0.9088721502408816,2.5308612263825006,-0.6521817722408656,-0.7838360605232424,-2.552856007675653,0.17313910010710917,1.125359937271609,5.943661109714829,1,1
7,162,20263911,-1.1311377648662528,4.39610621270714,-0.876689640413872,-0.8996415096091823,-0.33971695011550246,0.32759002200910853,2.390225592325275,0.9607315651733696,1,1
7,163,20263911,-0.7689042816463143,3.548578924201908,-2.414269569428491,-0.35192567111329254,1.1558880002550314,0.07313701824810509,1.5770854277754522,1.2270376265407787,1,1
7,164,20263911,-0.009343243514592814,2.1701976984243703,4.0810052226456115,-0.47862600849862247,0.2567242296889378,0.6074457072786932,1.8891215082911919,0.7284831156953393,1,1
7,165,20263911,-0.08049261995762436,5.905976968831328,5.1532333359248135,-0.7311676488596675,-0.2614364633618736,-0.19794593493631493,5.059593218323771,0.6522858923958107,1,1
7,166,20263911,-0.4711251439721593,-0.028900876230390452,-1.5701498551891824,-0.16732666610784008,-1.4752890341688618,0.4504941017842432,0.2500780010075409,1.8282512308119556,1,1
7,167,20263911,-0.9558651042688666,-4.3658205630147595,2.0555155953672255,-1.2625270795779784,-0.5739909543614576,-0.35802373875590376,3.0551667807352927,2.0908418162050557,1,1
7,168,20263911,-1.5217476365469338,-2.82834366600252,-1.0770797196471804,-1.4621035562029476,-1.4625713170839918,-0.7890506688871756,2.395457950786005,5.11023495210818,1,1
7,169,20263911,-0.615507073472628,0.31472297512404485,-8.138388577240299,0.8626461478111764,0.2504035541978745,0.624051575920424,5.851932985291266,1.2985619411737246,1,1
7,170,20263911,1.4310803197930113,-3.3240786090136765,7.110798499513585,0.518018347858856,0.6696811749403634,-0.025338070333160868,5.284901872955086,0.6360348621681694,1,1
7,171,20263911,-0.6932686372985586,-0.9897977279975815,0.5623163067566495,-0.6659271077504343,-0.40390783450407025,0.7340756039636455,0.6541276186302653,1.0647436148547376,1,1
7,172,20263911,-0.2450305265861914,0.9115665224807569,2.622735876041684,-0.5945251273115844,0.1322654933979241,0.16993974910351467,0.915341915405588,0.3868521299553415,1,1
7,173,20263911,-0.15502430354609942,-0.040368287029788924,2.3519691444773834,-0.6084423196232933,-0.3404030444364097,-0.7460645735290095,0.6298954878598827,1.203819401983738,1,1
7,174,20263911,0.5313257500219493,2.08570319753901,-1.1046317018546787,0.726526999638935,-0.7243651254270796,0.11693568589412634,0.908278422428616,0.9014976476616835,1,1
7,175,20263911,0.45008840261357363,-1.981679755225083,-3.804562922595487,1.0594841069154484,0.7042868861217135,-0.025011499079525115,2.4878695879645547,1.5166132570446071,1,1
7,176,20263911,-0.802499542227082,0.4997356423069464,5.162228613161584,-1.3338009878218884,-0.4465038293815702,1.218914990213034,3.967228140565239,3.3487896378740016,1,1
7,177,20263911,0.3584939281329298,-5.5682158561966135,2.6938735067742314,0.1394316523298187,-1.6895854711821352,0.6485293237764496,3.0130272608684088,2.4614319331096857,1,1
7,178,20263911,-1.1099246811377554,1.0495560052951785,2.0630795951890377,-1.3956447601583193,-0.664138827353282,0.08839438204259069,2.1997572182102165,2.275722414742989,1,1
7,179,20263911,-0.013467372782429265,-0.7487605436194791,1.9544767174268145,-0.5279826770318721,-0.4169550514030137,-1.5034244591925146,0.4091711731960672,3.22036398107239,1,1
7,180,20263911,-2.047975305546373,0.2074028750699966,-6.393985291902418,-1.234190336049636,-2.0354289721552514,-1.5844771648139737,4.155407405963814,9.044351374393816,1,0
7,181,20263911,1.1675620965009728,-0.9729201229677998,3.556682385307301,0.9121553232759823,0.7050920077104745,1.6734690567267791,1.576817967718829,4.898232619648796,1,1
7,182,20263911,1.7763550176927936,1.5682411144655637,0.6251246748347832,1.8466645714279366,-0.6215299827820852,1.0763451301433469,2.9578279555147513,4.720177314396,1,1
7,183,20263911,-0.681167579100304,-2.0789955563983424,-4.786925541838293,0.10412566407686086,-0.2462526018195257,-0.012125211862798512,2.1654266118619065,0.05981952896748497,1,1
7,184,20263911,3.0795945716626534,0.43438899756927085,5.021230054753055,2.323874510239534,-0.9185163172430885,-0.49025158455815315,7.919054356092426,6.146295111351891,0,1
7,185,20263911,1.1683232992644719,4.575352458463459,-4.091290456065259,1.5588636134993124,1.9973194847456313,-1.9668491883455794,6.318662796146441,8.518382327572311,1,0
7,186,20263911,-0.48273818412565106,9.668733605392713,1.2884096241940703,-0.508064475004744,0.9631434229310191,-0.4469633390160446,7.54746044002037,1.0729242744123144,1,1
7,187,20263911,-1.1735017136324473,-1.4594473921207423,-7.019715802415497,-0.011378802982761727,0.4985818641729584,-0.1474481162821813,4.083974483005749,0.20247282766137553,1,1
7,188,20263911,0.2735284754075451,-2.134885826360116,1.2815654217260608,0.17215456855251432,0.4728662235511949,0.5097072992761602,0.5001908590150917,0.5969933167246262,1,1
7,189,20263911,-0.1828747934910666,1.2605588098480054,3.547466373911412,-0.555242019662586,0.5075351230117834,0.8496998683409294,1.4633856934774052,1.445111198078758,1,1
7,190,20263911,-0.20369728555445477,-2.7167911979804455,-0.12733212672409522,0.005165248811096035,-0.7367504645800047,1.173089749065034,0.6044870401016018,1.7230118747548122,1,1
7,191,20263911,0.5944917479861829,-7.457022460462824,-2.4630441462381114,1.0970159000302715,-1.5652765814900984,-0.08565357312982597,6.216531929666683,3.113130028896722,1,1
7,192,20263911,0.8064140573090128,0.6923940288011727,0.9282963874160615,0.7426937009111612,-0.017147612028412,0.4833957927517169,0.5472542273294893,0.810605511426354,1,1
7,193,20263911,1.0788120601309004,-1.632682709301366,8.181753191415346,0.281498591201796,0.46553704675234375,1.7423499078700109,5.482326460626217,4.032917054295755,1,1
7,194,20263911,1.3314008221630331,-2.817778642486628,-2.29119976157331,1.5141113972341032,-0.09706381558808036,-1.2577656234590986,3.756100697509866,3.9196336825983105,1,1
7,195,20263911,-0.30216750280993665,3.1347992523986097,-2.06086645847261,0.03377825275188684,0.37396346633369365,-0.05491799781312422,1.1133652742834026,0.11231370030177604,1,1
7,196,20263911,0.730751316813155,2.8720796978312584,-5.087862146600507,1.3807166211883555,1.7336714145376222,-1.2256752608211656,5.016513556815621,5.257935036968485,1,1
7,197,20263911,-0.6783380147291211,1.2127597710795424,0.004994160386985413,-0.527470336801656,-0.8936071009606774,1.0136678603194458,0.5420851615652765,1.7890740679047266,1,1
7,198,20263911,-0.9363802208782204,3.0712597953932987,-2.7136151707070866,-0.6533611523686886,0.9835010757662708,-1.0787431844109254,1.5542130779785155,2.1546880483766095,1,1
7,199,20263911,0.870461637778476,3.010376804304527,1.056130591016121,0.9048869270764044,-0.36918294004116775,1.1409908397233677,1.354230518599001,2.2683650968898403,1,1
7,200,20263911,-0.4607559848068661,0.09309992374240793,0.1495668693176455,-0.529467267096237,0.30353426447727727,-0.30480766693019296,0.22066485988738246,0.41997627627693024,1,1
7,201,20263911,-1.1975217343118914,2.300414875979009,-5.105259327773332,-0.5344318698036261,1.010261920740888,-1.1859431354700685,2.606026012293438,2.287319510856263,1,1
7,202,20263911,1.1721643625871252,-0.8230159649350672,-1.4177101761640678,1.274327661617832,0.41323098201218034,-0.7646526731806299,1.9965491746682114,2.232412555946648,1,1
7,203,20263911,0.07304997969288252,-2.2324697027751776,-1.244944241814757,0.2710022703167567,0.007642243622991075,-0.03300479610595871,0.584522018769537,0.07174215772995761,1,1
7,204,20263911,1.7299321811779294,-2.2834189232860194,-0.5924233156100023,1.6612756464448353,1.1114090876502467,-1.1057963854718356,3.604972937722918,4.613010292969448,1,1
7,205,20263911,1.1806023766023372,0.3761950873279605,-1.9309563795794737,1.623028155479716,2.238285728059566,1.0775716568797173,2.3117887778614,8.985751368900331,1,0
7,206,20263911,-0.6336428775849186,3.3174082649531798,-1.1811239897615735,-0.509750667338011,-0.5158400359695582,-0.5546452787387834,1.142850199537897,0.9431767282645456,1,1
7,207,20263911,1.150134981243923,0.010938084885792497,-0.09999255810225094,1.3635595534197194,-0.0709599520573652,1.3626410656840295,1.2770536230766667,3.9475908181193216,1,1
7,208,20263911,0.36120319585060656,-1.708017326834149,-1.250038813883716,0.6842196701275327,-1.0273528522914925,0.8644121863888621,0.6393893255144988,1.857250336696433,1,1
7,209,20263911,-0.472838025421197,3.345069470458355,-3.2629354944442213,0.0674232826248442,-1.3006041072285808,-0.0005890025762406322,1.7329968128375657,1.3835888627339479,1,1
7,210,20263911,-1.1702389896661884,3.306009391497153,-6.393653276711056,-0.0425851309896359,0.23016529760211493,0.23961108366235406,4.124504651129455,0.12802837384428345,1,1
7,211,20263911,0.5077989947074855,-1.4904831593723769,-1.385814674532316,0.7707715905127657,-1.4259332724412934,0.3397180349743754,0.8078393469982371,2.1575000468600507,1,1
7,212,20263911,0.8139229811100677,0.8368234779975658,-0.06755930278616518,0.5295334587065383,0.41836348153707426,-1.9174128008808462,0.698386377952986,4.195059493197421,1,1
7,213,20263911,-0.9390636713881975,1.4877932496893345,3.3210494997365316,-1.2506136658370792,-0.8865088836045788,1.0667692385724008,2.7410033955059783,3.1286213242615126,1,1
7,214,20263911,0.9024502546105566,-3.2002725861324977,3.631387785314754,0.631811029382277,0.8051787490018584,1.4768858520017392,2.06823241029511,3.87353712385975,1,1
7,215,20263911,-1.6461310719148798,-2.8353642820135763,-4.95577656069522,-0.7506584469553843,-0.5815049981764386,0.44387228681264135,3.216839187899038,0.9636063748884334,1,1
7,216,20263911,-0.09166448353076362,-4.923014915530405,1.3911377119669197,-0.0695516791366515,-1.2469527542351513,1.1502753870185933,2.0804222915760207,2.3083806069710056,1,1
7,217,20263911,-0.9610802949694914,-1.9636762038289213,-4.399920027010843,-0.27386290769527477,-0.6029910160282392,-0.212722879911985,1.8984155357880668,0.4764503449576248,1,1
7,218,20263911,-0.6470151894791627,-0.14494996001241817,-3.1319652477009114,-0.04731880727936755,0.9598734507733498,0.7192110677496422,0.8034997580664464,1.5792655944555927,1,1
7,219,20263911,-1.363553115638524,-10.468684151684913,1.3033588074170233,-1.2662413917915671,-2.9063595365103745,0.23467002833019288,9.850989024950724,8.541759389207863,0,0
7,220,20263911,-1.2509046015117917,5.3522387806728595,-6.001006522470277,-0.17956239245836514,1.3862029813794066,0.0701998356220507,5.174873104082835,1.6287895943314408,1,1
7,221,20263911,-0.47237924747437887,1.1297769196292788,0.18248475790376517,-0.5156805868515448,0.3124510880949525,-0.12541685645636058,0.3310543894366214,0.3362877800773575,1,1
7,222,20263911,0.3063560944528092,-0.43824323437913165,-5.810598908590542,1.1208281312155748,0.6929840865500718,-0.905656432801936,4.143228428582834,2.2962922499071814,1,1
7,223,20263911,-2.0052731640019488,5.114961313232051,-4.493537623366429,-1.416929368935854,0.03498533686191412,-1.3471155189458022,5.001161898439379,4.085119046555176,1,1
7,224,20263911,0.12153236275835866,-4.940451500746105,2.176128323376627,-0.034481470563690664,-2.4237067741223277,0.7575537253965636,2.2840788636505214,4.868107338306153,1,1
7,225,20263911,0.6340843166913714,-1.1575075354651758,1.649320789639944,0.37781392640388844,-0.6526734885021261,-0.12378322943936458,0.48814556763205685,0.5147164841434974,1,1
7,226,20263911,-0.807976804635615,6.232379905955326,1.7163880129212075,-1.094073871717427,0.6993895656873117,-0.8579139272582152,3.9901227361586065,2.195433615422366,1,1
7,227,20263911,0.31812913668011333,1.3057927179288649,-0.24904186950151086,0.5512066683639034,0.30133000246255204,1.3087959526089867,0.2608693890230759,2.4933959122293166,1,1
7,228,20263911,-1.261109788585344,1.6419614797295277,-4.19212550158624,-0.6281152840086293,-1.9679037344810237,-0.26421749870257877,1.935291768272752,3.8892250699183673,1,1
7,229,20263911,1.036884658631493,-1.8720205298983206,2.72286269723865,0.7995625613914967,-0.594826824281921,0.9731585132260473,1.3291848939293818,1.7985568457122862,1,1
7,230,20263911,0.22934127855026532,6.807797908918466,2.50094186527069,0.003880687146619266,-0.41086056178922226,0.12338144190337805,4.127764761474381,0.13811254022226438,1,1
7,231,20263911,-1.7695599904745336,2.957832353035517,-7.235715200564236,-0.7419041946196501,1.6279351904295163,-1.3706179216952856,5.105427438530771,4.030898564766169,1,1
7,232,20263911,1.3430178103289734,3.1723481858746445,2.2053389442608378,0.9507214547388969,-0.751336544380026,-0.6571509706609582,2.3172548351359583,1.9109504189197755,1,1
7,233,20263911,0.5643675713088783,3.0937677931323235,-0.2425109657960327,0.5577223311226192,0.8932389271026334,-0.4310457161051249,1.1406816439402532,1.040370990564691,1,1
7,234,20263911,0.6729945696448567,0.6345191182370835,2.4245534846704793,0.26951836946224716,-1.157949217499154,-0.35189892677525964,0.6184978091296904,1.419045989230189,1,1
7,235,20263911,-0.5746238851180294,-6.737865823214414,0.06498448577684357,-0.3131105283922295,-1.098639200876142,1.0876531556561027,3.720805249715694,2.034130638025856,1,1
7,236,20263911,-1.535751180189635,-4.352565386247469,-4.278295805791537,-0.5532095622389761,-0.6505953048049312,1.6705291900978643,3.53577608967343,3.450898855469021,1,1
7,237,20263911,2.214532492347871,-3.140646455059153,-3.7020087132815505,2.632852352582489,0.830245514708966,-1.2353005082622412,9.306327967384101,8.55073166644824,0,0
7,238,20263911,-1.0637798714875544,-3.735602074486485,-0.563548341364676,-0.8462651871553533,0.24231867471724355,0.6497694415905376,1.931077945551462,1.2375895822830576,1,1
7,239,20263911,-0.22305801535006253,-6.590083820849854,-3.445156253424898,0.77095005399417,1.2738424670554442,2.3913563488253735,4.610342809053775,9.62349831524632,1,0
7,240,20263911,-1.846186191056745,-5.777644610603435,-2.12055156782494,-1.1583389384133227,-1.4071472722762088,1.892017111085056,4.818657118778452,6.129270621007337,1,1
7,241,20263911,0.7512765209699808,2.1421585047463823,4.588315338299999,0.12474481813842431,-0.5822815213832456,-0.019412125835285524,2.0516639420703138,0.29247465678846574,1,1
7,242,20263911,1.1588871743117295,-3.494480003724724,-3.535407173508723,1.72923021825099,-1.7207687505515026,-0.0680799565034788,4.814905674233122,5.171316522999999,1,1
7,243,20263911,0.008063627204080603,-1.2726028795649287,-1.7444400264552868,0.413355988083282,0.8697983291001982,0.9090269985940328,0.434863689486341,2.028256506993871,1,1
7,244,20263911,-1.8756267143223795,-2.680782085784818,-3.856080354623465,-1.0195234301469327,-0.6281265494492053,1.4857328091567605,3.203664121479278,3.503112227812488,1,1
7,245,20263911,1.0122090469974125,0.2674030232834957,2.900442104138911,0.482144358921488,-1.6755076911811626,-0.7322008044540876,1.063225214758709,3.458351777986674,1,1
7,246,20263911,0.295297267165779,2.4438077116949426,3.634249269077543,-0.29022692548090845,-1.4761950987760475,-0.547642865701871,1.513365993535818,2.5061763368850967,1,1
7,247,20263911,0.16349619017756822,1.2745273484113566,-4.273629748108995,0.8287364953806389,1.178680972750548,-0.13570384927509876,2.224901630737777,1.8011552872247545,1,1
7,248,20263911,0.37650555138688446,0.9614608436773718,-0.7368330412034112,0.591638296245236,-0.3945643364123917,0.6868590347282364,0.33591934944923824,0.9162144855378247,1,1
7,249,20263911,0.6364286147465066,-5.501035754962652,-3.724425966708168,1.1485528889028274,1.030139056806436,-0.9963423140751808,5.164271056097581,2.8978646060161286,1,1
7,250,20263911,2.771243076665513,2.055252833061634,3.8073223685500466,2.3316346891753597,0.36875884228169264,0.5342385997533649,6.604202490657388,5.834762192535666,1,1
7,251,20263911,-1.4596454696390992,-1.747347035222907,-0.6764170542064143,-1.4700635264437665,0.9869583483911005,-0.7775629505025,1.994196948535369,3.2956400310645835,1,1
7,252,20263911,1.3368107550828938,0.3111076803477824,0.04992615201482309,1.3228345168649298,1.0033577720289473,-0.028730447276845292,1.675711326739488,2.559461105696953,1,1
7,253,20263911,-0.14501173318700467,5.754650980512617,3.1572875384289922,-0.4112262257003465,-0.12372336132227622,0.6747604037646912,3.518558884433009,0.6547475045413396,1,1
7,254,20263911,0.5181340428240162,0.8194162949217972,-0.5869406376414688,0.6018355247567513,-1.794670227685565,0.009381448268954208,0.4222813613762429,2.9154339810327636,1,1
7,255,20263911,1.169975596536915,0.23651334852031897,5.367840756803904,0.5789090490913509,0.05727921853725939,0.9439125418397202,2.5460906721308896,1.3836038253886007,1,1
7,256,20263911,-0.19048775579594235,-1.4939212752882893,-4.045661899051872,0.3772051381455128,0.3366334921270701,-0.5621083128393805,1.6558127608359081,0.5166847098114882,1,1
7,257,20263911,-0.9811980888773917,-1.3403711793727167,-0.34311457255507705,-0.8186695945182692,-1.5633072884433397,0.7538309684468774,0.9573874019249513,2.9455742218804204,1,1
7,258,20263911,-0.6897655886583323,-3.830870515454995,-6.213210438807721,0.35261464256950603,-0.904230677385267,-0.14388531301716365,4.3817019101321275,0.8351545859493148,1,1
7,259,20263911,-0.5978782331075649,0.1742844091754705,3.4157646845762386,-0.8151207243171825,-1.5831154936219745,1.8781985382018784,1.9004798785614387,5.755608694419157,1,1
7,260,20263911,-2.418120639644002,0.06236605262183407,-3.5335249077357247,-2.133888196766435,0.6079289469712394,-1.8077420791730958,4.2752016302064515,8.184568584040552,1,0
7,261,20263911,2.5069255284695373,3.4032825454614737,1.9973021645079747,2.100930004641441,0.21063032057393696,-0.9831891088618333,6.211830697484154,5.226028162954799,1,1
7,262,20263911,-0.9549904408576708,2.2997776442156415,2.5638653653840002,-1.326349248386606,-0.6757839183538629,-0.08770618317826274,2.427679380526263,2.1583925215127815,1,1
7,263,20263911,-0.8767363290978665,6.120939648253314,2.4162680407847112,-0.9558389516118666,1.650758456639913,1.2406666279858163,4.389773626085852,5.479055487470408,1,1
7,264,20263911,-0.8009943596544815,-0.03126450770508447,-0.8027811180699196,-0.5654819236347066,2.479232116765305,0.8661264610021215,0.49525172040653226,6.876805533583559,1,1
7,265,20263911,1.1880451915177446,-0.19346568939031042,1.3862385482160953,0.9669884321669713,-1.432299937497115,-0.09372670946275954,1.1092647315399857,2.5500962056568306,1,1
7,266,20263911,0.4330468492273667,-3.341203292010274,2.2996539525007407,0.18510254002171678,-0.8583740490711418,0.38468321706823955,1.319596128948477,0.68780468340727,1,1
7,267,20263911,-1.584280999638196,-0.9574943766791308,-0.4229622537518374,-1.2812522962570938,-0.45188500652281477,1.6111627196121248,2.263789482682141,4.418933521769667,1,1
7,268,20263911,-0.0962798302554404,3.720503432594648,-1.7802954173203709,0.34669554780333556,1.6201003046703513,0.9499823585370879,1.3891204145696638,3.861337973794827,1,1
7,269,20263911,-0.5578384190887675,3.831910855824141,0.10005890531991213,-0.5375398436530929,1.4942278282632886,0.027344377025583493,1.4005129936512102,2.0823716795067035,1,1
7,270,20263911,-0.0002937661902819855,2.782562269593806,-2.7779914146907245,0.5480881848732224,-0.04759329983486213,0.631923064771107,1.4094876494680926,0.7495339150448923,1,1
7,271,20263911,-0.5837266901177713,-0.426607375001988,2.5921870852532614,-0.9761775401536852,0.8608520070297314,-0.11639490782261115,1.3277157244076192,1.4725253903984734,1,1
7,272,20263911,1.5568236116594392,0.08357088765545272,-2.3140798991892098,1.855790483503256,1.5884707977894164,-0.3492419044624551,3.798486774612422,5.423241375906798,1,1
7,273,20263911,-3.1004586919245867,4.408809201537476,-5.532135655008787,-2.173116765357605,-0.7227772377770084,-0.25560165061033796,8.16637968766038,5.250873015889653,0,1
7,274,20263911,-1.8863101798179969,0.6454558930532955,-0.6148754290470997,-1.8754722248035876,2.3803235572287136,-0.45860925143513,3.1030406458846977,7.738382223475222,1,1
7,275,20263911,-0.17530940357627856,-4.547760052241702,-2.491747333137674,0.10776902888366635,-0.16994750226845792,-1.0347329788354254,2.2019414845665524,1.28999360232653,1,1
7,276,20263911,-1.6029483907676365,0.14090593630045567,0.0022112109767356003,-1.87354427855297,0.44967116148960157,-1.7329892593966487,2.4221209258764644,6.83292796572761,1,1
7,277,20263911,-0.3594707389603684,-1.4864017761326234,-6.4103763579412245,0.40650337062913877,2.176596113162786,-1.8866992401791862,3.900988348861585,6.561107901615252,1,1
7,278,20263911,0.5906077287985738,-0.3780836956418979,-3.17239973558393,0.9314977917804583,-0.190247355735018,-1.042550622387651,1.8771758806202923,2.0900279447030177,1,1
7,279,20263911,-0.07186321832068643,-2.7984447655059888,4.471747175099484,-0.6810092169515087,0.8287041707511762,-0.03391363911879091,2.4820341343188286,0.9751330501434181,1,1
7,280,20263911,0.374678227149019,4.007088684993423,-4.30391504494316,1.0838144969040115,-1.2783150964005576,-0.1080125572924983,3.898046778543442,2.4442067438358013,1,1
7,281,20263911,-0.06762146862203622,-4.074326648471227,-5.107496608772038,0.7348575302793279,-0.729562335868565,-0.4479417737152763,4.010830304290803,1.244659570300434,1,1
7,282,20263911,0.024465156630441243,-6.037143831445577,0.14515753178469026,0.2527392762191596,-0.898015162100555,1.0936103177646757,2.8925729368622415,1.75530121314943,1,1
7,283,20263911,0.020420340753190658,3.2841494761483827,-3.584181315617336,0.7183383147915094,-1.2525304623616869,0.7180724884570525,2.2230627519542088,2.0424290405947456,1,1
7,284,20263911,0.2569298245553,0.277644834214405,-0.6062555210788894,0.23229158602913458,-0.13671944042262277,-0.7679804108259478,0.1451916788662326,0.7551013549590004,1,1
7,285,20263911,0.6951752717595241,2.7508643932936034,5.120181408215366,0.03162970717767166,1.2010322625450136,0.14986417401458782,2.65303827281901,1.2691706824208349,1,1
7,286,20263911,0.8764499558789964,-1.5387014306064224,-1.1307543657604562,0.9680480530001887,-1.61108562143641,-0.5301111287157331,1.318096604075751,3.5036215532475428,1,1
7,287,20263911,2.121483240589612,3.326766696419504,2.92973728964607,1.7095008467239836,-2.005020513775786,-0.10344994293949501,4.6098381945780025,5.973947518821272,1,1
7,288,20263911,-0.3869186389593722,0.018880542200928198,-0.34582982135600915,-0.33544631259641733,0.4504237359626896,-0.0019185304490241097,0.11743957093409456,0.26681357981905385,1,1
7,289,20263911,-0.22095794783015776,5.758598810397255,1.9485437864670239,-0.34207814012575,-1.5775604415664075,0.57319544684047,3.000983201016958,2.2446159837290645,1,1
7,290,20263911,0.12695079112256735,-1.7480192655676219,-4.2562674385121255,0.7292241613658632,0.11874829960925411,-0.5795407851419941,2.2758393636646517,0.8619327716517744,1,1
7,291,20263911,-1.2180860672075937,2.5034913173402624,-5.0300221941560395,-0.33690573117581835,1.0805020404555838,0.31666227342300085,2.644328099760886,1.2747746785345735,1,1
7,292,20263911,-0.6175411827474022,-4.136237760430285,-3.270365668082839,-0.05731663309308033,1.4437613382719805,0.02952320745090457,2.205214178914421,1.7179062347827958,1,1
7,293,20263911,-0.7006064151885028,5.34773690839739,-2.4912496471039134,-0.3916705726203986,0.03977826591443687,-1.000662495140687,2.7980194065869934,1.284728766277432,1,1
7,294,20263911,2.1374493386914253,1.8876276032260257,4.382544721309216,1.5962031844644287,0.3350924164497416,0.3651532174039831,4.306730575162802,2.7930618859751553,1,1
7,295,20263911,0.9146295837259117,3.3549347357204238,-3.8167763027316965,1.1633024097737064,-0.2466922086503999,-2.4774262739055946,4.28411275650605,8.1770485586992,1,0
7,296,20263911,0.0008547970560641716,-0.7130512660380371,0.5579248066269642,0.050681316450038594,-1.2606440805716346,0.9169837750629053,0.0692984998960917,1.8733771606055805,1,1
7,297,20263911,-0.3630535048244212,5.5741655360065305,-2.932231990265578,0.09860334403916227,1.071028870819112,-0.49451559852012483,3.1850396269995516,1.041689387459174,1,1
7,298,20263911,0.24397720031657855,-0.4578825441337771,-1.7883405482336698,0.519376142576192,0.06692837981847051,-0.005565895443009828,0.507308133750668,0.2655480665537995,1,1
7,299,20263911,-0.07338121517506124,-3.930346534683728,-0.04111351711129174,0.03322650891064427,-1.6572091670779043,0.4613644958857243,1.2152034372942653,2.234898827036497,1,1
7,300,20263911,1.4162943963898726,-1.3424726395917197,-0.9844950362656313,1.4129777528386,-0.49896628779531854,-1.03108510940065,2.5160185338749317,3.3760291697070812,1,1
7,301,20263911,0.2307082966276255,-1.1926637037781451,-0.9749451577053669,0.3684123996291646,-0.42954722089424524,-0.0918762461282333,0.31898768440795455,0.29456561048762575,1,1
7,302,20263911,-0.2319082434341908,-6.471554722842503,-0.7161561326255175,0.07370883515400806,0.7310383883516148,0.6294305034055104,3.346143074360098,1.0556031624713178,1,1
7,303,20263911,1.1372816246570494,-6.061149626968962,0.5820061846487405,1.199732539345547,1.705221663143675,0.4344489347601857,4.29669351251187,4.337885467089958,1,1
7,304,20263911,0.7175738070830846,-1.0903346579780966,2.7970411341714225,0.4412893975076031,-0.9708864539417302,0.8267048957868032,0.8353850008709436,1.4615269578896264,1,1
7,305,20263911,-0.2585893329163298,4.033558247765252,0.06726762672509778,-0.21224273627052526,0.5737667041503549,0.11033553769523803,1.3174051672333018,0.3411175609198253,1,1
7,306,20263911,2.749268356757483,1.529436585746436,3.879087927962619,1.8232509063943496,1.1269386688236367,-2.5271035212184114,6.337665750474691,10.188220973543974,1,0
7,307,20263911,1.6273618048565766,-3.247476885841247,3.2314463794940558,1.1487622632581065,-0.13726211563632107,-0.32904888902127116,3.1715336590741776,1.3992308862029834,1,1
7,308,20263911,0.8751703059638771,1.7183379434950856,-3.107115735503399,1.3729359016152785,0.19564819282625756,0.020502890456783805,2.7156018936466335,1.8665394042373076,1,1
7,309,20263911,1.4600795372302287,-4.002579167711043,-0.023760542678353147,1.7012938130692135,-0.5033765952382602,1.3653150109835777,3.46440011167627,4.938180824552925,1,1
7,310,20263911,1.1423546592001514,-0.017811538780652007,1.0757875914975905,1.1924194526370968,-2.149548554414101,1.5070708187843487,1.0337820760237055,6.611659998709957,1,1
7,311,20263911,0.9358122302441529,-1.6164269674676361,-1.074846256364932,1.0257865634834786,0.573820779596206,-0.5247993257153973,1.4330646283927226,1.4933172193329998,1,1
7,312,20263911,-1.242819302083774,-2.373696970492487,0.5201598953227204,-1.2353966367720375,0.21354767181044235,0.47544850535812333,2.032079262498749,1.7600475133374602,1,1
7,313,20263911,-1.2320784195504473,-3.500680875303813,-6.986105613481776,-0.1778043579744235,-0.2617642422856551,-0.9828185018812051,4.86203179072123,1.2727266972449347,1,1
7,314,20263911,0.12861086075591288,-3.1185414573363244,-3.648675797756134,0.7931774014170685,0.17570894625079042,0.4113437259385182,2.319324832860156,0.8704552359440781,1,1
7,315,20263911,-1.3671586934415245,-2.434184628126929,-1.7140206364235269,-1.2575422523694897,-0.7688687588032356,-1.1055356116534802,1.8208482133334742,3.819411525985438,1,1
7,316,20263911,-0.4306191911015276,1.0159682932670406,-3.8297329749302733,0.08459533649144646,1.4134288871923444,-0.6198907112155624,1.2652059173080097,1.7699708400271124,1,1
7,317,20263911,1.0630195837158567,-8.675601600797856,4.453751823512299,0.436988488520484,-0.37290618653877844,-1.2904013125734723,8.106499940905564,2.284159731802829,0,1
7,318,20263911,0.1958201082327662,0.6397934600347773,-1.0846643814489134,0.6408463955498007,0.9855813342577655,1.940929004902417,0.24116725589904325,6.237355996914483,1,1
7,319,20263911,0.32656253201278673,0.7538322671075727,6.231187394388851,-0.3937170285678917,-2.2443131648388284,0.870097843628555,3.2015974305023827,4.532052077880225,1,1
7,320,20263911,-2.85941027033644,-3.9544327779048345,-2.585681452672965,-2.380905273358053,0.27709217897804234,0.1924022139398215,7.190288879361262,5.539360347083679,1,1
7,321,20263911,-0.2733606283416634,-3.402814998374813,-3.612885345056462,0.2086436595297414,-0.9425269955285144,-0.7854899635359885,2.051585925239423,1.6891120894274145,1,1
7,322,20263911,1.2880878241352605,1.4016299090536262,3.4019229632956502,0.9293918428969903,-0.22012223884706783,0.7827512866547602,1.7885525595181146,1.5325850909044751,1,1
7,323,20263911,-0.5523767443882832,-4.738374954881015,0.4501248591969116,-0.5983661890147118,0.5186124468172691,-0.22782229310684013,2.0347717865738724,0.5756166621420147,1,1
7,324,20263911,-1.3692268228396642,1.917280823083456,-2.1083606870048754,-0.9822859981645706,-0.6416462863896019,0.3293972324275695,1.662504088503417,1.3375268728284073,1,1
7,325,20263911,-0.055379590208815443,4.142716790146586,-1.102204922431774,0.23985721417128048,0.2005611234657387,0.566688385502916,1.4777490992753373,0.5006207974673564,1,1
7,326,20263911,-0.8044954489884901,1.0792506961836805,-0.4933186067727888,-0.7739641142545679,-0.9235553251179344,-0.2983491882093638,0.6129913486663303,1.5238477705479323,1,1
7,327,20263911,0.6633485741031677,2.207031994875137,5.32978232700162,-0.006325836497808268,-1.3130784735638883,0.3339219794803782,2.6018373194469415,1.3917224969826132,1,1
7,328,20263911,1.4447911353559562,-3.547303625792291,4.5857131737893795,0.7460894680890249,0.0069221573025729805,-0.6509496060666621,3.4899974188483007,0.9871822054040391,1,1
7,329,20263911,0.3669426059546481,0.9432689023557198,-2.593370775307875,0.7081535376156012,1.5373201786823871,-0.3974175583620887,1.1361297497251817,2.4132158971772077,1,1
7,330,20263911,0.09812540399215663,3.1766967925015024,-1.5641253966577544,0.68767014233336,-1.738930561670372,2.3037839988927256,1.115268213958141,7.691652035335578,1,1
7,331,20263911,0.045514254416929134,-0.15314537283706106,1.6759453348800157,-0.20024983603835267,1.9305032816434113,0.05310931356533595,0.25037997862858313,3.104954935838819,1,1
7,332,20263911,-1.589570102151896,4.288158601282154,-5.516942947488914,-0.6285864830994683,-0.3862965708923822,0.042856157768849275,4.241992262196209,0.5115918486707708,1,1
7,333,20263911,-0.307389384152458,-1.127170593524417,3.092066813670172,-0.6897218182914173,0.39848800549003627,0.3739921754580479,1.29568695067711,0.7731222449031725,1,1
7,334,20263911,-0.5138877948238303,1.593989030825309,1.5307167721641655,-0.7391403414867739,0.6208208439903642,-0.041208983357519054,0.8514047565550169,0.8149986839719554,1,1
7,335,20263911,1.9008750578824163,7.07125270005404,1.3598286934320143,1.932449736177233,0.587094177468525,0.7225961569148769,7.581250394690068,4.72662206617696,1,1
7,336,20263911,0.5593461619413063,5.969779224939495,2.9117776926240175,0.4078062380707763,1.2967500099192584,1.2164795614719988,3.560669958893376,3.812269682096424,1,1
7,337,20263911,-1.0858000973063326,-2.3525352713540633,3.36788301099115,-1.643669819525087,0.3841176562254107,-0.5987210549861698,3.393625731957102,3.08198319070861,1,1
7,338,20263911,-0.36403559987982703,0.05119752214673137,-0.3996429321402637,-0.09796541869621933,1.1348904348781157,1.4246997817305338,0.10219822366781849,3.9357790313914753,1,1
7,339,20263911,-0.17604356953032152,-1.8872666551326518,3.348425484515925,-0.5655803286984451,0.5520710234646884,0.5196798056110918,1.4686702003305416,0.9351370901310525,1,1
7,340,20263911,1.0519255090530635,-3.0070417599319907,0.6332497687247667,1.022654737030308,1.0199313526526246,0.29853402284536423,1.6922189885004757,2.124105587966065,1,1
7,341,20263911,-0.03484257429687432,2.1864368448974116,-4.365479523722129,0.6823285791604405,1.9151186982552326,0.08735728621258528,2.302271070530183,3.565802141583183,1,1
7,342,20263911,-0.35397087972887675,3.277236909214436,0.8720479656546622,-0.5479425291289886,-0.307851205747395,-0.6022360937939233,1.0735919071993134,0.8676671848198583,1,1
7,343,20263911,0.648316878522337,-1.1175541629743244,-2.051138116550966,0.8858371076507296,-0.26376180015328426,-0.5463963612799496,1.282981701462972,1.1611238651085252,1,1
7,344,20263911,-0.45200820229879923,-2.9524530310743615,-0.09228983977710215,-0.2713179460126014,-1.542599032329218,1.0217694189798658,0.8390492521537097,2.695494802140537,1,1
7,345,20263911,-1.07449116231777,-1.3970035539283174,-5.984439398565733,-0.1315729050121206,0.10112848507598367,-0.34454141654739584,3.0018191458680663,0.1490545779708701,1,1
7,346,20263911,1.0377595464328806,0.42274902197110437,-0.329379827489813,1.0116554200242263,-2.126772185975628,-0.4306094898780757,1.1295555373901252,5.038742670950293,1,1
7,347,20263911,-1.2226433319417822,3.582817307241805,0.6630841762439772,-1.501554280602278,1.523864756344632,-1.336458698623337,2.535656339728234,5.386209827238888,1,1
7,348,20263911,0.6671591993857362,-3.404201870268974,-1.612682373787493,0.833383633968225,-0.7094516481345,-0.7198275952208502,1.9641973602952265,1.7694333667407602,1,1
7,349,20263911,-1.6158552858967425,-4.364937398801794,1.5723956199399147,-1.6891813186990134,-1.0885920738932988,0.7581735453723092,4.554321210912263,4.139296240773742,1,1
7,350,20263911,-0.4805848941258546,-2.739307841260837,-0.422381972892623,-0.37277389999934485,0.015365877185666952,0.16725795680606076,0.7479983094026652,0.1634769418448374,1,1
7,351,20263911,-0.5316394583063015,-2.915170272952054,-2.412465967074006,-0.19245970587388683,-0.14499008217173023,-0.3910984599119058,1.1495909893681162,0.2505243408646927,1,1
7,352,20263911,-1.138451597623515,-3.036494693852832,0.33868990888294803,-1.2266458728612406,-0.9618328413462666,-0.3835086589801499,1.9711452778356875,2.59744678138049,1,1
7,353,20263911,-0.45786224001238907,0.12762098664517862,-3.834431625855906,0.05250368923583437,0.8200225866257954,-0.6622429841600745,1.178751832332067,0.8596736486029821,1,1
7,354,20263911,-0.5748459264367227,-10.644831004158219,0.4992145227086695,-0.40068623077036136,-0.788877373012513,-0.22403694825104237,8.98307960297996,0.8029819627750782,0,1
7,355,20263911,-1.3037942693754303,3.492725731904272,-7.785363311802975,-0.3237949769688555,1.3907103659805762,-2.36655804550106,5.811302851388381,6.811932890738423,1,1
7,356,20263911,-0.38416529202623906,9.804116076423174,-8.842681745617462,1.1824059370729572,0.45915352062611425,-1.2535534104554495,16.323061165434,3.032643757464975,0,1
7,357,20263911,0.46886248355863813,-8.617424222339302,-2.691783688428508,0.9673812212718076,-1.3582972959318231,-0.6764452790779841,7.772071710181791,3.116708304000918,1,1
7,358,20263911,1.853765108334585,4.802548324181167,-2.2911653892351254,2.195217514206604,1.7073160393979507,-0.412257545058761,7.138696663282035,7.091508933867083,1,1
7,359,20263911,-0.8501523154612016,-0.9037872544162455,0.17982217590867577,-0.6221850126471224,-1.30788728687059,1.7599930164918403,0.7822080108146511,4.551358461066002,1,1
7,360,20263911,-1.3590542007241595,1.2044040476854785,-0.5313368739696394,-1.1585575771829042,0.6729748574298628,0.7858536869921977,1.6739366880494142,2.4743909849038173,1,1
7,361,20263911,1.2473021699268259,1.4253095805709861,1.1988154873532935,1.051722274583284,-0.7859143065410108,-0.1596363518098589,1.4084547325659929,1.5896558638994482,1,1
7,362,20263911,-1.6897157694126008,2.590680274845539,2.435705872174328,-1.7422424274361674,0.39488073869561263,1.9433359245658988,4.671751858069144,7.499249091792881,1,1
7,363,20263911,-0.007856001468752538,-2.624199075145071,6.343255354131063,-0.863782307915784,0.1157408335288577,-0.13534602965346315,4.119383212904341,0.748022349210146,1,1
7,364,20263911,0.2300014909510253,-4.760093546347181,-1.955533701737199,0.2769125937720389,-0.659934433261517,-2.00923149479063,2.4424499124038657,5.330724946089638,1,1
7,365,20263911,1.6515202482075892,1.940991429193704,2.579894046892729,1.3187980019059182,-0.5032796887852865,0.17629259842450692,2.5176242711499817,1.867289903769725,1,1
7,366,20263911,-0.4586243911138297,3.0128078915100813,-4.2386145903111085,0.2919383747563131,0.35286287204717415,0.31607706435785465,2.1963757060857865,0.3447899779986809,1,1
7,367,20263911,0.3632255936428237,2.6942024781523224,2.525140170149232,0.1709850795769512,-0.5592020781952112,1.0377341879324038,1.0715030476257748,1.3183061980920907,1,1
7,368,20263911,-0.5105686264380722,0.10118868434103166,-1.2546846260175606,-0.3277164166210298,-0.6582617685634932,-0.05735573793296387,0.22750051551596887,0.4874313522958238,1,1
7,369,20263911,0.6632468935185898,-2.1684062232141,2.015416234784471,0.40274926861920335,-2.026724822948258,0.19718065214602082,0.8549460547745694,3.386086240100105,1,1
7,370,20263911,1.7194223327227576,1.6278160873803926,6.413315363491726,0.8146739119303561,-0.8522450646886114,-0.3718182516957016,4.411354289310489,1.4414667888289157,1,1
7,371,20263911,-0.2806754044838726,2.0371078505360813,-5.7520583906396965,0.5107589228947518,2.6819970155252317,-0.9582072817402723,3.3701095427591934,6.2735375925431525,1,1
7,372,20263911,-0.877426824728218,-14.739801384433523,1.1101010574646644,-0.300382743162686,-0.5863178497919052,1.3398151739206685,17.292321092627255,2.145458201083102,0,1
7,373,20263911,-1.3180715301070904,-5.171439006318055,2.611949369799781,-1.652248231082865,-0.27817610520207015,-0.15708507083259632,4.862314998133048,2.782922789066868,1,1
7,374,20263911,0.9474906067782172,0.21377149472584106,2.380788516337361,0.569247740564947,-0.3460197235088829,-0.2426459518158926,0.840199317969405,0.48786559618910763,1,1
7,375,20263911,-1.253140291855516,-0.9105361452601188,0.3996237736055477,-1.3179864539627886,-0.3852466442705573,-0.04387898974680007,1.6808230796456716,1.837816745469788,1,1
7,376,20263911,2.1350911394537206,2.1694450259868283,-1.7454490271665861,2.5450840850942598,-1.9104112357682586,0.9670125811154765,6.051457223510656,9.519317381728964,1,0
7,377,20263911,-1.356742904654169,-1.329924141754088,-4.273672881890391,-0.539169880632528,-0.45731527305939784,0.8321237201110216,2.0177652434312203,1.1029629677972186,1,1
7,378,20263911,-0.017407872244973532,1.2280838322978926,1.4079846732079844,-0.24675472101787932,-0.44567608338946824,-0.1743446670263984,0.31009037824546964,0.2901195769429315,1,1
7,379,20263911,-2.428299723315831,-1.771750546554471,0.49478254214904993,-2.369398437617889,1.6674655247978452,0.8857664235811483,6.074231203170547,8.849914523959853,1,0
7,380,20263911,0.6037284751153322,-9.145237833493313,-5.3470198404694,1.6898374547393473,-0.5250456932670305,0.06946640820694086,12.012124879343016,2.9334053312077026,0,1
7,381,20263911,-0.28862396643518196,-2.2286854497073376,-0.722479498628843,-0.16404390701362104,2.04180061952436,0.08523394476949424,0.45824583680297026,3.485444935626268,1,1
7,382,20263911,1.5432284283819229,0.5164906232537685,1.6091832870305502,1.3647026659407402,-0.7064939707771193,0.3733982947924169,1.906381219728655,2.247751980093966,1,1
7,383,20263911,-0.564772038586824,3.472221429237244,-1.114498890625466,-0.5236148471471154,0.17610261882558328,-1.0438278543839075,1.1674926160293768,1.480794654705197,1,1
7,384,20263911,0.08622499756671687,-4.416316786976744,8.64093835392124,-0.9346829811371435,0.7739288119465452,0.2912234605551229,7.8086164225489565,1.4599031213090599,1,1
7,385,20263911,0.44195773970625396,2.903183755387823,-1.8602290407876936,0.8513743054849385,0.5649977973878842,0.6932210087189727,1.463230866580226,1.687487248034119,1,1
7,386,20263911,1.4048305652293607,5.012475930354155,7.132954055799086,0.834796051463826,-1.2950100857623605,2.1496834877428532,6.444434872117314,6.424830606336844,1,1
7,387,20263911,1.0346988683591576,-0.9781090424363251,4.516456906152982,0.5594688650107003,0.42246800883691044,0.9993309034856072,1.9095022928217953,1.7639542709370466,1,1
7,388,20263911,-1.4779350002730496,3.0999521347650285,-3.8758996429655923,-0.8954046702738481,2.477138878697037,-0.32194702942933545,2.6078647742540944,5.5452066686250685,1,1
7,389,20263911,0.24091501536651094,-1.024685869542794,2.805370238405299,-0.05951245690968676,0.5580516062393082,0.6655161022801157,0.7090485974020159,0.8861852268548118,1,1
7,390,20263911,1.0263415307416608,-6.306093864448923,7.291073803221341,0.15307065931472152,-0.7624914241933017,-0.0868592086298192,7.395885775855184,0.5217349648469638,1,1
7,391,20263911,-2.0027474300584345,1.3486107737744302,0.8125342064344387,-2.228933059040344,1.381911543578261,-0.6811722635466344,4.372390110151991,6.499796676793746,1,1
7,392,20263911,0.6988748584923314,-7.261130611270639,-2.1590836460690994,1.1866687236568225,-2.6338713225932207,0.26860018157553484,5.974439582554298,6.710081563326987,1,1
7,393,20263911,-0.409124539734961,-1.439767222467793,-0.8184371594747937,-0.14231892617863195,-0.46971335168539385,0.9302004707818292,0.2922575337847555,1.0353498381538326,1,1
7,394,20263911,0.9483638084676045,-7.169077205102763,0.8158396238514634,1.033601398136767,-0.42696320657592546,0.5268840952997432,5.135867170868786,1.4213024875774356,1,1
7,395,20263911,0.47727247184650423,-4.85212287158526,0.11317645233809515,0.6962454320741074,-0.6701923686561642,1.216844896203082,2.1477171907136046,2.2605930668355083,1,1
7,396,20263911,0.3321515927038945,1.6149819206642055,4.769484364667125,-0.48150477621257437,-0.213102506250544,-1.0561218455322128,2.025384517930699,1.6280278428278931,1,1
7,397,20263911,0.8289050417224644,-0.7394977817660257,3.5870202630271812,0.4306511014337673,0.5349882818804266,0.7133250516899968,1.1947894047204426,1.1463837032717934,1,1
7,398,20263911,1.5266359732575836,-1.4358721352976234,1.2223419541379101,1.2467598455558573,1.2713131423802329,-0.6810323967271891,2.0606687287801897,3.07251653266798,1,1
7,399,20263911,-0.61781569011643,-0.9038769916876414,3.9617778981515848,-0.9920575733979717,-0.020777926841483507,1.226750997339923,2.427526326388699,2.6084299647620437,1,1
7,400,20263911,0.05844727487425416,6.654708016573281,1.89757458893542,0.023174260576411143,-0.21443419315396522,0.8778856398209431,3.752851278832006,0.8524700502427741,1,1
7,401,20263911,-1.3292145290325834,0.6161734877391536,-0.8117239420974478,-1.018300865516352,0.31195826886780714,1.2596259607234865,1.4646320873327898,2.9590833131385184,1,1
7,402,20263911,0.8923324964450501,-4.897073274285497,-3.785307991615376,1.4269309997106632,-0.10844816116875126,-0.8275418765076576,5.351474756719817,2.703736122548306,1,1
7,403,20263911,-1.3476277959064191,1.5099516103642543,5.808662592609057,-2.041169109717771,-0.7260529210710602,0.639485936296507,6.608441585162176,4.775224955473597,1,1
7,404,20263911,0.6106019250050281,3.205674974588381,-7.928787775887493,1.885862315536258,0.3082761951118078,-0.5857229414757329,9.568900978193946,3.808736945955657,0,1
7,405,20263911,0.32959801695488977,4.836846498582415,-3.3602557151685843,0.879692482054196,-0.8723199148027021,-0.2462862804443055,3.571651236309898,1.455519114530978,1,1
7,406,20263911,1.058367998603643,-2.463019462401649,4.186198297122182,0.5578471659524666,-1.1885955941390842,0.46995930333558844,2.1637708169219128,1.4965117048292176,1,1
7,407,20263911,0.0384700043911721,-0.2351163351155858,1.1903912770152445,-0.22018700503230093,-1.478039536182083,-0.5168804137281526,0.12888539814837205,2.415388717222957,1,1
7,408,20263911,0.23625713352876687,0.9830714315075093,-1.5811745135279196,0.536732760545874,-0.17673953156657324,0.3709056783526418,0.4792102503892258,0.44200769196262846,1,1
7,409,20263911,2.5867168315660933,1.6102230028829267,3.850098401880903,1.6868119095305758,-1.408355100527181,-2.3764487858210503,5.674002067839451,11.328880259423212,1,0
7,410,20263911,-0.9879607706823776,-2.314047323532706,4.5817638803541705,-1.6705487349871078,0.23675751663653247,-0.3744306475488556,4.220178281155583,2.8854373057833373,1,1
7,411,20263911,2.163660895222961,-8.016662847392434,9.512554645096579,1.1608859812376409,0.5754403142823739,0.19874426655702224,14.194919204225805,1.6963058425641093,0,1
7,412,20263911,0.8263587783135335,-5.155533232662393,-2.5637121575498156,1.0662740112523181,0.3014846077773384,-1.471634967416744,4.250065610270181,3.3716697946912584,1,1
7,413,20263911,-0.9443655174900982,0.09116637767494523,-1.9265967746319852,-0.6275150062484158,0.5799288944130662,0.12128767697714192,0.7049996986090072,0.6746061049463965,1,1
7,414,20263911,-0.20006366747020365,1.2602806040678627,-8.573749468780989,0.997678594728427,-1.2801248311525033,-1.7463617382345256,7.54203190513782,6.256443864892381,1,1
7,415,20263911,0.8114145272868996,-4.2215850796816765,-0.7726900594555985,1.0457699948272818,0.826903320945182,0.5056105760156392,2.3812946391761547,2.108671369683611,1,1
7,416,20263911,-1.3595975396629854,-0.9907682615750953,-0.7510758302594418,-1.1461465335109722,-0.7406039513450914,0.6535142721258402,1.589543672111857,2.047675285010183,1,1
7,417,20263911,2.51535656780203,-4.4316827456692796,0.480071014638245,2.3755999770842777,0.43255010171501335,-0.7809214259958471,7.60444160542344,6.1280326795732645,1,1
7,418,20263911,-0.318185719758759,-3.9279200627031963,1.763920078881327,-0.5929355414051827,0.2571424662208101,-0.3691986052553024,1.673041162948313,0.5193503886923724,1,1
7,419,20263911,-0.8157479672914008,2.433934341494649,-1.5858947963389483,-0.33627575219892947,-0.5644880715510118,1.5037259707222834,0.961825343273979,2.6577051804590734,1,1
7,420,20263911,0.24844328871219545,6.666942245098242,-1.3655565459575456,0.6345954390693578,-0.9125459943103723,0.45999924942981757,4.031947021937223,1.1520596201560158,1,1
7,421,20263911,0.7202046681789227,3.362153022511023,3.2203130673472096,0.3475901551921652,-0.8198094223880368,0.38197654424315963,1.8219238230063581,0.7179216106670565,1,1
7,422,20263911,-0.12260896075488859,-0.023486532407029755,0.761141703057195,-0.16731574601229227,0.19318095053631407,0.4577621471028187,0.09327113699591559,0.32054545860562866,1,1
7,423,20263911,0.07170732978693195,-3.1149255814741217,2.4461846229681043,0.050146231506943195,0.5653689100321615,2.121281691714411,1.264657721999948,5.85115345900705,1,1
7,424,20263911,-0.7390691212038689,1.1899758873474884,-2.5919096918094624,-0.23986986741061855,1.2530449347693478,0.6250535753408643,0.7545347974622539,2.035978765812787,1,1
7,425,20263911,0.20678639944205202,-0.6306619441875466,-0.22991004468533305,0.335427975712804,-0.6966848544079626,0.6361879488896042,0.08981956017660979,0.8141065372780144,1,1
7,426,20263911,-1.8092936518401075,-1.0966853905915739,-1.8813500837591413,-1.6045170989502537,0.9693668764303983,-0.5854868065345076,2.5673829841535634,3.423633493340932,1,1
7,427,20263911,-0.7653554362626949,0.45082263723106664,2.7065488560222164,-0.9951740188345752,0.32805713231515554,1.0768097833927628,1.7493723965079218,2.4260572790072623,1,1
7,428,20263911,1.7278973867161653,-0.9985831776950778,4.991704430995753,1.0290000487388795,-1.8184665000104745,-0.07641704709771512,3.2842158736647216,3.6638484355860927,1,1
7,429,20263911,0.9874240363000979,0.6496737777817597,-0.42299317742685005,0.9251100438850415,0.3790306496018283,-0.8363697390976634,1.0814497426351202,1.598346019431134,1,1
7,430,20263911,-0.23861850185249978,1.4216343539383207,0.15312691354546004,-0.148075667792682,-0.30474821018186027,0.7325799508909687,0.22009152557138584,0.6292555768055841,1,1
7,431,20263911,-0.7974651260619794,4.83434356270027,-3.910184171083536,-0.01841009278464867,0.7873681223516937,0.6458688503425215,3.077239024489796,1.1557617588558309,1,1
7,432,20263911,0.5104645054284447,-5.563730776783407,3.6123696843254187,0.38614742490841536,-1.3528230231670169,2.1563242151649415,3.473497895907988,6.008559893734275,1,1
7,433,20263911,-0.07069535772328095,2.197756060478099,0.25695480009071403,-0.40356565109684084,0.246367567510665,-1.9751222565231161,0.391554418504552,4.447568600657402,1,1
7,434,20263911,-1.371499679393736,-3.1835080013643373,-4.626324944464933,-0.7430032312622927,0.036010780622495256,-0.9684710476787219,2.8359429890290406,1.6200691464812134,1,1
7,435,20263911,2.171066652445262,-6.230314097844883,-0.3276992668102423,2.1168241678866764,1.2052506390611903,-1.2899845939542354,8.383488422580674,6.817746348368282,0,1
7,436,20263911,0.99837405240811,-1.1026084048185962,-2.4525369037230718,1.4328910721210661,0.23232471370871702,0.344213071214554,2.319500632268676,2.2242372932656003,1,1
7,437,20263911,0.4626310780773508,1.53932253768738,1.4068655073039125,0.027575021370893182,2.957042459551618,-1.391534433490442,0.4186852081860282,7.846060136820576,1,0
7,438,20263911,-2.3681724992262048,-0.7538217448671819,-5.0196167238119,-1.5457634334311763,1.4734820950028567,0.01623921300293346,4.317502752753776,3.987971102723475,1,1
7,439,20263911,0.4230066647396029,1.4785927495036002,1.380623675149156,0.30348273095705736,0.781950121876318,0.5289994284895362,0.3797763215790644,1.066843924509155,1,1
7,440,20263911,-0.5229361990649295,-0.4383937656136805,-4.712195296657356,0.11762342067243026,0.7295329853187447,-0.7998750177352328,1.8168789206820906,0.9672120648408908,1,1
7,441,20263911,1.0017125234568027,-1.267537707556979,-2.400518407714202,1.302146146680883,1.0167527818736495,-0.4877162655877303,2.322351231307367,2.6080590718536936,1,1
7,442,20263911,0.15908927115120264,0.9678872542275027,-6.82925540684672,1.2429586851264673,0.43537639412196155,-0.3656698657063589,5.346759047426307,1.7463912218367899,1,1
7,443,20263911,2.9278287965468905,1.3564321444036753,0.5922356095236552,2.429642031292417,2.477467284939766,-2.595435385620169,7.867251663526116,15.843501641472704,0,0
7,444,20263911,1.0891780785519245,7.000586667085065,1.8471891145557713,1.0218830750052348,0.017770882695272473,0.5271525847117583,5.156872357432221,1.351180068833463,1,1
7,445,20263911,-1.7404938869503042,-2.9932441246777324,-2.293998085790598,-1.0292593189755053,-1.3900907925515897,2.297913896813451,2.8662320160065393,7.595363680210038,1,1
7,446,20263911,-0.24146148916921106,2.2489974166079953,-6.335093359157149,0.7837438568746791,-0.7181796871825216,-0.23479980938133033,4.216966588295395,1.092975672386019,1,1
7,447,20263911,1.6736908720379517,-0.16624090483858397,1.9634500428258548,1.3329225287773738,-0.7311919704573546,-0.37882527576914643,2.2124414931554086,2.326834750989718,1,1
7,448,20263911,-1.8858804439236678,-4.879359081298433,4.422618373325555,-2.459448403269306,-0.7961888663551293,-0.0717713966109303,8.466452532867875,6.511992603974567,0,1
7,449,20263911,1.6038683954491546,2.9554108677364512,-3.0035766189788333,1.920353298720073,-0.09934092768188574,-1.1488578446826418,5.496581550703095,4.955542587167788,1,1
7,450,20263911,-0.07310010416858859,0.8964728936396882,1.4510772485692982,-0.17391587180426882,-1.1279179529648884,0.7617739511378167,0.2922430268758753,1.447453756203013,1,1
7,451,20263911,0.5937776785244182,1.162669811557973,-2.3572606152301034,0.8995050963123674,0.8154896910477115,-0.4126879220386985,1.3859561668224263,1.4167994104656811,1,1
7,452,20263911,-0.8235000720837036,-1.3178160693113223,-4.165452041465642,-0.23322740423179766,0.26616545944681314,-0.5525550751913604,1.5354257991506337,0.4085994724374607,1,1
7,453,20263911,0.9181279123597221,0.2517197225936806,3.799313260404915,0.39614789870427103,-0.0979946032355401,0.06661113411875852,1.3316658201070122,0.16147303942463576,1,1
7,454,20263911,-0.3185436463463702,-4.400769515412234,-0.021170604480072797,-0.37367364033431727,-0.814934347674274,-0.691809726263511,1.5754509681227127,1.4392575631487743,1,1
7,455,20263911,0.9201600175893248,2.051324419485023,1.049163938859511,1.147037296256599,-1.0468382839796444,2.6130859356522587,1.0174009773164938,9.136383770072577,1,0
7,456,20263911,0.21969147296732672,2.3160331039364928,-1.0021097430412667,0.5205555629883634,-0.032446680522679114,0.9152026089241679,0.640643920377357,1.22537799524486,1,1
7,457,20263911,-2.4530168550140274,6.7123207136992455,-2.4756837101420714,-2.0636484071104917,0.41539529090113625,-0.7500240932957416,7.4180181312121585,4.834008961980602,1,1
7,458,20263911,-1.6991043119115545,-0.7326223498664056,1.4934618149668886,-2.0141675900124483,1.6093099004526268,-0.5847180005255145,3.604221309092119,6.01104623917407,1,1
7,459,20263911,-0.28421592117379646,-1.6253563944244402,3.2547446682785193,-0.7295156309337756,-0.10373263452090697,0.07328591961140803,1.4693771944481075,0.5272626313021078,1,1
7,460,20263911,-0.556497741233045,0.5981187990256794,1.3364208634516928,-0.7318259004778156,0.8088280463518921,0.1468648703944237,0.6737268587793865,1.0841326485966571,1,1
7,461,20263911,1.2169581144282802,9.932064004157455,4.3032115177855275,0.7592848871263413,1.7650588555150575,-0.6566335801373185,10.331989051556409,3.2142173325353642,0,1
7,462,20263911,-0.45379877462474383,-8.636922376391576,-2.5400228924780563,0.14348166928084538,-0.9852722659252166,0.10431594250875696,6.485890721785183,0.7848044860783234,1,1
7,463,20263911,-4.159488643706311,4.409747109865815,-8.752901502952703,-2.6818632870112538,-1.0495299238173879,-0.6462174779725435,13.607016393161848,8.839718334826424,0,0
7,464,20263911,0.9537164255681034,0.7544411198514067,1.335726794372274,0.8203296576731134,-0.22875160584922638,0.4069476665597922,0.7590753087229835,0.8545219214683317,1,1
7,465,20263911,0.671841792012998,3.0022875102679727,3.0040388231677326,0.31353196599465605,-0.12402060849172615,0.3106541123555969,1.5156924249984813,0.20654965136903117,1,1
7,466,20263911,-0.4561901472782779,5.340981899728102,-3.099610622073783,0.22808275578958614,0.862029036489564,0.8484279236189239,3.0396740034176015,1.746475525089393,1,1
7,467,20263911,-0.7247589905425116,2.232943139918471,-7.237193915846781,0.33814346920189564,0.2207881056259075,-1.093340280566038,4.809074564210295,1.3934698878770266,1,1
7,468,20263911,-0.862771750869598,3.2635836635668185,4.11556435948625,-1.4090362641445893,0.4435591695281351,0.03797327390335949,3.793440348464835,2.0515902511434483,1,1
7,469,20263911,0.25634824799234934,2.025052455676519,-0.14927981618608754,0.32070170451095237,-0.93973298028088,0.22722187382083323,0.4056903791218734,0.7957523441876655,1,1
7,470,20263911,-2.8351749256309233,-0.7750639280706942,-0.4589887587710315,-2.8547325329778346,-0.20845835077666758,-0.5944280534761721,7.27214695400291,8.49605913449122,1,0
7,471,20263911,-0.03981729473443352,3.0614410343957563,-1.4558584891643775,0.07349878029012302,-0.5034113963646808,-0.8749057799154771,0.9476837733234069,1.2159097362501416,1,1
7,472,20263911,-0.2493209728659167,4.196933676465263,3.8343921959660925,-0.6145671744250478,-0.4418777170286002,0.882291089240304,2.914240178988173,1.2676341911282312,1,1
7,473,20263911,2.039582257818438,0.4402619465510366,5.657986396821212,1.2725038296562445,0.44621397883312774,-0.0316545921381358,4.375454114976785,1.7468240777858586,1,1
7,474,20263911,-2.836265900865783,3.9582641201166324,-11.220079016881641,-1.0048495262350912,1.5926629582017566,-1.4116933537233525,11.793777394608828,4.510638639008084,0,1
7,475,20263911,-0.41863045347125194,4.2109966233190725,-6.606531037217138,0.5750519522617878,0.8727422147422653,-0.9738686758032712,5.412232435434061,1.7093139283109007,1,1
7,476,20263911,-1.8168817607857761,3.755322830561256,-1.4327923464397152,-1.5386176150348376,0.2661476399105599,0.13898654348582606,3.533267006030308,2.3464869594711866,1,1
7,477,20263911,-0.37309647531412793,6.609976611137327,1.0694688781196575,-0.40886855782338216,0.2690420713862998,0.08552356258009199,3.625331714424276,0.22947888935827088,1,1
7,478,20263911,1.7466420803444578,-3.817231440762381,0.47883438111120213,1.6707843429219054,0.16897877903106723,-0.2761335862689925,4.024555133313715,2.779189305333145,1,1
7,479,20263911,0.6294062091172918,3.788144858214875,5.328249214319541,-0.06242148434424166,-0.65123899492628,0.0042567553017939476,3.33862052796281,0.35192421064562457,1,1
7,480,20263911,0.547569514006625,-3.8510861548491477,0.9518261052428301,0.39896267481935865,-0.22567050395925514,-0.301150988060512,1.4538915198481486,0.3095935643332078,1,1
7,481,20263911,0.9018068385359754,11.518629877099647,2.8079545651356455,0.9916279456055577,0.8336360817128052,1.0985692028016418,12.175612226804283,3.284168868891923,0,1
7,482,20263911,0.19398772089118665,-5.032033969424724,0.5530280960825031,0.2756384962882237,0.9306736146913682,0.6933340088617022,2.060937086369581,1.5703180969041073,1,1
7,483,20263911,0.49761148763965934,1.1522887971776463,1.1152447389310183,0.5464612133889659,0.22620004918172396,1.4340272497683422,0.32052462932464043,2.8258521943601145,1,1
7,484,20263911,0.8203695636953796,-0.7188881716203331,5.305189382407235,-0.07469864898456535,0.8254212871924795,-1.1185449801829108,2.2807806938747808,1.652230972695507,1,1
7,485,20263911,-1.415382121544809,1.200426384772754,-5.2831552107631055,-0.787339836535665,1.0708472380577008,-1.549356453019102,2.617705243201364,3.687643831095096,1,1
7,486,20263911,-0.5535493087792247,3.1695273988479746,2.704829982851667,-0.9121383082865862,1.3193491413780443,0.06270542924056824,2.047331172268324,2.202422931607133,1,1
7,487,20263911,1.0933249898654935,2.9170496532099643,0.7469458738366122,1.1986686410218397,-1.1199490678192656,1.3535836810301622,1.7091375554507178,3.9911000844565203,1,1
7,488,20263911,2.6648665639617946,6.748561370532715,1.798149494425406,2.337986937526182,1.0080881363546041,-1.181057510945589,10.30854468257078,7.23102799487886,0,1
7,489,20263911,0.6673023524515997,0.41433487026820953,1.1048454696216226,0.4886999487834771,-0.065549320375783,-0.11220275566221037,0.3656323170744621,0.24635334977845672,1,1
7,490,20263911,0.35178278040271493,-2.5835132882503595,-9.38203491530929,1.7776759723149098,0.6495429434011751,-1.3656450702816003,11.413719546794498,5.106064327999379,0,1
7,491,20263911,-2.4847147151244826,0.050448481354155375,-7.169964522689824,-1.3309403860252758,-0.18089567613739685,-0.40507829224174974,5.586062416399023,1.99275347633765,1,1
7,492,20263911,2.556142113312177,-1.6953787818527555,4.941311658444928,1.9116677209158013,1.533460733039476,0.18171953839755384,5.907041384579165,5.713545877844495,1,1
7,493,20263911,0.9149067862442735,8.217052986817961,4.084118030515533,0.46741030218248625,0.4349272186518994,-0.30810018476622036,7.047141670559569,0.42948841162105245,1,1
7,494,20263911,0.014252166463450067,3.008252651063734,-0.5666379465200855,0.11683706639513503,2.1516097491997406,0.03848951268510998,0.7541211253309675,3.833551051021549,1,1
7,495,20263911,0.7896836234086493,-0.4624615431848396,1.888745409934792,0.6067846252386175,-0.1588220637336929,0.6087381431325809,0.57794695700488,0.7759914655165517,1,1
7,496,20263911,-0.16311539150720478,0.5879932603685539,-3.709322380790603,0.3216674809271467,-0.7379769878550982,-0.6941280464458888,1.2689640814326122,1.2332224431160612,1,1
7,497,20263911,0.33301628094204716,0.09310661600639174,5.001183075225523,-0.21853433399908795,-0.64831399962707,0.9274599114277967,2.0140630430298763,1.1650760873872148,1,1
7,498,20263911,1.1352585783145912,-5.6528237618045685,5.148600260909582,0.7182686872949944,-0.309907080171432,1.4164510294690296,4.986810974974677,2.747716778476533,1,1
7,499,20263911,0.6476228719360222,2.1044609883739147,1.0072882803663035,0.5517600728517209,-0.918195505738675,0.2910265172716179,0.6937130110684567,0.9702748298990925,1,1
