sequence_id,frame_index,subset,detections,visual_selected,proposed_selected,oracle_selected,visual_correct,proposed_correct,oracle_correct,proposed_visual_update
seq04,0,easy,10,0,0,0,1,1,1,1
seq04,1,easy,9,1,1,1,1,1,1,1
seq04,2,easy,9,1,1,1,1,1,1,1
seq04,3,easy,9,1,1,1,1,1,1,1
seq04,4,easy,9,0,0,0,1,1,1,1
seq04,5,easy,10,1,1,1,1,1,1,1
seq04,6,easy,10,1,1,1,1,1,1,1
seq04,7,easy,10,1,1,1,1,1,1,1
seq04,8,easy,9,1,1,1,1,1,1,1
seq04,9,easy,8,1,1,1,1,1,1,1
seq04,10,easy,10,1,1,1,1,1,1,1
seq04,11,easy,8,1,1,1,1,1,1,1
seq04,12,easy,7,1,1,1,1,1,1,1
seq04,13,easy,10,0,0,0,1,1,1,1
seq04,14,easy,8,2,2,2,1,1,1,1
seq04,15,easy,9,2,2,2,1,1,1,1
seq04,16,easy,10,1,1,1,1,1,1,1
seq04,17,easy,10,1,1,1,1,1,1,1
seq04,18,easy,7,2,2,2,1,1,1,1
seq04,19,easy,8,2,2,2,1,1,1,1
seq04,20,easy,8,2,2,2,1,1,1,1
seq04,21,easy,8,2,2,2,1,1,1,1
seq04,22,easy,9,2,2,2,1,1,1,1
seq04,23,easy,8,2,2,2,1,1,1,1
seq04,24,easy,8,1,1,1,1,1,1,1
seq04,25,easy,8,2,2,2,1,1,1,1
seq04,26,easy,8,2,2,2,1,1,1,1
seq04,27,easy,8,2,2,2,1,1,1,1
seq04,28,easy,9,2,2,2,1,1,1,1
seq04,29,easy,10,2,2,2,1,1,1,1
seq04,30,easy,9,1,1,1,1,1,1,1
seq04,31,easy,9,0,0,0,1,1,1,1
seq04,32,easy,8,2,2,2,1,1,1,1
seq04,33,easy,9,2,2,2,1,1,1,1
seq04,34,easy,7,2,2,2,1,1,1,1
seq04,35,easy,7,2,2,2,1,1,1,1
seq04,36,easy,7,2,2,2,1,1,1,1
seq04,37,easy,7,1,1,1,1,1,1,1
seq04,38,easy,8,2,2,2,1,1,1,1
seq04,39,easy,7,2,2,2,1,1,1,1
seq04,40,easy,9,2,2,2,1,1,1,1
seq04,41,easy,7,2,2,2,1,1,1,1
seq04,42,easy,8,1,1,1,1,1,1,1
seq04,43,easy,9,1,1,1,1,1,1,1
seq04,44,easy,8,2,2,2,1,1,1,1
seq04,45,easy,8,2,2,2,1,1,1,1
seq04,46,easy,9,1,1,1,1,1,1,1
seq04,47,easy,8,1,1,1,1,1,1,1
seq04,48,easy,9,1,1,1,1,1,1,1
seq04,49,easy,8,1,1,1,1,1,1,1
seq04,50,easy,9,1,1,1,1,1,1,1
seq04,51,easy,8,1,1,1,1,1,1,1
seq04,52,easy,7,1,1,1,1,1,1,1
seq04,53,easy,7,1,1,1,1,1,1,1
seq04,54,easy,9,2,2,2,1,1,1,1
seq04,55,easy,9,2,2,2,1,1,1,1
seq04,56,easy,10,1,1,1,1,1,1,1
seq04,57,easy,8,1,1,1,1,1,1,1
seq04,58,easy,10,0,0,0,1,1,1,1
seq04,59,easy,10,1,1,1,1,1,1,1
seq04,60,easy,9,0,0,0,1,1,1,1
seq04,61,easy,8,0,0,0,1,1,1,1
seq04,62,easy,7,1,1,1,1,1,1,1
seq04,63,easy,9,1,1,1,1,1,1,1
seq04,64,easy,7,1,1,1,1,1,1,1
seq04,65,easy,7,0,0,0,1,1,1,1
seq04,66,easy,7,0,0,0,1,1,1,1
seq04,67,easy,8,0,0,0,1,1,1,1
seq04,68,easy,8,0,0,0,1,1,1,1
seq04,69,easy,8,0,0,0,1,1,1,1
seq04,70,easy,7,0,0,0,1,1,1,1
seq04,71,easy,8,0,0,0,1,1,1,1
seq04,72,easy,8,0,0,0,1,1,1,1
seq04,73,easy,9,0,0,0,1,1,1,1
seq04,74,easy,7,0,0,0,1,1,1,1
seq04,75,easy,8,1,1,1,1,1,1,1
seq04,76,easy,8,1,1,1,1,1,1,1
seq04,77,easy,8,1,1,1,1,1,1,1
seq04,78,easy,7,1,1,1,1,1,1,1
seq04,79,easy,9,1,1,1,1,1,1,1
seq04,80,easy,9,1,1,1,1,1,1,1
seq04,81,easy,7,1,1,1,1,1,1,1
seq04,82,easy,8,1,1,1,1,1,1,1
seq04,83,easy,8,1,1,1,1,1,1,1
seq04,84,easy,8,0,0,0,1,1,1,1
seq04,85,easy,8,1,1,1,1,1,1,1
seq04,86,easy,8,1,1,1,1,1,1,1
seq04,87,easy,7,1,1,1,1,1,1,1
seq04,88,easy,7,1,1,1,1,1,1,1
seq04,89,easy,8,0,0,0,1,1,1,1
seq04,90,easy,9,1,1,1,1,1,1,1
seq04,91,easy,8,2,2,2,1,1,1,1
seq04,92,easy,9,1,1,1,1,1,1,1
seq04,93,easy,10,0,0,0,1,1,1,1
seq04,94,easy,9,0,0,0,1,1,1,1
seq04,95,easy,8,0,0,0,1,1,1,1
seq04,96,easy,10,1,1,1,1,1,1,1
seq04,97,easy,8,0,0,0,1,1,1,1
seq04,98,hard,7,0,0,0,1,1,1,1
seq04,99,easy,8,0,0,0,1,1,1,1
seq04,100,easy,8,0,0,0,1,1,1,1
seq04,101,easy,8,0,0,0,1,1,1,1
seq04,102,easy,8,1,1,1,1,1,1,1
seq04,103,easy,9,1,1,1,1,1,1,1
seq04,104,easy,7,0,0,0,1,1,1,1
seq04,105,easy,9,1,1,1,1,1,1,1
seq04,106,easy,8,0,0,0,1,1,1,1
seq04,107,easy,5,0,0,0,1,1,1,1
seq04,108,easy,5,0,0,0,1,1,1,1
seq04,109,hard,8,0,2,0,1,0,1,1
seq04,110,easy,6,0,0,0,1,1,1,1
seq04,111,easy,9,0,0,0,1,1,1,1
seq04,112,easy,7,0,0,0,1,1,1,1
seq04,113,easy,8,1,1,1,1,1,1,1
seq04,114,hard,7,1,1,1,1,1,1,1
seq04,115,easy,8,0,0,0,1,1,1,1
seq04,116,easy,9,0,0,0,1,1,1,1
seq04,117,easy,10,0,0,0,1,1,1,1
seq04,118,easy,9,0,0,0,1,1,1,1
seq04,119,easy,9,0,0,0,1,1,1,1
seq04,120,easy,8,0,0,0,1,1,1,1
seq04,121,easy,8,0,0,0,1,1,1,1
seq04,122,easy,6,0,0,0,1,1,1,1
seq04,123,easy,7,-1,2,2,0,1,1,1
seq04,124,easy,7,-1,-1,2,0,0,1,0
seq04,125,easy,8,-1,2,2,0,1,1,1
seq04,126,easy,9,2,2,2,1,1,1,1
seq04,127,easy,9,-1,2,2,0,1,1,1
seq04,128,easy,8,-1,2,2,0,1,1,1
seq04,129,easy,7,-1,2,2,0,1,1,1
seq04,130,easy,7,-1,2,2,0,1,1,1
seq04,131,easy,6,-1,2,2,0,1,1,1
seq04,132,easy,6,2,2,2,1,1,1,1
seq04,133,easy,8,1,1,1,1,1,1,1
seq04,134,easy,8,1,1,1,1,1,1,1
seq04,135,easy,8,2,2,2,1,1,1,1
seq04,136,easy,8,1,1,1,1,1,1,1
seq04,137,easy,7,-1,1,1,0,1,1,1
seq04,138,easy,7,-1,2,2,0,1,1,1
seq04,139,easy,8,-1,2,2,0,1,1,1
seq04,140,easy,10,1,1,1,1,1,1,1
seq04,141,easy,7,1,-1,1,1,0,1,0
seq04,142,easy,7,1,1,1,1,1,1,1
seq04,143,easy,8,2,2,2,1,1,1,1
seq04,144,easy,7,2,2,2,1,1,1,1
seq04,145,easy,8,2,2,2,1,1,1,1
seq04,146,easy,8,1,1,1,1,1,1,1
seq04,147,easy,8,1,1,1,1,1,1,1
seq04,148,easy,8,2,2,2,1,1,1,1
seq04,149,easy,9,1,1,1,1,1,1,1
seq04,150,easy,9,2,2,2,1,1,1,1
seq04,151,easy,9,2,2,2,1,1,1,1
seq04,152,easy,9,1,1,1,1,1,1,1
seq04,153,easy,9,1,1,1,1,1,1,1
seq04,154,easy,11,2,2,2,1,1,1,1
seq04,155,easy,9,1,1,1,1,1,1,1
seq04,156,easy,8,1,1,1,1,1,1,1
seq04,157,easy,8,1,1,1,1,1,1,1
seq04,158,easy,7,1,1,1,1,1,1,1
seq04,159,easy,6,1,1,1,1,1,1,1
seq04,160,easy,5,2,2,2,1,1,1,1
seq04,161,easy,6,1,1,1,1,1,1,1
seq04,162,easy,7,-1,1,1,0,1,1,1
seq04,163,easy,7,-1,1,1,0,1,1,1
seq04,164,easy,5,-1,1,1,0,1,1,1
seq04,165,easy,5,-1,1,1,0,1,1,1
seq04,166,easy,6,-1,2,2,0,1,1,1
seq04,167,easy,6,-1,2,2,0,1,1,1
seq04,168,easy,5,-1,2,2,0,1,1,1
seq04,169,easy,5,-1,2,2,0,1,1,1
seq04,170,easy,5,-1,2,2,0,1,1,1
seq04,171,easy,6,-1,2,2,0,1,1,1
seq04,172,easy,7,-1,1,1,0,1,1,1
seq04,173,hard,6,-1,1,2,0,0,1,1
seq04,174,easy,6,-1,1,1,0,1,1,1
seq04,175,easy,8,-1,1,1,0,1,1,1
seq04,176,hard,6,-1,1,1,0,1,1,1
seq04,177,hard,7,-1,1,1,0,1,1,1
seq04,178,easy,6,-1,1,1,0,1,1,1
seq04,179,easy,6,-1,1,1,0,1,1,1
seq04,180,easy,8,-1,1,1,0,1,1,1
seq04,181,easy,7,-1,1,1,0,1,1,1
seq04,182,easy,8,-1,1,1,0,1,1,1
seq04,183,easy,7,-1,1,1,0,1,1,1
seq04,184,easy,6,-1,1,1,0,1,1,1
seq04,185,hard,5,-1,2,1,0,0,1,1
seq04,186,easy,5,-1,1,1,0,1,1,1
seq04,187,easy,5,-1,1,1,0,1,1,1
seq04,188,easy,5,-1,1,1,0,1,1,1
seq04,189,easy,5,-1,-1,1,0,0,1,0
seq04,190,easy,5,-1,1,1,0,1,1,1
seq04,191,easy,7,-1,1,1,0,1,1,1
seq04,192,easy,7,-1,1,1,0,1,1,1
seq04,193,easy,8,-1,2,2,0,1,1,1
seq04,194,easy,6,-1,2,2,0,1,1,1
seq04,195,easy,6,-1,2,2,0,1,1,1
seq04,196,easy,7,-1,1,1,0,1,1,1
seq04,197,easy,8,-1,1,1,0,1,1,1
seq04,198,easy,8,-1,2,2,0,1,1,1
seq04,199,easy,9,-1,2,2,0,1,1,1
seq04,200,easy,9,-1,1,1,0,1,1,1
seq04,201,easy,9,-1,1,1,0,1,1,1
seq04,202,easy,9,-1,2,2,0,1,1,1
seq04,203,easy,9,-1,1,1,0,1,1,1
seq04,204,easy,9,-1,1,1,0,1,1,1
seq04,205,easy,8,-1,1,1,0,1,1,1
seq04,206,easy,9,-1,1,1,0,1,1,1
seq04,207,easy,8,-1,2,2,0,1,1,1
seq04,208,easy,9,-1,2,2,0,1,1,1
seq04,209,easy,8,-1,2,2,0,1,1,1
seq04,210,easy,8,-1,1,1,0,1,1,1
seq04,211,easy,8,-1,2,2,0,1,1,1
seq04,212,hard,8,-1,1,1,0,1,1,1
seq04,213,easy,8,-1,2,2,0,1,1,1
seq04,214,easy,7,-1,2,2,0,1,1,1
seq04,215,easy,7,-1,2,2,0,1,1,1
seq04,216,easy,6,-1,2,2,0,1,1,1
seq04,217,easy,7,-1,2,2,0,1,1,1
seq04,218,easy,8,-1,2,2,0,1,1,1
seq04,219,easy,7,-1,1,1,0,1,1,1
seq04,220,easy,7,-1,2,2,0,1,1,1
seq04,221,easy,9,-1,2,2,0,1,1,1
seq04,222,easy,9,-1,2,2,0,1,1,1
seq04,223,easy,8,-1,2,2,0,1,1,1
seq04,224,easy,7,-1,2,2,0,1,1,1
seq04,225,easy,6,-1,2,2,0,1,1,1
seq04,226,easy,6,-1,2,2,0,1,1,1
seq04,227,easy,6,-1,2,2,0,1,1,1
seq04,228,easy,6,-1,2,2,0,1,1,1
seq04,229,easy,6,-1,2,2,0,1,1,1
seq04,230,hard,6,-1,2,2,0,1,1,1
seq04,231,easy,6,-1,2,2,0,1,1,1
seq04,232,easy,6,-1,2,2,0,1,1,1
seq04,233,easy,6,-1,2,2,0,1,1,1
seq04,234,easy,7,-1,2,2,0,1,1,1
seq04,235,easy,7,-1,2,2,0,1,1,1
seq04,236,easy,7,-1,0,0,0,1,1,1
seq04,237,easy,6,-1,0,0,0,1,1,1
seq04,238,easy,7,-1,1,1,0,1,1,1
seq04,239,easy,6,-1,1,1,0,1,1,1
seq04,240,easy,7,-1,1,1,0,1,1,1
seq04,241,easy,7,-1,1,1,0,1,1,1
seq04,242,easy,7,-1,1,1,0,1,1,1
seq04,243,easy,7,-1,1,1,0,1,1,1
seq04,244,easy,7,-1,1,1,0,1,1,1
seq04,245,easy,8,-1,1,1,0,1,1,1
seq04,246,easy,8,-1,1,1,0,1,1,1
seq04,247,easy,7,-1,1,1,0,1,1,1
seq04,248,easy,6,-1,2,2,0,1,1,1
seq04,249,easy,7,-1,1,1,0,1,1,1
seq04,250,easy,6,-1,1,1,0,1,1,1
seq04,251,easy,7,-1,1,1,0,1,1,1
seq04,252,easy,8,-1,2,2,0,1,1,1
seq04,253,easy,8,-1,2,2,0,1,1,1
seq04,254,easy,8,-1,2,2,0,1,1,1
seq04,255,easy,8,-1,2,2,0,1,1,1
seq04,256,easy,8,-1,2,2,0,1,1,1
seq04,257,easy,8,-1,2,2,0,1,1,1
seq04,258,easy,8,-1,2,2,0,1,1,1
seq04,259,easy,8,-1,-1,2,0,0,1,0
seq04,260,easy,8,-1,2,2,0,1,1,1
seq04,261,easy,8,-1,2,2,0,1,1,1
seq04,262,easy,8,-1,2,2,0,1,1,1
seq04,263,easy,9,-1,2,2,0,1,1,1
seq04,264,easy,8,-1,2,2,0,1,1,1
seq04,265,easy,7,-1,2,2,0,1,1,1
seq04,266,easy,9,-1,2,2,0,1,1,1
seq04,267,easy,8,-1,1,1,0,1,1,1
seq04,268,easy,10,-1,2,2,0,1,1,1
seq04,269,easy,10,-1,1,1,0,1,1,1
seq04,270,easy,10,-1,2,2,0,1,1,1
seq04,271,easy,11,-1,2,2,0,1,1,1
seq04,272,easy,11,-1,2,2,0,1,1,1
seq04,273,easy,11,-1,0,0,0,1,1,1
seq04,274,easy,12,-1,1,1,0,1,1,1
seq04,275,easy,12,-1,0,0,0,1,1,1
seq04,276,easy,10,-1,1,1,0,1,1,1
seq04,277,easy,8,-1,0,0,0,1,1,1
seq04,278,easy,10,-1,0,0,0,1,1,1
seq04,279,easy,10,-1,0,0,0,1,1,1
seq04,280,easy,9,-1,1,1,0,1,1,1
seq04,281,easy,10,-1,1,1,0,1,1,1
seq04,282,easy,8,-1,0,0,0,1,1,1
seq04,283,easy,8,-1,0,0,0,1,1,1
seq04,284,easy,7,-1,0,0,0,1,1,1
seq04,285,easy,7,-1,0,0,0,1,1,1
seq04,286,easy,7,-1,0,0,0,1,1,1
seq04,287,easy,6,-1,0,0,0,1,1,1
seq04,288,easy,6,-1,0,0,0,1,1,1
seq04,289,easy,7,-1,0,0,0,1,1,1
seq04,290,easy,6,-1,0,0,0,1,1,1
seq04,291,easy,7,-1,0,0,0,1,1,1
seq04,292,easy,6,-1,0,0,0,1,1,1
seq04,293,easy,6,-1,1,1,0,1,1,1
seq04,294,easy,6,-1,1,1,0,1,1,1
seq04,295,easy,7,-1,1,1,0,1,1,1
seq04,296,easy,7,-1,2,2,0,1,1,1
seq04,297,easy,7,-1,1,1,0,1,1,1
seq04,298,easy,7,-1,2,2,0,1,1,1
seq04,299,easy,7,-1,2,2,0,1,1,1
seq04,300,easy,7,-1,1,1,0,1,1,1
seq04,301,easy,7,-1,2,2,0,1,1,1
seq04,302,easy,7,-1,0,0,0,1,1,1
seq04,303,easy,7,-1,1,1,0,1,1,1
seq04,304,easy,7,-1,-1,1,0,0,1,0
seq04,305,easy,7,-1,1,1,0,1,1,1
seq04,306,easy,7,-1,0,0,0,1,1,1
seq04,307,easy,7,-1,1,1,0,1,1,1
seq04,308,easy,6,-1,1,1,0,1,1,1
seq04,309,easy,7,-1,2,2,0,1,1,1
seq04,310,easy,8,-1,0,0,0,1,1,1
seq04,311,easy,7,-1,0,0,0,1,1,1
seq04,312,easy,6,-1,0,0,0,1,1,1
seq04,313,easy,7,-1,1,1,0,1,1,1
seq04,314,easy,7,-1,2,2,0,1,1,1
seq04,315,easy,7,-1,2,2,0,1,1,1
seq04,316,easy,6,-1,2,2,0,1,1,1
seq04,317,easy,6,-1,2,2,0,1,1,1
seq04,318,easy,5,-1,1,1,0,1,1,1
seq04,319,easy,6,-1,1,1,0,1,1,1
seq04,320,easy,6,-1,-1,1,0,0,1,0
seq04,321,easy,6,-1,1,1,0,1,1,1
seq04,322,easy,8,-1,1,1,0,1,1,1
seq04,323,easy,8,-1,1,1,0,1,1,1
seq04,324,easy,7,-1,1,1,0,1,1,1
seq04,325,easy,5,-1,0,0,0,1,1,1
seq04,326,easy,4,-1,0,0,0,1,1,1
seq04,327,easy,6,-1,0,0,0,1,1,1
seq04,328,easy,7,-1,0,0,0,1,1,1
seq04,329,easy,5,-1,-1,0,0,0,1,0
seq04,330,easy,6,-1,1,1,0,1,1,1
seq04,331,easy,7,-1,0,0,0,1,1,1
seq04,332,easy,8,-1,0,0,0,1,1,1
seq04,333,easy,8,-1,1,1,0,1,1,1
seq04,334,easy,6,-1,1,1,0,1,1,1
seq04,335,easy,8,-1,0,0,0,1,1,1
seq04,336,easy,8,-1,1,1,0,1,1,1
seq04,337,easy,9,-1,1,1,0,1,1,1
seq04,338,easy,5,-1,1,1,0,1,1,1
seq04,339,easy,5,-1,1,1,0,1,1,1
seq04,340,easy,5,-1,0,0,0,1,1,1
seq04,341,easy,5,-1,1,1,0,1,1,1
seq04,342,easy,5,-1,1,1,0,1,1,1
seq04,343,easy,6,-1,1,1,0,1,1,1
seq04,344,easy,6,-1,1,1,0,1,1,1
seq04,345,easy,7,-1,1,1,0,1,1,1
seq04,346,easy,5,-1,0,0,0,1,1,1
seq04,347,easy,5,-1,0,0,0,1,1,1
seq04,348,easy,6,-1,0,0,0,1,1,1
seq04,349,easy,6,-1,0,0,0,1,1,1
seq04,350,easy,7,-1,0,0,0,1,1,1
seq04,351,easy,7,-1,1,1,0,1,1,1
seq04,352,easy,8,-1,1,1,0,1,1,1
seq04,353,easy,8,-1,1,1,0,1,1,1
seq04,354,easy,9,-1,0,0,0,1,1,1
seq04,355,easy,8,-1,0,0,0,1,1,1
seq04,356,easy,6,-1,0,0,0,1,1,1
seq04,357,easy,7,-1,-1,1,0,0,1,0
seq04,358,easy,6,-1,1,1,0,1,1,1
seq04,359,easy,6,-1,1,1,0,1,1,1
seq04,360,easy,7,-1,1,1,0,1,1,1
seq04,361,easy,5,-1,1,1,0,1,1,1
seq04,362,easy,5,-1,1,1,0,1,1,1
seq04,363,easy,5,-1,1,1,0,1,1,1
seq04,364,easy,5,-1,1,1,0,1,1,1
seq04,365,easy,7,-1,1,1,0,1,1,1
seq04,366,easy,6,-1,1,1,0,1,1,1
seq04,367,easy,8,-1,1,1,0,1,1,1
seq04,368,easy,9,-1,0,0,0,1,1,1
seq04,369,easy,8,-1,1,1,0,1,1,1
seq04,370,easy,7,-1,1,1,0,1,1,1
seq04,371,easy,7,-1,1,1,0,1,1,1
seq04,372,easy,7,-1,0,0,0,1,1,1
seq04,373,easy,8,-1,1,1,0,1,1,1
seq04,374,easy,8,-1,1,1,0,1,1,1
seq04,375,easy,8,-1,2,2,0,1,1,1
seq04,376,easy,8,-1,1,1,0,1,1,1
seq04,377,easy,7,-1,1,1,0,1,1,1
seq04,378,easy,6,-1,1,1,0,1,1,1
seq04,379,easy,5,-1,1,1,0,1,1,1
seq04,380,easy,4,-1,1,1,0,1,1,1
seq04,381,easy,7,-1,1,1,0,1,1,1
seq04,382,easy,7,-1,4,1,0,0,1,1
seq04,383,easy,7,-1,2,2,0,1,1,1
seq04,384,easy,12,-1,0,0,0,1,1,1
seq04,385,easy,9,-1,1,1,0,1,1,1
seq04,386,easy,8,-1,0,0,0,1,1,1
seq04,387,easy,7,-1,0,0,0,1,1,1
seq04,388,easy,8,-1,0,0,0,1,1,1
seq04,389,easy,8,-1,0,0,0,1,1,1
seq04,390,easy,8,-1,0,0,0,1,1,1
seq04,391,easy,9,-1,0,0,0,1,1,1
seq04,392,easy,8,-1,0,0,0,1,1,1
seq04,393,easy,9,-1,0,0,0,1,1,1
seq04,394,easy,7,-1,0,0,0,1,1,1
seq04,395,easy,7,-1,0,0,0,1,1,1
seq04,396,easy,7,-1,0,0,0,1,1,1
seq04,397,easy,7,-1,0,0,0,1,1,1
seq04,398,easy,7,-1,0,0,0,1,1,1
seq04,399,easy,7,-1,0,0,0,1,1,1
seq05,0,easy,16,0,1,1,0,1,1,1
seq05,1,easy,16,0,-1,1,0,0,1,0
seq05,2,easy,16,1,0,0,0,1,1,1
seq05,3,easy,16,1,0,0,0,1,1,1
seq05,4,easy,16,0,2,2,0,1,1,1
seq05,5,easy,16,0,1,1,0,1,1,1
seq05,6,easy,16,0,1,1,0,1,1,1
seq05,7,easy,16,0,1,1,0,1,1,1
seq05,8,easy,16,0,2,2,0,1,1,1
seq05,9,easy,15,0,3,3,0,1,1,1
seq05,10,easy,15,2,3,3,0,1,1,1
seq05,11,easy,14,0,3,3,0,1,1,1
seq05,12,easy,15,0,1,1,0,1,1,1
seq05,13,easy,14,0,1,1,0,1,1,1
seq05,14,easy,15,0,1,1,0,1,1,1
seq05,15,easy,15,0,1,1,0,1,1,1
seq05,16,easy,16,0,1,1,0,1,1,1
seq05,17,easy,15,0,1,1,0,1,1,1
seq05,18,easy,16,0,3,3,0,1,1,1
seq05,19,easy,17,0,2,2,0,1,1,1
seq05,20,easy,17,4,3,3,0,1,1,1
seq05,21,easy,17,2,3,3,0,1,1,1
seq05,22,easy,17,1,2,2,0,1,1,1
seq05,23,easy,17,0,4,4,0,1,1,1
seq05,24,easy,17,2,3,3,0,1,1,1
seq05,25,easy,15,0,4,4,0,1,1,1
seq05,26,easy,16,0,4,4,0,1,1,1
seq05,27,easy,16,0,3,3,0,1,1,1
seq05,28,easy,15,0,3,3,0,1,1,1
seq05,29,easy,16,1,3,3,0,1,1,1
seq05,30,easy,16,-1,0,0,0,1,1,1
seq05,31,easy,16,-1,1,1,0,1,1,1
seq05,32,easy,13,-1,1,1,0,1,1,1
seq05,33,easy,15,-1,1,1,0,1,1,1
seq05,34,easy,14,-1,1,1,0,1,1,1
seq05,35,easy,15,-1,1,1,0,1,1,1
seq05,36,easy,17,-1,1,1,0,1,1,1
seq05,37,easy,14,-1,2,2,0,1,1,1
seq05,38,easy,16,-1,1,1,0,1,1,1
seq05,39,easy,17,-1,1,1,0,1,1,1
seq05,40,easy,17,-1,1,1,0,1,1,1
seq05,41,easy,15,-1,1,1,0,1,1,1
seq05,42,easy,14,-1,2,2,0,1,1,1
seq05,43,easy,14,-1,1,1,0,1,1,1
seq05,44,easy,15,-1,1,1,0,1,1,1
seq05,45,easy,15,-1,1,1,0,1,1,1
seq05,46,easy,16,-1,2,2,0,1,1,1
seq05,47,easy,16,-1,2,2,0,1,1,1
seq05,48,easy,15,-1,1,1,0,1,1,1
seq05,49,easy,15,-1,3,3,0,1,1,1
seq05,50,easy,16,-1,2,2,0,1,1,1
seq05,51,easy,17,-1,2,2,0,1,1,1
seq05,52,easy,16,-1,4,4,0,1,1,1
seq05,53,easy,16,-1,2,2,0,1,1,1
seq05,54,easy,17,-1,3,3,0,1,1,1
seq05,55,easy,17,-1,3,3,0,1,1,1
seq05,56,easy,17,-1,4,4,0,1,1,1
seq05,57,easy,17,-1,3,3,0,1,1,1
seq05,58,easy,17,-1,-1,3,0,0,1,0
seq05,59,easy,17,-1,3,3,0,1,1,1
seq05,60,easy,17,-1,3,3,0,1,1,1
seq05,61,easy,17,-1,4,4,0,1,1,1
seq05,62,easy,16,-1,4,4,0,1,1,1
seq05,63,easy,15,-1,1,1,0,1,1,1
seq05,64,easy,17,-1,2,2,0,1,1,1
seq05,65,easy,16,-1,1,1,0,1,1,1
seq05,66,easy,17,-1,1,1,0,1,1,1
seq05,67,easy,17,-1,1,1,0,1,1,1
seq05,68,easy,17,-1,1,1,0,1,1,1
seq05,69,easy,17,-1,0,0,0,1,1,1
seq05,70,easy,17,-1,0,0,0,1,1,1
seq05,71,easy,17,-1,0,0,0,1,1,1
seq05,72,easy,17,-1,3,3,0,1,1,1
seq05,73,easy,17,-1,3,3,0,1,1,1
seq05,74,easy,16,-1,3,3,0,1,1,1
seq05,75,easy,17,-1,3,3,0,1,1,1
seq05,76,easy,15,-1,3,3,0,1,1,1
seq05,77,easy,16,-1,2,2,0,1,1,1
seq05,78,easy,17,-1,1,1,0,1,1,1
seq05,79,easy,16,-1,0,0,0,1,1,1
seq05,80,easy,16,-1,2,2,0,1,1,1
seq05,81,easy,15,-1,0,0,0,1,1,1
seq05,82,easy,14,-1,1,1,0,1,1,1
seq05,83,easy,14,-1,2,2,0,1,1,1
seq05,84,easy,14,-1,2,2,0,1,1,1
seq05,85,easy,14,-1,0,0,0,1,1,1
seq05,86,easy,15,-1,4,4,0,1,1,1
seq05,87,easy,15,-1,2,2,0,1,1,1
seq05,88,easy,14,-1,1,1,0,1,1,1
seq05,89,easy,14,-1,2,2,0,1,1,1
seq05,90,easy,14,-1,1,1,0,1,1,1
seq05,91,easy,14,-1,1,1,0,1,1,1
seq05,92,easy,15,-1,-1,2,0,0,1,0
seq05,93,easy,15,-1,1,1,0,1,1,1
seq05,94,easy,14,-1,1,1,0,1,1,1
seq05,95,easy,14,-1,1,1,0,1,1,1
seq05,96,easy,15,-1,1,1,0,1,1,1
seq05,97,easy,14,-1,2,2,0,1,1,1
seq05,98,easy,16,-1,2,2,0,1,1,1
seq05,99,easy,16,-1,1,1,0,1,1,1
seq05,100,easy,15,-1,2,2,0,1,1,1
seq05,101,easy,14,-1,3,3,0,1,1,1
seq05,102,easy,16,-1,3,3,0,1,1,1
seq05,103,easy,16,-1,4,4,0,1,1,1
seq05,104,easy,16,-1,5,5,0,1,1,1
seq05,105,easy,15,-1,5,5,0,1,1,1
seq05,106,easy,15,-1,3,3,0,1,1,1
seq05,107,easy,16,-1,1,1,0,1,1,1
seq05,108,easy,16,-1,2,2,0,1,1,1
seq05,109,easy,13,-1,0,0,0,1,1,1
seq05,110,easy,15,-1,2,2,0,1,1,1
seq05,111,easy,16,-1,1,1,0,1,1,1
seq05,112,easy,12,-1,0,0,0,1,1,1
seq05,113,easy,15,-1,1,1,0,1,1,1
seq05,114,easy,14,-1,1,1,0,1,1,1
seq05,115,hard,16,-1,0,0,0,1,1,1
seq05,116,easy,16,-1,1,1,0,1,1,1
seq05,117,easy,16,-1,0,0,0,1,1,1
seq05,118,easy,16,-1,0,0,0,1,1,1
seq05,119,easy,15,-1,0,0,0,1,1,1
seq05,120,easy,15,-1,0,0,0,1,1,1
seq05,121,easy,15,-1,0,0,0,1,1,1
seq05,122,easy,16,-1,0,0,0,1,1,1
seq05,123,easy,16,-1,0,0,0,1,1,1
seq05,124,easy,16,-1,0,0,0,1,1,1
seq05,125,easy,16,-1,0,0,0,1,1,1
seq05,126,easy,16,-1,0,0,0,1,1,1
seq05,127,easy,14,-1,0,0,0,1,1,1
seq05,128,easy,12,-1,0,0,0,1,1,1
seq05,129,easy,14,-1,1,1,0,1,1,1
seq05,130,hard,10,-1,1,1,0,1,1,1
seq05,131,easy,11,-1,1,1,0,1,1,1
seq05,132,easy,11,-1,1,1,0,1,1,1
seq05,133,hard,11,-1,0,1,0,0,1,1
seq05,134,hard,16,-1,1,1,0,1,1,1
seq05,135,hard,16,-1,1,1,0,1,1,1
seq05,136,easy,16,-1,0,0,0,1,1,1
seq05,137,hard,16,-1,1,1,0,1,1,1
seq05,138,easy,16,-1,1,1,0,1,1,1
seq05,139,easy,16,-1,0,0,0,1,1,1
seq05,140,easy,16,-1,0,0,0,1,1,1
seq05,141,easy,16,-1,0,0,0,1,1,1
seq05,142,easy,16,-1,0,0,0,1,1,1
seq05,143,easy,16,-1,2,2,0,1,1,1
seq05,144,easy,16,-1,2,2,0,1,1,1
seq05,145,easy,16,-1,1,1,0,1,1,1
seq05,146,easy,16,-1,1,1,0,1,1,1
seq05,147,easy,16,-1,1,1,0,1,1,1
seq05,148,easy,16,-1,1,1,0,1,1,1
seq05,149,easy,16,-1,1,1,0,1,1,1
seq05,150,easy,14,-1,3,3,0,1,1,1
seq05,151,easy,13,-1,2,2,0,1,1,1
seq05,152,easy,13,-1,3,3,0,1,1,1
seq05,153,easy,16,-1,1,1,0,1,1,1
seq05,154,easy,15,-1,3,3,0,1,1,1
seq05,155,easy,15,-1,4,4,0,1,1,1
seq05,156,easy,14,-1,1,1,0,1,1,1
seq05,157,easy,16,-1,4,4,0,1,1,1
seq05,158,easy,15,-1,4,4,0,1,1,1
seq05,159,easy,16,-1,7,7,0,1,1,1
seq05,160,hard,16,-1,2,2,0,1,1,1
seq05,161,easy,14,-1,7,7,0,1,1,1
seq05,162,hard,16,-1,6,6,0,1,1,1
seq05,163,easy,16,-1,1,1,0,1,1,1
seq05,164,easy,16,-1,1,1,0,1,1,1
seq05,165,easy,15,-1,1,1,0,1,1,1
seq05,166,easy,15,-1,-1,5,0,0,1,0
seq05,167,easy,13,-1,5,5,0,1,1,1
seq05,168,easy,14,-1,3,3,0,1,1,1
seq05,169,hard,14,-1,3,3,0,1,1,1
seq05,170,easy,13,-1,1,1,0,1,1,1
seq05,171,easy,13,-1,1,1,0,1,1,1
seq05,172,easy,15,-1,6,6,0,1,1,1
seq05,173,easy,14,-1,1,1,0,1,1,1
seq05,174,hard,14,-1,2,2,0,1,1,1
seq05,175,easy,14,-1,2,2,0,1,1,1
seq05,176,easy,14,-1,1,1,0,1,1,1
seq05,177,easy,13,-1,1,1,0,1,1,1
seq05,178,hard,13,-1,1,1,0,1,1,1
seq05,179,easy,15,-1,1,1,0,1,1,1
seq05,180,easy,15,-1,1,1,0,1,1,1
seq05,181,easy,15,-1,0,0,0,1,1,1
seq05,182,easy,15,-1,0,0,0,1,1,1
seq05,183,hard,15,-1,1,1,0,1,1,1
seq05,184,hard,16,-1,1,1,0,1,1,1
seq05,185,easy,16,-1,0,0,0,1,1,1
seq05,186,easy,16,-1,1,1,0,1,1,1
seq05,187,easy,16,-1,1,1,0,1,1,1
seq05,188,hard,15,-1,0,0,0,1,1,1
seq05,189,hard,15,-1,1,1,0,1,1,1
seq05,190,hard,16,-1,1,1,0,1,1,1
seq05,191,hard,16,-1,1,1,0,1,1,1
seq05,192,easy,16,-1,1,1,0,1,1,1
seq05,193,easy,15,-1,1,1,0,1,1,1
seq05,194,easy,14,-1,0,0,0,1,1,1
seq05,195,hard,13,-1,0,0,0,1,1,1
seq05,196,easy,14,-1,0,0,0,1,1,1
seq05,197,easy,17,-1,0,0,0,1,1,1
seq05,198,hard,15,-1,0,0,0,1,1,1
seq05,199,easy,16,-1,0,0,0,1,1,1
seq05,200,easy,15,-1,0,0,0,1,1,1
seq05,201,hard,14,-1,0,0,0,1,1,1
seq05,202,easy,13,-1,0,0,0,1,1,1
seq05,203,easy,14,-1,0,0,0,1,1,1
seq05,204,easy,14,-1,0,0,0,1,1,1
seq05,205,easy,14,-1,0,0,0,1,1,1
seq05,206,easy,16,-1,0,0,0,1,1,1
seq05,207,easy,18,-1,0,0,0,1,1,1
seq05,208,easy,16,-1,0,0,0,1,1,1
seq05,209,easy,13,-1,0,0,0,1,1,1
seq05,210,easy,15,-1,0,0,0,1,1,1
seq05,211,easy,16,-1,0,0,0,1,1,1
seq05,212,hard,13,-1,0,0,0,1,1,1
seq05,213,easy,13,-1,0,0,0,1,1,1
seq05,214,easy,13,-1,0,0,0,1,1,1
seq05,215,easy,13,-1,0,0,0,1,1,1
seq05,216,easy,13,-1,0,0,0,1,1,1
seq05,217,easy,14,-1,0,0,0,1,1,1
seq05,218,easy,15,-1,0,0,0,1,1,1
seq05,219,easy,14,-1,0,0,0,1,1,1
seq05,220,easy,12,-1,0,0,0,1,1,1
seq05,221,easy,14,-1,0,0,0,1,1,1
seq05,222,easy,14,-1,0,0,0,1,1,1
seq05,223,easy,13,-1,0,0,0,1,1,1
seq05,224,easy,15,-1,0,0,0,1,1,1
seq05,225,easy,15,-1,0,0,0,1,1,1
seq05,226,easy,14,-1,0,0,0,1,1,1
seq05,227,easy,14,-1,0,0,0,1,1,1
seq05,228,easy,15,-1,0,0,0,1,1,1
seq05,229,easy,15,-1,-1,0,0,0,1,0
seq05,230,easy,15,-1,3,3,0,1,1,1
seq05,231,easy,14,-1,2,2,0,1,1,1
seq05,232,easy,15,-1,2,2,0,1,1,1
seq05,233,easy,15,-1,2,2,0,1,1,1
seq05,234,easy,15,-1,1,1,0,1,1,1
seq05,235,easy,15,-1,0,0,0,1,1,1
seq05,236,easy,13,-1,1,1,0,1,1,1
seq05,237,easy,14,-1,0,0,0,1,1,1
seq05,238,easy,16,-1,1,1,0,1,1,1
seq05,239,hard,16,-1,2,1,0,0,1,1
seq05,240,easy,17,-1,1,1,0,1,1,1
seq05,241,easy,17,-1,0,0,0,1,1,1
seq05,242,easy,17,-1,1,1,0,1,1,1
seq05,243,easy,16,-1,1,1,0,1,1,1
seq05,244,easy,16,-1,1,1,0,1,1,1
seq05,245,easy,15,-1,2,2,0,1,1,1
seq05,246,easy,14,-1,1,1,0,1,1,1
seq05,247,easy,16,-1,0,0,0,1,1,1
seq05,248,easy,16,-1,0,0,0,1,1,1
seq05,249,easy,15,-1,0,0,0,1,1,1
seq05,250,easy,16,-1,1,1,0,1,1,1
seq05,251,easy,16,-1,1,1,0,1,1,1
seq05,252,easy,16,-1,0,0,0,1,1,1
seq05,253,easy,16,-1,2,2,0,1,1,1
seq05,254,easy,16,-1,-1,0,0,0,1,0
seq05,255,easy,16,-1,1,1,0,1,1,1
seq05,256,easy,16,-1,1,1,0,1,1,1
seq05,257,easy,14,-1,1,1,0,1,1,1
seq05,258,easy,14,-1,2,2,0,1,1,1
seq05,259,easy,15,-1,0,0,0,1,1,1
seq05,260,easy,16,-1,1,1,0,1,1,1
seq05,261,easy,16,-1,1,1,0,1,1,1
seq05,262,easy,16,-1,0,0,0,1,1,1
seq05,263,easy,16,-1,0,0,0,1,1,1
seq05,264,easy,17,-1,1,1,0,1,1,1
seq05,265,easy,16,-1,2,2,0,1,1,1
seq05,266,easy,16,-1,1,1,0,1,1,1
seq05,267,easy,16,-1,0,0,0,1,1,1
seq05,268,easy,17,-1,0,0,0,1,1,1
seq05,269,easy,17,-1,0,0,0,1,1,1
seq05,270,easy,17,-1,0,0,0,1,1,1
seq05,271,easy,17,-1,0,0,0,1,1,1
seq05,272,easy,17,-1,0,0,0,1,1,1
seq05,273,easy,16,-1,0,0,0,1,1,1
seq05,274,easy,16,-1,0,0,0,1,1,1
seq05,275,easy,16,-1,0,0,0,1,1,1
seq05,276,easy,16,-1,0,0,0,1,1,1
seq05,277,easy,16,-1,0,0,0,1,1,1
seq05,278,easy,16,-1,0,0,0,1,1,1
seq05,279,easy,16,-1,0,0,0,1,1,1
seq05,280,easy,15,-1,0,0,0,1,1,1
seq05,281,easy,17,-1,0,0,0,1,1,1
seq05,282,easy,15,-1,0,0,0,1,1,1
seq05,283,easy,15,-1,0,0,0,1,1,1
seq05,284,easy,17,-1,0,0,0,1,1,1
seq05,285,easy,17,-1,2,2,0,1,1,1
seq05,286,easy,17,-1,0,0,0,1,1,1
seq05,287,easy,17,-1,0,0,0,1,1,1
seq05,288,easy,17,-1,0,0,0,1,1,1
seq05,289,easy,17,-1,0,0,0,1,1,1
seq05,290,easy,17,-1,0,0,0,1,1,1
seq05,291,easy,16,-1,0,0,0,1,1,1
seq05,292,easy,15,-1,0,0,0,1,1,1
seq05,293,easy,16,-1,0,0,0,1,1,1
seq05,294,easy,16,-1,0,0,0,1,1,1
seq05,295,easy,16,-1,0,0,0,1,1,1
seq05,296,easy,16,-1,0,0,0,1,1,1
seq05,297,easy,16,-1,0,0,0,1,1,1
seq05,298,easy,16,-1,0,0,0,1,1,1
seq05,299,easy,16,-1,1,1,0,1,1,1
seq05,300,easy,16,-1,1,1,0,1,1,1
seq05,301,easy,16,-1,1,1,0,1,1,1
seq05,302,easy,15,-1,1,1,0,1,1,1
seq05,303,easy,16,-1,-1,1,0,0,1,0
seq05,304,easy,16,-1,1,1,0,1,1,1
seq05,305,easy,16,-1,1,1,0,1,1,1
seq05,306,easy,16,-1,1,1,0,1,1,1
seq05,307,easy,16,-1,1,1,0,1,1,1
seq05,308,easy,15,-1,1,1,0,1,1,1
seq05,309,easy,15,-1,1,1,0,1,1,1
seq05,310,easy,16,-1,1,1,0,1,1,1
seq05,311,easy,16,-1,1,1,0,1,1,1
seq05,312,easy,16,-1,1,1,0,1,1,1
seq05,313,easy,16,-1,1,1,0,1,1,1
seq05,314,easy,16,-1,1,1,0,1,1,1
seq05,315,easy,16,-1,2,2,0,1,1,1
seq05,316,easy,16,-1,1,1,0,1,1,1
seq05,317,hard,16,-1,2,2,0,1,1,1
seq05,318,easy,16,-1,2,2,0,1,1,1
seq05,319,easy,16,-1,1,1,0,1,1,1
seq05,320,easy,15,-1,1,1,0,1,1,1
seq05,321,easy,16,-1,1,1,0,1,1,1
seq05,322,easy,16,-1,2,2,0,1,1,1
seq05,323,easy,16,-1,1,1,0,1,1,1
seq05,324,easy,16,-1,0,0,0,1,1,1
seq05,325,easy,16,-1,1,1,0,1,1,1
seq05,326,easy,16,-1,1,1,0,1,1,1
seq05,327,easy,16,-1,0,0,0,1,1,1
seq05,328,easy,16,-1,0,0,0,1,1,1
seq05,329,easy,15,-1,0,0,0,1,1,1
seq05,330,easy,16,-1,1,1,0,1,1,1
seq05,331,easy,16,-1,0,0,0,1,1,1
seq05,332,easy,16,-1,2,2,0,1,1,1
seq05,333,easy,15,-1,0,0,0,1,1,1
seq05,334,easy,15,-1,-1,2,0,0,1,0
seq05,335,easy,15,-1,2,2,0,1,1,1
seq05,336,easy,15,-1,3,3,0,1,1,1
seq05,337,easy,15,-1,2,2,0,1,1,1
seq05,338,hard,16,-1,4,4,0,1,1,1
seq05,339,easy,16,-1,3,3,0,1,1,1
seq05,340,easy,16,-1,3,3,0,1,1,1
seq05,341,hard,15,-1,3,3,0,1,1,1
seq05,342,easy,16,-1,3,3,0,1,1,1
seq05,343,easy,16,-1,2,2,0,1,1,1
seq05,344,hard,16,-1,2,2,0,1,1,1
seq05,345,easy,15,-1,0,0,0,1,1,1
seq05,346,hard,14,-1,1,1,0,1,1,1
seq05,347,hard,16,-1,1,1,0,1,1,1
seq05,348,easy,16,-1,1,1,0,1,1,1
seq05,349,easy,16,-1,0,0,0,1,1,1
seq05,350,hard,16,-1,1,1,0,1,1,1
seq05,351,easy,16,-1,1,1,0,1,1,1
seq05,352,easy,16,-1,1,1,0,1,1,1
seq05,353,easy,16,-1,3,3,0,1,1,1
seq05,354,easy,17,-1,2,2,0,1,1,1
seq05,355,hard,16,-1,1,1,0,1,1,1
seq05,356,easy,16,-1,0,0,0,1,1,1
seq05,357,easy,17,-1,0,0,0,1,1,1
seq05,358,hard,16,-1,1,1,0,1,1,1
seq05,359,hard,17,-1,3,3,0,1,1,1
seq05,360,hard,17,-1,2,2,0,1,1,1
seq05,361,hard,17,-1,2,2,0,1,1,1
seq05,362,hard,16,-1,1,1,0,1,1,1
seq05,363,hard,17,-1,1,1,0,1,1,1
seq05,364,easy,16,-1,1,1,0,1,1,1
seq05,365,easy,15,-1,2,2,0,1,1,1
seq05,366,hard,16,-1,1,1,0,1,1,1
seq05,367,hard,15,-1,1,1,0,1,1,1
seq05,368,easy,15,-1,3,3,0,1,1,1
seq05,369,easy,14,-1,3,3,0,1,1,1
seq05,370,easy,16,-1,2,2,0,1,1,1
seq05,371,easy,16,-1,3,3,0,1,1,1
seq05,372,easy,16,-1,4,4,0,1,1,1
seq05,373,hard,16,-1,4,4,0,1,1,1
seq05,374,hard,15,-1,4,4,0,1,1,1
seq05,375,easy,15,-1,3,3,0,1,1,1
seq05,376,easy,15,-1,4,4,0,1,1,1
seq05,377,hard,13,-1,5,5,0,1,1,1
seq05,378,easy,13,-1,3,3,0,1,1,1
seq05,379,hard,15,-1,1,3,0,0,1,1
seq05,380,easy,13,-1,4,4,0,1,1,1
seq05,381,hard,14,-1,1,2,0,0,1,1
seq05,382,hard,16,-1,3,3,0,1,1,1
seq05,383,easy,15,-1,2,2,0,1,1,1
seq05,384,hard,16,-1,3,4,0,0,1,1
seq05,385,easy,15,-1,4,4,0,1,1,1
seq05,386,hard,15,-1,3,3,0,1,1,1
seq05,387,easy,14,-1,-1,3,0,0,1,0
seq05,388,hard,12,-1,4,4,0,1,1,1
seq05,389,easy,16,-1,3,3,0,1,1,1
seq05,390,hard,15,-1,3,3,0,1,1,1
seq05,391,easy,16,-1,5,5,0,1,1,1
seq05,392,hard,16,-1,2,5,0,0,1,1
seq05,393,hard,16,-1,2,7,0,0,1,1
seq05,394,easy,14,-1,8,8,0,1,1,1
seq05,395,hard,17,-1,2,7,0,1,1,1
seq05,396,hard,15,-1,7,7,0,1,1,1
seq05,397,hard,13,-1,7,7,0,1,1,1
seq05,398,hard,13,-1,4,4,0,1,1,1
seq05,399,hard,13,-1,4,7,0,1,1,1
seq06,0,easy,16,0,10,10,0,1,1,1
seq06,1,hard,15,1,11,11,0,1,1,1
seq06,2,easy,15,0,8,8,0,1,1,1
seq06,3,easy,14,4,-1,3,0,0,1,0
seq06,4,easy,16,4,7,7,0,1,1,1
seq06,5,easy,16,4,8,8,0,1,1,1
seq06,6,easy,16,6,10,10,0,1,1,1
seq06,7,hard,15,5,7,7,0,1,1,1
seq06,8,easy,17,2,5,5,0,1,1,1
seq06,9,hard,17,2,10,5,0,0,1,1
seq06,10,easy,16,1,4,4,0,1,1,1
seq06,11,easy,16,0,3,3,0,1,1,1
seq06,12,hard,18,0,2,2,0,1,1,1
seq06,13,easy,17,0,2,2,0,1,1,1
seq06,14,easy,16,0,3,3,0,1,1,1
seq06,15,easy,16,0,3,3,0,1,1,1
seq06,16,hard,16,0,2,5,0,1,1,1
seq06,17,easy,15,0,6,6,0,1,1,1
seq06,18,hard,15,2,4,4,0,1,1,1
seq06,19,easy,16,1,7,7,0,1,1,1
seq06,20,hard,16,3,6,6,0,1,1,1
seq06,21,hard,16,6,5,5,0,1,1,1
seq06,22,hard,15,6,2,2,0,1,1,1
seq06,23,hard,15,3,2,2,0,1,1,1
seq06,24,hard,15,1,3,-1,0,0,0,1
seq06,25,easy,15,2,4,4,0,1,1,1
seq06,26,hard,16,3,4,4,0,1,1,1
seq06,27,hard,16,5,3,3,0,1,1,1
seq06,28,hard,15,4,2,2,0,1,1,1
seq06,29,easy,16,5,3,3,0,1,1,1
seq06,30,easy,16,6,2,2,0,1,1,1
seq06,31,hard,16,4,3,3,0,1,1,1
seq06,32,easy,16,4,3,3,0,1,1,1
seq06,33,easy,16,6,5,5,0,1,1,1
seq06,34,hard,16,3,7,7,0,1,1,1
seq06,35,easy,16,3,6,6,0,1,1,1
seq06,36,hard,16,1,8,8,0,1,1,1
seq06,37,hard,16,6,4,4,0,1,1,1
seq06,38,easy,16,6,2,2,0,1,1,1
seq06,39,easy,16,5,10,10,0,1,1,1
seq06,40,easy,17,2,6,6,0,1,1,1
seq06,41,easy,16,0,4,4,0,1,1,1
seq06,42,easy,16,3,4,4,0,1,1,1
seq06,43,easy,16,4,5,5,0,1,1,1
seq06,44,easy,16,6,7,7,0,1,1,1
seq06,45,easy,16,0,8,8,0,1,1,1
seq06,46,easy,16,0,8,8,0,1,1,1
seq06,47,easy,16,2,7,7,0,1,1,1
seq06,48,easy,16,0,7,7,0,1,1,1
seq06,49,easy,16,3,2,2,0,1,1,1
seq06,50,easy,16,2,4,4,0,1,1,1
seq06,51,easy,16,2,5,5,0,1,1,1
seq06,52,easy,16,5,4,4,0,1,1,1
seq06,53,easy,16,5,6,6,0,1,1,1
seq06,54,hard,16,4,7,7,0,1,1,1
seq06,55,easy,15,7,2,2,0,1,1,1
seq06,56,easy,16,2,3,3,0,1,1,1
seq06,57,easy,16,1,8,8,0,1,1,1
seq06,58,easy,16,2,6,6,0,1,1,1
seq06,59,easy,16,2,7,7,0,1,1,1
seq06,60,easy,16,2,1,1,0,1,1,1
seq06,61,easy,16,2,5,5,0,1,1,1
seq06,62,easy,16,3,5,5,0,1,1,1
seq06,63,easy,16,6,2,2,0,1,1,1
seq06,64,easy,16,4,2,2,0,1,1,1
seq06,65,easy,16,2,3,3,0,1,1,1
seq06,66,easy,16,4,2,2,0,1,1,1
seq06,67,easy,16,4,3,3,0,1,1,1
seq06,68,easy,16,3,4,4,0,1,1,1
seq06,69,hard,16,2,3,3,0,1,1,1
seq06,70,easy,16,1,3,3,0,1,1,1
seq06,71,easy,16,1,3,3,0,1,1,1
seq06,72,easy,16,1,2,2,0,1,1,1
seq06,73,easy,16,1,2,2,0,1,1,1
seq06,74,easy,16,1,2,2,0,1,1,1
seq06,75,easy,16,1,2,2,0,1,1,1
seq06,76,easy,16,0,2,2,0,1,1,1
seq06,77,easy,16,0,1,1,0,1,1,1
seq06,78,easy,16,0,1,1,0,1,1,1
seq06,79,hard,16,0,2,2,0,1,1,1
seq06,80,hard,17,0,2,2,0,1,1,1
seq06,81,easy,15,0,3,3,0,1,1,1
seq06,82,easy,17,0,2,2,0,1,1,1
seq06,83,easy,15,0,2,2,0,1,1,1
seq06,84,easy,15,1,0,0,0,1,1,1
seq06,85,easy,15,0,1,1,0,1,1,1
seq06,86,easy,15,0,1,1,0,1,1,1
seq06,87,easy,16,0,1,1,0,1,1,1
seq06,88,easy,15,0,1,1,0,1,1,1
seq06,89,easy,16,0,1,1,0,1,1,1
seq06,90,easy,16,4,1,1,0,1,1,1
seq06,91,easy,16,4,0,0,0,1,1,1
seq06,92,easy,16,3,1,1,0,1,1,1
seq06,93,easy,16,3,0,0,0,1,1,1
seq06,94,easy,16,3,0,0,0,1,1,1
seq06,95,easy,16,5,3,3,0,1,1,1
seq06,96,easy,16,6,0,0,0,1,1,1
seq06,97,easy,16,5,1,1,0,1,1,1
seq06,98,easy,16,6,2,2,0,1,1,1
seq06,99,easy,17,3,1,1,0,1,1,1
seq06,100,easy,17,4,2,2,0,1,1,1
seq06,101,easy,17,4,1,1,0,1,1,1
seq06,102,easy,17,4,0,0,0,1,1,1
seq06,103,easy,16,2,1,1,0,1,1,1
seq06,104,easy,16,1,3,3,0,1,1,1
seq06,105,easy,16,3,1,1,0,1,1,1
seq06,106,easy,16,4,2,2,0,1,1,1
seq06,107,easy,16,5,0,0,0,1,1,1
seq06,108,easy,16,5,1,1,0,1,1,1
seq06,109,easy,16,4,1,1,0,1,1,1
seq06,110,easy,16,4,0,0,0,1,1,1
seq06,111,easy,16,4,0,0,0,1,1,1
seq06,112,easy,16,4,0,0,0,1,1,1
seq06,113,easy,16,6,0,0,0,1,1,1
seq06,114,easy,16,7,0,0,0,1,1,1
seq06,115,easy,16,6,0,0,0,1,1,1
seq06,116,easy,16,6,1,1,0,1,1,1
seq06,117,easy,15,6,1,1,0,1,1,1
seq06,118,easy,16,6,1,1,0,1,1,1
seq06,119,easy,16,5,0,0,0,1,1,1
seq06,120,easy,16,7,1,1,0,1,1,1
seq06,121,easy,16,6,0,0,0,1,1,1
seq06,122,easy,17,5,1,1,0,1,1,1
seq06,123,easy,17,7,1,1,0,1,1,1
seq06,124,easy,16,5,1,1,0,1,1,1
seq06,125,easy,15,2,1,1,0,1,1,1
seq06,126,easy,16,3,1,1,0,1,1,1
seq06,127,easy,16,4,1,1,0,1,1,1
seq06,128,easy,16,4,1,1,0,1,1,1
seq06,129,easy,16,3,2,2,0,1,1,1
seq06,130,easy,16,4,2,2,0,1,1,1
seq06,131,easy,16,4,1,1,0,1,1,1
seq06,132,easy,16,4,1,1,0,1,1,1
seq06,133,easy,16,5,0,0,0,1,1,1
seq06,134,easy,16,4,1,1,0,1,1,1
seq06,135,easy,16,8,1,1,0,1,1,1
seq06,136,easy,16,6,1,1,0,1,1,1
seq06,137,easy,16,6,1,1,0,1,1,1
seq06,138,easy,16,3,1,1,0,1,1,1
seq06,139,easy,16,2,1,1,0,1,1,1
seq06,140,easy,16,1,0,0,0,1,1,1
seq06,141,easy,16,0,1,1,0,1,1,1
seq06,142,easy,16,1,0,0,0,1,1,1
seq06,143,easy,16,0,1,1,0,1,1,1
seq06,144,easy,16,0,2,2,0,1,1,1
seq06,145,easy,16,2,0,0,0,1,1,1
seq06,146,easy,16,2,0,0,0,1,1,1
seq06,147,easy,16,3,1,1,0,1,1,1
seq06,148,easy,16,4,0,0,0,1,1,1
seq06,149,easy,16,4,0,0,0,1,1,1
seq06,150,easy,16,4,1,1,0,1,1,1
seq06,151,easy,15,2,0,0,0,1,1,1
seq06,152,easy,15,1,0,0,0,1,1,1
seq06,153,easy,15,0,1,1,0,1,1,1
seq06,154,easy,16,1,0,0,0,1,1,1
seq06,155,easy,16,4,0,0,0,1,1,1
seq06,156,easy,15,2,0,0,0,1,1,1
seq06,157,easy,16,5,0,0,0,1,1,1
seq06,158,easy,16,4,0,0,0,1,1,1
seq06,159,easy,16,5,0,0,0,1,1,1
seq06,160,easy,16,2,0,0,0,1,1,1
seq06,161,easy,16,1,0,0,0,1,1,1
seq06,162,easy,16,1,0,0,0,1,1,1
seq06,163,easy,16,2,0,0,0,1,1,1
seq06,164,easy,16,1,0,0,0,1,1,1
seq06,165,hard,16,3,2,0,0,0,1,1
seq06,166,easy,15,4,0,0,0,1,1,1
seq06,167,easy,15,5,0,0,0,1,1,1
seq06,168,easy,15,3,0,0,0,1,1,1
seq06,169,easy,15,3,0,0,0,1,1,1
seq06,170,easy,16,3,0,0,0,1,1,1
seq06,171,easy,16,5,0,0,0,1,1,1
seq06,172,easy,16,6,0,0,0,1,1,1
seq06,173,easy,15,10,0,0,0,1,1,1
seq06,174,easy,15,11,0,0,0,1,1,1
seq06,175,easy,16,5,0,0,0,1,1,1
seq06,176,easy,16,9,0,0,0,1,1,1
seq06,177,easy,15,9,1,1,0,1,1,1
seq06,178,easy,16,8,0,0,0,1,1,1
seq06,179,hard,16,10,1,1,0,1,1,1
seq06,180,easy,16,7,1,1,0,1,1,1
seq06,181,easy,16,6,1,1,0,1,1,1
seq06,182,easy,16,5,1,1,0,1,1,1
seq06,183,easy,16,3,1,1,0,1,1,1
seq06,184,easy,16,4,0,0,0,1,1,1
seq06,185,easy,16,6,1,1,0,1,1,1
seq06,186,easy,16,3,2,2,0,1,1,1
seq06,187,easy,16,5,1,1,0,1,1,1
seq06,188,easy,16,3,1,1,0,1,1,1
seq06,189,easy,16,6,0,0,0,1,1,1
seq06,190,easy,16,4,1,1,0,1,1,1
seq06,191,easy,15,8,2,2,0,1,1,1
seq06,192,easy,16,5,2,2,0,1,1,1
seq06,193,easy,14,6,1,1,0,1,1,1
seq06,194,easy,14,6,0,0,0,1,1,1
seq06,195,easy,16,3,1,1,0,1,1,1
seq06,196,easy,15,4,0,0,0,1,1,1
seq06,197,easy,15,2,0,0,0,1,1,1
seq06,198,easy,15,2,-1,0,0,0,1,0
seq06,199,easy,15,3,4,4,0,1,1,1
seq06,200,easy,16,4,3,3,0,1,1,1
seq06,201,easy,16,1,3,3,0,1,1,1
seq06,202,easy,15,1,3,3,0,1,1,1
seq06,203,easy,16,4,1,1,0,1,1,1
seq06,204,easy,16,3,2,2,0,1,1,1
seq06,205,easy,16,1,3,3,0,1,1,1
seq06,206,easy,16,0,2,2,0,1,1,1
seq06,207,easy,16,0,2,2,0,1,1,1
seq06,208,easy,16,1,2,2,0,1,1,1
seq06,209,hard,15,1,2,2,0,1,1,1
seq06,210,easy,17,3,1,1,0,1,1,1
seq06,211,easy,16,4,0,0,0,1,1,1
seq06,212,easy,16,2,3,3,0,1,1,1
seq06,213,hard,15,2,4,4,0,1,1,1
seq06,214,easy,15,9,2,2,0,1,1,1
seq06,215,easy,16,9,2,2,0,1,1,1
seq06,216,hard,16,8,1,1,0,1,1,1
seq06,217,easy,15,8,2,2,0,1,1,1
seq06,218,easy,15,8,4,4,0,1,1,1
seq06,219,easy,15,8,1,1,0,1,1,1
seq06,220,hard,15,4,1,1,0,1,1,1
seq06,221,easy,15,3,2,2,0,1,1,1
seq06,222,easy,15,1,2,2,0,1,1,1
seq06,223,easy,16,4,1,1,0,1,1,1
seq06,224,easy,14,3,4,4,0,1,1,1
seq06,225,easy,15,2,4,4,0,1,1,1
seq06,226,hard,15,2,3,3,0,1,1,1
seq06,227,easy,17,1,4,4,0,1,1,1
seq06,228,easy,17,1,3,3,0,1,1,1
seq06,229,easy,17,4,2,2,0,1,1,1
seq06,230,easy,17,3,4,4,0,1,1,1
seq06,231,easy,16,4,3,3,0,1,1,1
seq06,232,easy,15,2,3,3,0,1,1,1
seq06,233,easy,15,3,2,2,0,1,1,1
seq06,234,easy,16,2,3,3,0,1,1,1
seq06,235,easy,16,6,2,2,0,1,1,1
seq06,236,easy,16,6,2,2,0,1,1,1
seq06,237,easy,16,3,5,5,0,1,1,1
seq06,238,easy,16,1,7,7,0,1,1,1
seq06,239,easy,16,1,7,7,0,1,1,1
seq06,240,easy,16,1,4,4,0,1,1,1
seq06,241,easy,16,1,4,4,0,1,1,1
seq06,242,easy,15,3,9,9,0,1,1,1
seq06,243,easy,15,0,5,5,0,1,1,1
seq06,244,easy,15,1,4,4,0,1,1,1
seq06,245,easy,15,3,5,5,0,1,1,1
seq06,246,easy,15,5,3,3,0,1,1,1
seq06,247,easy,15,1,4,4,0,1,1,1
seq06,248,easy,16,3,4,4,0,1,1,1
seq06,249,easy,15,3,5,5,0,1,1,1
seq06,250,easy,15,5,3,3,0,1,1,1
seq06,251,easy,15,3,5,5,0,1,1,1
seq06,252,easy,15,2,4,4,0,1,1,1
seq06,253,hard,17,4,6,6,0,1,1,1
seq06,254,easy,17,7,6,6,0,1,1,1
seq06,255,hard,17,5,0,7,0,0,1,1
seq06,256,easy,17,5,7,7,0,1,1,1
seq06,257,easy,17,5,7,7,0,1,1,1
seq06,258,easy,16,5,8,8,0,1,1,1
seq06,259,easy,16,6,8,8,0,1,1,1
seq06,260,easy,16,3,6,6,0,1,1,1
seq06,261,easy,16,5,3,3,0,1,1,1
seq06,262,hard,16,7,4,4,0,1,1,1
seq06,263,easy,17,10,4,4,0,1,1,1
seq06,264,hard,17,9,7,7,0,1,1,1
seq06,265,easy,16,9,8,8,0,1,1,1
seq06,266,easy,16,9,8,8,0,1,1,1
seq06,267,easy,16,9,4,4,0,1,1,1
seq06,268,easy,16,9,4,4,0,1,1,1
seq06,269,easy,16,10,6,6,0,1,1,1
seq06,270,easy,16,9,7,7,0,1,1,1
seq06,271,easy,15,7,8,8,0,1,1,1
seq06,272,hard,15,10,8,8,0,1,1,1
seq06,273,easy,16,11,3,3,0,1,1,1
seq06,274,easy,16,10,2,2,0,1,1,1
seq06,275,easy,15,8,0,0,0,1,1,1
seq06,276,easy,15,4,5,5,0,1,1,1
seq06,277,easy,15,5,3,3,0,1,1,1
seq06,278,easy,15,7,3,3,0,1,1,1
seq06,279,hard,15,8,5,5,0,1,1,1
seq06,280,easy,15,6,2,2,0,1,1,1
seq06,281,easy,15,7,1,1,0,1,1,1
seq06,282,easy,15,11,2,2,0,1,1,1
seq06,283,easy,15,7,5,5,0,1,1,1
seq06,284,hard,15,8,3,5,0,0,1,1
seq06,285,easy,15,8,5,5,0,1,1,1
seq06,286,easy,15,10,4,4,0,1,1,1
seq06,287,easy,15,7,4,4,0,1,1,1
seq06,288,hard,15,8,5,5,0,1,1,1
seq06,289,hard,15,3,0,9,0,0,1,1
seq06,290,easy,15,6,7,7,0,1,1,1
seq06,291,easy,15,3,8,8,0,1,1,1
seq06,292,easy,15,3,7,7,0,1,1,1
seq06,293,hard,15,1,5,5,0,1,1,1
seq06,294,easy,15,1,5,5,0,1,1,1
seq06,295,hard,15,3,5,5,0,1,1,1
seq06,296,easy,16,4,5,5,0,1,1,1
seq06,297,easy,16,4,7,7,0,1,1,1
seq06,298,easy,15,5,7,7,0,1,1,1
seq06,299,easy,15,5,3,3,0,1,1,1
seq06,300,easy,15,1,6,6,0,1,1,1
seq06,301,hard,15,0,5,5,0,1,1,1
seq06,302,easy,15,0,6,6,0,1,1,1
seq06,303,hard,16,0,7,7,0,1,1,1
seq06,304,easy,15,0,9,9,0,1,1,1
seq06,305,hard,15,0,7,7,0,1,1,1
seq06,306,easy,15,2,6,6,0,1,1,1
seq06,307,easy,15,2,6,6,0,1,1,1
seq06,308,easy,15,4,2,2,0,1,1,1
seq06,309,easy,15,1,4,4,0,1,1,1
seq06,310,hard,15,5,0,2,0,0,1,1
seq06,311,easy,15,2,7,7,0,1,1,1
seq06,312,hard,15,3,9,9,0,1,1,1
seq06,313,easy,15,6,7,7,0,1,1,1
seq06,314,easy,15,4,7,7,0,1,1,1
seq06,315,easy,15,8,6,6,0,1,1,1
seq06,316,easy,15,4,6,6,0,1,1,1
seq06,317,easy,15,7,6,6,0,1,1,1
seq06,318,easy,15,5,9,9,0,1,1,1
seq06,319,hard,17,5,6,6,0,1,1,1
seq06,320,easy,17,5,7,7,0,1,1,1
seq06,321,easy,17,5,8,8,0,1,1,1
seq06,322,hard,17,6,0,9,0,0,1,1
seq06,323,easy,17,4,7,7,0,1,1,1
seq06,324,easy,16,4,7,7,0,1,1,1
seq06,325,easy,15,3,6,6,0,1,1,1
seq06,326,hard,14,3,2,2,0,1,1,1
seq06,327,easy,15,4,2,2,0,1,1,1
seq06,328,hard,15,3,2,2,0,1,1,1
seq06,329,easy,14,4,2,2,0,1,1,1
seq06,330,easy,14,3,2,2,0,1,1,1
seq06,331,easy,15,6,1,1,0,1,1,1
seq06,332,easy,14,3,1,1,0,1,1,1
seq06,333,easy,14,2,0,0,0,1,1,1
seq06,334,easy,15,4,1,1,0,1,1,1
seq06,335,easy,15,4,1,1,0,1,1,1
seq06,336,easy,16,5,2,2,0,1,1,1
seq06,337,easy,14,6,0,0,0,1,1,1
seq06,338,easy,14,10,1,1,0,1,1,1
seq06,339,easy,15,8,2,2,0,1,1,1
seq06,340,easy,15,9,1,1,0,1,1,1
seq06,341,hard,14,10,3,3,0,1,1,1
seq06,342,easy,14,6,2,2,0,1,1,1
seq06,343,easy,15,7,4,4,0,1,1,1
seq06,344,easy,16,12,4,4,0,1,1,1
seq06,345,easy,15,12,4,4,0,1,1,1
seq06,346,easy,16,10,1,1,0,1,1,1
seq06,347,easy,16,6,2,2,0,1,1,1
seq06,348,easy,16,9,1,1,0,1,1,1
seq06,349,easy,15,5,1,1,0,1,1,1
seq06,350,hard,15,0,2,2,0,1,1,1
seq06,351,easy,15,6,1,1,0,1,1,1
seq06,352,easy,15,7,2,2,0,1,1,1
seq06,353,easy,15,6,1,1,0,1,1,1
seq06,354,easy,16,2,0,0,0,1,1,1
seq06,355,easy,16,2,0,0,0,1,1,1
seq06,356,easy,16,2,1,1,0,1,1,1
seq06,357,easy,16,2,1,1,0,1,1,1
seq06,358,easy,17,2,1,1,0,1,1,1
seq06,359,hard,16,4,1,1,0,1,1,1
seq06,360,easy,17,1,3,3,0,1,1,1
seq06,361,easy,16,2,1,1,0,1,1,1
seq06,362,hard,16,2,0,0,0,1,1,1
seq06,363,easy,16,2,1,1,0,1,1,1
seq06,364,easy,16,0,2,2,0,1,1,1
seq06,365,easy,16,2,0,0,0,1,1,1
seq06,366,easy,16,2,1,1,0,1,1,1
seq06,367,easy,16,3,1,1,0,1,1,1
seq06,368,easy,16,8,0,0,0,1,1,1
seq06,369,easy,17,11,1,1,0,1,1,1
seq06,370,easy,16,11,1,1,0,1,1,1
seq06,371,easy,16,9,0,0,0,1,1,1
seq06,372,hard,16,6,0,0,0,1,1,1
seq06,373,easy,16,9,0,0,0,1,1,1
seq06,374,easy,17,7,0,0,0,1,1,1
seq06,375,easy,16,6,0,0,0,1,1,1
seq06,376,easy,16,5,0,0,0,1,1,1
seq06,377,easy,16,6,-1,0,0,0,1,0
seq06,378,easy,16,4,0,0,0,1,1,1
seq06,379,easy,17,1,5,5,0,1,1,1
seq06,380,easy,17,4,2,2,0,1,1,1
seq06,381,hard,17,1,5,5,0,1,1,1
seq06,382,hard,15,1,9,9,0,1,1,1
seq06,383,hard,17,4,5,2,0,0,1,1
seq06,384,easy,17,4,1,1,0,1,1,1
seq06,385,easy,17,7,1,1,0,1,1,1
seq06,386,easy,17,2,6,6,0,1,1,1
seq06,387,easy,17,6,3,3,0,1,1,1
seq06,388,hard,16,5,1,1,0,1,1,1
seq06,389,hard,17,2,4,4,0,1,1,1
seq06,390,hard,17,1,5,5,0,1,1,1
seq06,391,hard,17,2,1,1,0,1,1,1
seq06,392,easy,17,5,2,2,0,1,1,1
seq06,393,hard,17,8,1,1,0,1,1,1
seq06,394,easy,17,8,2,2,0,1,1,1
seq06,395,easy,17,3,0,0,0,1,1,1
seq06,396,hard,17,3,1,1,0,1,1,1
seq06,397,hard,17,3,5,0,0,0,1,1
seq06,398,hard,17,2,0,0,0,1,1,1
seq06,399,easy,17,2,0,0,0,1,1,1
seq07,0,hard,5,0,0,4,0,0,1,1
seq07,1,hard,5,0,4,4,0,1,1,1
seq07,2,easy,5,1,3,3,0,1,1,1
seq07,3,hard,5,1,1,4,0,0,1,1
seq07,4,hard,5,1,1,4,0,0,1,1
seq07,5,hard,5,1,1,2,0,0,1,1
seq07,6,easy,5,1,4,4,0,1,1,1
seq07,7,easy,5,1,3,3,0,1,1,1
seq07,8,easy,5,1,4,4,0,1,1,1
seq07,9,hard,5,1,4,4,0,1,1,1
seq07,10,hard,4,2,2,-1,0,0,0,1
seq07,11,hard,4,1,1,-1,0,0,0,1
seq07,12,easy,5,1,3,3,0,1,1,1
seq07,13,hard,5,-1,3,2,0,0,1,1
seq07,14,hard,4,-1,2,2,0,1,1,1
seq07,15,hard,5,-1,3,3,0,1,1,1
seq07,16,hard,5,-1,3,3,0,1,1,1
seq07,17,easy,3,-1,-1,-1,0,0,0,0
seq07,18,hard,4,-1,1,2,0,0,1,1
seq07,19,easy,4,-1,2,2,0,1,1,1
seq07,20,easy,4,-1,2,2,0,1,1,1
seq07,21,easy,5,-1,2,2,0,1,1,1
seq07,22,hard,5,-1,3,3,0,1,1,1
seq07,23,easy,5,-1,2,2,0,1,1,1
seq07,24,easy,6,-1,3,3,0,1,1,1
seq07,25,hard,6,-1,2,4,0,0,1,1
seq07,26,hard,4,-1,1,2,0,0,1,1
seq07,27,hard,4,-1,2,2,0,1,1,1
seq07,28,easy,4,-1,1,1,0,1,1,1
seq07,29,hard,4,-1,2,1,0,0,1,1
seq07,30,easy,5,-1,0,0,0,1,1,1
seq07,31,easy,5,-1,1,1,0,1,1,1
seq07,32,easy,5,-1,1,1,0,1,1,1
seq07,33,hard,5,-1,0,0,0,1,1,1
seq07,34,easy,5,-1,2,2,0,1,1,1
seq07,35,easy,5,-1,1,1,0,1,1,1
seq07,36,easy,5,-1,1,1,0,1,1,1
seq07,37,hard,4,-1,1,1,0,1,1,1
seq07,38,hard,4,-1,0,0,0,1,1,1
seq07,39,easy,3,-1,2,2,0,1,1,1
seq07,40,easy,3,-1,1,1,0,1,1,1
seq07,41,easy,3,-1,2,2,0,1,1,1
seq07,42,hard,3,-1,0,0,0,1,1,1
seq07,43,hard,3,-1,1,1,0,1,1,1
seq07,44,hard,3,-1,2,2,0,1,1,1
seq07,45,hard,4,-1,1,1,0,1,1,1
seq07,46,easy,4,-1,0,0,0,1,1,1
seq07,47,hard,4,-1,2,2,0,1,1,1
seq07,48,hard,4,-1,2,2,0,1,1,1
seq07,49,hard,4,-1,1,1,0,1,1,1
seq07,50,easy,4,-1,2,2,0,1,1,1
seq07,51,easy,4,-1,1,1,0,1,1,1
seq07,52,hard,4,-1,0,0,0,1,1,1
seq07,53,hard,3,-1,2,2,0,1,1,1
seq07,54,hard,4,-1,1,1,0,1,1,1
seq07,55,hard,4,-1,2,2,0,1,1,1
seq07,56,hard,3,-1,2,0,0,0,1,1
seq07,57,hard,4,-1,2,2,0,1,1,1
seq07,58,hard,3,-1,1,1,0,1,1,1
seq07,59,hard,4,-1,2,2,0,1,1,1
seq07,60,hard,3,-1,0,-1,0,0,0,1
seq07,61,hard,3,-1,1,1,0,1,1,1
seq07,62,hard,3,-1,0,0,0,1,1,1
seq07,63,hard,3,-1,0,0,0,1,1,1
seq07,64,hard,3,-1,0,0,0,1,1,1
seq07,65,easy,3,-1,-1,0,0,0,1,0
seq07,66,hard,3,-1,1,-1,0,0,0,1
seq07,67,hard,3,-1,0,0,0,1,1,1
seq07,68,hard,4,-1,1,1,0,1,1,1
seq07,69,easy,3,-1,0,0,0,1,1,1
seq07,70,hard,4,-1,1,1,0,1,1,1
seq07,71,hard,4,-1,3,0,0,1,1,1
seq07,72,hard,3,-1,0,0,0,1,1,1
seq07,73,easy,3,-1,2,2,0,1,1,1
seq07,74,hard,3,-1,0,0,0,1,1,1
seq07,75,hard,3,-1,0,0,0,1,1,1
seq07,76,hard,3,-1,0,0,0,1,1,1
seq07,77,hard,3,-1,0,0,0,1,1,1
seq07,78,hard,3,-1,2,0,0,0,1,1
seq07,79,hard,3,-1,0,0,0,1,1,1
seq07,80,hard,3,-1,0,0,0,1,1,1
seq07,81,hard,3,-1,0,0,0,1,1,1
seq07,82,hard,3,-1,0,0,0,1,1,1
seq07,83,hard,3,-1,0,0,0,1,1,1
seq07,84,easy,3,-1,-1,1,0,0,1,0
seq07,85,hard,3,-1,0,0,0,1,1,1
seq07,86,hard,3,-1,0,0,0,1,1,1
seq07,87,hard,3,-1,0,0,0,1,1,1
seq07,88,hard,3,-1,1,1,0,1,1,1
seq07,89,hard,3,-1,1,0,0,0,1,1
seq07,90,hard,3,-1,0,0,0,1,1,1
seq07,91,hard,3,-1,0,0,0,1,1,1
seq07,92,hard,4,-1,0,0,0,1,1,1
seq07,93,hard,4,-1,1,1,0,1,1,1
seq07,94,hard,4,-1,0,0,0,1,1,1
seq07,95,hard,3,-1,1,1,0,1,1,1
seq07,96,hard,3,-1,0,0,0,1,1,1
seq07,97,hard,3,-1,0,0,0,1,1,1
seq07,98,hard,4,-1,0,0,0,1,1,1
seq07,99,hard,3,-1,0,0,0,1,1,1
seq07,100,hard,3,-1,0,0,0,1,1,1
seq07,101,hard,3,-1,2,1,0,0,1,1
seq07,102,hard,3,-1,0,0,0,1,1,1
seq07,103,hard,3,-1,0,0,0,1,1,1
seq07,104,hard,3,-1,0,0,0,1,1,1
seq07,105,hard,3,-1,1,1,0,1,1,1
seq07,106,hard,3,-1,0,0,0,1,1,1
seq07,107,hard,3,-1,0,0,0,1,1,1
seq07,108,hard,3,-1,1,0,0,0,1,1
seq07,109,hard,3,-1,1,0,0,0,1,1
seq07,110,hard,3,-1,0,0,0,1,1,1
seq07,111,hard,3,-1,0,0,0,1,1,1
seq07,112,hard,4,-1,2,0,0,0,1,1
seq07,113,hard,4,-1,0,0,0,1,1,1
seq07,114,hard,4,-1,0,0,0,1,1,1
seq07,115,hard,4,-1,0,0,0,1,1,1
seq07,116,hard,4,-1,0,0,0,1,1,1
seq07,117,hard,4,-1,0,0,0,1,1,1
seq07,118,hard,3,-1,0,0,0,1,1,1
seq07,119,hard,3,-1,0,0,0,1,1,1
seq07,120,hard,3,-1,0,0,0,1,1,1
seq07,121,hard,3,-1,2,0,0,0,1,1
seq07,122,hard,3,-1,0,0,0,1,1,1
seq07,123,hard,3,-1,0,0,0,1,1,1
seq07,124,hard,3,-1,0,0,0,1,1,1
seq07,125,hard,3,-1,0,0,0,1,1,1
seq07,126,hard,3,-1,1,1,0,1,1,1
seq07,127,hard,3,-1,1,1,0,1,1,1
seq07,128,hard,3,-1,1,1,0,1,1,1
seq07,129,hard,3,-1,0,0,0,1,1,1
seq07,130,easy,4,-1,1,1,0,1,1,1
seq07,131,hard,5,-1,0,0,0,1,1,1
seq07,132,hard,4,-1,0,0,0,1,1,1
seq07,133,hard,3,-1,0,0,0,1,1,1
seq07,134,easy,5,-1,0,0,0,1,1,1
seq07,135,easy,5,-1,0,0,0,1,1,1
seq07,136,hard,5,-1,0,0,0,1,1,1
seq07,137,hard,5,-1,0,0,0,1,1,1
seq07,138,hard,4,-1,0,0,0,1,1,1
seq07,139,easy,4,-1,0,0,0,1,1,1
seq07,140,easy,4,-1,0,0,0,1,1,1
seq07,141,easy,4,-1,0,0,0,1,1,1
seq07,142,hard,4,-1,0,0,0,1,1,1
seq07,143,easy,4,-1,0,0,0,1,1,1
seq07,144,easy,4,-1,0,0,0,1,1,1
seq07,145,easy,4,-1,0,0,0,1,1,1
seq07,146,hard,4,-1,0,0,0,1,1,1
seq07,147,easy,4,-1,0,0,0,1,1,1
seq07,148,easy,4,-1,0,0,0,1,1,1
seq07,149,hard,5,-1,0,0,0,1,1,1
seq07,150,hard,5,-1,0,0,0,1,1,1
seq07,151,easy,5,-1,0,0,0,1,1,1
seq07,152,easy,5,-1,0,0,0,1,1,1
seq07,153,hard,5,-1,0,0,0,1,1,1
seq07,154,hard,4,-1,0,0,0,1,1,1
seq07,155,hard,4,-1,0,0,0,1,1,1
seq07,156,easy,4,-1,0,0,0,1,1,1
seq07,157,hard,5,-1,0,0,0,1,1,1
seq07,158,hard,5,-1,0,0,0,1,1,1
seq07,159,easy,5,-1,0,0,0,1,1,1
seq07,160,easy,5,-1,0,0,0,1,1,1
seq07,161,easy,5,-1,0,0,0,1,1,1
seq07,162,easy,5,-1,0,0,0,1,1,1
seq07,163,easy,5,-1,0,0,0,1,1,1
seq07,164,easy,5,-1,0,0,0,1,1,1
seq07,165,easy,5,-1,0,0,0,1,1,1
seq07,166,hard,5,-1,0,0,0,1,1,1
seq07,167,hard,5,-1,0,0,0,1,1,1
seq07,168,hard,5,-1,0,0,0,1,1,1
seq07,169,hard,5,-1,0,0,0,1,1,1
seq07,170,easy,5,-1,0,0,0,1,1,1
seq07,171,hard,5,-1,3,1,0,0,1,1
seq07,172,easy,5,-1,1,1,0,1,1,1
seq07,173,hard,5,-1,0,0,0,1,1,1
seq07,174,hard,4,-1,2,2,0,1,1,1
seq07,175,easy,5,-1,1,1,0,1,1,1
seq07,176,easy,5,-1,1,1,0,1,1,1
seq07,177,hard,4,-1,2,2,0,1,1,1
seq07,178,easy,4,-1,2,2,0,1,1,1
seq07,179,easy,4,-1,2,2,0,1,1,1
seq07,180,easy,4,-1,2,2,0,1,1,1
seq07,181,easy,4,-1,2,2,0,1,1,1
seq07,182,hard,5,-1,1,1,0,1,1,1
seq07,183,easy,4,-1,1,1,0,1,1,1
seq07,184,easy,4,-1,0,0,0,1,1,1
seq07,185,easy,4,-1,0,0,0,1,1,1
seq07,186,easy,4,-1,2,2,0,1,1,1
seq07,187,easy,4,-1,2,2,0,1,1,1
seq07,188,easy,4,-1,2,2,0,1,1,1
seq07,189,hard,4,-1,2,2,0,1,1,1
seq07,190,hard,4,-1,2,2,0,1,1,1
seq07,191,easy,4,-1,2,2,0,1,1,1
seq07,192,easy,4,-1,2,2,0,1,1,1
seq07,193,hard,4,-1,2,2,0,1,1,1
seq07,194,hard,3,-1,2,2,0,1,1,1
seq07,195,hard,4,-1,2,2,0,1,1,1
seq07,196,hard,4,-1,2,2,0,1,1,1
seq07,197,easy,4,-1,2,2,0,1,1,1
seq07,198,easy,4,-1,2,2,0,1,1,1
seq07,199,hard,5,-1,2,2,0,1,1,1
seq07,200,hard,5,-1,2,2,0,1,1,1
seq07,201,easy,4,-1,2,2,0,1,1,1
seq07,202,easy,4,-1,2,2,0,1,1,1
seq07,203,easy,4,-1,2,2,0,1,1,1
seq07,204,hard,4,-1,2,2,0,1,1,1
seq07,205,hard,4,-1,2,2,0,1,1,1
seq07,206,hard,4,-1,2,2,0,1,1,1
seq07,207,hard,4,-1,2,2,0,1,1,1
seq07,208,hard,4,-1,2,2,0,1,1,1
seq07,209,hard,4,-1,2,2,0,1,1,1
seq07,210,hard,4,-1,2,2,0,1,1,1
seq07,211,hard,4,-1,2,2,0,1,1,1
seq07,212,hard,4,-1,2,2,0,1,1,1
seq07,213,easy,5,-1,0,0,0,1,1,1
seq07,214,easy,5,-1,0,0,0,1,1,1
seq07,215,easy,5,-1,0,0,0,1,1,1
seq07,216,easy,5,-1,0,0,0,1,1,1
seq07,217,easy,5,-1,0,0,0,1,1,1
seq07,218,easy,5,-1,0,0,0,1,1,1
seq07,219,easy,6,-1,0,0,0,1,1,1
seq07,220,easy,6,-1,0,0,0,1,1,1
seq07,221,easy,6,-1,0,0,0,1,1,1
seq07,222,easy,6,-1,0,0,0,1,1,1
seq07,223,easy,5,-1,0,0,0,1,1,1
seq07,224,hard,5,-1,2,0,0,0,1,1
seq07,225,hard,5,-1,0,0,0,1,1,1
seq07,226,easy,5,-1,0,0,0,1,1,1
seq07,227,easy,5,-1,0,0,0,1,1,1
seq07,228,easy,4,-1,0,0,0,1,1,1
seq07,229,easy,4,-1,0,0,0,1,1,1
seq07,230,easy,4,-1,0,0,0,1,1,1
seq07,231,easy,4,-1,0,0,0,1,1,1
seq07,232,easy,4,-1,0,0,0,1,1,1
seq07,233,easy,4,-1,0,0,0,1,1,1
seq07,234,easy,4,-1,0,0,0,1,1,1
seq07,235,easy,4,-1,1,1,0,1,1,1
seq07,236,easy,4,-1,0,0,0,1,1,1
seq07,237,easy,4,-1,0,0,0,1,1,1
seq07,238,easy,4,-1,0,0,0,1,1,1
seq07,239,easy,4,-1,0,0,0,1,1,1
seq07,240,easy,4,-1,0,0,0,1,1,1
seq07,241,easy,4,-1,0,0,0,1,1,1
seq07,242,easy,5,-1,2,2,0,1,1,1
seq07,243,hard,5,-1,0,0,0,1,1,1
seq07,244,easy,5,-1,0,0,0,1,1,1
seq07,245,easy,5,-1,0,0,0,1,1,1
seq07,246,easy,5,-1,0,0,0,1,1,1
seq07,247,easy,4,-1,2,2,0,1,1,1
seq07,248,easy,4,-1,1,1,0,1,1,1
seq07,249,easy,4,-1,1,1,0,1,1,1
seq07,250,easy,5,-1,2,2,0,1,1,1
seq07,251,easy,5,-1,2,2,0,1,1,1
seq07,252,easy,5,-1,2,2,0,1,1,1
seq07,253,easy,5,-1,2,2,0,1,1,1
seq07,254,easy,4,-1,2,2,0,1,1,1
seq07,255,easy,4,-1,1,1,0,1,1,1
seq07,256,easy,4,-1,0,0,0,1,1,1
seq07,257,easy,4,-1,2,2,0,1,1,1
seq07,258,easy,4,-1,2,2,0,1,1,1
seq07,259,hard,4,-1,1,1,0,1,1,1
seq07,260,easy,5,-1,3,3,0,1,1,1
seq07,261,hard,4,-1,1,1,0,1,1,1
seq07,262,easy,6,-1,1,1,0,1,1,1
seq07,263,easy,5,-1,2,2,0,1,1,1
seq07,264,easy,5,-1,1,1,0,1,1,1
seq07,265,easy,7,-1,3,3,0,1,1,1
seq07,266,easy,5,-1,1,1,0,1,1,1
seq07,267,easy,5,-1,0,0,0,1,1,1
seq07,268,easy,5,-1,2,2,0,1,1,1
seq07,269,easy,5,-1,0,0,0,1,1,1
seq07,270,easy,4,-1,1,1,0,1,1,1
seq07,271,easy,5,-1,3,3,0,1,1,1
seq07,272,easy,4,-1,1,1,0,1,1,1
seq07,273,hard,4,-1,0,0,0,1,1,1
seq07,274,easy,4,-1,0,0,0,1,1,1
seq07,275,easy,5,-1,1,1,0,1,1,1
seq07,276,easy,5,-1,1,1,0,1,1,1
seq07,277,easy,4,-1,2,2,0,1,1,1
seq07,278,easy,4,-1,1,1,0,1,1,1
seq07,279,easy,4,-1,0,0,0,1,1,1
seq07,280,easy,5,-1,0,0,0,1,1,1
seq07,281,easy,5,-1,0,0,0,1,1,1
seq07,282,easy,4,-1,1,1,0,1,1,1
seq07,283,easy,4,-1,1,1,0,1,1,1
seq07,284,easy,4,-1,1,1,0,1,1,1
seq07,285,easy,4,-1,1,1,0,1,1,1
seq07,286,easy,4,-1,1,1,0,1,1,1
seq07,287,easy,4,-1,2,2,0,1,1,1
seq07,288,easy,5,-1,1,1,0,1,1,1
seq07,289,easy,6,-1,0,0,0,1,1,1
seq07,290,easy,6,-1,1,1,0,1,1,1
seq07,291,easy,5,-1,1,1,0,1,1,1
seq07,292,easy,5,-1,1,1,0,1,1,1
seq07,293,easy,5,-1,1,1,0,1,1,1
seq07,294,easy,5,-1,1,1,0,1,1,1
seq07,295,easy,5,-1,1,1,0,1,1,1
seq07,296,easy,5,-1,1,1,0,1,1,1
seq07,297,hard,5,-1,1,1,0,1,1,1
seq07,298,hard,5,-1,2,2,0,1,1,1
seq07,299,easy,4,-1,0,0,0,1,1,1
seq07,300,easy,4,-1,1,1,0,1,1,1
seq07,301,easy,4,-1,1,1,0,1,1,1
seq07,302,hard,5,-1,0,0,0,1,1,1
seq07,303,easy,5,-1,0,0,0,1,1,1
seq07,304,easy,5,-1,1,1,0,1,1,1
seq07,305,easy,4,-1,0,0,0,1,1,1
seq07,306,easy,5,-1,0,0,0,1,1,1
seq07,307,easy,5,-1,0,0,0,1,1,1
seq07,308,hard,5,-1,0,0,0,1,1,1
seq07,309,easy,4,-1,0,0,0,1,1,1
seq07,310,easy,4,-1,0,0,0,1,1,1
seq07,311,easy,4,-1,0,0,0,1,1,1
seq07,312,easy,4,-1,0,0,0,1,1,1
seq07,313,easy,4,-1,0,0,0,1,1,1
seq07,314,hard,4,-1,0,0,0,1,1,1
seq07,315,easy,4,-1,0,0,0,1,1,1
seq07,316,easy,4,-1,0,0,0,1,1,1
seq07,317,easy,4,-1,0,0,0,1,1,1
seq07,318,easy,4,-1,0,0,0,1,1,1
seq07,319,easy,4,-1,0,0,0,1,1,1
seq07,320,easy,4,-1,0,0,0,1,1,1
seq07,321,hard,5,-1,0,0,0,1,1,1
seq07,322,easy,4,-1,0,0,0,1,1,1
seq07,323,hard,5,-1,0,0,0,1,1,1
seq07,324,easy,4,-1,0,0,0,1,1,1
seq07,325,easy,4,-1,0,0,0,1,1,1
seq07,326,easy,4,-1,2,2,0,1,1,1
seq07,327,hard,4,-1,1,1,0,1,1,1
seq07,328,easy,5,-1,0,0,0,1,1,1
seq07,329,easy,5,-1,0,0,0,1,1,1
seq07,330,hard,6,-1,0,0,0,1,1,1
seq07,331,hard,6,-1,0,0,0,1,1,1
seq07,332,hard,5,-1,0,0,0,1,1,1
seq07,333,easy,4,-1,-1,1,0,0,1,0
seq07,334,hard,6,-1,1,1,0,1,1,1
seq07,335,hard,5,-1,1,1,0,1,1,1
seq07,336,easy,5,-1,1,1,0,1,1,1
seq07,337,hard,5,-1,1,1,0,1,1,1
seq07,338,hard,5,-1,1,1,0,1,1,1
seq07,339,easy,5,-1,1,1,0,1,1,1
seq07,340,easy,5,-1,1,1,0,1,1,1
seq07,341,hard,6,-1,1,1,0,1,1,1
seq07,342,hard,5,-1,1,1,0,1,1,1
seq07,343,hard,5,-1,1,1,0,1,1,1
seq07,344,hard,5,-1,1,1,0,1,1,1
seq07,345,easy,5,-1,1,1,0,1,1,1
seq07,346,hard,5,-1,0,0,0,1,1,1
seq07,347,hard,5,-1,1,1,0,1,1,1
seq07,348,easy,5,-1,1,1,0,1,1,1
seq07,349,easy,5,-1,0,0,0,1,1,1
seq07,350,hard,6,-1,0,0,0,1,1,1
seq07,351,hard,5,-1,1,0,0,0,1,1
seq07,352,hard,5,-1,1,1,0,1,1,1
seq07,353,easy,5,-1,0,0,0,1,1,1
seq07,354,easy,5,-1,1,1,0,1,1,1
seq07,355,hard,5,-1,1,1,0,1,1,1
seq07,356,easy,5,-1,1,1,0,1,1,1
seq07,357,hard,5,-1,1,1,0,1,1,1
seq07,358,hard,5,-1,1,1,0,1,1,1
seq07,359,easy,5,-1,0,0,0,1,1,1
seq07,360,hard,5,-1,1,1,0,1,1,1
seq07,361,hard,5,-1,3,1,0,0,1,1
seq07,362,easy,5,-1,2,2,0,1,1,1
seq07,363,hard,6,-1,2,3,0,0,1,1
seq07,364,hard,5,-1,2,2,0,1,1,1
seq07,365,easy,5,-1,2,2,0,1,1,1
seq07,366,easy,5,-1,2,2,0,1,1,1
seq07,367,hard,5,-1,1,1,0,1,1,1
seq07,368,easy,5,-1,1,1,0,1,1,1
seq07,369,hard,5,-1,1,1,0,1,1,1
seq07,370,hard,4,-1,1,1,0,1,1,1
seq07,371,easy,4,-1,1,1,0,1,1,1
seq07,372,hard,5,-1,1,1,0,1,1,1
seq07,373,easy,6,-1,1,1,0,1,1,1
seq07,374,easy,6,-1,0,0,0,1,1,1
seq07,375,easy,5,-1,1,1,0,1,1,1
seq07,376,easy,4,-1,0,0,0,1,1,1
seq07,377,hard,4,-1,3,0,0,0,1,1
seq07,378,hard,5,-1,0,0,0,1,1,1
seq07,379,easy,5,-1,0,0,0,1,1,1
seq07,380,hard,5,-1,0,0,0,1,1,1
seq07,381,easy,4,-1,0,0,0,1,1,1
seq07,382,easy,5,-1,0,0,0,1,1,1
seq07,383,easy,4,-1,0,0,0,1,1,1
seq07,384,easy,6,-1,0,0,0,1,1,1
seq07,385,hard,6,-1,1,0,0,0,1,1
seq07,386,easy,5,-1,0,0,0,1,1,1
seq07,387,easy,6,-1,0,0,0,1,1,1
seq07,388,easy,5,-1,0,0,0,1,1,1
seq07,389,easy,5,-1,0,0,0,1,1,1
seq07,390,easy,6,-1,0,0,0,1,1,1
seq07,391,easy,5,-1,0,0,0,1,1,1
seq07,392,hard,6,-1,0,0,0,1,1,1
seq07,393,easy,6,-1,0,0,0,1,1,1
seq07,394,hard,6,-1,0,0,0,1,1,1
seq07,395,easy,6,-1,0,0,0,1,1,1
seq07,396,easy,6,-1,0,0,0,1,1,1
seq07,397,hard,6,-1,0,0,0,1,1,1
seq07,398,hard,6,-1,0,0,0,1,1,1
seq07,399,hard,6,-1,0,0,0,1,1,1
seq08,0,easy,9,0,1,1,0,1,1,1
seq08,1,easy,8,0,1,1,0,1,1,1
seq08,2,easy,9,0,-1,1,0,0,1,0
seq08,3,easy,7,0,1,1,0,1,1,1
seq08,4,easy,8,0,2,2,0,1,1,1
seq08,5,easy,8,0,2,2,0,1,1,1
seq08,6,easy,9,0,2,2,0,1,1,1
seq08,7,easy,8,1,0,0,0,1,1,1
seq08,8,easy,7,0,2,2,0,1,1,1
seq08,9,easy,8,0,1,1,0,1,1,1
seq08,10,easy,8,0,1,1,0,1,1,1
seq08,11,easy,8,0,2,2,0,1,1,1
seq08,12,easy,9,0,1,1,0,1,1,1
seq08,13,easy,10,0,2,2,0,1,1,1
seq08,14,easy,10,0,2,2,0,1,1,1
seq08,15,easy,7,0,2,2,0,1,1,1
seq08,16,easy,7,0,2,2,0,1,1,1
seq08,17,easy,8,0,2,2,0,1,1,1
seq08,18,easy,9,1,2,2,0,1,1,1
seq08,19,easy,9,0,2,2,0,1,1,1
seq08,20,easy,9,0,2,2,0,1,1,1
seq08,21,easy,9,0,2,2,0,1,1,1
seq08,22,easy,10,0,2,2,0,1,1,1
seq08,23,easy,9,1,0,0,0,1,1,1
seq08,24,easy,9,1,-1,0,0,0,1,0
seq08,25,easy,9,0,1,1,0,1,1,1
seq08,26,easy,9,1,0,0,0,1,1,1
seq08,27,easy,9,1,0,0,0,1,1,1
seq08,28,easy,9,0,1,1,0,1,1,1
seq08,29,easy,9,1,0,0,0,1,1,1
seq08,30,easy,8,-1,0,0,0,1,1,1
seq08,31,easy,9,-1,0,0,0,1,1,1
seq08,32,easy,8,-1,1,1,0,1,1,1
seq08,33,easy,10,-1,0,0,0,1,1,1
seq08,34,easy,9,-1,1,1,0,1,1,1
seq08,35,easy,9,-1,1,1,0,1,1,1
seq08,36,easy,7,-1,1,1,0,1,1,1
seq08,37,easy,7,-1,1,1,0,1,1,1
seq08,38,easy,7,-1,0,0,0,1,1,1
seq08,39,easy,7,-1,-1,1,0,0,1,0
seq08,40,easy,6,-1,1,1,0,1,1,1
seq08,41,easy,7,-1,0,0,0,1,1,1
seq08,42,easy,8,-1,0,0,0,1,1,1
seq08,43,easy,8,-1,0,0,0,1,1,1
seq08,44,easy,8,-1,0,0,0,1,1,1
seq08,45,easy,9,-1,0,0,0,1,1,1
seq08,46,easy,10,-1,0,0,0,1,1,1
seq08,47,easy,8,-1,0,0,0,1,1,1
seq08,48,easy,10,-1,0,0,0,1,1,1
seq08,49,easy,10,-1,0,0,0,1,1,1
seq08,50,easy,10,-1,0,0,0,1,1,1
seq08,51,easy,10,-1,0,0,0,1,1,1
seq08,52,easy,9,-1,0,0,0,1,1,1
seq08,53,easy,10,-1,0,0,0,1,1,1
seq08,54,easy,10,-1,0,0,0,1,1,1
seq08,55,easy,9,-1,0,0,0,1,1,1
seq08,56,easy,10,-1,0,0,0,1,1,1
seq08,57,easy,10,-1,0,0,0,1,1,1
seq08,58,easy,10,-1,0,0,0,1,1,1
seq08,59,easy,10,-1,0,0,0,1,1,1
seq08,60,easy,9,-1,0,0,0,1,1,1
seq08,61,easy,9,-1,1,1,0,1,1,1
seq08,62,easy,10,-1,0,0,0,1,1,1
seq08,63,easy,8,-1,0,0,0,1,1,1
seq08,64,easy,8,-1,0,0,0,1,1,1
seq08,65,easy,10,-1,0,0,0,1,1,1
seq08,66,easy,9,-1,0,0,0,1,1,1
seq08,67,easy,9,-1,1,1,0,1,1,1
seq08,68,easy,8,-1,1,1,0,1,1,1
seq08,69,easy,8,-1,1,1,0,1,1,1
seq08,70,easy,7,-1,2,2,0,1,1,1
seq08,71,easy,8,-1,1,1,0,1,1,1
seq08,72,easy,8,-1,0,0,0,1,1,1
seq08,73,easy,8,-1,0,0,0,1,1,1
seq08,74,easy,9,-1,0,0,0,1,1,1
seq08,75,easy,9,-1,1,1,0,1,1,1
seq08,76,easy,9,-1,0,0,0,1,1,1
seq08,77,easy,9,-1,0,0,0,1,1,1
seq08,78,easy,9,-1,0,0,0,1,1,1
seq08,79,easy,9,-1,0,0,0,1,1,1
seq08,80,easy,9,-1,0,0,0,1,1,1
seq08,81,easy,9,-1,0,0,0,1,1,1
seq08,82,easy,8,-1,1,1,0,1,1,1
seq08,83,easy,9,-1,1,1,0,1,1,1
seq08,84,easy,7,-1,1,1,0,1,1,1
seq08,85,easy,7,-1,0,0,0,1,1,1
seq08,86,easy,9,-1,2,2,0,1,1,1
seq08,87,easy,7,-1,2,2,0,1,1,1
seq08,88,easy,7,-1,2,2,0,1,1,1
seq08,89,easy,7,-1,2,2,0,1,1,1
seq08,90,easy,10,-1,2,2,0,1,1,1
seq08,91,easy,9,-1,2,2,0,1,1,1
seq08,92,easy,10,-1,1,1,0,1,1,1
seq08,93,easy,10,-1,2,2,0,1,1,1
seq08,94,easy,9,-1,2,2,0,1,1,1
seq08,95,easy,9,-1,1,1,0,1,1,1
seq08,96,easy,9,-1,2,2,0,1,1,1
seq08,97,easy,9,-1,2,2,0,1,1,1
seq08,98,easy,9,-1,1,1,0,1,1,1
seq08,99,easy,9,-1,2,2,0,1,1,1
seq08,100,easy,9,-1,1,1,0,1,1,1
seq08,101,easy,7,-1,1,1,0,1,1,1
seq08,102,easy,10,-1,1,1,0,1,1,1
seq08,103,easy,9,-1,1,1,0,1,1,1
seq08,104,easy,9,-1,1,1,0,1,1,1
seq08,105,easy,9,-1,1,1,0,1,1,1
seq08,106,easy,9,-1,2,2,0,1,1,1
seq08,107,easy,9,-1,1,1,0,1,1,1
seq08,108,easy,11,-1,1,1,0,1,1,1
seq08,109,easy,9,-1,1,1,0,1,1,1
seq08,110,easy,8,-1,2,2,0,1,1,1
seq08,111,easy,9,-1,1,1,0,1,1,1
seq08,112,easy,10,-1,1,1,0,1,1,1
seq08,113,easy,10,-1,1,1,0,1,1,1
seq08,114,easy,9,-1,2,2,0,1,1,1
seq08,115,easy,9,-1,1,1,0,1,1,1
seq08,116,easy,9,-1,2,2,0,1,1,1
seq08,117,easy,9,-1,1,1,0,1,1,1
seq08,118,easy,8,-1,1,1,0,1,1,1
seq08,119,easy,8,-1,-1,1,0,0,1,0
seq08,120,easy,8,-1,1,1,0,1,1,1
seq08,121,easy,9,-1,2,2,0,1,1,1
seq08,122,easy,9,-1,1,1,0,1,1,1
seq08,123,easy,8,-1,1,1,0,1,1,1
seq08,124,easy,9,-1,2,2,0,1,1,1
seq08,125,easy,8,-1,2,2,0,1,1,1
seq08,126,easy,8,-1,1,1,0,1,1,1
seq08,127,easy,9,-1,1,1,0,1,1,1
seq08,128,easy,8,-1,1,1,0,1,1,1
seq08,129,easy,9,-1,1,1,0,1,1,1
seq08,130,easy,11,-1,1,1,0,1,1,1
seq08,131,easy,9,-1,1,1,0,1,1,1
seq08,132,easy,11,-1,1,1,0,1,1,1
seq08,133,easy,8,-1,1,1,0,1,1,1
seq08,134,easy,8,-1,1,1,0,1,1,1
seq08,135,easy,8,-1,1,1,0,1,1,1
seq08,136,easy,7,-1,1,1,0,1,1,1
seq08,137,easy,8,-1,1,1,0,1,1,1
seq08,138,easy,8,-1,1,1,0,1,1,1
seq08,139,easy,9,-1,1,1,0,1,1,1
seq08,140,easy,9,-1,1,1,0,1,1,1
seq08,141,easy,10,-1,1,1,0,1,1,1
seq08,142,easy,9,-1,0,0,0,1,1,1
seq08,143,easy,9,-1,1,1,0,1,1,1
seq08,144,easy,8,-1,1,1,0,1,1,1
seq08,145,easy,9,-1,1,1,0,1,1,1
seq08,146,easy,9,-1,1,1,0,1,1,1
seq08,147,easy,8,-1,1,1,0,1,1,1
seq08,148,easy,10,-1,1,1,0,1,1,1
seq08,149,easy,10,-1,1,1,0,1,1,1
seq08,150,easy,9,-1,1,1,0,1,1,1
seq08,151,easy,8,-1,0,0,0,1,1,1
seq08,152,easy,7,-1,0,0,0,1,1,1
seq08,153,easy,8,-1,1,1,0,1,1,1
seq08,154,easy,8,-1,0,0,0,1,1,1
seq08,155,easy,9,-1,0,0,0,1,1,1
seq08,156,easy,6,-1,0,0,0,1,1,1
seq08,157,easy,6,-1,0,0,0,1,1,1
seq08,158,easy,9,-1,0,0,0,1,1,1
seq08,159,easy,10,-1,0,0,0,1,1,1
seq08,160,easy,10,-1,0,0,0,1,1,1
seq08,161,easy,10,-1,0,0,0,1,1,1
seq08,162,easy,11,-1,0,0,0,1,1,1
seq08,163,easy,10,-1,1,1,0,1,1,1
seq08,164,easy,10,-1,2,2,0,1,1,1
seq08,165,easy,11,-1,0,0,0,1,1,1
seq08,166,easy,9,-1,0,0,0,1,1,1
seq08,167,easy,11,-1,1,1,0,1,1,1
seq08,168,easy,11,-1,0,0,0,1,1,1
seq08,169,easy,12,-1,1,1,0,1,1,1
seq08,170,easy,12,-1,1,1,0,1,1,1
seq08,171,easy,11,-1,1,1,0,1,1,1
seq08,172,easy,11,-1,0,0,0,1,1,1
seq08,173,easy,12,-1,1,1,0,1,1,1
seq08,174,easy,12,-1,1,1,0,1,1,1
seq08,175,easy,12,-1,0,0,0,1,1,1
seq08,176,easy,12,-1,0,0,0,1,1,1
seq08,177,easy,12,-1,0,0,0,1,1,1
seq08,178,easy,12,-1,1,1,0,1,1,1
seq08,179,easy,12,-1,1,1,0,1,1,1
seq08,180,easy,11,-1,1,1,0,1,1,1
seq08,181,easy,10,-1,-1,0,0,0,1,0
seq08,182,easy,11,-1,0,0,0,1,1,1
seq08,183,easy,10,-1,0,0,0,1,1,1
seq08,184,easy,10,-1,-1,0,0,0,1,0
seq08,185,easy,10,-1,-1,0,0,0,1,0
seq08,186,easy,11,-1,0,0,0,1,1,1
seq08,187,easy,11,-1,0,0,0,1,1,1
seq08,188,easy,10,-1,0,0,0,1,1,1
seq08,189,easy,10,-1,0,0,0,1,1,1
seq08,190,easy,10,-1,0,0,0,1,1,1
seq08,191,easy,11,-1,1,1,0,1,1,1
seq08,192,easy,11,-1,0,0,0,1,1,1
seq08,193,easy,11,-1,0,0,0,1,1,1
seq08,194,easy,11,-1,0,0,0,1,1,1
seq08,195,easy,11,-1,0,0,0,1,1,1
seq08,196,easy,11,-1,0,0,0,1,1,1
seq08,197,easy,10,-1,0,0,0,1,1,1
seq08,198,easy,10,-1,0,0,0,1,1,1
seq08,199,easy,10,-1,0,0,0,1,1,1
seq08,200,easy,10,-1,0,0,0,1,1,1
seq08,201,easy,10,-1,1,1,0,1,1,1
seq08,202,easy,10,-1,2,2,0,1,1,1
seq08,203,easy,8,-1,1,1,0,1,1,1
seq08,204,easy,7,-1,2,2,0,1,1,1
seq08,205,easy,7,-1,1,1,0,1,1,1
seq08,206,easy,9,-1,0,0,0,1,1,1
seq08,207,easy,8,-1,2,2,0,1,1,1
seq08,208,easy,8,-1,0,0,0,1,1,1
seq08,209,easy,9,-1,0,0,0,1,1,1
seq08,210,easy,9,-1,0,0,0,1,1,1
seq08,211,easy,9,-1,0,0,0,1,1,1
seq08,212,easy,10,-1,1,1,0,1,1,1
seq08,213,easy,10,-1,0,0,0,1,1,1
seq08,214,easy,10,-1,1,1,0,1,1,1
seq08,215,easy,10,-1,0,0,0,1,1,1
seq08,216,easy,10,-1,0,0,0,1,1,1
seq08,217,easy,11,-1,0,0,0,1,1,1
seq08,218,easy,12,-1,0,0,0,1,1,1
seq08,219,easy,12,-1,0,0,0,1,1,1
seq08,220,easy,9,-1,0,0,0,1,1,1
seq08,221,easy,11,-1,0,0,0,1,1,1
seq08,222,easy,12,-1,0,0,0,1,1,1
seq08,223,easy,11,-1,0,0,0,1,1,1
seq08,224,easy,11,-1,0,0,0,1,1,1
seq08,225,easy,9,-1,0,0,0,1,1,1
seq08,226,easy,9,-1,0,0,0,1,1,1
seq08,227,easy,9,-1,0,0,0,1,1,1
seq08,228,easy,10,-1,0,0,0,1,1,1
seq08,229,easy,11,-1,0,0,0,1,1,1
seq08,230,easy,12,-1,1,1,0,1,1,1
seq08,231,easy,12,-1,0,0,0,1,1,1
seq08,232,easy,15,-1,1,1,0,1,1,1
seq08,233,easy,13,-1,1,1,0,1,1,1
seq08,234,easy,13,-1,0,0,0,1,1,1
seq08,235,easy,13,-1,1,1,0,1,1,1
seq08,236,easy,13,-1,0,0,0,1,1,1
seq08,237,easy,12,-1,0,0,0,1,1,1
seq08,238,easy,13,-1,1,1,0,1,1,1
seq08,239,easy,14,-1,0,0,0,1,1,1
seq08,240,easy,13,-1,0,0,0,1,1,1
seq08,241,easy,14,-1,2,2,0,1,1,1
seq08,242,easy,13,-1,1,1,0,1,1,1
seq08,243,easy,13,-1,0,0,0,1,1,1
seq08,244,easy,14,-1,0,0,0,1,1,1
seq08,245,easy,12,-1,0,0,0,1,1,1
seq08,246,hard,11,-1,2,2,0,1,1,1
seq08,247,easy,14,-1,1,1,0,1,1,1
seq08,248,easy,13,-1,0,0,0,1,1,1
seq08,249,easy,11,-1,0,0,0,1,1,1
seq08,250,easy,9,-1,0,0,0,1,1,1
seq08,251,easy,9,-1,0,0,0,1,1,1
seq08,252,easy,10,-1,0,0,0,1,1,1
seq08,253,easy,11,-1,1,1,0,1,1,1
seq08,254,easy,12,-1,0,0,0,1,1,1
seq08,255,easy,12,-1,0,0,0,1,1,1
seq08,256,easy,12,-1,0,0,0,1,1,1
seq08,257,easy,11,-1,0,0,0,1,1,1
seq08,258,easy,12,-1,0,0,0,1,1,1
seq08,259,easy,14,-1,0,0,0,1,1,1
seq08,260,easy,14,-1,0,0,0,1,1,1
seq08,261,easy,14,-1,0,0,0,1,1,1
seq08,262,easy,15,-1,0,0,0,1,1,1
seq08,263,easy,12,-1,0,0,0,1,1,1
seq08,264,easy,13,-1,0,0,0,1,1,1
seq08,265,easy,13,-1,0,0,0,1,1,1
seq08,266,easy,13,-1,0,0,0,1,1,1
seq08,267,easy,12,-1,0,0,0,1,1,1
seq08,268,easy,9,-1,0,0,0,1,1,1
seq08,269,easy,10,-1,0,0,0,1,1,1
seq08,270,easy,9,-1,0,0,0,1,1,1
seq08,271,easy,7,-1,1,1,0,1,1,1
seq08,272,easy,12,-1,0,0,0,1,1,1
seq08,273,easy,10,-1,1,1,0,1,1,1
seq08,274,easy,13,-1,1,1,0,1,1,1
seq08,275,easy,12,-1,2,2,0,1,1,1
seq08,276,easy,12,-1,0,0,0,1,1,1
seq08,277,easy,13,-1,2,2,0,1,1,1
seq08,278,easy,13,-1,0,0,0,1,1,1
seq08,279,easy,13,-1,0,0,0,1,1,1
seq08,280,easy,14,-1,0,0,0,1,1,1
seq08,281,easy,13,-1,0,0,0,1,1,1
seq08,282,easy,10,-1,0,0,0,1,1,1
seq08,283,easy,12,-1,0,0,0,1,1,1
seq08,284,easy,12,-1,1,1,0,1,1,1
seq08,285,easy,12,-1,0,0,0,1,1,1
seq08,286,easy,10,-1,0,0,0,1,1,1
seq08,287,easy,11,-1,0,0,0,1,1,1
seq08,288,easy,10,-1,1,1,0,1,1,1
seq08,289,easy,9,-1,1,1,0,1,1,1
seq08,290,easy,9,-1,1,1,0,1,1,1
seq08,291,easy,7,-1,0,0,0,1,1,1
seq08,292,easy,10,-1,1,1,0,1,1,1
seq08,293,easy,11,-1,1,1,0,1,1,1
seq08,294,easy,11,-1,0,0,0,1,1,1
seq08,295,easy,11,-1,1,1,0,1,1,1
seq08,296,easy,10,-1,1,1,0,1,1,1
seq08,297,easy,10,-1,1,1,0,1,1,1
seq08,298,easy,10,-1,1,1,0,1,1,1
seq08,299,easy,10,-1,1,1,0,1,1,1
seq08,300,easy,11,-1,1,1,0,1,1,1
seq08,301,easy,10,-1,1,1,0,1,1,1
seq08,302,easy,11,-1,0,0,0,1,1,1
seq08,303,easy,11,-1,0,0,0,1,1,1
seq08,304,easy,10,-1,1,1,0,1,1,1
seq08,305,easy,11,-1,1,1,0,1,1,1
seq08,306,easy,12,-1,1,1,0,1,1,1
seq08,307,easy,13,-1,0,0,0,1,1,1
seq08,308,easy,11,-1,0,0,0,1,1,1
seq08,309,easy,12,-1,-1,0,0,0,1,0
seq08,310,easy,10,-1,0,0,0,1,1,1
seq08,311,easy,11,-1,0,0,0,1,1,1
seq08,312,easy,8,-1,0,0,0,1,1,1
seq08,313,easy,10,-1,0,0,0,1,1,1
seq08,314,easy,10,-1,0,0,0,1,1,1
seq08,315,easy,9,-1,0,0,0,1,1,1
seq08,316,easy,8,-1,1,1,0,1,1,1
seq08,317,easy,8,-1,0,0,0,1,1,1
seq08,318,easy,7,-1,1,1,0,1,1,1
seq08,319,easy,4,-1,0,0,0,1,1,1
seq08,320,easy,6,-1,0,0,0,1,1,1
seq08,321,easy,7,-1,0,0,0,1,1,1
seq08,322,easy,11,-1,1,1,0,1,1,1
seq08,323,easy,10,-1,1,1,0,1,1,1
seq08,324,easy,10,-1,1,1,0,1,1,1
seq08,325,easy,10,-1,0,0,0,1,1,1
seq08,326,easy,7,-1,1,1,0,1,1,1
seq08,327,easy,8,-1,1,1,0,1,1,1
seq08,328,easy,10,-1,1,1,0,1,1,1
seq08,329,easy,10,-1,2,2,0,1,1,1
seq08,330,easy,11,-1,0,0,0,1,1,1
seq08,331,easy,11,-1,1,1,0,1,1,1
seq08,332,easy,12,-1,0,0,0,1,1,1
seq08,333,easy,10,-1,0,0,0,1,1,1
seq08,334,easy,10,-1,0,0,0,1,1,1
seq08,335,easy,10,-1,0,0,0,1,1,1
seq08,336,easy,9,-1,0,0,0,1,1,1
seq08,337,easy,9,-1,0,0,0,1,1,1
seq08,338,easy,11,-1,0,0,0,1,1,1
seq08,339,easy,11,-1,0,0,0,1,1,1
seq08,340,easy,10,-1,0,0,0,1,1,1
seq08,341,easy,9,-1,0,0,0,1,1,1
seq08,342,easy,8,-1,0,0,0,1,1,1
seq08,343,easy,9,-1,0,0,0,1,1,1
seq08,344,easy,12,-1,0,0,0,1,1,1
seq08,345,easy,12,-1,0,0,0,1,1,1
seq08,346,easy,10,-1,0,0,0,1,1,1
seq08,347,easy,10,-1,0,0,0,1,1,1
seq08,348,easy,11,-1,0,0,0,1,1,1
seq08,349,easy,10,-1,0,0,0,1,1,1
seq08,350,easy,9,-1,0,0,0,1,1,1
seq08,351,easy,10,-1,0,0,0,1,1,1
seq08,352,easy,10,-1,0,0,0,1,1,1
seq08,353,easy,10,-1,0,0,0,1,1,1
seq08,354,easy,10,-1,0,0,0,1,1,1
seq08,355,easy,10,-1,0,0,0,1,1,1
seq08,356,easy,10,-1,0,0,0,1,1,1
seq08,357,easy,9,-1,0,0,0,1,1,1
seq08,358,easy,8,-1,-1,0,0,0,1,0
seq08,359,easy,9,-1,0,0,0,1,1,1
seq08,360,easy,10,-1,1,1,0,1,1,1
seq08,361,easy,11,-1,2,2,0,1,1,1
seq08,362,easy,12,-1,0,0,0,1,1,1
seq08,363,easy,10,-1,1,1,0,1,1,1
seq08,364,easy,9,-1,1,1,0,1,1,1
seq08,365,easy,10,-1,1,1,0,1,1,1
seq08,366,easy,9,-1,1,1,0,1,1,1
seq08,367,easy,9,-1,0,0,0,1,1,1
seq08,368,easy,9,-1,0,0,0,1,1,1
seq08,369,easy,10,-1,0,0,0,1,1,1
seq08,370,easy,9,-1,0,0,0,1,1,1
seq08,371,easy,9,-1,1,1,0,1,1,1
seq08,372,easy,8,-1,1,1,0,1,1,1
seq08,373,easy,8,-1,2,2,0,1,1,1
seq08,374,easy,6,-1,2,2,0,1,1,1
seq08,375,easy,6,-1,1,1,0,1,1,1
seq08,376,easy,9,-1,1,1,0,1,1,1
seq08,377,easy,9,-1,1,1,0,1,1,1
seq08,378,easy,9,-1,1,1,0,1,1,1
seq08,379,easy,9,-1,2,2,0,1,1,1
seq08,380,easy,9,-1,2,2,0,1,1,1
seq08,381,easy,6,-1,0,0,0,1,1,1
seq08,382,easy,9,-1,0,0,0,1,1,1
seq08,383,easy,9,-1,0,0,0,1,1,1
seq08,384,easy,9,-1,1,1,0,1,1,1
seq08,385,easy,9,-1,1,1,0,1,1,1
seq08,386,easy,8,-1,0,0,0,1,1,1
seq08,387,easy,11,-1,1,1,0,1,1,1
seq08,388,easy,10,-1,0,0,0,1,1,1
seq08,389,easy,9,-1,1,1,0,1,1,1
seq08,390,easy,10,-1,0,0,0,1,1,1
seq08,391,easy,10,-1,2,2,0,1,1,1
seq08,392,easy,8,-1,2,2,0,1,1,1
seq08,393,easy,9,-1,1,1,0,1,1,1
seq08,394,easy,10,-1,1,1,0,1,1,1
seq08,395,easy,9,-1,2,2,0,1,1,1
seq08,396,easy,9,-1,1,1,0,1,1,1
seq08,397,easy,8,-1,0,0,0,1,1,1
seq08,398,easy,9,-1,0,0,0,1,1,1
seq08,399,easy,9,-1,0,0,0,1,1,1
seq09,0,easy,12,0,1,1,0,1,1,1
seq09,1,easy,9,0,1,1,0,1,1,1
seq09,2,easy,11,0,1,1,0,1,1,1
seq09,3,easy,12,0,1,1,0,1,1,1
seq09,4,easy,12,0,1,1,0,1,1,1
seq09,5,easy,12,0,1,1,0,1,1,1
seq09,6,easy,13,0,1,1,0,1,1,1
seq09,7,easy,11,1,0,0,0,1,1,1
seq09,8,easy,11,0,1,1,0,1,1,1
seq09,9,easy,11,0,2,2,0,1,1,1
seq09,10,easy,11,0,2,2,0,1,1,1
seq09,11,easy,10,0,1,1,0,1,1,1
seq09,12,easy,10,0,1,1,0,1,1,1
seq09,13,easy,11,0,1,1,0,1,1,1
seq09,14,easy,9,0,1,1,0,1,1,1
seq09,15,easy,7,0,1,1,0,1,1,1
seq09,16,easy,8,0,2,2,0,1,1,1
seq09,17,easy,9,0,2,2,0,1,1,1
seq09,18,easy,9,0,1,1,0,1,1,1
seq09,19,easy,7,0,2,2,0,1,1,1
seq09,20,easy,8,0,1,1,0,1,1,1
seq09,21,easy,7,0,1,1,0,1,1,1
seq09,22,easy,7,0,2,2,0,1,1,1
seq09,23,easy,7,0,1,1,0,1,1,1
seq09,24,easy,7,0,1,1,0,1,1,1
seq09,25,easy,8,0,2,2,0,1,1,1
seq09,26,easy,9,0,2,2,0,1,1,1
seq09,27,easy,8,0,2,2,0,1,1,1
seq09,28,easy,10,0,2,2,0,1,1,1
seq09,29,easy,10,0,2,2,0,1,1,1
seq09,30,easy,8,0,2,2,0,1,1,1
seq09,31,easy,10,0,2,2,0,1,1,1
seq09,32,easy,11,0,2,2,0,1,1,1
seq09,33,easy,9,0,2,2,0,1,1,1
seq09,34,easy,10,0,2,2,0,1,1,1
seq09,35,easy,10,0,2,2,0,1,1,1
seq09,36,easy,7,-1,2,2,0,1,1,1
seq09,37,easy,6,-1,2,2,0,1,1,1
seq09,38,easy,8,-1,2,2,0,1,1,1
seq09,39,easy,8,-1,1,1,0,1,1,1
seq09,40,easy,7,-1,1,1,0,1,1,1
seq09,41,easy,8,-1,1,1,0,1,1,1
seq09,42,easy,8,-1,1,1,0,1,1,1
seq09,43,easy,5,-1,1,1,0,1,1,1
seq09,44,easy,7,-1,1,1,0,1,1,1
seq09,45,easy,9,-1,2,2,0,1,1,1
seq09,46,easy,6,-1,2,2,0,1,1,1
seq09,47,easy,7,-1,2,2,0,1,1,1
seq09,48,easy,8,-1,1,1,0,1,1,1
seq09,49,easy,8,-1,2,2,0,1,1,1
seq09,50,easy,8,-1,2,2,0,1,1,1
seq09,51,easy,8,-1,2,2,0,1,1,1
seq09,52,easy,8,-1,2,2,0,1,1,1
seq09,53,easy,6,-1,2,2,0,1,1,1
seq09,54,easy,7,-1,2,2,0,1,1,1
seq09,55,easy,10,-1,2,2,0,1,1,1
seq09,56,easy,8,-1,2,2,0,1,1,1
seq09,57,easy,9,-1,2,2,0,1,1,1
seq09,58,easy,8,-1,2,2,0,1,1,1
seq09,59,easy,10,-1,2,2,0,1,1,1
seq09,60,easy,11,-1,2,2,0,1,1,1
seq09,61,easy,7,-1,1,1,0,1,1,1
seq09,62,easy,9,-1,1,1,0,1,1,1
seq09,63,easy,12,-1,1,1,0,1,1,1
seq09,64,easy,10,-1,2,2,0,1,1,1
seq09,65,easy,6,-1,1,1,0,1,1,1
seq09,66,easy,6,-1,2,2,0,1,1,1
seq09,67,easy,7,-1,1,1,0,1,1,1
seq09,68,easy,6,-1,2,2,0,1,1,1
seq09,69,easy,7,-1,2,2,0,1,1,1
seq09,70,easy,7,-1,2,2,0,1,1,1
seq09,71,easy,9,-1,1,1,0,1,1,1
seq09,72,easy,7,-1,2,2,0,1,1,1
seq09,73,easy,5,-1,2,2,0,1,1,1
seq09,74,easy,5,-1,0,0,0,1,1,1
seq09,75,easy,10,-1,1,1,0,1,1,1
seq09,76,easy,10,-1,1,1,0,1,1,1
seq09,77,easy,12,-1,1,1,0,1,1,1
seq09,78,easy,9,-1,0,0,0,1,1,1
seq09,79,easy,8,-1,1,1,0,1,1,1
seq09,80,easy,7,-1,0,0,0,1,1,1
seq09,81,easy,8,-1,0,0,0,1,1,1
seq09,82,easy,7,-1,0,0,0,1,1,1
seq09,83,easy,8,-1,1,1,0,1,1,1
seq09,84,easy,6,-1,1,1,0,1,1,1
seq09,85,easy,7,-1,1,1,0,1,1,1
seq09,86,easy,8,-1,1,1,0,1,1,1
seq09,87,easy,7,-1,1,1,0,1,1,1
seq09,88,easy,6,-1,-1,1,0,0,1,0
seq09,89,easy,6,-1,1,1,0,1,1,1
seq09,90,easy,6,-1,1,1,0,1,1,1
seq09,91,easy,6,-1,0,0,0,1,1,1
seq09,92,easy,8,-1,0,0,0,1,1,1
seq09,93,easy,6,-1,1,1,0,1,1,1
seq09,94,easy,6,-1,2,2,0,1,1,1
seq09,95,easy,8,-1,1,1,0,1,1,1
seq09,96,easy,7,-1,0,0,0,1,1,1
seq09,97,easy,6,-1,0,0,0,1,1,1
seq09,98,easy,6,-1,0,0,0,1,1,1
seq09,99,easy,7,-1,0,0,0,1,1,1
seq09,100,easy,6,-1,0,0,0,1,1,1
seq09,101,easy,4,-1,0,0,0,1,1,1
seq09,102,easy,5,-1,0,0,0,1,1,1
seq09,103,easy,5,-1,1,1,0,1,1,1
seq09,104,easy,6,-1,1,1,0,1,1,1
seq09,105,easy,7,-1,0,0,0,1,1,1
seq09,106,easy,6,-1,0,0,0,1,1,1
seq09,107,easy,7,-1,-1,1,0,0,1,0
seq09,108,easy,7,-1,2,2,0,1,1,1
seq09,109,easy,7,-1,0,0,0,1,1,1
seq09,110,easy,8,-1,0,0,0,1,1,1
seq09,111,easy,9,-1,0,0,0,1,1,1
seq09,112,easy,8,-1,1,1,0,1,1,1
seq09,113,easy,7,-1,1,1,0,1,1,1
seq09,114,easy,9,-1,0,0,0,1,1,1
seq09,115,easy,8,-1,0,0,0,1,1,1
seq09,116,easy,10,-1,0,0,0,1,1,1
seq09,117,easy,11,-1,1,1,0,1,1,1
seq09,118,easy,9,-1,0,0,0,1,1,1
seq09,119,easy,10,-1,0,0,0,1,1,1
seq09,120,easy,7,-1,0,0,0,1,1,1
seq09,121,easy,8,-1,0,0,0,1,1,1
seq09,122,easy,6,-1,0,0,0,1,1,1
seq09,123,easy,8,-1,0,0,0,1,1,1
seq09,124,easy,8,-1,1,1,0,1,1,1
seq09,125,easy,8,-1,1,1,0,1,1,1
seq09,126,easy,8,-1,1,1,0,1,1,1
seq09,127,easy,7,-1,1,1,0,1,1,1
seq09,128,easy,7,-1,2,2,0,1,1,1
seq09,129,easy,8,-1,2,2,0,1,1,1
seq09,130,easy,9,-1,2,2,0,1,1,1
seq09,131,easy,9,-1,2,2,0,1,1,1
seq09,132,easy,9,-1,0,0,0,1,1,1
seq09,133,easy,9,-1,-1,0,0,0,1,0
seq09,134,easy,8,-1,0,0,0,1,1,1
seq09,135,easy,8,-1,1,1,0,1,1,1
seq09,136,easy,10,-1,0,0,0,1,1,1
seq09,137,easy,10,-1,0,0,0,1,1,1
seq09,138,easy,8,-1,1,1,0,1,1,1
seq09,139,easy,8,-1,0,0,0,1,1,1
seq09,140,easy,7,-1,1,1,0,1,1,1
seq09,141,easy,7,-1,0,0,0,1,1,1
seq09,142,easy,10,-1,0,0,0,1,1,1
seq09,143,easy,12,-1,0,0,0,1,1,1
seq09,144,easy,13,-1,0,0,0,1,1,1
seq09,145,easy,12,-1,0,0,0,1,1,1
seq09,146,easy,9,-1,0,0,0,1,1,1
seq09,147,easy,9,-1,0,0,0,1,1,1
seq09,148,easy,8,-1,0,0,0,1,1,1
seq09,149,easy,7,-1,0,0,0,1,1,1
seq09,150,easy,7,-1,0,0,0,1,1,1
seq09,151,easy,8,-1,0,0,0,1,1,1
seq09,152,easy,8,-1,0,0,0,1,1,1
seq09,153,easy,6,-1,0,0,0,1,1,1
seq09,154,easy,5,-1,0,0,0,1,1,1
seq09,155,easy,6,-1,0,0,0,1,1,1
seq09,156,easy,4,-1,-1,0,0,0,1,0
seq09,157,easy,5,-1,0,0,0,1,1,1
seq09,158,easy,5,-1,0,0,0,1,1,1
seq09,159,easy,5,-1,0,0,0,1,1,1
seq09,160,easy,6,-1,0,0,0,1,1,1
seq09,161,easy,6,-1,0,0,0,1,1,1
seq09,162,easy,6,-1,0,0,0,1,1,1
seq09,163,easy,6,-1,0,0,0,1,1,1
seq09,164,easy,6,-1,0,0,0,1,1,1
seq09,165,easy,6,-1,0,0,0,1,1,1
seq09,166,easy,7,-1,0,0,0,1,1,1
seq09,167,easy,6,-1,0,0,0,1,1,1
seq09,168,easy,6,-1,0,0,0,1,1,1
seq09,169,easy,5,-1,0,0,0,1,1,1
seq09,170,easy,6,-1,0,0,0,1,1,1
seq09,171,easy,7,-1,0,0,0,1,1,1
seq09,172,easy,9,-1,0,0,0,1,1,1
seq09,173,easy,9,-1,0,0,0,1,1,1
seq09,174,easy,9,-1,0,0,0,1,1,1
seq09,175,easy,9,-1,1,1,0,1,1,1
seq09,176,easy,10,-1,0,0,0,1,1,1
seq09,177,easy,9,-1,0,0,0,1,1,1
seq09,178,easy,9,-1,0,0,0,1,1,1
seq09,179,easy,8,-1,1,1,0,1,1,1
seq09,180,easy,7,-1,0,0,0,1,1,1
seq09,181,easy,9,-1,-1,1,0,0,1,0
seq09,182,easy,8,-1,0,0,0,1,1,1
seq09,183,easy,7,-1,1,1,0,1,1,1
seq09,184,easy,7,-1,1,1,0,1,1,1
seq09,185,easy,7,-1,0,0,0,1,1,1
seq09,186,easy,7,-1,1,1,0,1,1,1
seq09,187,easy,6,-1,1,1,0,1,1,1
seq09,188,easy,7,-1,0,0,0,1,1,1
seq09,189,easy,7,-1,0,0,0,1,1,1
seq09,190,easy,7,-1,0,0,0,1,1,1
seq09,191,easy,7,-1,0,0,0,1,1,1
seq09,192,easy,8,-1,0,0,0,1,1,1
seq09,193,easy,6,-1,0,0,0,1,1,1
seq09,194,easy,6,-1,0,0,0,1,1,1
seq09,195,easy,6,-1,0,0,0,1,1,1
seq09,196,easy,8,-1,0,0,0,1,1,1
seq09,197,easy,7,-1,0,0,0,1,1,1
seq09,198,easy,6,-1,0,0,0,1,1,1
seq09,199,easy,7,-1,1,1,0,1,1,1
seq09,200,easy,8,-1,1,1,0,1,1,1
seq09,201,easy,10,-1,1,1,0,1,1,1
seq09,202,easy,8,-1,2,2,0,1,1,1
seq09,203,easy,10,-1,1,1,0,1,1,1
seq09,204,easy,8,-1,1,1,0,1,1,1
seq09,205,easy,7,-1,0,0,0,1,1,1
seq09,206,easy,6,-1,1,1,0,1,1,1
seq09,207,easy,8,-1,0,0,0,1,1,1
seq09,208,easy,8,-1,0,0,0,1,1,1
seq09,209,easy,8,-1,0,0,0,1,1,1
seq09,210,easy,9,-1,0,0,0,1,1,1
seq09,211,easy,8,-1,0,0,0,1,1,1
seq09,212,easy,8,-1,0,0,0,1,1,1
seq09,213,easy,9,-1,1,1,0,1,1,1
seq09,214,easy,6,-1,0,0,0,1,1,1
seq09,215,easy,5,-1,1,1,0,1,1,1
seq09,216,easy,7,-1,0,0,0,1,1,1
seq09,217,easy,6,-1,1,1,0,1,1,1
seq09,218,easy,6,-1,0,0,0,1,1,1
seq09,219,easy,6,-1,1,1,0,1,1,1
seq09,220,easy,7,-1,1,1,0,1,1,1
seq09,221,easy,7,-1,1,1,0,1,1,1
seq09,222,easy,6,-1,1,1,0,1,1,1
seq09,223,easy,7,-1,1,1,0,1,1,1
seq09,224,easy,7,-1,1,1,0,1,1,1
seq09,225,easy,9,-1,1,1,0,1,1,1
seq09,226,easy,8,-1,1,1,0,1,1,1
seq09,227,easy,7,-1,1,1,0,1,1,1
seq09,228,easy,7,-1,1,1,0,1,1,1
seq09,229,easy,7,-1,1,1,0,1,1,1
seq09,230,easy,6,-1,0,0,0,1,1,1
seq09,231,easy,5,-1,0,0,0,1,1,1
seq09,232,easy,7,-1,0,0,0,1,1,1
seq09,233,easy,7,-1,1,1,0,1,1,1
seq09,234,easy,7,-1,1,1,0,1,1,1
seq09,235,easy,7,-1,0,0,0,1,1,1
seq09,236,easy,8,-1,0,0,0,1,1,1
seq09,237,easy,8,-1,1,1,0,1,1,1
seq09,238,easy,8,-1,0,0,0,1,1,1
seq09,239,easy,9,-1,0,0,0,1,1,1
seq09,240,easy,8,-1,0,0,0,1,1,1
seq09,241,easy,8,-1,0,0,0,1,1,1
seq09,242,easy,9,-1,0,0,0,1,1,1
seq09,243,easy,9,-1,0,0,0,1,1,1
seq09,244,easy,9,-1,0,0,0,1,1,1
seq09,245,easy,9,-1,0,0,0,1,1,1
seq09,246,easy,11,-1,1,1,0,1,1,1
seq09,247,easy,9,-1,1,1,0,1,1,1
seq09,248,easy,10,-1,1,1,0,1,1,1
seq09,249,easy,9,-1,2,2,0,1,1,1
seq09,250,easy,10,-1,0,0,0,1,1,1
seq09,251,easy,10,-1,1,1,0,1,1,1
seq09,252,easy,10,-1,0,0,0,1,1,1
seq09,253,easy,10,-1,1,1,0,1,1,1
seq09,254,easy,10,-1,1,1,0,1,1,1
seq09,255,easy,10,-1,1,1,0,1,1,1
seq09,256,easy,11,-1,0,0,0,1,1,1
seq09,257,easy,12,-1,0,0,0,1,1,1
seq09,258,easy,11,-1,0,0,0,1,1,1
seq09,259,easy,12,-1,1,1,0,1,1,1
seq09,260,easy,9,-1,0,0,0,1,1,1
seq09,261,easy,6,-1,0,0,0,1,1,1
seq09,262,easy,6,-1,1,1,0,1,1,1
seq09,263,easy,5,-1,1,1,0,1,1,1
seq09,264,easy,6,-1,1,1,0,1,1,1
seq09,265,easy,6,-1,1,1,0,1,1,1
seq09,266,easy,6,-1,1,1,0,1,1,1
seq09,267,easy,6,-1,1,1,0,1,1,1
seq09,268,easy,7,-1,1,1,0,1,1,1
seq09,269,easy,6,-1,1,1,0,1,1,1
seq09,270,easy,6,-1,1,1,0,1,1,1
seq09,271,easy,7,-1,1,1,0,1,1,1
seq09,272,easy,8,-1,1,1,0,1,1,1
seq09,273,easy,8,-1,1,1,0,1,1,1
seq09,274,easy,10,-1,1,1,0,1,1,1
seq09,275,easy,8,-1,1,1,0,1,1,1
seq09,276,easy,10,-1,1,1,0,1,1,1
seq09,277,easy,10,-1,0,0,0,1,1,1
seq09,278,easy,9,-1,1,1,0,1,1,1
seq09,279,easy,10,-1,1,1,0,1,1,1
seq09,280,easy,8,-1,1,1,0,1,1,1
seq09,281,easy,8,-1,2,2,0,1,1,1
seq09,282,easy,8,-1,2,2,0,1,1,1
seq09,283,easy,8,-1,2,2,0,1,1,1
seq09,284,easy,6,-1,2,2,0,1,1,1
seq09,285,easy,9,-1,2,2,0,1,1,1
seq09,286,easy,8,-1,2,2,0,1,1,1
seq09,287,easy,8,-1,2,2,0,1,1,1
seq09,288,easy,7,-1,1,1,0,1,1,1
seq09,289,easy,9,-1,1,1,0,1,1,1
seq09,290,easy,9,-1,1,1,0,1,1,1
seq09,291,easy,9,-1,1,1,0,1,1,1
seq09,292,easy,9,-1,1,1,0,1,1,1
seq09,293,easy,10,-1,1,1,0,1,1,1
seq09,294,easy,10,-1,1,1,0,1,1,1
seq09,295,easy,9,-1,1,1,0,1,1,1
seq09,296,easy,10,-1,2,2,0,1,1,1
seq09,297,easy,10,-1,1,1,0,1,1,1
seq09,298,easy,6,-1,1,1,0,1,1,1
seq09,299,easy,8,-1,1,1,0,1,1,1
seq09,300,easy,7,-1,1,1,0,1,1,1
seq09,301,easy,9,-1,1,1,0,1,1,1
seq09,302,easy,9,-1,-1,1,0,0,1,0
seq09,303,easy,10,-1,1,1,0,1,1,1
seq09,304,easy,10,-1,1,1,0,1,1,1
seq09,305,easy,10,-1,1,1,0,1,1,1
seq09,306,easy,10,-1,1,1,0,1,1,1
seq09,307,easy,10,-1,1,1,0,1,1,1
seq09,308,easy,10,-1,1,1,0,1,1,1
seq09,309,easy,10,-1,1,1,0,1,1,1
seq09,310,easy,10,-1,1,1,0,1,1,1
seq09,311,easy,11,-1,2,2,0,1,1,1
seq09,312,easy,12,-1,2,2,0,1,1,1
seq09,313,easy,10,-1,2,2,0,1,1,1
seq09,314,easy,10,-1,1,1,0,1,1,1
seq09,315,easy,10,-1,2,2,0,1,1,1
seq09,316,easy,8,-1,0,0,0,1,1,1
seq09,317,easy,8,-1,0,0,0,1,1,1
seq09,318,easy,10,-1,0,0,0,1,1,1
seq09,319,easy,8,-1,0,0,0,1,1,1
seq09,320,easy,9,-1,0,0,0,1,1,1
seq09,321,easy,8,-1,1,1,0,1,1,1
seq09,322,easy,8,-1,1,1,0,1,1,1
seq09,323,easy,6,-1,1,1,0,1,1,1
seq09,324,easy,9,-1,1,1,0,1,1,1
seq09,325,easy,8,-1,0,0,0,1,1,1
seq09,326,easy,10,-1,1,1,0,1,1,1
seq09,327,easy,8,-1,0,0,0,1,1,1
seq09,328,easy,8,-1,0,0,0,1,1,1
seq09,329,easy,8,-1,0,0,0,1,1,1
seq09,330,easy,9,-1,0,0,0,1,1,1
seq09,331,easy,9,-1,0,0,0,1,1,1
seq09,332,easy,9,-1,0,0,0,1,1,1
seq09,333,easy,10,-1,0,0,0,1,1,1
seq09,334,easy,10,-1,1,1,0,1,1,1
seq09,335,easy,10,-1,0,0,0,1,1,1
seq09,336,easy,10,-1,1,1,0,1,1,1
seq09,337,easy,10,-1,0,0,0,1,1,1
seq09,338,easy,11,-1,1,1,0,1,1,1
seq09,339,easy,9,-1,0,0,0,1,1,1
seq09,340,easy,11,-1,0,0,0,1,1,1
seq09,341,easy,9,-1,0,0,0,1,1,1
seq09,342,easy,9,-1,0,0,0,1,1,1
seq09,343,easy,8,-1,0,0,0,1,1,1
seq09,344,easy,9,-1,0,0,0,1,1,1
seq09,345,easy,8,-1,0,0,0,1,1,1
seq09,346,easy,9,-1,0,0,0,1,1,1
seq09,347,easy,8,-1,0,0,0,1,1,1
seq09,348,easy,8,-1,1,1,0,1,1,1
seq09,349,easy,8,-1,0,0,0,1,1,1
seq09,350,easy,8,-1,0,0,0,1,1,1
seq09,351,easy,8,-1,0,0,0,1,1,1
seq09,352,easy,7,-1,1,1,0,1,1,1
seq09,353,easy,8,-1,0,0,0,1,1,1
seq09,354,easy,8,-1,1,1,0,1,1,1
seq09,355,easy,7,-1,0,0,0,1,1,1
seq09,356,easy,7,-1,0,0,0,1,1,1
seq09,357,easy,9,-1,0,0,0,1,1,1
seq09,358,easy,9,-1,1,1,0,1,1,1
seq09,359,easy,8,-1,1,1,0,1,1,1
seq09,360,easy,8,-1,0,0,0,1,1,1
seq09,361,easy,8,-1,0,0,0,1,1,1
seq09,362,easy,7,-1,0,0,0,1,1,1
seq09,363,easy,8,-1,0,0,0,1,1,1
seq09,364,easy,7,-1,0,0,0,1,1,1
seq09,365,easy,9,-1,2,2,0,1,1,1
seq09,366,easy,8,-1,2,2,0,1,1,1
seq09,367,easy,7,-1,2,2,0,1,1,1
seq09,368,easy,7,-1,2,2,0,1,1,1
seq09,369,easy,7,-1,2,2,0,1,1,1
seq09,370,easy,8,-1,2,2,0,1,1,1
seq09,371,easy,8,-1,2,2,0,1,1,1
seq09,372,easy,9,-1,2,2,0,1,1,1
seq09,373,easy,9,-1,2,2,0,1,1,1
seq09,374,easy,9,-1,2,2,0,1,1,1
seq09,375,easy,10,-1,1,1,0,1,1,1
seq09,376,easy,9,-1,2,2,0,1,1,1
seq09,377,easy,9,-1,2,2,0,1,1,1
seq09,378,easy,10,-1,2,2,0,1,1,1
seq09,379,easy,10,-1,2,2,0,1,1,1
seq09,380,easy,9,-1,2,2,0,1,1,1
seq09,381,easy,9,-1,2,2,0,1,1,1
seq09,382,easy,10,-1,2,2,0,1,1,1
seq09,383,easy,10,-1,2,2,0,1,1,1
seq09,384,easy,10,-1,2,2,0,1,1,1
seq09,385,easy,9,-1,2,2,0,1,1,1
seq09,386,easy,10,-1,0,0,0,1,1,1
seq09,387,easy,10,-1,1,1,0,1,1,1
seq09,388,easy,10,-1,2,2,0,1,1,1
seq09,389,easy,9,-1,1,1,0,1,1,1
seq09,390,easy,10,-1,0,0,0,1,1,1
seq09,391,easy,10,-1,0,0,0,1,1,1
seq09,392,easy,10,-1,0,0,0,1,1,1
seq09,393,easy,9,-1,1,1,0,1,1,1
seq09,394,easy,7,-1,2,2,0,1,1,1
seq09,395,easy,7,-1,1,1,0,1,1,1
seq09,396,easy,7,-1,2,2,0,1,1,1
seq09,397,easy,8,-1,2,2,0,1,1,1
seq09,398,easy,9,-1,2,2,0,1,1,1
seq09,399,hard,9,-1,0,2,0,0,1,1
seq10,0,easy,3,0,0,0,1,1,1,1
seq10,1,easy,3,2,2,2,1,1,1,1
seq10,2,easy,3,0,0,0,1,1,1,1
seq10,3,easy,3,0,0,0,1,1,1,1
seq10,4,easy,3,1,1,1,1,1,1,1
seq10,5,easy,3,0,0,0,1,1,1,1
seq10,6,easy,3,0,0,0,1,1,1,1
seq10,7,easy,3,0,0,0,1,1,1,1
seq10,8,easy,3,1,1,1,1,1,1,1
seq10,9,easy,3,1,-1,1,1,0,1,0
seq10,10,easy,3,1,1,1,1,1,1,1
seq10,11,easy,3,2,2,2,1,1,1,1
seq10,12,easy,3,0,0,0,1,1,1,1
seq10,13,easy,3,0,0,0,1,1,1,1
seq10,14,easy,3,1,1,1,1,1,1,1
seq10,15,easy,3,2,2,2,1,1,1,1
seq10,16,easy,3,1,1,1,1,1,1,1
seq10,17,easy,3,1,1,1,1,1,1,1
seq10,18,easy,3,1,1,1,1,1,1,1
seq10,19,easy,3,1,1,1,1,1,1,1
seq10,20,easy,3,1,1,1,1,1,1,1
seq10,21,easy,3,1,1,1,1,1,1,1
seq10,22,hard,3,2,2,2,1,1,1,1
seq10,23,easy,4,1,1,1,1,1,1,1
seq10,24,easy,4,1,1,1,1,1,1,1
seq10,25,easy,4,1,1,1,1,1,1,1
seq10,26,easy,4,1,1,1,1,1,1,1
seq10,27,easy,4,0,0,0,1,1,1,1
seq10,28,hard,4,0,0,0,1,1,1,1
seq10,29,hard,4,0,0,0,1,1,1,1
seq10,30,easy,4,0,0,0,1,1,1,1
seq10,31,easy,4,0,0,0,1,1,1,1
seq10,32,easy,4,0,0,0,1,1,1,1
seq10,33,easy,4,0,0,0,1,1,1,1
seq10,34,easy,4,0,0,0,1,1,1,1
seq10,35,easy,4,0,0,0,1,1,1,1
seq10,36,easy,4,0,0,0,1,1,1,1
seq10,37,easy,4,0,0,0,1,1,1,1
seq10,38,easy,4,0,0,0,1,1,1,1
seq10,39,hard,4,0,0,0,1,1,1,1
seq10,40,easy,4,0,0,0,1,1,1,1
seq10,41,easy,4,1,1,1,1,1,1,1
seq10,42,easy,4,0,0,0,1,1,1,1
seq10,43,easy,4,0,0,0,1,1,1,1
seq10,44,hard,4,1,0,1,1,0,1,1
seq10,45,easy,4,1,1,1,1,1,1,1
seq10,46,hard,4,0,1,0,1,0,1,1
seq10,47,hard,4,0,0,0,1,1,1,1
seq10,48,hard,4,0,0,0,1,1,1,1
seq10,49,hard,4,0,0,0,1,1,1,1
seq10,50,easy,4,0,0,0,1,1,1,1
seq10,51,easy,4,0,0,0,1,1,1,1
seq10,52,easy,4,0,0,0,1,1,1,1
seq10,53,easy,5,0,0,0,1,1,1,1
seq10,54,easy,4,1,1,1,1,1,1,1
seq10,55,easy,4,0,0,0,1,1,1,1
seq10,56,easy,5,0,0,0,1,1,1,1
seq10,57,hard,4,1,1,1,1,1,1,1
seq10,58,easy,4,1,1,1,1,1,1,1
seq10,59,easy,4,1,1,1,1,1,1,1
seq10,60,easy,4,1,1,1,1,1,1,1
seq10,61,easy,4,1,1,1,1,1,1,1
seq10,62,hard,4,2,2,2,1,1,1,1
seq10,63,hard,4,1,0,1,1,0,1,1
seq10,64,hard,4,2,2,2,1,1,1,1
seq10,65,easy,3,2,2,2,1,1,1,1
seq10,66,easy,4,2,2,2,1,1,1,1
seq10,67,easy,4,1,1,1,1,1,1,1
seq10,68,hard,3,1,1,1,1,1,1,1
seq10,69,easy,4,1,1,1,1,1,1,1
seq10,70,easy,4,1,1,1,1,1,1,1
seq10,71,easy,4,1,1,1,1,1,1,1
seq10,72,hard,4,0,0,0,1,1,1,1
seq10,73,easy,3,0,0,0,1,1,1,1
seq10,74,easy,3,0,0,0,1,1,1,1
seq10,75,hard,3,0,1,0,1,0,1,1
seq10,76,hard,4,0,0,0,1,1,1,1
seq10,77,easy,3,0,0,0,1,1,1,1
seq10,78,easy,3,0,0,0,1,1,1,1
seq10,79,hard,3,0,0,0,1,1,1,1
seq10,80,hard,3,0,0,0,1,1,1,1
seq10,81,easy,4,1,1,1,1,1,1,1
seq10,82,hard,3,1,1,1,1,1,1,1
seq10,83,hard,3,1,1,1,1,1,1,1
seq10,84,hard,3,1,1,1,1,1,1,1
seq10,85,hard,3,1,1,1,1,1,1,1
seq10,86,hard,3,1,1,1,1,1,1,1
seq10,87,hard,4,1,1,1,1,1,1,1
seq10,88,easy,4,1,1,1,1,1,1,1
seq10,89,easy,3,0,0,0,1,1,1,1
seq10,90,hard,4,1,1,1,1,1,1,1
seq10,91,easy,4,1,1,1,1,1,1,1
seq10,92,hard,4,1,1,1,1,1,1,1
seq10,93,easy,3,1,1,1,1,1,1,1
seq10,94,hard,4,1,1,1,1,1,1,1
seq10,95,hard,4,1,1,1,1,1,1,1
seq10,96,hard,4,1,1,1,1,1,1,1
seq10,97,easy,4,0,0,0,1,1,1,1
seq10,98,easy,3,0,0,0,1,1,1,1
seq10,99,easy,4,0,0,0,1,1,1,1
seq10,100,easy,3,0,0,0,1,1,1,1
seq10,101,easy,4,2,2,2,1,1,1,1
seq10,102,easy,4,2,2,2,1,1,1,1
seq10,103,easy,5,1,1,1,1,1,1,1
seq10,104,easy,4,1,1,1,1,1,1,1
seq10,105,easy,4,0,0,0,1,1,1,1
seq10,106,easy,5,0,0,0,1,1,1,1
seq10,107,easy,5,1,1,1,1,1,1,1
seq10,108,easy,4,2,2,2,1,1,1,1
seq10,109,easy,4,1,1,1,1,1,1,1
seq10,110,easy,5,0,0,0,1,1,1,1
seq10,111,easy,5,0,0,0,1,1,1,1
seq10,112,hard,4,1,1,1,1,1,1,1
seq10,113,hard,5,0,0,0,1,1,1,1
seq10,114,easy,5,0,0,0,1,1,1,1
seq10,115,easy,4,1,1,1,1,1,1,1
seq10,116,hard,4,0,0,0,1,1,1,1
seq10,117,easy,4,0,0,0,1,1,1,1
seq10,118,easy,5,0,0,0,1,1,1,1
seq10,119,easy,4,0,0,0,1,1,1,1
seq10,120,easy,5,0,0,0,1,1,1,1
seq10,121,easy,5,2,2,2,1,1,1,1
seq10,122,easy,5,2,2,2,1,1,1,1
seq10,123,easy,5,0,0,0,1,1,1,1
seq10,124,easy,5,0,0,0,1,1,1,1
seq10,125,easy,5,0,0,0,1,1,1,1
seq10,126,hard,5,0,0,0,1,1,1,1
seq10,127,easy,5,2,2,2,1,1,1,1
seq10,128,easy,5,2,2,2,1,1,1,1
seq10,129,easy,5,0,0,0,1,1,1,1
seq10,130,easy,4,0,0,0,1,1,1,1
seq10,131,easy,4,0,0,0,1,1,1,1
seq10,132,easy,5,2,2,2,1,1,1,1
seq10,133,hard,5,0,0,0,1,1,1,1
seq10,134,easy,5,1,1,1,1,1,1,1
seq10,135,easy,5,0,0,0,1,1,1,1
seq10,136,easy,5,0,0,0,1,1,1,1
seq10,137,hard,5,0,0,0,1,1,1,1
seq10,138,easy,5,0,0,0,1,1,1,1
seq10,139,easy,4,0,0,0,1,1,1,1
seq10,140,easy,5,0,0,0,1,1,1,1
seq10,141,easy,5,0,0,0,1,1,1,1
seq10,142,easy,5,0,0,0,1,1,1,1
seq10,143,easy,5,0,-1,0,1,0,1,0
seq10,144,easy,5,0,0,0,1,1,1,1
seq10,145,easy,5,0,0,0,1,1,1,1
seq10,146,hard,5,0,0,0,1,1,1,1
seq10,147,easy,5,0,0,0,1,1,1,1
seq10,148,easy,5,0,0,0,1,1,1,1
seq10,149,easy,5,0,0,0,1,1,1,1
seq10,150,easy,5,0,0,0,1,1,1,1
seq10,151,easy,6,0,0,0,1,1,1,1
seq10,152,easy,7,0,0,0,1,1,1,1
seq10,153,easy,6,0,0,0,1,1,1,1
seq10,154,easy,5,0,0,0,1,1,1,1
seq10,155,hard,5,0,0,0,1,1,1,1
seq10,156,easy,5,1,1,1,1,1,1,1
seq10,157,easy,5,0,0,0,1,1,1,1
seq10,158,easy,5,0,0,0,1,1,1,1
seq10,159,easy,5,0,0,0,1,1,1,1
seq10,160,easy,5,0,0,0,1,1,1,1
seq10,161,easy,4,0,0,0,1,1,1,1
seq10,162,easy,6,0,0,0,1,1,1,1
seq10,163,easy,5,0,0,0,1,1,1,1
seq10,164,easy,7,0,0,0,1,1,1,1
seq10,165,easy,8,0,0,0,1,1,1,1
seq10,166,hard,8,0,0,0,1,1,1,1
seq10,167,easy,6,0,0,0,1,1,1,1
seq10,168,hard,6,0,0,0,1,1,1,1
seq10,169,easy,6,0,0,0,1,1,1,1
seq10,170,easy,8,0,0,0,1,1,1,1
seq10,171,easy,6,0,0,0,1,1,1,1
seq10,172,easy,9,0,0,0,1,1,1,1
seq10,173,easy,9,0,0,0,1,1,1,1
seq10,174,easy,8,0,0,0,1,1,1,1
seq10,175,easy,6,0,0,0,1,1,1,1
seq10,176,easy,9,0,0,0,1,1,1,1
seq10,177,easy,9,2,2,2,1,1,1,1
seq10,178,easy,10,0,0,0,1,1,1,1
seq10,179,easy,10,0,0,0,1,1,1,1
seq10,180,easy,10,1,1,1,1,1,1,1
seq10,181,easy,10,0,0,0,1,1,1,1
seq10,182,easy,8,0,0,0,1,1,1,1
seq10,183,easy,12,1,1,1,1,1,1,1
seq10,184,easy,11,0,0,0,1,1,1,1
seq10,185,easy,11,0,0,0,1,1,1,1
seq10,186,hard,11,0,0,0,1,1,1,1
seq10,187,hard,10,0,0,0,1,1,1,1
seq10,188,easy,10,0,0,0,1,1,1,1
seq10,189,easy,9,0,0,0,1,1,1,1
seq10,190,easy,8,0,0,0,1,1,1,1
seq10,191,easy,6,0,0,0,1,1,1,1
seq10,192,easy,10,0,0,0,1,1,1,1
seq10,193,easy,10,0,0,0,1,1,1,1
seq10,194,easy,10,0,0,0,1,1,1,1
seq10,195,easy,12,1,1,1,1,1,1,1
seq10,196,easy,10,0,0,0,1,1,1,1
seq10,197,easy,12,0,0,0,1,1,1,1
seq10,198,easy,10,-1,0,0,0,1,1,1
seq10,199,hard,11,-1,0,0,0,1,1,1
seq10,200,easy,11,-1,0,0,0,1,1,1
seq10,201,easy,10,-1,0,0,0,1,1,1
seq10,202,easy,11,0,0,0,1,1,1,1
seq10,203,easy,11,0,0,0,1,1,1,1
seq10,204,hard,11,0,0,0,1,1,1,1
seq10,205,easy,11,0,0,0,1,1,1,1
seq10,206,easy,11,-1,0,0,0,1,1,1
seq10,207,hard,10,-1,0,0,0,1,1,1
seq10,208,easy,11,-1,0,0,0,1,1,1
seq10,209,easy,10,-1,0,0,0,1,1,1
seq10,210,easy,11,-1,0,0,0,1,1,1
seq10,211,hard,13,0,2,0,1,0,1,1
seq10,212,easy,11,-1,0,0,0,1,1,1
seq10,213,easy,9,-1,0,0,0,1,1,1
seq10,214,easy,11,0,0,0,1,1,1,1
seq10,215,easy,11,0,0,0,1,1,1,1
seq10,216,easy,10,0,0,0,1,1,1,1
seq10,217,easy,10,-1,0,0,0,1,1,1
seq10,218,easy,10,0,0,0,1,1,1,1
seq10,219,easy,10,0,0,0,1,1,1,1
seq10,220,easy,10,0,0,0,1,1,1,1
seq10,221,easy,9,-1,0,0,0,1,1,1
seq10,222,easy,9,0,0,0,1,1,1,1
seq10,223,easy,10,0,0,0,1,1,1,1
seq10,224,easy,11,0,0,0,1,1,1,1
seq10,225,easy,9,0,0,0,1,1,1,1
seq10,226,easy,9,0,0,0,1,1,1,1
seq10,227,easy,9,0,0,0,1,1,1,1
seq10,228,easy,10,0,0,0,1,1,1,1
seq10,229,easy,10,0,0,0,1,1,1,1
seq10,230,easy,11,0,0,0,1,1,1,1
seq10,231,easy,10,0,0,0,1,1,1,1
seq10,232,easy,10,0,0,0,1,1,1,1
seq10,233,easy,10,0,0,0,1,1,1,1
seq10,234,easy,9,0,0,0,1,1,1,1
seq10,235,easy,9,0,0,0,1,1,1,1
seq10,236,easy,9,0,0,0,1,1,1,1
seq10,237,easy,10,0,0,0,1,1,1,1
seq10,238,easy,11,0,0,0,1,1,1,1
seq10,239,easy,9,0,0,0,1,1,1,1
seq10,240,easy,9,0,0,0,1,1,1,1
seq10,241,easy,8,0,0,0,1,1,1,1
seq10,242,easy,9,0,0,0,1,1,1,1
seq10,243,easy,10,0,0,0,1,1,1,1
seq10,244,easy,10,0,0,0,1,1,1,1
seq10,245,easy,12,0,0,0,1,1,1,1
seq10,246,easy,10,0,0,0,1,1,1,1
seq10,247,easy,9,0,0,0,1,1,1,1
seq10,248,easy,10,0,0,0,1,1,1,1
seq10,249,easy,11,1,1,1,1,1,1,1
seq10,250,easy,10,1,1,1,1,1,1,1
seq10,251,easy,10,0,0,0,1,1,1,1
seq10,252,easy,10,0,0,0,1,1,1,1
seq10,253,easy,9,0,0,0,1,1,1,1
seq10,254,easy,8,0,0,0,1,1,1,1
seq10,255,easy,8,1,1,1,1,1,1,1
seq10,256,easy,9,0,0,0,1,1,1,1
seq10,257,easy,9,0,0,0,1,1,1,1
seq10,258,easy,9,0,0,0,1,1,1,1
seq10,259,easy,9,1,1,1,1,1,1,1
seq10,260,easy,9,0,0,0,1,1,1,1
seq10,261,easy,9,1,1,1,1,1,1,1
seq10,262,easy,9,0,0,0,1,1,1,1
seq10,263,easy,8,1,1,1,1,1,1,1
seq10,264,easy,8,0,0,0,1,1,1,1
seq10,265,easy,8,0,0,0,1,1,1,1
seq10,266,easy,8,0,0,0,1,1,1,1
seq10,267,easy,8,0,0,0,1,1,1,1
seq10,268,easy,10,0,0,0,1,1,1,1
seq10,269,easy,8,0,0,0,1,1,1,1
seq10,270,easy,10,0,0,0,1,1,1,1
seq10,271,easy,11,0,0,0,1,1,1,1
seq10,272,easy,10,0,0,0,1,1,1,1
seq10,273,easy,8,0,0,0,1,1,1,1
seq10,274,easy,8,0,0,0,1,1,1,1
seq10,275,easy,10,0,0,0,1,1,1,1
seq10,276,easy,9,0,0,0,1,1,1,1
seq10,277,hard,9,0,0,0,1,1,1,1
seq10,278,easy,9,0,0,0,1,1,1,1
seq10,279,easy,8,0,0,0,1,1,1,1
seq10,280,easy,8,0,0,0,1,1,1,1
seq10,281,easy,7,0,0,0,1,1,1,1
seq10,282,easy,7,0,0,0,1,1,1,1
seq10,283,easy,6,2,2,2,1,1,1,1
seq10,284,easy,9,0,0,0,1,1,1,1
seq10,285,easy,7,2,2,2,1,1,1,1
seq10,286,easy,8,1,1,1,1,1,1,1
seq10,287,easy,6,2,2,2,1,1,1,1
seq10,288,easy,6,2,2,2,1,1,1,1
seq10,289,easy,8,2,2,2,1,1,1,1
seq10,290,easy,7,2,2,2,1,1,1,1
seq10,291,easy,6,2,2,2,1,1,1,1
seq10,292,easy,9,2,2,2,1,1,1,1
seq10,293,easy,7,2,2,2,1,1,1,1
seq10,294,easy,7,2,2,2,1,1,1,1
seq10,295,easy,7,1,1,1,1,1,1,1
seq10,296,easy,6,2,2,2,1,1,1,1
seq10,297,easy,8,1,1,1,1,1,1,1
seq10,298,hard,10,-1,2,2,0,1,1,1
seq10,299,easy,9,-1,1,1,0,1,1,1
seq10,300,easy,8,-1,2,2,0,1,1,1
seq10,301,easy,5,-1,1,1,0,1,1,1
seq10,302,easy,6,-1,1,1,0,1,1,1
seq10,303,easy,8,-1,2,2,0,1,1,1
seq10,304,easy,9,-1,0,0,0,1,1,1
seq10,305,easy,10,-1,0,0,0,1,1,1
seq10,306,hard,10,-1,0,0,0,1,1,1
seq10,307,hard,9,-1,1,1,0,1,1,1
seq10,308,hard,7,-1,1,1,0,1,1,1
seq10,309,hard,7,-1,1,1,0,1,1,1
seq10,310,easy,6,-1,1,1,0,1,1,1
seq10,311,easy,8,-1,0,0,0,1,1,1
seq10,312,easy,9,-1,0,0,0,1,1,1
seq10,313,easy,9,-1,1,1,0,1,1,1
seq10,314,hard,10,-1,0,0,0,1,1,1
seq10,315,easy,9,-1,0,0,0,1,1,1
seq10,316,easy,9,-1,0,0,0,1,1,1
seq10,317,hard,10,-1,0,0,0,1,1,1
seq10,318,easy,7,-1,1,1,0,1,1,1
seq10,319,easy,6,-1,1,1,0,1,1,1
seq10,320,easy,6,-1,0,0,0,1,1,1
seq10,321,easy,8,-1,0,0,0,1,1,1
seq10,322,easy,8,-1,0,0,0,1,1,1
seq10,323,easy,7,-1,0,0,0,1,1,1
seq10,324,easy,9,-1,0,0,0,1,1,1
seq10,325,easy,9,-1,0,0,0,1,1,1
seq10,326,easy,7,-1,0,0,0,1,1,1
seq10,327,easy,6,-1,0,0,0,1,1,1
seq10,328,hard,6,-1,0,0,0,1,1,1
seq10,329,easy,6,-1,0,0,0,1,1,1
seq10,330,hard,7,-1,2,0,0,0,1,1
seq10,331,easy,9,-1,0,0,0,1,1,1
seq10,332,easy,8,-1,0,0,0,1,1,1
seq10,333,easy,9,-1,0,0,0,1,1,1
seq10,334,easy,9,-1,0,0,0,1,1,1
seq10,335,easy,9,-1,0,0,0,1,1,1
seq10,336,easy,10,-1,0,0,0,1,1,1
seq10,337,easy,10,-1,0,0,0,1,1,1
seq10,338,easy,10,-1,0,0,0,1,1,1
seq10,339,easy,10,-1,0,0,0,1,1,1
seq10,340,easy,10,-1,0,0,0,1,1,1
seq10,341,easy,12,-1,0,0,0,1,1,1
seq10,342,easy,9,-1,0,0,0,1,1,1
seq10,343,easy,10,-1,0,0,0,1,1,1
seq10,344,easy,8,-1,0,0,0,1,1,1
seq10,345,easy,9,-1,0,0,0,1,1,1
seq10,346,easy,9,-1,0,0,0,1,1,1
seq10,347,easy,8,-1,0,0,0,1,1,1
seq10,348,easy,7,-1,0,0,0,1,1,1
seq10,349,easy,5,-1,0,0,0,1,1,1
seq10,350,easy,7,-1,0,0,0,1,1,1
seq10,351,easy,6,-1,0,0,0,1,1,1
seq10,352,easy,6,-1,0,0,0,1,1,1
seq10,353,easy,8,-1,1,1,0,1,1,1
seq10,354,easy,5,-1,1,1,0,1,1,1
seq10,355,easy,6,-1,0,0,0,1,1,1
seq10,356,easy,7,-1,0,0,0,1,1,1
seq10,357,hard,7,-1,0,0,0,1,1,1
seq10,358,easy,5,-1,0,0,0,1,1,1
seq10,359,hard,7,-1,0,0,0,1,1,1
seq10,360,easy,7,-1,0,0,0,1,1,1
seq10,361,easy,8,-1,0,0,0,1,1,1
seq10,362,easy,8,-1,0,0,0,1,1,1
seq10,363,hard,6,-1,0,0,0,1,1,1
seq10,364,easy,8,-1,0,0,0,1,1,1
seq10,365,easy,7,-1,0,0,0,1,1,1
seq10,366,easy,7,-1,0,0,0,1,1,1
seq10,367,easy,7,-1,0,0,0,1,1,1
seq10,368,easy,7,-1,-1,0,0,0,1,0
seq10,369,easy,9,-1,0,0,0,1,1,1
seq10,370,easy,6,-1,1,1,0,1,1,1
seq10,371,hard,6,-1,0,0,0,1,1,1
seq10,372,easy,6,-1,0,0,0,1,1,1
seq10,373,easy,5,-1,0,0,0,1,1,1
seq10,374,easy,6,-1,0,0,0,1,1,1
seq10,375,hard,5,-1,2,0,0,0,1,1
seq10,376,easy,6,-1,0,0,0,1,1,1
seq10,377,easy,6,-1,0,0,0,1,1,1
seq10,378,easy,5,-1,0,0,0,1,1,1
seq10,379,easy,6,-1,0,0,0,1,1,1
seq10,380,easy,6,-1,1,1,0,1,1,1
seq10,381,easy,6,-1,1,1,0,1,1,1
seq10,382,easy,5,-1,1,1,0,1,1,1
seq10,383,easy,5,-1,2,2,0,1,1,1
seq10,384,hard,6,-1,2,2,0,1,1,1
seq10,385,easy,5,-1,2,2,0,1,1,1
seq10,386,easy,5,-1,2,2,0,1,1,1
seq10,387,easy,5,-1,2,2,0,1,1,1
seq10,388,easy,5,-1,2,2,0,1,1,1
seq10,389,easy,5,-1,1,1,0,1,1,1
seq10,390,easy,5,-1,1,1,0,1,1,1
seq10,391,easy,5,-1,2,2,0,1,1,1
seq10,392,easy,5,-1,2,2,0,1,1,1
seq10,393,easy,5,-1,2,2,0,1,1,1
seq10,394,easy,4,-1,2,2,0,1,1,1
seq10,395,easy,4,-1,2,2,0,1,1,1
seq10,396,easy,4,-1,2,2,0,1,1,1
seq10,397,hard,4,-1,2,2,0,1,1,1
seq10,398,hard,4,-1,2,2,0,1,1,1
seq10,399,hard,5,-1,2,2,0,1,1,1
seq11,0,hard,4,0,1,1,0,1,1,1
seq11,1,hard,4,0,2,2,0,1,1,1
seq11,2,hard,4,0,1,1,0,1,1,1
seq11,3,hard,4,0,1,1,0,1,1,1
seq11,4,hard,4,0,1,1,0,1,1,1
seq11,5,hard,4,0,2,2,0,1,1,1
seq11,6,hard,4,0,2,2,0,1,1,1
seq11,7,hard,4,0,2,2,0,1,1,1
seq11,8,hard,4,0,1,1,0,1,1,1
seq11,9,hard,4,0,1,1,0,1,1,1
seq11,10,hard,4,0,1,1,0,1,1,1
seq11,11,hard,4,0,1,1,0,1,1,1
seq11,12,hard,4,0,1,1,0,1,1,1
seq11,13,hard,4,0,1,1,0,1,1,1
seq11,14,easy,4,0,-1,1,0,0,1,0
seq11,15,hard,4,0,1,1,0,1,1,1
seq11,16,hard,4,0,1,1,0,1,1,1
seq11,17,hard,4,0,1,1,0,1,1,1
seq11,18,hard,4,0,1,1,0,1,1,1
seq11,19,hard,4,0,1,1,0,1,1,1
seq11,20,hard,4,0,1,1,0,1,1,1
seq11,21,hard,4,0,1,1,0,1,1,1
seq11,22,hard,4,0,1,1,0,1,1,1
seq11,23,hard,3,0,1,1,0,1,1,1
seq11,24,hard,3,0,1,1,0,1,1,1
seq11,25,hard,3,0,2,2,0,1,1,1
seq11,26,hard,3,0,1,1,0,1,1,1
seq11,27,hard,4,0,1,1,0,1,1,1
seq11,28,hard,4,0,1,1,0,1,1,1
seq11,29,hard,4,0,2,2,0,1,1,1
seq11,30,hard,3,0,1,1,0,1,1,1
seq11,31,hard,4,0,1,1,0,1,1,1
seq11,32,hard,3,0,1,1,0,1,1,1
seq11,33,hard,3,0,1,1,0,1,1,1
seq11,34,hard,3,0,1,1,0,1,1,1
seq11,35,hard,3,0,1,1,0,1,1,1
seq11,36,hard,3,0,1,1,0,1,1,1
seq11,37,hard,3,0,2,1,0,0,1,1
seq11,38,hard,3,0,1,1,0,1,1,1
seq11,39,hard,3,0,1,1,0,1,1,1
seq11,40,hard,3,0,1,1,0,1,1,1
seq11,41,hard,3,0,1,1,0,1,1,1
seq11,42,hard,3,0,1,1,0,1,1,1
seq11,43,hard,3,0,1,1,0,1,1,1
seq11,44,hard,3,0,1,1,0,1,1,1
seq11,45,hard,3,0,1,1,0,1,1,1
seq11,46,easy,3,1,0,0,0,1,1,1
seq11,47,easy,3,0,1,1,0,1,1,1
seq11,48,hard,3,1,0,0,0,1,1,1
seq11,49,hard,3,0,1,1,0,1,1,1
seq11,50,hard,3,0,1,1,0,1,1,1
seq11,51,hard,3,0,2,2,0,1,1,1
seq11,52,hard,3,0,2,2,0,1,1,1
seq11,53,hard,3,0,2,2,0,1,1,1
seq11,54,hard,3,0,1,1,0,1,1,1
seq11,55,hard,3,0,2,2,0,1,1,1
seq11,56,hard,3,0,2,2,0,1,1,1
seq11,57,hard,3,0,2,2,0,1,1,1
seq11,58,hard,3,0,2,2,0,1,1,1
seq11,59,hard,3,0,2,2,0,1,1,1
seq11,60,hard,3,0,2,2,0,1,1,1
seq11,61,hard,3,2,1,1,0,1,1,1
seq11,62,hard,3,2,1,1,0,1,1,1
seq11,63,hard,3,2,1,1,0,1,1,1
seq11,64,easy,4,2,-1,1,0,0,1,0
seq11,65,hard,4,1,2,2,0,1,1,1
seq11,66,easy,4,1,-1,2,0,0,1,0
seq11,67,hard,4,1,2,2,0,1,1,1
seq11,68,hard,4,0,2,2,0,1,1,1
seq11,69,hard,4,0,2,2,0,1,1,1
seq11,70,hard,4,0,2,2,0,1,1,1
seq11,71,hard,3,0,2,2,0,1,1,1
seq11,72,hard,4,0,1,1,0,1,1,1
seq11,73,hard,4,0,1,1,0,1,1,1
seq11,74,easy,4,0,2,2,0,1,1,1
seq11,75,hard,5,1,3,2,0,0,1,1
seq11,76,hard,3,0,2,2,0,1,1,1
seq11,77,hard,4,0,2,2,0,1,1,1
seq11,78,hard,5,0,2,2,0,1,1,1
seq11,79,hard,5,0,2,2,0,1,1,1
seq11,80,hard,5,0,3,2,0,0,1,1
seq11,81,hard,5,0,2,2,0,1,1,1
seq11,82,easy,5,0,2,2,0,1,1,1
seq11,83,hard,5,0,2,2,0,1,1,1
seq11,84,easy,5,0,2,2,0,1,1,1
seq11,85,hard,5,0,2,2,0,1,1,1
seq11,86,hard,5,0,3,3,0,1,1,1
seq11,87,easy,5,0,3,3,0,1,1,1
seq11,88,hard,5,0,2,2,0,1,1,1
seq11,89,hard,5,0,2,2,0,1,1,1
seq11,90,hard,5,0,2,2,0,1,1,1
seq11,91,hard,5,0,2,2,0,1,1,1
seq11,92,easy,5,0,2,2,0,1,1,1
seq11,93,hard,5,0,1,1,0,1,1,1
seq11,94,easy,4,0,1,1,0,1,1,1
seq11,95,easy,4,0,1,1,0,1,1,1
seq11,96,hard,4,0,1,1,0,1,1,1
seq11,97,hard,4,0,1,1,0,1,1,1
seq11,98,hard,4,0,1,1,0,1,1,1
seq11,99,hard,4,0,1,1,0,1,1,1
seq11,100,hard,4,0,1,1,0,1,1,1
seq11,101,hard,4,0,2,2,0,1,1,1
seq11,102,hard,4,0,1,1,0,1,1,1
seq11,103,easy,4,0,3,3,0,1,1,1
seq11,104,hard,4,0,3,3,0,1,1,1
seq11,105,hard,4,0,3,3,0,1,1,1
seq11,106,hard,5,1,3,3,0,1,1,1
seq11,107,hard,4,0,3,3,0,1,1,1
seq11,108,easy,4,1,3,3,0,1,1,1
seq11,109,hard,4,0,3,3,0,1,1,1
seq11,110,hard,4,0,3,3,0,1,1,1
seq11,111,hard,4,0,2,2,0,1,1,1
seq11,112,hard,4,1,3,3,0,1,1,1
seq11,113,easy,4,0,3,3,0,1,1,1
seq11,114,easy,4,0,3,3,0,1,1,1
seq11,115,hard,4,0,2,3,0,0,1,1
seq11,116,hard,3,0,2,-1,0,0,0,1
seq11,117,hard,4,0,3,3,0,1,1,1
seq11,118,easy,4,0,3,3,0,1,1,1
seq11,119,hard,4,0,2,3,0,0,1,1
seq11,120,easy,4,0,-1,3,0,0,1,0
seq11,121,easy,4,0,3,3,0,1,1,1
seq11,122,hard,4,0,3,3,0,1,1,1
seq11,123,hard,4,0,3,3,0,1,1,1
seq11,124,hard,4,0,3,3,0,1,1,1
seq11,125,hard,4,0,1,2,0,0,1,1
seq11,126,hard,4,0,3,3,0,1,1,1
seq11,127,hard,4,0,3,3,0,1,1,1
seq11,128,easy,4,0,3,3,0,1,1,1
seq11,129,easy,4,0,3,3,0,1,1,1
seq11,130,hard,4,0,3,3,0,1,1,1
seq11,131,hard,4,0,3,3,0,1,1,1
seq11,132,hard,4,0,3,3,0,1,1,1
seq11,133,easy,4,0,3,3,0,1,1,1
seq11,134,hard,4,0,3,3,0,1,1,1
seq11,135,hard,4,0,2,2,0,1,1,1
seq11,136,hard,4,0,2,2,0,1,1,1
seq11,137,easy,4,1,3,3,0,1,1,1
seq11,138,easy,4,0,1,1,0,1,1,1
seq11,139,easy,4,0,1,1,0,1,1,1
seq11,140,hard,4,1,2,2,0,1,1,1
seq11,141,easy,4,3,2,2,0,1,1,1
seq11,142,easy,4,3,1,1,0,1,1,1
seq11,143,hard,4,3,2,2,0,1,1,1
seq11,144,easy,4,3,1,1,0,1,1,1
seq11,145,hard,4,0,2,2,0,1,1,1
seq11,146,easy,4,0,3,3,0,1,1,1
seq11,147,easy,4,0,2,2,0,1,1,1
seq11,148,easy,4,0,2,2,0,1,1,1
seq11,149,hard,4,0,3,3,0,1,1,1
seq11,150,easy,5,2,1,1,0,1,1,1
seq11,151,easy,4,2,0,0,0,1,1,1
seq11,152,hard,5,0,3,3,0,1,1,1
seq11,153,easy,4,0,-1,2,0,0,1,0
seq11,154,easy,4,0,2,2,0,1,1,1
seq11,155,easy,4,1,3,3,0,1,1,1
seq11,156,easy,5,2,0,0,0,1,1,1
seq11,157,easy,5,3,1,1,0,1,1,1
seq11,158,hard,5,3,0,0,0,1,1,1
seq11,159,easy,4,3,1,1,0,1,1,1
seq11,160,easy,4,2,0,0,0,1,1,1
seq11,161,easy,5,2,0,0,0,1,1,1
seq11,162,easy,4,3,1,1,0,1,1,1
seq11,163,hard,4,3,2,2,0,1,1,1
seq11,164,easy,4,3,2,2,0,1,1,1
seq11,165,hard,4,0,3,3,0,1,1,1
seq11,166,hard,5,2,3,3,0,1,1,1
seq11,167,hard,4,1,3,3,0,1,1,1
seq11,168,easy,5,2,3,3,0,1,1,1
seq11,169,hard,4,0,2,3,0,0,1,1
seq11,170,easy,5,0,3,3,0,1,1,1
seq11,171,easy,5,0,3,3,0,1,1,1
seq11,172,hard,5,0,3,3,0,1,1,1
seq11,173,hard,5,2,3,3,0,1,1,1
seq11,174,easy,5,2,0,0,0,1,1,1
seq11,175,hard,4,0,1,1,0,1,1,1
seq11,176,easy,4,1,0,0,0,1,1,1
seq11,177,easy,4,0,1,1,0,1,1,1
seq11,178,easy,4,2,3,3,0,1,1,1
seq11,179,hard,4,2,1,1,0,1,1,1
seq11,180,easy,5,1,2,2,0,1,1,1
seq11,181,hard,4,3,1,1,0,1,1,1
seq11,182,hard,4,0,1,1,0,1,1,1
seq11,183,hard,4,0,1,1,0,1,1,1
seq11,184,hard,4,1,0,2,0,0,1,1
seq11,185,hard,4,0,1,1,0,1,1,1
seq11,186,easy,4,0,1,1,0,1,1,1
seq11,187,hard,5,0,1,1,0,1,1,1
seq11,188,hard,5,0,2,2,0,1,1,1
seq11,189,easy,5,0,3,3,0,1,1,1
seq11,190,easy,5,0,1,1,0,1,1,1
seq11,191,hard,5,0,1,2,0,0,1,1
seq11,192,hard,5,0,1,1,0,1,1,1
seq11,193,hard,5,0,2,2,0,1,1,1
seq11,194,hard,5,0,2,2,0,1,1,1
seq11,195,hard,5,0,2,2,0,1,1,1
seq11,196,easy,5,0,2,2,0,1,1,1
seq11,197,hard,5,0,2,2,0,1,1,1
seq11,198,hard,5,0,3,3,0,1,1,1
seq11,199,easy,5,0,2,2,0,1,1,1
seq11,200,hard,5,0,2,2,0,1,1,1
seq11,201,easy,5,0,2,2,0,1,1,1
seq11,202,hard,5,0,2,2,0,1,1,1
seq11,203,easy,5,1,2,2,0,1,1,1
seq11,204,easy,5,1,2,2,0,1,1,1
seq11,205,easy,5,1,2,2,0,1,1,1
seq11,206,hard,5,3,1,1,0,1,1,1
seq11,207,easy,5,2,1,1,0,1,1,1
seq11,208,easy,5,3,1,1,0,1,1,1
seq11,209,easy,5,2,0,0,0,1,1,1
seq11,210,hard,5,1,2,2,0,1,1,1
seq11,211,easy,5,2,0,0,0,1,1,1
seq11,212,hard,4,2,1,1,0,1,1,1
seq11,213,easy,4,2,1,1,0,1,1,1
seq11,214,hard,4,2,1,1,0,1,1,1
seq11,215,easy,4,2,1,1,0,1,1,1
seq11,216,easy,4,1,2,2,0,1,1,1
seq11,217,hard,4,1,2,2,0,1,1,1
seq11,218,easy,4,2,1,1,0,1,1,1
seq11,219,hard,4,1,3,2,0,0,1,1
seq11,220,hard,4,0,3,2,0,0,1,1
seq11,221,easy,5,0,2,2,0,1,1,1
seq11,222,hard,5,1,0,0,0,1,1,1
seq11,223,easy,5,1,0,0,0,1,1,1
seq11,224,hard,5,0,1,1,0,1,1,1
seq11,225,easy,4,2,0,0,0,1,1,1
seq11,226,hard,3,1,0,0,0,1,1,1
seq11,227,hard,4,2,0,0,0,1,1,1
seq11,228,hard,5,2,0,0,0,1,1,1
seq11,229,easy,4,3,0,0,0,1,1,1
seq11,230,hard,5,3,2,1,0,0,1,1
seq11,231,hard,5,3,0,0,0,1,1,1
seq11,232,hard,4,3,1,1,0,1,1,1
seq11,233,hard,4,3,1,1,0,1,1,1
seq11,234,hard,5,3,2,0,0,0,1,1
seq11,235,easy,5,2,0,0,0,1,1,1
seq11,236,hard,5,2,1,1,0,1,1,1
seq11,237,hard,5,3,0,0,0,1,1,1
seq11,238,hard,4,3,1,1,0,1,1,1
seq11,239,easy,4,3,2,2,0,1,1,1
seq11,240,hard,4,3,2,2,0,1,1,1
seq11,241,hard,4,3,0,1,0,0,1,1
seq11,242,easy,4,3,2,2,0,1,1,1
seq11,243,easy,5,3,2,2,0,1,1,1
seq11,244,hard,5,1,3,3,0,1,1,1
seq11,245,hard,5,3,2,2,0,1,1,1
seq11,246,hard,5,1,3,3,0,1,1,1
seq11,247,easy,6,1,3,3,0,1,1,1
seq11,248,easy,6,1,3,3,0,1,1,1
seq11,249,hard,5,1,3,3,0,1,1,1
seq11,250,easy,5,0,3,3,0,1,1,1
seq11,251,hard,5,0,3,3,0,1,1,1
seq11,252,hard,5,0,3,3,0,1,1,1
seq11,253,hard,5,2,3,3,0,1,1,1
seq11,254,hard,4,0,2,2,0,1,1,1
seq11,255,hard,5,1,2,2,0,1,1,1
seq11,256,easy,5,2,1,1,0,1,1,1
seq11,257,easy,5,0,3,3,0,1,1,1
seq11,258,hard,5,1,2,2,0,1,1,1
seq11,259,hard,3,1,2,2,0,1,1,1
seq11,260,hard,4,2,3,1,0,0,1,1
seq11,261,hard,5,2,3,1,0,1,1,1
seq11,262,hard,4,1,2,2,0,1,1,1
seq11,263,hard,3,2,1,1,0,1,1,1
seq11,264,hard,5,2,3,1,0,0,1,1
seq11,265,hard,3,2,1,1,0,1,1,1
seq11,266,hard,4,2,0,0,0,1,1,1
seq11,267,hard,4,3,2,1,0,1,1,1
seq11,268,hard,4,3,2,2,0,1,1,1
seq11,269,hard,4,3,0,1,0,0,1,1
seq11,270,hard,5,3,1,1,0,1,1,1
seq11,271,hard,4,3,1,1,0,1,1,1
seq11,272,easy,4,3,1,1,0,1,1,1
seq11,273,easy,4,3,1,1,0,1,1,1
seq11,274,hard,4,2,1,1,0,1,1,1
seq11,275,easy,4,2,1,1,0,1,1,1
seq11,276,hard,3,2,1,1,0,1,1,1
seq11,277,hard,3,2,1,1,0,1,1,1
seq11,278,hard,3,2,1,1,0,1,1,1
seq11,279,easy,3,2,-1,1,0,0,1,0
seq11,280,hard,3,2,1,1,0,1,1,1
seq11,281,hard,3,1,2,2,0,1,1,1
seq11,282,hard,3,2,1,1,0,1,1,1
seq11,283,hard,3,2,1,1,0,1,1,1
seq11,284,hard,4,2,1,1,0,1,1,1
seq11,285,hard,4,2,1,1,0,1,1,1
seq11,286,hard,3,2,1,1,0,1,1,1
seq11,287,hard,4,2,1,1,0,1,1,1
seq11,288,hard,4,2,1,1,0,1,1,1
seq11,289,easy,5,2,-1,1,0,0,1,0
seq11,290,hard,5,2,1,1,0,1,1,1
seq11,291,hard,4,2,1,1,0,1,1,1
seq11,292,hard,4,1,2,2,0,1,1,1
seq11,293,easy,4,1,-1,2,0,0,1,0
seq11,294,hard,5,1,3,3,0,1,1,1
seq11,295,hard,5,1,2,3,0,0,1,1
seq11,296,hard,4,1,2,-1,0,0,0,1
seq11,297,hard,4,2,1,-1,0,0,0,1
seq11,298,hard,6,2,3,3,0,1,1,1
seq11,299,easy,5,2,-1,-1,0,0,0,0
seq11,300,hard,5,2,1,1,0,1,1,1
seq11,301,hard,5,2,1,1,0,1,1,1
seq11,302,hard,4,2,1,1,0,1,1,1
seq11,303,hard,4,2,1,1,0,1,1,1
seq11,304,hard,5,2,1,-1,0,0,0,1
seq11,305,hard,5,2,1,-1,0,0,0,1
seq11,306,hard,4,2,1,1,0,1,1,1
seq11,307,hard,5,1,2,2,0,1,1,1
seq11,308,hard,4,2,1,1,0,1,1,1
seq11,309,hard,4,2,1,1,0,1,1,1
seq11,310,hard,5,2,1,1,0,1,1,1
seq11,311,hard,4,3,2,1,0,0,1,1
seq11,312,hard,3,2,1,1,0,1,1,1
seq11,313,hard,5,2,1,1,0,1,1,1
seq11,314,hard,4,2,1,1,0,1,1,1
seq11,315,hard,6,1,3,2,0,0,1,1
seq11,316,hard,5,1,2,2,0,1,1,1
seq11,317,hard,6,1,2,2,0,1,1,1
seq11,318,hard,5,1,2,2,0,1,1,1
seq11,319,hard,5,0,2,-1,0,0,0,1
seq11,320,hard,6,0,3,3,0,1,1,1
seq11,321,hard,5,1,2,2,0,1,1,1
seq11,322,hard,4,1,2,-1,0,0,0,1
seq11,323,hard,8,3,2,1,0,0,1,1
seq11,324,hard,5,2,1,1,0,1,1,1
seq11,325,easy,4,2,-1,1,0,0,1,0
seq11,326,hard,5,2,3,3,0,1,1,1
seq11,327,hard,7,2,3,3,0,1,1,1
seq11,328,hard,6,2,3,3,0,1,1,1
seq11,329,easy,5,1,3,3,0,1,1,1
seq11,330,hard,6,2,3,3,0,1,1,1
seq11,331,hard,5,3,0,2,0,0,1,1
seq11,332,easy,7,2,3,3,0,1,1,1
seq11,333,hard,7,3,2,1,0,0,1,1
seq11,334,hard,7,1,3,3,0,1,1,1
seq11,335,hard,7,3,1,1,0,1,1,1
seq11,336,hard,7,2,1,1,0,1,1,1
seq11,337,hard,7,1,2,2,0,1,1,1
seq11,338,easy,6,1,2,2,0,1,1,1
seq11,339,easy,5,1,2,2,0,1,1,1
seq11,340,hard,5,2,1,1,0,1,1,1
seq11,341,easy,5,2,1,1,0,1,1,1
seq11,342,hard,5,2,1,1,0,1,1,1
seq11,343,easy,6,2,1,1,0,1,1,1
seq11,344,easy,6,2,1,1,0,1,1,1
seq11,345,hard,6,1,2,2,0,1,1,1
seq11,346,hard,5,3,1,1,0,1,1,1
seq11,347,easy,6,3,2,2,0,1,1,1
seq11,348,hard,6,3,2,2,0,1,1,1
seq11,349,hard,6,3,2,2,0,1,1,1
seq11,350,easy,6,3,2,2,0,1,1,1
seq11,351,easy,6,2,1,1,0,1,1,1
seq11,352,hard,8,3,2,0,0,0,1,1
seq11,353,easy,6,3,0,0,0,1,1,1
seq11,354,easy,6,2,0,0,0,1,1,1
seq11,355,easy,6,2,0,0,0,1,1,1
seq11,356,easy,7,3,0,0,0,1,1,1
seq11,357,easy,7,3,1,1,0,1,1,1
seq11,358,easy,7,2,0,0,0,1,1,1
seq11,359,easy,7,2,0,0,0,1,1,1
seq11,360,easy,6,2,1,1,0,1,1,1
seq11,361,easy,7,3,1,1,0,1,1,1
seq11,362,easy,7,3,2,2,0,1,1,1
seq11,363,easy,6,2,3,3,0,1,1,1
seq11,364,easy,6,2,1,1,0,1,1,1
seq11,365,hard,6,3,0,0,0,1,1,1
seq11,366,easy,6,2,0,0,0,1,1,1
seq11,367,hard,6,2,1,0,0,0,1,1
seq11,368,hard,6,1,0,0,0,1,1,1
seq11,369,easy,6,2,0,0,0,1,1,1
seq11,370,hard,6,3,0,0,0,1,1,1
seq11,371,easy,6,2,0,0,0,1,1,1
seq11,372,easy,6,2,0,0,0,1,1,1
seq11,373,easy,5,2,0,0,0,1,1,1
seq11,374,easy,6,1,0,0,0,1,1,1
seq11,375,easy,7,2,0,0,0,1,1,1
seq11,376,easy,6,2,0,0,0,1,1,1
seq11,377,easy,7,2,0,0,0,1,1,1
seq11,378,easy,6,1,0,0,0,1,1,1
seq11,379,hard,6,2,1,0,0,0,1,1
seq11,380,easy,6,1,0,0,0,1,1,1
seq11,381,easy,7,1,0,0,0,1,1,1
seq11,382,easy,7,1,0,0,0,1,1,1
seq11,383,easy,8,1,0,0,0,1,1,1
seq11,384,hard,6,1,0,0,0,1,1,1
seq11,385,easy,7,1,0,0,0,1,1,1
seq11,386,easy,7,1,0,0,0,1,1,1
seq11,387,hard,6,1,2,2,0,1,1,1
seq11,388,hard,6,2,0,0,0,1,1,1
seq11,389,hard,6,1,0,0,0,1,1,1
seq11,390,hard,6,1,2,2,0,1,1,1
seq11,391,hard,6,0,2,2,0,1,1,1
seq11,392,hard,5,1,2,2,0,1,1,1
seq11,393,hard,5,0,2,2,0,1,1,1
seq11,394,hard,5,0,1,1,0,1,1,1
seq11,395,hard,5,0,2,2,0,1,1,1
seq11,396,hard,5,0,2,2,0,1,1,1
seq11,397,hard,5,0,1,1,0,1,1,1
seq11,398,hard,5,0,2,2,0,1,1,1
seq11,399,hard,5,0,2,2,0,1,1,1
