cell_id,altitude_m,horizontal_distance_m,snr_db,realization,seed,range_error_m,azimuth_error_deg,elevation_error_deg
0,30.0,20.0,-15.0,0,2032190400,186.7826192828919,-22.999999999999993,-94.44057303311303
0,30.0,20.0,-15.0,1,2032190400,133.58261928289207,36.0,-14.94057303311303
0,30.0,20.0,-15.0,2,2032190400,187.68261928289186,0.49999999999999434,-125.94057303311304
0,30.0,20.0,-15.0,3,2032190400,134.08261928289207,-21.50000000000001,-59.940573033113026
0,30.0,20.0,-15.0,4,2032190400,194.78261928289186,-17.500000000000007,-25.440573033113026
0,30.0,20.0,-15.0,5,2032190400,3.8826192828925272,4.5,-0.4405730331130275
0,30.0,20.0,-15.0,6,2032190400,2.082619282892537,4.5,-0.9405730331130282
0,30.0,20.0,-15.0,7,2032190400,213.28261928289177,-9.99999999999999,-6.440573033113029
0,30.0,20.0,-15.0,8,2032190400,172.38261928289194,6.999999999999997,-129.94057303311305
0,30.0,20.0,-15.0,9,2032190400,-19.917380717107385,-9.499999999999995,-77.44057303311303
0,30.0,20.0,-15.0,10,2032190400,173.18261928289192,-45.49999999999999,-44.440573033113026
0,30.0,20.0,-15.0,11,2032190400,209.3826192828918,-3.500000000000011,-20.44057303311303
0,30.0,20.0,-15.0,12,2032190400,118.78261928289211,33.5,-78.44057303311303
0,30.0,20.0,-15.0,13,2032190400,-5.31738071710744,-4.000000000000005,-6.940573033113024
0,30.0,20.0,-15.0,14,2032190400,1.9826192828925358,2.4999999999999973,7.559426966886978
0,30.0,20.0,-15.0,15,2032190400,63.28261928289231,2.4999999999999973,1.0594269668869747
0,30.0,20.0,-15.0,16,2032190400,194.18261928289186,60.99999999999997,-30.440573033113026
0,30.0,20.0,-15.0,17,2032190400,-10.91738071710742,58.50000000000003,-27.440573033113026
0,30.0,20.0,-15.0,18,2032190400,215.18261928289178,-22.5,-49.440573033113026
0,30.0,20.0,-15.0,19,2032190400,83.08261928289225,59.500000000000014,-59.440573033113026
0,30.0,20.0,-15.0,20,2032190400,90.68261928289222,14.500000000000014,-26.940573033113026
0,30.0,20.0,-15.0,21,2032190400,-5.517380717107436,-1.5000000000000084,0.5594269668869739
0,30.0,20.0,-15.0,22,2032190400,4.282619282892526,-11.499999999999996,1.0594269668869747
0,30.0,20.0,-15.0,23,2032190400,11.382619282892506,2.9999999999999916,-15.940573033113031
0,30.0,20.0,-15.0,24,2032190400,71.5826192828923,-33.5,-70.94057303311303
0,30.0,20.0,-15.0,25,2032190400,4.382619282892527,6.000000000000009,-13.940573033113028
0,30.0,20.0,-15.0,26,2032190400,43.48261928289239,0.9999999999999887,-73.94057303311303
0,30.0,20.0,-15.0,27,2032190400,58.28261928289234,50.999999999999986,-82.44057303311303
0,30.0,20.0,-15.0,28,2032190400,-5.217380717107439,-6.500000000000003,0.5594269668869739
0,30.0,20.0,-15.0,29,2032190400,139.78261928289206,90.0,-8.440573033113026
0,30.0,20.0,-15.0,30,2032190400,51.68261928289236,-19.500000000000007,-96.94057303311304
0,30.0,20.0,-15.0,31,2032190400,-24.81738071710737,-4.999999999999995,1.5594269668869754
0,30.0,20.0,-15.0,32,2032190400,63.982619282892315,9.0,-61.940573033113026
0,30.0,20.0,-15.0,33,2032190400,148.78261928289203,6.000000000000009,-12.940573033113026
0,30.0,20.0,-15.0,34,2032190400,138.48261928289205,46.50000000000001,-86.44057303311303
0,30.0,20.0,-15.0,35,2032190400,215.18261928289178,0.49999999999999434,-129.94057303311305
0,30.0,20.0,-15.0,36,2032190400,150.582619282892,-15.999999999999996,-87.44057303311303
0,30.0,20.0,-15.0,37,2032190400,85.48261928289224,50.500000000000014,-53.940573033113026
0,30.0,20.0,-15.0,38,2032190400,161.18261928289198,-24.000000000000007,-66.94057303311303
0,30.0,20.0,-15.0,39,2032190400,10.082619282892509,0.0,10.559426966886969
0,30.0,20.0,-15.0,40,2032190400,128.78261928289209,-90.0,4.559426966886973
0,30.0,20.0,-15.0,41,2032190400,99.58261928289218,-20.000000000000004,-127.94057303311301
0,30.0,20.0,-15.0,42,2032190400,190.58261928289187,-9.0,-3.4405730331130253
0,30.0,20.0,-15.0,43,2032190400,26.082619282892452,-40.99999999999999,-77.94057303311303
0,30.0,20.0,-15.0,44,2032190400,2.4826192828925358,-2.4999999999999973,-3.940573033113026
0,30.0,20.0,-15.0,45,2032190400,8.68261928289251,6.000000000000009,7.559426966886978
0,30.0,20.0,-15.0,46,2032190400,120.58261928289213,-35.50000000000001,-25.940573033113026
0,30.0,20.0,-15.0,47,2032190400,-14.317380717107405,-30.499999999999986,10.559426966886969
0,30.0,20.0,-15.0,48,2032190400,154.382619282892,-49.00000000000001,-21.940573033113026
0,30.0,20.0,-15.0,49,2032190400,25.88261928289245,90.0,-29.94057303311303
0,30.0,20.0,-15.0,50,2032190400,33.88261928289242,-35.000000000000014,-95.94057303311303
0,30.0,20.0,-15.0,51,2032190400,-5.417380717107438,0.49999999999999434,-1.9405730331130295
0,30.0,20.0,-15.0,52,2032190400,17.08261928289248,35.000000000000014,-39.440573033113026
0,30.0,20.0,-15.0,53,2032190400,151.782619282892,90.0,-12.440573033113026
0,30.0,20.0,-15.0,54,2032190400,157.68261928289198,24.999999999999996,-74.44057303311303
0,30.0,20.0,-15.0,55,2032190400,36.28261928289241,-31.000000000000007,-40.940573033113026
0,30.0,20.0,-15.0,56,2032190400,42.582619282892395,22.999999999999993,-83.94057303311303
0,30.0,20.0,-15.0,57,2032190400,-8.417380717107427,-4.5,-13.440573033113028
0,30.0,20.0,-15.0,58,2032190400,121.9826192828921,9.0,-78.94057303311304
0,30.0,20.0,-15.0,59,2032190400,84.68261928289225,72.99999999999999,-89.94057303311303
0,30.0,20.0,-15.0,60,2032190400,-24.81738071710737,48.000000000000014,-46.440573033113026
0,30.0,20.0,-15.0,61,2032190400,3.782619282892526,-5.4999999999999885,0.5594269668869739
0,30.0,20.0,-15.0,62,2032190400,2.582619282892537,2.0000000000000027,-5.440573033113028
0,30.0,20.0,-15.0,63,2032190400,3.58261928289253,2.9999999999999916,-1.9405730331130295
0,30.0,20.0,-15.0,64,2032190400,156.282619282892,4.000000000000005,-105.44057303311303
0,30.0,20.0,-15.0,65,2032190400,129.98261928289207,-90.0,-117.94057303311303
0,30.0,20.0,-15.0,66,2032190400,37.78261928289241,-45.999999999999986,-107.44057303311303
0,30.0,20.0,-15.0,67,2032190400,214.78261928289177,-18.0,-89.94057303311303
0,30.0,20.0,-15.0,68,2032190400,90.18261928289222,-90.0,-13.940573033113028
0,30.0,20.0,-15.0,69,2032190400,5.082619282892523,-0.9999999999999887,-2.440573033113024
0,30.0,20.0,-15.0,70,2032190400,2.582619282892537,-2.9999999999999916,7.059426966886971
0,30.0,20.0,-15.0,71,2032190400,-9.217380717107424,-2.9999999999999916,-4.440573033113027
0,30.0,20.0,-15.0,72,2032190400,0.9826192828925429,-12.50000000000001,9.059426966886972
0,30.0,20.0,-15.0,73,2032190400,-3.1173807171074444,-1.5000000000000084,5.059426966886967
0,30.0,20.0,-15.0,74,2032190400,172.08261928289193,-83.5,-67.44057303311303
0,30.0,20.0,-15.0,75,2032190400,62.68261928289232,-30.499999999999986,-78.94057303311304
0,30.0,20.0,-15.0,76,2032190400,108.18261928289215,-27.499999999999993,8.059426966886972
0,30.0,20.0,-15.0,77,2032190400,-3.1173807171074444,-9.0,-0.9405730331130282
0,30.0,20.0,-15.0,78,2032190400,51.882619282892364,41.500000000000014,-119.94057303311303
0,30.0,20.0,-15.0,79,2032190400,112.08261928289215,6.500000000000003,-59.440573033113026
0,30.0,20.0,-15.0,80,2032190400,132.38261928289208,20.999999999999993,-30.940573033113026
0,30.0,20.0,-15.0,81,2032190400,171.18261928289195,22.000000000000007,-91.44057303311303
0,30.0,20.0,-15.0,82,2032190400,122.0826192828921,3.500000000000011,-101.94057303311303
0,30.0,20.0,-15.0,83,2032190400,212.7826192828918,-40.5,-82.44057303311303
0,30.0,20.0,-15.0,84,2032190400,-5.117380717107437,-2.0000000000000027,-7.440573033113025
0,30.0,20.0,-15.0,85,2032190400,116.28261928289214,-24.500000000000004,-99.44057303311304
0,30.0,20.0,-15.0,86,2032190400,118.28261928289211,1.5000000000000084,-54.440573033113026
0,30.0,20.0,-15.0,87,2032190400,-24.81738071710737,2.9999999999999916,-19.94057303311303
0,30.0,20.0,-15.0,88,2032190400,23.782619282892455,-72.5,-32.440573033113026
0,30.0,20.0,-15.0,89,2032190400,-21.11738071710738,31.999999999999993,6.059426966886969
0,30.0,20.0,-15.0,90,2032190400,2.9826192828925286,2.0000000000000027,-2.9405730331130244
0,30.0,20.0,-15.0,91,2032190400,0.1826192828925457,-3.500000000000011,-3.940573033113026
0,30.0,20.0,-15.0,92,2032190400,199.58261928289184,90.0,-117.44057303311304
0,30.0,20.0,-15.0,93,2032190400,-1.51738071710745,9.0,-3.4405730331130253
0,30.0,20.0,-15.0,94,2032190400,0.6826192828925386,-4.999999999999995,0.5594269668869739
0,30.0,20.0,-15.0,95,2032190400,36.78261928289241,20.499999999999996,-39.440573033113026
0,30.0,20.0,-15.0,96,2032190400,82.38261928289225,18.0,-85.44057303311303
0,30.0,20.0,-15.0,97,2032190400,109.58261928289215,90.0,-5.440573033113028
0,30.0,20.0,-15.0,98,2032190400,6.4826192828925215,0.9999999999999887,14.559426966886974
0,30.0,20.0,-15.0,99,2032190400,-10.017380717107422,3.500000000000011,20.059426966886974
0,30.0,20.0,-15.0,100,2032190400,-11.517380717107415,-52.0,20.059426966886974
0,30.0,20.0,-15.0,101,2032190400,-16.317380717107397,-51.00000000000001,-48.440573033113026
0,30.0,20.0,-15.0,102,2032190400,70.78261928289228,-36.0,-87.94057303311304
0,30.0,20.0,-15.0,103,2032190400,183.6826192828919,-18.99999999999999,-5.940573033113029
0,30.0,20.0,-15.0,104,2032190400,81.78261928289226,-90.0,-94.44057303311303
0,30.0,20.0,-15.0,105,2032190400,3.782619282892526,1.5000000000000084,-2.440573033113024
0,30.0,20.0,-15.0,106,2032190400,211.3826192828918,-6.999999999999997,-39.440573033113026
0,30.0,20.0,-15.0,107,2032190400,206.0826192828918,-88.0,-99.44057303311304
0,30.0,20.0,-15.0,108,2032190400,184.5826192828919,83.00000000000003,-19.94057303311303
0,30.0,20.0,-15.0,109,2032190400,-24.81738071710737,-88.0,2.5594269668869702
0,30.0,20.0,-15.0,110,2032190400,215.18261928289178,18.99999999999999,-28.94057303311303
0,30.0,20.0,-15.0,111,2032190400,123.5826192828921,-2.0000000000000027,-41.440573033113026
0,30.0,20.0,-15.0,112,2032190400,4.882619282892527,-4.999999999999995,2.059426966886976
0,30.0,20.0,-15.0,113,2032190400,11.882619282892499,-5.4999999999999885,-4.440573033113027
0,30.0,20.0,-15.0,114,2032190400,136.68261928289206,-2.4999999999999973,-55.440573033113026
0,30.0,20.0,-15.0,115,2032190400,207.2826192828918,6.500000000000003,-61.44057303311303
0,30.0,20.0,-15.0,116,2032190400,-1.8173807171074543,-4.999999999999995,2.059426966886976
0,30.0,20.0,-15.0,117,2032190400,-3.1173807171074444,0.9999999999999887,2.059426966886976
0,30.0,20.0,-15.0,118,2032190400,74.48261928289227,24.500000000000004,-33.940573033113026
0,30.0,20.0,-15.0,119,2032190400,18.982619282892472,40.5,-69.94057303311303
0,30.0,20.0,-15.0,120,2032190400,35.282619282892426,-0.9999999999999887,12.559426966886972
0,30.0,20.0,-15.0,121,2032190400,181.6826192828919,-45.999999999999986,-31.940573033113026
0,30.0,20.0,-15.0,122,2032190400,0.6826192828925386,-0.9999999999999887,3.0594269668869774
0,30.0,20.0,-15.0,123,2032190400,5.38261928289252,0.49999999999999434,-4.440573033113027
0,30.0,20.0,-15.0,124,2032190400,6.782619282892519,0.9999999999999887,-1.4405730331130289
0,30.0,20.0,-15.0,125,2032190400,-24.81738071710737,-9.99999999999999,-32.940573033113026
0,30.0,20.0,-15.0,126,2032190400,134.88261928289205,-47.5,-84.94057303311303
0,30.0,20.0,-15.0,127,2032190400,159.18261928289198,-65.5,-60.940573033113026
0,30.0,20.0,-15.0,128,2032190400,141.78261928289203,-2.4999999999999973,1.5594269668869754
0,30.0,20.0,-15.0,129,2032190400,-13.817380717107408,11.999999999999991,-1.4405730331130289
0,30.0,20.0,-15.0,130,2032190400,195.38261928289185,75.49999999999999,-26.440573033113026
0,30.0,20.0,-15.0,131,2032190400,160.78261928289197,-90.0,-85.44057303311303
0,30.0,20.0,-15.0,132,2032190400,152.982619282892,-13.999999999999995,-126.44057303311304
0,30.0,20.0,-15.0,133,2032190400,-5.31738071710744,-1.5000000000000084,2.5594269668869702
0,30.0,20.0,-15.0,134,2032190400,90.68261928289222,-32.500000000000014,-12.940573033113026
0,30.0,20.0,-15.0,135,2032190400,24.282619282892455,-24.000000000000007,-67.94057303311304
0,30.0,20.0,-15.0,136,2032190400,69.4826192828923,-1.5000000000000084,-46.94057303311303
0,30.0,20.0,-15.0,137,2032190400,10.482619282892507,4.999999999999995,3.0594269668869774
0,30.0,20.0,-15.0,138,2032190400,207.48261928289182,-90.0,0.05942696688697322
0,30.0,20.0,-15.0,139,2032190400,-6.717380717107432,6.500000000000003,-6.440573033113029
0,30.0,20.0,-15.0,140,2032190400,-17.617380717107395,4.5,-10.44057303311303
0,30.0,20.0,-15.0,141,2032190400,204.88261928289182,76.0,-11.940573033113024
0,30.0,20.0,-15.0,142,2032190400,-4.117380717107444,-3.500000000000011,-1.4405730331130289
0,30.0,20.0,-15.0,143,2032190400,210.1826192828918,40.00000000000001,-38.440573033113026
0,30.0,20.0,-15.0,144,2032190400,9.382619282892506,4.999999999999995,-7.940573033113026
0,30.0,20.0,-15.0,145,2032190400,30.282619282892426,-13.5,-16.440573033113026
0,30.0,20.0,-15.0,146,2032190400,109.58261928289215,22.5,-62.44057303311303
0,30.0,20.0,-15.0,147,2032190400,22.18261928289246,-4.000000000000005,-26.440573033113026
0,30.0,20.0,-15.0,148,2032190400,113.08261928289215,90.0,-111.94057303311303
0,30.0,20.0,-15.0,149,2032190400,189.98261928289187,90.0,-10.94057303311303
0,30.0,20.0,-15.0,150,2032190400,49.08261928289237,77.0,-38.94057303311303
0,30.0,20.0,-15.0,151,2032190400,-9.017380717107425,-2.0000000000000027,-7.940573033113026
0,30.0,20.0,-15.0,152,2032190400,204.5826192828918,-55.50000000000001,-4.9405730331130275
0,30.0,20.0,-15.0,153,2032190400,100.98261928289219,32.500000000000014,2.059426966886976
0,30.0,20.0,-15.0,154,2032190400,91.08261928289222,-35.50000000000001,-67.44057303311303
0,30.0,20.0,-15.0,155,2032190400,-24.81738071710737,-45.0,-7.440573033113025
0,30.0,20.0,-15.0,156,2032190400,122.38261928289211,90.0,-112.94057303311304
0,30.0,20.0,-15.0,157,2032190400,149.48261928289202,-45.999999999999986,-1.4405730331130289
0,30.0,20.0,-15.0,158,2032190400,11.582619282892502,-24.500000000000004,-10.44057303311303
0,30.0,20.0,-15.0,159,2032190400,0.8826192828925414,5.4999999999999885,-3.940573033113026
0,30.0,20.0,-15.0,160,2032190400,-23.017380717107375,-43.0,-69.44057303311303
0,30.0,20.0,-15.0,161,2032190400,128.28261928289209,31.000000000000007,-54.940573033113026
0,30.0,20.0,-15.0,162,2032190400,-8.617380717107427,1.5000000000000084,-3.4405730331130253
0,30.0,20.0,-15.0,163,2032190400,79.68261928289226,-90.0,-5.940573033113029
0,30.0,20.0,-15.0,164,2032190400,211.3826192828918,25.499999999999993,-69.94057303311303
0,30.0,20.0,-15.0,165,2032190400,100.2826192828922,22.5,-53.440573033113026
0,30.0,20.0,-15.0,166,2032190400,4.282619282892526,-4.000000000000005,-1.4405730331130289
0,30.0,20.0,-15.0,167,2032190400,80.48261928289226,90.0,-32.440573033113026
0,30.0,20.0,-15.0,168,2032190400,138.28261928289206,-9.0,-81.44057303311304
0,30.0,20.0,-15.0,169,2032190400,149.88261928289202,31.5,-55.440573033113026
0,30.0,20.0,-15.0,170,2032190400,185.38261928289188,4.5,-78.94057303311304
0,30.0,20.0,-15.0,171,2032190400,-17.617380717107395,-43.0,-81.94057303311303
0,30.0,20.0,-15.0,172,2032190400,205.2826192828918,-17.500000000000007,-43.940573033113026
0,30.0,20.0,-15.0,173,2032190400,0.48261928289254286,-0.49999999999999434,13.559426966886972
0,30.0,20.0,-15.0,174,2032190400,22.482619282892465,-37.50000000000001,-73.94057303311303
0,30.0,20.0,-15.0,175,2032190400,-10.61738071710742,11.000000000000004,5.059426966886967
0,30.0,20.0,-15.0,176,2032190400,-8.11738071710743,-2.9999999999999916,8.55942696688698
0,30.0,20.0,-15.0,177,2032190400,6.082619282892523,5.4999999999999885,-4.9405730331130275
0,30.0,20.0,-15.0,178,2032190400,3.1826192828925315,-0.9999999999999887,-8.940573033113028
0,30.0,20.0,-15.0,179,2032190400,-24.81738071710737,-34.0,-3.4405730331130253
0,30.0,20.0,-15.0,180,2032190400,198.58261928289184,32.500000000000014,-7.940573033113026
0,30.0,20.0,-15.0,181,2032190400,-10.017380717107422,25.499999999999993,-47.44057303311303
0,30.0,20.0,-15.0,182,2032190400,194.18261928289186,-1.5000000000000084,-22.940573033113026
0,30.0,20.0,-15.0,183,2032190400,88.78261928289223,24.000000000000007,-17.440573033113026
0,30.0,20.0,-15.0,184,2032190400,-21.017380717107383,-6.500000000000003,-31.440573033113026
0,30.0,20.0,-15.0,185,2032190400,-3.2173807171074458,-4.000000000000005,1.0594269668869747
0,30.0,20.0,-15.0,186,2032190400,34.18261928289242,90.0,19.559426966886967
0,30.0,20.0,-15.0,187,2032190400,154.282619282892,-90.0,-84.44057303311303
0,30.0,20.0,-15.0,188,2032190400,63.38261928289232,40.99999999999999,-68.94057303311303
0,30.0,20.0,-15.0,189,2032190400,-24.81738071710737,-90.0,-14.94057303311303
0,30.0,20.0,-15.0,190,2032190400,181.6826192828919,19.500000000000007,9.059426966886972
0,30.0,20.0,-15.0,191,2032190400,39.2826192828924,-2.0000000000000027,20.059426966886974
0,30.0,20.0,-15.0,192,2032190400,103.58261928289218,9.99999999999999,-28.44057303311303
0,30.0,20.0,-15.0,193,2032190400,-7.817380717107429,9.499999999999995,-5.440573033113028
0,30.0,20.0,-15.0,194,2032190400,154.382619282892,-90.0,-93.94057303311303
0,30.0,20.0,-15.0,195,2032190400,-24.81738071710737,20.000000000000004,-19.94057303311303
0,30.0,20.0,-15.0,196,2032190400,113.08261928289215,-90.0,-15.44057303311303
0,30.0,20.0,-15.0,197,2032190400,35.482619282892415,90.0,-123.44057303311304
0,30.0,20.0,-15.0,198,2032190400,148.28261928289203,-90.0,-118.94057303311301
0,30.0,20.0,-15.0,199,2032190400,22.782619282892462,49.49999999999997,-84.94057303311303
0,30.0,20.0,-10.0,0,2032190401,-1.4173807171074486,0.0,0.05942696688697322
0,30.0,20.0,-10.0,1,2032190401,118.88261928289211,-52.49999999999999,-29.440573033113022
0,30.0,20.0,-10.0,2,2032190401,3.6826192828925315,-8.500000000000005,-0.9405730331130282
0,30.0,20.0,-10.0,3,2032190401,-1.7173807171074529,0.49999999999999434,-5.440573033113028
0,30.0,20.0,-10.0,4,2032190401,-0.017380717107457144,0.9999999999999887,0.05942696688697322
0,30.0,20.0,-10.0,5,2032190401,195.48261928289185,-51.5,-92.44057303311304
0,30.0,20.0,-10.0,6,2032190401,-20.617380717107384,-4.999999999999995,-19.94057303311303
0,30.0,20.0,-10.0,7,2032190401,-8.11738071710743,-1.5000000000000084,0.05942696688697322
0,30.0,20.0,-10.0,8,2032190401,1.78261928289254,-0.49999999999999434,-0.9405730331130282
0,30.0,20.0,-10.0,9,2032190401,-1.8173807171074543,-2.4999999999999973,2.059426966886976
0,30.0,20.0,-10.0,10,2032190401,130.58261928289207,-59.999999999999986,-75.44057303311303
0,30.0,20.0,-10.0,11,2032190401,-2.9173807171074486,2.9999999999999916,0.05942696688697322
0,30.0,20.0,-10.0,12,2032190401,28.382619282892442,4.000000000000005,-4.440573033113027
0,30.0,20.0,-10.0,13,2032190401,155.982619282892,15.000000000000009,-16.440573033113026
0,30.0,20.0,-10.0,14,2032190401,205.38261928289182,47.5,-54.440573033113026
0,30.0,20.0,-10.0,15,2032190401,2.282619282892533,2.4999999999999973,3.5594269668869716
0,30.0,20.0,-10.0,16,2032190401,199.08261928289184,-18.99999999999999,-26.940573033113026
0,30.0,20.0,-10.0,17,2032190401,160.18261928289198,67.0,-72.44057303311304
0,30.0,20.0,-10.0,18,2032190401,6.282619282892519,-2.4999999999999973,-3.940573033113026
0,30.0,20.0,-10.0,19,2032190401,-2.6173807171074515,-2.0000000000000027,4.059426966886979
0,30.0,20.0,-10.0,20,2032190401,2.9826192828925286,-2.9999999999999916,0.5594269668869739
0,30.0,20.0,-10.0,21,2032190401,118.18261928289212,29.999999999999993,-50.440573033113026
0,30.0,20.0,-10.0,22,2032190401,32.68261928289243,90.0,-20.44057303311303
0,30.0,20.0,-10.0,23,2032190401,16.382619282892485,-2.0000000000000027,-3.4405730331130253
0,30.0,20.0,-10.0,24,2032190401,-19.71738071710739,-41.500000000000014,20.059426966886974
0,30.0,20.0,-10.0,25,2032190401,5.182619282892524,6.000000000000009,-5.440573033113028
0,30.0,20.0,-10.0,26,2032190401,6.88261928289252,-0.49999999999999434,-4.440573033113027
0,30.0,20.0,-10.0,27,2032190401,130.6826192828921,-20.499999999999996,-40.940573033113026
0,30.0,20.0,-10.0,28,2032190401,84.38261928289225,33.00000000000001,-79.94057303311303
0,30.0,20.0,-10.0,29,2032190401,-6.817380717107433,0.49999999999999434,-4.9405730331130275
0,30.0,20.0,-10.0,30,2032190401,-12.217380717107414,-2.0000000000000027,-7.440573033113025
0,30.0,20.0,-10.0,31,2032190401,-7.61738071710743,1.5000000000000084,-1.4405730331130289
0,30.0,20.0,-10.0,32,2032190401,3.58261928289253,0.9999999999999887,-1.4405730331130289
0,30.0,20.0,-10.0,33,2032190401,213.4826192828918,-30.499999999999986,-50.940573033113026
0,30.0,20.0,-10.0,34,2032190401,-1.51738071710745,1.5000000000000084,2.059426966886976
0,30.0,20.0,-10.0,35,2032190401,189.98261928289187,-90.0,-85.94057303311304
0,30.0,20.0,-10.0,36,2032190401,0.6826192828925386,0.49999999999999434,2.059426966886976
0,30.0,20.0,-10.0,37,2032190401,21.982619282892465,26.500000000000007,20.059426966886974
0,30.0,20.0,-10.0,38,2032190401,3.08261928289253,-3.500000000000011,-5.940573033113029
0,30.0,20.0,-10.0,39,2032190401,85.58261928289224,-90.0,1.0594269668869747
0,30.0,20.0,-10.0,40,2032190401,213.4826192828918,90.0,-103.94057303311304
0,30.0,20.0,-10.0,41,2032190401,1.6826192828925386,-0.9999999999999887,-0.9405730331130282
0,30.0,20.0,-10.0,42,2032190401,-1.1173807171074515,2.9999999999999916,1.5594269668869754
0,30.0,20.0,-10.0,43,2032190401,158.78261928289197,42.00000000000001,-111.44057303311303
0,30.0,20.0,-10.0,44,2032190401,-1.3173807171074543,0.49999999999999434,1.0594269668869747
0,30.0,20.0,-10.0,45,2032190401,83.08261928289225,-1.5000000000000084,-58.440573033113026
0,30.0,20.0,-10.0,46,2032190401,-20.017380717107386,52.00000000000002,-22.440573033113026
0,30.0,20.0,-10.0,47,2032190401,39.682619282892404,-90.0,-3.940573033113026
0,30.0,20.0,-10.0,48,2032190401,6.88261928289252,1.5000000000000084,-4.9405730331130275
0,30.0,20.0,-10.0,49,2032190401,80.18261928289226,25.499999999999993,2.059426966886976
0,30.0,20.0,-10.0,50,2032190401,-0.8173807171074543,1.5000000000000084,1.0594269668869747
0,30.0,20.0,-10.0,51,2032190401,-3.317380717107447,4.000000000000005,2.059426966886976
0,30.0,20.0,-10.0,52,2032190401,1.0826192828925372,0.49999999999999434,-1.4405730331130289
0,30.0,20.0,-10.0,53,2032190401,2.4826192828925358,0.9999999999999887,-3.4405730331130253
0,30.0,20.0,-10.0,54,2032190401,-6.517380717107436,-5.4999999999999885,3.0594269668869774
0,30.0,20.0,-10.0,55,2032190401,2.082619282892537,-2.0000000000000027,-2.440573033113024
0,30.0,20.0,-10.0,56,2032190401,3.9826192828925286,2.0000000000000027,-5.940573033113029
0,30.0,20.0,-10.0,57,2032190401,0.6826192828925386,-1.5000000000000084,1.5594269668869754
0,30.0,20.0,-10.0,58,2032190401,-0.7173807171074529,-2.0000000000000027,-3.940573033113026
0,30.0,20.0,-10.0,59,2032190401,0.48261928289254286,-2.0000000000000027,3.0594269668869774
0,30.0,20.0,-10.0,60,2032190401,-3.9173807171074415,4.000000000000005,-2.9405730331130244
0,30.0,20.0,-10.0,61,2032190401,198.28261928289183,-43.0,-26.940573033113026
0,30.0,20.0,-10.0,62,2032190401,23.282619282892462,20.499999999999996,-6.440573033113029
0,30.0,20.0,-10.0,63,2032190401,-0.017380717107457144,-2.4999999999999973,0.5594269668869739
0,30.0,20.0,-10.0,64,2032190401,0.9826192828925429,2.9999999999999916,-3.940573033113026
0,30.0,20.0,-10.0,65,2032190401,-1.51738071710745,-2.0000000000000027,-0.9405730331130282
0,30.0,20.0,-10.0,66,2032190401,0.1826192828925457,8.500000000000005,-1.9405730331130295
0,30.0,20.0,-10.0,67,2032190401,98.58261928289221,-11.499999999999996,-49.440573033113026
0,30.0,20.0,-10.0,68,2032190401,62.88261928289232,-38.5,-33.44057303311303
0,30.0,20.0,-10.0,69,2032190401,-4.517380717107443,0.9999999999999887,-5.440573033113028
0,30.0,20.0,-10.0,70,2032190401,5.38261928289252,0.49999999999999434,-2.440573033113024
0,30.0,20.0,-10.0,71,2032190401,146.68261928289203,-13.999999999999995,-50.940573033113026
0,30.0,20.0,-10.0,72,2032190401,-6.617380717107434,0.9999999999999887,4.059426966886979
0,30.0,20.0,-10.0,73,2032190401,-0.11738071710745857,-2.9999999999999916,-2.9405730331130244
0,30.0,20.0,-10.0,74,2032190401,5.182619282892524,2.4999999999999973,-3.940573033113026
0,30.0,20.0,-10.0,75,2032190401,69.38261928289229,62.49999999999998,-52.44057303311303
0,30.0,20.0,-10.0,76,2032190401,152.682619282892,11.499999999999996,-108.94057303311303
0,30.0,20.0,-10.0,77,2032190401,-24.81738071710737,2.9999999999999916,8.55942696688698
0,30.0,20.0,-10.0,78,2032190401,-10.817380717107419,4.999999999999995,1.5594269668869754
0,30.0,20.0,-10.0,79,2032190401,22.082619282892466,11.999999999999991,-12.940573033113026
0,30.0,20.0,-10.0,80,2032190401,1.28261928289254,-0.9999999999999887,2.059426966886976
0,30.0,20.0,-10.0,81,2032190401,5.582619282892523,0.0,-1.4405730331130289
0,30.0,20.0,-10.0,82,2032190401,215.18261928289178,-90.0,-7.440573033113025
0,30.0,20.0,-10.0,83,2032190401,-0.9173807171074557,3.500000000000011,2.059426966886976
0,30.0,20.0,-10.0,84,2032190401,-2.51738071710745,2.4999999999999973,0.05942696688697322
0,30.0,20.0,-10.0,85,2032190401,47.182619282892375,-90.0,-12.940573033113026
0,30.0,20.0,-10.0,86,2032190401,116.28261928289214,6.000000000000009,-35.940573033113026
0,30.0,20.0,-10.0,87,2032190401,1.1826192828925386,4.5,-1.4405730331130289
0,30.0,20.0,-10.0,88,2032190401,162.38261928289197,49.00000000000001,-11.940573033113024
0,30.0,20.0,-10.0,89,2032190401,1.3826192828925343,4.5,-2.440573033113024
0,30.0,20.0,-10.0,90,2032190401,8.482619282892514,2.0000000000000027,1.5594269668869754
0,30.0,20.0,-10.0,91,2032190401,175.3826192828919,-90.0,-121.94057303311304
0,30.0,20.0,-10.0,92,2032190401,78.88261928289226,-90.0,-77.94057303311303
0,30.0,20.0,-10.0,93,2032190401,3.6826192828925315,1.5000000000000084,-2.440573033113024
0,30.0,20.0,-10.0,94,2032190401,1.78261928289254,-2.9999999999999916,-3.4405730331130253
0,30.0,20.0,-10.0,95,2032190401,97.68261928289218,-16.499999999999993,-93.44057303311303
0,30.0,20.0,-10.0,96,2032190401,1.5826192828925372,-1.5000000000000084,-1.4405730331130289
0,30.0,20.0,-10.0,97,2032190401,215.18261928289178,48.000000000000014,-78.44057303311303
0,30.0,20.0,-10.0,98,2032190401,4.282619282892526,2.4999999999999973,-2.9405730331130244
0,30.0,20.0,-10.0,99,2032190401,-0.7173807171074529,0.9999999999999887,-4.440573033113027
0,30.0,20.0,-10.0,100,2032190401,-4.717380717107439,2.0000000000000027,3.0594269668869774
0,30.0,20.0,-10.0,101,2032190401,-3.317380717107447,2.4999999999999973,2.5594269668869702
0,30.0,20.0,-10.0,102,2032190401,181.4826192828919,82.50000000000001,-111.94057303311303
0,30.0,20.0,-10.0,103,2032190401,3.3826192828925343,2.0000000000000027,2.059426966886976
0,30.0,20.0,-10.0,104,2032190401,-23.817380717107373,38.99999999999999,-69.94057303311303
0,30.0,20.0,-10.0,105,2032190401,-9.317380717107426,5.4999999999999885,3.5594269668869716
0,30.0,20.0,-10.0,106,2032190401,178.4826192828919,77.50000000000001,-70.44057303311303
0,30.0,20.0,-10.0,107,2032190401,81.18261928289226,-54.999999999999986,-77.94057303311303
0,30.0,20.0,-10.0,108,2032190401,123.68261928289209,-53.50000000000001,-22.940573033113026
0,30.0,20.0,-10.0,109,2032190401,207.9826192828918,-27.499999999999993,-37.440573033113026
0,30.0,20.0,-10.0,110,2032190401,-4.017380717107443,4.999999999999995,4.059426966886979
0,30.0,20.0,-10.0,111,2032190401,21.882619282892463,-6.000000000000009,-88.44057303311303
0,30.0,20.0,-10.0,112,2032190401,64.98261928289232,27.99999999999999,-29.94057303311303
0,30.0,20.0,-10.0,113,2032190401,1.78261928289254,0.49999999999999434,-0.9405730331130282
0,30.0,20.0,-10.0,114,2032190401,-12.217380717107414,20.000000000000004,13.559426966886972
0,30.0,20.0,-10.0,115,2032190401,66.78261928289231,-36.49999999999999,-27.94057303311303
0,30.0,20.0,-10.0,116,2032190401,-0.7173807171074529,3.500000000000011,0.05942696688697322
0,30.0,20.0,-10.0,117,2032190401,182.4826192828919,74.5,-15.940573033113031
0,30.0,20.0,-10.0,118,2032190401,-9.517380717107422,4.5,2.5594269668869702
0,30.0,20.0,-10.0,119,2032190401,-1.7173807171074529,-1.5000000000000084,-1.4405730331130289
0,30.0,20.0,-10.0,120,2032190401,69.68261928289229,0.9999999999999887,-50.440573033113026
0,30.0,20.0,-10.0,121,2032190401,0.48261928289254286,5.4999999999999885,0.5594269668869739
0,30.0,20.0,-10.0,122,2032190401,184.88261928289188,54.50000000000002,-77.94057303311303
0,30.0,20.0,-10.0,123,2032190401,199.58261928289184,-18.99999999999999,-64.44057303311303
0,30.0,20.0,-10.0,124,2032190401,3.282619282892533,-2.4999999999999973,0.05942696688697322
0,30.0,20.0,-10.0,125,2032190401,145.68261928289203,-26.00000000000001,-66.94057303311303
0,30.0,20.0,-10.0,126,2032190401,-5.117380717107437,2.9999999999999916,2.059426966886976
0,30.0,20.0,-10.0,127,2032190401,5.9826192828925215,0.0,-2.440573033113024
0,30.0,20.0,-10.0,128,2032190401,-0.9173807171074557,5.4999999999999885,0.5594269668869739
0,30.0,20.0,-10.0,129,2032190401,-1.1173807171074515,0.9999999999999887,0.5594269668869739
0,30.0,20.0,-10.0,130,2032190401,-0.017380717107457144,0.0,-2.440573033113024
0,30.0,20.0,-10.0,131,2032190401,0.78261928289254,0.0,-2.9405730331130244
0,30.0,20.0,-10.0,132,2032190401,-4.017380717107443,0.0,-4.440573033113027
0,30.0,20.0,-10.0,133,2032190401,-2.7173807171074458,0.49999999999999434,-1.4405730331130289
0,30.0,20.0,-10.0,134,2032190401,127.4826192828921,-72.5,-73.44057303311303
0,30.0,20.0,-10.0,135,2032190401,2.1826192828925315,-0.9999999999999887,2.059426966886976
0,30.0,20.0,-10.0,136,2032190401,3.08261928289253,-0.9999999999999887,-2.440573033113024
0,30.0,20.0,-10.0,137,2032190401,3.9826192828925286,2.0000000000000027,1.5594269668869754
0,30.0,20.0,-10.0,138,2032190401,132.98261928289207,59.999999999999986,-129.94057303311305
0,30.0,20.0,-10.0,139,2032190401,137.38261928289205,-37.50000000000001,-97.44057303311303
0,30.0,20.0,-10.0,140,2032190401,-3.1173807171074444,3.500000000000011,-3.4405730331130253
0,30.0,20.0,-10.0,141,2032190401,1.28261928289254,0.9999999999999887,2.059426966886976
0,30.0,20.0,-10.0,142,2032190401,-1.0173807171074571,0.9999999999999887,-2.440573033113024
0,30.0,20.0,-10.0,143,2032190401,-3.9173807171074415,-2.0000000000000027,-1.4405730331130289
0,30.0,20.0,-10.0,144,2032190401,68.6826192828923,-1.5000000000000084,-0.9405730331130282
0,30.0,20.0,-10.0,145,2032190401,-1.7173807171074529,0.49999999999999434,3.5594269668869716
0,30.0,20.0,-10.0,146,2032190401,-8.617380717107427,-2.4999999999999973,0.05942696688697322
0,30.0,20.0,-10.0,147,2032190401,1.8826192828925343,6.000000000000009,-0.4405730331130275
0,30.0,20.0,-10.0,148,2032190401,-4.9173807171074415,-4.999999999999995,1.0594269668869747
0,30.0,20.0,-10.0,149,2032190401,149.38261928289202,68.50000000000001,-118.94057303311301
0,30.0,20.0,-10.0,150,2032190401,-2.9173807171074486,2.9999999999999916,0.5594269668869739
0,30.0,20.0,-10.0,151,2032190401,-4.017380717107443,-0.9999999999999887,-2.440573033113024
0,30.0,20.0,-10.0,152,2032190401,17.48261928289248,-11.499999999999996,-72.94057303311303
0,30.0,20.0,-10.0,153,2032190401,-0.4173807171074557,0.0,3.0594269668869774
0,30.0,20.0,-10.0,154,2032190401,9.18261928289251,1.5000000000000084,-3.4405730331130253
0,30.0,20.0,-10.0,155,2032190401,-0.6173807171074515,2.9999999999999916,-4.9405730331130275
0,30.0,20.0,-10.0,156,2032190401,-0.5173807171074571,4.5,-1.4405730331130289
0,30.0,20.0,-10.0,157,2032190401,1.78261928289254,4.000000000000005,0.5594269668869739
0,30.0,20.0,-10.0,158,2032190401,-0.5173807171074571,-4.000000000000005,1.0594269668869747
0,30.0,20.0,-10.0,159,2032190401,7.982619282892514,7.499999999999991,-4.9405730331130275
0,30.0,20.0,-10.0,160,2032190401,-0.11738071710745857,-2.4999999999999973,-2.9405730331130244
0,30.0,20.0,-10.0,161,2032190401,-8.517380717107429,-2.4999999999999973,-0.4405730331130275
0,30.0,20.0,-10.0,162,2032190401,94.58261928289221,59.500000000000014,-74.94057303311303
0,30.0,20.0,-10.0,163,2032190401,189.68261928289186,-90.0,-99.94057303311303
0,30.0,20.0,-10.0,164,2032190401,38.482619282892415,35.50000000000001,-67.44057303311303
0,30.0,20.0,-10.0,165,2032190401,-0.9173807171074557,-0.9999999999999887,1.0594269668869747
0,30.0,20.0,-10.0,166,2032190401,5.182619282892524,-1.5000000000000084,1.0594269668869747
0,30.0,20.0,-10.0,167,2032190401,25.782619282892455,-66.5,-52.940573033113026
0,30.0,20.0,-10.0,168,2032190401,5.082619282892523,6.000000000000009,4.559426966886973
0,30.0,20.0,-10.0,169,2032190401,-3.7173807171074458,0.49999999999999434,6.059426966886969
0,30.0,20.0,-10.0,170,2032190401,-24.81738071710737,-1.5000000000000084,4.059426966886979
0,30.0,20.0,-10.0,171,2032190401,13.982619282892493,2.9999999999999916,-5.440573033113028
0,30.0,20.0,-10.0,172,2032190401,-0.9173807171074557,-4.000000000000005,-2.440573033113024
0,30.0,20.0,-10.0,173,2032190401,61.28261928289233,76.0,-111.94057303311303
0,30.0,20.0,-10.0,174,2032190401,38.482619282892415,-58.00000000000001,-26.440573033113026
0,30.0,20.0,-10.0,175,2032190401,2.4826192828925358,-0.9999999999999887,2.5594269668869702
0,30.0,20.0,-10.0,176,2032190401,76.28261928289227,-0.49999999999999434,-24.94057303311303
0,30.0,20.0,-10.0,177,2032190401,189.08261928289187,-57.000000000000014,-39.440573033113026
0,30.0,20.0,-10.0,178,2032190401,-1.9173807171074486,0.9999999999999887,5.559426966886974
0,30.0,20.0,-10.0,179,2032190401,5.4826192828925215,2.0000000000000027,1.0594269668869747
0,30.0,20.0,-10.0,180,2032190401,65.6826192828923,29.999999999999993,-69.44057303311303
0,30.0,20.0,-10.0,181,2032190401,1.5826192828925372,4.999999999999995,2.059426966886976
0,30.0,20.0,-10.0,182,2032190401,2.282619282892533,6.000000000000009,-0.4405730331130275
0,30.0,20.0,-10.0,183,2032190401,-3.7173807171074458,-6.000000000000009,0.5594269668869739
0,30.0,20.0,-10.0,184,2032190401,1.0826192828925372,-0.49999999999999434,-1.9405730331130295
0,30.0,20.0,-10.0,185,2032190401,199.78261928289183,90.0,-117.44057303311304
0,30.0,20.0,-10.0,186,2032190401,1.8826192828925343,0.49999999999999434,1.5594269668869754
0,30.0,20.0,-10.0,187,2032190401,203.88261928289182,-21.50000000000001,-37.440573033113026
0,30.0,20.0,-10.0,188,2032190401,193.58261928289187,-17.00000000000001,-86.44057303311303
0,30.0,20.0,-10.0,189,2032190401,1.6826192828925386,1.5000000000000084,3.5594269668869716
0,30.0,20.0,-10.0,190,2032190401,-2.01738071710745,1.5000000000000084,-1.4405730331130289
0,30.0,20.0,-10.0,191,2032190401,3.782619282892526,2.9999999999999916,-0.4405730331130275
0,30.0,20.0,-10.0,192,2032190401,2.3826192828925343,4.5,-2.440573033113024
0,30.0,20.0,-10.0,193,2032190401,173.58261928289193,-90.0,-37.440573033113026
0,30.0,20.0,-10.0,194,2032190401,-2.6173807171074515,-2.9999999999999916,1.5594269668869754
0,30.0,20.0,-10.0,195,2032190401,4.682619282892524,0.49999999999999434,-4.440573033113027
0,30.0,20.0,-10.0,196,2032190401,-11.517380717107415,8.00000000000001,3.0594269668869774
0,30.0,20.0,-10.0,197,2032190401,-1.1173807171074515,-4.999999999999995,-4.440573033113027
0,30.0,20.0,-10.0,198,2032190401,0.38261928289254143,1.5000000000000084,-6.940573033113024
0,30.0,20.0,-10.0,199,2032190401,93.48261928289222,12.50000000000001,-50.440573033113026
0,30.0,20.0,-5.0,0,2032190402,-1.2173807171074529,-4.000000000000005,2.059426966886976
0,30.0,20.0,-5.0,1,2032190402,2.1826192828925315,-2.9999999999999916,-0.4405730331130275
0,30.0,20.0,-5.0,2,2032190402,-1.7173807171074529,-4.5,-0.9405730331130282
0,30.0,20.0,-5.0,3,2032190402,-1.4173807171074486,0.0,-1.4405730331130289
0,30.0,20.0,-5.0,4,2032190402,-0.4173807171074557,0.0,0.05942696688697322
0,30.0,20.0,-5.0,5,2032190402,-2.6173807171074515,0.9999999999999887,0.05942696688697322
0,30.0,20.0,-5.0,6,2032190402,0.6826192828925386,2.0000000000000027,1.0594269668869747
0,30.0,20.0,-5.0,7,2032190402,3.782619282892526,-2.0000000000000027,-0.4405730331130275
0,30.0,20.0,-5.0,8,2032190402,1.6826192828925386,-0.49999999999999434,-0.4405730331130275
0,30.0,20.0,-5.0,9,2032190402,2.3826192828925343,0.0,-0.4405730331130275
0,30.0,20.0,-5.0,10,2032190402,4.682619282892524,-0.49999999999999434,2.059426966886976
0,30.0,20.0,-5.0,11,2032190402,4.582619282892523,0.49999999999999434,4.059426966886979
0,30.0,20.0,-5.0,12,2032190402,1.4826192828925358,-2.4999999999999973,-0.4405730331130275
0,30.0,20.0,-5.0,13,2032190402,-3.9173807171074415,-1.5000000000000084,0.5594269668869739
0,30.0,20.0,-5.0,14,2032190402,-0.4173807171074557,0.0,-2.440573033113024
0,30.0,20.0,-5.0,15,2032190402,0.9826192828925429,0.0,2.059426966886976
0,30.0,20.0,-5.0,16,2032190402,-0.21738071710746,0.0,0.05942696688697322
0,30.0,20.0,-5.0,17,2032190402,1.3826192828925343,-0.49999999999999434,-2.440573033113024
0,30.0,20.0,-5.0,18,2032190402,1.1826192828925386,1.5000000000000084,-0.4405730331130275
0,30.0,20.0,-5.0,19,2032190402,2.4826192828925358,0.9999999999999887,1.5594269668869754
0,30.0,20.0,-5.0,20,2032190402,3.9826192828925286,-0.9999999999999887,-2.9405730331130244
0,30.0,20.0,-5.0,21,2032190402,0.38261928289254143,0.9999999999999887,-1.4405730331130289
0,30.0,20.0,-5.0,22,2032190402,0.28261928289254,0.9999999999999887,-2.440573033113024
0,30.0,20.0,-5.0,23,2032190402,-3.9173807171074415,-2.9999999999999916,-1.9405730331130295
0,30.0,20.0,-5.0,24,2032190402,1.8826192828925343,-0.9999999999999887,0.5594269668869739
0,30.0,20.0,-5.0,25,2032190402,-23.517380717107372,9.0,-1.4405730331130289
0,30.0,20.0,-5.0,26,2032190402,-6.017380717107436,-2.0000000000000027,0.5594269668869739
0,30.0,20.0,-5.0,27,2032190402,-1.9173807171074486,-0.9999999999999887,-0.4405730331130275
0,30.0,20.0,-5.0,28,2032190402,-3.8173807171074436,0.0,0.5594269668869739
0,30.0,20.0,-5.0,29,2032190402,0.78261928289254,2.4999999999999973,1.0594269668869747
0,30.0,20.0,-5.0,30,2032190402,-1.6173807171074515,-0.9999999999999887,1.0594269668869747
0,30.0,20.0,-5.0,31,2032190402,0.5826192828925372,0.0,-0.9405730331130282
0,30.0,20.0,-5.0,32,2032190402,-0.7173807171074529,1.5000000000000084,-4.440573033113027
0,30.0,20.0,-5.0,33,2032190402,78.28261928289227,62.000000000000014,-51.44057303311303
0,30.0,20.0,-5.0,34,2032190402,0.6826192828925386,-0.49999999999999434,0.05942696688697322
0,30.0,20.0,-5.0,35,2032190402,-0.4173807171074557,0.49999999999999434,-1.4405730331130289
0,30.0,20.0,-5.0,36,2032190402,3.6826192828925315,2.9999999999999916,4.059426966886979
0,30.0,20.0,-5.0,37,2032190402,4.882619282892527,2.0000000000000027,0.5594269668869739
0,30.0,20.0,-5.0,38,2032190402,1.5826192828925372,1.5000000000000084,-2.440573033113024
0,30.0,20.0,-5.0,39,2032190402,5.4826192828925215,0.9999999999999887,1.0594269668869747
0,30.0,20.0,-5.0,40,2032190402,1.6826192828925386,-0.49999999999999434,-0.4405730331130275
0,30.0,20.0,-5.0,41,2032190402,25.88261928289245,3.500000000000011,1.5594269668869754
0,30.0,20.0,-5.0,42,2032190402,1.1826192828925386,0.49999999999999434,0.5594269668869739
0,30.0,20.0,-5.0,43,2032190402,-2.1173807171074515,-0.49999999999999434,4.059426966886979
0,30.0,20.0,-5.0,44,2032190402,-0.4173807171074557,-0.49999999999999434,1.0594269668869747
0,30.0,20.0,-5.0,45,2032190402,-2.51738071710745,-0.49999999999999434,-2.440573033113024
0,30.0,20.0,-5.0,46,2032190402,-0.8173807171074543,-2.0000000000000027,-0.9405730331130282
0,30.0,20.0,-5.0,47,2032190402,-1.3173807171074543,-0.49999999999999434,1.5594269668869754
0,30.0,20.0,-5.0,48,2032190402,-0.6173807171074515,0.49999999999999434,-1.4405730331130289
0,30.0,20.0,-5.0,49,2032190402,2.9826192828925286,0.0,0.5594269668869739
0,30.0,20.0,-5.0,50,2032190402,27.482619282892443,4.000000000000005,0.5594269668869739
0,30.0,20.0,-5.0,51,2032190402,3.282619282892533,2.0000000000000027,0.5594269668869739
0,30.0,20.0,-5.0,52,2032190402,-0.11738071710745857,0.49999999999999434,0.05942696688697322
0,30.0,20.0,-5.0,53,2032190402,0.6826192828925386,1.5000000000000084,2.059426966886976
0,30.0,20.0,-5.0,54,2032190402,2.4826192828925358,-0.49999999999999434,-0.9405730331130282
0,30.0,20.0,-5.0,55,2032190402,215.18261928289178,-90.0,-92.94057303311303
0,30.0,20.0,-5.0,56,2032190402,3.08261928289253,0.49999999999999434,-1.4405730331130289
0,30.0,20.0,-5.0,57,2032190402,-4.117380717107444,-2.0000000000000027,4.059426966886979
0,30.0,20.0,-5.0,58,2032190402,-8.417380717107427,0.0,-1.4405730331130289
0,30.0,20.0,-5.0,59,2032190402,89.58261928289222,90.0,-105.44057303311303
0,30.0,20.0,-5.0,60,2032190402,2.282619282892533,4.000000000000005,-0.9405730331130282
0,30.0,20.0,-5.0,61,2032190402,-0.4173807171074557,0.9999999999999887,-0.4405730331130275
0,30.0,20.0,-5.0,62,2032190402,2.6826192828925315,-2.9999999999999916,0.5594269668869739
0,30.0,20.0,-5.0,63,2032190402,1.8826192828925343,-2.0000000000000027,-1.4405730331130289
0,30.0,20.0,-5.0,64,2032190402,-2.9173807171074486,0.49999999999999434,-1.4405730331130289
0,30.0,20.0,-5.0,65,2032190402,0.08261928289254428,-0.49999999999999434,0.05942696688697322
0,30.0,20.0,-5.0,66,2032190402,-0.4173807171074557,-1.5000000000000084,-1.4405730331130289
0,30.0,20.0,-5.0,67,2032190402,0.6826192828925386,-0.9999999999999887,-0.4405730331130275
0,30.0,20.0,-5.0,68,2032190402,-1.1173807171074515,-0.49999999999999434,0.05942696688697322
0,30.0,20.0,-5.0,69,2032190402,-1.6173807171074515,0.49999999999999434,-0.4405730331130275
0,30.0,20.0,-5.0,70,2032190402,5.082619282892523,-0.9999999999999887,-0.9405730331130282
0,30.0,20.0,-5.0,71,2032190402,-1.51738071710745,-3.500000000000011,3.5594269668869716
0,30.0,20.0,-5.0,72,2032190402,1.4826192828925358,0.9999999999999887,-1.9405730331130295
0,30.0,20.0,-5.0,73,2032190402,6.282619282892519,0.49999999999999434,2.5594269668869702
0,30.0,20.0,-5.0,74,2032190402,0.78261928289254,-2.0000000000000027,-1.4405730331130289
0,30.0,20.0,-5.0,75,2032190402,0.38261928289254143,0.0,-0.9405730331130282
0,30.0,20.0,-5.0,76,2032190402,-2.6173807171074515,-1.5000000000000084,-1.9405730331130295
0,30.0,20.0,-5.0,77,2032190402,-2.2173807171074458,2.0000000000000027,-0.9405730331130282
0,30.0,20.0,-5.0,78,2032190402,0.38261928289254143,0.0,0.5594269668869739
0,30.0,20.0,-5.0,79,2032190402,-0.21738071710746,-2.0000000000000027,1.0594269668869747
0,30.0,20.0,-5.0,80,2032190402,-3.0173807171074465,-0.9999999999999887,0.5594269668869739
0,30.0,20.0,-5.0,81,2032190402,-6.417380717107434,1.5000000000000084,2.059426966886976
0,30.0,20.0,-5.0,82,2032190402,74.28261928289228,53.000000000000014,-47.94057303311303
0,30.0,20.0,-5.0,83,2032190402,-2.2173807171074458,-0.9999999999999887,1.0594269668869747
0,30.0,20.0,-5.0,84,2032190402,-3.6173807171074444,0.9999999999999887,-1.4405730331130289
0,30.0,20.0,-5.0,85,2032190402,3.6826192828925315,-0.49999999999999434,-0.9405730331130282
0,30.0,20.0,-5.0,86,2032190402,0.9826192828925429,-0.49999999999999434,0.05942696688697322
0,30.0,20.0,-5.0,87,2032190402,-1.51738071710745,0.0,1.5594269668869754
0,30.0,20.0,-5.0,88,2032190402,-6.017380717107436,0.9999999999999887,2.059426966886976
0,30.0,20.0,-5.0,89,2032190402,3.58261928289253,0.49999999999999434,1.0594269668869747
0,30.0,20.0,-5.0,90,2032190402,-3.517380717107443,1.5000000000000084,4.559426966886973
0,30.0,20.0,-5.0,91,2032190402,-1.1173807171074515,-0.49999999999999434,-0.9405730331130282
0,30.0,20.0,-5.0,92,2032190402,1.4826192828925358,0.9999999999999887,2.059426966886976
0,30.0,20.0,-5.0,93,2032190402,0.6826192828925386,0.49999999999999434,0.05942696688697322
0,30.0,20.0,-5.0,94,2032190402,-2.2173807171074458,0.49999999999999434,-1.9405730331130295
0,30.0,20.0,-5.0,95,2032190402,-4.31738071710744,-0.9999999999999887,1.0594269668869747
0,30.0,20.0,-5.0,96,2032190402,-1.4173807171074486,-2.0000000000000027,-0.9405730331130282
0,30.0,20.0,-5.0,97,2032190402,1.9826192828925358,0.9999999999999887,-1.9405730331130295
0,30.0,20.0,-5.0,98,2032190402,1.0826192828925372,0.49999999999999434,0.05942696688697322
0,30.0,20.0,-5.0,99,2032190402,-5.617380717107437,0.49999999999999434,0.05942696688697322
0,30.0,20.0,-5.0,100,2032190402,-1.4173807171074486,-2.4999999999999973,1.0594269668869747
0,30.0,20.0,-5.0,101,2032190402,-2.51738071710745,-1.5000000000000084,-0.4405730331130275
0,30.0,20.0,-5.0,102,2032190402,-3.417380717107445,0.9999999999999887,0.5594269668869739
0,30.0,20.0,-5.0,103,2032190402,-0.11738071710745857,0.49999999999999434,0.5594269668869739
0,30.0,20.0,-5.0,104,2032190402,-2.817380717107447,-2.0000000000000027,1.0594269668869747
0,30.0,20.0,-5.0,105,2032190402,1.9826192828925358,-2.9999999999999916,0.05942696688697322
0,30.0,20.0,-5.0,106,2032190402,-1.9173807171074486,1.5000000000000084,-1.9405730331130295
0,30.0,20.0,-5.0,107,2032190402,2.582619282892537,0.49999999999999434,1.0594269668869747
0,30.0,20.0,-5.0,108,2032190402,-0.3173807171074543,0.0,-0.4405730331130275
0,30.0,20.0,-5.0,109,2032190402,-3.8173807171074436,0.0,-3.4405730331130253
0,30.0,20.0,-5.0,110,2032190402,0.5826192828925372,0.9999999999999887,0.5594269668869739
0,30.0,20.0,-5.0,111,2032190402,-1.7173807171074529,0.49999999999999434,0.05942696688697322
0,30.0,20.0,-5.0,112,2032190402,-4.017380717107443,1.5000000000000084,0.5594269668869739
0,30.0,20.0,-5.0,113,2032190402,-0.9173807171074557,-0.49999999999999434,-0.4405730331130275
0,30.0,20.0,-5.0,114,2032190402,0.48261928289254286,0.9999999999999887,1.5594269668869754
0,30.0,20.0,-5.0,115,2032190402,-0.017380717107457144,2.0000000000000027,-0.9405730331130282
0,30.0,20.0,-5.0,116,2032190402,0.1826192828925457,0.9999999999999887,0.5594269668869739
0,30.0,20.0,-5.0,117,2032190402,-1.9173807171074486,0.49999999999999434,-3.940573033113026
0,30.0,20.0,-5.0,118,2032190402,-1.0173807171074571,0.9999999999999887,0.5594269668869739
0,30.0,20.0,-5.0,119,2032190402,-0.8173807171074543,2.0000000000000027,-0.9405730331130282
0,30.0,20.0,-5.0,120,2032190402,1.78261928289254,2.9999999999999916,2.059426966886976
0,30.0,20.0,-5.0,121,2032190402,-0.3173807171074543,-0.9999999999999887,-1.9405730331130295
0,30.0,20.0,-5.0,122,2032190402,-3.8173807171074436,0.9999999999999887,0.5594269668869739
0,30.0,20.0,-5.0,123,2032190402,0.08261928289254428,-0.49999999999999434,1.0594269668869747
0,30.0,20.0,-5.0,124,2032190402,2.582619282892537,0.0,0.5594269668869739
0,30.0,20.0,-5.0,125,2032190402,-1.0173807171074571,0.49999999999999434,-1.4405730331130289
0,30.0,20.0,-5.0,126,2032190402,118.78261928289211,56.5,-24.44057303311303
0,30.0,20.0,-5.0,127,2032190402,-0.11738071710745857,-1.5000000000000084,1.0594269668869747
0,30.0,20.0,-5.0,128,2032190402,1.78261928289254,-0.9999999999999887,-1.4405730331130289
0,30.0,20.0,-5.0,129,2032190402,-1.3173807171074543,0.49999999999999434,-0.9405730331130282
0,30.0,20.0,-5.0,130,2032190402,0.5826192828925372,-2.9999999999999916,2.5594269668869702
0,30.0,20.0,-5.0,131,2032190402,54.68261928289235,-13.999999999999995,20.059426966886974
0,30.0,20.0,-5.0,132,2032190402,-2.9173807171074486,-2.0000000000000027,0.05942696688697322
0,30.0,20.0,-5.0,133,2032190402,-6.317380717107433,0.9999999999999887,-1.9405730331130295
0,30.0,20.0,-5.0,134,2032190402,0.8826192828925414,-0.9999999999999887,-0.4405730331130275
0,30.0,20.0,-5.0,135,2032190402,-1.3173807171074543,-2.4999999999999973,-4.440573033113027
0,30.0,20.0,-5.0,136,2032190402,-0.5173807171074571,-1.5000000000000084,-0.4405730331130275
0,30.0,20.0,-5.0,137,2032190402,2.782619282892533,1.5000000000000084,0.5594269668869739
0,30.0,20.0,-5.0,138,2032190402,-1.7173807171074529,0.9999999999999887,5.559426966886974
0,30.0,20.0,-5.0,139,2032190402,3.58261928289253,1.5000000000000084,0.5594269668869739
0,30.0,20.0,-5.0,140,2032190402,0.9826192828925429,0.49999999999999434,2.059426966886976
0,30.0,20.0,-5.0,141,2032190402,-5.217380717107439,0.9999999999999887,-1.9405730331130295
0,30.0,20.0,-5.0,142,2032190402,0.6826192828925386,-1.5000000000000084,-0.9405730331130282
0,30.0,20.0,-5.0,143,2032190402,2.782619282892533,2.9999999999999916,2.5594269668869702
0,30.0,20.0,-5.0,144,2032190402,0.6826192828925386,-1.5000000000000084,0.5594269668869739
0,30.0,20.0,-5.0,145,2032190402,1.8826192828925343,1.5000000000000084,-0.4405730331130275
0,30.0,20.0,-5.0,146,2032190402,1.5826192828925372,0.49999999999999434,-0.9405730331130282
0,30.0,20.0,-5.0,147,2032190402,2.782619282892533,1.5000000000000084,0.5594269668869739
0,30.0,20.0,-5.0,148,2032190402,2.782619282892533,1.5000000000000084,0.05942696688697322
0,30.0,20.0,-5.0,149,2032190402,-2.7173807171074458,-1.5000000000000084,0.05942696688697322
0,30.0,20.0,-5.0,150,2032190402,0.38261928289254143,2.0000000000000027,2.059426966886976
0,30.0,20.0,-5.0,151,2032190402,-4.617380717107441,4.000000000000005,1.0594269668869747
0,30.0,20.0,-5.0,152,2032190402,-0.11738071710745857,-2.0000000000000027,-1.4405730331130289
0,30.0,20.0,-5.0,153,2032190402,0.6826192828925386,0.49999999999999434,0.05942696688697322
0,30.0,20.0,-5.0,154,2032190402,-3.1173807171074444,1.5000000000000084,-0.9405730331130282
0,30.0,20.0,-5.0,155,2032190402,-0.21738071710746,-2.4999999999999973,-1.9405730331130295
0,30.0,20.0,-5.0,156,2032190402,2.582619282892537,0.49999999999999434,0.05942696688697322
0,30.0,20.0,-5.0,157,2032190402,-3.0173807171074465,1.5000000000000084,-1.9405730331130295
0,30.0,20.0,-5.0,158,2032190402,1.28261928289254,0.0,3.5594269668869716
0,30.0,20.0,-5.0,159,2032190402,-0.5173807171074571,-0.49999999999999434,-2.440573033113024
0,30.0,20.0,-5.0,160,2032190402,-3.0173807171074465,-2.0000000000000027,0.5594269668869739
0,30.0,20.0,-5.0,161,2032190402,0.9826192828925429,-0.9999999999999887,0.05942696688697322
0,30.0,20.0,-5.0,162,2032190402,0.28261928289254,-0.9999999999999887,1.0594269668869747
0,30.0,20.0,-5.0,163,2032190402,10.482619282892507,-1.5000000000000084,-0.9405730331130282
0,30.0,20.0,-5.0,164,2032190402,0.5826192828925372,-0.9999999999999887,1.0594269668869747
0,30.0,20.0,-5.0,165,2032190402,1.3826192828925343,-0.9999999999999887,-1.4405730331130289
0,30.0,20.0,-5.0,166,2032190402,-3.1173807171074444,-1.5000000000000084,-0.9405730331130282
0,30.0,20.0,-5.0,167,2032190402,0.78261928289254,2.0000000000000027,-1.4405730331130289
0,30.0,20.0,-5.0,168,2032190402,-1.6173807171074515,2.4999999999999973,-0.4405730331130275
0,30.0,20.0,-5.0,169,2032190402,1.4826192828925358,-0.49999999999999434,0.5594269668869739
0,30.0,20.0,-5.0,170,2032190402,1.28261928289254,1.5000000000000084,0.5594269668869739
0,30.0,20.0,-5.0,171,2032190402,-3.1173807171074444,0.9999999999999887,-0.4405730331130275
0,30.0,20.0,-5.0,172,2032190402,-2.2173807171074458,2.4999999999999973,-1.4405730331130289
0,30.0,20.0,-5.0,173,2032190402,2.082619282892537,0.0,-1.9405730331130295
0,30.0,20.0,-5.0,174,2032190402,1.3826192828925343,0.9999999999999887,2.059426966886976
0,30.0,20.0,-5.0,175,2032190402,-0.3173807171074543,-0.9999999999999887,-1.4405730331130289
0,30.0,20.0,-5.0,176,2032190402,2.1826192828925315,2.4999999999999973,0.5594269668869739
0,30.0,20.0,-5.0,177,2032190402,5.782619282892526,0.0,-0.4405730331130275
0,30.0,20.0,-5.0,178,2032190402,-0.11738071710745857,1.5000000000000084,1.5594269668869754
0,30.0,20.0,-5.0,179,2032190402,-2.1173807171074515,-0.49999999999999434,-3.940573033113026
0,30.0,20.0,-5.0,180,2032190402,0.48261928289254286,-2.0000000000000027,-0.4405730331130275
0,30.0,20.0,-5.0,181,2032190402,2.282619282892533,-0.49999999999999434,-1.9405730331130295
0,30.0,20.0,-5.0,182,2032190402,-1.7173807171074529,-0.9999999999999887,-1.9405730331130295
0,30.0,20.0,-5.0,183,2032190402,0.6826192828925386,-0.49999999999999434,0.05942696688697322
0,30.0,20.0,-5.0,184,2032190402,0.28261928289254,0.49999999999999434,-1.4405730331130289
0,30.0,20.0,-5.0,185,2032190402,-3.2173807171074458,0.0,-1.9405730331130295
0,30.0,20.0,-5.0,186,2032190402,-1.7173807171074529,0.49999999999999434,-0.9405730331130282
0,30.0,20.0,-5.0,187,2032190402,4.08261928289253,2.4999999999999973,0.05942696688697322
0,30.0,20.0,-5.0,188,2032190402,-1.51738071710745,0.9999999999999887,-0.9405730331130282
0,30.0,20.0,-5.0,189,2032190402,4.982619282892529,-0.49999999999999434,-1.9405730331130295
0,30.0,20.0,-5.0,190,2032190402,-1.51738071710745,0.0,0.05942696688697322
0,30.0,20.0,-5.0,191,2032190402,-2.817380717107447,-0.49999999999999434,-0.4405730331130275
0,30.0,20.0,-5.0,192,2032190402,-3.1173807171074444,-0.9999999999999887,-0.4405730331130275
0,30.0,20.0,-5.0,193,2032190402,-2.9173807171074486,1.5000000000000084,-2.440573033113024
0,30.0,20.0,-5.0,194,2032190402,-1.51738071710745,-2.0000000000000027,0.05942696688697322
0,30.0,20.0,-5.0,195,2032190402,-1.51738071710745,2.0000000000000027,0.05942696688697322
0,30.0,20.0,-5.0,196,2032190402,0.08261928289254428,0.49999999999999434,1.0594269668869747
0,30.0,20.0,-5.0,197,2032190402,0.48261928289254286,2.9999999999999916,0.5594269668869739
0,30.0,20.0,-5.0,198,2032190402,-0.8173807171074543,0.9999999999999887,-1.9405730331130295
0,30.0,20.0,-5.0,199,2032190402,-0.11738071710745857,1.5000000000000084,-2.440573033113024
0,30.0,20.0,0.0,0,2032190403,-0.9173807171074557,0.49999999999999434,-0.4405730331130275
0,30.0,20.0,0.0,1,2032190403,1.5826192828925372,0.49999999999999434,0.5594269668869739
0,30.0,20.0,0.0,2,2032190403,-0.21738071710746,-0.9999999999999887,0.5594269668869739
0,30.0,20.0,0.0,3,2032190403,-1.3173807171074543,0.49999999999999434,1.5594269668869754
0,30.0,20.0,0.0,4,2032190403,-0.7173807171074529,0.49999999999999434,0.05942696688697322
0,30.0,20.0,0.0,5,2032190403,-0.4173807171074557,0.0,1.0594269668869747
0,30.0,20.0,0.0,6,2032190403,0.6826192828925386,-0.49999999999999434,-0.4405730331130275
0,30.0,20.0,0.0,7,2032190403,-2.1173807171074515,0.9999999999999887,-1.9405730331130295
0,30.0,20.0,0.0,8,2032190403,0.08261928289254428,0.0,0.05942696688697322
0,30.0,20.0,0.0,9,2032190403,-1.3173807171074543,-0.9999999999999887,-0.4405730331130275
0,30.0,20.0,0.0,10,2032190403,0.5826192828925372,-1.5000000000000084,-1.4405730331130289
0,30.0,20.0,0.0,11,2032190403,-1.7173807171074529,0.0,-1.4405730331130289
0,30.0,20.0,0.0,12,2032190403,-1.0173807171074571,0.9999999999999887,0.05942696688697322
0,30.0,20.0,0.0,13,2032190403,-1.9173807171074486,-0.9999999999999887,0.05942696688697322
0,30.0,20.0,0.0,14,2032190403,-0.11738071710745857,0.0,-1.4405730331130289
0,30.0,20.0,0.0,15,2032190403,-1.0173807171074571,-0.9999999999999887,-0.4405730331130275
0,30.0,20.0,0.0,16,2032190403,-1.7173807171074529,-0.9999999999999887,-0.4405730331130275
0,30.0,20.0,0.0,17,2032190403,-0.11738071710745857,0.0,0.5594269668869739
0,30.0,20.0,0.0,18,2032190403,2.1826192828925315,-0.9999999999999887,-0.9405730331130282
0,30.0,20.0,0.0,19,2032190403,-3.7173807171074458,0.49999999999999434,0.05942696688697322
0,30.0,20.0,0.0,20,2032190403,0.48261928289254286,-0.49999999999999434,1.5594269668869754
0,30.0,20.0,0.0,21,2032190403,0.28261928289254,0.9999999999999887,-1.4405730331130289
0,30.0,20.0,0.0,22,2032190403,-1.2173807171074529,0.9999999999999887,0.05942696688697322
0,30.0,20.0,0.0,23,2032190403,-0.8173807171074543,1.5000000000000084,-0.4405730331130275
0,30.0,20.0,0.0,24,2032190403,-0.3173807171074543,-0.49999999999999434,-0.4405730331130275
0,30.0,20.0,0.0,25,2032190403,0.48261928289254286,-0.9999999999999887,-0.4405730331130275
0,30.0,20.0,0.0,26,2032190403,1.78261928289254,2.4999999999999973,0.5594269668869739
0,30.0,20.0,0.0,27,2032190403,-0.3173807171074543,-0.49999999999999434,1.5594269668869754
0,30.0,20.0,0.0,28,2032190403,-0.21738071710746,-0.49999999999999434,0.05942696688697322
0,30.0,20.0,0.0,29,2032190403,-0.11738071710745857,-1.5000000000000084,-1.4405730331130289
0,30.0,20.0,0.0,30,2032190403,0.28261928289254,0.49999999999999434,1.5594269668869754
0,30.0,20.0,0.0,31,2032190403,-1.7173807171074529,0.0,0.5594269668869739
0,30.0,20.0,0.0,32,2032190403,-1.1173807171074515,0.49999999999999434,0.5594269668869739
0,30.0,20.0,0.0,33,2032190403,-0.11738071710745857,1.5000000000000084,0.05942696688697322
0,30.0,20.0,0.0,34,2032190403,-0.11738071710745857,0.0,-0.4405730331130275
0,30.0,20.0,0.0,35,2032190403,-0.5173807171074571,0.0,0.5594269668869739
0,30.0,20.0,0.0,36,2032190403,2.6826192828925315,0.9999999999999887,-0.4405730331130275
0,30.0,20.0,0.0,37,2032190403,-0.21738071710746,0.0,0.05942696688697322
0,30.0,20.0,0.0,38,2032190403,-1.2173807171074529,0.9999999999999887,-0.4405730331130275
0,30.0,20.0,0.0,39,2032190403,-0.017380717107457144,-0.49999999999999434,1.5594269668869754
0,30.0,20.0,0.0,40,2032190403,-1.4173807171074486,0.0,-0.4405730331130275
0,30.0,20.0,0.0,41,2032190403,1.3826192828925343,0.49999999999999434,0.05942696688697322
0,30.0,20.0,0.0,42,2032190403,1.3826192828925343,0.49999999999999434,-0.4405730331130275
0,30.0,20.0,0.0,43,2032190403,0.38261928289254143,0.49999999999999434,0.05942696688697322
0,30.0,20.0,0.0,44,2032190403,2.282619282892533,-0.9999999999999887,-0.9405730331130282
0,30.0,20.0,0.0,45,2032190403,0.6826192828925386,-0.49999999999999434,-1.4405730331130289
0,30.0,20.0,0.0,46,2032190403,1.0826192828925372,-1.5000000000000084,0.5594269668869739
0,30.0,20.0,0.0,47,2032190403,-3.2173807171074458,-0.49999999999999434,-0.4405730331130275
0,30.0,20.0,0.0,48,2032190403,-1.1173807171074515,-0.9999999999999887,0.05942696688697322
0,30.0,20.0,0.0,49,2032190403,-1.4173807171074486,0.9999999999999887,0.05942696688697322
0,30.0,20.0,0.0,50,2032190403,0.6826192828925386,0.49999999999999434,0.05942696688697322
0,30.0,20.0,0.0,51,2032190403,-2.1173807171074515,0.9999999999999887,-0.9405730331130282
0,30.0,20.0,0.0,52,2032190403,-0.7173807171074529,0.9999999999999887,0.5594269668869739
0,30.0,20.0,0.0,53,2032190403,-1.7173807171074529,0.0,0.05942696688697322
0,30.0,20.0,0.0,54,2032190403,-2.317380717107447,0.49999999999999434,0.05942696688697322
0,30.0,20.0,0.0,55,2032190403,-1.9173807171074486,-0.49999999999999434,0.05942696688697322
0,30.0,20.0,0.0,56,2032190403,-0.11738071710745857,0.49999999999999434,1.5594269668869754
0,30.0,20.0,0.0,57,2032190403,-0.3173807171074543,0.49999999999999434,1.0594269668869747
0,30.0,20.0,0.0,58,2032190403,0.6826192828925386,-0.49999999999999434,-2.440573033113024
0,30.0,20.0,0.0,59,2032190403,0.8826192828925414,2.0000000000000027,0.5594269668869739
0,30.0,20.0,0.0,60,2032190403,-0.017380717107457144,-0.49999999999999434,-0.4405730331130275
0,30.0,20.0,0.0,61,2032190403,0.28261928289254,-0.49999999999999434,0.05942696688697322
0,30.0,20.0,0.0,62,2032190403,-2.51738071710745,0.0,0.05942696688697322
0,30.0,20.0,0.0,63,2032190403,-1.0173807171074571,0.0,1.0594269668869747
0,30.0,20.0,0.0,64,2032190403,-0.9173807171074557,-0.9999999999999887,-0.4405730331130275
0,30.0,20.0,0.0,65,2032190403,1.78261928289254,0.49999999999999434,-0.9405730331130282
0,30.0,20.0,0.0,66,2032190403,0.9826192828925429,0.0,0.5594269668869739
0,30.0,20.0,0.0,67,2032190403,-0.8173807171074543,0.9999999999999887,-0.4405730331130275
0,30.0,20.0,0.0,68,2032190403,-0.017380717107457144,0.49999999999999434,0.05942696688697322
0,30.0,20.0,0.0,69,2032190403,-0.017380717107457144,0.9999999999999887,-0.9405730331130282
0,30.0,20.0,0.0,70,2032190403,0.8826192828925414,0.0,0.5594269668869739
0,30.0,20.0,0.0,71,2032190403,1.9826192828925358,0.49999999999999434,0.05942696688697322
0,30.0,20.0,0.0,72,2032190403,0.48261928289254286,-2.0000000000000027,0.05942696688697322
0,30.0,20.0,0.0,73,2032190403,2.8826192828925343,-1.5000000000000084,-0.4405730331130275
0,30.0,20.0,0.0,74,2032190403,0.28261928289254,0.0,0.05942696688697322
0,30.0,20.0,0.0,75,2032190403,1.9826192828925358,-0.9999999999999887,0.05942696688697322
0,30.0,20.0,0.0,76,2032190403,0.08261928289254428,-0.9999999999999887,-1.9405730331130295
0,30.0,20.0,0.0,77,2032190403,0.48261928289254286,-0.9999999999999887,0.5594269668869739
0,30.0,20.0,0.0,78,2032190403,-1.2173807171074529,1.5000000000000084,1.0594269668869747
0,30.0,20.0,0.0,79,2032190403,0.48261928289254286,-2.4999999999999973,0.05942696688697322
0,30.0,20.0,0.0,80,2032190403,-0.4173807171074557,0.9999999999999887,-0.9405730331130282
0,30.0,20.0,0.0,81,2032190403,0.38261928289254143,1.5000000000000084,0.5594269668869739
0,30.0,20.0,0.0,82,2032190403,-0.5173807171074571,0.49999999999999434,0.05942696688697322
0,30.0,20.0,0.0,83,2032190403,0.38261928289254143,0.49999999999999434,-0.9405730331130282
0,30.0,20.0,0.0,84,2032190403,0.6826192828925386,-0.49999999999999434,-0.9405730331130282
0,30.0,20.0,0.0,85,2032190403,-1.1173807171074515,1.5000000000000084,0.5594269668869739
0,30.0,20.0,0.0,86,2032190403,0.38261928289254143,0.9999999999999887,0.05942696688697322
0,30.0,20.0,0.0,87,2032190403,0.08261928289254428,0.9999999999999887,0.5594269668869739
0,30.0,20.0,0.0,88,2032190403,1.1826192828925386,-0.49999999999999434,1.0594269668869747
0,30.0,20.0,0.0,89,2032190403,0.78261928289254,0.49999999999999434,-0.9405730331130282
0,30.0,20.0,0.0,90,2032190403,-0.6173807171074515,0.49999999999999434,0.05942696688697322
0,30.0,20.0,0.0,91,2032190403,2.782619282892533,-0.49999999999999434,1.5594269668869754
0,30.0,20.0,0.0,92,2032190403,-0.7173807171074529,0.0,-0.4405730331130275
0,30.0,20.0,0.0,93,2032190403,-0.3173807171074543,0.49999999999999434,0.5594269668869739
0,30.0,20.0,0.0,94,2032190403,0.48261928289254286,-0.9999999999999887,-2.440573033113024
0,30.0,20.0,0.0,95,2032190403,0.08261928289254428,-2.0000000000000027,1.0594269668869747
0,30.0,20.0,0.0,96,2032190403,0.6826192828925386,-0.49999999999999434,-0.9405730331130282
0,30.0,20.0,0.0,97,2032190403,-1.2173807171074529,-0.49999999999999434,-0.4405730331130275
0,30.0,20.0,0.0,98,2032190403,-0.3173807171074543,0.0,-0.9405730331130282
0,30.0,20.0,0.0,99,2032190403,2.282619282892533,-0.9999999999999887,0.05942696688697322
0,30.0,20.0,0.0,100,2032190403,-1.4173807171074486,-0.9999999999999887,0.05942696688697322
0,30.0,20.0,0.0,101,2032190403,-0.4173807171074557,-0.49999999999999434,0.5594269668869739
0,30.0,20.0,0.0,102,2032190403,0.5826192828925372,0.9999999999999887,-0.4405730331130275
0,30.0,20.0,0.0,103,2032190403,3.3826192828925343,0.9999999999999887,0.05942696688697322
0,30.0,20.0,0.0,104,2032190403,0.08261928289254428,0.49999999999999434,0.5594269668869739
0,30.0,20.0,0.0,105,2032190403,2.282619282892533,-0.9999999999999887,0.5594269668869739
0,30.0,20.0,0.0,106,2032190403,0.8826192828925414,-0.9999999999999887,0.5594269668869739
0,30.0,20.0,0.0,107,2032190403,1.1826192828925386,-0.9999999999999887,1.5594269668869754
0,30.0,20.0,0.0,108,2032190403,-0.21738071710746,0.9999999999999887,0.5594269668869739
0,30.0,20.0,0.0,109,2032190403,1.1826192828925386,-0.49999999999999434,0.05942696688697322
0,30.0,20.0,0.0,110,2032190403,-1.2173807171074529,-0.49999999999999434,0.05942696688697322
0,30.0,20.0,0.0,111,2032190403,0.1826192828925457,0.49999999999999434,0.5594269668869739
0,30.0,20.0,0.0,112,2032190403,-0.9173807171074557,1.5000000000000084,0.05942696688697322
0,30.0,20.0,0.0,113,2032190403,1.8826192828925343,-0.49999999999999434,1.0594269668869747
0,30.0,20.0,0.0,114,2032190403,-1.4173807171074486,0.9999999999999887,-0.9405730331130282
0,30.0,20.0,0.0,115,2032190403,-1.51738071710745,0.49999999999999434,-1.4405730331130289
0,30.0,20.0,0.0,116,2032190403,-0.6173807171074515,-0.49999999999999434,1.5594269668869754
0,30.0,20.0,0.0,117,2032190403,1.6826192828925386,-0.9999999999999887,0.5594269668869739
0,30.0,20.0,0.0,118,2032190403,1.5826192828925372,-0.9999999999999887,0.5594269668869739
0,30.0,20.0,0.0,119,2032190403,-0.8173807171074543,0.0,0.05942696688697322
0,30.0,20.0,0.0,120,2032190403,0.78261928289254,1.5000000000000084,1.0594269668869747
0,30.0,20.0,0.0,121,2032190403,0.78261928289254,-0.49999999999999434,-2.9405730331130244
0,30.0,20.0,0.0,122,2032190403,0.78261928289254,0.49999999999999434,0.5594269668869739
0,30.0,20.0,0.0,123,2032190403,0.08261928289254428,1.5000000000000084,0.05942696688697322
0,30.0,20.0,0.0,124,2032190403,-0.9173807171074557,0.0,0.5594269668869739
0,30.0,20.0,0.0,125,2032190403,-2.01738071710745,0.0,-1.9405730331130295
0,30.0,20.0,0.0,126,2032190403,-2.01738071710745,0.0,0.5594269668869739
0,30.0,20.0,0.0,127,2032190403,-1.3173807171074543,0.0,-0.9405730331130282
0,30.0,20.0,0.0,128,2032190403,0.5826192828925372,0.0,-0.9405730331130282
0,30.0,20.0,0.0,129,2032190403,-0.4173807171074557,-0.49999999999999434,-0.9405730331130282
0,30.0,20.0,0.0,130,2032190403,-0.9173807171074557,-0.49999999999999434,0.05942696688697322
0,30.0,20.0,0.0,131,2032190403,-0.8173807171074543,0.9999999999999887,1.5594269668869754
0,30.0,20.0,0.0,132,2032190403,1.0826192828925372,-0.9999999999999887,0.5594269668869739
0,30.0,20.0,0.0,133,2032190403,-0.11738071710745857,-0.9999999999999887,-0.4405730331130275
0,30.0,20.0,0.0,134,2032190403,-1.9173807171074486,0.0,-0.4405730331130275
0,30.0,20.0,0.0,135,2032190403,-0.21738071710746,0.9999999999999887,0.5594269668869739
0,30.0,20.0,0.0,136,2032190403,-1.3173807171074543,0.0,-0.4405730331130275
0,30.0,20.0,0.0,137,2032190403,-0.8173807171074543,-0.49999999999999434,-0.4405730331130275
0,30.0,20.0,0.0,138,2032190403,4.08261928289253,0.9999999999999887,0.05942696688697322
0,30.0,20.0,0.0,139,2032190403,-0.8173807171074543,0.49999999999999434,0.05942696688697322
0,30.0,20.0,0.0,140,2032190403,-1.0173807171074571,0.0,-0.4405730331130275
0,30.0,20.0,0.0,141,2032190403,-1.8173807171074543,-0.49999999999999434,-1.4405730331130289
0,30.0,20.0,0.0,142,2032190403,0.38261928289254143,0.49999999999999434,1.5594269668869754
0,30.0,20.0,0.0,143,2032190403,-0.11738071710745857,0.0,-0.4405730331130275
0,30.0,20.0,0.0,144,2032190403,0.78261928289254,-0.49999999999999434,2.059426966886976
0,30.0,20.0,0.0,145,2032190403,0.5826192828925372,0.0,-0.9405730331130282
0,30.0,20.0,0.0,146,2032190403,1.28261928289254,0.9999999999999887,1.0594269668869747
0,30.0,20.0,0.0,147,2032190403,-0.5173807171074571,0.0,-0.9405730331130282
0,30.0,20.0,0.0,148,2032190403,-0.21738071710746,-0.49999999999999434,0.05942696688697322
0,30.0,20.0,0.0,149,2032190403,0.6826192828925386,0.49999999999999434,-0.4405730331130275
0,30.0,20.0,0.0,150,2032190403,-0.017380717107457144,0.49999999999999434,0.05942696688697322
0,30.0,20.0,0.0,151,2032190403,-0.3173807171074543,-1.5000000000000084,1.0594269668869747
0,30.0,20.0,0.0,152,2032190403,2.582619282892537,1.5000000000000084,0.05942696688697322
0,30.0,20.0,0.0,153,2032190403,-0.3173807171074543,-0.49999999999999434,-0.4405730331130275
0,30.0,20.0,0.0,154,2032190403,-0.017380717107457144,0.49999999999999434,2.059426966886976
0,30.0,20.0,0.0,155,2032190403,0.5826192828925372,0.49999999999999434,-1.4405730331130289
0,30.0,20.0,0.0,156,2032190403,-3.517380717107443,-0.9999999999999887,1.5594269668869754
0,30.0,20.0,0.0,157,2032190403,-1.3173807171074543,-0.49999999999999434,1.0594269668869747
0,30.0,20.0,0.0,158,2032190403,0.9826192828925429,-0.49999999999999434,0.5594269668869739
0,30.0,20.0,0.0,159,2032190403,-3.1173807171074444,-0.49999999999999434,0.05942696688697322
0,30.0,20.0,0.0,160,2032190403,-0.5173807171074571,0.0,1.0594269668869747
0,30.0,20.0,0.0,161,2032190403,-0.21738071710746,0.0,-0.9405730331130282
0,30.0,20.0,0.0,162,2032190403,-0.6173807171074515,-2.0000000000000027,-1.9405730331130295
0,30.0,20.0,0.0,163,2032190403,-1.1173807171074515,-0.49999999999999434,-0.9405730331130282
0,30.0,20.0,0.0,164,2032190403,2.282619282892533,-2.0000000000000027,-0.4405730331130275
0,30.0,20.0,0.0,165,2032190403,1.1826192828925386,0.0,-0.4405730331130275
0,30.0,20.0,0.0,166,2032190403,-0.8173807171074543,-0.49999999999999434,1.0594269668869747
0,30.0,20.0,0.0,167,2032190403,2.4826192828925358,-0.49999999999999434,0.5594269668869739
0,30.0,20.0,0.0,168,2032190403,2.1826192828925315,0.0,-0.9405730331130282
0,30.0,20.0,0.0,169,2032190403,-0.7173807171074529,-0.49999999999999434,0.05942696688697322
0,30.0,20.0,0.0,170,2032190403,-1.4173807171074486,-1.5000000000000084,-1.4405730331130289
0,30.0,20.0,0.0,171,2032190403,1.28261928289254,-0.9999999999999887,0.5594269668869739
0,30.0,20.0,0.0,172,2032190403,-1.0173807171074571,1.5000000000000084,-1.9405730331130295
0,30.0,20.0,0.0,173,2032190403,0.9826192828925429,-1.5000000000000084,0.05942696688697322
0,30.0,20.0,0.0,174,2032190403,-1.2173807171074529,-0.49999999999999434,2.059426966886976
0,30.0,20.0,0.0,175,2032190403,-0.7173807171074529,0.49999999999999434,1.5594269668869754
0,30.0,20.0,0.0,176,2032190403,-1.9173807171074486,-0.9999999999999887,0.05942696688697322
0,30.0,20.0,0.0,177,2032190403,-0.7173807171074529,-0.9999999999999887,-1.4405730331130289
0,30.0,20.0,0.0,178,2032190403,0.78261928289254,0.0,0.5594269668869739
0,30.0,20.0,0.0,179,2032190403,-0.4173807171074557,0.0,-0.4405730331130275
0,30.0,20.0,0.0,180,2032190403,0.8826192828925414,0.49999999999999434,-0.4405730331130275
0,30.0,20.0,0.0,181,2032190403,1.6826192828925386,0.9999999999999887,-0.9405730331130282
0,30.0,20.0,0.0,182,2032190403,1.0826192828925372,-1.5000000000000084,0.05942696688697322
0,30.0,20.0,0.0,183,2032190403,0.5826192828925372,-0.49999999999999434,-0.4405730331130275
0,30.0,20.0,0.0,184,2032190403,-1.6173807171074515,-1.5000000000000084,-0.4405730331130275
0,30.0,20.0,0.0,185,2032190403,3.282619282892533,0.0,-1.4405730331130289
0,30.0,20.0,0.0,186,2032190403,-2.4173807171074486,-0.49999999999999434,-1.4405730331130289
0,30.0,20.0,0.0,187,2032190403,-0.6173807171074515,-0.49999999999999434,0.05942696688697322
0,30.0,20.0,0.0,188,2032190403,-0.7173807171074529,0.0,0.5594269668869739
0,30.0,20.0,0.0,189,2032190403,-0.11738071710745857,0.9999999999999887,-0.9405730331130282
0,30.0,20.0,0.0,190,2032190403,-1.9173807171074486,0.49999999999999434,0.5594269668869739
0,30.0,20.0,0.0,191,2032190403,-0.11738071710745857,-0.9999999999999887,1.0594269668869747
0,30.0,20.0,0.0,192,2032190403,-0.11738071710745857,0.9999999999999887,-0.4405730331130275
0,30.0,20.0,0.0,193,2032190403,-0.4173807171074557,-1.5000000000000084,-1.4405730331130289
0,30.0,20.0,0.0,194,2032190403,1.6826192828925386,-0.9999999999999887,0.05942696688697322
0,30.0,20.0,0.0,195,2032190403,-0.5173807171074571,0.49999999999999434,0.05942696688697322
0,30.0,20.0,0.0,196,2032190403,-1.3173807171074543,0.0,-0.9405730331130282
0,30.0,20.0,0.0,197,2032190403,-0.6173807171074515,-0.49999999999999434,0.05942696688697322
0,30.0,20.0,0.0,198,2032190403,-0.3173807171074543,0.0,0.05942696688697322
0,30.0,20.0,0.0,199,2032190403,-0.6173807171074515,0.0,0.05942696688697322
0,30.0,20.0,5.0,0,2032190404,2.082619282892537,0.0,0.5594269668869739
0,30.0,20.0,5.0,1,2032190404,1.3826192828925343,0.49999999999999434,0.5594269668869739
0,30.0,20.0,5.0,2,2032190404,0.5826192828925372,-0.49999999999999434,0.05942696688697322
0,30.0,20.0,5.0,3,2032190404,-0.7173807171074529,-0.9999999999999887,-0.4405730331130275
0,30.0,20.0,5.0,4,2032190404,-0.017380717107457144,0.49999999999999434,0.5594269668869739
0,30.0,20.0,5.0,5,2032190404,-0.3173807171074543,0.0,0.5594269668869739
0,30.0,20.0,5.0,6,2032190404,-1.4173807171074486,-0.9999999999999887,0.05942696688697322
0,30.0,20.0,5.0,7,2032190404,0.28261928289254,0.49999999999999434,0.05942696688697322
0,30.0,20.0,5.0,8,2032190404,-0.9173807171074557,0.49999999999999434,-0.9405730331130282
0,30.0,20.0,5.0,9,2032190404,-0.6173807171074515,0.49999999999999434,-0.4405730331130275
0,30.0,20.0,5.0,10,2032190404,-0.7173807171074529,0.49999999999999434,-0.4405730331130275
0,30.0,20.0,5.0,11,2032190404,1.28261928289254,0.0,0.05942696688697322
0,30.0,20.0,5.0,12,2032190404,0.48261928289254286,-0.49999999999999434,-0.4405730331130275
0,30.0,20.0,5.0,13,2032190404,0.78261928289254,0.0,0.05942696688697322
0,30.0,20.0,5.0,14,2032190404,0.1826192828925457,0.0,0.5594269668869739
0,30.0,20.0,5.0,15,2032190404,-0.4173807171074557,0.0,0.05942696688697322
0,30.0,20.0,5.0,16,2032190404,-1.0173807171074571,-0.9999999999999887,0.5594269668869739
0,30.0,20.0,5.0,17,2032190404,-0.6173807171074515,-0.49999999999999434,-0.4405730331130275
0,30.0,20.0,5.0,18,2032190404,-0.3173807171074543,-0.49999999999999434,0.05942696688697322
0,30.0,20.0,5.0,19,2032190404,0.6826192828925386,-0.9999999999999887,-0.9405730331130282
0,30.0,20.0,5.0,20,2032190404,0.48261928289254286,0.0,0.05942696688697322
0,30.0,20.0,5.0,21,2032190404,0.5826192828925372,0.0,0.05942696688697322
0,30.0,20.0,5.0,22,2032190404,-0.4173807171074557,0.49999999999999434,-0.4405730331130275
0,30.0,20.0,5.0,23,2032190404,-1.1173807171074515,0.0,0.05942696688697322
0,30.0,20.0,5.0,24,2032190404,-0.4173807171074557,0.0,0.5594269668869739
0,30.0,20.0,5.0,25,2032190404,0.78261928289254,0.0,0.5594269668869739
0,30.0,20.0,5.0,26,2032190404,-1.1173807171074515,0.49999999999999434,0.05942696688697322
0,30.0,20.0,5.0,27,2032190404,-0.8173807171074543,0.49999999999999434,0.5594269668869739
0,30.0,20.0,5.0,28,2032190404,-0.7173807171074529,0.0,-0.4405730331130275
0,30.0,20.0,5.0,29,2032190404,-0.8173807171074543,-0.9999999999999887,0.05942696688697322
0,30.0,20.0,5.0,30,2032190404,0.5826192828925372,0.49999999999999434,-0.4405730331130275
0,30.0,20.0,5.0,31,2032190404,-1.2173807171074529,0.49999999999999434,0.05942696688697322
0,30.0,20.0,5.0,32,2032190404,1.0826192828925372,1.5000000000000084,0.5594269668869739
0,30.0,20.0,5.0,33,2032190404,0.08261928289254428,0.0,-0.4405730331130275
0,30.0,20.0,5.0,34,2032190404,1.1826192828925386,0.0,0.05942696688697322
0,30.0,20.0,5.0,35,2032190404,-0.4173807171074557,0.0,-0.4405730331130275
0,30.0,20.0,5.0,36,2032190404,0.78261928289254,0.0,-0.4405730331130275
0,30.0,20.0,5.0,37,2032190404,0.38261928289254143,-0.49999999999999434,-0.4405730331130275
0,30.0,20.0,5.0,38,2032190404,-0.3173807171074543,0.0,0.5594269668869739
0,30.0,20.0,5.0,39,2032190404,0.9826192828925429,0.9999999999999887,-0.4405730331130275
0,30.0,20.0,5.0,40,2032190404,0.28261928289254,0.0,-0.4405730331130275
0,30.0,20.0,5.0,41,2032190404,-0.3173807171074543,-0.9999999999999887,0.05942696688697322
0,30.0,20.0,5.0,42,2032190404,-0.017380717107457144,0.49999999999999434,0.05942696688697322
0,30.0,20.0,5.0,43,2032190404,0.5826192828925372,-0.49999999999999434,0.5594269668869739
0,30.0,20.0,5.0,44,2032190404,0.1826192828925457,0.0,0.05942696688697322
0,30.0,20.0,5.0,45,2032190404,-0.21738071710746,0.0,-0.4405730331130275
0,30.0,20.0,5.0,46,2032190404,0.28261928289254,0.0,-0.4405730331130275
0,30.0,20.0,5.0,47,2032190404,-0.9173807171074557,0.9999999999999887,0.5594269668869739
0,30.0,20.0,5.0,48,2032190404,1.28261928289254,0.9999999999999887,-0.9405730331130282
0,30.0,20.0,5.0,49,2032190404,0.28261928289254,0.0,0.5594269668869739
0,30.0,20.0,5.0,50,2032190404,-0.017380717107457144,0.49999999999999434,0.05942696688697322
0,30.0,20.0,5.0,51,2032190404,-1.0173807171074571,0.49999999999999434,-0.4405730331130275
0,30.0,20.0,5.0,52,2032190404,-0.8173807171074543,-0.49999999999999434,-0.4405730331130275
0,30.0,20.0,5.0,53,2032190404,0.08261928289254428,0.0,0.05942696688697322
0,30.0,20.0,5.0,54,2032190404,0.28261928289254,-0.49999999999999434,0.05942696688697322
0,30.0,20.0,5.0,55,2032190404,-0.017380717107457144,0.49999999999999434,0.05942696688697322
0,30.0,20.0,5.0,56,2032190404,-0.3173807171074543,-1.5000000000000084,0.5594269668869739
0,30.0,20.0,5.0,57,2032190404,0.48261928289254286,-0.9999999999999887,0.05942696688697322
0,30.0,20.0,5.0,58,2032190404,0.1826192828925457,-0.49999999999999434,0.05942696688697322
0,30.0,20.0,5.0,59,2032190404,-0.7173807171074529,-0.49999999999999434,0.05942696688697322
0,30.0,20.0,5.0,60,2032190404,1.6826192828925386,0.0,0.05942696688697322
0,30.0,20.0,5.0,61,2032190404,-0.8173807171074543,0.49999999999999434,0.05942696688697322
0,30.0,20.0,5.0,62,2032190404,-0.5173807171074571,-0.49999999999999434,-0.4405730331130275
0,30.0,20.0,5.0,63,2032190404,-0.8173807171074543,0.49999999999999434,-0.4405730331130275
0,30.0,20.0,5.0,64,2032190404,0.78261928289254,-0.9999999999999887,0.05942696688697322
0,30.0,20.0,5.0,65,2032190404,-0.11738071710745857,0.9999999999999887,-0.9405730331130282
0,30.0,20.0,5.0,66,2032190404,0.8826192828925414,0.49999999999999434,-0.4405730331130275
0,30.0,20.0,5.0,67,2032190404,-0.3173807171074543,0.0,-0.4405730331130275
0,30.0,20.0,5.0,68,2032190404,-0.6173807171074515,-0.49999999999999434,-0.4405730331130275
0,30.0,20.0,5.0,69,2032190404,-0.8173807171074543,0.49999999999999434,0.05942696688697322
0,30.0,20.0,5.0,70,2032190404,-0.4173807171074557,-0.49999999999999434,0.05942696688697322
0,30.0,20.0,5.0,71,2032190404,0.08261928289254428,-0.49999999999999434,0.05942696688697322
0,30.0,20.0,5.0,72,2032190404,0.78261928289254,0.49999999999999434,0.05942696688697322
0,30.0,20.0,5.0,73,2032190404,1.3826192828925343,0.0,-0.4405730331130275
0,30.0,20.0,5.0,74,2032190404,-1.0173807171074571,0.0,0.5594269668869739
0,30.0,20.0,5.0,75,2032190404,-0.9173807171074557,0.49999999999999434,0.5594269668869739
0,30.0,20.0,5.0,76,2032190404,-0.3173807171074543,0.49999999999999434,1.0594269668869747
0,30.0,20.0,5.0,77,2032190404,-0.21738071710746,0.49999999999999434,-0.4405730331130275
0,30.0,20.0,5.0,78,2032190404,1.1826192828925386,0.49999999999999434,-1.4405730331130289
0,30.0,20.0,5.0,79,2032190404,-0.6173807171074515,0.49999999999999434,0.05942696688697322
0,30.0,20.0,5.0,80,2032190404,-0.4173807171074557,0.49999999999999434,0.05942696688697322
0,30.0,20.0,5.0,81,2032190404,1.28261928289254,-0.49999999999999434,-0.4405730331130275
0,30.0,20.0,5.0,82,2032190404,-0.21738071710746,0.0,-0.4405730331130275
0,30.0,20.0,5.0,83,2032190404,-2.01738071710745,0.0,-0.4405730331130275
0,30.0,20.0,5.0,84,2032190404,0.1826192828925457,-0.9999999999999887,1.0594269668869747
0,30.0,20.0,5.0,85,2032190404,-0.7173807171074529,0.0,0.5594269668869739
0,30.0,20.0,5.0,86,2032190404,0.08261928289254428,1.5000000000000084,0.5594269668869739
0,30.0,20.0,5.0,87,2032190404,0.48261928289254286,-0.9999999999999887,0.5594269668869739
0,30.0,20.0,5.0,88,2032190404,-0.6173807171074515,0.0,-0.9405730331130282
0,30.0,20.0,5.0,89,2032190404,0.1826192828925457,0.49999999999999434,-0.4405730331130275
0,30.0,20.0,5.0,90,2032190404,0.38261928289254143,0.49999999999999434,0.05942696688697322
0,30.0,20.0,5.0,91,2032190404,0.5826192828925372,0.0,0.05942696688697322
0,30.0,20.0,5.0,92,2032190404,-0.5173807171074571,0.0,-0.4405730331130275
0,30.0,20.0,5.0,93,2032190404,-0.21738071710746,-0.9999999999999887,-0.9405730331130282
0,30.0,20.0,5.0,94,2032190404,0.5826192828925372,0.0,-0.4405730331130275
0,30.0,20.0,5.0,95,2032190404,1.0826192828925372,0.0,1.0594269668869747
0,30.0,20.0,5.0,96,2032190404,0.48261928289254286,0.9999999999999887,-0.4405730331130275
0,30.0,20.0,5.0,97,2032190404,0.8826192828925414,0.0,-0.4405730331130275
0,30.0,20.0,5.0,98,2032190404,0.1826192828925457,-0.49999999999999434,0.05942696688697322
0,30.0,20.0,5.0,99,2032190404,0.9826192828925429,-0.49999999999999434,0.05942696688697322
0,30.0,20.0,5.0,100,2032190404,-0.4173807171074557,0.0,0.05942696688697322
0,30.0,20.0,5.0,101,2032190404,0.8826192828925414,-0.9999999999999887,-1.4405730331130289
0,30.0,20.0,5.0,102,2032190404,-0.3173807171074543,0.0,-0.4405730331130275
0,30.0,20.0,5.0,103,2032190404,-0.6173807171074515,0.49999999999999434,0.05942696688697322
0,30.0,20.0,5.0,104,2032190404,0.1826192828925457,-0.49999999999999434,0.5594269668869739
0,30.0,20.0,5.0,105,2032190404,0.78261928289254,-0.9999999999999887,-0.4405730331130275
0,30.0,20.0,5.0,106,2032190404,1.5826192828925372,0.0,1.0594269668869747
0,30.0,20.0,5.0,107,2032190404,-1.0173807171074571,0.9999999999999887,1.5594269668869754
0,30.0,20.0,5.0,108,2032190404,-0.21738071710746,-0.49999999999999434,-0.4405730331130275
0,30.0,20.0,5.0,109,2032190404,0.6826192828925386,0.0,0.5594269668869739
0,30.0,20.0,5.0,110,2032190404,-0.3173807171074543,-0.9999999999999887,-0.4405730331130275
0,30.0,20.0,5.0,111,2032190404,-0.5173807171074571,0.49999999999999434,0.5594269668869739
0,30.0,20.0,5.0,112,2032190404,0.5826192828925372,0.49999999999999434,0.05942696688697322
0,30.0,20.0,5.0,113,2032190404,-0.21738071710746,0.0,0.5594269668869739
0,30.0,20.0,5.0,114,2032190404,-1.0173807171074571,0.0,0.5594269668869739
0,30.0,20.0,5.0,115,2032190404,-0.4173807171074557,0.0,1.0594269668869747
0,30.0,20.0,5.0,116,2032190404,0.1826192828925457,0.0,0.5594269668869739
0,30.0,20.0,5.0,117,2032190404,1.4826192828925358,0.0,0.05942696688697322
0,30.0,20.0,5.0,118,2032190404,-0.017380717107457144,-0.49999999999999434,0.5594269668869739
0,30.0,20.0,5.0,119,2032190404,-0.017380717107457144,0.0,0.05942696688697322
0,30.0,20.0,5.0,120,2032190404,-0.017380717107457144,0.0,0.05942696688697322
0,30.0,20.0,5.0,121,2032190404,0.38261928289254143,-0.49999999999999434,0.5594269668869739
0,30.0,20.0,5.0,122,2032190404,-1.1173807171074515,0.9999999999999887,-0.4405730331130275
0,30.0,20.0,5.0,123,2032190404,-0.4173807171074557,0.49999999999999434,1.0594269668869747
0,30.0,20.0,5.0,124,2032190404,0.8826192828925414,0.49999999999999434,0.05942696688697322
0,30.0,20.0,5.0,125,2032190404,-0.5173807171074571,0.49999999999999434,0.05942696688697322
0,30.0,20.0,5.0,126,2032190404,-0.3173807171074543,-0.49999999999999434,0.5594269668869739
0,30.0,20.0,5.0,127,2032190404,0.28261928289254,0.49999999999999434,0.5594269668869739
0,30.0,20.0,5.0,128,2032190404,-0.21738071710746,0.9999999999999887,-0.9405730331130282
0,30.0,20.0,5.0,129,2032190404,-0.3173807171074543,-0.49999999999999434,0.05942696688697322
0,30.0,20.0,5.0,130,2032190404,-1.3173807171074543,0.0,-0.4405730331130275
0,30.0,20.0,5.0,131,2032190404,1.78261928289254,0.0,-0.4405730331130275
0,30.0,20.0,5.0,132,2032190404,0.5826192828925372,0.9999999999999887,0.05942696688697322
0,30.0,20.0,5.0,133,2032190404,0.6826192828925386,0.49999999999999434,0.5594269668869739
0,30.0,20.0,5.0,134,2032190404,0.6826192828925386,-0.49999999999999434,0.05942696688697322
0,30.0,20.0,5.0,135,2032190404,-1.51738071710745,0.0,-0.4405730331130275
0,30.0,20.0,5.0,136,2032190404,-0.11738071710745857,0.0,0.05942696688697322
0,30.0,20.0,5.0,137,2032190404,-1.0173807171074571,0.0,-0.4405730331130275
0,30.0,20.0,5.0,138,2032190404,-0.21738071710746,-0.49999999999999434,0.05942696688697322
0,30.0,20.0,5.0,139,2032190404,-0.4173807171074557,-0.49999999999999434,0.05942696688697322
0,30.0,20.0,5.0,140,2032190404,0.1826192828925457,0.0,-0.4405730331130275
0,30.0,20.0,5.0,141,2032190404,0.28261928289254,0.0,0.5594269668869739
0,30.0,20.0,5.0,142,2032190404,0.08261928289254428,0.0,0.05942696688697322
0,30.0,20.0,5.0,143,2032190404,-0.3173807171074543,-0.49999999999999434,-0.4405730331130275
0,30.0,20.0,5.0,144,2032190404,-0.5173807171074571,0.9999999999999887,0.05942696688697322
0,30.0,20.0,5.0,145,2032190404,0.5826192828925372,-0.49999999999999434,-0.4405730331130275
0,30.0,20.0,5.0,146,2032190404,-0.6173807171074515,0.0,-0.4405730331130275
0,30.0,20.0,5.0,147,2032190404,-0.11738071710745857,-0.49999999999999434,0.05942696688697322
0,30.0,20.0,5.0,148,2032190404,0.28261928289254,0.0,-0.4405730331130275
0,30.0,20.0,5.0,149,2032190404,1.0826192828925372,-0.49999999999999434,1.0594269668869747
0,30.0,20.0,5.0,150,2032190404,0.38261928289254143,-0.49999999999999434,-0.4405730331130275
0,30.0,20.0,5.0,151,2032190404,1.0826192828925372,0.0,-0.9405730331130282
0,30.0,20.0,5.0,152,2032190404,-0.9173807171074557,-0.9999999999999887,0.5594269668869739
0,30.0,20.0,5.0,153,2032190404,0.6826192828925386,0.49999999999999434,0.5594269668869739
0,30.0,20.0,5.0,154,2032190404,0.5826192828925372,0.49999999999999434,0.05942696688697322
0,30.0,20.0,5.0,155,2032190404,1.8826192828925343,0.0,0.05942696688697322
0,30.0,20.0,5.0,156,2032190404,0.6826192828925386,0.0,0.05942696688697322
0,30.0,20.0,5.0,157,2032190404,-0.017380717107457144,0.0,0.5594269668869739
0,30.0,20.0,5.0,158,2032190404,0.78261928289254,-0.49999999999999434,0.5594269668869739
0,30.0,20.0,5.0,159,2032190404,-0.11738071710745857,0.49999999999999434,0.05942696688697322
0,30.0,20.0,5.0,160,2032190404,0.48261928289254286,-0.9999999999999887,1.0594269668869747
0,30.0,20.0,5.0,161,2032190404,-1.2173807171074529,0.49999999999999434,-0.4405730331130275
0,30.0,20.0,5.0,162,2032190404,0.6826192828925386,-0.49999999999999434,0.5594269668869739
0,30.0,20.0,5.0,163,2032190404,-0.017380717107457144,0.49999999999999434,0.5594269668869739
0,30.0,20.0,5.0,164,2032190404,-0.5173807171074571,0.0,-0.4405730331130275
0,30.0,20.0,5.0,165,2032190404,0.1826192828925457,-0.49999999999999434,0.5594269668869739
0,30.0,20.0,5.0,166,2032190404,-0.9173807171074557,0.9999999999999887,-0.4405730331130275
0,30.0,20.0,5.0,167,2032190404,0.38261928289254143,-0.49999999999999434,0.05942696688697322
0,30.0,20.0,5.0,168,2032190404,0.48261928289254286,0.49999999999999434,-0.4405730331130275
0,30.0,20.0,5.0,169,2032190404,-0.11738071710745857,0.49999999999999434,0.05942696688697322
0,30.0,20.0,5.0,170,2032190404,0.1826192828925457,0.0,0.05942696688697322
0,30.0,20.0,5.0,171,2032190404,-1.2173807171074529,0.0,0.05942696688697322
0,30.0,20.0,5.0,172,2032190404,0.08261928289254428,0.49999999999999434,0.5594269668869739
0,30.0,20.0,5.0,173,2032190404,0.1826192828925457,0.9999999999999887,0.5594269668869739
0,30.0,20.0,5.0,174,2032190404,-0.7173807171074529,0.0,-0.4405730331130275
0,30.0,20.0,5.0,175,2032190404,-0.21738071710746,0.0,0.05942696688697322
0,30.0,20.0,5.0,176,2032190404,-0.7173807171074529,-0.49999999999999434,-0.4405730331130275
0,30.0,20.0,5.0,177,2032190404,-0.8173807171074543,0.49999999999999434,-0.4405730331130275
0,30.0,20.0,5.0,178,2032190404,-0.3173807171074543,0.0,-0.4405730331130275
0,30.0,20.0,5.0,179,2032190404,0.5826192828925372,-0.9999999999999887,-0.4405730331130275
0,30.0,20.0,5.0,180,2032190404,0.28261928289254,0.0,0.05942696688697322
0,30.0,20.0,5.0,181,2032190404,0.1826192828925457,0.0,0.5594269668869739
0,30.0,20.0,5.0,182,2032190404,0.48261928289254286,-0.49999999999999434,0.5594269668869739
0,30.0,20.0,5.0,183,2032190404,-0.21738071710746,0.0,0.5594269668869739
0,30.0,20.0,5.0,184,2032190404,-1.3173807171074543,0.0,0.05942696688697322
0,30.0,20.0,5.0,185,2032190404,0.9826192828925429,0.49999999999999434,-0.4405730331130275
0,30.0,20.0,5.0,186,2032190404,-0.8173807171074543,0.0,0.5594269668869739
0,30.0,20.0,5.0,187,2032190404,0.28261928289254,-0.49999999999999434,0.05942696688697322
0,30.0,20.0,5.0,188,2032190404,-0.11738071710745857,-0.9999999999999887,-0.4405730331130275
0,30.0,20.0,5.0,189,2032190404,1.0826192828925372,0.0,0.05942696688697322
0,30.0,20.0,5.0,190,2032190404,-0.017380717107457144,0.0,-0.9405730331130282
0,30.0,20.0,5.0,191,2032190404,0.08261928289254428,-0.49999999999999434,-0.4405730331130275
0,30.0,20.0,5.0,192,2032190404,1.0826192828925372,0.0,-0.4405730331130275
0,30.0,20.0,5.0,193,2032190404,-0.11738071710745857,-0.9999999999999887,0.5594269668869739
0,30.0,20.0,5.0,194,2032190404,-0.7173807171074529,0.49999999999999434,-0.4405730331130275
0,30.0,20.0,5.0,195,2032190404,-0.4173807171074557,0.0,-0.4405730331130275
0,30.0,20.0,5.0,196,2032190404,-0.21738071710746,-0.49999999999999434,0.5594269668869739
0,30.0,20.0,5.0,197,2032190404,1.1826192828925386,0.0,-0.4405730331130275
0,30.0,20.0,5.0,198,2032190404,0.6826192828925386,0.0,0.05942696688697322
0,30.0,20.0,5.0,199,2032190404,0.8826192828925414,0.0,0.05942696688697322
0,30.0,20.0,10.0,0,2032190405,-0.7173807171074529,0.0,-0.4405730331130275
0,30.0,20.0,10.0,1,2032190405,0.48261928289254286,-0.49999999999999434,0.05942696688697322
0,30.0,20.0,10.0,2,2032190405,0.08261928289254428,0.0,0.5594269668869739
0,30.0,20.0,10.0,3,2032190405,0.38261928289254143,0.0,-0.4405730331130275
0,30.0,20.0,10.0,4,2032190405,0.8826192828925414,0.0,0.05942696688697322
0,30.0,20.0,10.0,5,2032190405,-0.6173807171074515,0.0,-0.4405730331130275
0,30.0,20.0,10.0,6,2032190405,0.78261928289254,0.0,0.05942696688697322
0,30.0,20.0,10.0,7,2032190405,-0.21738071710746,0.0,-0.4405730331130275
0,30.0,20.0,10.0,8,2032190405,-1.0173807171074571,0.0,-0.4405730331130275
0,30.0,20.0,10.0,9,2032190405,0.78261928289254,0.49999999999999434,0.5594269668869739
0,30.0,20.0,10.0,10,2032190405,-0.017380717107457144,0.0,0.05942696688697322
0,30.0,20.0,10.0,11,2032190405,-0.7173807171074529,0.0,0.5594269668869739
0,30.0,20.0,10.0,12,2032190405,0.48261928289254286,-0.49999999999999434,0.05942696688697322
0,30.0,20.0,10.0,13,2032190405,-0.3173807171074543,0.0,0.05942696688697322
0,30.0,20.0,10.0,14,2032190405,0.48261928289254286,-0.49999999999999434,0.5594269668869739
0,30.0,20.0,10.0,15,2032190405,-0.3173807171074543,0.0,-0.4405730331130275
0,30.0,20.0,10.0,16,2032190405,-0.4173807171074557,0.0,-0.4405730331130275
0,30.0,20.0,10.0,17,2032190405,0.1826192828925457,-0.49999999999999434,0.05942696688697322
0,30.0,20.0,10.0,18,2032190405,0.08261928289254428,0.0,0.05942696688697322
0,30.0,20.0,10.0,19,2032190405,-0.7173807171074529,0.49999999999999434,0.5594269668869739
0,30.0,20.0,10.0,20,2032190405,0.6826192828925386,0.49999999999999434,0.05942696688697322
0,30.0,20.0,10.0,21,2032190405,0.28261928289254,0.49999999999999434,0.05942696688697322
0,30.0,20.0,10.0,22,2032190405,-0.11738071710745857,0.0,-0.4405730331130275
0,30.0,20.0,10.0,23,2032190405,-0.11738071710745857,0.0,0.05942696688697322
0,30.0,20.0,10.0,24,2032190405,-0.017380717107457144,-0.49999999999999434,0.05942696688697322
0,30.0,20.0,10.0,25,2032190405,0.1826192828925457,0.0,0.05942696688697322
0,30.0,20.0,10.0,26,2032190405,0.1826192828925457,0.0,0.05942696688697322
0,30.0,20.0,10.0,27,2032190405,-0.21738071710746,0.0,0.5594269668869739
0,30.0,20.0,10.0,28,2032190405,-0.3173807171074543,0.9999999999999887,-0.4405730331130275
0,30.0,20.0,10.0,29,2032190405,0.48261928289254286,0.0,0.05942696688697322
0,30.0,20.0,10.0,30,2032190405,0.38261928289254143,0.0,0.05942696688697322
0,30.0,20.0,10.0,31,2032190405,-0.21738071710746,-0.49999999999999434,0.05942696688697322
0,30.0,20.0,10.0,32,2032190405,0.1826192828925457,0.49999999999999434,-0.4405730331130275
0,30.0,20.0,10.0,33,2032190405,0.9826192828925429,0.0,0.05942696688697322
0,30.0,20.0,10.0,34,2032190405,-0.9173807171074557,0.49999999999999434,0.05942696688697322
0,30.0,20.0,10.0,35,2032190405,-0.7173807171074529,0.0,0.05942696688697322
0,30.0,20.0,10.0,36,2032190405,-0.11738071710745857,0.0,0.05942696688697322
0,30.0,20.0,10.0,37,2032190405,-0.5173807171074571,0.0,-0.4405730331130275
0,30.0,20.0,10.0,38,2032190405,0.5826192828925372,0.0,0.05942696688697322
0,30.0,20.0,10.0,39,2032190405,-0.8173807171074543,-0.49999999999999434,0.05942696688697322
0,30.0,20.0,10.0,40,2032190405,-0.3173807171074543,-0.9999999999999887,-0.4405730331130275
0,30.0,20.0,10.0,41,2032190405,0.08261928289254428,0.0,0.05942696688697322
0,30.0,20.0,10.0,42,2032190405,-0.017380717107457144,0.49999999999999434,0.05942696688697322
0,30.0,20.0,10.0,43,2032190405,0.78261928289254,0.49999999999999434,0.05942696688697322
0,30.0,20.0,10.0,44,2032190405,0.6826192828925386,-0.49999999999999434,-0.4405730331130275
0,30.0,20.0,10.0,45,2032190405,0.28261928289254,0.0,0.05942696688697322
0,30.0,20.0,10.0,46,2032190405,-0.11738071710745857,0.0,0.05942696688697322
0,30.0,20.0,10.0,47,2032190405,-0.21738071710746,-0.49999999999999434,0.05942696688697322
0,30.0,20.0,10.0,48,2032190405,-0.017380717107457144,0.0,-0.4405730331130275
0,30.0,20.0,10.0,49,2032190405,0.28261928289254,0.0,0.05942696688697322
0,30.0,20.0,10.0,50,2032190405,0.28261928289254,0.0,0.05942696688697322
0,30.0,20.0,10.0,51,2032190405,-0.8173807171074543,-0.49999999999999434,-0.4405730331130275
0,30.0,20.0,10.0,52,2032190405,-0.3173807171074543,0.0,0.05942696688697322
0,30.0,20.0,10.0,53,2032190405,-0.6173807171074515,0.0,0.05942696688697322
0,30.0,20.0,10.0,54,2032190405,0.38261928289254143,0.0,0.5594269668869739
0,30.0,20.0,10.0,55,2032190405,0.5826192828925372,0.0,0.05942696688697322
0,30.0,20.0,10.0,56,2032190405,0.08261928289254428,0.49999999999999434,0.05942696688697322
0,30.0,20.0,10.0,57,2032190405,-0.6173807171074515,0.0,0.05942696688697322
0,30.0,20.0,10.0,58,2032190405,0.78261928289254,0.0,0.05942696688697322
0,30.0,20.0,10.0,59,2032190405,0.5826192828925372,0.0,0.05942696688697322
0,30.0,20.0,10.0,60,2032190405,-0.11738071710745857,0.0,0.05942696688697322
0,30.0,20.0,10.0,61,2032190405,-0.21738071710746,0.49999999999999434,-0.4405730331130275
0,30.0,20.0,10.0,62,2032190405,0.5826192828925372,0.49999999999999434,0.05942696688697322
0,30.0,20.0,10.0,63,2032190405,-0.21738071710746,0.49999999999999434,0.05942696688697322
0,30.0,20.0,10.0,64,2032190405,-0.017380717107457144,0.0,0.05942696688697322
0,30.0,20.0,10.0,65,2032190405,0.1826192828925457,-0.49999999999999434,0.05942696688697322
0,30.0,20.0,10.0,66,2032190405,-0.11738071710745857,0.0,0.05942696688697322
0,30.0,20.0,10.0,67,2032190405,0.08261928289254428,0.0,0.05942696688697322
0,30.0,20.0,10.0,68,2032190405,-0.6173807171074515,0.0,0.05942696688697322
0,30.0,20.0,10.0,69,2032190405,0.08261928289254428,-0.49999999999999434,-0.4405730331130275
0,30.0,20.0,10.0,70,2032190405,0.1826192828925457,0.49999999999999434,0.05942696688697322
0,30.0,20.0,10.0,71,2032190405,-0.4173807171074557,0.0,-0.4405730331130275
0,30.0,20.0,10.0,72,2032190405,0.1826192828925457,0.0,-0.4405730331130275
0,30.0,20.0,10.0,73,2032190405,0.38261928289254143,0.0,0.05942696688697322
0,30.0,20.0,10.0,74,2032190405,0.78261928289254,0.0,0.05942696688697322
0,30.0,20.0,10.0,75,2032190405,-0.6173807171074515,0.0,0.05942696688697322
0,30.0,20.0,10.0,76,2032190405,0.08261928289254428,0.0,0.05942696688697322
0,30.0,20.0,10.0,77,2032190405,-0.7173807171074529,0.0,0.5594269668869739
0,30.0,20.0,10.0,78,2032190405,-0.4173807171074557,0.0,0.05942696688697322
0,30.0,20.0,10.0,79,2032190405,-0.3173807171074543,-0.49999999999999434,0.05942696688697322
0,30.0,20.0,10.0,80,2032190405,0.08261928289254428,0.0,0.5594269668869739
0,30.0,20.0,10.0,81,2032190405,-0.11738071710745857,-0.9999999999999887,-0.4405730331130275
0,30.0,20.0,10.0,82,2032190405,0.38261928289254143,0.49999999999999434,-0.4405730331130275
0,30.0,20.0,10.0,83,2032190405,0.28261928289254,0.0,0.05942696688697322
0,30.0,20.0,10.0,84,2032190405,0.28261928289254,0.0,-0.4405730331130275
0,30.0,20.0,10.0,85,2032190405,0.6826192828925386,-0.49999999999999434,0.05942696688697322
0,30.0,20.0,10.0,86,2032190405,0.38261928289254143,0.0,0.05942696688697322
0,30.0,20.0,10.0,87,2032190405,-0.11738071710745857,0.0,-0.4405730331130275
0,30.0,20.0,10.0,88,2032190405,-0.017380717107457144,0.49999999999999434,0.05942696688697322
0,30.0,20.0,10.0,89,2032190405,-0.017380717107457144,0.0,0.05942696688697322
0,30.0,20.0,10.0,90,2032190405,0.38261928289254143,0.0,0.05942696688697322
0,30.0,20.0,10.0,91,2032190405,-0.4173807171074557,0.0,0.05942696688697322
0,30.0,20.0,10.0,92,2032190405,-0.8173807171074543,0.0,0.05942696688697322
0,30.0,20.0,10.0,93,2032190405,0.08261928289254428,0.0,-0.4405730331130275
0,30.0,20.0,10.0,94,2032190405,0.38261928289254143,0.0,0.05942696688697322
0,30.0,20.0,10.0,95,2032190405,-0.5173807171074571,0.0,0.05942696688697322
0,30.0,20.0,10.0,96,2032190405,-0.6173807171074515,0.0,-0.4405730331130275
0,30.0,20.0,10.0,97,2032190405,-0.3173807171074543,0.0,-0.4405730331130275
0,30.0,20.0,10.0,98,2032190405,-0.11738071710745857,0.49999999999999434,0.05942696688697322
0,30.0,20.0,10.0,99,2032190405,0.8826192828925414,0.0,-0.4405730331130275
0,30.0,20.0,10.0,100,2032190405,-0.11738071710745857,0.0,0.05942696688697322
0,30.0,20.0,10.0,101,2032190405,-0.6173807171074515,0.0,0.05942696688697322
0,30.0,20.0,10.0,102,2032190405,0.8826192828925414,0.0,0.05942696688697322
0,30.0,20.0,10.0,103,2032190405,-0.21738071710746,-0.49999999999999434,0.05942696688697322
0,30.0,20.0,10.0,104,2032190405,-0.4173807171074557,0.0,0.05942696688697322
0,30.0,20.0,10.0,105,2032190405,-0.7173807171074529,0.0,0.05942696688697322
0,30.0,20.0,10.0,106,2032190405,0.28261928289254,0.0,0.05942696688697322
0,30.0,20.0,10.0,107,2032190405,-0.11738071710745857,0.0,0.05942696688697322
0,30.0,20.0,10.0,108,2032190405,0.8826192828925414,0.0,0.05942696688697322
0,30.0,20.0,10.0,109,2032190405,0.48261928289254286,0.0,0.05942696688697322
0,30.0,20.0,10.0,110,2032190405,0.28261928289254,-0.49999999999999434,0.05942696688697322
0,30.0,20.0,10.0,111,2032190405,-0.017380717107457144,0.0,0.05942696688697322
0,30.0,20.0,10.0,112,2032190405,-0.11738071710745857,0.0,0.05942696688697322
0,30.0,20.0,10.0,113,2032190405,0.1826192828925457,0.49999999999999434,0.05942696688697322
0,30.0,20.0,10.0,114,2032190405,0.1826192828925457,0.0,-0.4405730331130275
0,30.0,20.0,10.0,115,2032190405,0.6826192828925386,0.0,0.05942696688697322
0,30.0,20.0,10.0,116,2032190405,-0.017380717107457144,0.49999999999999434,0.05942696688697322
0,30.0,20.0,10.0,117,2032190405,-0.21738071710746,0.0,0.05942696688697322
0,30.0,20.0,10.0,118,2032190405,0.6826192828925386,0.0,-0.4405730331130275
0,30.0,20.0,10.0,119,2032190405,-0.11738071710745857,0.0,0.05942696688697322
0,30.0,20.0,10.0,120,2032190405,-0.7173807171074529,0.49999999999999434,-0.4405730331130275
0,30.0,20.0,10.0,121,2032190405,0.08261928289254428,-0.9999999999999887,0.05942696688697322
0,30.0,20.0,10.0,122,2032190405,-0.5173807171074571,0.0,0.05942696688697322
0,30.0,20.0,10.0,123,2032190405,-0.6173807171074515,-0.49999999999999434,0.5594269668869739
0,30.0,20.0,10.0,124,2032190405,-0.11738071710745857,0.49999999999999434,0.05942696688697322
0,30.0,20.0,10.0,125,2032190405,-0.7173807171074529,0.49999999999999434,0.05942696688697322
0,30.0,20.0,10.0,126,2032190405,-0.9173807171074557,0.49999999999999434,0.5594269668869739
0,30.0,20.0,10.0,127,2032190405,0.08261928289254428,0.0,-0.4405730331130275
0,30.0,20.0,10.0,128,2032190405,-0.11738071710745857,-0.49999999999999434,0.05942696688697322
0,30.0,20.0,10.0,129,2032190405,-0.017380717107457144,0.0,0.05942696688697322
0,30.0,20.0,10.0,130,2032190405,0.48261928289254286,-0.49999999999999434,0.5594269668869739
0,30.0,20.0,10.0,131,2032190405,0.28261928289254,-0.49999999999999434,0.05942696688697322
0,30.0,20.0,10.0,132,2032190405,-0.11738071710745857,0.49999999999999434,0.5594269668869739
0,30.0,20.0,10.0,133,2032190405,0.38261928289254143,0.0,0.05942696688697322
0,30.0,20.0,10.0,134,2032190405,-0.017380717107457144,0.0,0.05942696688697322
0,30.0,20.0,10.0,135,2032190405,0.5826192828925372,0.49999999999999434,-0.4405730331130275
0,30.0,20.0,10.0,136,2032190405,-0.7173807171074529,0.49999999999999434,-0.4405730331130275
0,30.0,20.0,10.0,137,2032190405,-0.9173807171074557,0.0,0.05942696688697322
0,30.0,20.0,10.0,138,2032190405,0.08261928289254428,0.0,0.05942696688697322
0,30.0,20.0,10.0,139,2032190405,-0.21738071710746,-0.49999999999999434,0.05942696688697322
0,30.0,20.0,10.0,140,2032190405,-0.5173807171074571,0.0,0.05942696688697322
0,30.0,20.0,10.0,141,2032190405,0.38261928289254143,0.49999999999999434,0.05942696688697322
0,30.0,20.0,10.0,142,2032190405,0.1826192828925457,0.49999999999999434,0.05942696688697322
0,30.0,20.0,10.0,143,2032190405,-0.21738071710746,-0.49999999999999434,0.05942696688697322
0,30.0,20.0,10.0,144,2032190405,-0.3173807171074543,0.0,0.05942696688697322
0,30.0,20.0,10.0,145,2032190405,-0.4173807171074557,0.0,0.05942696688697322
0,30.0,20.0,10.0,146,2032190405,0.38261928289254143,0.9999999999999887,0.5594269668869739
0,30.0,20.0,10.0,147,2032190405,-0.017380717107457144,0.0,0.05942696688697322
0,30.0,20.0,10.0,148,2032190405,-0.7173807171074529,0.0,0.05942696688697322
0,30.0,20.0,10.0,149,2032190405,0.38261928289254143,0.49999999999999434,0.05942696688697322
0,30.0,20.0,10.0,150,2032190405,-0.017380717107457144,-0.49999999999999434,-0.4405730331130275
0,30.0,20.0,10.0,151,2032190405,0.38261928289254143,0.49999999999999434,0.5594269668869739
0,30.0,20.0,10.0,152,2032190405,0.28261928289254,0.49999999999999434,0.05942696688697322
0,30.0,20.0,10.0,153,2032190405,-0.11738071710745857,0.49999999999999434,0.05942696688697322
0,30.0,20.0,10.0,154,2032190405,0.1826192828925457,0.0,-0.4405730331130275
0,30.0,20.0,10.0,155,2032190405,-0.4173807171074557,0.0,0.05942696688697322
0,30.0,20.0,10.0,156,2032190405,-0.21738071710746,-0.49999999999999434,0.05942696688697322
0,30.0,20.0,10.0,157,2032190405,0.08261928289254428,0.0,0.05942696688697322
0,30.0,20.0,10.0,158,2032190405,-0.7173807171074529,-0.49999999999999434,-0.4405730331130275
0,30.0,20.0,10.0,159,2032190405,0.08261928289254428,-0.49999999999999434,0.05942696688697322
0,30.0,20.0,10.0,160,2032190405,0.08261928289254428,0.0,0.05942696688697322
0,30.0,20.0,10.0,161,2032190405,0.6826192828925386,0.0,-0.4405730331130275
0,30.0,20.0,10.0,162,2032190405,-0.3173807171074543,0.0,0.5594269668869739
0,30.0,20.0,10.0,163,2032190405,0.38261928289254143,-0.49999999999999434,0.05942696688697322
0,30.0,20.0,10.0,164,2032190405,0.08261928289254428,0.0,0.05942696688697322
0,30.0,20.0,10.0,165,2032190405,0.5826192828925372,0.0,-0.4405730331130275
0,30.0,20.0,10.0,166,2032190405,-0.9173807171074557,0.0,0.5594269668869739
0,30.0,20.0,10.0,167,2032190405,0.38261928289254143,0.0,0.05942696688697322
0,30.0,20.0,10.0,168,2032190405,-0.7173807171074529,0.0,-0.4405730331130275
0,30.0,20.0,10.0,169,2032190405,-0.11738071710745857,0.0,0.05942696688697322
0,30.0,20.0,10.0,170,2032190405,0.08261928289254428,0.0,-0.4405730331130275
0,30.0,20.0,10.0,171,2032190405,0.28261928289254,0.0,0.05942696688697322
0,30.0,20.0,10.0,172,2032190405,-0.21738071710746,0.0,-0.4405730331130275
0,30.0,20.0,10.0,173,2032190405,-0.3173807171074543,0.49999999999999434,0.05942696688697322
0,30.0,20.0,10.0,174,2032190405,0.08261928289254428,-0.49999999999999434,0.05942696688697322
0,30.0,20.0,10.0,175,2032190405,-0.3173807171074543,0.0,0.05942696688697322
0,30.0,20.0,10.0,176,2032190405,0.38261928289254143,0.0,-0.4405730331130275
0,30.0,20.0,10.0,177,2032190405,0.1826192828925457,0.0,-0.4405730331130275
0,30.0,20.0,10.0,178,2032190405,-0.21738071710746,0.0,0.05942696688697322
0,30.0,20.0,10.0,179,2032190405,-0.017380717107457144,0.0,-0.4405730331130275
0,30.0,20.0,10.0,180,2032190405,-0.3173807171074543,0.0,0.5594269668869739
0,30.0,20.0,10.0,181,2032190405,-0.017380717107457144,0.0,-0.4405730331130275
0,30.0,20.0,10.0,182,2032190405,0.08261928289254428,0.0,0.05942696688697322
0,30.0,20.0,10.0,183,2032190405,0.48261928289254286,0.0,0.05942696688697322
0,30.0,20.0,10.0,184,2032190405,0.28261928289254,-0.49999999999999434,0.05942696688697322
0,30.0,20.0,10.0,185,2032190405,-0.4173807171074557,-0.49999999999999434,0.5594269668869739
0,30.0,20.0,10.0,186,2032190405,0.28261928289254,0.49999999999999434,0.05942696688697322
0,30.0,20.0,10.0,187,2032190405,-0.11738071710745857,0.0,0.05942696688697322
0,30.0,20.0,10.0,188,2032190405,-0.3173807171074543,0.0,0.05942696688697322
0,30.0,20.0,10.0,189,2032190405,-0.3173807171074543,0.0,0.05942696688697322
0,30.0,20.0,10.0,190,2032190405,-0.017380717107457144,0.0,-0.4405730331130275
0,30.0,20.0,10.0,191,2032190405,-0.11738071710745857,-0.49999999999999434,0.05942696688697322
0,30.0,20.0,10.0,192,2032190405,-0.11738071710745857,0.0,0.5594269668869739
0,30.0,20.0,10.0,193,2032190405,-0.017380717107457144,-0.49999999999999434,0.05942696688697322
0,30.0,20.0,10.0,194,2032190405,-0.11738071710745857,0.49999999999999434,0.5594269668869739
0,30.0,20.0,10.0,195,2032190405,-0.21738071710746,-0.49999999999999434,-0.4405730331130275
0,30.0,20.0,10.0,196,2032190405,0.28261928289254,0.49999999999999434,0.05942696688697322
0,30.0,20.0,10.0,197,2032190405,-0.11738071710745857,0.0,0.05942696688697322
0,30.0,20.0,10.0,198,2032190405,-0.11738071710745857,0.0,-0.4405730331130275
0,30.0,20.0,10.0,199,2032190405,0.38261928289254143,-0.49999999999999434,0.05942696688697322
1,105.0,60.0,-15.0,0,2032190500,98.36618371045678,-15.999999999999996,-36.3986954344003
1,105.0,60.0,-15.0,1,2032190500,-54.13381628954268,-2.0000000000000027,-57.8986954344003
1,105.0,60.0,-15.0,2,2032190500,-58.93381628954266,-45.999999999999986,-83.89869543440031
1,105.0,60.0,-15.0,3,2032190500,-39.133816289542736,-2.0000000000000027,-22.398695434400302
1,105.0,60.0,-15.0,4,2032190500,68.3661837104569,-13.000000000000005,-45.3986954344003
1,105.0,60.0,-15.0,5,2032190500,3.2661837104571134,2.9999999999999916,2.101304565599693
1,105.0,60.0,-15.0,6,2032190500,69.3661837104569,13.999999999999995,-88.89869543440031
1,105.0,60.0,-15.0,7,2032190500,46.466183710456974,-65.0,-40.8986954344003
1,105.0,60.0,-15.0,8,2032190500,-48.13381628954271,37.50000000000001,-56.89869543440031
1,105.0,60.0,-15.0,9,2032190500,-63.133816289542644,-90.0,-17.398695434400302
1,105.0,60.0,-15.0,10,2032190500,17.166183710457076,30.499999999999986,-108.89869543440031
1,105.0,60.0,-15.0,11,2032190500,9.7661837104571,-8.500000000000005,2.6013045655997002
1,105.0,60.0,-15.0,12,2032190500,-65.13381628954264,-40.5,-44.3986954344003
1,105.0,60.0,-15.0,13,2032190500,6.166183710457105,-4.000000000000005,1.6013045655996987
1,105.0,60.0,-15.0,14,2032190500,-12.333816289542824,9.0,-26.398695434400302
1,105.0,60.0,-15.0,15,2032190500,-38.33381628954274,-6.999999999999997,-79.3986954344003
1,105.0,60.0,-15.0,16,2032190500,23.066183710457054,9.99999999999999,-9.398695434400304
1,105.0,60.0,-15.0,17,2032190500,128.0661837104567,62.000000000000014,-58.8986954344003
1,105.0,60.0,-15.0,18,2032190500,-70.63381628954262,2.4999999999999973,-116.89869543440032
1,105.0,60.0,-15.0,19,2032190500,-10.033816289542827,18.0,15.1013045655997
1,105.0,60.0,-15.0,20,2032190500,5.766183710457113,-4.5,1.6013045655996987
1,105.0,60.0,-15.0,21,2032190500,62.866183710456895,-51.5,-60.89869543440031
1,105.0,60.0,-15.0,22,2032190500,11.366183710457094,0.49999999999999434,0.1013045655996902
1,105.0,60.0,-15.0,23,2032190500,-21.5338162895428,-15.000000000000009,-93.8986954344003
1,105.0,60.0,-15.0,24,2032190500,5.766183710457113,5.4999999999999885,-8.898695434400304
1,105.0,60.0,-15.0,25,2032190500,-5.3338162895428525,-8.500000000000005,-5.898695434400306
1,105.0,60.0,-15.0,26,2032190500,-109.63381628954248,-2.4999999999999973,-51.89869543440031
1,105.0,60.0,-15.0,27,2032190500,85.36618371045684,-8.00000000000001,-50.3986954344003
1,105.0,60.0,-15.0,28,2032190500,126.36618371045667,16.499999999999993,-35.8986954344003
1,105.0,60.0,-15.0,29,2032190500,-78.93381628954259,27.499999999999993,1.1013045655996916
1,105.0,60.0,-15.0,30,2032190500,120.06618371045671,34.0,-33.39869543440031
1,105.0,60.0,-15.0,31,2032190500,99.46618371045678,11.499999999999996,-134.8986954344003
1,105.0,60.0,-15.0,32,2032190500,-59.83381628954265,22.000000000000007,-46.3986954344003
1,105.0,60.0,-15.0,33,2032190500,73.06618371045688,90.0,-115.39869543440031
1,105.0,60.0,-15.0,34,2032190500,58.56618371045691,19.500000000000007,-54.8986954344003
1,105.0,60.0,-15.0,35,2032190500,39.466183710457,90.0,-114.3986954344003
1,105.0,60.0,-15.0,36,2032190500,-1.433816289542861,1.5000000000000084,-2.398695434400307
1,105.0,60.0,-15.0,37,2032190500,-109.63381628954248,-90.0,-31.398695434400302
1,105.0,60.0,-15.0,38,2032190500,83.06618371045683,32.500000000000014,-26.898695434400302
1,105.0,60.0,-15.0,39,2032190500,-103.9338162895425,43.49999999999999,-76.89869543440031
1,105.0,60.0,-15.0,40,2032190500,-68.23381628954263,59.999999999999986,-67.39869543440031
1,105.0,60.0,-15.0,41,2032190500,-58.43381628954266,-45.999999999999986,-24.398695434400306
1,105.0,60.0,-15.0,42,2032190500,29.46618371045703,18.0,-14.398695434400304
1,105.0,60.0,-15.0,43,2032190500,-18.7338162895428,-90.0,-101.39869543440031
1,105.0,60.0,-15.0,44,2032190500,-12.133816289542821,47.5,-55.3986954344003
1,105.0,60.0,-15.0,45,2032190500,98.66618371045679,47.0,-99.89869543440031
1,105.0,60.0,-15.0,46,2032190500,97.56618371045677,23.500000000000014,-64.8986954344003
1,105.0,60.0,-15.0,47,2032190500,2.366183710457122,6.500000000000003,-1.8986954344003
1,105.0,60.0,-15.0,48,2032190500,-73.2338162895426,-10.500000000000009,-111.39869543440031
1,105.0,60.0,-15.0,49,2032190500,-106.23381628954249,3.500000000000011,-56.89869543440031
1,105.0,60.0,-15.0,50,2032190500,68.76618371045687,55.99999999999998,-68.89869543440031
1,105.0,60.0,-15.0,51,2032190500,-73.2338162895426,90.0,0.6013045655996972
1,105.0,60.0,-15.0,52,2032190500,15.166183710457076,50.999999999999986,-60.89869543440031
1,105.0,60.0,-15.0,53,2032190500,42.36618371045698,-29.000000000000004,-75.8986954344003
1,105.0,60.0,-15.0,54,2032190500,60.26618371045693,-27.0,-20.398695434400306
1,105.0,60.0,-15.0,55,2032190500,15.466183710457088,-59.500000000000014,-83.89869543440031
1,105.0,60.0,-15.0,56,2032190500,129.2661837104567,13.999999999999995,-87.89869543440031
1,105.0,60.0,-15.0,57,2032190500,-84.43381628954256,-54.0,-66.39869543440031
1,105.0,60.0,-15.0,58,2032190500,0.36618371045712195,0.49999999999999434,-3.898695434400303
1,105.0,60.0,-15.0,59,2032190500,6.366183710457108,-0.49999999999999434,4.101304565599696
1,105.0,60.0,-15.0,60,2032190500,84.56618371045683,4.999999999999995,-47.8986954344003
1,105.0,60.0,-15.0,61,2032190500,129.46618371045668,68.0,-84.39869543440031
1,105.0,60.0,-15.0,62,2032190500,-51.93381628954269,60.99999999999997,-100.8986954344003
1,105.0,60.0,-15.0,63,2032190500,-22.93381628954279,6.999999999999997,11.101304565599692
1,105.0,60.0,-15.0,64,2032190500,-93.73381628954255,-22.5,-5.398695434400305
1,105.0,60.0,-15.0,65,2032190500,106.76618371045676,-73.0,-21.898695434400302
1,105.0,60.0,-15.0,66,2032190500,-22.0338162895428,90.0,-105.3986954344003
1,105.0,60.0,-15.0,67,2032190500,-69.23381628954263,88.00000000000003,-62.3986954344003
1,105.0,60.0,-15.0,68,2032190500,-5.13381628954285,4.000000000000005,2.101304565599693
1,105.0,60.0,-15.0,69,2032190500,19.76618371045707,20.999999999999993,-55.89869543440031
1,105.0,60.0,-15.0,70,2032190500,119.2661837104567,61.49999999999999,-53.8986954344003
1,105.0,60.0,-15.0,71,2032190500,14.966183710457088,2.9999999999999916,-20.898695434400306
1,105.0,60.0,-15.0,72,2032190500,74.26618371045687,4.000000000000005,-63.3986954344003
1,105.0,60.0,-15.0,73,2032190500,5.566183710457111,-2.4999999999999973,-3.398695434400302
1,105.0,60.0,-15.0,74,2032190500,24.666183710457048,9.499999999999995,-110.39869543440031
1,105.0,60.0,-15.0,75,2032190500,-4.933816289542847,-4.999999999999995,1.1013045655996916
1,105.0,60.0,-15.0,76,2032190500,100.06618371045677,-21.50000000000001,-42.39869543440031
1,105.0,60.0,-15.0,77,2032190500,-34.03381628954274,-30.499999999999986,-105.89869543440031
1,105.0,60.0,-15.0,78,2032190500,-71.13381628954261,42.5,-51.89869543440031
1,105.0,60.0,-15.0,79,2032190500,53.166183710456934,47.5,-85.89869543440031
1,105.0,60.0,-15.0,80,2032190500,2.666183710457119,13.000000000000005,4.101304565599696
1,105.0,60.0,-15.0,81,2032190500,114.06618371045671,34.0,-17.398695434400302
1,105.0,60.0,-15.0,82,2032190500,-28.133816289542764,77.99999999999999,-46.3986954344003
1,105.0,60.0,-15.0,83,2032190500,80.46618371045683,-90.0,-100.8986954344003
1,105.0,60.0,-15.0,84,2032190500,-69.83381628954263,-36.999999999999986,-55.3986954344003
1,105.0,60.0,-15.0,85,2032190500,-60.13381628954266,3.500000000000011,-113.89869543440031
1,105.0,60.0,-15.0,86,2032190500,-35.633816289542736,90.0,-95.39869543440031
1,105.0,60.0,-15.0,87,2032190500,-57.53381628954266,52.00000000000002,-69.3986954344003
1,105.0,60.0,-15.0,88,2032190500,120.46618371045669,-26.00000000000001,-57.8986954344003
1,105.0,60.0,-15.0,89,2032190500,1.0661837104571248,-8.00000000000001,1.6013045655996987
1,105.0,60.0,-15.0,90,2032190500,-5.933816289542847,-11.999999999999991,10.101304565599692
1,105.0,60.0,-15.0,91,2032190500,26.766183710457042,90.0,-35.3986954344003
1,105.0,60.0,-15.0,92,2032190500,-83.03381628954257,-16.499999999999993,-103.3986954344003
1,105.0,60.0,-15.0,93,2032190500,-109.63381628954248,12.50000000000001,-47.39869543440031
1,105.0,60.0,-15.0,94,2032190500,-36.233816289542744,90.0,-22.898695434400302
1,105.0,60.0,-15.0,95,2032190500,48.26618371045696,-13.000000000000005,-84.8986954344003
1,105.0,60.0,-15.0,96,2032190500,3.066183710457125,6.999999999999997,-8.898695434400304
1,105.0,60.0,-15.0,97,2032190500,-109.63381628954248,-66.0,10.6013045655997
1,105.0,60.0,-15.0,98,2032190500,107.76618371045676,-64.50000000000001,-112.39869543440031
1,105.0,60.0,-15.0,99,2032190500,45.76618371045696,-29.499999999999996,-101.39869543440031
1,105.0,60.0,-15.0,100,2032190500,60.36618371045692,19.500000000000007,-67.89869543440031
1,105.0,60.0,-15.0,101,2032190500,108.66618371045674,-9.499999999999995,-44.3986954344003
1,105.0,60.0,-15.0,102,2032190500,-83.93381628954256,-2.4999999999999973,-76.39869543440031
1,105.0,60.0,-15.0,103,2032190500,-109.63381628954248,58.99999999999999,-61.89869543440031
1,105.0,60.0,-15.0,104,2032190500,56.26618371045693,72.99999999999999,-89.3986954344003
1,105.0,60.0,-15.0,105,2032190500,-50.93381628954269,-2.0000000000000027,-74.39869543440031
1,105.0,60.0,-15.0,106,2032190500,-54.73381628954267,70.00000000000003,-69.3986954344003
1,105.0,60.0,-15.0,107,2032190500,49.26618371045696,90.0,-93.39869543440031
1,105.0,60.0,-15.0,108,2032190500,89.76618371045681,-5.4999999999999885,-51.39869543440031
1,105.0,60.0,-15.0,109,2032190500,6.366183710457108,9.0,5.101304565599698
1,105.0,60.0,-15.0,110,2032190500,-5.033816289542855,2.9999999999999916,-8.398695434400302
1,105.0,60.0,-15.0,111,2032190500,30.46618371045703,29.499999999999996,-101.89869543440031
1,105.0,60.0,-15.0,112,2032190500,0.16618371045713332,0.0,2.101304565599693
1,105.0,60.0,-15.0,113,2032190500,-107.6338162895425,-38.5,-40.8986954344003
1,105.0,60.0,-15.0,114,2032190500,3.9661837104571163,6.000000000000009,3.6013045655997016
1,105.0,60.0,-15.0,115,2032190500,-96.53381628954253,-50.500000000000014,-44.89869543440031
1,105.0,60.0,-15.0,116,2032190500,95.9661837104568,20.499999999999996,-39.39869543440031
1,105.0,60.0,-15.0,117,2032190500,-61.23381628954265,51.5,-102.8986954344003
1,105.0,60.0,-15.0,118,2032190500,71.66618371045688,-90.0,-110.89869543440031
1,105.0,60.0,-15.0,119,2032190500,48.56618371045697,11.999999999999991,-60.3986954344003
1,105.0,60.0,-15.0,120,2032190500,58.96618371045692,-63.999999999999986,-84.8986954344003
1,105.0,60.0,-15.0,121,2032190500,-88.73381628954255,-9.499999999999995,-53.3986954344003
1,105.0,60.0,-15.0,122,2032190500,-8.333816289542838,-8.00000000000001,15.1013045655997
1,105.0,60.0,-15.0,123,2032190500,66.7661837104569,-9.499999999999995,-118.39869543440031
1,105.0,60.0,-15.0,124,2032190500,-108.33381628954248,-15.999999999999996,-73.8986954344003
1,105.0,60.0,-15.0,125,2032190500,-27.633816289542764,-29.499999999999996,-28.898695434400306
1,105.0,60.0,-15.0,126,2032190500,116.86618371045672,-10.500000000000009,-11.8986954344003
1,105.0,60.0,-15.0,127,2032190500,27.96618371045703,7.499999999999991,-45.8986954344003
1,105.0,60.0,-15.0,128,2032190500,18.166183710457076,-15.500000000000004,-26.398695434400302
1,105.0,60.0,-15.0,129,2032190500,2.7661837104571276,-2.0000000000000027,-1.8986954344003
1,105.0,60.0,-15.0,130,2032190500,4.666183710457119,-15.500000000000004,14.101304565599698
1,105.0,60.0,-15.0,131,2032190500,92.66618371045679,-4.000000000000005,-111.8986954344003
1,105.0,60.0,-15.0,132,2032190500,-109.63381628954248,22.5,-62.3986954344003
1,105.0,60.0,-15.0,133,2032190500,130.36618371045665,90.0,-72.89869543440031
1,105.0,60.0,-15.0,134,2032190500,-2.133816289542864,1.5000000000000084,-11.398695434400308
1,105.0,60.0,-15.0,135,2032190500,-26.233816289542773,64.50000000000001,-57.39869543440031
1,105.0,60.0,-15.0,136,2032190500,1.5661837104571248,-2.4999999999999973,-1.8986954344003
1,105.0,60.0,-15.0,137,2032190500,17.666183710457076,-73.0,-73.8986954344003
1,105.0,60.0,-15.0,138,2032190500,-97.63381628954252,-29.999999999999993,-63.3986954344003
1,105.0,60.0,-15.0,139,2032190500,85.56618371045683,-90.0,-114.8986954344003
1,105.0,60.0,-15.0,140,2032190500,130.36618371045665,-7.499999999999991,-67.89869543440031
1,105.0,60.0,-15.0,141,2032190500,-91.13381628954255,-38.99999999999999,-73.39869543440031
1,105.0,60.0,-15.0,142,2032190500,78.06618371045685,43.0,-23.898695434400306
1,105.0,60.0,-15.0,143,2032190500,-12.73381628954283,13.999999999999995,-42.89869543440031
1,105.0,60.0,-15.0,144,2032190500,39.566183710457,69.5,-1.8986954344003
1,105.0,60.0,-15.0,145,2032190500,88.76618371045681,5.4999999999999885,-105.3986954344003
1,105.0,60.0,-15.0,146,2032190500,-53.23381628954267,-47.5,-98.3986954344003
1,105.0,60.0,-15.0,147,2032190500,-9.133816289542835,2.4999999999999973,-5.898695434400306
1,105.0,60.0,-15.0,148,2032190500,-109.63381628954248,-20.999999999999993,-67.39869543440031
1,105.0,60.0,-15.0,149,2032190500,-97.23381628954252,90.0,-22.398695434400302
1,105.0,60.0,-15.0,150,2032190500,118.1661837104567,-59.500000000000014,-77.39869543440031
1,105.0,60.0,-15.0,151,2032190500,117.1661837104567,-29.499999999999996,-94.89869543440031
1,105.0,60.0,-15.0,152,2032190500,-28.433816289542776,58.99999999999999,-92.89869543440031
1,105.0,60.0,-15.0,153,2032190500,-31.133816289542764,-2.4999999999999973,1.1013045655996916
1,105.0,60.0,-15.0,154,2032190500,101.76618371045676,2.0000000000000027,-105.3986954344003
1,105.0,60.0,-15.0,155,2032190500,-34.13381628954275,9.0,-27.398695434400302
1,105.0,60.0,-15.0,156,2032190500,87.06618371045683,-56.5,-74.39869543440031
1,105.0,60.0,-15.0,157,2032190500,-70.83381628954263,-72.5,-44.3986954344003
1,105.0,60.0,-15.0,158,2032190500,6.866183710457108,-22.000000000000007,6.1013045655996985
1,105.0,60.0,-15.0,159,2032190500,-10.033816289542827,50.999999999999986,-10.898695434400306
1,105.0,60.0,-15.0,160,2032190500,-0.5338162895428695,2.9999999999999916,-4.398695434400303
1,105.0,60.0,-15.0,161,2032190500,23.266183710457042,45.49999999999999,-13.898695434400304
1,105.0,60.0,-15.0,162,2032190500,-60.23381628954266,29.000000000000004,-95.39869543440031
1,105.0,60.0,-15.0,163,2032190500,-8.933816289542833,-2.4999999999999973,-1.8986954344003
1,105.0,60.0,-15.0,164,2032190500,-109.63381628954248,-90.0,6.601304565599693
1,105.0,60.0,-15.0,165,2032190500,-58.633816289542665,55.99999999999998,-78.3986954344003
1,105.0,60.0,-15.0,166,2032190500,16.066183710457054,11.000000000000004,-117.3986954344003
1,105.0,60.0,-15.0,167,2032190500,4.866183710457108,12.50000000000001,15.1013045655997
1,105.0,60.0,-15.0,168,2032190500,66.56618371045688,31.5,-2.8986954344003015
1,105.0,60.0,-15.0,169,2032190500,1.7661837104571276,-11.000000000000004,-0.8986954344002985
1,105.0,60.0,-15.0,170,2032190500,9.06618371045711,8.00000000000001,-4.398695434400303
1,105.0,60.0,-15.0,171,2032190500,-2.3338162895428667,0.49999999999999434,6.601304565599693
1,105.0,60.0,-15.0,172,2032190500,112.56618371045674,-47.5,-20.898695434400306
1,105.0,60.0,-15.0,173,2032190500,-4.533816289542855,2.0000000000000027,8.101304565599701
1,105.0,60.0,-15.0,174,2032190500,90.9661837104568,60.5,-121.89869543440031
1,105.0,60.0,-15.0,175,2032190500,-8.933816289542833,-7.499999999999991,-6.398695434400306
1,105.0,60.0,-15.0,176,2032190500,-4.433816289542861,2.4999999999999973,2.101304565599693
1,105.0,60.0,-15.0,177,2032190500,-89.13381628954255,90.0,-86.39869543440031
1,105.0,60.0,-15.0,178,2032190500,51.666183710456934,0.49999999999999434,-85.39869543440031
1,105.0,60.0,-15.0,179,2032190500,-109.63381628954248,9.499999999999995,-118.8986954344003
1,105.0,60.0,-15.0,180,2032190500,124.46618371045669,20.000000000000004,-64.39869543440031
1,105.0,60.0,-15.0,181,2032190500,-77.7338162895426,15.500000000000004,-25.398695434400306
1,105.0,60.0,-15.0,182,2032190500,50.26618371045696,-56.5,-79.89869543440031
1,105.0,60.0,-15.0,183,2032190500,-102.2338162895425,4.999999999999995,-94.3986954344003
1,105.0,60.0,-15.0,184,2032190500,70.66618371045688,-9.0,-66.39869543440031
1,105.0,60.0,-15.0,185,2032190500,72.26618371045687,-56.5,-46.3986954344003
1,105.0,60.0,-15.0,186,2032190500,96.86618371045678,90.0,0.6013045655996972
1,105.0,60.0,-15.0,187,2032190500,-11.033816289542827,-6.999999999999997,-5.898695434400306
1,105.0,60.0,-15.0,188,2032190500,8.2661837104571,31.5,-75.39869543440031
1,105.0,60.0,-15.0,189,2032190500,-11.133816289542835,-20.999999999999993,-4.398695434400303
1,105.0,60.0,-15.0,190,2032190500,-10.833816289542838,2.9999999999999916,3.6013045655997016
1,105.0,60.0,-15.0,191,2032190500,90.26618371045681,44.50000000000001,-9.398695434400304
1,105.0,60.0,-15.0,192,2032190500,-7.433816289542847,-11.000000000000004,-4.398695434400303
1,105.0,60.0,-15.0,193,2032190500,8.666183710457105,2.4999999999999973,0.6013045655996972
1,105.0,60.0,-15.0,194,2032190500,-39.333816289542725,90.0,-80.3986954344003
1,105.0,60.0,-15.0,195,2032190500,72.16618371045688,63.50000000000002,-55.89869543440031
1,105.0,60.0,-15.0,196,2032190500,-73.03381628954261,90.0,-5.898695434400306
1,105.0,60.0,-15.0,197,2032190500,-2.5338162895428553,-2.0000000000000027,-6.898695434400307
1,105.0,60.0,-15.0,198,2032190500,-38.73381628954273,26.500000000000007,-62.3986954344003
1,105.0,60.0,-15.0,199,2032190500,124.46618371045669,44.000000000000014,-33.89869543440031
1,105.0,60.0,-10.0,0,2032190501,6.166183710457105,-2.9999999999999916,0.1013045655996902
1,105.0,60.0,-10.0,1,2032190501,3.4661837104571163,0.49999999999999434,-4.898695434400304
1,105.0,60.0,-10.0,2,2032190501,2.866183710457122,-2.4999999999999973,5.101304565599698
1,105.0,60.0,-10.0,3,2032190501,5.866183710457108,2.0000000000000027,0.6013045655996972
1,105.0,60.0,-10.0,4,2032190501,-28.93381628954276,-21.50000000000001,-61.89869543440031
1,105.0,60.0,-10.0,5,2032190501,5.166183710457105,2.0000000000000027,-0.8986954344002985
1,105.0,60.0,-10.0,6,2032190501,-109.63381628954248,-4.999999999999995,-26.898695434400302
1,105.0,60.0,-10.0,7,2032190501,-29.93381628954276,24.000000000000007,-1.3986954344003055
1,105.0,60.0,-10.0,8,2032190501,-5.233816289542844,-2.0000000000000027,2.6013045655997002
1,105.0,60.0,-10.0,9,2032190501,6.266183710457113,-0.49999999999999434,-2.8986954344003015
1,105.0,60.0,-10.0,10,2032190501,1.2661837104571276,-2.0000000000000027,1.6013045655996987
1,105.0,60.0,-10.0,11,2032190501,1.666183710457119,2.9999999999999916,0.6013045655996972
1,105.0,60.0,-10.0,12,2032190501,-1.2338162895428724,0.49999999999999434,5.101304565599698
1,105.0,60.0,-10.0,13,2032190501,7.166183710457105,8.00000000000001,1.6013045655996987
1,105.0,60.0,-10.0,14,2032190501,-1.1338162895428638,-0.9999999999999887,-3.898695434400303
1,105.0,60.0,-10.0,15,2032190501,-4.8338162895428525,-5.4999999999999885,-4.898695434400304
1,105.0,60.0,-10.0,16,2032190501,104.76618371045676,87.5,-55.3986954344003
1,105.0,60.0,-10.0,17,2032190501,-10.033816289542827,-2.4999999999999973,-3.398695434400302
1,105.0,60.0,-10.0,18,2032190501,2.066183710457125,0.0,-2.8986954344003015
1,105.0,60.0,-10.0,19,2032190501,-0.7338162895428724,-0.9999999999999887,-1.8986954344003
1,105.0,60.0,-10.0,20,2032190501,1.0661837104571248,2.0000000000000027,6.1013045655996985
1,105.0,60.0,-10.0,21,2032190501,5.866183710457108,2.4999999999999973,-0.39869543440030414
1,105.0,60.0,-10.0,22,2032190501,2.566183710457125,-0.9999999999999887,-3.398695434400302
1,105.0,60.0,-10.0,23,2032190501,92.5661837104568,-74.5,-101.89869543440031
1,105.0,60.0,-10.0,24,2032190501,-41.23381628954273,-90.0,-29.898695434400306
1,105.0,60.0,-10.0,25,2032190501,77.36618371045687,4.999999999999995,-50.3986954344003
1,105.0,60.0,-10.0,26,2032190501,-6.733816289542844,9.0,8.601304565599696
1,105.0,60.0,-10.0,27,2032190501,-38.633816289542736,-90.0,-130.8986954344003
1,105.0,60.0,-10.0,28,2032190501,-7.533816289542841,-0.49999999999999434,2.101304565599693
1,105.0,60.0,-10.0,29,2032190501,-3.3338162895428525,-2.9999999999999916,-1.3986954344003055
1,105.0,60.0,-10.0,30,2032190501,4.866183710457108,2.0000000000000027,8.601304565599696
1,105.0,60.0,-10.0,31,2032190501,-62.733816289542645,-26.00000000000001,-71.89869543440031
1,105.0,60.0,-10.0,32,2032190501,-19.433816289542804,43.0,-50.3986954344003
1,105.0,60.0,-10.0,33,2032190501,-24.033816289542784,-27.499999999999993,-31.398695434400302
1,105.0,60.0,-10.0,34,2032190501,56.86618371045692,52.00000000000002,-45.8986954344003
1,105.0,60.0,-10.0,35,2032190501,130.36618371045665,60.5,9.10130456559969
1,105.0,60.0,-10.0,36,2032190501,-109.13381628954248,-22.5,-15.898695434400308
1,105.0,60.0,-10.0,37,2032190501,5.366183710457108,6.000000000000009,-2.398695434400307
1,105.0,60.0,-10.0,38,2032190501,-3.3338162895428525,4.999999999999995,-3.398695434400302
1,105.0,60.0,-10.0,39,2032190501,-59.43381628954266,-13.999999999999995,-121.89869543440031
1,105.0,60.0,-10.0,40,2032190501,-2.133816289542864,-2.0000000000000027,2.101304565599693
1,105.0,60.0,-10.0,41,2032190501,1.7661837104571276,0.9999999999999887,-1.3986954344003055
1,105.0,60.0,-10.0,42,2032190501,-3.433816289542861,2.0000000000000027,-1.3986954344003055
1,105.0,60.0,-10.0,43,2032190501,2.166183710457119,-3.500000000000011,8.101304565599701
1,105.0,60.0,-10.0,44,2032190501,25.866183710457037,17.500000000000007,-1.8986954344003
1,105.0,60.0,-10.0,45,2032190501,-94.73381628954253,47.0,-58.39869543440031
1,105.0,60.0,-10.0,46,2032190501,0.16618371045713332,-4.999999999999995,2.101304565599693
1,105.0,60.0,-10.0,47,2032190501,4.266183710457113,2.9999999999999916,3.1013045655996945
1,105.0,60.0,-10.0,48,2032190501,-80.03381628954259,16.499999999999993,-125.3986954344003
1,105.0,60.0,-10.0,49,2032190501,-88.03381628954256,-22.999999999999993,-66.39869543440031
1,105.0,60.0,-10.0,50,2032190501,110.86618371045672,-13.5,-134.8986954344003
1,105.0,60.0,-10.0,51,2032190501,-94.13381628954254,-63.0,-130.8986954344003
1,105.0,60.0,-10.0,52,2032190501,-8.333816289542838,-3.500000000000011,2.101304565599693
1,105.0,60.0,-10.0,53,2032190501,0.26618371045712763,9.99999999999999,1.6013045655996987
1,105.0,60.0,-10.0,54,2032190501,-75.4338162895426,-18.99999999999999,-69.3986954344003
1,105.0,60.0,-10.0,55,2032190501,0.9661837104571305,-2.9999999999999916,-9.398695434400304
1,105.0,60.0,-10.0,56,2032190501,1.9661837104571163,0.0,1.6013045655996987
1,105.0,60.0,-10.0,57,2032190501,-1.5338162895428695,-2.0000000000000027,0.6013045655996972
1,105.0,60.0,-10.0,58,2032190501,0.9661837104571305,3.500000000000011,-4.398695434400303
1,105.0,60.0,-10.0,59,2032190501,-1.5338162895428695,2.4999999999999973,3.1013045655996945
1,105.0,60.0,-10.0,60,2032190501,97.46618371045678,-9.99999999999999,-25.898695434400302
1,105.0,60.0,-10.0,61,2032190501,-98.53381628954253,2.0000000000000027,-79.3986954344003
1,105.0,60.0,-10.0,62,2032190501,-3.233816289542858,3.500000000000011,0.6013045655996972
1,105.0,60.0,-10.0,63,2032190501,-3.5338162895428553,-5.4999999999999885,-3.898695434400303
1,105.0,60.0,-10.0,64,2032190501,101.36618371045678,11.999999999999991,-31.898695434400302
1,105.0,60.0,-10.0,65,2032190501,92.36618371045681,-45.49999999999999,-68.89869543440031
1,105.0,60.0,-10.0,66,2032190501,-95.73381628954253,-90.0,-130.3986954344003
1,105.0,60.0,-10.0,67,2032190501,114.36618371045672,-11.499999999999996,-63.3986954344003
1,105.0,60.0,-10.0,68,2032190501,3.9661837104571163,3.500000000000011,10.101304565599692
1,105.0,60.0,-10.0,69,2032190501,-4.8338162895428525,0.0,-0.8986954344002985
1,105.0,60.0,-10.0,70,2032190501,11.06618371045711,-9.0,-2.8986954344003015
1,105.0,60.0,-10.0,71,2032190501,-83.43381628954258,4.5,-59.39869543440031
1,105.0,60.0,-10.0,72,2032190501,-32.33381628954275,63.50000000000002,-45.3986954344003
1,105.0,60.0,-10.0,73,2032190501,1.9661837104571163,-0.49999999999999434,-3.898695434400303
1,105.0,60.0,-10.0,74,2032190501,3.666183710457119,-0.9999999999999887,1.6013045655996987
1,105.0,60.0,-10.0,75,2032190501,-16.83381628954281,-21.50000000000001,-10.898695434400306
1,105.0,60.0,-10.0,76,2032190501,111.86618371045672,-18.99999999999999,-42.39869543440031
1,105.0,60.0,-10.0,77,2032190501,4.566183710457111,-2.0000000000000027,-7.898695434400302
1,105.0,60.0,-10.0,78,2032190501,-101.73381628954252,44.50000000000001,-5.398695434400305
1,105.0,60.0,-10.0,79,2032190501,-102.5338162895425,-49.99999999999999,-69.89869543440031
1,105.0,60.0,-10.0,80,2032190501,-3.133816289542864,-0.49999999999999434,6.601304565599693
1,105.0,60.0,-10.0,81,2032190501,-83.63381628954258,29.000000000000004,-82.8986954344003
1,105.0,60.0,-10.0,82,2032190501,-60.533816289542656,49.49999999999997,-84.8986954344003
1,105.0,60.0,-10.0,83,2032190501,-92.43381628954253,90.0,-123.8986954344003
1,105.0,60.0,-10.0,84,2032190501,-28.03381628954277,-9.0,3.1013045655996945
1,105.0,60.0,-10.0,85,2032190501,2.7661837104571276,-4.999999999999995,-3.398695434400302
1,105.0,60.0,-10.0,86,2032190501,2.7661837104571276,-0.49999999999999434,2.101304565599693
1,105.0,60.0,-10.0,87,2032190501,0.26618371045712763,-2.4999999999999973,10.6013045655997
1,105.0,60.0,-10.0,88,2032190501,101.06618371045677,4.000000000000005,-84.39869543440031
1,105.0,60.0,-10.0,89,2032190501,2.666183710457119,0.49999999999999434,6.1013045655996985
1,105.0,60.0,-10.0,90,2032190501,1.366183710457122,-3.500000000000011,-4.898695434400304
1,105.0,60.0,-10.0,91,2032190501,-77.1338162895426,-69.5,-77.39869543440031
1,105.0,60.0,-10.0,92,2032190501,25.46618371045703,33.00000000000001,-64.8986954344003
1,105.0,60.0,-10.0,93,2032190501,-4.8338162895428525,0.0,-2.8986954344003015
1,105.0,60.0,-10.0,94,2032190501,-45.433816289542705,-27.0,-112.89869543440031
1,105.0,60.0,-10.0,95,2032190501,104.76618371045676,-43.0,-60.89869543440031
1,105.0,60.0,-10.0,96,2032190501,1.7661837104571276,-0.49999999999999434,-0.39869543440030414
1,105.0,60.0,-10.0,97,2032190501,0.16618371045713332,2.4999999999999973,-2.398695434400307
1,105.0,60.0,-10.0,98,2032190501,-29.43381628954276,-4.999999999999995,1.1013045655996916
1,105.0,60.0,-10.0,99,2032190501,-1.8338162895428667,-0.49999999999999434,5.601304565599691
1,105.0,60.0,-10.0,100,2032190501,6.766183710457099,3.500000000000011,3.6013045655997016
1,105.0,60.0,-10.0,101,2032190501,112.96618371045672,-66.0,-120.39869543440031
1,105.0,60.0,-10.0,102,2032190501,130.36618371045665,-70.0,-38.39869543440031
1,105.0,60.0,-10.0,103,2032190501,-31.633816289542764,-41.500000000000014,-51.39869543440031
1,105.0,60.0,-10.0,104,2032190501,2.166183710457119,0.9999999999999887,-3.398695434400302
1,105.0,60.0,-10.0,105,2032190501,-2.0338162895428553,-4.999999999999995,6.1013045655996985
1,105.0,60.0,-10.0,106,2032190501,-3.433816289542861,-3.500000000000011,-1.3986954344003055
1,105.0,60.0,-10.0,107,2032190501,-3.8338162895428525,-4.999999999999995,1.1013045655996916
1,105.0,60.0,-10.0,108,2032190501,37.066183710457,-90.0,-100.39869543440031
1,105.0,60.0,-10.0,109,2032190501,1.2661837104571276,-0.9999999999999887,-4.398695434400303
1,105.0,60.0,-10.0,110,2032190501,-2.933816289542861,0.0,1.6013045655996987
1,105.0,60.0,-10.0,111,2032190501,1.7661837104571276,2.4999999999999973,6.601304565599693
1,105.0,60.0,-10.0,112,2032190501,-1.2338162895428724,-1.5000000000000084,2.6013045655997002
1,105.0,60.0,-10.0,113,2032190501,-5.933816289542847,4.999999999999995,-4.398695434400303
1,105.0,60.0,-10.0,114,2032190501,28.566183710457025,-29.499999999999996,-121.89869543440031
1,105.0,60.0,-10.0,115,2032190501,-28.833816289542767,0.49999999999999434,-6.898695434400307
1,105.0,60.0,-10.0,116,2032190501,-72.83381628954261,38.99999999999999,-21.398695434400302
1,105.0,60.0,-10.0,117,2032190501,0.36618371045712195,2.9999999999999916,1.6013045655996987
1,105.0,60.0,-10.0,118,2032190501,-0.3338162895428667,0.49999999999999434,2.6013045655997002
1,105.0,60.0,-10.0,119,2032190501,-3.5338162895428553,1.5000000000000084,-2.8986954344003015
1,105.0,60.0,-10.0,120,2032190501,-109.63381628954248,9.99999999999999,-28.398695434400306
1,105.0,60.0,-10.0,121,2032190501,2.866183710457122,0.0,-2.398695434400307
1,105.0,60.0,-10.0,122,2032190501,-3.5338162895428553,1.5000000000000084,1.6013045655996987
1,105.0,60.0,-10.0,123,2032190501,5.966183710457116,9.499999999999995,9.601304565599698
1,105.0,60.0,-10.0,124,2032190501,-0.933816289542861,-3.500000000000011,0.1013045655996902
1,105.0,60.0,-10.0,125,2032190501,-0.033816289542869526,3.500000000000011,0.6013045655996972
1,105.0,60.0,-10.0,126,2032190501,-91.83381628954254,46.50000000000001,-57.39869543440031
1,105.0,60.0,-10.0,127,2032190501,-0.3338162895428667,0.0,2.6013045655997002
1,105.0,60.0,-10.0,128,2032190501,2.9661837104571163,-3.500000000000011,2.101304565599693
1,105.0,60.0,-10.0,129,2032190501,93.4661837104568,54.0,-16.898695434400302
1,105.0,60.0,-10.0,130,2032190501,1.1661837104571333,4.999999999999995,2.6013045655997002
1,105.0,60.0,-10.0,131,2032190501,-84.23381628954257,15.999999999999996,-65.39869543440031
1,105.0,60.0,-10.0,132,2032190501,-0.8338162895428667,-0.49999999999999434,1.6013045655996987
1,105.0,60.0,-10.0,133,2032190501,130.36618371045665,-22.999999999999993,-67.39869543440031
1,105.0,60.0,-10.0,134,2032190501,3.666183710457119,-2.9999999999999916,0.1013045655996902
1,105.0,60.0,-10.0,135,2032190501,-32.13381628954275,-0.49999999999999434,-6.398695434400306
1,105.0,60.0,-10.0,136,2032190501,2.566183710457125,0.49999999999999434,-2.398695434400307
1,105.0,60.0,-10.0,137,2032190501,-1.5338162895428695,0.0,1.1013045655996916
1,105.0,60.0,-10.0,138,2032190501,-69.53381628954261,58.50000000000003,-82.8986954344003
1,105.0,60.0,-10.0,139,2032190501,-5.13381628954285,2.9999999999999916,-0.39869543440030414
1,105.0,60.0,-10.0,140,2032190501,0.7661837104571276,-3.500000000000011,-1.8986954344003
1,105.0,60.0,-10.0,141,2032190501,0.06618371045712479,-4.000000000000005,1.6013045655996987
1,105.0,60.0,-10.0,142,2032190501,103.56618371045677,90.0,-107.89869543440031
1,105.0,60.0,-10.0,143,2032190501,-3.8338162895428525,-4.999999999999995,-1.3986954344003055
1,105.0,60.0,-10.0,144,2032190501,-26.733816289542773,-9.0,-25.898695434400302
1,105.0,60.0,-10.0,145,2032190501,2.2661837104571276,2.4999999999999973,0.1013045655996902
1,105.0,60.0,-10.0,146,2032190501,8.366183710457094,-0.49999999999999434,-11.8986954344003
1,105.0,60.0,-10.0,147,2032190501,47.966183710456974,90.0,-117.89869543440031
1,105.0,60.0,-10.0,148,2032190501,-3.733816289542858,2.9999999999999916,0.6013045655996972
1,105.0,60.0,-10.0,149,2032190501,83.86618371045684,-45.999999999999986,-81.39869543440031
1,105.0,60.0,-10.0,150,2032190501,-11.633816289542821,2.9999999999999916,-2.398695434400307
1,105.0,60.0,-10.0,151,2032190501,-4.63381628954285,6.000000000000009,-5.898695434400306
1,105.0,60.0,-10.0,152,2032190501,-3.933816289542861,-4.5,5.601304565599691
1,105.0,60.0,-10.0,153,2032190501,-5.733816289542844,-0.9999999999999887,3.1013045655996945
1,105.0,60.0,-10.0,154,2032190501,0.5661837104571248,-4.000000000000005,2.6013045655997002
1,105.0,60.0,-10.0,155,2032190501,-0.7338162895428724,-2.4999999999999973,0.1013045655996902
1,105.0,60.0,-10.0,156,2032190501,-1.7338162895428582,0.49999999999999434,0.6013045655996972
1,105.0,60.0,-10.0,157,2032190501,-1.433816289542861,4.5,0.6013045655996972
1,105.0,60.0,-10.0,158,2032190501,4.466183710457116,-6.500000000000003,-3.398695434400302
1,105.0,60.0,-10.0,159,2032190501,-75.63381628954261,90.0,-98.3986954344003
1,105.0,60.0,-10.0,160,2032190501,-41.333816289542725,-59.999999999999986,-83.89869543440031
1,105.0,60.0,-10.0,161,2032190501,-107.93381628954249,-0.9999999999999887,-50.3986954344003
1,105.0,60.0,-10.0,162,2032190501,-92.03381628954254,53.49999999999998,-103.89869543440031
1,105.0,60.0,-10.0,163,2032190501,-0.13381628954286384,2.0000000000000027,1.6013045655996987
1,105.0,60.0,-10.0,164,2032190501,28.96618371045703,90.0,-3.898695434400303
1,105.0,60.0,-10.0,165,2032190501,-67.53381628954263,-40.00000000000001,-61.3986954344003
1,105.0,60.0,-10.0,166,2032190501,7.566183710457111,2.0000000000000027,-3.898695434400303
1,105.0,60.0,-10.0,167,2032190501,36.966183710457,-11.999999999999991,-31.398695434400302
1,105.0,60.0,-10.0,168,2032190501,-0.033816289542869526,1.5000000000000084,0.6013045655996972
1,105.0,60.0,-10.0,169,2032190501,-14.133816289542821,4.999999999999995,-1.8986954344003
1,105.0,60.0,-10.0,170,2032190501,-1.0338162895428695,-2.4999999999999973,1.6013045655996987
1,105.0,60.0,-10.0,171,2032190501,50.36618371045695,35.50000000000001,-84.8986954344003
1,105.0,60.0,-10.0,172,2032190501,-8.133816289542835,-7.499999999999991,1.1013045655996916
1,105.0,60.0,-10.0,173,2032190501,127.06618371045668,1.5000000000000084,-77.89869543440031
1,105.0,60.0,-10.0,174,2032190501,43.966183710456974,-23.500000000000014,-82.8986954344003
1,105.0,60.0,-10.0,175,2032190501,-3.433816289542861,0.9999999999999887,0.1013045655996902
1,105.0,60.0,-10.0,176,2032190501,98.36618371045678,-31.5,-5.898695434400306
1,105.0,60.0,-10.0,177,2032190501,81.96618371045683,-35.000000000000014,-52.89869543440031
1,105.0,60.0,-10.0,178,2032190501,-0.13381628954286384,-1.5000000000000084,7.1013045655997
1,105.0,60.0,-10.0,179,2032190501,-91.53381628954254,-24.500000000000004,-50.3986954344003
1,105.0,60.0,-10.0,180,2032190501,2.7661837104571276,0.0,7.601304565599694
1,105.0,60.0,-10.0,181,2032190501,2.666183710457119,-2.0000000000000027,5.101304565599698
1,105.0,60.0,-10.0,182,2032190501,2.066183710457125,-2.4999999999999973,2.101304565599693
1,105.0,60.0,-10.0,183,2032190501,-0.033816289542869526,-2.4999999999999973,-0.39869543440030414
1,105.0,60.0,-10.0,184,2032190501,-109.63381628954248,54.999999999999986,-58.8986954344003
1,105.0,60.0,-10.0,185,2032190501,3.9661837104571163,2.0000000000000027,-4.398695434400303
1,105.0,60.0,-10.0,186,2032190501,-6.733816289542844,-2.0000000000000027,2.101304565599693
1,105.0,60.0,-10.0,187,2032190501,3.7661837104571134,4.999999999999995,-5.898695434400306
1,105.0,60.0,-10.0,188,2032190501,-34.33381628954275,-4.000000000000005,-29.398695434400306
1,105.0,60.0,-10.0,189,2032190501,-3.0338162895428553,-0.9999999999999887,-5.398695434400305
1,105.0,60.0,-10.0,190,2032190501,-85.63381628954257,-90.0,-18.898695434400306
1,105.0,60.0,-10.0,191,2032190501,-5.433816289542847,-0.9999999999999887,3.6013045655997016
1,105.0,60.0,-10.0,192,2032190501,-3.5338162895428553,0.9999999999999887,6.601304565599693
1,105.0,60.0,-10.0,193,2032190501,-0.433816289542861,2.0000000000000027,-0.8986954344002985
1,105.0,60.0,-10.0,194,2032190501,1.666183710457119,0.49999999999999434,-3.398695434400302
1,105.0,60.0,-10.0,195,2032190501,48.466183710456946,42.00000000000001,-21.898695434400302
1,105.0,60.0,-10.0,196,2032190501,-1.2338162895428724,0.9999999999999887,-2.398695434400307
1,105.0,60.0,-10.0,197,2032190501,-2.8338162895428667,-2.4999999999999973,-1.8986954344003
1,105.0,60.0,-10.0,198,2032190501,-4.13381628954285,2.9999999999999916,3.1013045655996945
1,105.0,60.0,-10.0,199,2032190501,-6.63381628954285,-1.5000000000000084,0.6013045655996972
1,105.0,60.0,-5.0,0,2032190502,1.4661837104571305,-2.0000000000000027,0.6013045655996972
1,105.0,60.0,-5.0,1,2032190502,1.666183710457119,0.9999999999999887,0.1013045655996902
1,105.0,60.0,-5.0,2,2032190502,2.9661837104571163,-2.4999999999999973,-0.39869543440030414
1,105.0,60.0,-5.0,3,2032190502,-0.433816289542861,-1.5000000000000084,1.1013045655996916
1,105.0,60.0,-5.0,4,2032190502,-2.633816289542864,-0.49999999999999434,-2.398695434400307
1,105.0,60.0,-5.0,5,2032190502,1.0661837104571248,-1.5000000000000084,3.6013045655997016
1,105.0,60.0,-5.0,6,2032190502,1.9661837104571163,-0.49999999999999434,5.101304565599698
1,105.0,60.0,-5.0,7,2032190502,-0.13381628954286384,-0.9999999999999887,0.1013045655996902
1,105.0,60.0,-5.0,8,2032190502,-1.1338162895428638,2.4999999999999973,-1.3986954344003055
1,105.0,60.0,-5.0,9,2032190502,-0.433816289542861,-2.9999999999999916,0.6013045655996972
1,105.0,60.0,-5.0,10,2032190502,2.666183710457119,-2.4999999999999973,-0.8986954344002985
1,105.0,60.0,-5.0,11,2032190502,0.36618371045712195,-0.49999999999999434,-0.8986954344002985
1,105.0,60.0,-5.0,12,2032190502,1.666183710457119,-0.49999999999999434,-0.39869543440030414
1,105.0,60.0,-5.0,13,2032190502,-0.033816289542869526,2.0000000000000027,2.101304565599693
1,105.0,60.0,-5.0,14,2032190502,0.7661837104571276,0.0,-0.39869543440030414
1,105.0,60.0,-5.0,15,2032190502,1.9661837104571163,-0.49999999999999434,-0.39869543440030414
1,105.0,60.0,-5.0,16,2032190502,2.4661837104571163,-2.0000000000000027,-1.3986954344003055
1,105.0,60.0,-5.0,17,2032190502,-2.633816289542864,-2.4999999999999973,2.101304565599693
1,105.0,60.0,-5.0,18,2032190502,-0.6338162895428638,-0.9999999999999887,1.6013045655996987
1,105.0,60.0,-5.0,19,2032190502,-0.033816289542869526,3.500000000000011,2.6013045655997002
1,105.0,60.0,-5.0,20,2032190502,2.066183710457125,-0.49999999999999434,0.1013045655996902
1,105.0,60.0,-5.0,21,2032190502,-1.933816289542861,0.9999999999999887,-1.3986954344003055
1,105.0,60.0,-5.0,22,2032190502,1.2661837104571276,0.0,-2.8986954344003015
1,105.0,60.0,-5.0,23,2032190502,3.366183710457122,0.49999999999999434,-3.398695434400302
1,105.0,60.0,-5.0,24,2032190502,4.666183710457119,0.0,0.1013045655996902
1,105.0,60.0,-5.0,25,2032190502,-3.733816289542858,-0.9999999999999887,2.101304565599693
1,105.0,60.0,-5.0,26,2032190502,-1.7338162895428582,4.999999999999995,0.6013045655996972
1,105.0,60.0,-5.0,27,2032190502,0.6661837104571333,0.49999999999999434,-0.8986954344002985
1,105.0,60.0,-5.0,28,2032190502,2.9661837104571163,2.4999999999999973,-0.8986954344002985
1,105.0,60.0,-5.0,29,2032190502,1.1661837104571333,-1.5000000000000084,-0.39869543440030414
1,105.0,60.0,-5.0,30,2032190502,1.2661837104571276,-1.5000000000000084,-1.8986954344003
1,105.0,60.0,-5.0,31,2032190502,1.366183710457122,0.9999999999999887,0.1013045655996902
1,105.0,60.0,-5.0,32,2032190502,-2.433816289542861,-0.49999999999999434,1.1013045655996916
1,105.0,60.0,-5.0,33,2032190502,-0.933816289542861,-2.9999999999999916,0.6013045655996972
1,105.0,60.0,-5.0,34,2032190502,-4.233816289542858,-3.500000000000011,-1.3986954344003055
1,105.0,60.0,-5.0,35,2032190502,0.866183710457122,2.0000000000000027,2.6013045655997002
1,105.0,60.0,-5.0,36,2032190502,-0.13381628954286384,-0.9999999999999887,2.101304565599693
1,105.0,60.0,-5.0,37,2032190502,92.36618371045681,11.499999999999996,-66.89869543440031
1,105.0,60.0,-5.0,38,2032190502,0.866183710457122,1.5000000000000084,-0.8986954344002985
1,105.0,60.0,-5.0,39,2032190502,1.1661837104571333,1.5000000000000084,-0.8986954344002985
1,105.0,60.0,-5.0,40,2032190502,3.066183710457125,1.5000000000000084,-4.398695434400303
1,105.0,60.0,-5.0,41,2032190502,-1.2338162895428724,0.49999999999999434,-1.3986954344003055
1,105.0,60.0,-5.0,42,2032190502,1.1661837104571333,0.9999999999999887,-0.39869543440030414
1,105.0,60.0,-5.0,43,2032190502,1.2661837104571276,0.9999999999999887,-0.8986954344002985
1,105.0,60.0,-5.0,44,2032190502,1.4661837104571305,-0.9999999999999887,1.1013045655996916
1,105.0,60.0,-5.0,45,2032190502,-1.8338162895428667,-0.9999999999999887,1.6013045655996987
1,105.0,60.0,-5.0,46,2032190502,-1.6338162895428638,-1.5000000000000084,1.1013045655996916
1,105.0,60.0,-5.0,47,2032190502,-0.13381628954286384,0.0,-2.398695434400307
1,105.0,60.0,-5.0,48,2032190502,1.4661837104571305,-0.49999999999999434,2.6013045655997002
1,105.0,60.0,-5.0,49,2032190502,-0.033816289542869526,-0.9999999999999887,0.1013045655996902
1,105.0,60.0,-5.0,50,2032190502,-1.933816289542861,-2.4999999999999973,-1.3986954344003055
1,105.0,60.0,-5.0,51,2032190502,-1.2338162895428724,0.49999999999999434,-0.39869543440030414
1,105.0,60.0,-5.0,52,2032190502,4.366183710457122,2.4999999999999973,-2.398695434400307
1,105.0,60.0,-5.0,53,2032190502,0.4661837104571305,1.5000000000000084,-1.3986954344003055
1,105.0,60.0,-5.0,54,2032190502,2.666183710457119,-1.5000000000000084,-0.8986954344002985
1,105.0,60.0,-5.0,55,2032190502,2.7661837104571276,-0.9999999999999887,-2.398695434400307
1,105.0,60.0,-5.0,56,2032190502,-29.133816289542764,-67.5,-105.89869543440031
1,105.0,60.0,-5.0,57,2032190502,-2.0338162895428553,-1.5000000000000084,1.1013045655996916
1,105.0,60.0,-5.0,58,2032190502,-0.23381628954287237,1.5000000000000084,-0.39869543440030414
1,105.0,60.0,-5.0,59,2032190502,92.36618371045681,-47.5,-21.398695434400302
1,105.0,60.0,-5.0,60,2032190502,0.7661837104571276,2.9999999999999916,1.6013045655996987
1,105.0,60.0,-5.0,61,2032190502,6.066183710457111,2.0000000000000027,0.1013045655996902
1,105.0,60.0,-5.0,62,2032190502,3.4661837104571163,-2.9999999999999916,5.101304565599698
1,105.0,60.0,-5.0,63,2032190502,-2.133816289542864,0.9999999999999887,3.1013045655996945
1,105.0,60.0,-5.0,64,2032190502,-0.6338162895428638,2.0000000000000027,2.101304565599693
1,105.0,60.0,-5.0,65,2032190502,1.866183710457122,1.5000000000000084,2.6013045655997002
1,105.0,60.0,-5.0,66,2032190502,1.5661837104571248,0.0,-0.8986954344002985
1,105.0,60.0,-5.0,67,2032190502,-2.633816289542864,-2.4999999999999973,1.1013045655996916
1,105.0,60.0,-5.0,68,2032190502,-1.8338162895428667,2.0000000000000027,3.1013045655996945
1,105.0,60.0,-5.0,69,2032190502,-1.0338162895428695,-1.5000000000000084,-0.8986954344002985
1,105.0,60.0,-5.0,70,2032190502,-2.5338162895428553,-2.0000000000000027,0.6013045655996972
1,105.0,60.0,-5.0,71,2032190502,-1.7338162895428582,0.49999999999999434,-0.39869543440030414
1,105.0,60.0,-5.0,72,2032190502,1.7661837104571276,0.49999999999999434,-1.3986954344003055
1,105.0,60.0,-5.0,73,2032190502,0.7661837104571276,2.0000000000000027,-0.8986954344002985
1,105.0,60.0,-5.0,74,2032190502,-2.933816289542861,-0.49999999999999434,1.1013045655996916
1,105.0,60.0,-5.0,75,2032190502,-6.233816289542844,-2.0000000000000027,0.6013045655996972
1,105.0,60.0,-5.0,76,2032190502,-5.63381628954285,2.0000000000000027,2.101304565599693
1,105.0,60.0,-5.0,77,2032190502,2.666183710457119,-0.9999999999999887,-0.8986954344002985
1,105.0,60.0,-5.0,78,2032190502,0.7661837104571276,0.49999999999999434,-0.39869543440030414
1,105.0,60.0,-5.0,79,2032190502,-3.6338162895428496,4.000000000000005,0.1013045655996902
1,105.0,60.0,-5.0,80,2032190502,-5.13381628954285,2.9999999999999916,-1.3986954344003055
1,105.0,60.0,-5.0,81,2032190502,0.4661837104571305,0.0,-1.8986954344003
1,105.0,60.0,-5.0,82,2032190502,-5.033816289542855,-0.49999999999999434,-1.3986954344003055
1,105.0,60.0,-5.0,83,2032190502,2.166183710457119,0.0,-0.39869543440030414
1,105.0,60.0,-5.0,84,2032190502,-3.433816289542861,-4.999999999999995,0.1013045655996902
1,105.0,60.0,-5.0,85,2032190502,-1.6338162895428638,-0.9999999999999887,5.101304565599698
1,105.0,60.0,-5.0,86,2032190502,-0.8338162895428667,-2.0000000000000027,0.1013045655996902
1,105.0,60.0,-5.0,87,2032190502,3.9661837104571163,-0.9999999999999887,-2.398695434400307
1,105.0,60.0,-5.0,88,2032190502,-1.8338162895428667,5.4999999999999885,3.6013045655997016
1,105.0,60.0,-5.0,89,2032190502,0.16618371045713332,2.4999999999999973,-1.3986954344003055
1,105.0,60.0,-5.0,90,2032190502,-1.3338162895428667,0.0,1.6013045655996987
1,105.0,60.0,-5.0,91,2032190502,6.666183710457105,3.500000000000011,-0.39869543440030414
1,105.0,60.0,-5.0,92,2032190502,-4.3338162895428525,-2.0000000000000027,0.6013045655996972
1,105.0,60.0,-5.0,93,2032190502,1.9661837104571163,0.0,1.6013045655996987
1,105.0,60.0,-5.0,94,2032190502,3.9661837104571163,-1.5000000000000084,-1.3986954344003055
1,105.0,60.0,-5.0,95,2032190502,-0.3338162895428667,1.5000000000000084,1.1013045655996916
1,105.0,60.0,-5.0,96,2032190502,-1.8338162895428667,-0.49999999999999434,0.6013045655996972
1,105.0,60.0,-5.0,97,2032190502,-1.3338162895428667,0.9999999999999887,-1.8986954344003
1,105.0,60.0,-5.0,98,2032190502,-2.3338162895428667,0.0,1.1013045655996916
1,105.0,60.0,-5.0,99,2032190502,3.666183710457119,0.0,2.6013045655997002
1,105.0,60.0,-5.0,100,2032190502,1.666183710457119,-1.5000000000000084,1.1013045655996916
1,105.0,60.0,-5.0,101,2032190502,7.266183710457099,-0.9999999999999887,-2.398695434400307
1,105.0,60.0,-5.0,102,2032190502,-1.8338162895428667,4.999999999999995,-1.3986954344003055
1,105.0,60.0,-5.0,103,2032190502,-6.13381628954285,-0.9999999999999887,1.1013045655996916
1,105.0,60.0,-5.0,104,2032190502,-3.3338162895428525,-0.9999999999999887,-0.39869543440030414
1,105.0,60.0,-5.0,105,2032190502,-3.0338162895428553,-4.000000000000005,-0.39869543440030414
1,105.0,60.0,-5.0,106,2032190502,-1.3338162895428667,-0.9999999999999887,-0.8986954344002985
1,105.0,60.0,-5.0,107,2032190502,2.366183710457122,0.9999999999999887,4.101304565599696
1,105.0,60.0,-5.0,108,2032190502,-1.5338162895428695,-0.49999999999999434,0.6013045655996972
1,105.0,60.0,-5.0,109,2032190502,0.866183710457122,2.9999999999999916,-0.8986954344002985
1,105.0,60.0,-5.0,110,2032190502,-5.033816289542855,-2.9999999999999916,-1.3986954344003055
1,105.0,60.0,-5.0,111,2032190502,3.066183710457125,-0.49999999999999434,1.1013045655996916
1,105.0,60.0,-5.0,112,2032190502,0.7661837104571276,0.49999999999999434,2.6013045655997002
1,105.0,60.0,-5.0,113,2032190502,0.26618371045712763,1.5000000000000084,0.1013045655996902
1,105.0,60.0,-5.0,114,2032190502,0.7661837104571276,1.5000000000000084,0.6013045655996972
1,105.0,60.0,-5.0,115,2032190502,0.16618371045713332,0.9999999999999887,1.1013045655996916
1,105.0,60.0,-5.0,116,2032190502,-2.133816289542864,2.4999999999999973,1.1013045655996916
1,105.0,60.0,-5.0,117,2032190502,-1.8338162895428667,-1.5000000000000084,-0.8986954344002985
1,105.0,60.0,-5.0,118,2032190502,-1.5338162895428695,-0.49999999999999434,0.6013045655996972
1,105.0,60.0,-5.0,119,2032190502,0.9661837104571305,0.0,-1.3986954344003055
1,105.0,60.0,-5.0,120,2032190502,0.6661837104571333,0.0,-1.3986954344003055
1,105.0,60.0,-5.0,121,2032190502,7.266183710457099,0.9999999999999887,-3.898695434400303
1,105.0,60.0,-5.0,122,2032190502,-3.233816289542858,-1.5000000000000084,-3.898695434400303
1,105.0,60.0,-5.0,123,2032190502,-1.6338162895428638,0.0,1.1013045655996916
1,105.0,60.0,-5.0,124,2032190502,5.166183710457105,-0.49999999999999434,-0.39869543440030414
1,105.0,60.0,-5.0,125,2032190502,-4.033816289542855,0.0,3.1013045655996945
1,105.0,60.0,-5.0,126,2032190502,0.6661837104571333,2.0000000000000027,0.6013045655996972
1,105.0,60.0,-5.0,127,2032190502,1.0661837104571248,0.49999999999999434,0.1013045655996902
1,105.0,60.0,-5.0,128,2032190502,-4.63381628954285,1.5000000000000084,3.1013045655996945
1,105.0,60.0,-5.0,129,2032190502,-0.933816289542861,0.0,-2.398695434400307
1,105.0,60.0,-5.0,130,2032190502,-1.933816289542861,0.49999999999999434,1.1013045655996916
1,105.0,60.0,-5.0,131,2032190502,1.1661837104571333,-1.5000000000000084,-0.8986954344002985
1,105.0,60.0,-5.0,132,2032190502,0.9661837104571305,2.4999999999999973,1.6013045655996987
1,105.0,60.0,-5.0,133,2032190502,-2.733816289542858,0.9999999999999887,0.1013045655996902
1,105.0,60.0,-5.0,134,2032190502,1.2661837104571276,2.4999999999999973,-0.8986954344002985
1,105.0,60.0,-5.0,135,2032190502,4.466183710457116,2.9999999999999916,4.101304565599696
1,105.0,60.0,-5.0,136,2032190502,2.166183710457119,4.5,0.6013045655996972
1,105.0,60.0,-5.0,137,2032190502,1.2661837104571276,1.5000000000000084,-0.39869543440030414
1,105.0,60.0,-5.0,138,2032190502,-1.3338162895428667,1.5000000000000084,0.1013045655996902
1,105.0,60.0,-5.0,139,2032190502,-1.2338162895428724,1.5000000000000084,-0.39869543440030414
1,105.0,60.0,-5.0,140,2032190502,89.16618371045682,-20.000000000000004,-4.898695434400304
1,105.0,60.0,-5.0,141,2032190502,0.6661837104571333,-0.9999999999999887,-0.8986954344002985
1,105.0,60.0,-5.0,142,2032190502,-5.033816289542855,0.9999999999999887,2.6013045655997002
1,105.0,60.0,-5.0,143,2032190502,-1.7338162895428582,0.0,-0.8986954344002985
1,105.0,60.0,-5.0,144,2032190502,1.0661837104571248,-0.49999999999999434,-1.3986954344003055
1,105.0,60.0,-5.0,145,2032190502,-1.433816289542861,0.49999999999999434,3.6013045655997016
1,105.0,60.0,-5.0,146,2032190502,-4.13381628954285,0.0,0.6013045655996972
1,105.0,60.0,-5.0,147,2032190502,1.1661837104571333,0.9999999999999887,0.6013045655996972
1,105.0,60.0,-5.0,148,2032190502,-0.13381628954286384,-2.4999999999999973,1.6013045655996987
1,105.0,60.0,-5.0,149,2032190502,-2.433816289542861,-2.9999999999999916,2.101304565599693
1,105.0,60.0,-5.0,150,2032190502,-4.433816289542861,2.9999999999999916,1.6013045655996987
1,105.0,60.0,-5.0,151,2032190502,4.466183710457116,2.0000000000000027,0.6013045655996972
1,105.0,60.0,-5.0,152,2032190502,-1.433816289542861,-0.49999999999999434,-0.39869543440030414
1,105.0,60.0,-5.0,153,2032190502,-3.233816289542858,3.500000000000011,-2.398695434400307
1,105.0,60.0,-5.0,154,2032190502,-0.7338162895428724,-2.9999999999999916,0.6013045655996972
1,105.0,60.0,-5.0,155,2032190502,1.5661837104571248,-1.5000000000000084,-1.3986954344003055
1,105.0,60.0,-5.0,156,2032190502,3.866183710457122,-0.49999999999999434,1.1013045655996916
1,105.0,60.0,-5.0,157,2032190502,-2.8338162895428667,-2.9999999999999916,1.1013045655996916
1,105.0,60.0,-5.0,158,2032190502,1.666183710457119,-2.9999999999999916,-0.39869543440030414
1,105.0,60.0,-5.0,159,2032190502,0.16618371045713332,0.9999999999999887,1.1013045655996916
1,105.0,60.0,-5.0,160,2032190502,1.1661837104571333,-0.9999999999999887,0.6013045655996972
1,105.0,60.0,-5.0,161,2032190502,-0.6338162895428638,-1.5000000000000084,-0.8986954344002985
1,105.0,60.0,-5.0,162,2032190502,1.366183710457122,2.4999999999999973,-0.8986954344002985
1,105.0,60.0,-5.0,163,2032190502,1.866183710457122,-1.5000000000000084,1.1013045655996916
1,105.0,60.0,-5.0,164,2032190502,-2.933816289542861,-1.5000000000000084,0.6013045655996972
1,105.0,60.0,-5.0,165,2032190502,-0.033816289542869526,-3.500000000000011,-0.39869543440030414
1,105.0,60.0,-5.0,166,2032190502,-1.433816289542861,-2.9999999999999916,-2.398695434400307
1,105.0,60.0,-5.0,167,2032190502,3.4661837104571163,0.0,-0.8986954344002985
1,105.0,60.0,-5.0,168,2032190502,1.866183710457122,-2.4999999999999973,-0.39869543440030414
1,105.0,60.0,-5.0,169,2032190502,-3.233816289542858,0.49999999999999434,1.1013045655996916
1,105.0,60.0,-5.0,170,2032190502,5.366183710457108,-0.49999999999999434,-1.8986954344003
1,105.0,60.0,-5.0,171,2032190502,1.4661837104571305,0.0,-0.39869543440030414
1,105.0,60.0,-5.0,172,2032190502,-1.933816289542861,-0.9999999999999887,0.6013045655996972
1,105.0,60.0,-5.0,173,2032190502,-2.133816289542864,3.500000000000011,0.6013045655996972
1,105.0,60.0,-5.0,174,2032190502,1.5661837104571248,2.4999999999999973,1.6013045655996987
1,105.0,60.0,-5.0,175,2032190502,1.7661837104571276,-1.5000000000000084,0.6013045655996972
1,105.0,60.0,-5.0,176,2032190502,0.5661837104571248,-2.9999999999999916,0.6013045655996972
1,105.0,60.0,-5.0,177,2032190502,2.7661837104571276,-1.5000000000000084,0.6013045655996972
1,105.0,60.0,-5.0,178,2032190502,-1.1338162895428638,0.0,0.6013045655996972
1,105.0,60.0,-5.0,179,2032190502,1.866183710457122,0.9999999999999887,-1.8986954344003
1,105.0,60.0,-5.0,180,2032190502,4.466183710457116,0.49999999999999434,2.6013045655997002
1,105.0,60.0,-5.0,181,2032190502,0.6661837104571333,0.9999999999999887,-4.398695434400303
1,105.0,60.0,-5.0,182,2032190502,4.266183710457113,-2.4999999999999973,-0.39869543440030414
1,105.0,60.0,-5.0,183,2032190502,-0.23381628954287237,2.4999999999999973,-0.39869543440030414
1,105.0,60.0,-5.0,184,2032190502,0.6661837104571333,0.9999999999999887,-3.398695434400302
1,105.0,60.0,-5.0,185,2032190502,2.566183710457125,0.9999999999999887,1.1013045655996916
1,105.0,60.0,-5.0,186,2032190502,0.26618371045712763,0.49999999999999434,0.6013045655996972
1,105.0,60.0,-5.0,187,2032190502,1.866183710457122,1.5000000000000084,-0.39869543440030414
1,105.0,60.0,-5.0,188,2032190502,-3.133816289542864,0.0,1.6013045655996987
1,105.0,60.0,-5.0,189,2032190502,-1.1338162895428638,-2.4999999999999973,-0.8986954344002985
1,105.0,60.0,-5.0,190,2032190502,-1.8338162895428667,-0.9999999999999887,-1.3986954344003055
1,105.0,60.0,-5.0,191,2032190502,1.1661837104571333,2.0000000000000027,0.6013045655996972
1,105.0,60.0,-5.0,192,2032190502,-0.23381628954287237,-0.49999999999999434,-0.8986954344002985
1,105.0,60.0,-5.0,193,2032190502,-2.3338162895428667,1.5000000000000084,1.6013045655996987
1,105.0,60.0,-5.0,194,2032190502,1.4661837104571305,-2.0000000000000027,1.1013045655996916
1,105.0,60.0,-5.0,195,2032190502,-1.2338162895428724,-2.9999999999999916,1.1013045655996916
1,105.0,60.0,-5.0,196,2032190502,2.4661837104571163,-2.0000000000000027,-1.3986954344003055
1,105.0,60.0,-5.0,197,2032190502,-7.63381628954285,2.0000000000000027,1.1013045655996916
1,105.0,60.0,-5.0,198,2032190502,0.7661837104571276,1.5000000000000084,0.6013045655996972
1,105.0,60.0,-5.0,199,2032190502,-2.233816289542858,-1.5000000000000084,2.101304565599693
1,105.0,60.0,0.0,0,2032190503,-0.933816289542861,-0.49999999999999434,1.1013045655996916
1,105.0,60.0,0.0,1,2032190503,0.26618371045712763,0.49999999999999434,1.1013045655996916
1,105.0,60.0,0.0,2,2032190503,-2.133816289542864,2.0000000000000027,0.6013045655996972
1,105.0,60.0,0.0,3,2032190503,-1.0338162895428695,-1.5000000000000084,-0.39869543440030414
1,105.0,60.0,0.0,4,2032190503,1.5661837104571248,-0.49999999999999434,0.6013045655996972
1,105.0,60.0,0.0,5,2032190503,0.26618371045712763,-0.49999999999999434,-1.3986954344003055
1,105.0,60.0,0.0,6,2032190503,-0.23381628954287237,-2.4999999999999973,-0.8986954344002985
1,105.0,60.0,0.0,7,2032190503,0.6661837104571333,-0.9999999999999887,-1.3986954344003055
1,105.0,60.0,0.0,8,2032190503,-2.0338162895428553,-0.9999999999999887,0.6013045655996972
1,105.0,60.0,0.0,9,2032190503,1.1661837104571333,-0.49999999999999434,-1.3986954344003055
1,105.0,60.0,0.0,10,2032190503,-0.433816289542861,0.0,1.1013045655996916
1,105.0,60.0,0.0,11,2032190503,-1.2338162895428724,2.0000000000000027,0.1013045655996902
1,105.0,60.0,0.0,12,2032190503,0.16618371045713332,1.5000000000000084,1.1013045655996916
1,105.0,60.0,0.0,13,2032190503,0.9661837104571305,0.9999999999999887,1.1013045655996916
1,105.0,60.0,0.0,14,2032190503,0.7661837104571276,-0.9999999999999887,-0.39869543440030414
1,105.0,60.0,0.0,15,2032190503,-1.933816289542861,2.4999999999999973,-0.39869543440030414
1,105.0,60.0,0.0,16,2032190503,1.4661837104571305,0.9999999999999887,-0.39869543440030414
1,105.0,60.0,0.0,17,2032190503,-0.23381628954287237,0.9999999999999887,0.1013045655996902
1,105.0,60.0,0.0,18,2032190503,-2.5338162895428553,0.0,3.1013045655996945
1,105.0,60.0,0.0,19,2032190503,0.06618371045712479,0.9999999999999887,-0.8986954344002985
1,105.0,60.0,0.0,20,2032190503,-0.3338162895428667,0.0,0.1013045655996902
1,105.0,60.0,0.0,21,2032190503,-1.1338162895428638,-2.4999999999999973,1.1013045655996916
1,105.0,60.0,0.0,22,2032190503,1.666183710457119,0.0,-0.8986954344002985
1,105.0,60.0,0.0,23,2032190503,0.5661837104571248,0.9999999999999887,1.6013045655996987
1,105.0,60.0,0.0,24,2032190503,0.36618371045712195,0.9999999999999887,-0.39869543440030414
1,105.0,60.0,0.0,25,2032190503,-1.433816289542861,1.5000000000000084,0.6013045655996972
1,105.0,60.0,0.0,26,2032190503,2.066183710457125,0.49999999999999434,1.6013045655996987
1,105.0,60.0,0.0,27,2032190503,-0.433816289542861,-0.49999999999999434,-1.3986954344003055
1,105.0,60.0,0.0,28,2032190503,-0.5338162895428695,-0.49999999999999434,0.1013045655996902
1,105.0,60.0,0.0,29,2032190503,-2.3338162895428667,0.49999999999999434,-2.398695434400307
1,105.0,60.0,0.0,30,2032190503,-0.6338162895428638,0.0,-0.8986954344002985
1,105.0,60.0,0.0,31,2032190503,-1.3338162895428667,-0.49999999999999434,-0.39869543440030414
1,105.0,60.0,0.0,32,2032190503,2.7661837104571276,-2.0000000000000027,0.1013045655996902
1,105.0,60.0,0.0,33,2032190503,1.7661837104571276,-2.0000000000000027,-0.39869543440030414
1,105.0,60.0,0.0,34,2032190503,-0.7338162895428724,0.49999999999999434,0.1013045655996902
1,105.0,60.0,0.0,35,2032190503,-0.7338162895428724,-0.49999999999999434,-0.39869543440030414
1,105.0,60.0,0.0,36,2032190503,4.166183710457119,0.0,1.1013045655996916
1,105.0,60.0,0.0,37,2032190503,-0.23381628954287237,0.9999999999999887,-0.8986954344002985
1,105.0,60.0,0.0,38,2032190503,0.26618371045712763,0.0,1.1013045655996916
1,105.0,60.0,0.0,39,2032190503,1.0661837104571248,-0.49999999999999434,-1.3986954344003055
1,105.0,60.0,0.0,40,2032190503,-2.233816289542858,0.0,0.1013045655996902
1,105.0,60.0,0.0,41,2032190503,-0.933816289542861,0.9999999999999887,-0.8986954344002985
1,105.0,60.0,0.0,42,2032190503,-0.7338162895428724,0.49999999999999434,0.1013045655996902
1,105.0,60.0,0.0,43,2032190503,-0.5338162895428695,-1.5000000000000084,-0.39869543440030414
1,105.0,60.0,0.0,44,2032190503,0.4661837104571305,-0.49999999999999434,-0.39869543440030414
1,105.0,60.0,0.0,45,2032190503,-1.7338162895428582,-1.5000000000000084,0.6013045655996972
1,105.0,60.0,0.0,46,2032190503,-2.433816289542861,-0.9999999999999887,-0.8986954344002985
1,105.0,60.0,0.0,47,2032190503,0.5661837104571248,-0.9999999999999887,-0.8986954344002985
1,105.0,60.0,0.0,48,2032190503,0.4661837104571305,0.9999999999999887,0.1013045655996902
1,105.0,60.0,0.0,49,2032190503,-1.433816289542861,2.0000000000000027,0.6013045655996972
1,105.0,60.0,0.0,50,2032190503,-0.23381628954287237,-2.0000000000000027,-0.8986954344002985
1,105.0,60.0,0.0,51,2032190503,-1.3338162895428667,-0.9999999999999887,-0.39869543440030414
1,105.0,60.0,0.0,52,2032190503,-3.133816289542864,-0.49999999999999434,0.6013045655996972
1,105.0,60.0,0.0,53,2032190503,0.866183710457122,0.49999999999999434,0.6013045655996972
1,105.0,60.0,0.0,54,2032190503,-1.7338162895428582,0.9999999999999887,-1.3986954344003055
1,105.0,60.0,0.0,55,2032190503,-0.23381628954287237,-1.5000000000000084,-1.3986954344003055
1,105.0,60.0,0.0,56,2032190503,-2.733816289542858,-0.49999999999999434,-0.8986954344002985
1,105.0,60.0,0.0,57,2032190503,-1.433816289542861,-0.49999999999999434,1.1013045655996916
1,105.0,60.0,0.0,58,2032190503,1.366183710457122,-3.500000000000011,-0.39869543440030414
1,105.0,60.0,0.0,59,2032190503,1.1661837104571333,0.0,-1.8986954344003
1,105.0,60.0,0.0,60,2032190503,0.36618371045712195,-0.49999999999999434,-0.8986954344002985
1,105.0,60.0,0.0,61,2032190503,2.366183710457122,1.5000000000000084,2.101304565599693
1,105.0,60.0,0.0,62,2032190503,2.666183710457119,0.9999999999999887,0.6013045655996972
1,105.0,60.0,0.0,63,2032190503,-1.433816289542861,0.0,0.6013045655996972
1,105.0,60.0,0.0,64,2032190503,-4.733816289542858,0.49999999999999434,-1.3986954344003055
1,105.0,60.0,0.0,65,2032190503,0.16618371045713332,0.0,-0.8986954344002985
1,105.0,60.0,0.0,66,2032190503,3.166183710457119,-1.5000000000000084,0.6013045655996972
1,105.0,60.0,0.0,67,2032190503,-0.3338162895428667,0.49999999999999434,-1.3986954344003055
1,105.0,60.0,0.0,68,2032190503,-2.433816289542861,0.9999999999999887,-0.39869543440030414
1,105.0,60.0,0.0,69,2032190503,2.2661837104571276,-0.9999999999999887,2.101304565599693
1,105.0,60.0,0.0,70,2032190503,-1.7338162895428582,0.9999999999999887,-1.8986954344003
1,105.0,60.0,0.0,71,2032190503,1.866183710457122,-0.49999999999999434,0.1013045655996902
1,105.0,60.0,0.0,72,2032190503,0.06618371045712479,-2.0000000000000027,-0.39869543440030414
1,105.0,60.0,0.0,73,2032190503,0.5661837104571248,-1.5000000000000084,1.6013045655996987
1,105.0,60.0,0.0,74,2032190503,-0.13381628954286384,-0.49999999999999434,0.1013045655996902
1,105.0,60.0,0.0,75,2032190503,-0.3338162895428667,-1.5000000000000084,1.6013045655996987
1,105.0,60.0,0.0,76,2032190503,-0.433816289542861,0.0,-0.39869543440030414
1,105.0,60.0,0.0,77,2032190503,3.166183710457119,0.49999999999999434,0.1013045655996902
1,105.0,60.0,0.0,78,2032190503,1.666183710457119,-0.49999999999999434,0.6013045655996972
1,105.0,60.0,0.0,79,2032190503,1.7661837104571276,0.49999999999999434,0.1013045655996902
1,105.0,60.0,0.0,80,2032190503,0.6661837104571333,0.9999999999999887,3.6013045655997016
1,105.0,60.0,0.0,81,2032190503,1.9661837104571163,1.5000000000000084,0.1013045655996902
1,105.0,60.0,0.0,82,2032190503,-0.6338162895428638,0.0,0.1013045655996902
1,105.0,60.0,0.0,83,2032190503,-1.1338162895428638,0.0,-0.39869543440030414
1,105.0,60.0,0.0,84,2032190503,-1.433816289542861,-0.9999999999999887,0.6013045655996972
1,105.0,60.0,0.0,85,2032190503,-1.2338162895428724,2.4999999999999973,-0.39869543440030414
1,105.0,60.0,0.0,86,2032190503,0.4661837104571305,2.0000000000000027,1.1013045655996916
1,105.0,60.0,0.0,87,2032190503,2.066183710457125,-0.9999999999999887,-0.39869543440030414
1,105.0,60.0,0.0,88,2032190503,-0.23381628954287237,0.49999999999999434,-0.39869543440030414
1,105.0,60.0,0.0,89,2032190503,2.066183710457125,0.0,-0.8986954344002985
1,105.0,60.0,0.0,90,2032190503,-1.2338162895428724,-0.49999999999999434,0.6013045655996972
1,105.0,60.0,0.0,91,2032190503,-0.23381628954287237,0.0,2.101304565599693
1,105.0,60.0,0.0,92,2032190503,1.666183710457119,0.49999999999999434,2.101304565599693
1,105.0,60.0,0.0,93,2032190503,-2.3338162895428667,-0.9999999999999887,1.6013045655996987
1,105.0,60.0,0.0,94,2032190503,0.26618371045712763,0.9999999999999887,0.6013045655996972
1,105.0,60.0,0.0,95,2032190503,-0.933816289542861,2.0000000000000027,2.101304565599693
1,105.0,60.0,0.0,96,2032190503,-0.433816289542861,-2.4999999999999973,0.1013045655996902
1,105.0,60.0,0.0,97,2032190503,-0.5338162895428695,2.4999999999999973,-0.39869543440030414
1,105.0,60.0,0.0,98,2032190503,0.7661837104571276,0.49999999999999434,-0.8986954344002985
1,105.0,60.0,0.0,99,2032190503,-2.233816289542858,0.0,0.1013045655996902
1,105.0,60.0,0.0,100,2032190503,1.0661837104571248,0.0,-0.8986954344002985
1,105.0,60.0,0.0,101,2032190503,2.9661837104571163,2.0000000000000027,0.1013045655996902
1,105.0,60.0,0.0,102,2032190503,-0.7338162895428724,0.9999999999999887,-1.3986954344003055
1,105.0,60.0,0.0,103,2032190503,-2.933816289542861,0.49999999999999434,0.6013045655996972
1,105.0,60.0,0.0,104,2032190503,1.0661837104571248,0.49999999999999434,1.6013045655996987
1,105.0,60.0,0.0,105,2032190503,1.2661837104571276,0.0,-2.398695434400307
1,105.0,60.0,0.0,106,2032190503,-0.433816289542861,0.49999999999999434,0.1013045655996902
1,105.0,60.0,0.0,107,2032190503,0.26618371045712763,0.0,-0.8986954344002985
1,105.0,60.0,0.0,108,2032190503,-1.2338162895428724,0.49999999999999434,0.6013045655996972
1,105.0,60.0,0.0,109,2032190503,0.06618371045712479,0.9999999999999887,-0.39869543440030414
1,105.0,60.0,0.0,110,2032190503,0.26618371045712763,-0.9999999999999887,0.6013045655996972
1,105.0,60.0,0.0,111,2032190503,-1.0338162895428695,0.0,-0.8986954344002985
1,105.0,60.0,0.0,112,2032190503,0.9661837104571305,0.9999999999999887,0.6013045655996972
1,105.0,60.0,0.0,113,2032190503,-0.5338162895428695,0.0,-1.3986954344003055
1,105.0,60.0,0.0,114,2032190503,-0.3338162895428667,0.49999999999999434,0.1013045655996902
1,105.0,60.0,0.0,115,2032190503,0.26618371045712763,1.5000000000000084,-0.8986954344002985
1,105.0,60.0,0.0,116,2032190503,-0.6338162895428638,-0.9999999999999887,0.6013045655996972
1,105.0,60.0,0.0,117,2032190503,1.5661837104571248,0.0,0.1013045655996902
1,105.0,60.0,0.0,118,2032190503,-1.8338162895428667,0.0,0.1013045655996902
1,105.0,60.0,0.0,119,2032190503,2.4661837104571163,-0.9999999999999887,1.1013045655996916
1,105.0,60.0,0.0,120,2032190503,-0.3338162895428667,0.49999999999999434,-0.8986954344002985
1,105.0,60.0,0.0,121,2032190503,0.9661837104571305,0.0,1.6013045655996987
1,105.0,60.0,0.0,122,2032190503,0.866183710457122,0.0,0.1013045655996902
1,105.0,60.0,0.0,123,2032190503,-2.0338162895428553,-0.9999999999999887,-1.8986954344003
1,105.0,60.0,0.0,124,2032190503,-0.7338162895428724,-0.49999999999999434,-0.8986954344002985
1,105.0,60.0,0.0,125,2032190503,-2.233816289542858,-2.4999999999999973,0.1013045655996902
1,105.0,60.0,0.0,126,2032190503,-2.0338162895428553,-1.5000000000000084,1.1013045655996916
1,105.0,60.0,0.0,127,2032190503,3.066183710457125,0.49999999999999434,-0.39869543440030414
1,105.0,60.0,0.0,128,2032190503,0.7661837104571276,0.9999999999999887,-0.39869543440030414
1,105.0,60.0,0.0,129,2032190503,-2.8338162895428667,0.49999999999999434,-0.39869543440030414
1,105.0,60.0,0.0,130,2032190503,1.1661837104571333,0.0,0.1013045655996902
1,105.0,60.0,0.0,131,2032190503,-0.23381628954287237,1.5000000000000084,-0.39869543440030414
1,105.0,60.0,0.0,132,2032190503,0.6661837104571333,-0.9999999999999887,0.1013045655996902
1,105.0,60.0,0.0,133,2032190503,-0.433816289542861,-0.9999999999999887,-1.8986954344003
1,105.0,60.0,0.0,134,2032190503,-1.8338162895428667,-0.9999999999999887,1.1013045655996916
1,105.0,60.0,0.0,135,2032190503,0.6661837104571333,-0.9999999999999887,-0.8986954344002985
1,105.0,60.0,0.0,136,2032190503,0.06618371045712479,-0.49999999999999434,-1.3986954344003055
1,105.0,60.0,0.0,137,2032190503,1.666183710457119,0.9999999999999887,-1.3986954344003055
1,105.0,60.0,0.0,138,2032190503,1.666183710457119,0.9999999999999887,2.101304565599693
1,105.0,60.0,0.0,139,2032190503,0.36618371045712195,0.9999999999999887,2.101304565599693
1,105.0,60.0,0.0,140,2032190503,-0.8338162895428667,0.9999999999999887,1.1013045655996916
1,105.0,60.0,0.0,141,2032190503,0.4661837104571305,-0.9999999999999887,1.6013045655996987
1,105.0,60.0,0.0,142,2032190503,-0.033816289542869526,0.0,0.1013045655996902
1,105.0,60.0,0.0,143,2032190503,0.16618371045713332,-1.5000000000000084,-0.39869543440030414
1,105.0,60.0,0.0,144,2032190503,0.4661837104571305,-0.49999999999999434,-1.3986954344003055
1,105.0,60.0,0.0,145,2032190503,1.866183710457122,-0.49999999999999434,1.1013045655996916
1,105.0,60.0,0.0,146,2032190503,0.06618371045712479,0.0,0.6013045655996972
1,105.0,60.0,0.0,147,2032190503,0.4661837104571305,0.9999999999999887,1.1013045655996916
1,105.0,60.0,0.0,148,2032190503,-0.8338162895428667,0.0,0.6013045655996972
1,105.0,60.0,0.0,149,2032190503,0.06618371045712479,0.0,1.1013045655996916
1,105.0,60.0,0.0,150,2032190503,-0.933816289542861,-0.49999999999999434,-1.3986954344003055
1,105.0,60.0,0.0,151,2032190503,0.5661837104571248,0.9999999999999887,1.1013045655996916
1,105.0,60.0,0.0,152,2032190503,-0.933816289542861,0.9999999999999887,-0.39869543440030414
1,105.0,60.0,0.0,153,2032190503,-2.433816289542861,0.0,1.1013045655996916
1,105.0,60.0,0.0,154,2032190503,-0.933816289542861,-0.49999999999999434,-0.39869543440030414
1,105.0,60.0,0.0,155,2032190503,0.6661837104571333,0.0,-0.8986954344002985
1,105.0,60.0,0.0,156,2032190503,1.666183710457119,2.0000000000000027,0.6013045655996972
1,105.0,60.0,0.0,157,2032190503,1.7661837104571276,-0.9999999999999887,1.1013045655996916
1,105.0,60.0,0.0,158,2032190503,-0.23381628954287237,-1.5000000000000084,0.6013045655996972
1,105.0,60.0,0.0,159,2032190503,0.7661837104571276,0.49999999999999434,0.1013045655996902
1,105.0,60.0,0.0,160,2032190503,-0.033816289542869526,0.49999999999999434,0.1013045655996902
1,105.0,60.0,0.0,161,2032190503,0.4661837104571305,0.0,0.6013045655996972
1,105.0,60.0,0.0,162,2032190503,-1.5338162895428695,0.49999999999999434,-2.398695434400307
1,105.0,60.0,0.0,163,2032190503,1.0661837104571248,0.9999999999999887,-0.39869543440030414
1,105.0,60.0,0.0,164,2032190503,1.366183710457122,-2.4999999999999973,2.101304565599693
1,105.0,60.0,0.0,165,2032190503,-1.2338162895428724,0.0,-0.8986954344002985
1,105.0,60.0,0.0,166,2032190503,-1.3338162895428667,0.0,0.1013045655996902
1,105.0,60.0,0.0,167,2032190503,-1.2338162895428724,-0.49999999999999434,2.101304565599693
1,105.0,60.0,0.0,168,2032190503,-0.23381628954287237,-0.9999999999999887,-0.8986954344002985
1,105.0,60.0,0.0,169,2032190503,1.366183710457122,-2.0000000000000027,-0.8986954344002985
1,105.0,60.0,0.0,170,2032190503,0.7661837104571276,1.5000000000000084,-1.3986954344003055
1,105.0,60.0,0.0,171,2032190503,2.066183710457125,-0.9999999999999887,-0.39869543440030414
1,105.0,60.0,0.0,172,2032190503,1.9661837104571163,0.9999999999999887,0.6013045655996972
1,105.0,60.0,0.0,173,2032190503,-2.0338162895428553,-0.9999999999999887,-0.39869543440030414
1,105.0,60.0,0.0,174,2032190503,-0.033816289542869526,0.9999999999999887,0.6013045655996972
1,105.0,60.0,0.0,175,2032190503,1.4661837104571305,1.5000000000000084,1.1013045655996916
1,105.0,60.0,0.0,176,2032190503,-0.3338162895428667,0.0,-0.39869543440030414
1,105.0,60.0,0.0,177,2032190503,0.16618371045713332,0.49999999999999434,1.1013045655996916
1,105.0,60.0,0.0,178,2032190503,-0.7338162895428724,-0.49999999999999434,0.1013045655996902
1,105.0,60.0,0.0,179,2032190503,-0.23381628954287237,0.9999999999999887,-0.8986954344002985
1,105.0,60.0,0.0,180,2032190503,-0.13381628954286384,-1.5000000000000084,0.6013045655996972
1,105.0,60.0,0.0,181,2032190503,1.0661837104571248,1.5000000000000084,1.1013045655996916
1,105.0,60.0,0.0,182,2032190503,1.9661837104571163,-0.9999999999999887,0.6013045655996972
1,105.0,60.0,0.0,183,2032190503,-1.1338162895428638,-1.5000000000000084,1.1013045655996916
1,105.0,60.0,0.0,184,2032190503,2.066183710457125,-0.49999999999999434,-0.8986954344002985
1,105.0,60.0,0.0,185,2032190503,-1.1338162895428638,0.49999999999999434,-0.8986954344002985
1,105.0,60.0,0.0,186,2032190503,0.7661837104571276,-0.49999999999999434,-0.39869543440030414
1,105.0,60.0,0.0,187,2032190503,1.0661837104571248,0.0,-0.39869543440030414
1,105.0,60.0,0.0,188,2032190503,2.166183710457119,-0.49999999999999434,-1.3986954344003055
1,105.0,60.0,0.0,189,2032190503,-0.8338162895428667,-1.5000000000000084,1.1013045655996916
1,105.0,60.0,0.0,190,2032190503,0.866183710457122,0.0,0.6013045655996972
1,105.0,60.0,0.0,191,2032190503,0.16618371045713332,0.9999999999999887,-0.8986954344002985
1,105.0,60.0,0.0,192,2032190503,-0.8338162895428667,-0.49999999999999434,0.6013045655996972
1,105.0,60.0,0.0,193,2032190503,1.5661837104571248,0.0,-1.3986954344003055
1,105.0,60.0,0.0,194,2032190503,1.1661837104571333,0.49999999999999434,0.1013045655996902
1,105.0,60.0,0.0,195,2032190503,0.36618371045712195,0.49999999999999434,-0.8986954344002985
1,105.0,60.0,0.0,196,2032190503,0.4661837104571305,1.5000000000000084,0.6013045655996972
1,105.0,60.0,0.0,197,2032190503,-1.5338162895428695,-0.49999999999999434,-0.8986954344002985
1,105.0,60.0,0.0,198,2032190503,-0.3338162895428667,-2.4999999999999973,0.6013045655996972
1,105.0,60.0,0.0,199,2032190503,-1.6338162895428638,-0.9999999999999887,0.6013045655996972
1,105.0,60.0,5.0,0,2032190504,-0.13381628954286384,-0.49999999999999434,0.1013045655996902
1,105.0,60.0,5.0,1,2032190504,-0.033816289542869526,0.49999999999999434,0.1013045655996902
1,105.0,60.0,5.0,2,2032190504,0.4661837104571305,-0.49999999999999434,-1.3986954344003055
1,105.0,60.0,5.0,3,2032190504,-0.433816289542861,0.9999999999999887,0.1013045655996902
1,105.0,60.0,5.0,4,2032190504,0.16618371045713332,-0.9999999999999887,0.1013045655996902
1,105.0,60.0,5.0,5,2032190504,-0.433816289542861,0.0,-0.39869543440030414
1,105.0,60.0,5.0,6,2032190504,-0.23381628954287237,-0.49999999999999434,-0.8986954344002985
1,105.0,60.0,5.0,7,2032190504,1.4661837104571305,0.0,0.6013045655996972
1,105.0,60.0,5.0,8,2032190504,0.4661837104571305,0.49999999999999434,0.1013045655996902
1,105.0,60.0,5.0,9,2032190504,-0.7338162895428724,-0.49999999999999434,1.1013045655996916
1,105.0,60.0,5.0,10,2032190504,-0.3338162895428667,-0.49999999999999434,0.6013045655996972
1,105.0,60.0,5.0,11,2032190504,0.9661837104571305,0.0,0.1013045655996902
1,105.0,60.0,5.0,12,2032190504,0.16618371045713332,0.9999999999999887,-0.39869543440030414
1,105.0,60.0,5.0,13,2032190504,1.366183710457122,0.49999999999999434,-0.39869543440030414
1,105.0,60.0,5.0,14,2032190504,-0.23381628954287237,0.9999999999999887,0.6013045655996972
1,105.0,60.0,5.0,15,2032190504,-1.2338162895428724,0.0,-0.39869543440030414
1,105.0,60.0,5.0,16,2032190504,0.7661837104571276,0.0,-0.8986954344002985
1,105.0,60.0,5.0,17,2032190504,0.7661837104571276,-0.49999999999999434,0.1013045655996902
1,105.0,60.0,5.0,18,2032190504,0.06618371045712479,-0.49999999999999434,0.1013045655996902
1,105.0,60.0,5.0,19,2032190504,0.36618371045712195,0.0,0.6013045655996972
1,105.0,60.0,5.0,20,2032190504,0.866183710457122,0.0,0.6013045655996972
1,105.0,60.0,5.0,21,2032190504,1.5661837104571248,0.0,0.1013045655996902
1,105.0,60.0,5.0,22,2032190504,0.866183710457122,-0.9999999999999887,-0.39869543440030414
1,105.0,60.0,5.0,23,2032190504,-0.033816289542869526,-0.9999999999999887,0.1013045655996902
1,105.0,60.0,5.0,24,2032190504,0.5661837104571248,-0.49999999999999434,0.6013045655996972
1,105.0,60.0,5.0,25,2032190504,0.4661837104571305,0.0,0.6013045655996972
1,105.0,60.0,5.0,26,2032190504,-0.3338162895428667,0.49999999999999434,-0.39869543440030414
1,105.0,60.0,5.0,27,2032190504,0.06618371045712479,-0.49999999999999434,-0.39869543440030414
1,105.0,60.0,5.0,28,2032190504,-0.033816289542869526,0.0,0.6013045655996972
1,105.0,60.0,5.0,29,2032190504,0.16618371045713332,0.0,0.1013045655996902
1,105.0,60.0,5.0,30,2032190504,-0.13381628954286384,0.9999999999999887,-0.39869543440030414
1,105.0,60.0,5.0,31,2032190504,-1.6338162895428638,0.49999999999999434,-0.39869543440030414
1,105.0,60.0,5.0,32,2032190504,-0.5338162895428695,0.9999999999999887,-0.8986954344002985
1,105.0,60.0,5.0,33,2032190504,-0.7338162895428724,-0.49999999999999434,0.6013045655996972
1,105.0,60.0,5.0,34,2032190504,0.7661837104571276,-0.49999999999999434,-0.39869543440030414
1,105.0,60.0,5.0,35,2032190504,-0.033816289542869526,0.9999999999999887,-0.39869543440030414
1,105.0,60.0,5.0,36,2032190504,0.36618371045712195,0.49999999999999434,-0.39869543440030414
1,105.0,60.0,5.0,37,2032190504,0.26618371045712763,0.49999999999999434,-0.39869543440030414
1,105.0,60.0,5.0,38,2032190504,0.866183710457122,-0.49999999999999434,0.6013045655996972
1,105.0,60.0,5.0,39,2032190504,0.6661837104571333,0.9999999999999887,0.1013045655996902
1,105.0,60.0,5.0,40,2032190504,-0.033816289542869526,0.0,0.6013045655996972
1,105.0,60.0,5.0,41,2032190504,0.4661837104571305,0.0,1.1013045655996916
1,105.0,60.0,5.0,42,2032190504,-0.433816289542861,-0.49999999999999434,0.1013045655996902
1,105.0,60.0,5.0,43,2032190504,-0.5338162895428695,0.0,0.1013045655996902
1,105.0,60.0,5.0,44,2032190504,0.6661837104571333,0.0,0.1013045655996902
1,105.0,60.0,5.0,45,2032190504,0.6661837104571333,0.9999999999999887,1.1013045655996916
1,105.0,60.0,5.0,46,2032190504,0.5661837104571248,-0.49999999999999434,-0.39869543440030414
1,105.0,60.0,5.0,47,2032190504,-0.5338162895428695,0.0,0.6013045655996972
1,105.0,60.0,5.0,48,2032190504,-0.13381628954286384,0.49999999999999434,0.1013045655996902
1,105.0,60.0,5.0,49,2032190504,-0.433816289542861,0.0,0.1013045655996902
1,105.0,60.0,5.0,50,2032190504,0.6661837104571333,0.0,-0.39869543440030414
1,105.0,60.0,5.0,51,2032190504,1.1661837104571333,0.0,-1.3986954344003055
1,105.0,60.0,5.0,52,2032190504,0.36618371045712195,0.0,0.6013045655996972
1,105.0,60.0,5.0,53,2032190504,0.06618371045712479,-0.9999999999999887,0.1013045655996902
1,105.0,60.0,5.0,54,2032190504,-1.6338162895428638,0.0,-0.39869543440030414
1,105.0,60.0,5.0,55,2032190504,0.7661837104571276,0.49999999999999434,0.1013045655996902
1,105.0,60.0,5.0,56,2032190504,1.7661837104571276,-1.5000000000000084,1.1013045655996916
1,105.0,60.0,5.0,57,2032190504,1.666183710457119,-0.49999999999999434,0.1013045655996902
1,105.0,60.0,5.0,58,2032190504,-1.0338162895428695,0.49999999999999434,0.1013045655996902
1,105.0,60.0,5.0,59,2032190504,1.666183710457119,-0.9999999999999887,1.6013045655996987
1,105.0,60.0,5.0,60,2032190504,1.4661837104571305,0.49999999999999434,0.1013045655996902
1,105.0,60.0,5.0,61,2032190504,-1.8338162895428667,0.0,0.6013045655996972
1,105.0,60.0,5.0,62,2032190504,-0.033816289542869526,0.0,0.6013045655996972
1,105.0,60.0,5.0,63,2032190504,0.06618371045712479,0.0,-0.39869543440030414
1,105.0,60.0,5.0,64,2032190504,1.1661837104571333,-0.49999999999999434,0.1013045655996902
1,105.0,60.0,5.0,65,2032190504,-0.433816289542861,0.0,-0.8986954344002985
1,105.0,60.0,5.0,66,2032190504,0.4661837104571305,0.9999999999999887,0.6013045655996972
1,105.0,60.0,5.0,67,2032190504,0.36618371045712195,-0.9999999999999887,-0.39869543440030414
1,105.0,60.0,5.0,68,2032190504,-0.933816289542861,-0.49999999999999434,0.1013045655996902
1,105.0,60.0,5.0,69,2032190504,-0.13381628954286384,0.49999999999999434,-0.39869543440030414
1,105.0,60.0,5.0,70,2032190504,-0.6338162895428638,-0.49999999999999434,-0.39869543440030414
1,105.0,60.0,5.0,71,2032190504,-2.133816289542864,-0.49999999999999434,1.1013045655996916
1,105.0,60.0,5.0,72,2032190504,-1.5338162895428695,-0.49999999999999434,0.6013045655996972
1,105.0,60.0,5.0,73,2032190504,-0.033816289542869526,0.0,-0.8986954344002985
1,105.0,60.0,5.0,74,2032190504,-1.2338162895428724,-0.9999999999999887,-0.39869543440030414
1,105.0,60.0,5.0,75,2032190504,1.366183710457122,-0.9999999999999887,-0.8986954344002985
1,105.0,60.0,5.0,76,2032190504,-0.23381628954287237,-0.49999999999999434,0.6013045655996972
1,105.0,60.0,5.0,77,2032190504,-0.5338162895428695,-0.49999999999999434,0.1013045655996902
1,105.0,60.0,5.0,78,2032190504,-1.1338162895428638,-0.49999999999999434,-0.8986954344002985
1,105.0,60.0,5.0,79,2032190504,0.4661837104571305,0.0,-0.39869543440030414
1,105.0,60.0,5.0,80,2032190504,0.7661837104571276,-0.49999999999999434,0.1013045655996902
1,105.0,60.0,5.0,81,2032190504,0.4661837104571305,0.49999999999999434,0.6013045655996972
1,105.0,60.0,5.0,82,2032190504,-0.3338162895428667,-0.49999999999999434,-0.39869543440030414
1,105.0,60.0,5.0,83,2032190504,0.7661837104571276,0.0,-0.39869543440030414
1,105.0,60.0,5.0,84,2032190504,-0.23381628954287237,0.9999999999999887,1.1013045655996916
1,105.0,60.0,5.0,85,2032190504,-0.3338162895428667,0.0,-0.8986954344002985
1,105.0,60.0,5.0,86,2032190504,-0.033816289542869526,0.9999999999999887,0.6013045655996972
1,105.0,60.0,5.0,87,2032190504,-0.433816289542861,-0.9999999999999887,0.1013045655996902
1,105.0,60.0,5.0,88,2032190504,0.4661837104571305,0.49999999999999434,0.1013045655996902
1,105.0,60.0,5.0,89,2032190504,1.0661837104571248,0.0,-0.39869543440030414
1,105.0,60.0,5.0,90,2032190504,0.4661837104571305,-0.49999999999999434,0.1013045655996902
1,105.0,60.0,5.0,91,2032190504,-0.3338162895428667,0.0,0.1013045655996902
1,105.0,60.0,5.0,92,2032190504,-0.6338162895428638,-0.49999999999999434,0.1013045655996902
1,105.0,60.0,5.0,93,2032190504,-0.7338162895428724,0.0,0.1013045655996902
1,105.0,60.0,5.0,94,2032190504,0.26618371045712763,0.49999999999999434,0.6013045655996972
1,105.0,60.0,5.0,95,2032190504,-0.13381628954286384,-0.49999999999999434,-0.8986954344002985
1,105.0,60.0,5.0,96,2032190504,0.7661837104571276,0.49999999999999434,-0.39869543440030414
1,105.0,60.0,5.0,97,2032190504,0.6661837104571333,-0.49999999999999434,0.6013045655996972
1,105.0,60.0,5.0,98,2032190504,-0.23381628954287237,0.49999999999999434,0.6013045655996972
1,105.0,60.0,5.0,99,2032190504,-0.13381628954286384,-0.9999999999999887,-0.39869543440030414
1,105.0,60.0,5.0,100,2032190504,0.9661837104571305,-0.9999999999999887,-0.8986954344002985
1,105.0,60.0,5.0,101,2032190504,0.06618371045712479,-0.49999999999999434,-0.39869543440030414
1,105.0,60.0,5.0,102,2032190504,1.1661837104571333,-0.49999999999999434,0.1013045655996902
1,105.0,60.0,5.0,103,2032190504,0.26618371045712763,0.0,0.6013045655996972
1,105.0,60.0,5.0,104,2032190504,-0.13381628954286384,0.0,0.1013045655996902
1,105.0,60.0,5.0,105,2032190504,-0.433816289542861,-0.49999999999999434,-0.8986954344002985
1,105.0,60.0,5.0,106,2032190504,-0.23381628954287237,0.49999999999999434,0.6013045655996972
1,105.0,60.0,5.0,107,2032190504,0.36618371045712195,-0.49999999999999434,-0.39869543440030414
1,105.0,60.0,5.0,108,2032190504,0.5661837104571248,0.0,0.6013045655996972
1,105.0,60.0,5.0,109,2032190504,0.06618371045712479,-0.49999999999999434,-0.39869543440030414
1,105.0,60.0,5.0,110,2032190504,-0.23381628954287237,-0.49999999999999434,0.1013045655996902
1,105.0,60.0,5.0,111,2032190504,0.5661837104571248,0.0,-0.39869543440030414
1,105.0,60.0,5.0,112,2032190504,-0.433816289542861,-0.9999999999999887,0.6013045655996972
1,105.0,60.0,5.0,113,2032190504,-0.6338162895428638,0.0,-0.8986954344002985
1,105.0,60.0,5.0,114,2032190504,0.866183710457122,0.0,-0.39869543440030414
1,105.0,60.0,5.0,115,2032190504,0.4661837104571305,0.49999999999999434,0.1013045655996902
1,105.0,60.0,5.0,116,2032190504,0.4661837104571305,0.0,-0.39869543440030414
1,105.0,60.0,5.0,117,2032190504,0.16618371045713332,0.49999999999999434,0.1013045655996902
1,105.0,60.0,5.0,118,2032190504,-0.6338162895428638,-0.49999999999999434,0.1013045655996902
1,105.0,60.0,5.0,119,2032190504,0.4661837104571305,0.0,1.6013045655996987
1,105.0,60.0,5.0,120,2032190504,-0.5338162895428695,0.49999999999999434,-0.39869543440030414
1,105.0,60.0,5.0,121,2032190504,-1.6338162895428638,1.5000000000000084,-0.39869543440030414
1,105.0,60.0,5.0,122,2032190504,-0.23381628954287237,1.5000000000000084,1.6013045655996987
1,105.0,60.0,5.0,123,2032190504,-0.033816289542869526,-0.49999999999999434,0.6013045655996972
1,105.0,60.0,5.0,124,2032190504,-1.0338162895428695,0.0,0.6013045655996972
1,105.0,60.0,5.0,125,2032190504,-1.2338162895428724,0.49999999999999434,0.6013045655996972
1,105.0,60.0,5.0,126,2032190504,-0.033816289542869526,-2.0000000000000027,0.1013045655996902
1,105.0,60.0,5.0,127,2032190504,-0.433816289542861,-0.49999999999999434,-0.39869543440030414
1,105.0,60.0,5.0,128,2032190504,-0.433816289542861,-0.9999999999999887,1.1013045655996916
1,105.0,60.0,5.0,129,2032190504,0.36618371045712195,-0.49999999999999434,0.1013045655996902
1,105.0,60.0,5.0,130,2032190504,-1.7338162895428582,0.49999999999999434,-0.39869543440030414
1,105.0,60.0,5.0,131,2032190504,-0.13381628954286384,1.5000000000000084,0.1013045655996902
1,105.0,60.0,5.0,132,2032190504,-0.5338162895428695,0.0,-0.39869543440030414
1,105.0,60.0,5.0,133,2032190504,0.4661837104571305,0.0,0.6013045655996972
1,105.0,60.0,5.0,134,2032190504,0.16618371045713332,-0.49999999999999434,-0.39869543440030414
1,105.0,60.0,5.0,135,2032190504,-0.5338162895428695,0.0,0.6013045655996972
1,105.0,60.0,5.0,136,2032190504,0.16618371045713332,0.49999999999999434,0.1013045655996902
1,105.0,60.0,5.0,137,2032190504,-0.8338162895428667,0.0,-0.39869543440030414
1,105.0,60.0,5.0,138,2032190504,0.06618371045712479,0.49999999999999434,-0.39869543440030414
1,105.0,60.0,5.0,139,2032190504,-1.1338162895428638,-0.9999999999999887,0.6013045655996972
1,105.0,60.0,5.0,140,2032190504,-0.13381628954286384,-0.49999999999999434,1.1013045655996916
1,105.0,60.0,5.0,141,2032190504,0.16618371045713332,-0.49999999999999434,0.1013045655996902
1,105.0,60.0,5.0,142,2032190504,-0.7338162895428724,0.49999999999999434,-0.39869543440030414
1,105.0,60.0,5.0,143,2032190504,0.9661837104571305,0.0,-0.8986954344002985
1,105.0,60.0,5.0,144,2032190504,-0.7338162895428724,-0.49999999999999434,-1.3986954344003055
1,105.0,60.0,5.0,145,2032190504,1.5661837104571248,-0.9999999999999887,0.1013045655996902
1,105.0,60.0,5.0,146,2032190504,0.36618371045712195,0.9999999999999887,-0.39869543440030414
1,105.0,60.0,5.0,147,2032190504,-0.433816289542861,0.49999999999999434,-0.39869543440030414
1,105.0,60.0,5.0,148,2032190504,-0.933816289542861,0.0,0.1013045655996902
1,105.0,60.0,5.0,149,2032190504,0.7661837104571276,0.49999999999999434,-0.39869543440030414
1,105.0,60.0,5.0,150,2032190504,0.6661837104571333,1.5000000000000084,-0.39869543440030414
1,105.0,60.0,5.0,151,2032190504,0.36618371045712195,0.49999999999999434,0.6013045655996972
1,105.0,60.0,5.0,152,2032190504,-0.033816289542869526,-0.49999999999999434,0.1013045655996902
1,105.0,60.0,5.0,153,2032190504,0.5661837104571248,-1.5000000000000084,0.1013045655996902
1,105.0,60.0,5.0,154,2032190504,-0.033816289542869526,0.0,0.6013045655996972
1,105.0,60.0,5.0,155,2032190504,1.7661837104571276,0.49999999999999434,1.6013045655996987
1,105.0,60.0,5.0,156,2032190504,0.5661837104571248,0.49999999999999434,0.1013045655996902
1,105.0,60.0,5.0,157,2032190504,0.5661837104571248,0.49999999999999434,0.1013045655996902
1,105.0,60.0,5.0,158,2032190504,0.4661837104571305,-0.9999999999999887,-1.3986954344003055
1,105.0,60.0,5.0,159,2032190504,-0.23381628954287237,0.9999999999999887,0.1013045655996902
1,105.0,60.0,5.0,160,2032190504,0.6661837104571333,0.0,-0.39869543440030414
1,105.0,60.0,5.0,161,2032190504,0.26618371045712763,0.9999999999999887,-0.39869543440030414
1,105.0,60.0,5.0,162,2032190504,0.16618371045713332,0.0,0.6013045655996972
1,105.0,60.0,5.0,163,2032190504,-0.5338162895428695,0.49999999999999434,0.1013045655996902
1,105.0,60.0,5.0,164,2032190504,0.4661837104571305,-0.49999999999999434,1.1013045655996916
1,105.0,60.0,5.0,165,2032190504,0.4661837104571305,0.0,0.1013045655996902
1,105.0,60.0,5.0,166,2032190504,0.866183710457122,-0.49999999999999434,1.6013045655996987
1,105.0,60.0,5.0,167,2032190504,-0.23381628954287237,0.9999999999999887,-0.39869543440030414
1,105.0,60.0,5.0,168,2032190504,-0.7338162895428724,-0.49999999999999434,-0.8986954344002985
1,105.0,60.0,5.0,169,2032190504,-0.6338162895428638,0.49999999999999434,0.1013045655996902
1,105.0,60.0,5.0,170,2032190504,-0.3338162895428667,0.49999999999999434,0.6013045655996972
1,105.0,60.0,5.0,171,2032190504,0.26618371045712763,0.0,0.1013045655996902
1,105.0,60.0,5.0,172,2032190504,-0.5338162895428695,0.49999999999999434,-0.39869543440030414
1,105.0,60.0,5.0,173,2032190504,1.1661837104571333,0.0,0.6013045655996972
1,105.0,60.0,5.0,174,2032190504,-0.8338162895428667,-0.49999999999999434,-0.8986954344002985
1,105.0,60.0,5.0,175,2032190504,0.5661837104571248,-0.49999999999999434,1.1013045655996916
1,105.0,60.0,5.0,176,2032190504,1.0661837104571248,0.49999999999999434,0.1013045655996902
1,105.0,60.0,5.0,177,2032190504,0.36618371045712195,0.49999999999999434,0.1013045655996902
1,105.0,60.0,5.0,178,2032190504,-0.433816289542861,0.49999999999999434,0.1013045655996902
1,105.0,60.0,5.0,179,2032190504,0.16618371045713332,-0.49999999999999434,-0.8986954344002985
1,105.0,60.0,5.0,180,2032190504,0.4661837104571305,0.0,0.1013045655996902
1,105.0,60.0,5.0,181,2032190504,-0.7338162895428724,0.0,0.6013045655996972
1,105.0,60.0,5.0,182,2032190504,0.4661837104571305,0.49999999999999434,-0.39869543440030414
1,105.0,60.0,5.0,183,2032190504,-2.133816289542864,0.49999999999999434,-0.39869543440030414
1,105.0,60.0,5.0,184,2032190504,-0.23381628954287237,0.9999999999999887,0.1013045655996902
1,105.0,60.0,5.0,185,2032190504,0.5661837104571248,0.49999999999999434,0.1013045655996902
1,105.0,60.0,5.0,186,2032190504,0.4661837104571305,0.49999999999999434,-0.8986954344002985
1,105.0,60.0,5.0,187,2032190504,0.9661837104571305,-0.9999999999999887,-0.39869543440030414
1,105.0,60.0,5.0,188,2032190504,0.16618371045713332,-1.5000000000000084,0.6013045655996972
1,105.0,60.0,5.0,189,2032190504,-1.933816289542861,-1.5000000000000084,0.1013045655996902
1,105.0,60.0,5.0,190,2032190504,-1.0338162895428695,-0.9999999999999887,-0.39869543440030414
1,105.0,60.0,5.0,191,2032190504,-1.1338162895428638,-0.9999999999999887,-0.39869543440030414
1,105.0,60.0,5.0,192,2032190504,0.26618371045712763,0.0,0.6013045655996972
1,105.0,60.0,5.0,193,2032190504,0.6661837104571333,-0.9999999999999887,1.1013045655996916
1,105.0,60.0,5.0,194,2032190504,0.36618371045712195,0.0,0.1013045655996902
1,105.0,60.0,5.0,195,2032190504,-0.13381628954286384,0.0,0.6013045655996972
1,105.0,60.0,5.0,196,2032190504,0.6661837104571333,0.49999999999999434,0.6013045655996972
1,105.0,60.0,5.0,197,2032190504,-0.5338162895428695,-0.9999999999999887,-0.39869543440030414
1,105.0,60.0,5.0,198,2032190504,-0.7338162895428724,0.49999999999999434,1.1013045655996916
1,105.0,60.0,5.0,199,2032190504,-0.033816289542869526,0.49999999999999434,0.1013045655996902
1,105.0,60.0,10.0,0,2032190505,0.06618371045712479,0.49999999999999434,0.1013045655996902
1,105.0,60.0,10.0,1,2032190505,-0.3338162895428667,-0.49999999999999434,0.1013045655996902
1,105.0,60.0,10.0,2,2032190505,0.06618371045712479,0.0,-0.39869543440030414
1,105.0,60.0,10.0,3,2032190505,0.16618371045713332,0.0,-0.39869543440030414
1,105.0,60.0,10.0,4,2032190505,-0.13381628954286384,0.0,0.1013045655996902
1,105.0,60.0,10.0,5,2032190505,0.06618371045712479,0.0,0.1013045655996902
1,105.0,60.0,10.0,6,2032190505,-0.3338162895428667,0.0,0.1013045655996902
1,105.0,60.0,10.0,7,2032190505,0.06618371045712479,0.49999999999999434,-0.39869543440030414
1,105.0,60.0,10.0,8,2032190505,-0.3338162895428667,0.49999999999999434,0.1013045655996902
1,105.0,60.0,10.0,9,2032190505,-0.13381628954286384,0.0,0.1013045655996902
1,105.0,60.0,10.0,10,2032190505,-0.433816289542861,0.0,0.1013045655996902
1,105.0,60.0,10.0,11,2032190505,0.06618371045712479,0.0,-0.8986954344002985
1,105.0,60.0,10.0,12,2032190505,-0.3338162895428667,0.49999999999999434,0.1013045655996902
1,105.0,60.0,10.0,13,2032190505,0.26618371045712763,0.0,0.1013045655996902
1,105.0,60.0,10.0,14,2032190505,0.06618371045712479,0.49999999999999434,0.1013045655996902
1,105.0,60.0,10.0,15,2032190505,0.6661837104571333,0.0,-0.39869543440030414
1,105.0,60.0,10.0,16,2032190505,0.5661837104571248,-0.49999999999999434,0.1013045655996902
1,105.0,60.0,10.0,17,2032190505,-0.23381628954287237,0.0,0.6013045655996972
1,105.0,60.0,10.0,18,2032190505,-0.13381628954286384,0.49999999999999434,-0.39869543440030414
1,105.0,60.0,10.0,19,2032190505,-0.23381628954287237,0.0,-0.39869543440030414
1,105.0,60.0,10.0,20,2032190505,0.6661837104571333,-0.49999999999999434,-0.39869543440030414
1,105.0,60.0,10.0,21,2032190505,0.7661837104571276,0.0,-0.39869543440030414
1,105.0,60.0,10.0,22,2032190505,-0.23381628954287237,0.0,-0.39869543440030414
1,105.0,60.0,10.0,23,2032190505,0.36618371045712195,-0.49999999999999434,0.1013045655996902
1,105.0,60.0,10.0,24,2032190505,-0.13381628954286384,0.0,-0.39869543440030414
1,105.0,60.0,10.0,25,2032190505,-0.6338162895428638,-0.49999999999999434,-0.39869543440030414
1,105.0,60.0,10.0,26,2032190505,0.36618371045712195,-0.49999999999999434,0.1013045655996902
1,105.0,60.0,10.0,27,2032190505,-0.23381628954287237,0.0,0.1013045655996902
1,105.0,60.0,10.0,28,2032190505,-0.5338162895428695,0.0,0.1013045655996902
1,105.0,60.0,10.0,29,2032190505,0.26618371045712763,0.49999999999999434,0.6013045655996972
1,105.0,60.0,10.0,30,2032190505,1.0661837104571248,0.0,0.1013045655996902
1,105.0,60.0,10.0,31,2032190505,-0.5338162895428695,0.9999999999999887,0.1013045655996902
1,105.0,60.0,10.0,32,2032190505,-0.3338162895428667,-0.49999999999999434,0.1013045655996902
1,105.0,60.0,10.0,33,2032190505,0.06618371045712479,0.0,-0.39869543440030414
1,105.0,60.0,10.0,34,2032190505,-0.433816289542861,0.0,0.1013045655996902
1,105.0,60.0,10.0,35,2032190505,0.26618371045712763,-0.49999999999999434,-0.39869543440030414
1,105.0,60.0,10.0,36,2032190505,-0.433816289542861,0.0,-0.39869543440030414
1,105.0,60.0,10.0,37,2032190505,-0.3338162895428667,-0.49999999999999434,0.1013045655996902
1,105.0,60.0,10.0,38,2032190505,0.4661837104571305,0.0,0.1013045655996902
1,105.0,60.0,10.0,39,2032190505,0.26618371045712763,0.0,0.1013045655996902
1,105.0,60.0,10.0,40,2032190505,0.06618371045712479,0.0,-0.39869543440030414
1,105.0,60.0,10.0,41,2032190505,-0.3338162895428667,0.0,0.1013045655996902
1,105.0,60.0,10.0,42,2032190505,0.16618371045713332,-0.49999999999999434,0.1013045655996902
1,105.0,60.0,10.0,43,2032190505,0.06618371045712479,0.49999999999999434,0.1013045655996902
1,105.0,60.0,10.0,44,2032190505,0.6661837104571333,0.0,0.1013045655996902
1,105.0,60.0,10.0,45,2032190505,0.06618371045712479,0.0,0.1013045655996902
1,105.0,60.0,10.0,46,2032190505,0.26618371045712763,0.0,-0.39869543440030414
1,105.0,60.0,10.0,47,2032190505,0.4661837104571305,0.0,-0.39869543440030414
1,105.0,60.0,10.0,48,2032190505,0.5661837104571248,0.49999999999999434,0.1013045655996902
1,105.0,60.0,10.0,49,2032190505,-1.0338162895428695,0.0,0.6013045655996972
1,105.0,60.0,10.0,50,2032190505,-0.13381628954286384,0.0,0.1013045655996902
1,105.0,60.0,10.0,51,2032190505,-0.033816289542869526,0.49999999999999434,-0.39869543440030414
1,105.0,60.0,10.0,52,2032190505,-0.433816289542861,-0.49999999999999434,0.6013045655996972
1,105.0,60.0,10.0,53,2032190505,-0.13381628954286384,0.49999999999999434,0.1013045655996902
1,105.0,60.0,10.0,54,2032190505,-0.033816289542869526,-0.49999999999999434,0.1013045655996902
1,105.0,60.0,10.0,55,2032190505,-0.8338162895428667,0.0,0.1013045655996902
1,105.0,60.0,10.0,56,2032190505,-0.5338162895428695,0.49999999999999434,0.1013045655996902
1,105.0,60.0,10.0,57,2032190505,-0.6338162895428638,0.0,-0.8986954344002985
1,105.0,60.0,10.0,58,2032190505,-0.3338162895428667,-0.49999999999999434,-0.39869543440030414
1,105.0,60.0,10.0,59,2032190505,0.36618371045712195,0.0,0.6013045655996972
1,105.0,60.0,10.0,60,2032190505,-0.033816289542869526,0.0,0.6013045655996972
1,105.0,60.0,10.0,61,2032190505,-0.3338162895428667,-0.49999999999999434,0.1013045655996902
1,105.0,60.0,10.0,62,2032190505,0.06618371045712479,0.0,0.1013045655996902
1,105.0,60.0,10.0,63,2032190505,-1.0338162895428695,0.0,0.1013045655996902
1,105.0,60.0,10.0,64,2032190505,-0.433816289542861,0.49999999999999434,0.1013045655996902
1,105.0,60.0,10.0,65,2032190505,-0.033816289542869526,0.0,0.1013045655996902
1,105.0,60.0,10.0,66,2032190505,0.26618371045712763,0.0,-0.39869543440030414
1,105.0,60.0,10.0,67,2032190505,0.26618371045712763,0.0,-0.39869543440030414
1,105.0,60.0,10.0,68,2032190505,-0.433816289542861,0.0,0.1013045655996902
1,105.0,60.0,10.0,69,2032190505,0.06618371045712479,0.49999999999999434,-0.39869543440030414
1,105.0,60.0,10.0,70,2032190505,0.16618371045713332,0.49999999999999434,0.1013045655996902
1,105.0,60.0,10.0,71,2032190505,0.16618371045713332,0.49999999999999434,0.1013045655996902
1,105.0,60.0,10.0,72,2032190505,0.16618371045713332,0.0,0.1013045655996902
1,105.0,60.0,10.0,73,2032190505,0.16618371045713332,0.0,0.6013045655996972
1,105.0,60.0,10.0,74,2032190505,-0.433816289542861,-0.49999999999999434,0.1013045655996902
1,105.0,60.0,10.0,75,2032190505,-0.23381628954287237,0.0,0.1013045655996902
1,105.0,60.0,10.0,76,2032190505,-0.6338162895428638,0.0,0.1013045655996902
1,105.0,60.0,10.0,77,2032190505,0.36618371045712195,0.0,-0.39869543440030414
1,105.0,60.0,10.0,78,2032190505,-0.13381628954286384,-0.49999999999999434,0.1013045655996902
1,105.0,60.0,10.0,79,2032190505,-0.23381628954287237,-0.49999999999999434,0.6013045655996972
1,105.0,60.0,10.0,80,2032190505,-0.433816289542861,0.49999999999999434,0.1013045655996902
1,105.0,60.0,10.0,81,2032190505,-0.13381628954286384,0.49999999999999434,0.1013045655996902
1,105.0,60.0,10.0,82,2032190505,-0.433816289542861,0.49999999999999434,0.6013045655996972
1,105.0,60.0,10.0,83,2032190505,0.16618371045713332,0.0,0.6013045655996972
1,105.0,60.0,10.0,84,2032190505,-0.7338162895428724,0.0,0.1013045655996902
1,105.0,60.0,10.0,85,2032190505,-0.13381628954286384,-0.49999999999999434,0.6013045655996972
1,105.0,60.0,10.0,86,2032190505,0.4661837104571305,0.0,0.1013045655996902
1,105.0,60.0,10.0,87,2032190505,0.7661837104571276,-0.49999999999999434,0.1013045655996902
1,105.0,60.0,10.0,88,2032190505,-0.033816289542869526,0.49999999999999434,0.1013045655996902
1,105.0,60.0,10.0,89,2032190505,-0.433816289542861,0.0,0.6013045655996972
1,105.0,60.0,10.0,90,2032190505,-0.7338162895428724,0.0,0.6013045655996972
1,105.0,60.0,10.0,91,2032190505,-0.7338162895428724,0.0,-0.8986954344002985
1,105.0,60.0,10.0,92,2032190505,0.26618371045712763,0.0,0.6013045655996972
1,105.0,60.0,10.0,93,2032190505,-0.23381628954287237,0.0,0.6013045655996972
1,105.0,60.0,10.0,94,2032190505,-0.033816289542869526,0.0,-0.39869543440030414
1,105.0,60.0,10.0,95,2032190505,-0.3338162895428667,0.49999999999999434,-0.39869543440030414
1,105.0,60.0,10.0,96,2032190505,-0.13381628954286384,0.0,0.1013045655996902
1,105.0,60.0,10.0,97,2032190505,0.16618371045713332,-0.49999999999999434,0.1013045655996902
1,105.0,60.0,10.0,98,2032190505,0.5661837104571248,-0.49999999999999434,-0.39869543440030414
1,105.0,60.0,10.0,99,2032190505,-0.23381628954287237,0.0,0.1013045655996902
1,105.0,60.0,10.0,100,2032190505,0.4661837104571305,0.49999999999999434,-0.39869543440030414
1,105.0,60.0,10.0,101,2032190505,-0.033816289542869526,0.0,0.1013045655996902
1,105.0,60.0,10.0,102,2032190505,0.26618371045712763,0.0,0.1013045655996902
1,105.0,60.0,10.0,103,2032190505,-0.433816289542861,-0.49999999999999434,-0.39869543440030414
1,105.0,60.0,10.0,104,2032190505,0.5661837104571248,0.0,0.1013045655996902
1,105.0,60.0,10.0,105,2032190505,0.06618371045712479,-0.49999999999999434,0.6013045655996972
1,105.0,60.0,10.0,106,2032190505,-0.033816289542869526,-0.49999999999999434,0.1013045655996902
1,105.0,60.0,10.0,107,2032190505,0.4661837104571305,0.0,-0.39869543440030414
1,105.0,60.0,10.0,108,2032190505,-0.7338162895428724,0.0,0.1013045655996902
1,105.0,60.0,10.0,109,2032190505,-0.13381628954286384,0.49999999999999434,0.1013045655996902
1,105.0,60.0,10.0,110,2032190505,0.06618371045712479,0.0,0.1013045655996902
1,105.0,60.0,10.0,111,2032190505,-0.5338162895428695,0.49999999999999434,-0.39869543440030414
1,105.0,60.0,10.0,112,2032190505,0.26618371045712763,0.0,-0.39869543440030414
1,105.0,60.0,10.0,113,2032190505,0.4661837104571305,0.0,0.6013045655996972
1,105.0,60.0,10.0,114,2032190505,0.6661837104571333,0.0,0.6013045655996972
1,105.0,60.0,10.0,115,2032190505,-0.23381628954287237,0.9999999999999887,0.6013045655996972
1,105.0,60.0,10.0,116,2032190505,-0.033816289542869526,0.49999999999999434,0.1013045655996902
1,105.0,60.0,10.0,117,2032190505,0.06618371045712479,0.0,-0.39869543440030414
1,105.0,60.0,10.0,118,2032190505,0.6661837104571333,-0.49999999999999434,0.1013045655996902
1,105.0,60.0,10.0,119,2032190505,0.06618371045712479,-0.9999999999999887,0.1013045655996902
1,105.0,60.0,10.0,120,2032190505,-0.23381628954287237,-0.49999999999999434,0.6013045655996972
1,105.0,60.0,10.0,121,2032190505,0.06618371045712479,0.0,-0.39869543440030414
1,105.0,60.0,10.0,122,2032190505,-0.433816289542861,0.0,0.6013045655996972
1,105.0,60.0,10.0,123,2032190505,-0.13381628954286384,0.49999999999999434,0.6013045655996972
1,105.0,60.0,10.0,124,2032190505,-0.433816289542861,0.0,0.1013045655996902
1,105.0,60.0,10.0,125,2032190505,0.26618371045712763,0.0,0.6013045655996972
1,105.0,60.0,10.0,126,2032190505,0.6661837104571333,0.0,-0.39869543440030414
1,105.0,60.0,10.0,127,2032190505,-0.433816289542861,-0.49999999999999434,-0.39869543440030414
1,105.0,60.0,10.0,128,2032190505,-0.933816289542861,0.0,-0.8986954344002985
1,105.0,60.0,10.0,129,2032190505,0.06618371045712479,0.0,0.1013045655996902
1,105.0,60.0,10.0,130,2032190505,0.06618371045712479,0.49999999999999434,0.1013045655996902
1,105.0,60.0,10.0,131,2032190505,0.16618371045713332,0.49999999999999434,0.1013045655996902
1,105.0,60.0,10.0,132,2032190505,-0.3338162895428667,0.0,0.1013045655996902
1,105.0,60.0,10.0,133,2032190505,0.16618371045713332,0.0,0.1013045655996902
1,105.0,60.0,10.0,134,2032190505,0.4661837104571305,0.0,-0.39869543440030414
1,105.0,60.0,10.0,135,2032190505,0.26618371045712763,0.49999999999999434,-0.39869543440030414
1,105.0,60.0,10.0,136,2032190505,0.06618371045712479,-0.49999999999999434,0.1013045655996902
1,105.0,60.0,10.0,137,2032190505,0.26618371045712763,0.49999999999999434,-0.39869543440030414
1,105.0,60.0,10.0,138,2032190505,-0.033816289542869526,0.0,0.1013045655996902
1,105.0,60.0,10.0,139,2032190505,-0.6338162895428638,0.49999999999999434,-0.39869543440030414
1,105.0,60.0,10.0,140,2032190505,-0.13381628954286384,0.49999999999999434,0.1013045655996902
1,105.0,60.0,10.0,141,2032190505,-0.7338162895428724,0.0,-0.39869543440030414
1,105.0,60.0,10.0,142,2032190505,0.36618371045712195,0.0,-0.39869543440030414
1,105.0,60.0,10.0,143,2032190505,0.5661837104571248,-0.49999999999999434,0.1013045655996902
1,105.0,60.0,10.0,144,2032190505,0.4661837104571305,0.0,0.1013045655996902
1,105.0,60.0,10.0,145,2032190505,0.36618371045712195,0.49999999999999434,-0.39869543440030414
1,105.0,60.0,10.0,146,2032190505,0.4661837104571305,-0.49999999999999434,0.6013045655996972
1,105.0,60.0,10.0,147,2032190505,0.26618371045712763,0.0,0.6013045655996972
1,105.0,60.0,10.0,148,2032190505,-0.23381628954287237,0.0,0.1013045655996902
1,105.0,60.0,10.0,149,2032190505,0.7661837104571276,0.0,-0.39869543440030414
1,105.0,60.0,10.0,150,2032190505,-0.5338162895428695,0.49999999999999434,0.1013045655996902
1,105.0,60.0,10.0,151,2032190505,-0.13381628954286384,0.49999999999999434,0.1013045655996902
1,105.0,60.0,10.0,152,2032190505,0.16618371045713332,0.0,0.1013045655996902
1,105.0,60.0,10.0,153,2032190505,-0.433816289542861,0.0,-0.39869543440030414
1,105.0,60.0,10.0,154,2032190505,0.4661837104571305,0.0,0.1013045655996902
1,105.0,60.0,10.0,155,2032190505,0.16618371045713332,0.0,0.1013045655996902
1,105.0,60.0,10.0,156,2032190505,-0.23381628954287237,0.0,-0.39869543440030414
1,105.0,60.0,10.0,157,2032190505,-0.433816289542861,0.0,0.6013045655996972
1,105.0,60.0,10.0,158,2032190505,0.6661837104571333,0.0,0.6013045655996972
1,105.0,60.0,10.0,159,2032190505,-0.033816289542869526,-0.49999999999999434,-0.39869543440030414
1,105.0,60.0,10.0,160,2032190505,-0.3338162895428667,-0.49999999999999434,0.1013045655996902
1,105.0,60.0,10.0,161,2032190505,-0.033816289542869526,0.0,-0.39869543440030414
1,105.0,60.0,10.0,162,2032190505,-0.3338162895428667,0.49999999999999434,-0.39869543440030414
1,105.0,60.0,10.0,163,2032190505,-0.433816289542861,0.0,0.1013045655996902
1,105.0,60.0,10.0,164,2032190505,-0.23381628954287237,-0.9999999999999887,0.1013045655996902
1,105.0,60.0,10.0,165,2032190505,-0.433816289542861,0.0,0.1013045655996902
1,105.0,60.0,10.0,166,2032190505,0.4661837104571305,0.0,0.1013045655996902
1,105.0,60.0,10.0,167,2032190505,-0.13381628954286384,0.0,0.1013045655996902
1,105.0,60.0,10.0,168,2032190505,0.06618371045712479,0.0,0.1013045655996902
1,105.0,60.0,10.0,169,2032190505,0.5661837104571248,0.0,0.1013045655996902
1,105.0,60.0,10.0,170,2032190505,0.6661837104571333,0.0,0.6013045655996972
1,105.0,60.0,10.0,171,2032190505,-0.13381628954286384,-0.49999999999999434,-0.39869543440030414
1,105.0,60.0,10.0,172,2032190505,-0.3338162895428667,0.0,-0.39869543440030414
1,105.0,60.0,10.0,173,2032190505,-0.6338162895428638,0.0,1.1013045655996916
1,105.0,60.0,10.0,174,2032190505,-0.433816289542861,0.0,0.6013045655996972
1,105.0,60.0,10.0,175,2032190505,-0.13381628954286384,-0.49999999999999434,0.1013045655996902
1,105.0,60.0,10.0,176,2032190505,0.26618371045712763,-0.49999999999999434,0.1013045655996902
1,105.0,60.0,10.0,177,2032190505,-0.033816289542869526,0.0,-0.39869543440030414
1,105.0,60.0,10.0,178,2032190505,-0.033816289542869526,0.0,-0.39869543440030414
1,105.0,60.0,10.0,179,2032190505,-0.033816289542869526,0.0,0.6013045655996972
1,105.0,60.0,10.0,180,2032190505,-0.13381628954286384,0.49999999999999434,0.1013045655996902
1,105.0,60.0,10.0,181,2032190505,-0.033816289542869526,0.0,0.1013045655996902
1,105.0,60.0,10.0,182,2032190505,0.06618371045712479,0.0,0.1013045655996902
1,105.0,60.0,10.0,183,2032190505,0.06618371045712479,0.0,0.1013045655996902
1,105.0,60.0,10.0,184,2032190505,0.5661837104571248,-0.49999999999999434,-0.39869543440030414
1,105.0,60.0,10.0,185,2032190505,0.06618371045712479,0.0,0.6013045655996972
1,105.0,60.0,10.0,186,2032190505,-0.5338162895428695,0.49999999999999434,0.1013045655996902
1,105.0,60.0,10.0,187,2032190505,-0.6338162895428638,0.49999999999999434,0.1013045655996902
1,105.0,60.0,10.0,188,2032190505,0.7661837104571276,0.0,0.6013045655996972
1,105.0,60.0,10.0,189,2032190505,-0.5338162895428695,-0.49999999999999434,0.1013045655996902
1,105.0,60.0,10.0,190,2032190505,0.06618371045712479,0.49999999999999434,0.1013045655996902
1,105.0,60.0,10.0,191,2032190505,0.06618371045712479,0.0,0.6013045655996972
1,105.0,60.0,10.0,192,2032190505,-0.23381628954287237,-0.49999999999999434,0.1013045655996902
1,105.0,60.0,10.0,193,2032190505,0.36618371045712195,-0.49999999999999434,0.1013045655996902
1,105.0,60.0,10.0,194,2032190505,0.4661837104571305,0.0,0.1013045655996902
1,105.0,60.0,10.0,195,2032190505,0.26618371045712763,0.0,-0.39869543440030414
1,105.0,60.0,10.0,196,2032190505,-0.23381628954287237,0.0,0.1013045655996902
1,105.0,60.0,10.0,197,2032190505,-0.033816289542869526,0.49999999999999434,-0.39869543440030414
1,105.0,60.0,10.0,198,2032190505,-0.13381628954286384,0.49999999999999434,-0.8986954344002985
1,105.0,60.0,10.0,199,2032190505,0.4661837104571305,0.0,0.1013045655996902
2,60.0,80.0,-15.0,0,2032190600,5.992734877809966,-10.500000000000009,-3.176138056959519
2,60.0,80.0,-15.0,1,2032190600,16.992734877809923,-13.000000000000005,-48.17613805695952
2,60.0,80.0,-15.0,2,2032190600,92.19273487780966,40.99999999999999,-13.676138056959521
2,60.0,80.0,-15.0,3,2032190600,-88.1072651221897,13.999999999999995,-78.67613805695953
2,60.0,80.0,-15.0,4,2032190600,123.39273487780953,14.500000000000014,-61.67613805695952
2,60.0,80.0,-15.0,5,2032190600,136.49273487780948,-29.000000000000004,-55.676138056959516
2,60.0,80.0,-15.0,6,2032190600,2.792734877809977,3.500000000000011,-5.676138056959522
2,60.0,80.0,-15.0,7,2032190600,-41.40726512218987,-11.999999999999991,-41.17613805695952
2,60.0,80.0,-15.0,8,2032190600,57.792734877809764,54.0,-60.67613805695952
2,60.0,80.0,-15.0,9,2032190600,-85.00726512218972,-19.500000000000007,8.323861943040479
2,60.0,80.0,-15.0,10,2032190600,133.39273487780952,90.0,-55.17613805695952
2,60.0,80.0,-15.0,11,2032190600,128.5927348778095,-31.999999999999993,-39.176138056959516
2,60.0,80.0,-15.0,12,2032190600,-67.00726512218978,-90.0,25.823861943040477
2,60.0,80.0,-15.0,13,2032190600,-0.40726512219001165,-0.9999999999999887,2.8238619430404768
2,60.0,80.0,-15.0,14,2032190600,-70.70726512218977,-6.500000000000003,-18.17613805695952
2,60.0,80.0,-15.0,15,2032190600,-82.20726512218972,-31.5,-34.176138056959516
2,60.0,80.0,-15.0,16,2032190600,73.59273487780972,-2.9999999999999916,21.823861943040484
2,60.0,80.0,-15.0,17,2032190600,-3.007265122190006,4.5,7.323861943040477
2,60.0,80.0,-15.0,18,2032190600,-3.1072651221900145,0.49999999999999434,-0.6761380569595218
2,60.0,80.0,-15.0,19,2032190600,34.59273487780986,69.5,-66.67613805695952
2,60.0,80.0,-15.0,20,2032190600,-89.1072651221897,44.50000000000001,-5.676138056959522
2,60.0,80.0,-15.0,21,2032190600,-49.80726512218984,-21.50000000000001,7.323861943040477
2,60.0,80.0,-15.0,22,2032190600,2.3927348778099713,-13.000000000000005,-7.676138056959519
2,60.0,80.0,-15.0,23,2032190600,-5.007265122190006,63.0,5.823861943040481
2,60.0,80.0,-15.0,24,2032190600,-10.70726512218998,-40.5,-27.676138056959523
2,60.0,80.0,-15.0,25,2032190600,60.19273487780977,-10.500000000000009,-41.67613805695952
2,60.0,80.0,-15.0,26,2032190600,-1.8072651221900173,-6.999999999999997,1.323861943040481
2,60.0,80.0,-15.0,27,2032190600,0.4927348778099798,2.9999999999999916,3.823861943040478
2,60.0,80.0,-15.0,28,2032190600,135.69273487780953,17.00000000000001,-43.676138056959516
2,60.0,80.0,-15.0,29,2032190600,104.0927348778096,90.0,-12.17613805695952
2,60.0,80.0,-15.0,30,2032190600,126.59273487780952,54.999999999999986,-86.17613805695952
2,60.0,80.0,-15.0,31,2032190600,-22.707265122189938,19.500000000000007,-57.676138056959516
2,60.0,80.0,-15.0,32,2032190600,-34.207265122189895,-4.5,-8.67613805695952
2,60.0,80.0,-15.0,33,2032190600,28.892734877809872,-2.0000000000000027,-56.676138056959516
2,60.0,80.0,-15.0,34,2032190600,-27.907265122189912,68.99999999999999,-72.17613805695952
2,60.0,80.0,-15.0,35,2032190600,-38.407265122189884,-48.000000000000014,-32.17613805695952
2,60.0,80.0,-15.0,36,2032190600,-37.507265122189885,-90.0,16.323861943040484
2,60.0,80.0,-15.0,37,2032190600,-10.407265122189983,-6.500000000000003,2.3238619430404825
2,60.0,80.0,-15.0,38,2032190600,-0.20726512219002302,1.5000000000000084,-2.6761380569595183
2,60.0,80.0,-15.0,39,2032190600,-27.00726512218992,90.0,16.823861943040477
2,60.0,80.0,-15.0,40,2032190600,122.79273487780954,-45.0,20.323861943040484
2,60.0,80.0,-15.0,41,2032190600,-3.207265122190009,1.5000000000000084,2.8238619430404768
2,60.0,80.0,-15.0,42,2032190600,-55.90726512218982,36.0,-89.17613805695952
2,60.0,80.0,-15.0,43,2032190600,8.492734877809951,6.500000000000003,-9.176138056959521
2,60.0,80.0,-15.0,44,2032190600,85.59273487780969,-30.499999999999986,-10.67613805695952
2,60.0,80.0,-15.0,45,2032190600,29.192734877809883,9.499999999999995,-30.67613805695952
2,60.0,80.0,-15.0,46,2032190600,-82.10726512218973,-0.9999999999999887,-73.17613805695952
2,60.0,80.0,-15.0,47,2032190600,-57.30726512218982,-25.499999999999993,-68.67613805695952
2,60.0,80.0,-15.0,48,2032190600,0.9927348778099798,-2.0000000000000027,-0.17613805695952112
2,60.0,80.0,-15.0,49,2032190600,-37.30726512218989,71.00000000000001,-13.17613805695952
2,60.0,80.0,-15.0,50,2032190600,4.59273487780996,2.0000000000000027,0.8238619430404803
2,60.0,80.0,-15.0,51,2032190600,-87.20726512218971,-90.0,11.823861943040484
2,60.0,80.0,-15.0,52,2032190600,-26.307265122189918,90.0,17.82386194304048
2,60.0,80.0,-15.0,53,2032190600,150.89273487780946,58.50000000000003,9.82386194304048
2,60.0,80.0,-15.0,54,2032190600,8.092734877809946,-1.5000000000000084,-2.6761380569595183
2,60.0,80.0,-15.0,55,2032190600,21.292734877809906,-90.0,-87.17613805695953
2,60.0,80.0,-15.0,56,2032190600,95.29273487780965,13.5,-68.17613805695952
2,60.0,80.0,-15.0,57,2032190600,70.49273487780972,-66.5,-46.17613805695952
2,60.0,80.0,-15.0,58,2032190600,102.0927348778096,11.000000000000004,-38.676138056959516
2,60.0,80.0,-15.0,59,2032190600,137.49273487780948,-31.5,14.32386194304048
2,60.0,80.0,-15.0,60,2032190600,-70.70726512218977,13.000000000000005,-31.17613805695952
2,60.0,80.0,-15.0,61,2032190600,52.99273487780978,-39.499999999999986,-78.67613805695953
2,60.0,80.0,-15.0,62,2032190600,-6.007265122189992,-2.4999999999999973,-6.676138056959518
2,60.0,80.0,-15.0,63,2032190600,-55.707265122189824,39.499999999999986,6.823861943040482
2,60.0,80.0,-15.0,64,2032190600,6.792734877809963,6.500000000000003,-2.6761380569595183
2,60.0,80.0,-15.0,65,2032190600,-6.407265122189997,2.0000000000000027,-3.176138056959519
2,60.0,80.0,-15.0,66,2032190600,42.09273487780983,-1.5000000000000084,-13.17613805695952
2,60.0,80.0,-15.0,67,2032190600,-69.40726512218977,45.999999999999986,-39.676138056959516
2,60.0,80.0,-15.0,68,2032190600,42.79273487780982,13.000000000000005,-11.176138056959521
2,60.0,80.0,-15.0,69,2032190600,0.09273487780997414,-0.49999999999999434,-0.17613805695952112
2,60.0,80.0,-15.0,70,2032190600,-11.807265122189975,18.499999999999993,-6.676138056959518
2,60.0,80.0,-15.0,71,2032190600,70.29273487780974,-26.500000000000007,-9.176138056959521
2,60.0,80.0,-15.0,72,2032190600,-74.00726512218975,-11.999999999999991,-53.67613805695952
2,60.0,80.0,-15.0,73,2032190600,91.99273487780967,4.5,5.32386194304048
2,60.0,80.0,-15.0,74,2032190600,-65.30726512218979,-90.0,-21.176138056959523
2,60.0,80.0,-15.0,75,2032190600,98.19273487780963,-28.500000000000007,-6.676138056959518
2,60.0,80.0,-15.0,76,2032190600,-40.10726512218987,-90.0,28.323861943040473
2,60.0,80.0,-15.0,77,2032190600,67.39273487780973,33.5,-39.176138056959516
2,60.0,80.0,-15.0,78,2032190600,82.59273487780969,90.0,11.323861943040482
2,60.0,80.0,-15.0,79,2032190600,-60.807265122189804,81.99999999999999,-69.17613805695953
2,60.0,80.0,-15.0,80,2032190600,135.39273487780952,53.000000000000014,-36.67613805695952
2,60.0,80.0,-15.0,81,2032190600,-4.60726512219,1.5000000000000084,2.3238619430404825
2,60.0,80.0,-15.0,82,2032190600,75.2927348778097,11.499999999999996,0.3238619430404796
2,60.0,80.0,-15.0,83,2032190600,-70.10726512218977,-10.500000000000009,-89.17613805695952
2,60.0,80.0,-15.0,84,2032190600,-2.807265122190003,-0.9999999999999887,-1.1761380569595226
2,60.0,80.0,-15.0,85,2032190600,122.79273487780954,-42.5,-58.17613805695952
2,60.0,80.0,-15.0,86,2032190600,92.99273487780964,-40.99999999999999,7.323861943040477
2,60.0,80.0,-15.0,87,2032190600,62.792734877809764,-47.0,28.82386194304048
2,60.0,80.0,-15.0,88,2032190600,90.59273487780966,-33.00000000000001,6.323861943040482
2,60.0,80.0,-15.0,89,2032190600,-11.507265122189978,-6.000000000000009,0.8238619430404803
2,60.0,80.0,-15.0,90,2032190600,4.492734877809966,-2.9999999999999916,-0.17613805695952112
2,60.0,80.0,-15.0,91,2032190600,135.2927348778095,-52.49999999999999,-40.17613805695952
2,60.0,80.0,-15.0,92,2032190600,-23.60726512218993,-24.000000000000007,-44.67613805695952
2,60.0,80.0,-15.0,93,2032190600,-4.807265122190003,4.999999999999995,11.823861943040484
2,60.0,80.0,-15.0,94,2032190600,71.09273487780972,0.0,-10.17613805695952
2,60.0,80.0,-15.0,95,2032190600,31.992734877809866,-27.0,-16.676138056959523
2,60.0,80.0,-15.0,96,2032190600,-32.1072651221899,-13.000000000000005,-59.67613805695952
2,60.0,80.0,-15.0,97,2032190600,-3.207265122190009,-9.499999999999995,4.823861943040479
2,60.0,80.0,-15.0,98,2032190600,-80.60726512218973,63.0,-66.17613805695952
2,60.0,80.0,-15.0,99,2032190600,-37.907265122189884,-26.00000000000001,4.3238619430404786
2,60.0,80.0,-15.0,100,2032190600,140.69273487780947,-90.0,10.32386194304048
2,60.0,80.0,-15.0,101,2032190600,-18.907265122189955,90.0,2.8238619430404768
2,60.0,80.0,-15.0,102,2032190600,150.89273487780946,2.9999999999999916,16.823861943040477
2,60.0,80.0,-15.0,103,2032190600,121.69273487780954,-4.000000000000005,-76.67613805695952
2,60.0,80.0,-15.0,104,2032190600,6.492734877809951,0.9999999999999887,0.3238619430404796
2,60.0,80.0,-15.0,105,2032190600,93.29273487780965,8.500000000000005,-17.67613805695952
2,60.0,80.0,-15.0,106,2032190600,52.39273487780979,-9.0,-30.67613805695952
2,60.0,80.0,-15.0,107,2032190600,5.1927348778099685,2.0000000000000027,-1.6761380569595232
2,60.0,80.0,-15.0,108,2032190600,-11.70726512218998,-5.4999999999999885,-4.6761380569595214
2,60.0,80.0,-15.0,109,2032190600,11.892734877809943,59.999999999999986,-1.1761380569595226
2,60.0,80.0,-15.0,110,2032190600,-21.707265122189938,21.50000000000001,-56.676138056959516
2,60.0,80.0,-15.0,111,2032190600,-0.8072651221900173,2.0000000000000027,-0.17613805695952112
2,60.0,80.0,-15.0,112,2032190600,-7.307265122189989,-6.999999999999997,-5.1761380569595214
2,60.0,80.0,-15.0,113,2032190600,36.492734877809866,-36.49999999999999,-3.6761380569595197
2,60.0,80.0,-15.0,114,2032190600,-85.70726512218971,46.50000000000001,-18.676138056959523
2,60.0,80.0,-15.0,115,2032190600,18.892734877809914,-24.000000000000007,-25.67613805695952
2,60.0,80.0,-15.0,116,2032190600,12.592734877809932,-3.500000000000011,-6.176138056959523
2,60.0,80.0,-15.0,117,2032190600,-3.507265122190006,-0.49999999999999434,-2.6761380569595183
2,60.0,80.0,-15.0,118,2032190600,-66.80726512218979,-90.0,23.32386194304048
2,60.0,80.0,-15.0,119,2032190600,5.59273487780996,-4.5,7.323861943040477
2,60.0,80.0,-15.0,120,2032190600,76.9927348778097,-11.000000000000004,-69.17613805695953
2,60.0,80.0,-15.0,121,2032190600,94.39273487780964,-55.50000000000001,-22.17613805695952
2,60.0,80.0,-15.0,122,2032190600,-47.20726512218985,45.999999999999986,-41.17613805695952
2,60.0,80.0,-15.0,123,2032190600,-0.7072651221900088,0.9999999999999887,0.3238619430404796
2,60.0,80.0,-15.0,124,2032190600,-4.207265122190009,7.499999999999991,3.823861943040478
2,60.0,80.0,-15.0,125,2032190600,9.192734877809954,-2.0000000000000027,3.3238619430404777
2,60.0,80.0,-15.0,126,2032190600,59.292734877809764,-33.5,-24.17613805695952
2,60.0,80.0,-15.0,127,2032190600,121.19273487780954,-90.0,-81.67613805695952
2,60.0,80.0,-15.0,128,2032190600,-72.60726512218976,-2.0000000000000027,6.323861943040482
2,60.0,80.0,-15.0,129,2032190600,44.392734877809815,18.0,-7.676138056959519
2,60.0,80.0,-15.0,130,2032190600,-10.70726512218998,-7.499999999999991,17.82386194304048
2,60.0,80.0,-15.0,131,2032190600,-69.00726512218978,-2.9999999999999916,-51.67613805695952
2,60.0,80.0,-15.0,132,2032190600,136.49273487780948,-22.5,-12.17613805695952
2,60.0,80.0,-15.0,133,2032190600,94.89273487780964,6.000000000000009,-71.67613805695953
2,60.0,80.0,-15.0,134,2032190600,-7.607265122189986,-11.000000000000004,5.32386194304048
2,60.0,80.0,-15.0,135,2032190600,63.49273487780975,-29.000000000000004,-40.67613805695952
2,60.0,80.0,-15.0,136,2032190600,118.29273487780956,32.500000000000014,-43.176138056959516
2,60.0,80.0,-15.0,137,2032190600,-5.207265122189995,0.49999999999999434,-5.1761380569595214
2,60.0,80.0,-15.0,138,2032190600,125.29273487780954,-13.5,-81.67613805695952
2,60.0,80.0,-15.0,139,2032190600,-70.90726512218977,-2.9999999999999916,-39.176138056959516
2,60.0,80.0,-15.0,140,2032190600,-51.007265122189835,-29.499999999999996,-76.67613805695952
2,60.0,80.0,-15.0,141,2032190600,3.8927348778099713,3.500000000000011,-1.1761380569595226
2,60.0,80.0,-15.0,142,2032190600,131.89273487780952,24.500000000000004,-35.176138056959516
2,60.0,80.0,-15.0,143,2032190600,78.7927348778097,-21.50000000000001,-18.676138056959523
2,60.0,80.0,-15.0,144,2032190600,103.19273487780963,-53.000000000000014,-24.67613805695952
2,60.0,80.0,-15.0,145,2032190600,-11.907265122189969,5.4999999999999885,5.823861943040481
2,60.0,80.0,-15.0,146,2032190600,122.29273487780954,15.500000000000004,-34.176138056959516
2,60.0,80.0,-15.0,147,2032190600,67.89273487780973,72.50000000000001,-34.676138056959516
2,60.0,80.0,-15.0,148,2032190600,-2.6072651221900145,-2.4999999999999973,-1.1761380569595226
2,60.0,80.0,-15.0,149,2032190600,-19.307265122189946,13.999999999999995,-17.17613805695952
2,60.0,80.0,-15.0,150,2032190600,150.89273487780946,57.000000000000014,-6.676138056959518
2,60.0,80.0,-15.0,151,2032190600,-10.907265122189983,10.500000000000009,-11.176138056959521
2,60.0,80.0,-15.0,152,2032190600,0.4927348778099798,4.5,-0.6761380569595218
2,60.0,80.0,-15.0,153,2032190600,-83.90726512218973,-8.500000000000005,-71.67613805695953
2,60.0,80.0,-15.0,154,2032190600,8.692734877809954,-5.4999999999999885,-0.17613805695952112
2,60.0,80.0,-15.0,155,2032190600,41.59273487780983,6.000000000000009,-48.17613805695952
2,60.0,80.0,-15.0,156,2032190600,66.69273487780974,-63.0,-20.17613805695952
2,60.0,80.0,-15.0,157,2032190600,-52.007265122189835,-2.4999999999999973,-84.67613805695952
2,60.0,80.0,-15.0,158,2032190600,68.79273487780974,90.0,-62.67613805695952
2,60.0,80.0,-15.0,159,2032190600,1.792734877809977,-2.4999999999999973,-1.1761380569595226
2,60.0,80.0,-15.0,160,2032190600,30.792734877809878,18.499999999999993,-22.17613805695952
2,60.0,80.0,-15.0,161,2032190600,-78.20726512218974,-36.49999999999999,-39.676138056959516
2,60.0,80.0,-15.0,162,2032190600,120.49273487780955,-59.500000000000014,-71.67613805695953
2,60.0,80.0,-15.0,163,2032190600,-59.00726512218981,-4.000000000000005,8.823861943040479
2,60.0,80.0,-15.0,164,2032190600,138.49273487780948,-72.5,-26.67613805695952
2,60.0,80.0,-15.0,165,2032190600,81.09273487780969,0.49999999999999434,-52.176138056959516
2,60.0,80.0,-15.0,166,2032190600,4.992734877809966,-4.000000000000005,-2.6761380569595183
2,60.0,80.0,-15.0,167,2032190600,58.292734877809764,10.500000000000009,2.8238619430404768
2,60.0,80.0,-15.0,168,2032190600,80.09273487780969,-90.0,-8.17613805695952
2,60.0,80.0,-15.0,169,2032190600,83.89273487780967,-1.5000000000000084,18.32386194304048
2,60.0,80.0,-15.0,170,2032190600,41.59273487780983,36.0,-53.67613805695952
2,60.0,80.0,-15.0,171,2032190600,15.892734877809929,-57.000000000000014,-72.67613805695952
2,60.0,80.0,-15.0,172,2032190600,106.39273487780962,76.0,-21.176138056959523
2,60.0,80.0,-15.0,173,2032190600,-21.00726512218995,-34.49999999999999,-67.67613805695952
2,60.0,80.0,-15.0,174,2032190600,110.2927348778096,-22.5,-95.67613805695952
2,60.0,80.0,-15.0,175,2032190600,5.492734877809966,-0.9999999999999887,2.3238619430404825
2,60.0,80.0,-15.0,176,2032190600,26.29273487780989,-39.499999999999986,-82.67613805695953
2,60.0,80.0,-15.0,177,2032190600,41.692734877809826,50.999999999999986,-44.67613805695952
2,60.0,80.0,-15.0,178,2032190600,19.292734877809906,-29.000000000000004,-29.176138056959523
2,60.0,80.0,-15.0,179,2032190600,-0.9072651221900117,-6.000000000000009,0.3238619430404796
2,60.0,80.0,-15.0,180,2032190600,8.492734877809951,9.0,-7.176138056959518
2,60.0,80.0,-15.0,181,2032190600,69.69273487780974,-90.0,11.323861943040482
2,60.0,80.0,-15.0,182,2032190600,121.09273487780955,-18.99999999999999,-18.17613805695952
2,60.0,80.0,-15.0,183,2032190600,79.9927348778097,6.000000000000009,15.823861943040482
2,60.0,80.0,-15.0,184,2032190600,124.89273487780953,-51.00000000000001,-53.67613805695952
2,60.0,80.0,-15.0,185,2032190600,-34.4072651221899,-17.500000000000007,-51.67613805695952
2,60.0,80.0,-15.0,186,2032190600,1.8927348778099713,2.4999999999999973,-2.1761380569595175
2,60.0,80.0,-15.0,187,2032190600,77.3927348778097,26.00000000000001,-16.676138056959523
2,60.0,80.0,-15.0,188,2032190600,-87.40726512218971,-90.0,-86.67613805695952
2,60.0,80.0,-15.0,189,2032190600,-3.007265122190006,3.500000000000011,0.3238619430404796
2,60.0,80.0,-15.0,190,2032190600,61.292734877809764,29.000000000000004,-46.17613805695952
2,60.0,80.0,-15.0,191,2032190600,-33.9072651221899,-54.49999999999999,-51.176138056959516
2,60.0,80.0,-15.0,192,2032190600,-2.507265122190006,0.49999999999999434,4.3238619430404786
2,60.0,80.0,-15.0,193,2032190600,1.292734877809977,-6.000000000000009,1.8238619430404817
2,60.0,80.0,-15.0,194,2032190600,39.79273487780985,6.500000000000003,-55.676138056959516
2,60.0,80.0,-15.0,195,2032190600,-57.007265122189814,54.50000000000002,-54.67613805695952
2,60.0,80.0,-15.0,196,2032190600,55.6927348778098,4.999999999999995,9.32386194304048
2,60.0,80.0,-15.0,197,2032190600,50.29273487780979,90.0,16.823861943040477
2,60.0,80.0,-15.0,198,2032190600,73.39273487780973,-59.500000000000014,-28.176138056959523
2,60.0,80.0,-15.0,199,2032190600,4.6927348778099685,-0.9999999999999887,-2.1761380569595175
2,60.0,80.0,-10.0,0,2032190601,-5.507265122189992,-0.9999999999999887,-3.176138056959519
2,60.0,80.0,-10.0,1,2032190601,7.492734877809951,-1.5000000000000084,0.8238619430404803
2,60.0,80.0,-10.0,2,2032190601,55.79273487780979,-41.500000000000014,30.323861943040477
2,60.0,80.0,-10.0,3,2032190601,142.2927348778095,-68.5,9.32386194304048
2,60.0,80.0,-10.0,4,2032190601,4.992734877809966,-2.4999999999999973,-0.6761380569595218
2,60.0,80.0,-10.0,5,2032190601,1.0927348778099741,0.0,-0.17613805695952112
2,60.0,80.0,-10.0,6,2032190601,-7.707265122189995,-1.5000000000000084,-2.1761380569595175
2,60.0,80.0,-10.0,7,2032190601,-42.607265122189865,23.500000000000014,-42.67613805695952
2,60.0,80.0,-10.0,8,2032190601,5.1927348778099685,2.4999999999999973,1.8238619430404817
2,60.0,80.0,-10.0,9,2032190601,-2.807265122190003,2.9999999999999916,-1.6761380569595232
2,60.0,80.0,-10.0,10,2032190601,-39.10726512218988,-50.500000000000014,-13.17613805695952
2,60.0,80.0,-10.0,11,2032190601,-34.50726512218989,5.4999999999999885,-4.176138056959521
2,60.0,80.0,-10.0,12,2032190601,-78.80726512218973,15.999999999999996,-33.17613805695952
2,60.0,80.0,-10.0,13,2032190601,6.992734877809951,-0.49999999999999434,1.323861943040481
2,60.0,80.0,-10.0,14,2032190601,-4.807265122190003,-1.5000000000000084,0.3238619430404796
2,60.0,80.0,-10.0,15,2032190601,63.99273487780975,49.99999999999999,20.323861943040484
2,60.0,80.0,-10.0,16,2032190601,0.4927348778099798,0.49999999999999434,-0.6761380569595218
2,60.0,80.0,-10.0,17,2032190601,-4.207265122190009,1.5000000000000084,-1.1761380569595226
2,60.0,80.0,-10.0,18,2032190601,-0.007265122190020179,1.5000000000000084,2.3238619430404825
2,60.0,80.0,-10.0,19,2032190601,1.792734877809977,-1.5000000000000084,-0.17613805695952112
2,60.0,80.0,-10.0,20,2032190601,-57.40726512218981,-49.99999999999999,-29.176138056959523
2,60.0,80.0,-10.0,21,2032190601,64.19273487780974,90.0,-106.17613805695952
2,60.0,80.0,-10.0,22,2032190601,25.492734877809895,90.0,-92.67613805695952
2,60.0,80.0,-10.0,23,2032190601,-0.20726512219002302,-1.5000000000000084,-0.6761380569595218
2,60.0,80.0,-10.0,24,2032190601,54.79273487780979,-6.500000000000003,-24.67613805695952
2,60.0,80.0,-10.0,25,2032190601,-4.807265122190003,0.9999999999999887,0.8238619430404803
2,60.0,80.0,-10.0,26,2032190601,6.392734877809957,-1.5000000000000084,1.8238619430404817
2,60.0,80.0,-10.0,27,2032190601,56.79273487780979,-81.0,-35.67613805695952
2,60.0,80.0,-10.0,28,2032190601,-2.1072651221900145,-1.5000000000000084,2.3238619430404825
2,60.0,80.0,-10.0,29,2032190601,4.1927348778099685,2.0000000000000027,-1.1761380569595226
2,60.0,80.0,-10.0,30,2032190601,4.892734877809957,-1.5000000000000084,1.8238619430404817
2,60.0,80.0,-10.0,31,2032190601,135.49273487780948,-75.5,-47.676138056959516
2,60.0,80.0,-10.0,32,2032190601,-0.30726512219001734,0.49999999999999434,3.823861943040478
2,60.0,80.0,-10.0,33,2032190601,33.59273487780986,-6.999999999999997,-10.17613805695952
2,60.0,80.0,-10.0,34,2032190601,-55.50726512218982,0.49999999999999434,-94.17613805695953
2,60.0,80.0,-10.0,35,2032190601,-3.207265122190009,1.5000000000000084,-2.6761380569595183
2,60.0,80.0,-10.0,36,2032190601,0.8927348778099855,0.49999999999999434,-1.1761380569595226
2,60.0,80.0,-10.0,37,2032190601,4.492734877809966,1.5000000000000084,0.8238619430404803
2,60.0,80.0,-10.0,38,2032190601,133.0927348778095,-18.0,-23.176138056959523
2,60.0,80.0,-10.0,39,2032190601,7.392734877809957,-0.9999999999999887,2.3238619430404825
2,60.0,80.0,-10.0,40,2032190601,1.1927348778099827,-1.5000000000000084,0.3238619430404796
2,60.0,80.0,-10.0,41,2032190601,-32.6072651221899,0.0,-1.6761380569595232
2,60.0,80.0,-10.0,42,2032190601,-38.10726512218989,-12.50000000000001,-60.17613805695953
2,60.0,80.0,-10.0,43,2032190601,123.69273487780954,34.49999999999999,-55.17613805695952
2,60.0,80.0,-10.0,44,2032190601,1.8927348778099713,-0.9999999999999887,1.323861943040481
2,60.0,80.0,-10.0,45,2032190601,150.89273487780946,-90.0,11.323861943040482
2,60.0,80.0,-10.0,46,2032190601,5.292734877809963,-1.5000000000000084,1.8238619430404817
2,60.0,80.0,-10.0,47,2032190601,144.39273487780946,48.000000000000014,-55.17613805695952
2,60.0,80.0,-10.0,48,2032190601,-33.6072651221899,13.000000000000005,-6.176138056959523
2,60.0,80.0,-10.0,49,2032190601,4.092734877809974,-2.0000000000000027,1.323861943040481
2,60.0,80.0,-10.0,50,2032190601,0.792734877809977,2.0000000000000027,-1.6761380569595232
2,60.0,80.0,-10.0,51,2032190601,-2.207265122190009,1.5000000000000084,1.323861943040481
2,60.0,80.0,-10.0,52,2032190601,-74.50726512218975,-29.999999999999993,21.323861943040477
2,60.0,80.0,-10.0,53,2032190601,-4.907265122189997,2.4999999999999973,-3.176138056959519
2,60.0,80.0,-10.0,54,2032190601,3.7927348778099628,4.5,0.3238619430404796
2,60.0,80.0,-10.0,55,2032190601,2.092734877809974,0.0,-0.6761380569595218
2,60.0,80.0,-10.0,56,2032190601,-6.807265122189989,1.5000000000000084,2.8238619430404768
2,60.0,80.0,-10.0,57,2032190601,-62.4072651221898,-24.500000000000004,-43.176138056959516
2,60.0,80.0,-10.0,58,2032190601,-64.80726512218979,54.999999999999986,-17.17613805695952
2,60.0,80.0,-10.0,59,2032190601,-0.6072651221900145,-0.49999999999999434,-2.1761380569595175
2,60.0,80.0,-10.0,60,2032190601,-2.4072651221900117,-1.5000000000000084,3.823861943040478
2,60.0,80.0,-10.0,61,2032190601,4.292734877809963,-0.9999999999999887,4.3238619430404786
2,60.0,80.0,-10.0,62,2032190601,-1.5072651221900202,2.0000000000000027,0.3238619430404796
2,60.0,80.0,-10.0,63,2032190601,2.6927348778099685,-4.5,2.8238619430404768
2,60.0,80.0,-10.0,64,2032190601,-8.307265122189989,-0.49999999999999434,0.3238619430404796
2,60.0,80.0,-10.0,65,2032190601,69.89273487780973,40.00000000000001,-38.676138056959516
2,60.0,80.0,-10.0,66,2032190601,-0.7072651221900088,-2.0000000000000027,1.8238619430404817
2,60.0,80.0,-10.0,67,2032190601,0.6927348778099827,-2.9999999999999916,2.3238619430404825
2,60.0,80.0,-10.0,68,2032190601,-9.007265122189992,-0.9999999999999887,-1.1761380569595226
2,60.0,80.0,-10.0,69,2032190601,4.992734877809966,0.9999999999999887,1.8238619430404817
2,60.0,80.0,-10.0,70,2032190601,3.9927348778099656,-1.5000000000000084,-2.6761380569595183
2,60.0,80.0,-10.0,71,2032190601,-1.8072651221900173,0.9999999999999887,2.3238619430404825
2,60.0,80.0,-10.0,72,2032190601,42.89273487780984,-4.999999999999995,-52.176138056959516
2,60.0,80.0,-10.0,73,2032190601,-2.9072651221900117,-2.0000000000000027,-0.6761380569595218
2,60.0,80.0,-10.0,74,2032190601,2.9927348778099656,1.5000000000000084,-0.17613805695952112
2,60.0,80.0,-10.0,75,2032190601,-0.9072651221900117,0.0,2.8238619430404768
2,60.0,80.0,-10.0,76,2032190601,27.892734877809886,-7.499999999999991,-1.6761380569595232
2,60.0,80.0,-10.0,77,2032190601,12.792734877809934,-15.500000000000004,2.3238619430404825
2,60.0,80.0,-10.0,78,2032190601,-0.7072651221900088,-0.9999999999999887,-3.176138056959519
2,60.0,80.0,-10.0,79,2032190601,20.792734877809906,14.500000000000014,-21.67613805695952
2,60.0,80.0,-10.0,80,2032190601,2.792734877809977,1.5000000000000084,-1.1761380569595226
2,60.0,80.0,-10.0,81,2032190601,-5.10726512219,2.4999999999999973,2.8238619430404768
2,60.0,80.0,-10.0,82,2032190601,2.092734877809974,1.5000000000000084,1.8238619430404817
2,60.0,80.0,-10.0,83,2032190601,-1.7072651221900088,-2.4999999999999973,0.3238619430404796
2,60.0,80.0,-10.0,84,2032190601,65.99273487780975,-4.000000000000005,5.32386194304048
2,60.0,80.0,-10.0,85,2032190601,-29.507265122189906,-4.5,6.323861943040482
2,60.0,80.0,-10.0,86,2032190601,3.4927348778099656,0.9999999999999887,5.32386194304048
2,60.0,80.0,-10.0,87,2032190601,78.09273487780972,-1.5000000000000084,19.32386194304048
2,60.0,80.0,-10.0,88,2032190601,-1.0072651221900202,0.0,-1.6761380569595232
2,60.0,80.0,-10.0,89,2032190601,-4.307265122190003,2.4999999999999973,0.3238619430404796
2,60.0,80.0,-10.0,90,2032190601,138.69273487780947,-90.0,-7.176138056959518
2,60.0,80.0,-10.0,91,2032190601,4.892734877809957,0.49999999999999434,-0.17613805695952112
2,60.0,80.0,-10.0,92,2032190601,-7.907265122189997,2.0000000000000027,0.3238619430404796
2,60.0,80.0,-10.0,93,2032190601,77.69273487780971,-42.5,-28.676138056959523
2,60.0,80.0,-10.0,94,2032190601,-3.707265122190009,0.0,2.3238619430404825
2,60.0,80.0,-10.0,95,2032190601,-2.1072651221900145,-3.500000000000011,0.3238619430404796
2,60.0,80.0,-10.0,96,2032190601,-1.0072651221900202,4.5,-0.6761380569595218
2,60.0,80.0,-10.0,97,2032190601,106.2927348778096,71.00000000000001,-47.676138056959516
2,60.0,80.0,-10.0,98,2032190601,1.1927348778099827,2.0000000000000027,-2.1761380569595175
2,60.0,80.0,-10.0,99,2032190601,55.092734877809775,15.000000000000009,-5.1761380569595214
2,60.0,80.0,-10.0,100,2032190601,129.39273487780952,2.9999999999999916,-86.17613805695952
2,60.0,80.0,-10.0,101,2032190601,1.0927348778099741,0.9999999999999887,1.8238619430404817
2,60.0,80.0,-10.0,102,2032190601,-66.30726512218979,-2.9999999999999916,-105.67613805695953
2,60.0,80.0,-10.0,103,2032190601,53.49273487780978,-13.5,-40.67613805695952
2,60.0,80.0,-10.0,104,2032190601,-6.307265122190003,0.9999999999999887,-1.1761380569595226
2,60.0,80.0,-10.0,105,2032190601,-1.6072651221900145,2.0000000000000027,4.3238619430404786
2,60.0,80.0,-10.0,106,2032190601,1.8927348778099713,0.9999999999999887,0.8238619430404803
2,60.0,80.0,-10.0,107,2032190601,2.292734877809977,-0.49999999999999434,2.3238619430404825
2,60.0,80.0,-10.0,108,2032190601,-2.6072651221900145,0.0,0.3238619430404796
2,60.0,80.0,-10.0,109,2032190601,4.092734877809974,2.0000000000000027,5.32386194304048
2,60.0,80.0,-10.0,110,2032190601,117.09273487780958,90.0,-80.17613805695952
2,60.0,80.0,-10.0,111,2032190601,102.89273487780962,-21.50000000000001,-76.17613805695953
2,60.0,80.0,-10.0,112,2032190601,-2.507265122190006,0.49999999999999434,3.823861943040478
2,60.0,80.0,-10.0,113,2032190601,-23.707265122189938,-13.5,7.323861943040477
2,60.0,80.0,-10.0,114,2032190601,32.39273487780987,-4.000000000000005,-68.67613805695952
2,60.0,80.0,-10.0,115,2032190601,-42.80726512218987,40.5,-36.67613805695952
2,60.0,80.0,-10.0,116,2032190601,0.19273487780998266,-2.0000000000000027,-2.1761380569595175
2,60.0,80.0,-10.0,117,2032190601,2.792734877809977,0.0,0.8238619430404803
2,60.0,80.0,-10.0,118,2032190601,3.592734877809974,4.999999999999995,1.8238619430404817
2,60.0,80.0,-10.0,119,2032190601,-4.307265122190003,-0.49999999999999434,-3.176138056959519
2,60.0,80.0,-10.0,120,2032190601,-0.6072651221900145,0.9999999999999887,-1.1761380569595226
2,60.0,80.0,-10.0,121,2032190601,130.5927348778095,2.4999999999999973,-67.17613805695953
2,60.0,80.0,-10.0,122,2032190601,-3.007265122190006,-2.4999999999999973,-4.6761380569595214
2,60.0,80.0,-10.0,123,2032190601,-79.30726512218973,-11.999999999999991,32.32386194304048
2,60.0,80.0,-10.0,124,2032190601,2.1927348778099685,-2.0000000000000027,0.8238619430404803
2,60.0,80.0,-10.0,125,2032190601,-4.207265122190009,0.49999999999999434,2.8238619430404768
2,60.0,80.0,-10.0,126,2032190601,119.79273487780956,-38.5,14.82386194304048
2,60.0,80.0,-10.0,127,2032190601,2.49273487780998,2.9999999999999916,-0.6761380569595218
2,60.0,80.0,-10.0,128,2032190601,63.49273487780975,15.999999999999996,-81.17613805695952
2,60.0,80.0,-10.0,129,2032190601,-7.507265122189992,-8.00000000000001,2.3238619430404825
2,60.0,80.0,-10.0,130,2032190601,-70.30726512218976,-73.0,-53.67613805695952
2,60.0,80.0,-10.0,131,2032190601,-71.60726512218977,-61.0,-51.67613805695952
2,60.0,80.0,-10.0,132,2032190601,29.892734877809872,63.999999999999986,-11.676138056959521
2,60.0,80.0,-10.0,133,2032190601,150.89273487780946,40.5,-32.67613805695952
2,60.0,80.0,-10.0,134,2032190601,-4.207265122190009,-0.49999999999999434,1.323861943040481
2,60.0,80.0,-10.0,135,2032190601,58.592734877809775,-10.500000000000009,-33.67613805695952
2,60.0,80.0,-10.0,136,2032190601,-1.3072651221900173,0.49999999999999434,-2.1761380569595175
2,60.0,80.0,-10.0,137,2032190601,-3.807265122190003,-0.9999999999999887,1.323861943040481
2,60.0,80.0,-10.0,138,2032190601,-1.0072651221900202,-3.500000000000011,-2.1761380569595175
2,60.0,80.0,-10.0,139,2032190601,-24.407265122189926,32.500000000000014,-80.67613805695953
2,60.0,80.0,-10.0,140,2032190601,56.69273487780977,-10.500000000000009,-57.17613805695952
2,60.0,80.0,-10.0,141,2032190601,2.292734877809977,1.5000000000000084,-0.6761380569595218
2,60.0,80.0,-10.0,142,2032190601,-27.10726512218993,6.500000000000003,-0.6761380569595218
2,60.0,80.0,-10.0,143,2032190601,128.89273487780952,75.00000000000001,-52.67613805695952
2,60.0,80.0,-10.0,144,2032190601,2.6927348778099685,-2.0000000000000027,0.3238619430404796
2,60.0,80.0,-10.0,145,2032190601,2.49273487780998,2.9999999999999916,-0.17613805695952112
2,60.0,80.0,-10.0,146,2032190601,-2.4072651221900117,2.0000000000000027,2.3238619430404825
2,60.0,80.0,-10.0,147,2032190601,2.592734877809974,2.4999999999999973,-1.6761380569595232
2,60.0,80.0,-10.0,148,2032190601,150.89273487780946,71.50000000000003,-50.67613805695952
2,60.0,80.0,-10.0,149,2032190601,65.79273487780974,58.50000000000003,-21.67613805695952
2,60.0,80.0,-10.0,150,2032190601,-43.70726512218987,-8.500000000000005,-3.6761380569595197
2,60.0,80.0,-10.0,151,2032190601,40.99273487780984,-56.5,5.823861943040481
2,60.0,80.0,-10.0,152,2032190601,-4.307265122190003,2.0000000000000027,-3.6761380569595197
2,60.0,80.0,-10.0,153,2032190601,-77.50726512218975,-66.5,-23.176138056959523
2,60.0,80.0,-10.0,154,2032190601,-2.707265122190009,0.0,0.8238619430404803
2,60.0,80.0,-10.0,155,2032190601,-1.3072651221900173,1.5000000000000084,2.8238619430404768
2,60.0,80.0,-10.0,156,2032190601,2.3927348778099713,-4.5,1.323861943040481
2,60.0,80.0,-10.0,157,2032190601,-84.00726512218972,31.999999999999993,-108.67613805695953
2,60.0,80.0,-10.0,158,2032190601,-3.4072651221900117,-2.4999999999999973,3.823861943040478
2,60.0,80.0,-10.0,159,2032190601,4.392734877809971,0.9999999999999887,1.8238619430404817
2,60.0,80.0,-10.0,160,2032190601,-0.30726512219001734,2.9999999999999916,0.8238619430404803
2,60.0,80.0,-10.0,161,2032190601,-0.007265122190020179,-2.0000000000000027,-0.17613805695952112
2,60.0,80.0,-10.0,162,2032190601,-1.0072651221900202,-2.4999999999999973,1.323861943040481
2,60.0,80.0,-10.0,163,2032190601,100.49273487780964,90.0,24.823861943040477
2,60.0,80.0,-10.0,164,2032190601,-1.2072651221900088,0.9999999999999887,-1.1761380569595226
2,60.0,80.0,-10.0,165,2032190601,-35.607265122189894,5.4999999999999885,26.323861943040484
2,60.0,80.0,-10.0,166,2032190601,-28.907265122189912,70.49999999999999,-38.17613805695952
2,60.0,80.0,-10.0,167,2032190601,64.99273487780975,73.50000000000001,-33.17613805695952
2,60.0,80.0,-10.0,168,2032190601,4.092734877809974,0.0,-1.1761380569595226
2,60.0,80.0,-10.0,169,2032190601,-0.007265122190020179,-1.5000000000000084,-0.17613805695952112
2,60.0,80.0,-10.0,170,2032190601,5.6927348778099685,0.9999999999999887,0.8238619430404803
2,60.0,80.0,-10.0,171,2032190601,67.79273487780974,-4.000000000000005,-49.67613805695952
2,60.0,80.0,-10.0,172,2032190601,1.6927348778099685,0.9999999999999887,-5.1761380569595214
2,60.0,80.0,-10.0,173,2032190601,0.792734877809977,-0.49999999999999434,1.323861943040481
2,60.0,80.0,-10.0,174,2032190601,-0.8072651221900173,-2.4999999999999973,-0.17613805695952112
2,60.0,80.0,-10.0,175,2032190601,0.8927348778099855,0.0,-0.6761380569595218
2,60.0,80.0,-10.0,176,2032190601,-3.4072651221900117,-0.49999999999999434,-0.17613805695952112
2,60.0,80.0,-10.0,177,2032190601,20.792734877809906,49.49999999999997,-111.17613805695953
2,60.0,80.0,-10.0,178,2032190601,91.09273487780966,-56.0,-66.67613805695952
2,60.0,80.0,-10.0,179,2032190601,137.39273487780952,-65.5,-23.676138056959523
2,60.0,80.0,-10.0,180,2032190601,40.39273487780984,73.50000000000001,36.323861943040484
2,60.0,80.0,-10.0,181,2032190601,140.0927348778095,-45.49999999999999,-67.17613805695953
2,60.0,80.0,-10.0,182,2032190601,-10.407265122189983,-5.4999999999999885,0.3238619430404796
2,60.0,80.0,-10.0,183,2032190601,-1.2072651221900088,1.5000000000000084,-5.1761380569595214
2,60.0,80.0,-10.0,184,2032190601,-5.307265122190003,-1.5000000000000084,1.323861943040481
2,60.0,80.0,-10.0,185,2032190601,-71.10726512218977,-8.00000000000001,-23.176138056959523
2,60.0,80.0,-10.0,186,2032190601,6.892734877809957,-2.9999999999999916,-1.1761380569595226
2,60.0,80.0,-10.0,187,2032190601,23.8927348778099,29.999999999999993,-88.17613805695952
2,60.0,80.0,-10.0,188,2032190601,3.4927348778099656,0.0,-0.17613805695952112
2,60.0,80.0,-10.0,189,2032190601,0.792734877809977,-0.9999999999999887,2.8238619430404768
2,60.0,80.0,-10.0,190,2032190601,95.09273487780963,22.999999999999993,-4.6761380569595214
2,60.0,80.0,-10.0,191,2032190601,-0.9072651221900117,0.0,-2.6761380569595183
2,60.0,80.0,-10.0,192,2032190601,108.1927348778096,-53.50000000000001,-34.676138056959516
2,60.0,80.0,-10.0,193,2032190601,-1.7072651221900088,1.5000000000000084,0.8238619430404803
2,60.0,80.0,-10.0,194,2032190601,-26.60726512218993,20.000000000000004,-91.67613805695953
2,60.0,80.0,-10.0,195,2032190601,1.4927348778099798,0.49999999999999434,2.8238619430404768
2,60.0,80.0,-10.0,196,2032190601,-30.107265122189915,90.0,-81.67613805695952
2,60.0,80.0,-10.0,197,2032190601,-1.1072651221900145,0.49999999999999434,-1.6761380569595232
2,60.0,80.0,-10.0,198,2032190601,-64.30726512218979,15.000000000000009,-55.676138056959516
2,60.0,80.0,-10.0,199,2032190601,136.99273487780948,-90.0,-51.176138056959516
2,60.0,80.0,-5.0,0,2032190602,1.3927348778099713,0.0,0.3238619430404796
2,60.0,80.0,-5.0,1,2032190602,-1.8072651221900173,-0.49999999999999434,-0.17613805695952112
2,60.0,80.0,-5.0,2,2032190602,1.0927348778099741,-0.49999999999999434,-1.1761380569595226
2,60.0,80.0,-5.0,3,2032190602,-0.6072651221900145,0.0,0.8238619430404803
2,60.0,80.0,-5.0,4,2032190602,1.292734877809977,0.49999999999999434,-1.1761380569595226
2,60.0,80.0,-5.0,5,2032190602,0.292734877809977,0.49999999999999434,2.8238619430404768
2,60.0,80.0,-5.0,6,2032190602,-0.8072651221900173,0.0,-0.6761380569595218
2,60.0,80.0,-5.0,7,2032190602,-52.10726512218983,19.500000000000007,-29.67613805695952
2,60.0,80.0,-5.0,8,2032190602,0.3927348778099855,-0.49999999999999434,-0.6761380569595218
2,60.0,80.0,-5.0,9,2032190602,2.1927348778099685,0.0,-0.17613805695952112
2,60.0,80.0,-5.0,10,2032190602,-1.2072651221900088,-0.9999999999999887,-1.1761380569595226
2,60.0,80.0,-5.0,11,2032190602,1.8927348778099713,0.0,-2.1761380569595175
2,60.0,80.0,-5.0,12,2032190602,0.792734877809977,0.49999999999999434,-0.6761380569595218
2,60.0,80.0,-5.0,13,2032190602,6.392734877809957,-1.5000000000000084,-1.6761380569595232
2,60.0,80.0,-5.0,14,2032190602,0.5927348778099741,-0.49999999999999434,0.3238619430404796
2,60.0,80.0,-5.0,15,2032190602,1.0927348778099741,1.5000000000000084,0.3238619430404796
2,60.0,80.0,-5.0,16,2032190602,-1.4072651221900117,2.4999999999999973,-0.6761380569595218
2,60.0,80.0,-5.0,17,2032190602,-5.207265122189995,0.49999999999999434,-2.6761380569595183
2,60.0,80.0,-5.0,18,2032190602,1.3927348778099713,-0.9999999999999887,-0.17613805695952112
2,60.0,80.0,-5.0,19,2032190602,0.19273487780998266,2.0000000000000027,-0.6761380569595218
2,60.0,80.0,-5.0,20,2032190602,1.792734877809977,0.9999999999999887,-1.6761380569595232
2,60.0,80.0,-5.0,21,2032190602,0.4927348778099798,0.0,-2.1761380569595175
2,60.0,80.0,-5.0,22,2032190602,1.4927348778099798,-0.9999999999999887,0.8238619430404803
2,60.0,80.0,-5.0,23,2032190602,2.092734877809974,0.49999999999999434,0.8238619430404803
2,60.0,80.0,-5.0,24,2032190602,0.8927348778099855,-0.49999999999999434,0.8238619430404803
2,60.0,80.0,-5.0,25,2032190602,-1.6072651221900145,0.49999999999999434,0.8238619430404803
2,60.0,80.0,-5.0,26,2032190602,-4.207265122190009,0.49999999999999434,2.3238619430404825
2,60.0,80.0,-5.0,27,2032190602,1.1927348778099827,-0.9999999999999887,0.8238619430404803
2,60.0,80.0,-5.0,28,2032190602,6.09273487780996,0.9999999999999887,-2.1761380569595175
2,60.0,80.0,-5.0,29,2032190602,2.792734877809977,2.0000000000000027,1.323861943040481
2,60.0,80.0,-5.0,30,2032190602,6.392734877809957,0.49999999999999434,0.3238619430404796
2,60.0,80.0,-5.0,31,2032190602,-3.1072651221900145,-1.5000000000000084,-2.1761380569595175
2,60.0,80.0,-5.0,32,2032190602,-0.9072651221900117,-0.9999999999999887,1.323861943040481
2,60.0,80.0,-5.0,33,2032190602,-3.4072651221900117,-2.0000000000000027,-1.1761380569595226
2,60.0,80.0,-5.0,34,2032190602,6.09273487780996,0.9999999999999887,0.3238619430404796
2,60.0,80.0,-5.0,35,2032190602,-1.9072651221900117,-0.49999999999999434,-0.6761380569595218
2,60.0,80.0,-5.0,36,2032190602,1.1927348778099827,-0.49999999999999434,-0.17613805695952112
2,60.0,80.0,-5.0,37,2032190602,4.992734877809966,0.9999999999999887,2.8238619430404768
2,60.0,80.0,-5.0,38,2032190602,2.592734877809974,-0.49999999999999434,-1.1761380569595226
2,60.0,80.0,-5.0,39,2032190602,3.3927348778099713,0.0,-2.1761380569595175
2,60.0,80.0,-5.0,40,2032190602,2.292734877809977,-0.49999999999999434,-1.1761380569595226
2,60.0,80.0,-5.0,41,2032190602,0.292734877809977,0.0,-1.6761380569595232
2,60.0,80.0,-5.0,42,2032190602,3.4927348778099656,1.5000000000000084,-1.1761380569595226
2,60.0,80.0,-5.0,43,2032190602,-0.30726512219001734,-0.49999999999999434,-0.6761380569595218
2,60.0,80.0,-5.0,44,2032190602,1.1927348778099827,0.0,0.3238619430404796
2,60.0,80.0,-5.0,45,2032190602,1.292734877809977,-0.49999999999999434,-0.17613805695952112
2,60.0,80.0,-5.0,46,2032190602,0.292734877809977,2.4999999999999973,-0.17613805695952112
2,60.0,80.0,-5.0,47,2032190602,0.4927348778099798,-2.0000000000000027,0.3238619430404796
2,60.0,80.0,-5.0,48,2032190602,2.8927348778099713,-0.9999999999999887,0.8238619430404803
2,60.0,80.0,-5.0,49,2032190602,2.1927348778099685,1.5000000000000084,-2.6761380569595183
2,60.0,80.0,-5.0,50,2032190602,3.8927348778099713,0.0,0.3238619430404796
2,60.0,80.0,-5.0,51,2032190602,4.1927348778099685,-0.9999999999999887,-0.17613805695952112
2,60.0,80.0,-5.0,52,2032190602,-2.307265122190003,0.9999999999999887,-0.17613805695952112
2,60.0,80.0,-5.0,53,2032190602,-0.007265122190020179,-0.49999999999999434,1.8238619430404817
2,60.0,80.0,-5.0,54,2032190602,-2.707265122190009,-0.49999999999999434,-0.6761380569595218
2,60.0,80.0,-5.0,55,2032190602,0.3927348778099855,2.0000000000000027,0.8238619430404803
2,60.0,80.0,-5.0,56,2032190602,0.292734877809977,-0.49999999999999434,0.3238619430404796
2,60.0,80.0,-5.0,57,2032190602,0.6927348778099827,0.9999999999999887,3.3238619430404777
2,60.0,80.0,-5.0,58,2032190602,-1.0072651221900202,-1.5000000000000084,-0.6761380569595218
2,60.0,80.0,-5.0,59,2032190602,-2.507265122190006,-0.9999999999999887,0.8238619430404803
2,60.0,80.0,-5.0,60,2032190602,1.292734877809977,0.49999999999999434,0.8238619430404803
2,60.0,80.0,-5.0,61,2032190602,-1.1072651221900145,-0.9999999999999887,-0.17613805695952112
2,60.0,80.0,-5.0,62,2032190602,0.6927348778099827,-2.4999999999999973,-0.17613805695952112
2,60.0,80.0,-5.0,63,2032190602,4.392734877809971,-0.9999999999999887,-0.17613805695952112
2,60.0,80.0,-5.0,64,2032190602,-3.1072651221900145,-0.49999999999999434,0.3238619430404796
2,60.0,80.0,-5.0,65,2032190602,-3.4072651221900117,1.5000000000000084,0.8238619430404803
2,60.0,80.0,-5.0,66,2032190602,-1.7072651221900088,-2.9999999999999916,1.8238619430404817
2,60.0,80.0,-5.0,67,2032190602,2.292734877809977,-2.0000000000000027,-1.1761380569595226
2,60.0,80.0,-5.0,68,2032190602,-2.507265122190006,-0.9999999999999887,-2.6761380569595183
2,60.0,80.0,-5.0,69,2032190602,2.792734877809977,-2.0000000000000027,1.8238619430404817
2,60.0,80.0,-5.0,70,2032190602,0.4927348778099798,0.0,-0.17613805695952112
2,60.0,80.0,-5.0,71,2032190602,-0.30726512219001734,0.0,0.8238619430404803
2,60.0,80.0,-5.0,72,2032190602,3.092734877809974,-0.49999999999999434,0.3238619430404796
2,60.0,80.0,-5.0,73,2032190602,-0.6072651221900145,-1.5000000000000084,-0.17613805695952112
2,60.0,80.0,-5.0,74,2032190602,-2.707265122190009,2.0000000000000027,-0.6761380569595218
2,60.0,80.0,-5.0,75,2032190602,3.1927348778099685,2.9999999999999916,-1.1761380569595226
2,60.0,80.0,-5.0,76,2032190602,-3.6072651221900003,-1.5000000000000084,-0.17613805695952112
2,60.0,80.0,-5.0,77,2032190602,8.892734877809957,0.49999999999999434,-2.6761380569595183
2,60.0,80.0,-5.0,78,2032190602,-0.007265122190020179,-0.49999999999999434,0.3238619430404796
2,60.0,80.0,-5.0,79,2032190602,4.292734877809963,0.49999999999999434,1.323861943040481
2,60.0,80.0,-5.0,80,2032190602,1.9927348778099798,0.49999999999999434,0.3238619430404796
2,60.0,80.0,-5.0,81,2032190602,-2.507265122190006,0.0,-0.6761380569595218
2,60.0,80.0,-5.0,82,2032190602,7.392734877809957,-0.9999999999999887,-1.1761380569595226
2,60.0,80.0,-5.0,83,2032190602,0.8927348778099855,0.9999999999999887,0.8238619430404803
2,60.0,80.0,-5.0,84,2032190602,26.59273487780989,38.0,38.823861943040484
2,60.0,80.0,-5.0,85,2032190602,0.4927348778099798,0.9999999999999887,-1.1761380569595226
2,60.0,80.0,-5.0,86,2032190602,-2.4072651221900117,0.49999999999999434,0.3238619430404796
2,60.0,80.0,-5.0,87,2032190602,0.3927348778099855,-0.49999999999999434,-0.6761380569595218
2,60.0,80.0,-5.0,88,2032190602,0.8927348778099855,-2.4999999999999973,0.8238619430404803
2,60.0,80.0,-5.0,89,2032190602,1.9927348778099798,-1.5000000000000084,1.323861943040481
2,60.0,80.0,-5.0,90,2032190602,-4.60726512219,-1.5000000000000084,2.3238619430404825
2,60.0,80.0,-5.0,91,2032190602,0.4927348778099798,2.0000000000000027,0.3238619430404796
2,60.0,80.0,-5.0,92,2032190602,0.19273487780998266,-0.49999999999999434,1.323861943040481
2,60.0,80.0,-5.0,93,2032190602,-0.7072651221900088,-0.49999999999999434,3.3238619430404777
2,60.0,80.0,-5.0,94,2032190602,-6.207265122189995,-0.49999999999999434,-0.17613805695952112
2,60.0,80.0,-5.0,95,2032190602,5.292734877809963,0.9999999999999887,0.8238619430404803
2,60.0,80.0,-5.0,96,2032190602,2.292734877809977,-0.49999999999999434,0.8238619430404803
2,60.0,80.0,-5.0,97,2032190602,-4.807265122190003,0.0,-0.17613805695952112
2,60.0,80.0,-5.0,98,2032190602,-1.0072651221900202,-1.5000000000000084,0.8238619430404803
2,60.0,80.0,-5.0,99,2032190602,-1.5072651221900202,-0.49999999999999434,-0.17613805695952112
2,60.0,80.0,-5.0,100,2032190602,100.49273487780964,1.5000000000000084,-4.6761380569595214
2,60.0,80.0,-5.0,101,2032190602,0.6927348778099827,-0.9999999999999887,-1.1761380569595226
2,60.0,80.0,-5.0,102,2032190602,3.4927348778099656,-2.4999999999999973,-0.6761380569595218
2,60.0,80.0,-5.0,103,2032190602,-3.707265122190009,0.9999999999999887,-2.6761380569595183
2,60.0,80.0,-5.0,104,2032190602,-2.4072651221900117,0.9999999999999887,-2.6761380569595183
2,60.0,80.0,-5.0,105,2032190602,-0.1072651221900145,-0.9999999999999887,0.3238619430404796
2,60.0,80.0,-5.0,106,2032190602,-0.007265122190020179,0.0,-0.17613805695952112
2,60.0,80.0,-5.0,107,2032190602,-2.007265122190006,0.49999999999999434,1.323861943040481
2,60.0,80.0,-5.0,108,2032190602,-1.6072651221900145,0.49999999999999434,1.323861943040481
2,60.0,80.0,-5.0,109,2032190602,-3.1072651221900145,0.49999999999999434,0.3238619430404796
2,60.0,80.0,-5.0,110,2032190602,-2.4072651221900117,0.9999999999999887,0.8238619430404803
2,60.0,80.0,-5.0,111,2032190602,1.292734877809977,-2.4999999999999973,-0.17613805695952112
2,60.0,80.0,-5.0,112,2032190602,0.6927348778099827,-0.9999999999999887,0.8238619430404803
2,60.0,80.0,-5.0,113,2032190602,1.0927348778099741,-0.49999999999999434,-0.17613805695952112
2,60.0,80.0,-5.0,114,2032190602,-2.207265122190009,0.49999999999999434,-1.6761380569595232
2,60.0,80.0,-5.0,115,2032190602,-1.7072651221900088,1.5000000000000084,-0.6761380569595218
2,60.0,80.0,-5.0,116,2032190602,-1.1072651221900145,0.9999999999999887,1.8238619430404817
2,60.0,80.0,-5.0,117,2032190602,-5.207265122189995,0.0,-0.6761380569595218
2,60.0,80.0,-5.0,118,2032190602,3.4927348778099656,0.9999999999999887,-0.6761380569595218
2,60.0,80.0,-5.0,119,2032190602,-3.007265122190006,0.9999999999999887,-0.6761380569595218
2,60.0,80.0,-5.0,120,2032190602,-2.6072651221900145,-0.49999999999999434,2.3238619430404825
2,60.0,80.0,-5.0,121,2032190602,-1.0072651221900202,0.49999999999999434,-0.6761380569595218
2,60.0,80.0,-5.0,122,2032190602,-1.2072651221900088,1.5000000000000084,-0.6761380569595218
2,60.0,80.0,-5.0,123,2032190602,1.1927348778099827,1.5000000000000084,-1.1761380569595226
2,60.0,80.0,-5.0,124,2032190602,0.5927348778099741,0.0,0.3238619430404796
2,60.0,80.0,-5.0,125,2032190602,-0.1072651221900145,0.49999999999999434,1.8238619430404817
2,60.0,80.0,-5.0,126,2032190602,-0.20726512219002302,-0.49999999999999434,1.323861943040481
2,60.0,80.0,-5.0,127,2032190602,-0.7072651221900088,0.49999999999999434,-0.6761380569595218
2,60.0,80.0,-5.0,128,2032190602,1.0927348778099741,-1.5000000000000084,-0.17613805695952112
2,60.0,80.0,-5.0,129,2032190602,-1.8072651221900173,-0.49999999999999434,-1.1761380569595226
2,60.0,80.0,-5.0,130,2032190602,-2.307265122190003,0.9999999999999887,2.8238619430404768
2,60.0,80.0,-5.0,131,2032190602,-0.8072651221900173,0.9999999999999887,3.823861943040478
2,60.0,80.0,-5.0,132,2032190602,-0.1072651221900145,0.9999999999999887,1.323861943040481
2,60.0,80.0,-5.0,133,2032190602,-5.707265122189995,0.0,0.8238619430404803
2,60.0,80.0,-5.0,134,2032190602,0.292734877809977,0.9999999999999887,1.8238619430404817
2,60.0,80.0,-5.0,135,2032190602,-0.7072651221900088,0.49999999999999434,-0.17613805695952112
2,60.0,80.0,-5.0,136,2032190602,2.292734877809977,-0.9999999999999887,-0.6761380569595218
2,60.0,80.0,-5.0,137,2032190602,2.8927348778099713,0.0,-0.17613805695952112
2,60.0,80.0,-5.0,138,2032190602,-3.6072651221900003,0.49999999999999434,0.3238619430404796
2,60.0,80.0,-5.0,139,2032190602,0.09273487780997414,-0.9999999999999887,1.8238619430404817
2,60.0,80.0,-5.0,140,2032190602,-1.8072651221900173,-1.5000000000000084,0.8238619430404803
2,60.0,80.0,-5.0,141,2032190602,2.292734877809977,-0.49999999999999434,-0.17613805695952112
2,60.0,80.0,-5.0,142,2032190602,-1.1072651221900145,0.0,-0.6761380569595218
2,60.0,80.0,-5.0,143,2032190602,-1.1072651221900145,0.0,0.8238619430404803
2,60.0,80.0,-5.0,144,2032190602,2.792734877809977,-1.5000000000000084,0.8238619430404803
2,60.0,80.0,-5.0,145,2032190602,-1.8072651221900173,-0.9999999999999887,0.3238619430404796
2,60.0,80.0,-5.0,146,2032190602,-0.5072651221900202,-0.49999999999999434,0.8238619430404803
2,60.0,80.0,-5.0,147,2032190602,1.1927348778099827,0.0,-0.17613805695952112
2,60.0,80.0,-5.0,148,2032190602,-0.1072651221900145,-0.49999999999999434,-0.6761380569595218
2,60.0,80.0,-5.0,149,2032190602,-1.2072651221900088,0.9999999999999887,0.3238619430404796
2,60.0,80.0,-5.0,150,2032190602,-2.807265122190003,0.49999999999999434,1.8238619430404817
2,60.0,80.0,-5.0,151,2032190602,0.4927348778099798,0.0,2.3238619430404825
2,60.0,80.0,-5.0,152,2032190602,-2.6072651221900145,2.0000000000000027,-0.6761380569595218
2,60.0,80.0,-5.0,153,2032190602,0.6927348778099827,-2.0000000000000027,0.3238619430404796
2,60.0,80.0,-5.0,154,2032190602,0.19273487780998266,0.0,0.3238619430404796
2,60.0,80.0,-5.0,155,2032190602,3.592734877809974,-2.4999999999999973,1.323861943040481
2,60.0,80.0,-5.0,156,2032190602,5.59273487780996,1.5000000000000084,-1.1761380569595226
2,60.0,80.0,-5.0,157,2032190602,-5.507265122189992,1.5000000000000084,-0.17613805695952112
2,60.0,80.0,-5.0,158,2032190602,-2.9072651221900117,-0.9999999999999887,-1.1761380569595226
2,60.0,80.0,-5.0,159,2032190602,-2.307265122190003,-0.9999999999999887,0.3238619430404796
2,60.0,80.0,-5.0,160,2032190602,2.49273487780998,-3.500000000000011,-1.1761380569595226
2,60.0,80.0,-5.0,161,2032190602,-2.507265122190006,-0.9999999999999887,-0.17613805695952112
2,60.0,80.0,-5.0,162,2032190602,2.292734877809977,-0.49999999999999434,-1.6761380569595232
2,60.0,80.0,-5.0,163,2032190602,-3.4072651221900117,0.0,0.8238619430404803
2,60.0,80.0,-5.0,164,2032190602,0.8927348778099855,0.49999999999999434,-0.6761380569595218
2,60.0,80.0,-5.0,165,2032190602,0.792734877809977,0.49999999999999434,0.8238619430404803
2,60.0,80.0,-5.0,166,2032190602,1.3927348778099713,1.5000000000000084,-0.17613805695952112
2,60.0,80.0,-5.0,167,2032190602,-0.9072651221900117,-0.9999999999999887,-1.1761380569595226
2,60.0,80.0,-5.0,168,2032190602,5.1927348778099685,0.0,-1.1761380569595226
2,60.0,80.0,-5.0,169,2032190602,-1.0072651221900202,-1.5000000000000084,0.8238619430404803
2,60.0,80.0,-5.0,170,2032190602,1.792734877809977,0.9999999999999887,2.3238619430404825
2,60.0,80.0,-5.0,171,2032190602,-1.6072651221900145,0.49999999999999434,-0.17613805695952112
2,60.0,80.0,-5.0,172,2032190602,-3.6072651221900003,-2.0000000000000027,2.8238619430404768
2,60.0,80.0,-5.0,173,2032190602,-0.9072651221900117,0.9999999999999887,-0.17613805695952112
2,60.0,80.0,-5.0,174,2032190602,6.992734877809951,-0.9999999999999887,0.8238619430404803
2,60.0,80.0,-5.0,175,2032190602,-1.7072651221900088,-0.49999999999999434,0.3238619430404796
2,60.0,80.0,-5.0,176,2032190602,1.1927348778099827,0.49999999999999434,2.8238619430404768
2,60.0,80.0,-5.0,177,2032190602,-1.0072651221900202,-1.5000000000000084,-1.1761380569595226
2,60.0,80.0,-5.0,178,2032190602,5.59273487780996,-0.49999999999999434,1.323861943040481
2,60.0,80.0,-5.0,179,2032190602,3.3927348778099713,0.9999999999999887,-1.1761380569595226
2,60.0,80.0,-5.0,180,2032190602,-1.5072651221900202,-0.9999999999999887,-0.17613805695952112
2,60.0,80.0,-5.0,181,2032190602,-0.20726512219002302,0.49999999999999434,-0.17613805695952112
2,60.0,80.0,-5.0,182,2032190602,3.1927348778099685,0.0,0.3238619430404796
2,60.0,80.0,-5.0,183,2032190602,-1.4072651221900117,4.000000000000005,0.3238619430404796
2,60.0,80.0,-5.0,184,2032190602,3.1927348778099685,0.0,-2.1761380569595175
2,60.0,80.0,-5.0,185,2032190602,-4.907265122189997,0.0,2.8238619430404768
2,60.0,80.0,-5.0,186,2032190602,-1.0072651221900202,-0.49999999999999434,-0.6761380569595218
2,60.0,80.0,-5.0,187,2032190602,1.0927348778099741,0.9999999999999887,0.8238619430404803
2,60.0,80.0,-5.0,188,2032190602,0.292734877809977,-0.9999999999999887,1.323861943040481
2,60.0,80.0,-5.0,189,2032190602,-0.20726512219002302,0.0,-0.6761380569595218
2,60.0,80.0,-5.0,190,2032190602,-1.9072651221900117,0.0,-1.1761380569595226
2,60.0,80.0,-5.0,191,2032190602,-1.4072651221900117,-0.9999999999999887,-2.1761380569595175
2,60.0,80.0,-5.0,192,2032190602,-0.1072651221900145,0.0,-1.1761380569595226
2,60.0,80.0,-5.0,193,2032190602,-0.8072651221900173,-2.0000000000000027,0.3238619430404796
2,60.0,80.0,-5.0,194,2032190602,-0.8072651221900173,0.0,-0.6761380569595218
2,60.0,80.0,-5.0,195,2032190602,1.792734877809977,-0.49999999999999434,-0.17613805695952112
2,60.0,80.0,-5.0,196,2032190602,2.292734877809977,-0.49999999999999434,0.8238619430404803
2,60.0,80.0,-5.0,197,2032190602,5.1927348778099685,2.0000000000000027,-1.1761380569595226
2,60.0,80.0,-5.0,198,2032190602,-0.8072651221900173,0.0,0.3238619430404796
2,60.0,80.0,-5.0,199,2032190602,0.3927348778099855,0.49999999999999434,-0.17613805695952112
2,60.0,80.0,0.0,0,2032190603,-0.30726512219001734,-0.49999999999999434,-0.6761380569595218
2,60.0,80.0,0.0,1,2032190603,0.292734877809977,-0.49999999999999434,0.3238619430404796
2,60.0,80.0,0.0,2,2032190603,-0.8072651221900173,-0.49999999999999434,-0.6761380569595218
2,60.0,80.0,0.0,3,2032190603,0.3927348778099855,0.49999999999999434,-0.6761380569595218
2,60.0,80.0,0.0,4,2032190603,-2.007265122190006,0.0,-0.17613805695952112
2,60.0,80.0,0.0,5,2032190603,1.0927348778099741,0.0,-0.17613805695952112
2,60.0,80.0,0.0,6,2032190603,-0.40726512219001165,-0.49999999999999434,0.8238619430404803
2,60.0,80.0,0.0,7,2032190603,0.3927348778099855,0.49999999999999434,0.8238619430404803
2,60.0,80.0,0.0,8,2032190603,-0.20726512219002302,0.0,0.3238619430404796
2,60.0,80.0,0.0,9,2032190603,0.292734877809977,0.0,0.8238619430404803
2,60.0,80.0,0.0,10,2032190603,0.792734877809977,-0.9999999999999887,-0.17613805695952112
2,60.0,80.0,0.0,11,2032190603,-0.1072651221900145,0.0,1.323861943040481
2,60.0,80.0,0.0,12,2032190603,-0.30726512219001734,0.9999999999999887,0.3238619430404796
2,60.0,80.0,0.0,13,2032190603,2.092734877809974,0.49999999999999434,-0.17613805695952112
2,60.0,80.0,0.0,14,2032190603,-0.20726512219002302,0.0,-0.6761380569595218
2,60.0,80.0,0.0,15,2032190603,-1.2072651221900088,0.0,0.3238619430404796
2,60.0,80.0,0.0,16,2032190603,-0.007265122190020179,0.49999999999999434,0.3238619430404796
2,60.0,80.0,0.0,17,2032190603,-0.1072651221900145,0.9999999999999887,-0.17613805695952112
2,60.0,80.0,0.0,18,2032190603,2.1927348778099685,0.9999999999999887,0.8238619430404803
2,60.0,80.0,0.0,19,2032190603,0.09273487780997414,-0.9999999999999887,0.3238619430404796
2,60.0,80.0,0.0,20,2032190603,1.5927348778099741,0.49999999999999434,0.8238619430404803
2,60.0,80.0,0.0,21,2032190603,1.1927348778099827,0.49999999999999434,-0.17613805695952112
2,60.0,80.0,0.0,22,2032190603,0.5927348778099741,-0.49999999999999434,-0.17613805695952112
2,60.0,80.0,0.0,23,2032190603,0.292734877809977,1.5000000000000084,1.8238619430404817
2,60.0,80.0,0.0,24,2032190603,-0.5072651221900202,0.0,0.3238619430404796
2,60.0,80.0,0.0,25,2032190603,0.9927348778099798,-0.49999999999999434,0.8238619430404803
2,60.0,80.0,0.0,26,2032190603,-0.1072651221900145,0.0,-1.1761380569595226
2,60.0,80.0,0.0,27,2032190603,0.09273487780997414,0.0,0.3238619430404796
2,60.0,80.0,0.0,28,2032190603,-0.007265122190020179,-0.49999999999999434,-0.6761380569595218
2,60.0,80.0,0.0,29,2032190603,-1.3072651221900173,0.9999999999999887,1.323861943040481
2,60.0,80.0,0.0,30,2032190603,0.8927348778099855,-0.49999999999999434,-1.6761380569595232
2,60.0,80.0,0.0,31,2032190603,-0.007265122190020179,-0.9999999999999887,-0.6761380569595218
2,60.0,80.0,0.0,32,2032190603,0.5927348778099741,0.9999999999999887,-0.17613805695952112
2,60.0,80.0,0.0,33,2032190603,-1.4072651221900117,0.0,-0.17613805695952112
2,60.0,80.0,0.0,34,2032190603,-1.1072651221900145,-0.49999999999999434,-0.6761380569595218
2,60.0,80.0,0.0,35,2032190603,1.0927348778099741,0.9999999999999887,0.3238619430404796
2,60.0,80.0,0.0,36,2032190603,0.792734877809977,-0.49999999999999434,-0.6761380569595218
2,60.0,80.0,0.0,37,2032190603,0.9927348778099798,0.0,-0.17613805695952112
2,60.0,80.0,0.0,38,2032190603,-0.20726512219002302,0.49999999999999434,-0.17613805695952112
2,60.0,80.0,0.0,39,2032190603,-0.1072651221900145,0.9999999999999887,0.3238619430404796
2,60.0,80.0,0.0,40,2032190603,2.6927348778099685,0.49999999999999434,-0.17613805695952112
2,60.0,80.0,0.0,41,2032190603,-2.6072651221900145,-0.49999999999999434,0.3238619430404796
2,60.0,80.0,0.0,42,2032190603,-1.9072651221900117,0.9999999999999887,0.8238619430404803
2,60.0,80.0,0.0,43,2032190603,-1.5072651221900202,0.9999999999999887,0.3238619430404796
2,60.0,80.0,0.0,44,2032190603,-1.5072651221900202,0.0,-0.17613805695952112
2,60.0,80.0,0.0,45,2032190603,0.19273487780998266,0.0,0.3238619430404796
2,60.0,80.0,0.0,46,2032190603,-1.0072651221900202,-1.5000000000000084,-0.6761380569595218
2,60.0,80.0,0.0,47,2032190603,1.0927348778099741,0.9999999999999887,0.3238619430404796
2,60.0,80.0,0.0,48,2032190603,1.9927348778099798,0.49999999999999434,-0.6761380569595218
2,60.0,80.0,0.0,49,2032190603,1.9927348778099798,0.0,0.3238619430404796
2,60.0,80.0,0.0,50,2032190603,-0.30726512219001734,0.49999999999999434,-0.17613805695952112
2,60.0,80.0,0.0,51,2032190603,0.4927348778099798,-0.49999999999999434,1.323861943040481
2,60.0,80.0,0.0,52,2032190603,-1.1072651221900145,0.9999999999999887,-0.6761380569595218
2,60.0,80.0,0.0,53,2032190603,-1.8072651221900173,0.49999999999999434,-0.17613805695952112
2,60.0,80.0,0.0,54,2032190603,0.09273487780997414,-0.49999999999999434,-2.1761380569595175
2,60.0,80.0,0.0,55,2032190603,-1.2072651221900088,-1.5000000000000084,-1.1761380569595226
2,60.0,80.0,0.0,56,2032190603,-2.007265122190006,0.0,0.8238619430404803
2,60.0,80.0,0.0,57,2032190603,0.292734877809977,0.0,0.3238619430404796
2,60.0,80.0,0.0,58,2032190603,-1.7072651221900088,0.0,-0.6761380569595218
2,60.0,80.0,0.0,59,2032190603,-0.1072651221900145,-0.49999999999999434,-0.17613805695952112
2,60.0,80.0,0.0,60,2032190603,-1.5072651221900202,0.0,-1.1761380569595226
2,60.0,80.0,0.0,61,2032190603,-2.6072651221900145,0.0,-0.6761380569595218
2,60.0,80.0,0.0,62,2032190603,0.6927348778099827,0.9999999999999887,1.323861943040481
2,60.0,80.0,0.0,63,2032190603,-0.20726512219002302,0.0,0.8238619430404803
2,60.0,80.0,0.0,64,2032190603,1.5927348778099741,0.0,0.8238619430404803
2,60.0,80.0,0.0,65,2032190603,0.5927348778099741,-0.49999999999999434,0.3238619430404796
2,60.0,80.0,0.0,66,2032190603,-0.6072651221900145,0.9999999999999887,0.3238619430404796
2,60.0,80.0,0.0,67,2032190603,-0.8072651221900173,0.49999999999999434,0.3238619430404796
2,60.0,80.0,0.0,68,2032190603,0.3927348778099855,0.0,-0.6761380569595218
2,60.0,80.0,0.0,69,2032190603,1.792734877809977,0.49999999999999434,0.8238619430404803
2,60.0,80.0,0.0,70,2032190603,2.592734877809974,-0.49999999999999434,-0.17613805695952112
2,60.0,80.0,0.0,71,2032190603,1.792734877809977,-0.49999999999999434,0.3238619430404796
2,60.0,80.0,0.0,72,2032190603,0.792734877809977,0.49999999999999434,-0.17613805695952112
2,60.0,80.0,0.0,73,2032190603,-1.3072651221900173,0.49999999999999434,-0.17613805695952112
2,60.0,80.0,0.0,74,2032190603,-0.5072651221900202,0.49999999999999434,0.3238619430404796
2,60.0,80.0,0.0,75,2032190603,-0.9072651221900117,-0.49999999999999434,-0.17613805695952112
2,60.0,80.0,0.0,76,2032190603,-0.30726512219001734,-0.49999999999999434,0.3238619430404796
2,60.0,80.0,0.0,77,2032190603,-6.207265122189995,0.0,-0.17613805695952112
2,60.0,80.0,0.0,78,2032190603,-0.9072651221900117,-0.49999999999999434,1.323861943040481
2,60.0,80.0,0.0,79,2032190603,0.09273487780997414,0.49999999999999434,0.8238619430404803
2,60.0,80.0,0.0,80,2032190603,-0.6072651221900145,0.0,0.3238619430404796
2,60.0,80.0,0.0,81,2032190603,0.5927348778099741,0.0,0.8238619430404803
2,60.0,80.0,0.0,82,2032190603,-0.30726512219001734,-0.9999999999999887,-0.17613805695952112
2,60.0,80.0,0.0,83,2032190603,2.6927348778099685,0.0,0.8238619430404803
2,60.0,80.0,0.0,84,2032190603,-0.1072651221900145,0.49999999999999434,-0.17613805695952112
2,60.0,80.0,0.0,85,2032190603,-2.6072651221900145,-0.9999999999999887,0.3238619430404796
2,60.0,80.0,0.0,86,2032190603,0.4927348778099798,-0.9999999999999887,-0.6761380569595218
2,60.0,80.0,0.0,87,2032190603,-1.0072651221900202,-0.49999999999999434,-0.6761380569595218
2,60.0,80.0,0.0,88,2032190603,0.792734877809977,0.0,-0.6761380569595218
2,60.0,80.0,0.0,89,2032190603,-1.0072651221900202,0.49999999999999434,0.3238619430404796
2,60.0,80.0,0.0,90,2032190603,-2.1072651221900145,0.0,0.8238619430404803
2,60.0,80.0,0.0,91,2032190603,-0.40726512219001165,-0.9999999999999887,-0.17613805695952112
2,60.0,80.0,0.0,92,2032190603,0.9927348778099798,0.49999999999999434,-0.6761380569595218
2,60.0,80.0,0.0,93,2032190603,0.292734877809977,0.9999999999999887,0.8238619430404803
2,60.0,80.0,0.0,94,2032190603,0.5927348778099741,-2.0000000000000027,-1.1761380569595226
2,60.0,80.0,0.0,95,2032190603,-0.5072651221900202,0.0,-1.1761380569595226
2,60.0,80.0,0.0,96,2032190603,-1.3072651221900173,0.49999999999999434,0.8238619430404803
2,60.0,80.0,0.0,97,2032190603,1.3927348778099713,0.0,-0.17613805695952112
2,60.0,80.0,0.0,98,2032190603,1.1927348778099827,0.0,0.3238619430404796
2,60.0,80.0,0.0,99,2032190603,-0.20726512219002302,0.0,-0.17613805695952112
2,60.0,80.0,0.0,100,2032190603,-0.8072651221900173,-1.5000000000000084,0.3238619430404796
2,60.0,80.0,0.0,101,2032190603,-0.30726512219001734,-0.49999999999999434,-0.6761380569595218
2,60.0,80.0,0.0,102,2032190603,0.5927348778099741,0.49999999999999434,0.3238619430404796
2,60.0,80.0,0.0,103,2032190603,-0.40726512219001165,-0.9999999999999887,-0.6761380569595218
2,60.0,80.0,0.0,104,2032190603,2.49273487780998,0.49999999999999434,0.3238619430404796
2,60.0,80.0,0.0,105,2032190603,-1.1072651221900145,0.0,-1.6761380569595232
2,60.0,80.0,0.0,106,2032190603,2.092734877809974,-0.49999999999999434,-0.17613805695952112
2,60.0,80.0,0.0,107,2032190603,0.4927348778099798,-0.49999999999999434,0.3238619430404796
2,60.0,80.0,0.0,108,2032190603,-0.7072651221900088,0.0,0.3238619430404796
2,60.0,80.0,0.0,109,2032190603,0.09273487780997414,0.0,-0.6761380569595218
2,60.0,80.0,0.0,110,2032190603,0.5927348778099741,0.0,-0.6761380569595218
2,60.0,80.0,0.0,111,2032190603,-2.507265122190006,0.49999999999999434,-0.17613805695952112
2,60.0,80.0,0.0,112,2032190603,-0.20726512219002302,-0.49999999999999434,-0.6761380569595218
2,60.0,80.0,0.0,113,2032190603,2.9927348778099656,0.0,0.3238619430404796
2,60.0,80.0,0.0,114,2032190603,-0.007265122190020179,0.0,-0.17613805695952112
2,60.0,80.0,0.0,115,2032190603,3.592734877809974,1.5000000000000084,-0.17613805695952112
2,60.0,80.0,0.0,116,2032190603,-0.1072651221900145,0.0,-0.6761380569595218
2,60.0,80.0,0.0,117,2032190603,-1.9072651221900117,-0.49999999999999434,-0.6761380569595218
2,60.0,80.0,0.0,118,2032190603,0.292734877809977,0.49999999999999434,-0.17613805695952112
2,60.0,80.0,0.0,119,2032190603,1.292734877809977,1.5000000000000084,0.3238619430404796
2,60.0,80.0,0.0,120,2032190603,0.09273487780997414,0.0,0.3238619430404796
2,60.0,80.0,0.0,121,2032190603,1.3927348778099713,-0.9999999999999887,-0.17613805695952112
2,60.0,80.0,0.0,122,2032190603,1.3927348778099713,0.9999999999999887,1.323861943040481
2,60.0,80.0,0.0,123,2032190603,0.09273487780997414,-0.49999999999999434,1.323861943040481
2,60.0,80.0,0.0,124,2032190603,-1.5072651221900202,0.0,1.323861943040481
2,60.0,80.0,0.0,125,2032190603,-0.7072651221900088,0.49999999999999434,0.3238619430404796
2,60.0,80.0,0.0,126,2032190603,-0.5072651221900202,-0.9999999999999887,0.8238619430404803
2,60.0,80.0,0.0,127,2032190603,-0.40726512219001165,0.0,0.3238619430404796
2,60.0,80.0,0.0,128,2032190603,0.19273487780998266,0.9999999999999887,-0.17613805695952112
2,60.0,80.0,0.0,129,2032190603,0.5927348778099741,0.0,0.8238619430404803
2,60.0,80.0,0.0,130,2032190603,-1.0072651221900202,0.9999999999999887,0.3238619430404796
2,60.0,80.0,0.0,131,2032190603,0.292734877809977,-0.49999999999999434,-0.6761380569595218
2,60.0,80.0,0.0,132,2032190603,0.09273487780997414,0.49999999999999434,0.3238619430404796
2,60.0,80.0,0.0,133,2032190603,-1.5072651221900202,0.9999999999999887,-0.6761380569595218
2,60.0,80.0,0.0,134,2032190603,-1.1072651221900145,0.49999999999999434,0.8238619430404803
2,60.0,80.0,0.0,135,2032190603,1.4927348778099798,0.0,-0.17613805695952112
2,60.0,80.0,0.0,136,2032190603,-1.0072651221900202,0.49999999999999434,-0.6761380569595218
2,60.0,80.0,0.0,137,2032190603,0.292734877809977,-0.9999999999999887,-0.17613805695952112
2,60.0,80.0,0.0,138,2032190603,1.3927348778099713,0.0,-0.17613805695952112
2,60.0,80.0,0.0,139,2032190603,-0.007265122190020179,0.0,0.3238619430404796
2,60.0,80.0,0.0,140,2032190603,1.5927348778099741,0.0,0.8238619430404803
2,60.0,80.0,0.0,141,2032190603,-0.8072651221900173,-0.49999999999999434,0.3238619430404796
2,60.0,80.0,0.0,142,2032190603,-0.5072651221900202,0.9999999999999887,-0.6761380569595218
2,60.0,80.0,0.0,143,2032190603,-1.8072651221900173,0.49999999999999434,0.8238619430404803
2,60.0,80.0,0.0,144,2032190603,-1.5072651221900202,-0.9999999999999887,0.3238619430404796
2,60.0,80.0,0.0,145,2032190603,-0.9072651221900117,-0.9999999999999887,1.323861943040481
2,60.0,80.0,0.0,146,2032190603,-2.1072651221900145,0.49999999999999434,-1.1761380569595226
2,60.0,80.0,0.0,147,2032190603,-0.40726512219001165,0.49999999999999434,-0.17613805695952112
2,60.0,80.0,0.0,148,2032190603,2.49273487780998,-0.49999999999999434,-0.17613805695952112
2,60.0,80.0,0.0,149,2032190603,3.592734877809974,0.0,0.8238619430404803
2,60.0,80.0,0.0,150,2032190603,2.292734877809977,0.0,-0.6761380569595218
2,60.0,80.0,0.0,151,2032190603,-0.40726512219001165,0.0,0.8238619430404803
2,60.0,80.0,0.0,152,2032190603,-1.2072651221900088,0.0,-0.17613805695952112
2,60.0,80.0,0.0,153,2032190603,-0.9072651221900117,0.49999999999999434,-0.17613805695952112
2,60.0,80.0,0.0,154,2032190603,0.8927348778099855,0.0,0.3238619430404796
2,60.0,80.0,0.0,155,2032190603,-0.30726512219001734,0.0,-0.17613805695952112
2,60.0,80.0,0.0,156,2032190603,-0.5072651221900202,0.9999999999999887,0.3238619430404796
2,60.0,80.0,0.0,157,2032190603,-0.40726512219001165,0.9999999999999887,0.8238619430404803
2,60.0,80.0,0.0,158,2032190603,0.3927348778099855,0.0,0.3238619430404796
2,60.0,80.0,0.0,159,2032190603,0.6927348778099827,0.9999999999999887,-0.17613805695952112
2,60.0,80.0,0.0,160,2032190603,-0.20726512219002302,0.49999999999999434,0.3238619430404796
2,60.0,80.0,0.0,161,2032190603,-1.6072651221900145,-0.49999999999999434,-0.6761380569595218
2,60.0,80.0,0.0,162,2032190603,-0.5072651221900202,0.0,-0.6761380569595218
2,60.0,80.0,0.0,163,2032190603,0.3927348778099855,0.0,-0.17613805695952112
2,60.0,80.0,0.0,164,2032190603,1.4927348778099798,0.0,0.3238619430404796
2,60.0,80.0,0.0,165,2032190603,-1.5072651221900202,0.49999999999999434,-0.17613805695952112
2,60.0,80.0,0.0,166,2032190603,-1.9072651221900117,-0.49999999999999434,0.3238619430404796
2,60.0,80.0,0.0,167,2032190603,-1.5072651221900202,0.0,0.3238619430404796
2,60.0,80.0,0.0,168,2032190603,0.9927348778099798,-0.9999999999999887,1.323861943040481
2,60.0,80.0,0.0,169,2032190603,-1.2072651221900088,0.9999999999999887,0.8238619430404803
2,60.0,80.0,0.0,170,2032190603,-3.1072651221900145,-0.49999999999999434,-0.17613805695952112
2,60.0,80.0,0.0,171,2032190603,-0.6072651221900145,0.9999999999999887,0.3238619430404796
2,60.0,80.0,0.0,172,2032190603,2.9927348778099656,0.0,-0.17613805695952112
2,60.0,80.0,0.0,173,2032190603,0.19273487780998266,0.0,0.3238619430404796
2,60.0,80.0,0.0,174,2032190603,-2.507265122190006,0.49999999999999434,0.8238619430404803
2,60.0,80.0,0.0,175,2032190603,0.5927348778099741,0.0,-0.6761380569595218
2,60.0,80.0,0.0,176,2032190603,1.0927348778099741,-0.9999999999999887,-0.17613805695952112
2,60.0,80.0,0.0,177,2032190603,1.8927348778099713,0.9999999999999887,0.3238619430404796
2,60.0,80.0,0.0,178,2032190603,0.6927348778099827,-0.9999999999999887,-1.1761380569595226
2,60.0,80.0,0.0,179,2032190603,-0.9072651221900117,0.49999999999999434,-0.17613805695952112
2,60.0,80.0,0.0,180,2032190603,-2.007265122190006,0.49999999999999434,-1.1761380569595226
2,60.0,80.0,0.0,181,2032190603,-2.307265122190003,0.0,-0.6761380569595218
2,60.0,80.0,0.0,182,2032190603,0.09273487780997414,-0.49999999999999434,1.323861943040481
2,60.0,80.0,0.0,183,2032190603,1.6927348778099685,0.9999999999999887,0.8238619430404803
2,60.0,80.0,0.0,184,2032190603,-2.207265122190009,-0.49999999999999434,-0.17613805695952112
2,60.0,80.0,0.0,185,2032190603,0.6927348778099827,0.9999999999999887,0.3238619430404796
2,60.0,80.0,0.0,186,2032190603,-0.20726512219002302,0.49999999999999434,0.8238619430404803
2,60.0,80.0,0.0,187,2032190603,-1.8072651221900173,0.0,0.3238619430404796
2,60.0,80.0,0.0,188,2032190603,-1.0072651221900202,0.0,0.3238619430404796
2,60.0,80.0,0.0,189,2032190603,-1.2072651221900088,0.49999999999999434,1.323861943040481
2,60.0,80.0,0.0,190,2032190603,-0.5072651221900202,0.49999999999999434,-0.17613805695952112
2,60.0,80.0,0.0,191,2032190603,0.9927348778099798,0.0,-0.6761380569595218
2,60.0,80.0,0.0,192,2032190603,-0.1072651221900145,0.0,0.3238619430404796
2,60.0,80.0,0.0,193,2032190603,0.6927348778099827,0.49999999999999434,0.3238619430404796
2,60.0,80.0,0.0,194,2032190603,-1.5072651221900202,0.9999999999999887,-0.6761380569595218
2,60.0,80.0,0.0,195,2032190603,0.09273487780997414,0.49999999999999434,-0.17613805695952112
2,60.0,80.0,0.0,196,2032190603,0.792734877809977,0.0,0.3238619430404796
2,60.0,80.0,0.0,197,2032190603,2.6927348778099685,0.0,0.3238619430404796
2,60.0,80.0,0.0,198,2032190603,-0.40726512219001165,-0.9999999999999887,-0.17613805695952112
2,60.0,80.0,0.0,199,2032190603,-0.30726512219001734,0.49999999999999434,-0.6761380569595218
2,60.0,80.0,5.0,0,2032190604,0.5927348778099741,-0.49999999999999434,-0.17613805695952112
2,60.0,80.0,5.0,1,2032190604,0.5927348778099741,0.0,0.8238619430404803
2,60.0,80.0,5.0,2,2032190604,1.292734877809977,0.49999999999999434,0.3238619430404796
2,60.0,80.0,5.0,3,2032190604,-1.1072651221900145,0.0,-0.6761380569595218
2,60.0,80.0,5.0,4,2032190604,-0.20726512219002302,0.0,-0.17613805695952112
2,60.0,80.0,5.0,5,2032190604,-0.30726512219001734,0.0,-0.17613805695952112
2,60.0,80.0,5.0,6,2032190604,0.5927348778099741,-0.49999999999999434,-0.17613805695952112
2,60.0,80.0,5.0,7,2032190604,-0.9072651221900117,0.0,-0.6761380569595218
2,60.0,80.0,5.0,8,2032190604,0.19273487780998266,0.0,-0.17613805695952112
2,60.0,80.0,5.0,9,2032190604,-0.7072651221900088,0.49999999999999434,0.3238619430404796
2,60.0,80.0,5.0,10,2032190604,-0.30726512219001734,0.0,-0.17613805695952112
2,60.0,80.0,5.0,11,2032190604,-0.007265122190020179,0.0,-0.17613805695952112
2,60.0,80.0,5.0,12,2032190604,-0.7072651221900088,-0.49999999999999434,-0.6761380569595218
2,60.0,80.0,5.0,13,2032190604,-0.20726512219002302,0.0,-0.17613805695952112
2,60.0,80.0,5.0,14,2032190604,0.5927348778099741,-0.49999999999999434,-0.17613805695952112
2,60.0,80.0,5.0,15,2032190604,-0.40726512219001165,-0.49999999999999434,-0.17613805695952112
2,60.0,80.0,5.0,16,2032190604,0.6927348778099827,0.49999999999999434,-0.17613805695952112
2,60.0,80.0,5.0,17,2032190604,-0.30726512219001734,0.0,0.3238619430404796
2,60.0,80.0,5.0,18,2032190604,-0.30726512219001734,0.0,0.3238619430404796
2,60.0,80.0,5.0,19,2032190604,-0.9072651221900117,-0.49999999999999434,-0.6761380569595218
2,60.0,80.0,5.0,20,2032190604,-1.0072651221900202,0.0,0.3238619430404796
2,60.0,80.0,5.0,21,2032190604,-0.7072651221900088,0.0,0.3238619430404796
2,60.0,80.0,5.0,22,2032190604,-0.30726512219001734,0.0,-0.17613805695952112
2,60.0,80.0,5.0,23,2032190604,0.5927348778099741,0.0,0.3238619430404796
2,60.0,80.0,5.0,24,2032190604,-0.9072651221900117,0.0,0.3238619430404796
2,60.0,80.0,5.0,25,2032190604,0.09273487780997414,0.49999999999999434,-0.17613805695952112
2,60.0,80.0,5.0,26,2032190604,-0.007265122190020179,0.0,-0.17613805695952112
2,60.0,80.0,5.0,27,2032190604,-0.40726512219001165,-0.49999999999999434,-0.17613805695952112
2,60.0,80.0,5.0,28,2032190604,-0.20726512219002302,0.49999999999999434,0.3238619430404796
2,60.0,80.0,5.0,29,2032190604,-0.30726512219001734,0.0,-0.17613805695952112
2,60.0,80.0,5.0,30,2032190604,-0.5072651221900202,0.0,-0.6761380569595218
2,60.0,80.0,5.0,31,2032190604,-0.30726512219001734,0.0,-0.17613805695952112
2,60.0,80.0,5.0,32,2032190604,-0.8072651221900173,-0.49999999999999434,-0.17613805695952112
2,60.0,80.0,5.0,33,2032190604,-0.9072651221900117,-0.49999999999999434,-0.17613805695952112
2,60.0,80.0,5.0,34,2032190604,-0.6072651221900145,0.0,0.3238619430404796
2,60.0,80.0,5.0,35,2032190604,-0.40726512219001165,0.0,-0.17613805695952112
2,60.0,80.0,5.0,36,2032190604,-0.1072651221900145,0.0,0.3238619430404796
2,60.0,80.0,5.0,37,2032190604,-0.007265122190020179,0.0,-0.17613805695952112
2,60.0,80.0,5.0,38,2032190604,0.792734877809977,0.0,0.3238619430404796
2,60.0,80.0,5.0,39,2032190604,-0.40726512219001165,-0.49999999999999434,0.3238619430404796
2,60.0,80.0,5.0,40,2032190604,-0.40726512219001165,-0.49999999999999434,-0.17613805695952112
2,60.0,80.0,5.0,41,2032190604,0.09273487780997414,0.0,0.3238619430404796
2,60.0,80.0,5.0,42,2032190604,0.292734877809977,0.0,-0.6761380569595218
2,60.0,80.0,5.0,43,2032190604,-0.8072651221900173,0.49999999999999434,0.8238619430404803
2,60.0,80.0,5.0,44,2032190604,0.792734877809977,0.0,-0.6761380569595218
2,60.0,80.0,5.0,45,2032190604,-0.9072651221900117,-0.49999999999999434,-0.17613805695952112
2,60.0,80.0,5.0,46,2032190604,-0.1072651221900145,0.0,0.3238619430404796
2,60.0,80.0,5.0,47,2032190604,0.5927348778099741,0.0,-0.17613805695952112
2,60.0,80.0,5.0,48,2032190604,0.3927348778099855,0.0,-0.17613805695952112
2,60.0,80.0,5.0,49,2032190604,0.09273487780997414,0.49999999999999434,-0.17613805695952112
2,60.0,80.0,5.0,50,2032190604,-0.40726512219001165,0.49999999999999434,0.3238619430404796
2,60.0,80.0,5.0,51,2032190604,0.4927348778099798,0.49999999999999434,0.8238619430404803
2,60.0,80.0,5.0,52,2032190604,0.4927348778099798,0.0,0.3238619430404796
2,60.0,80.0,5.0,53,2032190604,-0.40726512219001165,-0.49999999999999434,0.8238619430404803
2,60.0,80.0,5.0,54,2032190604,1.0927348778099741,0.0,-0.17613805695952112
2,60.0,80.0,5.0,55,2032190604,-0.7072651221900088,-0.49999999999999434,-0.17613805695952112
2,60.0,80.0,5.0,56,2032190604,2.092734877809974,0.0,0.3238619430404796
2,60.0,80.0,5.0,57,2032190604,-0.007265122190020179,-0.49999999999999434,-0.17613805695952112
2,60.0,80.0,5.0,58,2032190604,1.1927348778099827,0.0,-0.17613805695952112
2,60.0,80.0,5.0,59,2032190604,-0.20726512219002302,-0.49999999999999434,-0.17613805695952112
2,60.0,80.0,5.0,60,2032190604,0.292734877809977,0.0,0.3238619430404796
2,60.0,80.0,5.0,61,2032190604,-0.5072651221900202,0.0,-0.17613805695952112
2,60.0,80.0,5.0,62,2032190604,0.5927348778099741,-0.49999999999999434,0.3238619430404796
2,60.0,80.0,5.0,63,2032190604,-0.1072651221900145,-0.49999999999999434,-0.6761380569595218
2,60.0,80.0,5.0,64,2032190604,0.4927348778099798,0.0,-0.6761380569595218
2,60.0,80.0,5.0,65,2032190604,-0.8072651221900173,0.0,0.3238619430404796
2,60.0,80.0,5.0,66,2032190604,0.792734877809977,-0.49999999999999434,-0.17613805695952112
2,60.0,80.0,5.0,67,2032190604,-0.5072651221900202,0.49999999999999434,-0.6761380569595218
2,60.0,80.0,5.0,68,2032190604,0.792734877809977,0.0,-0.6761380569595218
2,60.0,80.0,5.0,69,2032190604,0.4927348778099798,0.0,0.3238619430404796
2,60.0,80.0,5.0,70,2032190604,-0.40726512219001165,0.0,0.3238619430404796
2,60.0,80.0,5.0,71,2032190604,-0.007265122190020179,0.0,-0.17613805695952112
2,60.0,80.0,5.0,72,2032190604,-0.40726512219001165,0.49999999999999434,-0.6761380569595218
2,60.0,80.0,5.0,73,2032190604,0.19273487780998266,0.0,-0.17613805695952112
2,60.0,80.0,5.0,74,2032190604,-1.0072651221900202,0.49999999999999434,-0.17613805695952112
2,60.0,80.0,5.0,75,2032190604,0.5927348778099741,0.0,-0.17613805695952112
2,60.0,80.0,5.0,76,2032190604,0.5927348778099741,0.0,0.3238619430404796
2,60.0,80.0,5.0,77,2032190604,0.9927348778099798,0.0,-0.17613805695952112
2,60.0,80.0,5.0,78,2032190604,0.3927348778099855,0.0,-0.17613805695952112
2,60.0,80.0,5.0,79,2032190604,1.5927348778099741,-0.49999999999999434,0.3238619430404796
2,60.0,80.0,5.0,80,2032190604,-0.5072651221900202,-0.49999999999999434,0.3238619430404796
2,60.0,80.0,5.0,81,2032190604,-0.30726512219001734,0.0,-0.6761380569595218
2,60.0,80.0,5.0,82,2032190604,0.792734877809977,0.49999999999999434,-0.6761380569595218
2,60.0,80.0,5.0,83,2032190604,0.4927348778099798,-0.49999999999999434,0.3238619430404796
2,60.0,80.0,5.0,84,2032190604,-0.40726512219001165,0.49999999999999434,0.3238619430404796
2,60.0,80.0,5.0,85,2032190604,0.9927348778099798,0.49999999999999434,0.3238619430404796
2,60.0,80.0,5.0,86,2032190604,-1.0072651221900202,-0.49999999999999434,-0.17613805695952112
2,60.0,80.0,5.0,87,2032190604,-0.40726512219001165,-0.49999999999999434,0.3238619430404796
2,60.0,80.0,5.0,88,2032190604,-0.40726512219001165,-0.49999999999999434,0.3238619430404796
2,60.0,80.0,5.0,89,2032190604,1.4927348778099798,0.49999999999999434,0.3238619430404796
2,60.0,80.0,5.0,90,2032190604,0.3927348778099855,0.0,-0.6761380569595218
2,60.0,80.0,5.0,91,2032190604,-0.1072651221900145,0.0,-0.17613805695952112
2,60.0,80.0,5.0,92,2032190604,1.5927348778099741,0.49999999999999434,0.3238619430404796
2,60.0,80.0,5.0,93,2032190604,0.6927348778099827,0.0,-0.17613805695952112
2,60.0,80.0,5.0,94,2032190604,1.3927348778099713,0.0,0.3238619430404796
2,60.0,80.0,5.0,95,2032190604,-1.0072651221900202,-0.49999999999999434,-0.17613805695952112
2,60.0,80.0,5.0,96,2032190604,0.4927348778099798,-0.49999999999999434,-0.17613805695952112
2,60.0,80.0,5.0,97,2032190604,-0.30726512219001734,-0.9999999999999887,-0.17613805695952112
2,60.0,80.0,5.0,98,2032190604,0.9927348778099798,0.0,-0.6761380569595218
2,60.0,80.0,5.0,99,2032190604,1.4927348778099798,0.0,-0.6761380569595218
2,60.0,80.0,5.0,100,2032190604,-1.0072651221900202,0.0,-0.17613805695952112
2,60.0,80.0,5.0,101,2032190604,-0.20726512219002302,0.49999999999999434,0.8238619430404803
2,60.0,80.0,5.0,102,2032190604,0.19273487780998266,-0.49999999999999434,-0.17613805695952112
2,60.0,80.0,5.0,103,2032190604,-0.30726512219001734,0.0,-0.17613805695952112
2,60.0,80.0,5.0,104,2032190604,0.292734877809977,0.49999999999999434,0.8238619430404803
2,60.0,80.0,5.0,105,2032190604,0.09273487780997414,0.9999999999999887,0.3238619430404796
2,60.0,80.0,5.0,106,2032190604,-0.9072651221900117,0.0,0.3238619430404796
2,60.0,80.0,5.0,107,2032190604,-0.9072651221900117,0.0,-0.17613805695952112
2,60.0,80.0,5.0,108,2032190604,0.792734877809977,-0.49999999999999434,-0.6761380569595218
2,60.0,80.0,5.0,109,2032190604,0.19273487780998266,0.0,-0.17613805695952112
2,60.0,80.0,5.0,110,2032190604,0.6927348778099827,0.0,-0.6761380569595218
2,60.0,80.0,5.0,111,2032190604,-0.40726512219001165,0.49999999999999434,0.8238619430404803
2,60.0,80.0,5.0,112,2032190604,-0.9072651221900117,0.49999999999999434,0.3238619430404796
2,60.0,80.0,5.0,113,2032190604,-0.6072651221900145,0.9999999999999887,-0.6761380569595218
2,60.0,80.0,5.0,114,2032190604,-0.6072651221900145,-0.49999999999999434,0.8238619430404803
2,60.0,80.0,5.0,115,2032190604,-0.30726512219001734,-0.49999999999999434,0.3238619430404796
2,60.0,80.0,5.0,116,2032190604,0.5927348778099741,0.0,-0.17613805695952112
2,60.0,80.0,5.0,117,2032190604,0.09273487780997414,0.0,-0.17613805695952112
2,60.0,80.0,5.0,118,2032190604,0.3927348778099855,0.0,0.3238619430404796
2,60.0,80.0,5.0,119,2032190604,0.292734877809977,0.0,-0.17613805695952112
2,60.0,80.0,5.0,120,2032190604,-0.1072651221900145,0.0,-0.17613805695952112
2,60.0,80.0,5.0,121,2032190604,-0.6072651221900145,-0.49999999999999434,-0.17613805695952112
2,60.0,80.0,5.0,122,2032190604,-0.6072651221900145,0.0,-0.17613805695952112
2,60.0,80.0,5.0,123,2032190604,1.4927348778099798,0.0,-0.6761380569595218
2,60.0,80.0,5.0,124,2032190604,-2.307265122190003,0.9999999999999887,0.3238619430404796
2,60.0,80.0,5.0,125,2032190604,-0.30726512219001734,-0.49999999999999434,0.3238619430404796
2,60.0,80.0,5.0,126,2032190604,-0.007265122190020179,0.0,-0.6761380569595218
2,60.0,80.0,5.0,127,2032190604,0.292734877809977,0.49999999999999434,-0.17613805695952112
2,60.0,80.0,5.0,128,2032190604,-0.7072651221900088,0.49999999999999434,0.3238619430404796
2,60.0,80.0,5.0,129,2032190604,-1.5072651221900202,0.0,-0.17613805695952112
2,60.0,80.0,5.0,130,2032190604,-0.20726512219002302,0.0,-0.17613805695952112
2,60.0,80.0,5.0,131,2032190604,-0.007265122190020179,0.0,-0.17613805695952112
2,60.0,80.0,5.0,132,2032190604,-0.1072651221900145,0.0,0.8238619430404803
2,60.0,80.0,5.0,133,2032190604,-0.1072651221900145,0.0,0.3238619430404796
2,60.0,80.0,5.0,134,2032190604,-0.6072651221900145,0.0,-0.17613805695952112
2,60.0,80.0,5.0,135,2032190604,-0.9072651221900117,0.0,-0.17613805695952112
2,60.0,80.0,5.0,136,2032190604,1.0927348778099741,0.49999999999999434,-0.17613805695952112
2,60.0,80.0,5.0,137,2032190604,1.3927348778099713,-0.9999999999999887,-0.17613805695952112
2,60.0,80.0,5.0,138,2032190604,0.19273487780998266,0.0,-0.17613805695952112
2,60.0,80.0,5.0,139,2032190604,-0.007265122190020179,0.9999999999999887,-0.17613805695952112
2,60.0,80.0,5.0,140,2032190604,0.292734877809977,0.0,0.3238619430404796
2,60.0,80.0,5.0,141,2032190604,0.09273487780997414,0.49999999999999434,-0.6761380569595218
2,60.0,80.0,5.0,142,2032190604,1.1927348778099827,-0.49999999999999434,0.3238619430404796
2,60.0,80.0,5.0,143,2032190604,0.8927348778099855,0.0,-0.6761380569595218
2,60.0,80.0,5.0,144,2032190604,0.09273487780997414,-0.49999999999999434,-0.17613805695952112
2,60.0,80.0,5.0,145,2032190604,0.5927348778099741,0.0,-0.17613805695952112
2,60.0,80.0,5.0,146,2032190604,1.1927348778099827,-0.49999999999999434,-0.6761380569595218
2,60.0,80.0,5.0,147,2032190604,0.6927348778099827,-0.49999999999999434,0.8238619430404803
2,60.0,80.0,5.0,148,2032190604,-0.40726512219001165,0.49999999999999434,-0.17613805695952112
2,60.0,80.0,5.0,149,2032190604,0.292734877809977,-0.49999999999999434,-0.17613805695952112
2,60.0,80.0,5.0,150,2032190604,0.3927348778099855,0.9999999999999887,0.3238619430404796
2,60.0,80.0,5.0,151,2032190604,0.792734877809977,0.0,0.3238619430404796
2,60.0,80.0,5.0,152,2032190604,-0.1072651221900145,0.0,0.3238619430404796
2,60.0,80.0,5.0,153,2032190604,-0.007265122190020179,-0.49999999999999434,-0.17613805695952112
2,60.0,80.0,5.0,154,2032190604,0.19273487780998266,0.49999999999999434,-0.17613805695952112
2,60.0,80.0,5.0,155,2032190604,1.3927348778099713,0.49999999999999434,0.3238619430404796
2,60.0,80.0,5.0,156,2032190604,0.3927348778099855,-0.49999999999999434,-1.1761380569595226
2,60.0,80.0,5.0,157,2032190604,0.5927348778099741,-0.49999999999999434,0.3238619430404796
2,60.0,80.0,5.0,158,2032190604,1.292734877809977,0.0,0.3238619430404796
2,60.0,80.0,5.0,159,2032190604,-0.1072651221900145,0.49999999999999434,0.3238619430404796
2,60.0,80.0,5.0,160,2032190604,1.5927348778099741,0.0,0.3238619430404796
2,60.0,80.0,5.0,161,2032190604,0.792734877809977,0.0,0.3238619430404796
2,60.0,80.0,5.0,162,2032190604,-1.1072651221900145,0.0,-0.17613805695952112
2,60.0,80.0,5.0,163,2032190604,-0.007265122190020179,0.0,0.3238619430404796
2,60.0,80.0,5.0,164,2032190604,0.6927348778099827,-0.9999999999999887,0.3238619430404796
2,60.0,80.0,5.0,165,2032190604,-0.8072651221900173,0.49999999999999434,-0.17613805695952112
2,60.0,80.0,5.0,166,2032190604,-0.7072651221900088,0.49999999999999434,-0.6761380569595218
2,60.0,80.0,5.0,167,2032190604,-1.1072651221900145,0.0,0.3238619430404796
2,60.0,80.0,5.0,168,2032190604,0.292734877809977,0.0,-0.17613805695952112
2,60.0,80.0,5.0,169,2032190604,-0.8072651221900173,0.0,-0.17613805695952112
2,60.0,80.0,5.0,170,2032190604,0.3927348778099855,0.49999999999999434,0.3238619430404796
2,60.0,80.0,5.0,171,2032190604,0.6927348778099827,-0.9999999999999887,0.8238619430404803
2,60.0,80.0,5.0,172,2032190604,-0.20726512219002302,0.0,-0.6761380569595218
2,60.0,80.0,5.0,173,2032190604,0.292734877809977,0.0,-0.17613805695952112
2,60.0,80.0,5.0,174,2032190604,-0.20726512219002302,0.49999999999999434,-1.1761380569595226
2,60.0,80.0,5.0,175,2032190604,-0.20726512219002302,0.0,0.3238619430404796
2,60.0,80.0,5.0,176,2032190604,0.9927348778099798,0.49999999999999434,-0.17613805695952112
2,60.0,80.0,5.0,177,2032190604,-0.007265122190020179,-0.49999999999999434,-0.17613805695952112
2,60.0,80.0,5.0,178,2032190604,-0.5072651221900202,-0.49999999999999434,-0.17613805695952112
2,60.0,80.0,5.0,179,2032190604,-0.9072651221900117,0.0,-0.17613805695952112
2,60.0,80.0,5.0,180,2032190604,0.5927348778099741,0.49999999999999434,0.3238619430404796
2,60.0,80.0,5.0,181,2032190604,-1.2072651221900088,0.49999999999999434,0.3238619430404796
2,60.0,80.0,5.0,182,2032190604,0.09273487780997414,-0.49999999999999434,-0.17613805695952112
2,60.0,80.0,5.0,183,2032190604,-0.30726512219001734,0.0,0.3238619430404796
2,60.0,80.0,5.0,184,2032190604,-0.1072651221900145,0.0,0.3238619430404796
2,60.0,80.0,5.0,185,2032190604,0.09273487780997414,0.0,0.3238619430404796
2,60.0,80.0,5.0,186,2032190604,0.5927348778099741,0.49999999999999434,0.3238619430404796
2,60.0,80.0,5.0,187,2032190604,-0.1072651221900145,0.49999999999999434,-0.17613805695952112
2,60.0,80.0,5.0,188,2032190604,0.8927348778099855,0.0,-0.17613805695952112
2,60.0,80.0,5.0,189,2032190604,-0.1072651221900145,0.0,0.3238619430404796
2,60.0,80.0,5.0,190,2032190604,-0.9072651221900117,0.0,-0.17613805695952112
2,60.0,80.0,5.0,191,2032190604,-2.207265122190009,-0.49999999999999434,-0.17613805695952112
2,60.0,80.0,5.0,192,2032190604,0.3927348778099855,0.0,-0.17613805695952112
2,60.0,80.0,5.0,193,2032190604,-0.8072651221900173,-0.49999999999999434,0.3238619430404796
2,60.0,80.0,5.0,194,2032190604,-0.7072651221900088,-0.49999999999999434,-0.17613805695952112
2,60.0,80.0,5.0,195,2032190604,0.6927348778099827,0.0,-0.17613805695952112
2,60.0,80.0,5.0,196,2032190604,-0.8072651221900173,0.49999999999999434,0.3238619430404796
2,60.0,80.0,5.0,197,2032190604,-0.7072651221900088,0.0,-0.17613805695952112
2,60.0,80.0,5.0,198,2032190604,0.292734877809977,0.0,0.3238619430404796
2,60.0,80.0,5.0,199,2032190604,-0.8072651221900173,0.0,-0.17613805695952112
2,60.0,80.0,10.0,0,2032190605,-0.007265122190020179,0.0,0.3238619430404796
2,60.0,80.0,10.0,1,2032190605,-0.20726512219002302,-0.49999999999999434,0.3238619430404796
2,60.0,80.0,10.0,2,2032190605,0.292734877809977,0.0,-0.17613805695952112
2,60.0,80.0,10.0,3,2032190605,0.09273487780997414,0.0,-0.17613805695952112
2,60.0,80.0,10.0,4,2032190605,-0.20726512219002302,0.0,0.3238619430404796
2,60.0,80.0,10.0,5,2032190605,0.792734877809977,0.49999999999999434,-0.17613805695952112
2,60.0,80.0,10.0,6,2032190605,-0.1072651221900145,0.0,-0.17613805695952112
2,60.0,80.0,10.0,7,2032190605,0.5927348778099741,-0.49999999999999434,0.3238619430404796
2,60.0,80.0,10.0,8,2032190605,-0.007265122190020179,0.49999999999999434,-0.17613805695952112
2,60.0,80.0,10.0,9,2032190605,0.292734877809977,0.0,-0.17613805695952112
2,60.0,80.0,10.0,10,2032190605,0.19273487780998266,0.0,-0.17613805695952112
2,60.0,80.0,10.0,11,2032190605,-0.40726512219001165,0.0,-0.17613805695952112
2,60.0,80.0,10.0,12,2032190605,-0.1072651221900145,0.0,-0.17613805695952112
2,60.0,80.0,10.0,13,2032190605,-0.20726512219002302,0.0,0.3238619430404796
2,60.0,80.0,10.0,14,2032190605,-0.20726512219002302,0.0,-0.17613805695952112
2,60.0,80.0,10.0,15,2032190605,-0.1072651221900145,-0.49999999999999434,0.3238619430404796
2,60.0,80.0,10.0,16,2032190605,0.3927348778099855,0.49999999999999434,-0.17613805695952112
2,60.0,80.0,10.0,17,2032190605,-0.20726512219002302,0.0,-0.6761380569595218
2,60.0,80.0,10.0,18,2032190605,-0.8072651221900173,0.0,0.3238619430404796
2,60.0,80.0,10.0,19,2032190605,0.4927348778099798,0.0,-0.17613805695952112
2,60.0,80.0,10.0,20,2032190605,0.19273487780998266,0.0,-0.17613805695952112
2,60.0,80.0,10.0,21,2032190605,-0.40726512219001165,0.0,0.3238619430404796
2,60.0,80.0,10.0,22,2032190605,-0.40726512219001165,0.0,0.3238619430404796
2,60.0,80.0,10.0,23,2032190605,-0.40726512219001165,0.0,0.3238619430404796
2,60.0,80.0,10.0,24,2032190605,0.792734877809977,0.0,-0.17613805695952112
2,60.0,80.0,10.0,25,2032190605,-0.5072651221900202,0.0,-0.17613805695952112
2,60.0,80.0,10.0,26,2032190605,0.09273487780997414,0.0,-0.17613805695952112
2,60.0,80.0,10.0,27,2032190605,0.09273487780997414,-0.49999999999999434,-0.17613805695952112
2,60.0,80.0,10.0,28,2032190605,-0.007265122190020179,0.0,0.3238619430404796
2,60.0,80.0,10.0,29,2032190605,-0.20726512219002302,0.49999999999999434,-0.17613805695952112
2,60.0,80.0,10.0,30,2032190605,0.4927348778099798,0.0,-0.17613805695952112
2,60.0,80.0,10.0,31,2032190605,-0.5072651221900202,-0.49999999999999434,-0.17613805695952112
2,60.0,80.0,10.0,32,2032190605,-0.7072651221900088,0.0,-0.6761380569595218
2,60.0,80.0,10.0,33,2032190605,0.09273487780997414,0.49999999999999434,-0.17613805695952112
2,60.0,80.0,10.0,34,2032190605,-0.007265122190020179,0.0,-0.17613805695952112
2,60.0,80.0,10.0,35,2032190605,-0.9072651221900117,0.0,0.3238619430404796
2,60.0,80.0,10.0,36,2032190605,0.4927348778099798,0.0,-0.17613805695952112
2,60.0,80.0,10.0,37,2032190605,-0.1072651221900145,-0.49999999999999434,0.3238619430404796
2,60.0,80.0,10.0,38,2032190605,-0.20726512219002302,0.0,0.3238619430404796
2,60.0,80.0,10.0,39,2032190605,0.292734877809977,0.49999999999999434,0.3238619430404796
2,60.0,80.0,10.0,40,2032190605,-0.6072651221900145,0.49999999999999434,-0.6761380569595218
2,60.0,80.0,10.0,41,2032190605,0.792734877809977,0.0,0.3238619430404796
2,60.0,80.0,10.0,42,2032190605,-0.007265122190020179,0.0,-0.17613805695952112
2,60.0,80.0,10.0,43,2032190605,-0.1072651221900145,-0.49999999999999434,0.3238619430404796
2,60.0,80.0,10.0,44,2032190605,0.09273487780997414,0.0,-0.17613805695952112
2,60.0,80.0,10.0,45,2032190605,-0.1072651221900145,0.0,0.3238619430404796
2,60.0,80.0,10.0,46,2032190605,0.4927348778099798,0.0,-0.17613805695952112
2,60.0,80.0,10.0,47,2032190605,-0.007265122190020179,0.0,-0.17613805695952112
2,60.0,80.0,10.0,48,2032190605,-0.30726512219001734,0.0,-0.17613805695952112
2,60.0,80.0,10.0,49,2032190605,0.292734877809977,0.0,-0.17613805695952112
2,60.0,80.0,10.0,50,2032190605,-0.6072651221900145,0.0,0.3238619430404796
2,60.0,80.0,10.0,51,2032190605,-0.1072651221900145,0.0,-0.17613805695952112
2,60.0,80.0,10.0,52,2032190605,0.4927348778099798,0.0,0.3238619430404796
2,60.0,80.0,10.0,53,2032190605,-0.007265122190020179,0.49999999999999434,-0.17613805695952112
2,60.0,80.0,10.0,54,2032190605,-0.1072651221900145,0.0,-0.17613805695952112
2,60.0,80.0,10.0,55,2032190605,-0.007265122190020179,0.0,0.3238619430404796
2,60.0,80.0,10.0,56,2032190605,-0.7072651221900088,0.0,0.3238619430404796
2,60.0,80.0,10.0,57,2032190605,-0.007265122190020179,0.0,-0.17613805695952112
2,60.0,80.0,10.0,58,2032190605,0.19273487780998266,0.49999999999999434,-0.17613805695952112
2,60.0,80.0,10.0,59,2032190605,0.4927348778099798,0.0,-0.17613805695952112
2,60.0,80.0,10.0,60,2032190605,0.19273487780998266,-0.49999999999999434,0.3238619430404796
2,60.0,80.0,10.0,61,2032190605,0.292734877809977,0.49999999999999434,0.3238619430404796
2,60.0,80.0,10.0,62,2032190605,-0.1072651221900145,0.0,-0.17613805695952112
2,60.0,80.0,10.0,63,2032190605,-0.20726512219002302,0.0,-0.17613805695952112
2,60.0,80.0,10.0,64,2032190605,-0.7072651221900088,0.0,0.3238619430404796
2,60.0,80.0,10.0,65,2032190605,0.6927348778099827,0.0,0.3238619430404796
2,60.0,80.0,10.0,66,2032190605,0.4927348778099798,0.49999999999999434,-0.17613805695952112
2,60.0,80.0,10.0,67,2032190605,0.19273487780998266,-0.49999999999999434,-0.17613805695952112
2,60.0,80.0,10.0,68,2032190605,-0.30726512219001734,-0.49999999999999434,0.3238619430404796
2,60.0,80.0,10.0,69,2032190605,-0.20726512219002302,0.0,-0.17613805695952112
2,60.0,80.0,10.0,70,2032190605,-0.6072651221900145,-0.49999999999999434,0.3238619430404796
2,60.0,80.0,10.0,71,2032190605,-0.1072651221900145,-0.49999999999999434,-0.17613805695952112
2,60.0,80.0,10.0,72,2032190605,0.792734877809977,0.0,0.3238619430404796
2,60.0,80.0,10.0,73,2032190605,-0.007265122190020179,0.0,-0.17613805695952112
2,60.0,80.0,10.0,74,2032190605,0.6927348778099827,0.49999999999999434,0.3238619430404796
2,60.0,80.0,10.0,75,2032190605,-0.1072651221900145,0.0,-0.17613805695952112
2,60.0,80.0,10.0,76,2032190605,0.3927348778099855,-0.49999999999999434,-0.17613805695952112
2,60.0,80.0,10.0,77,2032190605,-0.1072651221900145,0.0,-0.17613805695952112
2,60.0,80.0,10.0,78,2032190605,0.4927348778099798,0.0,0.3238619430404796
2,60.0,80.0,10.0,79,2032190605,0.19273487780998266,0.0,-0.17613805695952112
2,60.0,80.0,10.0,80,2032190605,0.292734877809977,-0.49999999999999434,-0.17613805695952112
2,60.0,80.0,10.0,81,2032190605,0.19273487780998266,0.0,-0.17613805695952112
2,60.0,80.0,10.0,82,2032190605,-0.007265122190020179,0.0,-0.17613805695952112
2,60.0,80.0,10.0,83,2032190605,-0.20726512219002302,0.49999999999999434,-0.17613805695952112
2,60.0,80.0,10.0,84,2032190605,1.4927348778099798,0.0,-0.17613805695952112
2,60.0,80.0,10.0,85,2032190605,0.292734877809977,0.49999999999999434,-0.17613805695952112
2,60.0,80.0,10.0,86,2032190605,-0.20726512219002302,0.0,0.3238619430404796
2,60.0,80.0,10.0,87,2032190605,0.3927348778099855,0.0,0.8238619430404803
2,60.0,80.0,10.0,88,2032190605,-0.30726512219001734,0.49999999999999434,0.3238619430404796
2,60.0,80.0,10.0,89,2032190605,-0.30726512219001734,0.0,-0.17613805695952112
2,60.0,80.0,10.0,90,2032190605,0.4927348778099798,0.0,-0.17613805695952112
2,60.0,80.0,10.0,91,2032190605,-0.9072651221900117,0.0,-0.17613805695952112
2,60.0,80.0,10.0,92,2032190605,-0.007265122190020179,0.0,-0.17613805695952112
2,60.0,80.0,10.0,93,2032190605,-0.20726512219002302,-0.49999999999999434,0.3238619430404796
2,60.0,80.0,10.0,94,2032190605,-0.30726512219001734,0.0,-0.17613805695952112
2,60.0,80.0,10.0,95,2032190605,0.292734877809977,0.0,0.3238619430404796
2,60.0,80.0,10.0,96,2032190605,0.6927348778099827,0.0,0.3238619430404796
2,60.0,80.0,10.0,97,2032190605,0.292734877809977,0.0,-0.17613805695952112
2,60.0,80.0,10.0,98,2032190605,-0.007265122190020179,0.0,-0.17613805695952112
2,60.0,80.0,10.0,99,2032190605,-0.40726512219001165,0.0,0.3238619430404796
2,60.0,80.0,10.0,100,2032190605,0.4927348778099798,0.0,0.3238619430404796
2,60.0,80.0,10.0,101,2032190605,-1.1072651221900145,0.0,-0.17613805695952112
2,60.0,80.0,10.0,102,2032190605,-0.1072651221900145,0.0,0.3238619430404796
2,60.0,80.0,10.0,103,2032190605,-0.40726512219001165,0.0,0.3238619430404796
2,60.0,80.0,10.0,104,2032190605,-0.20726512219002302,0.49999999999999434,0.3238619430404796
2,60.0,80.0,10.0,105,2032190605,0.3927348778099855,0.0,0.3238619430404796
2,60.0,80.0,10.0,106,2032190605,-0.6072651221900145,-0.49999999999999434,0.3238619430404796
2,60.0,80.0,10.0,107,2032190605,-0.40726512219001165,0.49999999999999434,-0.17613805695952112
2,60.0,80.0,10.0,108,2032190605,-0.6072651221900145,0.0,0.3238619430404796
2,60.0,80.0,10.0,109,2032190605,-0.007265122190020179,0.0,-0.17613805695952112
2,60.0,80.0,10.0,110,2032190605,-0.30726512219001734,0.0,0.3238619430404796
2,60.0,80.0,10.0,111,2032190605,0.09273487780997414,-0.49999999999999434,-0.17613805695952112
2,60.0,80.0,10.0,112,2032190605,0.3927348778099855,0.0,0.3238619430404796
2,60.0,80.0,10.0,113,2032190605,0.19273487780998266,0.0,-0.17613805695952112
2,60.0,80.0,10.0,114,2032190605,-0.30726512219001734,0.0,0.3238619430404796
2,60.0,80.0,10.0,115,2032190605,0.9927348778099798,0.49999999999999434,-0.17613805695952112
2,60.0,80.0,10.0,116,2032190605,-0.1072651221900145,0.0,-0.17613805695952112
2,60.0,80.0,10.0,117,2032190605,0.292734877809977,0.49999999999999434,0.3238619430404796
2,60.0,80.0,10.0,118,2032190605,0.09273487780997414,0.0,-0.17613805695952112
2,60.0,80.0,10.0,119,2032190605,0.292734877809977,0.0,0.8238619430404803
2,60.0,80.0,10.0,120,2032190605,0.292734877809977,0.49999999999999434,-0.17613805695952112
2,60.0,80.0,10.0,121,2032190605,-0.20726512219002302,0.49999999999999434,-0.17613805695952112
2,60.0,80.0,10.0,122,2032190605,0.4927348778099798,0.0,-0.17613805695952112
2,60.0,80.0,10.0,123,2032190605,0.19273487780998266,0.0,-0.17613805695952112
2,60.0,80.0,10.0,124,2032190605,-0.6072651221900145,0.0,-0.17613805695952112
2,60.0,80.0,10.0,125,2032190605,0.292734877809977,0.0,-0.17613805695952112
2,60.0,80.0,10.0,126,2032190605,0.09273487780997414,0.49999999999999434,0.3238619430404796
2,60.0,80.0,10.0,127,2032190605,0.09273487780997414,0.0,-0.17613805695952112
2,60.0,80.0,10.0,128,2032190605,0.09273487780997414,0.49999999999999434,-0.17613805695952112
2,60.0,80.0,10.0,129,2032190605,0.792734877809977,-0.49999999999999434,-0.17613805695952112
2,60.0,80.0,10.0,130,2032190605,-0.7072651221900088,0.0,0.3238619430404796
2,60.0,80.0,10.0,131,2032190605,-0.1072651221900145,0.0,-0.17613805695952112
2,60.0,80.0,10.0,132,2032190605,0.3927348778099855,0.0,-0.17613805695952112
2,60.0,80.0,10.0,133,2032190605,-0.20726512219002302,0.0,-0.17613805695952112
2,60.0,80.0,10.0,134,2032190605,-0.20726512219002302,0.0,0.3238619430404796
2,60.0,80.0,10.0,135,2032190605,-0.1072651221900145,0.0,-0.17613805695952112
2,60.0,80.0,10.0,136,2032190605,-0.1072651221900145,0.49999999999999434,0.3238619430404796
2,60.0,80.0,10.0,137,2032190605,0.5927348778099741,0.0,0.3238619430404796
2,60.0,80.0,10.0,138,2032190605,-0.007265122190020179,-0.49999999999999434,-0.17613805695952112
2,60.0,80.0,10.0,139,2032190605,0.6927348778099827,0.0,-0.17613805695952112
2,60.0,80.0,10.0,140,2032190605,-0.20726512219002302,0.0,0.3238619430404796
2,60.0,80.0,10.0,141,2032190605,0.4927348778099798,0.0,-0.17613805695952112
2,60.0,80.0,10.0,142,2032190605,0.19273487780998266,0.0,0.3238619430404796
2,60.0,80.0,10.0,143,2032190605,0.4927348778099798,0.0,-0.17613805695952112
2,60.0,80.0,10.0,144,2032190605,0.09273487780997414,0.49999999999999434,0.3238619430404796
2,60.0,80.0,10.0,145,2032190605,-0.6072651221900145,0.49999999999999434,-0.17613805695952112
2,60.0,80.0,10.0,146,2032190605,0.9927348778099798,0.0,-0.17613805695952112
2,60.0,80.0,10.0,147,2032190605,-0.20726512219002302,0.0,0.3238619430404796
2,60.0,80.0,10.0,148,2032190605,0.3927348778099855,-0.49999999999999434,-0.17613805695952112
2,60.0,80.0,10.0,149,2032190605,1.8927348778099713,0.0,-0.17613805695952112
2,60.0,80.0,10.0,150,2032190605,-0.30726512219001734,0.0,-0.17613805695952112
2,60.0,80.0,10.0,151,2032190605,0.09273487780997414,0.0,0.3238619430404796
2,60.0,80.0,10.0,152,2032190605,0.19273487780998266,0.0,0.3238619430404796
2,60.0,80.0,10.0,153,2032190605,-0.6072651221900145,0.0,0.3238619430404796
2,60.0,80.0,10.0,154,2032190605,0.09273487780997414,0.0,-0.17613805695952112
2,60.0,80.0,10.0,155,2032190605,0.5927348778099741,0.49999999999999434,-0.17613805695952112
2,60.0,80.0,10.0,156,2032190605,-0.40726512219001165,0.0,-0.17613805695952112
2,60.0,80.0,10.0,157,2032190605,0.09273487780997414,0.0,-0.17613805695952112
2,60.0,80.0,10.0,158,2032190605,0.3927348778099855,0.0,-0.17613805695952112
2,60.0,80.0,10.0,159,2032190605,-0.20726512219002302,0.0,-0.17613805695952112
2,60.0,80.0,10.0,160,2032190605,0.292734877809977,0.0,-0.17613805695952112
2,60.0,80.0,10.0,161,2032190605,-0.30726512219001734,0.0,-0.17613805695952112
2,60.0,80.0,10.0,162,2032190605,-0.1072651221900145,0.0,-0.17613805695952112
2,60.0,80.0,10.0,163,2032190605,0.09273487780997414,0.0,-0.17613805695952112
2,60.0,80.0,10.0,164,2032190605,0.19273487780998266,0.0,-0.17613805695952112
2,60.0,80.0,10.0,165,2032190605,-0.30726512219001734,0.0,0.3238619430404796
2,60.0,80.0,10.0,166,2032190605,0.3927348778099855,0.0,-0.17613805695952112
2,60.0,80.0,10.0,167,2032190605,-0.7072651221900088,0.0,0.3238619430404796
2,60.0,80.0,10.0,168,2032190605,0.6927348778099827,0.0,-0.17613805695952112
2,60.0,80.0,10.0,169,2032190605,0.19273487780998266,0.0,0.3238619430404796
2,60.0,80.0,10.0,170,2032190605,0.09273487780997414,-0.49999999999999434,-0.17613805695952112
2,60.0,80.0,10.0,171,2032190605,0.5927348778099741,0.0,0.3238619430404796
2,60.0,80.0,10.0,172,2032190605,0.292734877809977,0.0,-0.17613805695952112
2,60.0,80.0,10.0,173,2032190605,-0.5072651221900202,0.0,0.3238619430404796
2,60.0,80.0,10.0,174,2032190605,0.5927348778099741,0.0,0.3238619430404796
2,60.0,80.0,10.0,175,2032190605,-0.30726512219001734,0.0,0.3238619430404796
2,60.0,80.0,10.0,176,2032190605,0.09273487780997414,0.0,-0.17613805695952112
2,60.0,80.0,10.0,177,2032190605,0.19273487780998266,0.0,-0.17613805695952112
2,60.0,80.0,10.0,178,2032190605,-0.5072651221900202,0.0,-0.17613805695952112
2,60.0,80.0,10.0,179,2032190605,0.09273487780997414,0.0,-0.17613805695952112
2,60.0,80.0,10.0,180,2032190605,-0.1072651221900145,0.0,-0.17613805695952112
2,60.0,80.0,10.0,181,2032190605,-0.20726512219002302,-0.49999999999999434,-0.17613805695952112
2,60.0,80.0,10.0,182,2032190605,0.09273487780997414,0.0,-0.17613805695952112
2,60.0,80.0,10.0,183,2032190605,-0.5072651221900202,0.0,-0.17613805695952112
2,60.0,80.0,10.0,184,2032190605,0.09273487780997414,0.0,-0.17613805695952112
2,60.0,80.0,10.0,185,2032190605,-0.007265122190020179,-0.49999999999999434,-0.17613805695952112
2,60.0,80.0,10.0,186,2032190605,-0.20726512219002302,0.0,0.3238619430404796
2,60.0,80.0,10.0,187,2032190605,0.09273487780997414,0.0,-0.17613805695952112
2,60.0,80.0,10.0,188,2032190605,-0.40726512219001165,-0.49999999999999434,0.3238619430404796
2,60.0,80.0,10.0,189,2032190605,0.292734877809977,0.49999999999999434,-0.17613805695952112
2,60.0,80.0,10.0,190,2032190605,-0.40726512219001165,0.0,-0.17613805695952112
2,60.0,80.0,10.0,191,2032190605,0.3927348778099855,-0.49999999999999434,0.3238619430404796
2,60.0,80.0,10.0,192,2032190605,-0.8072651221900173,0.0,0.3238619430404796
2,60.0,80.0,10.0,193,2032190605,0.292734877809977,0.0,-0.17613805695952112
2,60.0,80.0,10.0,194,2032190605,0.09273487780997414,-0.49999999999999434,0.3238619430404796
2,60.0,80.0,10.0,195,2032190605,-0.6072651221900145,0.0,0.3238619430404796
2,60.0,80.0,10.0,196,2032190605,0.3927348778099855,0.0,-0.17613805695952112
2,60.0,80.0,10.0,197,2032190605,-0.20726512219002302,0.0,0.3238619430404796
2,60.0,80.0,10.0,198,2032190605,0.3927348778099855,0.0,-0.17613805695952112
2,60.0,80.0,10.0,199,2032190605,-0.007265122190020179,0.0,-0.17613805695952112
3,30.0,100.0,-15.0,0,2032190700,107.01803040911301,-10.500000000000009,-49.90755193052585
3,30.0,100.0,-15.0,1,2032190700,54.2180304091132,-47.0,12.59244806947416
3,30.0,100.0,-15.0,2,2032190700,44.41803040911324,-6.999999999999997,15.092448069474157
3,30.0,100.0,-15.0,3,2032190700,-68.98196959088637,18.99999999999999,-51.90755193052584
3,30.0,100.0,-15.0,4,2032190700,-4.581969590886601,2.9999999999999916,1.5924480694741574
3,30.0,100.0,-15.0,5,2032190700,-59.4819695908864,-90.0,44.592448069474166
3,30.0,100.0,-15.0,6,2032190700,-14.581969590886558,2.4999999999999973,-39.40755193052584
3,30.0,100.0,-15.0,7,2032190700,137.3180304091129,9.499999999999995,5.092448069474159
3,30.0,100.0,-15.0,8,2032190700,-93.98196959088628,-29.999999999999993,-42.40755193052584
3,30.0,100.0,-15.0,9,2032190700,-34.181969590886496,33.00000000000001,-57.90755193052585
3,30.0,100.0,-15.0,10,2032190700,89.81803040911308,-48.000000000000014,33.59244806947416
3,30.0,100.0,-15.0,11,2032190700,2.1180304091133735,1.5000000000000084,2.092448069474158
3,30.0,100.0,-15.0,12,2032190700,30.018030409113265,-15.500000000000004,-55.407551930525834
3,30.0,100.0,-15.0,13,2032190700,13.71803040911334,-7.499999999999991,-2.407551930525842
3,30.0,100.0,-15.0,14,2032190700,-46.38196959088645,59.500000000000014,7.59244806947416
3,30.0,100.0,-15.0,15,2032190700,107.618030409113,45.0,35.592448069474166
3,30.0,100.0,-15.0,16,2032190700,-61.3819695908864,-12.50000000000001,-14.407551930525843
3,30.0,100.0,-15.0,17,2032190700,108.91803040911299,-90.0,12.092448069474159
3,30.0,100.0,-15.0,18,2032190700,-4.781969590886604,-1.5000000000000084,2.592448069474159
3,30.0,100.0,-15.0,19,2032190700,3.518030409113379,-2.0000000000000027,1.5924480694741574
3,30.0,100.0,-15.0,20,2032190700,135.4180304091129,90.0,-73.90755193052584
3,30.0,100.0,-15.0,21,2032190700,-7.881969590886584,65.00000000000003,22.092448069474163
3,30.0,100.0,-15.0,22,2032190700,-61.2819695908864,-80.0,-58.90755193052585
3,30.0,100.0,-15.0,23,2032190700,-23.481969590886536,-39.499999999999986,59.092448069474166
3,30.0,100.0,-15.0,24,2032190700,50.01803040911321,-4.999999999999995,-24.90755193052584
3,30.0,100.0,-15.0,25,2032190700,-7.481969590886592,-4.5,1.0924480694741598
3,30.0,100.0,-15.0,26,2032190700,54.31803040911319,-18.0,-20.90755193052584
3,30.0,100.0,-15.0,27,2032190700,3.3180304091133763,-2.0000000000000027,5.59244806947416
3,30.0,100.0,-15.0,28,2032190700,-15.181969590886553,45.49999999999999,-90.90755193052584
3,30.0,100.0,-15.0,29,2032190700,51.81803040911319,4.999999999999995,17.09244806947416
3,30.0,100.0,-15.0,30,2032190700,-29.081969590886516,-38.5,24.09244806947416
3,30.0,100.0,-15.0,31,2032190700,2.3180304091133763,-1.5000000000000084,4.592448069474158
3,30.0,100.0,-15.0,32,2032190700,68.81803040911313,-61.49999999999999,-46.407551930525834
3,30.0,100.0,-15.0,33,2032190700,-74.78196959088635,18.99999999999999,-9.907551930525841
3,30.0,100.0,-15.0,34,2032190700,-1.3819695908866123,0.49999999999999434,3.592448069474157
3,30.0,100.0,-15.0,35,2032190700,-73.18196959088635,18.0,-14.407551930525843
3,30.0,100.0,-15.0,36,2032190700,57.918030409113186,-46.50000000000001,-74.90755193052584
3,30.0,100.0,-15.0,37,2032190700,-82.98196959088632,6.500000000000003,-1.4075519305258404
3,30.0,100.0,-15.0,38,2032190700,84.41803040911307,27.0,25.59244806947416
3,30.0,100.0,-15.0,39,2032190700,139.21803040911288,-9.0,36.09244806947416
3,30.0,100.0,-15.0,40,2032190700,32.61803040911329,-90.0,-44.90755193052584
3,30.0,100.0,-15.0,41,2032190700,122.71803040911294,67.0,-37.90755193052584
3,30.0,100.0,-15.0,42,2032190700,83.0180304091131,36.999999999999986,-13.907551930525843
3,30.0,100.0,-15.0,43,2032190700,37.81803040911325,31.5,-50.907551930525834
3,30.0,100.0,-15.0,44,2032190700,73.21803040911314,-27.0,5.59244806947416
3,30.0,100.0,-15.0,45,2032190700,-28.18196959088651,15.500000000000004,-9.907551930525841
3,30.0,100.0,-15.0,46,2032190700,-10.781969590886575,6.999999999999997,3.0924480694741594
3,30.0,100.0,-15.0,47,2032190700,89.31803040911308,-35.000000000000014,-10.907551930525841
3,30.0,100.0,-15.0,48,2032190700,-0.3819695908866123,-2.9999999999999916,-1.4075519305258404
3,30.0,100.0,-15.0,49,2032190700,2.1180304091133735,4.5,3.0924480694741594
3,30.0,100.0,-15.0,50,2032190700,9.618030409113345,-9.0,0.5924480694741592
3,30.0,100.0,-15.0,51,2032190700,-17.08196959088656,90.0,-76.40755193052584
3,30.0,100.0,-15.0,52,2032190700,-11.681969590886567,0.0,-9.907551930525841
3,30.0,100.0,-15.0,53,2032190700,51.51803040911321,38.99999999999999,-66.40755193052584
3,30.0,100.0,-15.0,54,2032190700,123.21803040911294,-9.0,-27.40755193052584
3,30.0,100.0,-15.0,55,2032190700,1.0180304091133792,2.4999999999999973,5.092448069474159
3,30.0,100.0,-15.0,56,2032190700,82.21803040911308,46.50000000000001,-15.407551930525841
3,30.0,100.0,-15.0,57,2032190700,38.41803040911324,-61.49999999999999,-16.40755193052584
3,30.0,100.0,-15.0,58,2032190700,-2.6819695908866095,-2.9999999999999916,-0.9075519305258429
3,30.0,100.0,-15.0,59,2032190700,-47.78196959088645,24.500000000000004,-51.90755193052584
3,30.0,100.0,-15.0,60,2032190700,-66.38196959088637,-19.500000000000007,-45.90755193052584
3,30.0,100.0,-15.0,61,2032190700,-40.78196959088647,18.99999999999999,4.092448069474158
3,30.0,100.0,-15.0,62,2032190700,-0.4819695908866066,-2.9999999999999916,4.092448069474158
3,30.0,100.0,-15.0,63,2032190700,45.61803040911323,13.999999999999995,-56.40755193052584
3,30.0,100.0,-15.0,64,2032190700,-80.98196959088632,-43.49999999999999,-30.90755193052584
3,30.0,100.0,-15.0,65,2032190700,43.218030409113226,-9.99999999999999,-21.90755193052584
3,30.0,100.0,-15.0,66,2032190700,-81.28196959088632,-48.000000000000014,-32.90755193052584
3,30.0,100.0,-15.0,67,2032190700,-41.88196959088646,-20.000000000000004,17.09244806947416
3,30.0,100.0,-15.0,68,2032190700,-29.18196959088651,4.999999999999995,7.59244806947416
3,30.0,100.0,-15.0,69,2032190700,1.1180304091133877,-0.49999999999999434,-3.4075519305258415
3,30.0,100.0,-15.0,70,2032190700,23.818030409113305,-24.500000000000004,26.09244806947416
3,30.0,100.0,-15.0,71,2032190700,4.218030409113368,2.0000000000000027,-1.907551930525841
3,30.0,100.0,-15.0,72,2032190700,82.71803040911308,47.5,-64.90755193052584
3,30.0,100.0,-15.0,73,2032190700,1.3180304091133763,-2.0000000000000027,2.592448069474159
3,30.0,100.0,-15.0,74,2032190700,117.61803040911298,-90.0,-50.907551930525834
3,30.0,100.0,-15.0,75,2032190700,1.0180304091133792,-0.9999999999999887,-0.9075519305258429
3,30.0,100.0,-15.0,76,2032190700,-64.18196959088638,-20.000000000000004,2.592448069474159
3,30.0,100.0,-15.0,77,2032190700,120.61803040911295,-15.500000000000004,-11.407551930525841
3,30.0,100.0,-15.0,78,2032190700,21.018030409113308,43.0,3.592448069474157
3,30.0,100.0,-15.0,79,2032190700,-30.381969590886513,17.00000000000001,-49.90755193052585
3,30.0,100.0,-15.0,80,2032190700,126.21803040911294,-20.000000000000004,-12.407551930525841
3,30.0,100.0,-15.0,81,2032190700,13.318030409113334,0.49999999999999434,5.092448069474159
3,30.0,100.0,-15.0,82,2032190700,-3.081969590886601,2.0000000000000027,1.0924480694741598
3,30.0,100.0,-15.0,83,2032190700,-59.3819695908864,-90.0,-71.40755193052584
3,30.0,100.0,-15.0,84,2032190700,112.61803040911298,-29.999999999999993,-75.90755193052584
3,30.0,100.0,-15.0,85,2032190700,-29.5819695908865,-32.500000000000014,-72.40755193052586
3,30.0,100.0,-15.0,86,2032190700,136.4180304091129,49.99999999999999,-21.40755193052584
3,30.0,100.0,-15.0,87,2032190700,-82.88196959088631,-37.50000000000001,-29.407551930525837
3,30.0,100.0,-15.0,88,2032190700,70.61803040911315,-90.0,47.592448069474166
3,30.0,100.0,-15.0,89,2032190700,-65.98196959088638,71.50000000000003,-42.90755193052584
3,30.0,100.0,-15.0,90,2032190700,3.3180304091133763,2.0000000000000027,-0.9075519305258429
3,30.0,100.0,-15.0,91,2032190700,-4.181969590886595,4.000000000000005,10.09244806947416
3,30.0,100.0,-15.0,92,2032190700,35.31803040911325,4.999999999999995,-58.90755193052585
3,30.0,100.0,-15.0,93,2032190700,1.4180304091133848,1.5000000000000084,0.5924480694741592
3,30.0,100.0,-15.0,94,2032190700,124.41803040911296,52.00000000000002,16.59244806947416
3,30.0,100.0,-15.0,95,2032190700,88.71803040911308,-90.0,48.59244806947416
3,30.0,100.0,-15.0,96,2032190700,-57.58196959088641,-24.999999999999996,-22.90755193052584
3,30.0,100.0,-15.0,97,2032190700,-29.18196959088651,-45.999999999999986,-37.40755193052584
3,30.0,100.0,-15.0,98,2032190700,116.61803040911298,-17.00000000000001,-12.407551930525841
3,30.0,100.0,-15.0,99,2032190700,1.9180304091133848,-2.9999999999999916,-1.907551930525841
3,30.0,100.0,-15.0,100,2032190700,1.1180304091133877,-0.9999999999999887,-1.907551930525841
3,30.0,100.0,-15.0,101,2032190700,32.018030409113265,0.9999999999999887,-10.407551930525843
3,30.0,100.0,-15.0,102,2032190700,78.61803040911312,7.499999999999991,-14.407551930525843
3,30.0,100.0,-15.0,103,2032190700,-54.38196959088642,-38.5,-26.40755193052584
3,30.0,100.0,-15.0,104,2032190700,146.01803040911287,-90.0,2.092448069474158
3,30.0,100.0,-15.0,105,2032190700,-20.281969590886547,-53.000000000000014,-7.907551930525842
3,30.0,100.0,-15.0,106,2032190700,60.618030409113175,-51.5,-77.90755193052584
3,30.0,100.0,-15.0,107,2032190700,-54.08196959088642,-90.0,-50.907551930525834
3,30.0,100.0,-15.0,108,2032190700,-2.281969590886604,1.5000000000000084,1.5924480694741574
3,30.0,100.0,-15.0,109,2032190700,-11.281969590886575,90.0,51.092448069474166
3,30.0,100.0,-15.0,110,2032190700,-35.98196959088648,90.0,34.592448069474166
3,30.0,100.0,-15.0,111,2032190700,103.01803040911301,71.00000000000001,-20.40755193052584
3,30.0,100.0,-15.0,112,2032190700,-67.58196959088637,31.5,-57.40755193052584
3,30.0,100.0,-15.0,113,2032190700,96.91803040911304,-72.5,44.592448069474166
3,30.0,100.0,-15.0,114,2032190700,47.31803040911322,-90.0,-50.907551930525834
3,30.0,100.0,-15.0,115,2032190700,-26.78196959088652,29.499999999999996,-46.407551930525834
3,30.0,100.0,-15.0,116,2032190700,-1.5819695908866152,0.9999999999999887,-6.407551930525841
3,30.0,100.0,-15.0,117,2032190700,5.318030409113362,4.999999999999995,6.092448069474157
3,30.0,100.0,-15.0,118,2032190700,-0.7819695908866038,0.0,-1.4075519305258404
3,30.0,100.0,-15.0,119,2032190700,132.3180304091129,11.999999999999991,24.59244806947416
3,30.0,100.0,-15.0,120,2032190700,-3.881969590886598,4.000000000000005,2.092448069474158
3,30.0,100.0,-15.0,121,2032190700,-87.1819695908863,-51.00000000000001,-15.407551930525841
3,30.0,100.0,-15.0,122,2032190700,82.9180304091131,-90.0,25.09244806947416
3,30.0,100.0,-15.0,123,2032190700,3.8180304091133763,-1.5000000000000084,-0.9075519305258429
3,30.0,100.0,-15.0,124,2032190700,130.7180304091129,20.999999999999993,4.592448069474158
3,30.0,100.0,-15.0,125,2032190700,-26.98196959088652,2.0000000000000027,3.0924480694741594
3,30.0,100.0,-15.0,126,2032190700,101.11803040911303,47.0,-43.40755193052585
3,30.0,100.0,-15.0,127,2032190700,11.618030409113345,15.000000000000009,30.592448069474155
3,30.0,100.0,-15.0,128,2032190700,44.31803040911322,-70.0,-13.407551930525841
3,30.0,100.0,-15.0,129,2032190700,36.11803040911326,-29.000000000000004,-11.907551930525843
3,30.0,100.0,-15.0,130,2032190700,-43.28196959088646,42.00000000000001,3.592448069474157
3,30.0,100.0,-15.0,131,2032190700,4.818030409113362,-2.0000000000000027,-0.9075519305258429
3,30.0,100.0,-15.0,132,2032190700,1.718030409113382,0.49999999999999434,-3.4075519305258415
3,30.0,100.0,-15.0,133,2032190700,-91.78196959088629,58.50000000000003,-25.90755193052584
3,30.0,100.0,-15.0,134,2032190700,4.018030409113379,-1.5000000000000084,-2.407551930525842
3,30.0,100.0,-15.0,135,2032190700,122.61803040911295,-90.0,-32.90755193052584
3,30.0,100.0,-15.0,136,2032190700,125.31803040911294,31.999999999999993,19.59244806947416
3,30.0,100.0,-15.0,137,2032190700,-73.18196959088635,15.999999999999996,-40.90755193052584
3,30.0,100.0,-15.0,138,2032190700,58.918030409113186,-26.00000000000001,18.592448069474155
3,30.0,100.0,-15.0,139,2032190700,50.31803040911322,45.49999999999999,-73.40755193052584
3,30.0,100.0,-15.0,140,2032190700,94.71803040911306,27.99999999999999,35.09244806947416
3,30.0,100.0,-15.0,141,2032190700,45.81803040911322,34.49999999999999,30.592448069474155
3,30.0,100.0,-15.0,142,2032190700,-4.281969590886604,-6.000000000000009,5.092448069474159
3,30.0,100.0,-15.0,143,2032190700,-90.88196959088629,-54.0,-22.90755193052584
3,30.0,100.0,-15.0,144,2032190700,-13.781969590886561,-32.500000000000014,-26.90755193052584
3,30.0,100.0,-15.0,145,2032190700,1.3180304091133763,2.9999999999999916,2.592448069474159
3,30.0,100.0,-15.0,146,2032190700,-34.381969590886484,-49.99999999999999,-35.40755193052584
3,30.0,100.0,-15.0,147,2032190700,38.41803040911324,0.0,-42.40755193052584
3,30.0,100.0,-15.0,148,2032190700,-59.781969590886405,-8.500000000000005,-33.90755193052584
3,30.0,100.0,-15.0,149,2032190700,-75.88196959088634,20.999999999999993,-6.907551930525842
3,30.0,100.0,-15.0,150,2032190700,91.81803040911305,10.500000000000009,-26.40755193052584
3,30.0,100.0,-15.0,151,2032190700,56.918030409113186,45.0,-25.90755193052584
3,30.0,100.0,-15.0,152,2032190700,125.51803040911295,90.0,-48.40755193052584
3,30.0,100.0,-15.0,153,2032190700,118.61803040911298,2.4999999999999973,-3.9075519305258406
3,30.0,100.0,-15.0,154,2032190700,57.2180304091132,-24.000000000000007,-8.907551930525841
3,30.0,100.0,-15.0,155,2032190700,94.11803040911306,-25.499999999999993,-12.907551930525841
3,30.0,100.0,-15.0,156,2032190700,6.018030409113365,-0.9999999999999887,5.092448069474159
3,30.0,100.0,-15.0,157,2032190700,7.618030409113359,-3.500000000000011,7.092448069474159
3,30.0,100.0,-15.0,158,2032190700,26.4180304091133,12.50000000000001,12.59244806947416
3,30.0,100.0,-15.0,159,2032190700,111.118030409113,-13.999999999999995,-29.407551930525837
3,30.0,100.0,-15.0,160,2032190700,1.718030409113382,-2.4999999999999973,-0.9075519305258429
3,30.0,100.0,-15.0,161,2032190700,-81.98196959088632,-63.999999999999986,-11.907551930525843
3,30.0,100.0,-15.0,162,2032190700,41.218030409113254,-75.0,-35.40755193052584
3,30.0,100.0,-15.0,163,2032190700,43.31803040911322,-49.99999999999999,-40.40755193052584
3,30.0,100.0,-15.0,164,2032190700,-46.78196959088645,6.500000000000003,-9.907551930525841
3,30.0,100.0,-15.0,165,2032190700,8.218030409113354,-6.500000000000003,4.592448069474158
3,30.0,100.0,-15.0,166,2032190700,127.61803040911295,36.49999999999999,28.092448069474155
3,30.0,100.0,-15.0,167,2032190700,39.218030409113254,-35.000000000000014,-10.907551930525841
3,30.0,100.0,-15.0,168,2032190700,62.01803040911315,55.99999999999998,-29.907551930525845
3,30.0,100.0,-15.0,169,2032190700,41.61803040911323,-18.0,-27.40755193052584
3,30.0,100.0,-15.0,170,2032190700,-32.78196959088649,-38.99999999999999,6.592448069474158
3,30.0,100.0,-15.0,171,2032190700,-3.381969590886598,0.0,-3.9075519305258406
3,30.0,100.0,-15.0,172,2032190700,10.818030409113348,4.5,-45.40755193052585
3,30.0,100.0,-15.0,173,2032190700,146.01803040911287,54.50000000000002,-21.40755193052584
3,30.0,100.0,-15.0,174,2032190700,136.9180304091129,-47.5,-20.40755193052584
3,30.0,100.0,-15.0,175,2032190700,-0.6819695908866095,-2.9999999999999916,-6.907551930525842
3,30.0,100.0,-15.0,176,2032190700,1.5180304091133792,1.5000000000000084,3.592448069474157
3,30.0,100.0,-15.0,177,2032190700,42.91803040911324,-79.5,-38.40755193052584
3,30.0,100.0,-15.0,178,2032190700,11.918030409113342,-1.5000000000000084,0.09244806947415848
3,30.0,100.0,-15.0,179,2032190700,-93.98196959088628,38.5,33.09244806947415
3,30.0,100.0,-15.0,180,2032190700,61.618030409113175,23.500000000000014,36.09244806947416
3,30.0,100.0,-15.0,181,2032190700,67.11803040911315,-90.0,8.592448069474157
3,30.0,100.0,-15.0,182,2032190700,141.5180304091129,27.0,-0.4075519305258422
3,30.0,100.0,-15.0,183,2032190700,114.21803040911297,29.999999999999993,-15.907551930525841
3,30.0,100.0,-15.0,184,2032190700,5.218030409113368,-0.9999999999999887,-1.907551930525841
3,30.0,100.0,-15.0,185,2032190700,59.31803040911316,18.99999999999999,5.59244806947416
3,30.0,100.0,-15.0,186,2032190700,117.31803040911296,15.999999999999996,-44.90755193052584
3,30.0,100.0,-15.0,187,2032190700,-88.2819695908863,-47.5,-33.40755193052584
3,30.0,100.0,-15.0,188,2032190700,6.618030409113359,-0.49999999999999434,-2.407551930525842
3,30.0,100.0,-15.0,189,2032190700,-73.58196959088636,-49.5,32.092448069474166
3,30.0,100.0,-15.0,190,2032190700,146.01803040911287,-36.0,-32.90755193052584
3,30.0,100.0,-15.0,191,2032190700,-24.181969590886524,-15.000000000000009,-3.9075519305258406
3,30.0,100.0,-15.0,192,2032190700,-93.98196959088628,90.0,33.59244806947416
3,30.0,100.0,-15.0,193,2032190700,87.01803040911307,-6.500000000000003,16.59244806947416
3,30.0,100.0,-15.0,194,2032190700,-5.78196959088659,-9.499999999999995,-0.9075519305258429
3,30.0,100.0,-15.0,195,2032190700,62.41803040911316,-34.49999999999999,2.592448069474159
3,30.0,100.0,-15.0,196,2032190700,-0.281969590886618,-0.49999999999999434,-6.407551930525841
3,30.0,100.0,-15.0,197,2032190700,-34.181969590886496,10.500000000000009,37.59244806947415
3,30.0,100.0,-15.0,198,2032190700,-3.081969590886601,-0.49999999999999434,-2.907551930525841
3,30.0,100.0,-15.0,199,2032190700,94.81803040911305,9.99999999999999,-11.907551930525843
3,30.0,100.0,-10.0,0,2032190701,138.4180304091129,9.499999999999995,10.09244806947416
3,30.0,100.0,-10.0,1,2032190701,-62.98196959088639,34.49999999999999,-2.907551930525841
3,30.0,100.0,-10.0,2,2032190701,3.1180304091133735,0.9999999999999887,0.09244806947415848
3,30.0,100.0,-10.0,3,2032190701,-4.781969590886604,0.49999999999999434,0.5924480694741592
3,30.0,100.0,-10.0,4,2032190701,3.218030409113368,-0.9999999999999887,-0.4075519305258422
3,30.0,100.0,-10.0,5,2032190701,107.81803040911299,36.49999999999999,-20.90755193052584
3,30.0,100.0,-10.0,6,2032190701,-1.4819695908866066,0.49999999999999434,-0.4075519305258422
3,30.0,100.0,-10.0,7,2032190701,146.01803040911287,24.000000000000007,5.092448069474159
3,30.0,100.0,-10.0,8,2032190701,4.1180304091133735,0.49999999999999434,0.5924480694741592
3,30.0,100.0,-10.0,9,2032190701,5.318030409113362,-1.5000000000000084,3.0924480694741594
3,30.0,100.0,-10.0,10,2032190701,-2.081969590886601,-3.500000000000011,1.5924480694741574
3,30.0,100.0,-10.0,11,2032190701,127.31803040911294,38.0,26.09244806947416
3,30.0,100.0,-10.0,12,2032190701,102.81803040911302,0.9999999999999887,-6.907551930525842
3,30.0,100.0,-10.0,13,2032190701,-0.5819695908866152,0.9999999999999887,-1.4075519305258404
3,30.0,100.0,-10.0,14,2032190701,1.0180304091133792,-2.0000000000000027,1.5924480694741574
3,30.0,100.0,-10.0,15,2032190701,-0.281969590886618,0.49999999999999434,4.092448069474158
3,30.0,100.0,-10.0,16,2032190701,-2.381969590886598,-2.4999999999999973,-0.4075519305258422
3,30.0,100.0,-10.0,17,2032190701,-3.9819695908865924,-2.0000000000000027,-0.4075519305258422
3,30.0,100.0,-10.0,18,2032190701,4.518030409113365,0.0,1.5924480694741574
3,30.0,100.0,-10.0,19,2032190701,5.018030409113365,-0.9999999999999887,0.5924480694741592
3,30.0,100.0,-10.0,20,2032190701,11.318030409113348,-4.000000000000005,-0.4075519305258422
3,30.0,100.0,-10.0,21,2032190701,-0.08196959088661515,1.5000000000000084,1.5924480694741574
3,30.0,100.0,-10.0,22,2032190701,3.218030409113368,-0.9999999999999887,-0.9075519305258429
3,30.0,100.0,-10.0,23,2032190701,144.21803040911288,54.999999999999986,-8.907551930525841
3,30.0,100.0,-10.0,24,2032190701,3.8180304091133763,0.9999999999999887,3.0924480694741594
3,30.0,100.0,-10.0,25,2032190701,1.718030409113382,0.49999999999999434,-3.4075519305258415
3,30.0,100.0,-10.0,26,2032190701,-1.0819695908866152,-0.49999999999999434,-1.907551930525841
3,30.0,100.0,-10.0,27,2032190701,94.71803040911306,66.49999999999999,-90.90755193052584
3,30.0,100.0,-10.0,28,2032190701,-61.181969590886396,-6.000000000000009,-43.40755193052585
3,30.0,100.0,-10.0,29,2032190701,8.318030409113362,0.49999999999999434,-1.4075519305258404
3,30.0,100.0,-10.0,30,2032190701,0.8180304091133905,2.0000000000000027,2.592448069474159
3,30.0,100.0,-10.0,31,2032190701,-2.781969590886604,-0.9999999999999887,0.09244806947415848
3,30.0,100.0,-10.0,32,2032190701,92.31803040911305,-22.5,-19.407551930525845
3,30.0,100.0,-10.0,33,2032190701,1.218030409113382,0.0,0.5924480694741592
3,30.0,100.0,-10.0,34,2032190701,82.11803040911309,75.49999999999999,5.092448069474159
3,30.0,100.0,-10.0,35,2032190701,-0.18196959088660947,-0.49999999999999434,3.0924480694741594
3,30.0,100.0,-10.0,36,2032190701,-2.6819695908866095,2.0000000000000027,-2.407551930525842
3,30.0,100.0,-10.0,37,2032190701,-0.4819695908866066,0.49999999999999434,3.0924480694741594
3,30.0,100.0,-10.0,38,2032190701,-4.781969590886604,-2.4999999999999973,-2.407551930525842
3,30.0,100.0,-10.0,39,2032190701,32.91803040911327,-3.500000000000011,4.092448069474158
3,30.0,100.0,-10.0,40,2032190701,-21.38196959088654,-44.50000000000001,-90.40755193052584
3,30.0,100.0,-10.0,41,2032190701,-55.68196959088642,11.000000000000004,-27.40755193052584
3,30.0,100.0,-10.0,42,2032190701,128.01803040911292,-40.00000000000001,-27.90755193052584
3,30.0,100.0,-10.0,43,2032190701,-5.78196959088659,-1.5000000000000084,0.5924480694741592
3,30.0,100.0,-10.0,44,2032190701,1.5180304091133792,0.9999999999999887,-1.907551930525841
3,30.0,100.0,-10.0,45,2032190701,-1.4819695908866066,1.5000000000000084,0.5924480694741592
3,30.0,100.0,-10.0,46,2032190701,131.2180304091129,11.000000000000004,-31.90755193052584
3,30.0,100.0,-10.0,47,2032190701,0.718030409113382,-0.9999999999999887,-2.907551930525841
3,30.0,100.0,-10.0,48,2032190701,-69.38196959088637,6.500000000000003,-33.90755193052584
3,30.0,100.0,-10.0,49,2032190701,5.6180304091133735,-0.49999999999999434,3.0924480694741594
3,30.0,100.0,-10.0,50,2032190701,107.51803040911301,-45.49999999999999,15.092448069474157
3,30.0,100.0,-10.0,51,2032190701,2.1180304091133735,2.0000000000000027,0.5924480694741592
3,30.0,100.0,-10.0,52,2032190701,0.8180304091133905,1.5000000000000084,-1.4075519305258404
3,30.0,100.0,-10.0,53,2032190701,-1.4819695908866066,-2.0000000000000027,0.5924480694741592
3,30.0,100.0,-10.0,54,2032190701,136.0180304091129,27.99999999999999,-43.40755193052585
3,30.0,100.0,-10.0,55,2032190701,-61.581969590886395,-68.0,-20.40755193052584
3,30.0,100.0,-10.0,56,2032190701,-3.381969590886598,2.0000000000000027,-0.4075519305258422
3,30.0,100.0,-10.0,57,2032190701,-54.68196959088642,38.5,-25.40755193052584
3,30.0,100.0,-10.0,58,2032190701,6.318030409113362,-4.000000000000005,1.5924480694741574
3,30.0,100.0,-10.0,59,2032190701,-1.0819695908866152,-1.5000000000000084,2.092448069474158
3,30.0,100.0,-10.0,60,2032190701,3.6180304091133735,-2.4999999999999973,-1.907551930525841
3,30.0,100.0,-10.0,61,2032190701,69.71803040911314,-3.500000000000011,-38.40755193052584
3,30.0,100.0,-10.0,62,2032190701,11.21803040911334,-10.500000000000009,-1.4075519305258404
3,30.0,100.0,-10.0,63,2032190701,9.818030409113348,1.5000000000000084,6.092448069474157
3,30.0,100.0,-10.0,64,2032190701,5.718030409113368,0.0,2.092448069474158
3,30.0,100.0,-10.0,65,2032190701,6.118030409113359,-0.49999999999999434,-1.4075519305258404
3,30.0,100.0,-10.0,66,2032190701,-7.581969590886587,-3.500000000000011,-2.407551930525842
3,30.0,100.0,-10.0,67,2032190701,-3.1819695908866095,-2.4999999999999973,-0.4075519305258422
3,30.0,100.0,-10.0,68,2032190701,4.918030409113371,-2.0000000000000027,2.592448069474159
3,30.0,100.0,-10.0,69,2032190701,2.218030409113382,0.9999999999999887,0.5924480694741592
3,30.0,100.0,-10.0,70,2032190701,1.5180304091133792,2.0000000000000027,0.5924480694741592
3,30.0,100.0,-10.0,71,2032190701,-4.681969590886595,-2.0000000000000027,0.09244806947415848
3,30.0,100.0,-10.0,72,2032190701,16.318030409113334,13.999999999999995,-32.90755193052584
3,30.0,100.0,-10.0,73,2032190701,-0.18196959088660947,-0.49999999999999434,1.0924480694741598
3,30.0,100.0,-10.0,74,2032190701,1.8180304091133763,-0.9999999999999887,0.09244806947415848
3,30.0,100.0,-10.0,75,2032190701,-93.98196959088628,-27.0,-25.40755193052584
3,30.0,100.0,-10.0,76,2032190701,75.61803040911312,9.0,40.59244806947416
3,30.0,100.0,-10.0,77,2032190701,2.6180304091133735,2.9999999999999916,-1.4075519305258404
3,30.0,100.0,-10.0,78,2032190701,1.8180304091133763,2.0000000000000027,0.5924480694741592
3,30.0,100.0,-10.0,79,2032190701,120.21803040911297,-43.0,17.09244806947416
3,30.0,100.0,-10.0,80,2032190701,-1.6819695908866095,-2.4999999999999973,-0.9075519305258429
3,30.0,100.0,-10.0,81,2032190701,-0.4819695908866066,-1.5000000000000084,1.0924480694741598
3,30.0,100.0,-10.0,82,2032190701,-1.6819695908866095,-0.49999999999999434,-0.4075519305258422
3,30.0,100.0,-10.0,83,2032190701,-0.08196959088661515,-0.49999999999999434,0.09244806947415848
3,30.0,100.0,-10.0,84,2032190701,1.4180304091133848,-2.0000000000000027,-0.9075519305258429
3,30.0,100.0,-10.0,85,2032190701,-0.8819695908866123,0.9999999999999887,1.0924480694741598
3,30.0,100.0,-10.0,86,2032190701,-7.881969590886584,-0.9999999999999887,-3.9075519305258406
3,30.0,100.0,-10.0,87,2032190701,3.218030409113368,-0.49999999999999434,-1.4075519305258404
3,30.0,100.0,-10.0,88,2032190701,-4.881969590886598,-2.4999999999999973,1.0924480694741598
3,30.0,100.0,-10.0,89,2032190701,0.9180304091133848,-2.0000000000000027,2.092448069474158
3,30.0,100.0,-10.0,90,2032190701,-1.5819695908866152,2.4999999999999973,0.09244806947415848
3,30.0,100.0,-10.0,91,2032190701,141.5180304091129,-56.5,0.09244806947415848
3,30.0,100.0,-10.0,92,2032190701,3.218030409113368,-0.49999999999999434,1.5924480694741574
3,30.0,100.0,-10.0,93,2032190701,-1.7819695908866038,0.49999999999999434,-0.4075519305258422
3,30.0,100.0,-10.0,94,2032190701,44.718030409113226,-6.500000000000003,-34.40755193052585
3,30.0,100.0,-10.0,95,2032190701,1.5180304091133792,0.0,-1.907551930525841
3,30.0,100.0,-10.0,96,2032190701,-27.48196959088652,-57.499999999999986,-0.4075519305258422
3,30.0,100.0,-10.0,97,2032190701,93.71803040911306,-43.49999999999999,-13.407551930525841
3,30.0,100.0,-10.0,98,2032190701,-1.1819695908866095,-0.9999999999999887,1.5924480694741574
3,30.0,100.0,-10.0,99,2032190701,129.01803040911292,11.999999999999991,-50.40755193052584
3,30.0,100.0,-10.0,100,2032190701,-1.2819695908866038,-2.4999999999999973,1.0924480694741598
3,30.0,100.0,-10.0,101,2032190701,-3.081969590886601,-0.9999999999999887,0.5924480694741592
3,30.0,100.0,-10.0,102,2032190701,31.218030409113283,0.0,-10.407551930525843
3,30.0,100.0,-10.0,103,2032190701,70.61803040911315,33.5,14.092448069474155
3,30.0,100.0,-10.0,104,2032190701,-89.4819695908863,59.500000000000014,-16.40755193052584
3,30.0,100.0,-10.0,105,2032190701,-93.98196959088628,90.0,-51.90755193052584
3,30.0,100.0,-10.0,106,2032190701,119.61803040911295,-71.5,-32.40755193052584
3,30.0,100.0,-10.0,107,2032190701,-83.68196959088633,-27.0,-18.907551930525845
3,30.0,100.0,-10.0,108,2032190701,49.918030409113214,49.00000000000001,41.59244806947416
3,30.0,100.0,-10.0,109,2032190701,-2.281969590886604,0.49999999999999434,-0.9075519305258429
3,30.0,100.0,-10.0,110,2032190701,-1.0819695908866152,-2.0000000000000027,-0.9075519305258429
3,30.0,100.0,-10.0,111,2032190701,-0.7819695908866038,-2.0000000000000027,1.0924480694741598
3,30.0,100.0,-10.0,112,2032190701,-1.6819695908866095,1.5000000000000084,1.0924480694741598
3,30.0,100.0,-10.0,113,2032190701,-17.98196959088655,-42.5,-10.907551930525841
3,30.0,100.0,-10.0,114,2032190701,1.0180304091133792,0.9999999999999887,-0.4075519305258422
3,30.0,100.0,-10.0,115,2032190701,0.31803040911339053,0.0,0.5924480694741592
3,30.0,100.0,-10.0,116,2032190701,1.9180304091133848,0.49999999999999434,-0.4075519305258422
3,30.0,100.0,-10.0,117,2032190701,5.718030409113368,0.0,1.5924480694741574
3,30.0,100.0,-10.0,118,2032190701,-0.7819695908866038,-0.9999999999999887,3.0924480694741594
3,30.0,100.0,-10.0,119,2032190701,88.41803040911307,-31.5,-55.90755193052584
3,30.0,100.0,-10.0,120,2032190701,-64.28196959088638,-47.5,2.592448069474159
3,30.0,100.0,-10.0,121,2032190701,4.1180304091133735,-0.49999999999999434,0.09244806947415848
3,30.0,100.0,-10.0,122,2032190701,134.9180304091129,13.5,-59.40755193052584
3,30.0,100.0,-10.0,123,2032190701,67.31803040911313,-47.0,-57.40755193052584
3,30.0,100.0,-10.0,124,2032190701,-13.38196959088657,0.9999999999999887,4.592448069474158
3,30.0,100.0,-10.0,125,2032190701,-51.28196959088643,59.999999999999986,32.59244806947416
3,30.0,100.0,-10.0,126,2032190701,2.3180304091133763,2.9999999999999916,-0.4075519305258422
3,30.0,100.0,-10.0,127,2032190701,5.918030409113371,2.9999999999999916,3.0924480694741594
3,30.0,100.0,-10.0,128,2032190701,91.11803040911306,-11.999999999999991,-23.407551930525845
3,30.0,100.0,-10.0,129,2032190701,-4.881969590886598,2.4999999999999973,0.09244806947415848
3,30.0,100.0,-10.0,130,2032190701,61.81803040911316,16.499999999999993,-10.907551930525841
3,30.0,100.0,-10.0,131,2032190701,125.41803040911293,41.500000000000014,-26.40755193052584
3,30.0,100.0,-10.0,132,2032190701,-25.48196959088652,49.00000000000001,-37.40755193052584
3,30.0,100.0,-10.0,133,2032190701,-40.48196959088647,-50.500000000000014,-22.40755193052584
3,30.0,100.0,-10.0,134,2032190701,-84.68196959088631,42.00000000000001,-33.40755193052584
3,30.0,100.0,-10.0,135,2032190701,3.4180304091133706,1.5000000000000084,-0.4075519305258422
3,30.0,100.0,-10.0,136,2032190701,115.61803040911298,90.0,-61.40755193052585
3,30.0,100.0,-10.0,137,2032190701,1.218030409113382,0.49999999999999434,-1.907551930525841
3,30.0,100.0,-10.0,138,2032190701,-0.3819695908866123,-0.49999999999999434,2.092448069474158
3,30.0,100.0,-10.0,139,2032190701,1.0180304091133792,-0.49999999999999434,0.09244806947415848
3,30.0,100.0,-10.0,140,2032190701,0.11803040911338769,2.0000000000000027,2.092448069474158
3,30.0,100.0,-10.0,141,2032190701,0.018030409113379164,-2.0000000000000027,2.592448069474159
3,30.0,100.0,-10.0,142,2032190701,-1.6819695908866095,-0.49999999999999434,-1.907551930525841
3,30.0,100.0,-10.0,143,2032190701,-8.781969590886575,0.9999999999999887,-2.407551930525842
3,30.0,100.0,-10.0,144,2032190701,-2.281969590886604,-0.49999999999999434,0.5924480694741592
3,30.0,100.0,-10.0,145,2032190701,134.7180304091129,34.49999999999999,-5.407551930525841
3,30.0,100.0,-10.0,146,2032190701,-40.18196959088647,48.000000000000014,-65.90755193052584
3,30.0,100.0,-10.0,147,2032190701,-2.381969590886598,-1.5000000000000084,-0.4075519305258422
3,30.0,100.0,-10.0,148,2032190701,1.718030409113382,-0.49999999999999434,-0.9075519305258429
3,30.0,100.0,-10.0,149,2032190701,1.718030409113382,0.49999999999999434,2.592448069474159
3,30.0,100.0,-10.0,150,2032190701,-58.08196959088641,80.49999999999999,36.592448069474166
3,30.0,100.0,-10.0,151,2032190701,-3.881969590886598,-0.49999999999999434,0.5924480694741592
3,30.0,100.0,-10.0,152,2032190701,1.9180304091133848,-1.5000000000000084,1.5924480694741574
3,30.0,100.0,-10.0,153,2032190701,2.018030409113379,0.0,1.0924480694741598
3,30.0,100.0,-10.0,154,2032190701,0.718030409113382,-0.49999999999999434,1.5924480694741574
3,30.0,100.0,-10.0,155,2032190701,93.21803040911306,-54.49999999999999,12.092448069474159
3,30.0,100.0,-10.0,156,2032190701,-6.78196959088659,0.0,2.092448069474158
3,30.0,100.0,-10.0,157,2032190701,-81.28196959088632,-5.4999999999999885,-2.407551930525842
3,30.0,100.0,-10.0,158,2032190701,104.118030409113,4.000000000000005,-18.40755193052584
3,30.0,100.0,-10.0,159,2032190701,1.6180304091133735,-2.9999999999999916,0.09244806947415848
3,30.0,100.0,-10.0,160,2032190701,1.0180304091133792,-0.49999999999999434,0.09244806947415848
3,30.0,100.0,-10.0,161,2032190701,10.918030409113342,-2.0000000000000027,1.5924480694741574
3,30.0,100.0,-10.0,162,2032190701,3.218030409113368,-0.49999999999999434,2.092448069474158
3,30.0,100.0,-10.0,163,2032190701,2.018030409113379,0.9999999999999887,0.5924480694741592
3,30.0,100.0,-10.0,164,2032190701,-1.4819695908866066,0.9999999999999887,0.09244806947415848
3,30.0,100.0,-10.0,165,2032190701,-24.08196959088653,4.999999999999995,-68.40755193052584
3,30.0,100.0,-10.0,166,2032190701,-2.281969590886604,2.0000000000000027,-2.407551930525842
3,30.0,100.0,-10.0,167,2032190701,32.11803040911329,49.00000000000001,2.092448069474158
3,30.0,100.0,-10.0,168,2032190701,-1.7819695908866038,-0.49999999999999434,-0.4075519305258422
3,30.0,100.0,-10.0,169,2032190701,-5.181969590886595,-0.49999999999999434,-1.907551930525841
3,30.0,100.0,-10.0,170,2032190701,0.6180304091133877,-2.0000000000000027,0.09244806947415848
3,30.0,100.0,-10.0,171,2032190701,-3.581969590886601,-1.5000000000000084,0.09244806947415848
3,30.0,100.0,-10.0,172,2032190701,-0.3819695908866123,-0.49999999999999434,0.5924480694741592
3,30.0,100.0,-10.0,173,2032190701,-37.08196959088647,-90.0,2.092448069474158
3,30.0,100.0,-10.0,174,2032190701,-6.381969590886598,2.0000000000000027,1.0924480694741598
3,30.0,100.0,-10.0,175,2032190701,-42.58196959088646,90.0,-38.40755193052584
3,30.0,100.0,-10.0,176,2032190701,0.8180304091133905,-2.4999999999999973,1.5924480694741574
3,30.0,100.0,-10.0,177,2032190701,-77.78196959088633,-27.499999999999993,-51.40755193052584
3,30.0,100.0,-10.0,178,2032190701,121.31803040911296,-64.50000000000001,-40.90755193052584
3,30.0,100.0,-10.0,179,2032190701,130.01803040911292,8.500000000000005,-7.407551930525841
3,30.0,100.0,-10.0,180,2032190701,5.818030409113362,-0.9999999999999887,-2.407551930525842
3,30.0,100.0,-10.0,181,2032190701,-54.68196959088642,24.500000000000004,-49.40755193052584
3,30.0,100.0,-10.0,182,2032190701,-56.88196959088641,7.499999999999991,-52.90755193052584
3,30.0,100.0,-10.0,183,2032190701,0.5180304091133792,-0.49999999999999434,-0.4075519305258422
3,30.0,100.0,-10.0,184,2032190701,4.318030409113376,2.0000000000000027,0.09244806947415848
3,30.0,100.0,-10.0,185,2032190701,-1.3819695908866123,-1.5000000000000084,-0.9075519305258429
3,30.0,100.0,-10.0,186,2032190701,1.9180304091133848,-0.9999999999999887,-0.9075519305258429
3,30.0,100.0,-10.0,187,2032190701,100.01803040911304,-26.00000000000001,-43.90755193052584
3,30.0,100.0,-10.0,188,2032190701,-4.381969590886598,0.49999999999999434,-0.4075519305258422
3,30.0,100.0,-10.0,189,2032190701,-25.181969590886524,6.999999999999997,10.09244806947416
3,30.0,100.0,-10.0,190,2032190701,0.5180304091133792,0.0,-0.9075519305258429
3,30.0,100.0,-10.0,191,2032190701,-2.281969590886604,0.49999999999999434,-0.4075519305258422
3,30.0,100.0,-10.0,192,2032190701,21.618030409113317,22.000000000000007,1.0924480694741598
3,30.0,100.0,-10.0,193,2032190701,71.31803040911313,4.999999999999995,3.0924480694741594
3,30.0,100.0,-10.0,194,2032190701,14.818030409113334,15.500000000000004,-6.407551930525841
3,30.0,100.0,-10.0,195,2032190701,-6.681969590886595,-0.9999999999999887,-0.4075519305258422
3,30.0,100.0,-10.0,196,2032190701,-2.281969590886604,0.49999999999999434,0.09244806947415848
3,30.0,100.0,-10.0,197,2032190701,132.51803040911292,15.000000000000009,-24.90755193052584
3,30.0,100.0,-10.0,198,2032190701,1.1180304091133877,-1.5000000000000084,1.0924480694741598
3,30.0,100.0,-10.0,199,2032190701,-84.48196959088631,2.0000000000000027,27.092448069474163
3,30.0,100.0,-5.0,0,2032190702,-0.281969590886618,-2.0000000000000027,0.09244806947415848
3,30.0,100.0,-5.0,1,2032190702,-0.4819695908866066,2.0000000000000027,1.0924480694741598
3,30.0,100.0,-5.0,2,2032190702,-2.1819695908866095,1.5000000000000084,-0.4075519305258422
3,30.0,100.0,-5.0,3,2032190702,2.018030409113379,1.5000000000000084,-0.9075519305258429
3,30.0,100.0,-5.0,4,2032190702,-0.3819695908866123,0.0,0.5924480694741592
3,30.0,100.0,-5.0,5,2032190702,0.718030409113382,-0.49999999999999434,0.09244806947415848
3,30.0,100.0,-5.0,6,2032190702,0.5180304091133792,0.49999999999999434,-1.907551930525841
3,30.0,100.0,-5.0,7,2032190702,0.6180304091133877,-0.49999999999999434,-1.4075519305258404
3,30.0,100.0,-5.0,8,2032190702,-2.4819695908866066,-0.49999999999999434,0.09244806947415848
3,30.0,100.0,-5.0,9,2032190702,1.218030409113382,-0.9999999999999887,0.09244806947415848
3,30.0,100.0,-5.0,10,2032190702,-0.18196959088660947,0.49999999999999434,2.592448069474159
3,30.0,100.0,-5.0,11,2032190702,0.31803040911339053,0.49999999999999434,1.5924480694741574
3,30.0,100.0,-5.0,12,2032190702,1.0180304091133792,0.9999999999999887,0.09244806947415848
3,30.0,100.0,-5.0,13,2032190702,-0.281969590886618,0.0,2.092448069474158
3,30.0,100.0,-5.0,14,2032190702,-1.8819695908866123,0.0,0.09244806947415848
3,30.0,100.0,-5.0,15,2032190702,-3.081969590886601,0.0,0.5924480694741592
3,30.0,100.0,-5.0,16,2032190702,0.11803040911338769,0.49999999999999434,1.0924480694741598
3,30.0,100.0,-5.0,17,2032190702,2.418030409113385,0.9999999999999887,-0.9075519305258429
3,30.0,100.0,-5.0,18,2032190702,2.418030409113385,0.49999999999999434,-0.4075519305258422
3,30.0,100.0,-5.0,19,2032190702,0.218030409113382,-1.5000000000000084,0.09244806947415848
3,30.0,100.0,-5.0,20,2032190702,-6.481969590886592,0.49999999999999434,-0.4075519305258422
3,30.0,100.0,-5.0,21,2032190702,0.5180304091133792,-0.49999999999999434,0.09244806947415848
3,30.0,100.0,-5.0,22,2032190702,-1.6819695908866095,-0.49999999999999434,0.5924480694741592
3,30.0,100.0,-5.0,23,2032190702,0.218030409113382,0.0,0.5924480694741592
3,30.0,100.0,-5.0,24,2032190702,1.0180304091133792,-0.49999999999999434,0.5924480694741592
3,30.0,100.0,-5.0,25,2032190702,4.1180304091133735,-1.5000000000000084,0.09244806947415848
3,30.0,100.0,-5.0,26,2032190702,-0.18196959088660947,-0.49999999999999434,-0.4075519305258422
3,30.0,100.0,-5.0,27,2032190702,-4.481969590886592,0.49999999999999434,0.09244806947415848
3,30.0,100.0,-5.0,28,2032190702,-1.8819695908866123,0.49999999999999434,0.5924480694741592
3,30.0,100.0,-5.0,29,2032190702,1.9180304091133848,-0.9999999999999887,2.592448069474159
3,30.0,100.0,-5.0,30,2032190702,-0.3819695908866123,0.49999999999999434,1.0924480694741598
3,30.0,100.0,-5.0,31,2032190702,0.218030409113382,-0.49999999999999434,-1.4075519305258404
3,30.0,100.0,-5.0,32,2032190702,-0.8819695908866123,0.49999999999999434,-0.4075519305258422
3,30.0,100.0,-5.0,33,2032190702,3.8180304091133763,-0.9999999999999887,0.09244806947415848
3,30.0,100.0,-5.0,34,2032190702,2.518030409113379,1.5000000000000084,0.5924480694741592
3,30.0,100.0,-5.0,35,2032190702,-0.9819695908866066,0.0,1.5924480694741574
3,30.0,100.0,-5.0,36,2032190702,0.41803040911338485,0.49999999999999434,-0.4075519305258422
3,30.0,100.0,-5.0,37,2032190702,41.41803040911324,1.5000000000000084,-20.90755193052584
3,30.0,100.0,-5.0,38,2032190702,1.5180304091133792,-0.49999999999999434,-0.9075519305258429
3,30.0,100.0,-5.0,39,2032190702,-2.381969590886598,1.5000000000000084,-0.9075519305258429
3,30.0,100.0,-5.0,40,2032190702,1.4180304091133848,0.9999999999999887,0.09244806947415848
3,30.0,100.0,-5.0,41,2032190702,-3.081969590886601,-0.9999999999999887,-0.4075519305258422
3,30.0,100.0,-5.0,42,2032190702,0.11803040911338769,-0.49999999999999434,1.0924480694741598
3,30.0,100.0,-5.0,43,2032190702,132.11803040911292,-57.499999999999986,-10.907551930525841
3,30.0,100.0,-5.0,44,2032190702,0.018030409113379164,0.49999999999999434,-1.4075519305258404
3,30.0,100.0,-5.0,45,2032190702,-1.0819695908866152,-0.9999999999999887,-1.907551930525841
3,30.0,100.0,-5.0,46,2032190702,0.9180304091133848,0.9999999999999887,-0.4075519305258422
3,30.0,100.0,-5.0,47,2032190702,-3.1819695908866095,1.5000000000000084,1.0924480694741598
3,30.0,100.0,-5.0,48,2032190702,0.6180304091133877,2.0000000000000027,0.5924480694741592
3,30.0,100.0,-5.0,49,2032190702,0.5180304091133792,0.49999999999999434,0.09244806947415848
3,30.0,100.0,-5.0,50,2032190702,4.018030409113379,0.49999999999999434,0.5924480694741592
3,30.0,100.0,-5.0,51,2032190702,-0.5819695908866152,-1.5000000000000084,-1.907551930525841
3,30.0,100.0,-5.0,52,2032190702,-6.78196959088659,-0.49999999999999434,-1.4075519305258404
3,30.0,100.0,-5.0,53,2032190702,-4.581969590886601,0.0,0.09244806947415848
3,30.0,100.0,-5.0,54,2032190702,-1.2819695908866038,-1.5000000000000084,-0.4075519305258422
3,30.0,100.0,-5.0,55,2032190702,-2.9819695908866066,0.9999999999999887,-0.9075519305258429
3,30.0,100.0,-5.0,56,2032190702,2.1180304091133735,-0.49999999999999434,1.0924480694741598
3,30.0,100.0,-5.0,57,2032190702,-0.7819695908866038,-0.9999999999999887,-1.4075519305258404
3,30.0,100.0,-5.0,58,2032190702,0.41803040911338485,0.49999999999999434,0.09244806947415848
3,30.0,100.0,-5.0,59,2032190702,0.218030409113382,2.0000000000000027,0.09244806947415848
3,30.0,100.0,-5.0,60,2032190702,-0.18196959088660947,-0.49999999999999434,0.5924480694741592
3,30.0,100.0,-5.0,61,2032190702,-0.4819695908866066,-0.49999999999999434,0.09244806947415848
3,30.0,100.0,-5.0,62,2032190702,1.3180304091133763,-0.9999999999999887,-0.4075519305258422
3,30.0,100.0,-5.0,63,2032190702,-1.6819695908866095,0.9999999999999887,0.09244806947415848
3,30.0,100.0,-5.0,64,2032190702,2.518030409113379,-0.9999999999999887,-0.4075519305258422
3,30.0,100.0,-5.0,65,2032190702,-2.381969590886598,-2.0000000000000027,-0.4075519305258422
3,30.0,100.0,-5.0,66,2032190702,-2.9819695908866066,0.49999999999999434,0.09244806947415848
3,30.0,100.0,-5.0,67,2032190702,8.51803040911335,0.0,0.09244806947415848
3,30.0,100.0,-5.0,68,2032190702,-76.78196959088635,-88.5,50.59244806947416
3,30.0,100.0,-5.0,69,2032190702,0.31803040911339053,-0.49999999999999434,-0.9075519305258429
3,30.0,100.0,-5.0,70,2032190702,2.518030409113379,1.5000000000000084,0.5924480694741592
3,30.0,100.0,-5.0,71,2032190702,-1.1819695908866095,0.49999999999999434,-0.9075519305258429
3,30.0,100.0,-5.0,72,2032190702,-0.18196959088660947,1.5000000000000084,-0.4075519305258422
3,30.0,100.0,-5.0,73,2032190702,-3.281969590886604,0.0,-0.4075519305258422
3,30.0,100.0,-5.0,74,2032190702,-0.9819695908866066,0.9999999999999887,-0.9075519305258429
3,30.0,100.0,-5.0,75,2032190702,-6.28196959088659,0.9999999999999887,1.5924480694741574
3,30.0,100.0,-5.0,76,2032190702,0.6180304091133877,1.5000000000000084,0.09244806947415848
3,30.0,100.0,-5.0,77,2032190702,0.8180304091133905,0.0,0.5924480694741592
3,30.0,100.0,-5.0,78,2032190702,2.518030409113379,0.9999999999999887,1.0924480694741598
3,30.0,100.0,-5.0,79,2032190702,3.3180304091133763,0.0,0.09244806947415848
3,30.0,100.0,-5.0,80,2032190702,-1.9819695908866066,-0.49999999999999434,0.09244806947415848
3,30.0,100.0,-5.0,81,2032190702,0.6180304091133877,-0.49999999999999434,0.09244806947415848
3,30.0,100.0,-5.0,82,2032190702,-2.081969590886601,0.0,0.09244806947415848
3,30.0,100.0,-5.0,83,2032190702,3.218030409113368,0.0,-0.4075519305258422
3,30.0,100.0,-5.0,84,2032190702,-0.5819695908866152,0.9999999999999887,-1.907551930525841
3,30.0,100.0,-5.0,85,2032190702,2.418030409113385,1.5000000000000084,0.09244806947415848
3,30.0,100.0,-5.0,86,2032190702,2.8180304091133763,1.5000000000000084,1.0924480694741598
3,30.0,100.0,-5.0,87,2032190702,-0.8819695908866123,1.5000000000000084,1.0924480694741598
3,30.0,100.0,-5.0,88,2032190702,-2.281969590886604,0.49999999999999434,2.092448069474158
3,30.0,100.0,-5.0,89,2032190702,0.218030409113382,0.0,0.5924480694741592
3,30.0,100.0,-5.0,90,2032190702,-0.3819695908866123,3.500000000000011,2.092448069474158
3,30.0,100.0,-5.0,91,2032190702,-0.281969590886618,0.49999999999999434,0.09244806947415848
3,30.0,100.0,-5.0,92,2032190702,3.3180304091133763,-0.9999999999999887,0.5924480694741592
3,30.0,100.0,-5.0,93,2032190702,2.218030409113382,0.0,1.0924480694741598
3,30.0,100.0,-5.0,94,2032190702,-0.9819695908866066,0.49999999999999434,-0.4075519305258422
3,30.0,100.0,-5.0,95,2032190702,1.3180304091133763,-0.9999999999999887,-0.9075519305258429
3,30.0,100.0,-5.0,96,2032190702,1.1180304091133877,0.49999999999999434,0.09244806947415848
3,30.0,100.0,-5.0,97,2032190702,76.3180304091131,-2.9999999999999916,-51.90755193052584
3,30.0,100.0,-5.0,98,2032190702,0.718030409113382,0.49999999999999434,-0.9075519305258429
3,30.0,100.0,-5.0,99,2032190702,51.6180304091132,-26.00000000000001,12.59244806947416
3,30.0,100.0,-5.0,100,2032190702,-1.8819695908866123,-2.4999999999999973,-0.4075519305258422
3,30.0,100.0,-5.0,101,2032190702,-1.5819695908866152,-0.9999999999999887,0.09244806947415848
3,30.0,100.0,-5.0,102,2032190702,3.8180304091133763,0.0,0.09244806947415848
3,30.0,100.0,-5.0,103,2032190702,-0.5819695908866152,0.0,1.0924480694741598
3,30.0,100.0,-5.0,104,2032190702,-2.4819695908866066,0.49999999999999434,0.09244806947415848
3,30.0,100.0,-5.0,105,2032190702,-2.381969590886598,0.49999999999999434,-1.907551930525841
3,30.0,100.0,-5.0,106,2032190702,0.5180304091133792,0.0,-0.9075519305258429
3,30.0,100.0,-5.0,107,2032190702,2.418030409113385,-2.0000000000000027,0.09244806947415848
3,30.0,100.0,-5.0,108,2032190702,3.018030409113379,1.5000000000000084,-0.4075519305258422
3,30.0,100.0,-5.0,109,2032190702,-1.5819695908866152,0.9999999999999887,1.0924480694741598
3,30.0,100.0,-5.0,110,2032190702,-0.08196959088661515,0.0,-0.4075519305258422
3,30.0,100.0,-5.0,111,2032190702,0.9180304091133848,0.0,0.5924480694741592
3,30.0,100.0,-5.0,112,2032190702,1.8180304091133763,1.5000000000000084,-0.9075519305258429
3,30.0,100.0,-5.0,113,2032190702,-2.881969590886598,0.49999999999999434,-0.4075519305258422
3,30.0,100.0,-5.0,114,2032190702,-3.581969590886601,0.0,-0.4075519305258422
3,30.0,100.0,-5.0,115,2032190702,-1.6819695908866095,-0.49999999999999434,-1.907551930525841
3,30.0,100.0,-5.0,116,2032190702,-0.9819695908866066,0.49999999999999434,-0.9075519305258429
3,30.0,100.0,-5.0,117,2032190702,4.918030409113371,0.49999999999999434,1.5924480694741574
3,30.0,100.0,-5.0,118,2032190702,1.218030409113382,-0.9999999999999887,1.0924480694741598
3,30.0,100.0,-5.0,119,2032190702,0.6180304091133877,0.0,0.5924480694741592
3,30.0,100.0,-5.0,120,2032190702,0.218030409113382,0.0,-0.4075519305258422
3,30.0,100.0,-5.0,121,2032190702,1.8180304091133763,0.9999999999999887,-0.4075519305258422
3,30.0,100.0,-5.0,122,2032190702,-0.281969590886618,-0.9999999999999887,1.5924480694741574
3,30.0,100.0,-5.0,123,2032190702,-1.0819695908866152,0.0,-0.9075519305258429
3,30.0,100.0,-5.0,124,2032190702,0.9180304091133848,0.0,-0.4075519305258422
3,30.0,100.0,-5.0,125,2032190702,4.318030409113376,1.5000000000000084,0.09244806947415848
3,30.0,100.0,-5.0,126,2032190702,-2.881969590886598,0.0,-0.9075519305258429
3,30.0,100.0,-5.0,127,2032190702,0.41803040911338485,-1.5000000000000084,0.5924480694741592
3,30.0,100.0,-5.0,128,2032190702,-1.8819695908866123,0.9999999999999887,1.5924480694741574
3,30.0,100.0,-5.0,129,2032190702,1.5180304091133792,0.9999999999999887,0.5924480694741592
3,30.0,100.0,-5.0,130,2032190702,0.41803040911338485,-0.49999999999999434,0.5924480694741592
3,30.0,100.0,-5.0,131,2032190702,4.418030409113371,1.5000000000000084,-0.4075519305258422
3,30.0,100.0,-5.0,132,2032190702,-2.781969590886604,-2.0000000000000027,2.592448069474159
3,30.0,100.0,-5.0,133,2032190702,0.41803040911338485,0.0,2.092448069474158
3,30.0,100.0,-5.0,134,2032190702,4.918030409113371,0.9999999999999887,1.0924480694741598
3,30.0,100.0,-5.0,135,2032190702,-5.081969590886601,-0.49999999999999434,3.0924480694741594
3,30.0,100.0,-5.0,136,2032190702,4.318030409113376,1.5000000000000084,3.0924480694741594
3,30.0,100.0,-5.0,137,2032190702,0.11803040911338769,0.49999999999999434,-0.9075519305258429
3,30.0,100.0,-5.0,138,2032190702,1.6180304091133735,-0.49999999999999434,0.09244806947415848
3,30.0,100.0,-5.0,139,2032190702,0.6180304091133877,0.0,1.5924480694741574
3,30.0,100.0,-5.0,140,2032190702,1.6180304091133735,-0.9999999999999887,-1.907551930525841
3,30.0,100.0,-5.0,141,2032190702,1.0180304091133792,1.5000000000000084,0.09244806947415848
3,30.0,100.0,-5.0,142,2032190702,-0.9819695908866066,0.9999999999999887,0.09244806947415848
3,30.0,100.0,-5.0,143,2032190702,0.6180304091133877,0.0,0.09244806947415848
3,30.0,100.0,-5.0,144,2032190702,-3.081969590886601,0.0,1.5924480694741574
3,30.0,100.0,-5.0,145,2032190702,0.718030409113382,-0.49999999999999434,0.5924480694741592
3,30.0,100.0,-5.0,146,2032190702,-2.281969590886604,-0.49999999999999434,0.09244806947415848
3,30.0,100.0,-5.0,147,2032190702,7.618030409113359,0.0,-0.4075519305258422
3,30.0,100.0,-5.0,148,2032190702,-2.1819695908866095,0.0,1.5924480694741574
3,30.0,100.0,-5.0,149,2032190702,0.718030409113382,0.0,0.5924480694741592
3,30.0,100.0,-5.0,150,2032190702,0.718030409113382,2.4999999999999973,-1.4075519305258404
3,30.0,100.0,-5.0,151,2032190702,-3.4819695908866066,0.9999999999999887,0.09244806947415848
3,30.0,100.0,-5.0,152,2032190702,-1.6819695908866095,0.9999999999999887,1.5924480694741574
3,30.0,100.0,-5.0,153,2032190702,-1.0819695908866152,0.0,-0.9075519305258429
3,30.0,100.0,-5.0,154,2032190702,2.8180304091133763,-2.0000000000000027,0.5924480694741592
3,30.0,100.0,-5.0,155,2032190702,2.218030409113382,0.49999999999999434,0.5924480694741592
3,30.0,100.0,-5.0,156,2032190702,2.6180304091133735,0.0,1.0924480694741598
3,30.0,100.0,-5.0,157,2032190702,-0.3819695908866123,0.0,1.0924480694741598
3,30.0,100.0,-5.0,158,2032190702,-0.9819695908866066,1.5000000000000084,0.09244806947415848
3,30.0,100.0,-5.0,159,2032190702,-3.1819695908866095,-1.5000000000000084,0.09244806947415848
3,30.0,100.0,-5.0,160,2032190702,-0.6819695908866095,0.0,-0.4075519305258422
3,30.0,100.0,-5.0,161,2032190702,-1.2819695908866038,2.0000000000000027,-1.4075519305258404
3,30.0,100.0,-5.0,162,2032190702,-0.3819695908866123,0.0,0.09244806947415848
3,30.0,100.0,-5.0,163,2032190702,-48.88196959088644,-73.0,-43.90755193052584
3,30.0,100.0,-5.0,164,2032190702,0.018030409113379164,-0.9999999999999887,0.09244806947415848
3,30.0,100.0,-5.0,165,2032190702,5.6180304091133735,-0.49999999999999434,-0.9075519305258429
3,30.0,100.0,-5.0,166,2032190702,-0.281969590886618,0.9999999999999887,-0.4075519305258422
3,30.0,100.0,-5.0,167,2032190702,1.5180304091133792,0.49999999999999434,1.0924480694741598
3,30.0,100.0,-5.0,168,2032190702,2.8180304091133763,-0.49999999999999434,-0.4075519305258422
3,30.0,100.0,-5.0,169,2032190702,-0.4819695908866066,-0.49999999999999434,-0.4075519305258422
3,30.0,100.0,-5.0,170,2032190702,1.6180304091133735,-0.49999999999999434,-0.9075519305258429
3,30.0,100.0,-5.0,171,2032190702,3.6180304091133735,-0.9999999999999887,-0.4075519305258422
3,30.0,100.0,-5.0,172,2032190702,-4.781969590886604,-0.9999999999999887,-0.9075519305258429
3,30.0,100.0,-5.0,173,2032190702,2.1180304091133735,-0.49999999999999434,1.0924480694741598
3,30.0,100.0,-5.0,174,2032190702,-0.18196959088660947,0.0,-0.4075519305258422
3,30.0,100.0,-5.0,175,2032190702,0.6180304091133877,2.0000000000000027,-0.4075519305258422
3,30.0,100.0,-5.0,176,2032190702,0.41803040911338485,-0.49999999999999434,1.5924480694741574
3,30.0,100.0,-5.0,177,2032190702,-7.381969590886584,2.0000000000000027,-1.4075519305258404
3,30.0,100.0,-5.0,178,2032190702,-1.8819695908866123,0.49999999999999434,-1.4075519305258404
3,30.0,100.0,-5.0,179,2032190702,-2.281969590886604,-0.9999999999999887,-0.4075519305258422
3,30.0,100.0,-5.0,180,2032190702,-2.381969590886598,0.9999999999999887,-0.4075519305258422
3,30.0,100.0,-5.0,181,2032190702,-1.5819695908866152,1.5000000000000084,0.09244806947415848
3,30.0,100.0,-5.0,182,2032190702,1.3180304091133763,-1.5000000000000084,0.09244806947415848
3,30.0,100.0,-5.0,183,2032190702,0.6180304091133877,-1.5000000000000084,0.09244806947415848
3,30.0,100.0,-5.0,184,2032190702,0.11803040911338769,-0.49999999999999434,2.092448069474158
3,30.0,100.0,-5.0,185,2032190702,0.6180304091133877,1.5000000000000084,-0.4075519305258422
3,30.0,100.0,-5.0,186,2032190702,-0.3819695908866123,-2.4999999999999973,0.5924480694741592
3,30.0,100.0,-5.0,187,2032190702,-4.781969590886604,-1.5000000000000084,0.09244806947415848
3,30.0,100.0,-5.0,188,2032190702,-0.4819695908866066,0.0,1.0924480694741598
3,30.0,100.0,-5.0,189,2032190702,-4.081969590886601,-0.49999999999999434,-0.9075519305258429
3,30.0,100.0,-5.0,190,2032190702,-4.781969590886604,-0.9999999999999887,-1.4075519305258404
3,30.0,100.0,-5.0,191,2032190702,-1.3819695908866123,-1.5000000000000084,0.09244806947415848
3,30.0,100.0,-5.0,192,2032190702,-4.081969590886601,0.0,-1.907551930525841
3,30.0,100.0,-5.0,193,2032190702,-4.681969590886595,-1.5000000000000084,1.0924480694741598
3,30.0,100.0,-5.0,194,2032190702,0.6180304091133877,0.0,1.0924480694741598
3,30.0,100.0,-5.0,195,2032190702,-0.18196959088660947,0.49999999999999434,-1.4075519305258404
3,30.0,100.0,-5.0,196,2032190702,-3.081969590886601,1.5000000000000084,-1.907551930525841
3,30.0,100.0,-5.0,197,2032190702,0.41803040911338485,0.49999999999999434,1.5924480694741574
3,30.0,100.0,-5.0,198,2032190702,-3.381969590886598,0.49999999999999434,1.0924480694741598
3,30.0,100.0,-5.0,199,2032190702,0.018030409113379164,-0.49999999999999434,0.09244806947415848
3,30.0,100.0,0.0,0,2032190703,-1.2819695908866038,-0.49999999999999434,0.09244806947415848
3,30.0,100.0,0.0,1,2032190703,0.9180304091133848,-0.49999999999999434,0.09244806947415848
3,30.0,100.0,0.0,2,2032190703,1.8180304091133763,-0.9999999999999887,1.0924480694741598
3,30.0,100.0,0.0,3,2032190703,0.6180304091133877,0.0,-0.4075519305258422
3,30.0,100.0,0.0,4,2032190703,0.6180304091133877,0.0,0.09244806947415848
3,30.0,100.0,0.0,5,2032190703,0.218030409113382,0.0,-0.4075519305258422
3,30.0,100.0,0.0,6,2032190703,-1.1819695908866095,0.49999999999999434,-0.9075519305258429
3,30.0,100.0,0.0,7,2032190703,-3.581969590886601,-0.49999999999999434,0.09244806947415848
3,30.0,100.0,0.0,8,2032190703,1.218030409113382,0.49999999999999434,-0.4075519305258422
3,30.0,100.0,0.0,9,2032190703,-0.281969590886618,-0.9999999999999887,0.09244806947415848
3,30.0,100.0,0.0,10,2032190703,1.1180304091133877,0.49999999999999434,-0.9075519305258429
3,30.0,100.0,0.0,11,2032190703,1.718030409113382,0.0,0.09244806947415848
3,30.0,100.0,0.0,12,2032190703,1.5180304091133792,-0.49999999999999434,0.09244806947415848
3,30.0,100.0,0.0,13,2032190703,-2.6819695908866095,0.0,0.5924480694741592
3,30.0,100.0,0.0,14,2032190703,0.018030409113379164,0.0,0.5924480694741592
3,30.0,100.0,0.0,15,2032190703,-1.3819695908866123,-0.49999999999999434,0.09244806947415848
3,30.0,100.0,0.0,16,2032190703,1.1180304091133877,0.0,0.5924480694741592
3,30.0,100.0,0.0,17,2032190703,1.3180304091133763,0.49999999999999434,0.09244806947415848
3,30.0,100.0,0.0,18,2032190703,-1.7819695908866038,0.0,0.09244806947415848
3,30.0,100.0,0.0,19,2032190703,-0.4819695908866066,0.0,0.09244806947415848
3,30.0,100.0,0.0,20,2032190703,-0.6819695908866095,0.49999999999999434,0.5924480694741592
3,30.0,100.0,0.0,21,2032190703,-2.281969590886604,0.0,0.5924480694741592
3,30.0,100.0,0.0,22,2032190703,-1.1819695908866095,0.49999999999999434,0.09244806947415848
3,30.0,100.0,0.0,23,2032190703,0.31803040911339053,-0.49999999999999434,0.09244806947415848
3,30.0,100.0,0.0,24,2032190703,3.6180304091133735,0.49999999999999434,0.5924480694741592
3,30.0,100.0,0.0,25,2032190703,0.11803040911338769,0.0,0.09244806947415848
3,30.0,100.0,0.0,26,2032190703,1.4180304091133848,0.49999999999999434,0.5924480694741592
3,30.0,100.0,0.0,27,2032190703,1.8180304091133763,-0.9999999999999887,0.09244806947415848
3,30.0,100.0,0.0,28,2032190703,-0.4819695908866066,0.0,0.09244806947415848
3,30.0,100.0,0.0,29,2032190703,-1.9819695908866066,-0.9999999999999887,0.5924480694741592
3,30.0,100.0,0.0,30,2032190703,-1.8819695908866123,-0.9999999999999887,0.5924480694741592
3,30.0,100.0,0.0,31,2032190703,0.9180304091133848,0.0,1.5924480694741574
3,30.0,100.0,0.0,32,2032190703,0.9180304091133848,0.49999999999999434,0.5924480694741592
3,30.0,100.0,0.0,33,2032190703,1.9180304091133848,0.49999999999999434,0.5924480694741592
3,30.0,100.0,0.0,34,2032190703,0.018030409113379164,-0.9999999999999887,0.09244806947415848
3,30.0,100.0,0.0,35,2032190703,0.6180304091133877,-0.9999999999999887,-0.4075519305258422
3,30.0,100.0,0.0,36,2032190703,-1.8819695908866123,0.49999999999999434,0.09244806947415848
3,30.0,100.0,0.0,37,2032190703,0.018030409113379164,0.9999999999999887,0.09244806947415848
3,30.0,100.0,0.0,38,2032190703,-1.0819695908866152,0.0,0.5924480694741592
3,30.0,100.0,0.0,39,2032190703,1.3180304091133763,-0.9999999999999887,0.5924480694741592
3,30.0,100.0,0.0,40,2032190703,0.6180304091133877,0.49999999999999434,1.0924480694741598
3,30.0,100.0,0.0,41,2032190703,0.41803040911338485,0.0,0.5924480694741592
3,30.0,100.0,0.0,42,2032190703,-0.3819695908866123,0.0,-0.9075519305258429
3,30.0,100.0,0.0,43,2032190703,-0.281969590886618,0.0,0.5924480694741592
3,30.0,100.0,0.0,44,2032190703,-1.4819695908866066,0.49999999999999434,0.09244806947415848
3,30.0,100.0,0.0,45,2032190703,-1.3819695908866123,-0.49999999999999434,0.5924480694741592
3,30.0,100.0,0.0,46,2032190703,0.9180304091133848,-0.49999999999999434,-0.4075519305258422
3,30.0,100.0,0.0,47,2032190703,-1.6819695908866095,0.9999999999999887,-0.4075519305258422
3,30.0,100.0,0.0,48,2032190703,1.3180304091133763,0.0,-0.4075519305258422
3,30.0,100.0,0.0,49,2032190703,1.1180304091133877,-0.49999999999999434,-1.4075519305258404
3,30.0,100.0,0.0,50,2032190703,0.018030409113379164,0.0,0.5924480694741592
3,30.0,100.0,0.0,51,2032190703,-2.281969590886604,-0.49999999999999434,0.5924480694741592
3,30.0,100.0,0.0,52,2032190703,1.5180304091133792,0.49999999999999434,-0.4075519305258422
3,30.0,100.0,0.0,53,2032190703,1.0180304091133792,0.0,0.09244806947415848
3,30.0,100.0,0.0,54,2032190703,0.218030409113382,-0.49999999999999434,0.5924480694741592
3,30.0,100.0,0.0,55,2032190703,-0.9819695908866066,0.49999999999999434,0.5924480694741592
3,30.0,100.0,0.0,56,2032190703,-1.2819695908866038,0.0,0.09244806947415848
3,30.0,100.0,0.0,57,2032190703,-0.6819695908866095,-0.49999999999999434,-1.4075519305258404
3,30.0,100.0,0.0,58,2032190703,-0.5819695908866152,0.0,0.09244806947415848
3,30.0,100.0,0.0,59,2032190703,0.11803040911338769,-0.49999999999999434,0.5924480694741592
3,30.0,100.0,0.0,60,2032190703,0.8180304091133905,0.0,0.5924480694741592
3,30.0,100.0,0.0,61,2032190703,-0.5819695908866152,0.0,0.09244806947415848
3,30.0,100.0,0.0,62,2032190703,-1.5819695908866152,0.0,-0.4075519305258422
3,30.0,100.0,0.0,63,2032190703,-1.2819695908866038,0.9999999999999887,0.5924480694741592
3,30.0,100.0,0.0,64,2032190703,0.718030409113382,0.49999999999999434,1.0924480694741598
3,30.0,100.0,0.0,65,2032190703,0.718030409113382,0.49999999999999434,0.5924480694741592
3,30.0,100.0,0.0,66,2032190703,-1.4819695908866066,0.0,-0.4075519305258422
3,30.0,100.0,0.0,67,2032190703,-1.6819695908866095,0.0,0.09244806947415848
3,30.0,100.0,0.0,68,2032190703,0.41803040911338485,0.0,0.09244806947415848
3,30.0,100.0,0.0,69,2032190703,-0.08196959088661515,0.0,-0.9075519305258429
3,30.0,100.0,0.0,70,2032190703,0.9180304091133848,0.9999999999999887,-0.4075519305258422
3,30.0,100.0,0.0,71,2032190703,-1.4819695908866066,-0.49999999999999434,0.09244806947415848
3,30.0,100.0,0.0,72,2032190703,-0.08196959088661515,0.49999999999999434,-0.4075519305258422
3,30.0,100.0,0.0,73,2032190703,-0.5819695908866152,0.9999999999999887,0.09244806947415848
3,30.0,100.0,0.0,74,2032190703,3.8180304091133763,-0.49999999999999434,-0.4075519305258422
3,30.0,100.0,0.0,75,2032190703,-0.18196959088660947,0.0,1.0924480694741598
3,30.0,100.0,0.0,76,2032190703,-0.08196959088661515,0.9999999999999887,-0.4075519305258422
3,30.0,100.0,0.0,77,2032190703,1.4180304091133848,0.9999999999999887,0.09244806947415848
3,30.0,100.0,0.0,78,2032190703,1.218030409113382,0.0,0.09244806947415848
3,30.0,100.0,0.0,79,2032190703,2.518030409113379,0.49999999999999434,0.09244806947415848
3,30.0,100.0,0.0,80,2032190703,-0.4819695908866066,-0.49999999999999434,-0.4075519305258422
3,30.0,100.0,0.0,81,2032190703,-1.6819695908866095,0.0,-0.4075519305258422
3,30.0,100.0,0.0,82,2032190703,-0.4819695908866066,-0.9999999999999887,0.09244806947415848
3,30.0,100.0,0.0,83,2032190703,-0.5819695908866152,0.0,0.5924480694741592
3,30.0,100.0,0.0,84,2032190703,-0.08196959088661515,0.9999999999999887,-0.4075519305258422
3,30.0,100.0,0.0,85,2032190703,-0.281969590886618,0.0,0.5924480694741592
3,30.0,100.0,0.0,86,2032190703,0.5180304091133792,0.9999999999999887,-0.9075519305258429
3,30.0,100.0,0.0,87,2032190703,2.1180304091133735,0.49999999999999434,0.5924480694741592
3,30.0,100.0,0.0,88,2032190703,-0.5819695908866152,0.9999999999999887,0.5924480694741592
3,30.0,100.0,0.0,89,2032190703,1.4180304091133848,0.49999999999999434,0.5924480694741592
3,30.0,100.0,0.0,90,2032190703,0.718030409113382,0.9999999999999887,-0.9075519305258429
3,30.0,100.0,0.0,91,2032190703,1.1180304091133877,0.49999999999999434,0.5924480694741592
3,30.0,100.0,0.0,92,2032190703,-1.1819695908866095,-0.49999999999999434,1.0924480694741598
3,30.0,100.0,0.0,93,2032190703,1.0180304091133792,0.9999999999999887,0.09244806947415848
3,30.0,100.0,0.0,94,2032190703,0.6180304091133877,0.49999999999999434,0.5924480694741592
3,30.0,100.0,0.0,95,2032190703,1.218030409113382,0.0,-0.9075519305258429
3,30.0,100.0,0.0,96,2032190703,0.6180304091133877,0.0,-0.9075519305258429
3,30.0,100.0,0.0,97,2032190703,0.018030409113379164,0.0,1.0924480694741598
3,30.0,100.0,0.0,98,2032190703,0.8180304091133905,0.0,0.5924480694741592
3,30.0,100.0,0.0,99,2032190703,0.8180304091133905,0.9999999999999887,0.09244806947415848
3,30.0,100.0,0.0,100,2032190703,-0.9819695908866066,-0.49999999999999434,0.09244806947415848
3,30.0,100.0,0.0,101,2032190703,0.5180304091133792,0.49999999999999434,0.09244806947415848
3,30.0,100.0,0.0,102,2032190703,1.0180304091133792,0.0,0.5924480694741592
3,30.0,100.0,0.0,103,2032190703,-0.8819695908866123,0.0,0.09244806947415848
3,30.0,100.0,0.0,104,2032190703,-2.6819695908866095,-0.49999999999999434,0.09244806947415848
3,30.0,100.0,0.0,105,2032190703,1.3180304091133763,0.0,1.0924480694741598
3,30.0,100.0,0.0,106,2032190703,-0.4819695908866066,0.0,-0.4075519305258422
3,30.0,100.0,0.0,107,2032190703,1.0180304091133792,-0.49999999999999434,1.0924480694741598
3,30.0,100.0,0.0,108,2032190703,0.11803040911338769,0.0,-0.4075519305258422
3,30.0,100.0,0.0,109,2032190703,-2.281969590886604,0.49999999999999434,-0.9075519305258429
3,30.0,100.0,0.0,110,2032190703,-2.381969590886598,0.0,1.5924480694741574
3,30.0,100.0,0.0,111,2032190703,-2.381969590886598,-0.49999999999999434,-0.4075519305258422
3,30.0,100.0,0.0,112,2032190703,-1.6819695908866095,0.0,-0.9075519305258429
3,30.0,100.0,0.0,113,2032190703,1.218030409113382,0.9999999999999887,-0.4075519305258422
3,30.0,100.0,0.0,114,2032190703,0.9180304091133848,0.49999999999999434,-0.9075519305258429
3,30.0,100.0,0.0,115,2032190703,-0.18196959088660947,0.49999999999999434,0.09244806947415848
3,30.0,100.0,0.0,116,2032190703,-0.281969590886618,0.0,-0.4075519305258422
3,30.0,100.0,0.0,117,2032190703,-0.5819695908866152,0.49999999999999434,0.5924480694741592
3,30.0,100.0,0.0,118,2032190703,-0.281969590886618,0.0,-0.4075519305258422
3,30.0,100.0,0.0,119,2032190703,-0.9819695908866066,0.0,0.09244806947415848
3,30.0,100.0,0.0,120,2032190703,0.718030409113382,0.9999999999999887,0.5924480694741592
3,30.0,100.0,0.0,121,2032190703,0.018030409113379164,-0.49999999999999434,0.09244806947415848
3,30.0,100.0,0.0,122,2032190703,-2.781969590886604,-0.49999999999999434,-0.4075519305258422
3,30.0,100.0,0.0,123,2032190703,1.9180304091133848,0.0,-0.9075519305258429
3,30.0,100.0,0.0,124,2032190703,-0.7819695908866038,0.0,0.5924480694741592
3,30.0,100.0,0.0,125,2032190703,-2.281969590886604,-1.5000000000000084,1.0924480694741598
3,30.0,100.0,0.0,126,2032190703,1.4180304091133848,-0.49999999999999434,0.09244806947415848
3,30.0,100.0,0.0,127,2032190703,-0.9819695908866066,-0.9999999999999887,-0.4075519305258422
3,30.0,100.0,0.0,128,2032190703,-1.7819695908866038,-0.49999999999999434,1.0924480694741598
3,30.0,100.0,0.0,129,2032190703,0.11803040911338769,0.9999999999999887,1.0924480694741598
3,30.0,100.0,0.0,130,2032190703,-0.08196959088661515,-0.49999999999999434,0.09244806947415848
3,30.0,100.0,0.0,131,2032190703,2.9180304091133706,0.0,-1.4075519305258404
3,30.0,100.0,0.0,132,2032190703,1.9180304091133848,0.0,-0.4075519305258422
3,30.0,100.0,0.0,133,2032190703,-0.18196959088660947,0.0,-0.4075519305258422
3,30.0,100.0,0.0,134,2032190703,-1.6819695908866095,0.0,1.0924480694741598
3,30.0,100.0,0.0,135,2032190703,-0.3819695908866123,0.0,-0.4075519305258422
3,30.0,100.0,0.0,136,2032190703,1.1180304091133877,-0.49999999999999434,-0.9075519305258429
3,30.0,100.0,0.0,137,2032190703,-1.3819695908866123,0.9999999999999887,-0.4075519305258422
3,30.0,100.0,0.0,138,2032190703,-0.3819695908866123,0.49999999999999434,0.5924480694741592
3,30.0,100.0,0.0,139,2032190703,-0.3819695908866123,0.0,0.5924480694741592
3,30.0,100.0,0.0,140,2032190703,0.8180304091133905,0.0,-0.4075519305258422
3,30.0,100.0,0.0,141,2032190703,-3.381969590886598,0.0,-0.4075519305258422
3,30.0,100.0,0.0,142,2032190703,-2.4819695908866066,-0.49999999999999434,-0.4075519305258422
3,30.0,100.0,0.0,143,2032190703,2.018030409113379,0.49999999999999434,-0.4075519305258422
3,30.0,100.0,0.0,144,2032190703,-1.4819695908866066,0.49999999999999434,0.5924480694741592
3,30.0,100.0,0.0,145,2032190703,0.5180304091133792,0.0,-0.4075519305258422
3,30.0,100.0,0.0,146,2032190703,-0.08196959088661515,-0.49999999999999434,-0.4075519305258422
3,30.0,100.0,0.0,147,2032190703,0.718030409113382,0.0,-0.9075519305258429
3,30.0,100.0,0.0,148,2032190703,-0.281969590886618,0.0,-0.4075519305258422
3,30.0,100.0,0.0,149,2032190703,-2.4819695908866066,0.0,-0.4075519305258422
3,30.0,100.0,0.0,150,2032190703,-0.5819695908866152,0.0,0.5924480694741592
3,30.0,100.0,0.0,151,2032190703,1.1180304091133877,0.0,0.5924480694741592
3,30.0,100.0,0.0,152,2032190703,0.41803040911338485,0.9999999999999887,1.0924480694741598
3,30.0,100.0,0.0,153,2032190703,-0.3819695908866123,0.0,0.09244806947415848
3,30.0,100.0,0.0,154,2032190703,-0.3819695908866123,0.0,-0.9075519305258429
3,30.0,100.0,0.0,155,2032190703,-0.18196959088660947,0.49999999999999434,1.0924480694741598
3,30.0,100.0,0.0,156,2032190703,0.8180304091133905,-0.49999999999999434,1.0924480694741598
3,30.0,100.0,0.0,157,2032190703,0.8180304091133905,0.0,0.5924480694741592
3,30.0,100.0,0.0,158,2032190703,-0.9819695908866066,0.9999999999999887,-0.9075519305258429
3,30.0,100.0,0.0,159,2032190703,1.718030409113382,-0.49999999999999434,0.09244806947415848
3,30.0,100.0,0.0,160,2032190703,0.9180304091133848,0.0,0.09244806947415848
3,30.0,100.0,0.0,161,2032190703,-0.4819695908866066,0.0,-0.9075519305258429
3,30.0,100.0,0.0,162,2032190703,1.4180304091133848,-0.49999999999999434,0.09244806947415848
3,30.0,100.0,0.0,163,2032190703,-0.8819695908866123,-0.49999999999999434,0.5924480694741592
3,30.0,100.0,0.0,164,2032190703,-0.7819695908866038,0.49999999999999434,0.5924480694741592
3,30.0,100.0,0.0,165,2032190703,-0.4819695908866066,0.49999999999999434,0.5924480694741592
3,30.0,100.0,0.0,166,2032190703,-0.3819695908866123,-0.49999999999999434,-0.4075519305258422
3,30.0,100.0,0.0,167,2032190703,0.5180304091133792,0.0,-0.4075519305258422
3,30.0,100.0,0.0,168,2032190703,-0.9819695908866066,0.49999999999999434,0.5924480694741592
3,30.0,100.0,0.0,169,2032190703,-0.8819695908866123,0.49999999999999434,0.09244806947415848
3,30.0,100.0,0.0,170,2032190703,-1.8819695908866123,0.9999999999999887,0.5924480694741592
3,30.0,100.0,0.0,171,2032190703,0.018030409113379164,0.0,-0.4075519305258422
3,30.0,100.0,0.0,172,2032190703,0.11803040911338769,0.0,0.09244806947415848
3,30.0,100.0,0.0,173,2032190703,-1.5819695908866152,-0.9999999999999887,-0.4075519305258422
3,30.0,100.0,0.0,174,2032190703,0.11803040911338769,0.0,0.09244806947415848
3,30.0,100.0,0.0,175,2032190703,1.1180304091133877,-0.49999999999999434,-0.4075519305258422
3,30.0,100.0,0.0,176,2032190703,-1.0819695908866152,0.49999999999999434,-0.4075519305258422
3,30.0,100.0,0.0,177,2032190703,2.3180304091133763,0.9999999999999887,-0.4075519305258422
3,30.0,100.0,0.0,178,2032190703,-1.8819695908866123,-0.49999999999999434,-0.4075519305258422
3,30.0,100.0,0.0,179,2032190703,0.11803040911338769,0.9999999999999887,-0.4075519305258422
3,30.0,100.0,0.0,180,2032190703,3.3180304091133763,0.49999999999999434,0.09244806947415848
3,30.0,100.0,0.0,181,2032190703,-0.7819695908866038,0.9999999999999887,-0.4075519305258422
3,30.0,100.0,0.0,182,2032190703,-0.5819695908866152,0.0,0.5924480694741592
3,30.0,100.0,0.0,183,2032190703,0.718030409113382,-0.9999999999999887,1.0924480694741598
3,30.0,100.0,0.0,184,2032190703,1.6180304091133735,-0.49999999999999434,-0.4075519305258422
3,30.0,100.0,0.0,185,2032190703,0.6180304091133877,-1.5000000000000084,-0.4075519305258422
3,30.0,100.0,0.0,186,2032190703,-0.9819695908866066,0.9999999999999887,-0.4075519305258422
3,30.0,100.0,0.0,187,2032190703,1.718030409113382,-0.9999999999999887,0.09244806947415848
3,30.0,100.0,0.0,188,2032190703,-0.18196959088660947,0.0,-0.4075519305258422
3,30.0,100.0,0.0,189,2032190703,1.1180304091133877,-0.49999999999999434,0.09244806947415848
3,30.0,100.0,0.0,190,2032190703,-1.1819695908866095,0.49999999999999434,0.5924480694741592
3,30.0,100.0,0.0,191,2032190703,-1.2819695908866038,0.49999999999999434,0.5924480694741592
3,30.0,100.0,0.0,192,2032190703,1.4180304091133848,-0.49999999999999434,-0.4075519305258422
3,30.0,100.0,0.0,193,2032190703,0.11803040911338769,-0.49999999999999434,1.0924480694741598
3,30.0,100.0,0.0,194,2032190703,0.6180304091133877,0.0,1.0924480694741598
3,30.0,100.0,0.0,195,2032190703,3.1180304091133735,-0.49999999999999434,0.5924480694741592
3,30.0,100.0,0.0,196,2032190703,1.3180304091133763,0.49999999999999434,-0.9075519305258429
3,30.0,100.0,0.0,197,2032190703,0.8180304091133905,0.0,0.09244806947415848
3,30.0,100.0,0.0,198,2032190703,0.218030409113382,0.0,0.09244806947415848
3,30.0,100.0,0.0,199,2032190703,-0.9819695908866066,0.9999999999999887,-0.4075519305258422
3,30.0,100.0,5.0,0,2032190704,0.218030409113382,0.49999999999999434,0.5924480694741592
3,30.0,100.0,5.0,1,2032190704,-0.18196959088660947,0.0,0.5924480694741592
3,30.0,100.0,5.0,2,2032190704,0.6180304091133877,-0.49999999999999434,0.5924480694741592
3,30.0,100.0,5.0,3,2032190704,-0.18196959088660947,-0.49999999999999434,0.09244806947415848
3,30.0,100.0,5.0,4,2032190704,-0.4819695908866066,-0.49999999999999434,0.09244806947415848
3,30.0,100.0,5.0,5,2032190704,-0.9819695908866066,0.0,0.09244806947415848
3,30.0,100.0,5.0,6,2032190704,-1.0819695908866152,0.49999999999999434,-0.4075519305258422
3,30.0,100.0,5.0,7,2032190704,-0.3819695908866123,-0.49999999999999434,0.09244806947415848
3,30.0,100.0,5.0,8,2032190704,-1.5819695908866152,-0.49999999999999434,0.5924480694741592
3,30.0,100.0,5.0,9,2032190704,0.018030409113379164,0.0,-0.4075519305258422
3,30.0,100.0,5.0,10,2032190704,-0.4819695908866066,0.0,0.09244806947415848
3,30.0,100.0,5.0,11,2032190704,-0.8819695908866123,0.0,-0.4075519305258422
3,30.0,100.0,5.0,12,2032190704,-0.6819695908866095,0.0,-0.4075519305258422
3,30.0,100.0,5.0,13,2032190704,0.31803040911339053,0.0,0.09244806947415848
3,30.0,100.0,5.0,14,2032190704,-1.3819695908866123,-0.49999999999999434,0.09244806947415848
3,30.0,100.0,5.0,15,2032190704,0.41803040911338485,0.49999999999999434,0.09244806947415848
3,30.0,100.0,5.0,16,2032190704,0.31803040911339053,0.0,0.5924480694741592
3,30.0,100.0,5.0,17,2032190704,-0.6819695908866095,0.0,0.09244806947415848
3,30.0,100.0,5.0,18,2032190704,1.0180304091133792,-0.49999999999999434,0.09244806947415848
3,30.0,100.0,5.0,19,2032190704,-0.5819695908866152,-0.49999999999999434,-0.4075519305258422
3,30.0,100.0,5.0,20,2032190704,-0.9819695908866066,0.0,0.5924480694741592
3,30.0,100.0,5.0,21,2032190704,-0.9819695908866066,-0.49999999999999434,0.09244806947415848
3,30.0,100.0,5.0,22,2032190704,0.31803040911339053,0.0,0.09244806947415848
3,30.0,100.0,5.0,23,2032190704,0.5180304091133792,-0.49999999999999434,0.09244806947415848
3,30.0,100.0,5.0,24,2032190704,-0.8819695908866123,0.0,0.5924480694741592
3,30.0,100.0,5.0,25,2032190704,1.4180304091133848,0.49999999999999434,0.09244806947415848
3,30.0,100.0,5.0,26,2032190704,0.11803040911338769,0.0,0.5924480694741592
3,30.0,100.0,5.0,27,2032190704,-0.08196959088661515,0.0,0.09244806947415848
3,30.0,100.0,5.0,28,2032190704,-0.4819695908866066,0.49999999999999434,0.5924480694741592
3,30.0,100.0,5.0,29,2032190704,0.018030409113379164,-0.49999999999999434,0.5924480694741592
3,30.0,100.0,5.0,30,2032190704,-0.281969590886618,0.0,0.09244806947415848
3,30.0,100.0,5.0,31,2032190704,-1.7819695908866038,-0.49999999999999434,0.09244806947415848
3,30.0,100.0,5.0,32,2032190704,-0.08196959088661515,0.0,-0.4075519305258422
3,30.0,100.0,5.0,33,2032190704,-0.7819695908866038,-0.49999999999999434,0.09244806947415848
3,30.0,100.0,5.0,34,2032190704,-0.18196959088660947,0.0,0.5924480694741592
3,30.0,100.0,5.0,35,2032190704,0.018030409113379164,0.0,0.09244806947415848
3,30.0,100.0,5.0,36,2032190704,0.5180304091133792,0.49999999999999434,0.09244806947415848
3,30.0,100.0,5.0,37,2032190704,-0.5819695908866152,-0.49999999999999434,-0.4075519305258422
3,30.0,100.0,5.0,38,2032190704,0.5180304091133792,0.49999999999999434,0.09244806947415848
3,30.0,100.0,5.0,39,2032190704,-0.18196959088660947,0.0,-0.4075519305258422
3,30.0,100.0,5.0,40,2032190704,-0.5819695908866152,-0.49999999999999434,-0.4075519305258422
3,30.0,100.0,5.0,41,2032190704,0.41803040911338485,0.0,-0.4075519305258422
3,30.0,100.0,5.0,42,2032190704,-0.281969590886618,0.0,0.09244806947415848
3,30.0,100.0,5.0,43,2032190704,0.5180304091133792,-0.49999999999999434,0.5924480694741592
3,30.0,100.0,5.0,44,2032190704,1.6180304091133735,0.0,0.09244806947415848
3,30.0,100.0,5.0,45,2032190704,-0.6819695908866095,0.49999999999999434,0.09244806947415848
3,30.0,100.0,5.0,46,2032190704,-0.8819695908866123,0.0,0.09244806947415848
3,30.0,100.0,5.0,47,2032190704,0.718030409113382,0.49999999999999434,-0.4075519305258422
3,30.0,100.0,5.0,48,2032190704,-0.18196959088660947,0.0,0.09244806947415848
3,30.0,100.0,5.0,49,2032190704,0.6180304091133877,0.0,-0.4075519305258422
3,30.0,100.0,5.0,50,2032190704,1.3180304091133763,0.0,0.09244806947415848
3,30.0,100.0,5.0,51,2032190704,-1.3819695908866123,0.49999999999999434,0.09244806947415848
3,30.0,100.0,5.0,52,2032190704,-0.18196959088660947,-0.49999999999999434,0.09244806947415848
3,30.0,100.0,5.0,53,2032190704,0.9180304091133848,0.0,0.09244806947415848
3,30.0,100.0,5.0,54,2032190704,0.11803040911338769,0.0,0.09244806947415848
3,30.0,100.0,5.0,55,2032190704,1.3180304091133763,-0.49999999999999434,-0.4075519305258422
3,30.0,100.0,5.0,56,2032190704,-0.18196959088660947,0.0,0.09244806947415848
3,30.0,100.0,5.0,57,2032190704,-0.281969590886618,-0.49999999999999434,0.09244806947415848
3,30.0,100.0,5.0,58,2032190704,-0.9819695908866066,0.9999999999999887,0.09244806947415848
3,30.0,100.0,5.0,59,2032190704,0.5180304091133792,0.0,0.09244806947415848
3,30.0,100.0,5.0,60,2032190704,0.718030409113382,0.0,0.5924480694741592
3,30.0,100.0,5.0,61,2032190704,0.6180304091133877,0.49999999999999434,0.09244806947415848
3,30.0,100.0,5.0,62,2032190704,0.9180304091133848,0.0,0.09244806947415848
3,30.0,100.0,5.0,63,2032190704,0.218030409113382,0.0,0.09244806947415848
3,30.0,100.0,5.0,64,2032190704,-0.8819695908866123,0.0,0.09244806947415848
3,30.0,100.0,5.0,65,2032190704,1.218030409113382,0.0,0.09244806947415848
3,30.0,100.0,5.0,66,2032190704,-0.7819695908866038,0.0,-0.4075519305258422
3,30.0,100.0,5.0,67,2032190704,-0.3819695908866123,0.0,-0.4075519305258422
3,30.0,100.0,5.0,68,2032190704,-0.18196959088660947,0.0,0.09244806947415848
3,30.0,100.0,5.0,69,2032190704,0.31803040911339053,-0.49999999999999434,0.09244806947415848
3,30.0,100.0,5.0,70,2032190704,1.3180304091133763,0.0,0.5924480694741592
3,30.0,100.0,5.0,71,2032190704,0.31803040911339053,0.0,0.09244806947415848
3,30.0,100.0,5.0,72,2032190704,-0.6819695908866095,0.49999999999999434,-0.4075519305258422
3,30.0,100.0,5.0,73,2032190704,1.218030409113382,-0.49999999999999434,0.09244806947415848
3,30.0,100.0,5.0,74,2032190704,-0.08196959088661515,0.0,-0.4075519305258422
3,30.0,100.0,5.0,75,2032190704,-0.08196959088661515,0.0,0.09244806947415848
3,30.0,100.0,5.0,76,2032190704,-1.1819695908866095,0.0,0.09244806947415848
3,30.0,100.0,5.0,77,2032190704,1.0180304091133792,0.49999999999999434,0.5924480694741592
3,30.0,100.0,5.0,78,2032190704,1.3180304091133763,0.0,-0.4075519305258422
3,30.0,100.0,5.0,79,2032190704,0.6180304091133877,0.0,-0.4075519305258422
3,30.0,100.0,5.0,80,2032190704,1.0180304091133792,-0.49999999999999434,0.09244806947415848
3,30.0,100.0,5.0,81,2032190704,0.018030409113379164,-0.49999999999999434,0.5924480694741592
3,30.0,100.0,5.0,82,2032190704,0.11803040911338769,-0.49999999999999434,0.09244806947415848
3,30.0,100.0,5.0,83,2032190704,-0.18196959088660947,0.9999999999999887,-0.4075519305258422
3,30.0,100.0,5.0,84,2032190704,-0.3819695908866123,-0.49999999999999434,0.09244806947415848
3,30.0,100.0,5.0,85,2032190704,0.31803040911339053,-0.49999999999999434,-0.4075519305258422
3,30.0,100.0,5.0,86,2032190704,-1.0819695908866152,0.0,0.09244806947415848
3,30.0,100.0,5.0,87,2032190704,0.9180304091133848,0.0,0.09244806947415848
3,30.0,100.0,5.0,88,2032190704,-0.18196959088660947,0.0,-0.9075519305258429
3,30.0,100.0,5.0,89,2032190704,1.0180304091133792,0.49999999999999434,0.09244806947415848
3,30.0,100.0,5.0,90,2032190704,0.6180304091133877,0.0,-0.4075519305258422
3,30.0,100.0,5.0,91,2032190704,-1.2819695908866038,0.49999999999999434,0.5924480694741592
3,30.0,100.0,5.0,92,2032190704,0.018030409113379164,0.49999999999999434,-0.4075519305258422
3,30.0,100.0,5.0,93,2032190704,-1.4819695908866066,0.0,0.09244806947415848
3,30.0,100.0,5.0,94,2032190704,0.218030409113382,-0.49999999999999434,-0.4075519305258422
3,30.0,100.0,5.0,95,2032190704,0.218030409113382,0.49999999999999434,0.09244806947415848
3,30.0,100.0,5.0,96,2032190704,-0.6819695908866095,0.0,-0.4075519305258422
3,30.0,100.0,5.0,97,2032190704,0.218030409113382,0.49999999999999434,-0.4075519305258422
3,30.0,100.0,5.0,98,2032190704,1.0180304091133792,0.0,-0.4075519305258422
3,30.0,100.0,5.0,99,2032190704,-0.4819695908866066,0.0,0.5924480694741592
3,30.0,100.0,5.0,100,2032190704,-0.5819695908866152,0.49999999999999434,-0.4075519305258422
3,30.0,100.0,5.0,101,2032190704,-0.6819695908866095,-0.49999999999999434,0.09244806947415848
3,30.0,100.0,5.0,102,2032190704,-0.4819695908866066,0.0,-0.4075519305258422
3,30.0,100.0,5.0,103,2032190704,-0.8819695908866123,0.0,0.09244806947415848
3,30.0,100.0,5.0,104,2032190704,0.31803040911339053,0.0,0.09244806947415848
3,30.0,100.0,5.0,105,2032190704,-0.08196959088661515,-0.49999999999999434,0.09244806947415848
3,30.0,100.0,5.0,106,2032190704,-1.2819695908866038,0.0,0.5924480694741592
3,30.0,100.0,5.0,107,2032190704,-0.18196959088660947,0.0,0.09244806947415848
3,30.0,100.0,5.0,108,2032190704,-0.5819695908866152,0.49999999999999434,0.09244806947415848
3,30.0,100.0,5.0,109,2032190704,0.6180304091133877,0.0,0.09244806947415848
3,30.0,100.0,5.0,110,2032190704,1.6180304091133735,0.0,0.09244806947415848
3,30.0,100.0,5.0,111,2032190704,-0.18196959088660947,0.0,-0.4075519305258422
3,30.0,100.0,5.0,112,2032190704,1.4180304091133848,0.0,0.09244806947415848
3,30.0,100.0,5.0,113,2032190704,-0.18196959088660947,0.0,0.09244806947415848
3,30.0,100.0,5.0,114,2032190704,-1.7819695908866038,0.0,0.09244806947415848
3,30.0,100.0,5.0,115,2032190704,-0.281969590886618,0.0,0.09244806947415848
3,30.0,100.0,5.0,116,2032190704,-0.4819695908866066,0.0,0.09244806947415848
3,30.0,100.0,5.0,117,2032190704,-0.281969590886618,0.0,0.09244806947415848
3,30.0,100.0,5.0,118,2032190704,-0.8819695908866123,0.0,0.09244806947415848
3,30.0,100.0,5.0,119,2032190704,0.218030409113382,0.0,0.09244806947415848
3,30.0,100.0,5.0,120,2032190704,-0.08196959088661515,-0.49999999999999434,0.09244806947415848
3,30.0,100.0,5.0,121,2032190704,0.018030409113379164,0.0,0.5924480694741592
3,30.0,100.0,5.0,122,2032190704,0.018030409113379164,-0.49999999999999434,0.09244806947415848
3,30.0,100.0,5.0,123,2032190704,0.5180304091133792,0.0,0.09244806947415848
3,30.0,100.0,5.0,124,2032190704,-0.9819695908866066,-0.49999999999999434,0.09244806947415848
3,30.0,100.0,5.0,125,2032190704,-0.08196959088661515,0.0,0.09244806947415848
3,30.0,100.0,5.0,126,2032190704,1.6180304091133735,0.0,0.5924480694741592
3,30.0,100.0,5.0,127,2032190704,1.1180304091133877,0.49999999999999434,0.09244806947415848
3,30.0,100.0,5.0,128,2032190704,-1.3819695908866123,0.49999999999999434,0.09244806947415848
3,30.0,100.0,5.0,129,2032190704,0.218030409113382,0.49999999999999434,0.09244806947415848
3,30.0,100.0,5.0,130,2032190704,0.5180304091133792,0.0,0.09244806947415848
3,30.0,100.0,5.0,131,2032190704,-1.0819695908866152,-0.49999999999999434,0.09244806947415848
3,30.0,100.0,5.0,132,2032190704,0.718030409113382,-0.49999999999999434,0.09244806947415848
3,30.0,100.0,5.0,133,2032190704,-0.5819695908866152,0.0,0.09244806947415848
3,30.0,100.0,5.0,134,2032190704,0.218030409113382,0.49999999999999434,0.09244806947415848
3,30.0,100.0,5.0,135,2032190704,0.6180304091133877,0.0,0.09244806947415848
3,30.0,100.0,5.0,136,2032190704,-1.6819695908866095,0.49999999999999434,0.5924480694741592
3,30.0,100.0,5.0,137,2032190704,0.5180304091133792,0.0,0.09244806947415848
3,30.0,100.0,5.0,138,2032190704,0.31803040911339053,0.0,0.09244806947415848
3,30.0,100.0,5.0,139,2032190704,0.41803040911338485,0.0,0.5924480694741592
3,30.0,100.0,5.0,140,2032190704,-0.08196959088661515,0.0,0.09244806947415848
3,30.0,100.0,5.0,141,2032190704,-0.6819695908866095,0.0,0.5924480694741592
3,30.0,100.0,5.0,142,2032190704,-0.281969590886618,0.49999999999999434,0.09244806947415848
3,30.0,100.0,5.0,143,2032190704,-0.6819695908866095,0.0,0.09244806947415848
3,30.0,100.0,5.0,144,2032190704,-0.281969590886618,0.0,0.5924480694741592
3,30.0,100.0,5.0,145,2032190704,-1.2819695908866038,0.0,0.09244806947415848
3,30.0,100.0,5.0,146,2032190704,-0.8819695908866123,0.49999999999999434,0.09244806947415848
3,30.0,100.0,5.0,147,2032190704,-0.3819695908866123,-0.49999999999999434,0.09244806947415848
3,30.0,100.0,5.0,148,2032190704,0.6180304091133877,-0.49999999999999434,0.09244806947415848
3,30.0,100.0,5.0,149,2032190704,-0.9819695908866066,0.0,-0.4075519305258422
3,30.0,100.0,5.0,150,2032190704,1.0180304091133792,-0.49999999999999434,0.09244806947415848
3,30.0,100.0,5.0,151,2032190704,0.9180304091133848,0.49999999999999434,-0.4075519305258422
3,30.0,100.0,5.0,152,2032190704,0.31803040911339053,0.0,0.09244806947415848
3,30.0,100.0,5.0,153,2032190704,0.8180304091133905,0.49999999999999434,0.09244806947415848
3,30.0,100.0,5.0,154,2032190704,-0.6819695908866095,0.0,-0.4075519305258422
3,30.0,100.0,5.0,155,2032190704,-0.281969590886618,0.0,-0.4075519305258422
3,30.0,100.0,5.0,156,2032190704,0.11803040911338769,0.0,0.09244806947415848
3,30.0,100.0,5.0,157,2032190704,-0.4819695908866066,0.0,-0.4075519305258422
3,30.0,100.0,5.0,158,2032190704,0.6180304091133877,0.0,-0.9075519305258429
3,30.0,100.0,5.0,159,2032190704,-1.0819695908866152,0.0,-0.4075519305258422
3,30.0,100.0,5.0,160,2032190704,0.018030409113379164,0.0,0.5924480694741592
3,30.0,100.0,5.0,161,2032190704,-0.18196959088660947,0.0,0.5924480694741592
3,30.0,100.0,5.0,162,2032190704,0.8180304091133905,0.49999999999999434,-0.4075519305258422
3,30.0,100.0,5.0,163,2032190704,-0.4819695908866066,-0.49999999999999434,0.5924480694741592
3,30.0,100.0,5.0,164,2032190704,1.9180304091133848,-0.49999999999999434,-0.4075519305258422
3,30.0,100.0,5.0,165,2032190704,-1.3819695908866123,0.0,0.09244806947415848
3,30.0,100.0,5.0,166,2032190704,0.41803040911338485,0.0,0.09244806947415848
3,30.0,100.0,5.0,167,2032190704,-0.08196959088661515,-0.49999999999999434,0.09244806947415848
3,30.0,100.0,5.0,168,2032190704,-1.0819695908866152,0.0,0.09244806947415848
3,30.0,100.0,5.0,169,2032190704,0.218030409113382,0.0,0.09244806947415848
3,30.0,100.0,5.0,170,2032190704,-1.4819695908866066,0.49999999999999434,-0.4075519305258422
3,30.0,100.0,5.0,171,2032190704,1.218030409113382,0.0,0.09244806947415848
3,30.0,100.0,5.0,172,2032190704,0.8180304091133905,-0.49999999999999434,0.09244806947415848
3,30.0,100.0,5.0,173,2032190704,0.718030409113382,0.0,-0.4075519305258422
3,30.0,100.0,5.0,174,2032190704,0.218030409113382,0.0,0.09244806947415848
3,30.0,100.0,5.0,175,2032190704,-0.18196959088660947,0.0,0.5924480694741592
3,30.0,100.0,5.0,176,2032190704,0.31803040911339053,0.0,0.09244806947415848
3,30.0,100.0,5.0,177,2032190704,1.218030409113382,0.0,-0.4075519305258422
3,30.0,100.0,5.0,178,2032190704,0.11803040911338769,-0.49999999999999434,0.5924480694741592
3,30.0,100.0,5.0,179,2032190704,-0.281969590886618,0.0,0.09244806947415848
3,30.0,100.0,5.0,180,2032190704,-1.6819695908866095,0.0,0.5924480694741592
3,30.0,100.0,5.0,181,2032190704,-1.4819695908866066,0.0,-0.4075519305258422
3,30.0,100.0,5.0,182,2032190704,0.11803040911338769,0.0,0.09244806947415848
3,30.0,100.0,5.0,183,2032190704,-0.281969590886618,-0.49999999999999434,0.09244806947415848
3,30.0,100.0,5.0,184,2032190704,0.6180304091133877,0.0,-0.4075519305258422
3,30.0,100.0,5.0,185,2032190704,1.6180304091133735,0.0,-0.4075519305258422
3,30.0,100.0,5.0,186,2032190704,-0.08196959088661515,-0.49999999999999434,0.09244806947415848
3,30.0,100.0,5.0,187,2032190704,0.5180304091133792,0.0,0.09244806947415848
3,30.0,100.0,5.0,188,2032190704,-0.6819695908866095,0.49999999999999434,0.5924480694741592
3,30.0,100.0,5.0,189,2032190704,0.41803040911338485,0.0,0.09244806947415848
3,30.0,100.0,5.0,190,2032190704,-1.1819695908866095,0.0,-0.4075519305258422
3,30.0,100.0,5.0,191,2032190704,0.718030409113382,0.0,0.09244806947415848
3,30.0,100.0,5.0,192,2032190704,-0.9819695908866066,0.0,-0.4075519305258422
3,30.0,100.0,5.0,193,2032190704,0.5180304091133792,-0.49999999999999434,0.09244806947415848
3,30.0,100.0,5.0,194,2032190704,-0.8819695908866123,0.0,-0.4075519305258422
3,30.0,100.0,5.0,195,2032190704,-0.08196959088661515,0.0,0.5924480694741592
3,30.0,100.0,5.0,196,2032190704,-0.5819695908866152,0.0,-0.4075519305258422
3,30.0,100.0,5.0,197,2032190704,1.218030409113382,0.0,0.09244806947415848
3,30.0,100.0,5.0,198,2032190704,-0.3819695908866123,-0.49999999999999434,-0.4075519305258422
3,30.0,100.0,5.0,199,2032190704,0.718030409113382,0.0,-0.4075519305258422
3,30.0,100.0,10.0,0,2032190705,-0.18196959088660947,0.0,-0.4075519305258422
3,30.0,100.0,10.0,1,2032190705,-0.3819695908866123,0.0,0.09244806947415848
3,30.0,100.0,10.0,2,2032190705,-0.18196959088660947,0.0,0.09244806947415848
3,30.0,100.0,10.0,3,2032190705,-0.08196959088661515,0.0,0.09244806947415848
3,30.0,100.0,10.0,4,2032190705,0.31803040911339053,-0.49999999999999434,0.09244806947415848
3,30.0,100.0,10.0,5,2032190705,-0.281969590886618,0.0,0.09244806947415848
3,30.0,100.0,10.0,6,2032190705,-0.08196959088661515,0.0,0.09244806947415848
3,30.0,100.0,10.0,7,2032190705,-0.6819695908866095,0.0,0.09244806947415848
3,30.0,100.0,10.0,8,2032190705,-0.6819695908866095,0.0,0.09244806947415848
3,30.0,100.0,10.0,9,2032190705,-0.281969590886618,0.0,0.09244806947415848
3,30.0,100.0,10.0,10,2032190705,0.31803040911339053,0.0,0.09244806947415848
3,30.0,100.0,10.0,11,2032190705,0.8180304091133905,0.0,-0.4075519305258422
3,30.0,100.0,10.0,12,2032190705,-0.18196959088660947,0.0,0.09244806947415848
3,30.0,100.0,10.0,13,2032190705,-0.281969590886618,0.0,0.09244806947415848
3,30.0,100.0,10.0,14,2032190705,-1.0819695908866152,0.0,0.09244806947415848
3,30.0,100.0,10.0,15,2032190705,0.31803040911339053,0.0,-0.4075519305258422
3,30.0,100.0,10.0,16,2032190705,-0.18196959088660947,0.0,0.09244806947415848
3,30.0,100.0,10.0,17,2032190705,0.31803040911339053,0.0,0.09244806947415848
3,30.0,100.0,10.0,18,2032190705,0.018030409113379164,0.0,0.09244806947415848
3,30.0,100.0,10.0,19,2032190705,-0.18196959088660947,0.0,0.09244806947415848
3,30.0,100.0,10.0,20,2032190705,0.5180304091133792,0.0,0.09244806947415848
3,30.0,100.0,10.0,21,2032190705,0.6180304091133877,-0.49999999999999434,0.09244806947415848
3,30.0,100.0,10.0,22,2032190705,0.31803040911339053,0.0,0.09244806947415848
3,30.0,100.0,10.0,23,2032190705,-0.7819695908866038,0.0,0.09244806947415848
3,30.0,100.0,10.0,24,2032190705,0.11803040911338769,0.0,0.09244806947415848
3,30.0,100.0,10.0,25,2032190705,-0.08196959088661515,0.0,-0.4075519305258422
3,30.0,100.0,10.0,26,2032190705,-0.18196959088660947,0.49999999999999434,-0.4075519305258422
3,30.0,100.0,10.0,27,2032190705,-0.08196959088661515,0.0,0.09244806947415848
3,30.0,100.0,10.0,28,2032190705,0.018030409113379164,0.0,0.09244806947415848
3,30.0,100.0,10.0,29,2032190705,0.218030409113382,0.49999999999999434,0.09244806947415848
3,30.0,100.0,10.0,30,2032190705,-0.08196959088661515,0.0,0.09244806947415848
3,30.0,100.0,10.0,31,2032190705,-0.3819695908866123,0.0,-0.4075519305258422
3,30.0,100.0,10.0,32,2032190705,-0.3819695908866123,0.0,-0.4075519305258422
3,30.0,100.0,10.0,33,2032190705,0.5180304091133792,0.0,0.09244806947415848
3,30.0,100.0,10.0,34,2032190705,-0.08196959088661515,0.0,0.09244806947415848
3,30.0,100.0,10.0,35,2032190705,0.018030409113379164,-0.49999999999999434,0.09244806947415848
3,30.0,100.0,10.0,36,2032190705,0.9180304091133848,0.0,0.09244806947415848
3,30.0,100.0,10.0,37,2032190705,-0.08196959088661515,0.49999999999999434,0.09244806947415848
3,30.0,100.0,10.0,38,2032190705,-0.08196959088661515,0.0,0.09244806947415848
3,30.0,100.0,10.0,39,2032190705,-0.18196959088660947,0.0,0.09244806947415848
3,30.0,100.0,10.0,40,2032190705,0.41803040911338485,0.0,0.09244806947415848
3,30.0,100.0,10.0,41,2032190705,0.218030409113382,0.0,-0.4075519305258422
3,30.0,100.0,10.0,42,2032190705,-0.18196959088660947,0.0,0.09244806947415848
3,30.0,100.0,10.0,43,2032190705,0.018030409113379164,0.0,-0.4075519305258422
3,30.0,100.0,10.0,44,2032190705,0.218030409113382,0.49999999999999434,0.09244806947415848
3,30.0,100.0,10.0,45,2032190705,-0.3819695908866123,0.0,0.09244806947415848
3,30.0,100.0,10.0,46,2032190705,0.41803040911338485,0.0,-0.4075519305258422
3,30.0,100.0,10.0,47,2032190705,0.41803040911338485,0.0,-0.4075519305258422
3,30.0,100.0,10.0,48,2032190705,-0.6819695908866095,0.0,0.09244806947415848
3,30.0,100.0,10.0,49,2032190705,0.018030409113379164,0.49999999999999434,0.09244806947415848
3,30.0,100.0,10.0,50,2032190705,-0.08196959088661515,0.0,0.09244806947415848
3,30.0,100.0,10.0,51,2032190705,0.31803040911339053,0.0,0.09244806947415848
3,30.0,100.0,10.0,52,2032190705,1.0180304091133792,-0.49999999999999434,0.09244806947415848
3,30.0,100.0,10.0,53,2032190705,0.018030409113379164,0.0,-0.4075519305258422
3,30.0,100.0,10.0,54,2032190705,-0.7819695908866038,0.0,0.09244806947415848
3,30.0,100.0,10.0,55,2032190705,0.41803040911338485,0.0,0.09244806947415848
3,30.0,100.0,10.0,56,2032190705,-0.4819695908866066,0.0,-0.4075519305258422
3,30.0,100.0,10.0,57,2032190705,-0.3819695908866123,0.0,0.09244806947415848
3,30.0,100.0,10.0,58,2032190705,-0.5819695908866152,0.0,0.09244806947415848
3,30.0,100.0,10.0,59,2032190705,0.018030409113379164,0.49999999999999434,0.09244806947415848
3,30.0,100.0,10.0,60,2032190705,-0.08196959088661515,0.49999999999999434,0.09244806947415848
3,30.0,100.0,10.0,61,2032190705,0.018030409113379164,0.0,-0.4075519305258422
3,30.0,100.0,10.0,62,2032190705,0.5180304091133792,0.0,0.09244806947415848
3,30.0,100.0,10.0,63,2032190705,0.5180304091133792,0.0,0.09244806947415848
3,30.0,100.0,10.0,64,2032190705,-0.4819695908866066,0.0,0.09244806947415848
3,30.0,100.0,10.0,65,2032190705,-0.8819695908866123,0.0,0.09244806947415848
3,30.0,100.0,10.0,66,2032190705,-0.6819695908866095,0.0,0.09244806947415848
3,30.0,100.0,10.0,67,2032190705,-0.18196959088660947,0.0,-0.4075519305258422
3,30.0,100.0,10.0,68,2032190705,0.31803040911339053,0.49999999999999434,0.09244806947415848
3,30.0,100.0,10.0,69,2032190705,0.41803040911338485,0.0,0.09244806947415848
3,30.0,100.0,10.0,70,2032190705,-0.6819695908866095,0.0,-0.4075519305258422
3,30.0,100.0,10.0,71,2032190705,0.218030409113382,0.0,0.09244806947415848
3,30.0,100.0,10.0,72,2032190705,0.11803040911338769,0.0,-0.4075519305258422
3,30.0,100.0,10.0,73,2032190705,0.018030409113379164,0.0,0.09244806947415848
3,30.0,100.0,10.0,74,2032190705,0.11803040911338769,0.0,-0.4075519305258422
3,30.0,100.0,10.0,75,2032190705,-0.08196959088661515,0.0,0.09244806947415848
3,30.0,100.0,10.0,76,2032190705,-0.18196959088660947,0.0,0.09244806947415848
3,30.0,100.0,10.0,77,2032190705,0.018030409113379164,0.0,0.09244806947415848
3,30.0,100.0,10.0,78,2032190705,-0.6819695908866095,0.0,0.09244806947415848
3,30.0,100.0,10.0,79,2032190705,0.41803040911338485,0.0,0.09244806947415848
3,30.0,100.0,10.0,80,2032190705,-0.281969590886618,0.0,0.09244806947415848
3,30.0,100.0,10.0,81,2032190705,0.218030409113382,0.0,0.09244806947415848
3,30.0,100.0,10.0,82,2032190705,-0.18196959088660947,0.0,-0.4075519305258422
3,30.0,100.0,10.0,83,2032190705,-0.3819695908866123,0.0,0.09244806947415848
3,30.0,100.0,10.0,84,2032190705,0.11803040911338769,0.0,0.5924480694741592
3,30.0,100.0,10.0,85,2032190705,-0.08196959088661515,0.49999999999999434,0.09244806947415848
3,30.0,100.0,10.0,86,2032190705,0.31803040911339053,0.0,-0.4075519305258422
3,30.0,100.0,10.0,87,2032190705,-0.6819695908866095,0.0,-0.4075519305258422
3,30.0,100.0,10.0,88,2032190705,0.018030409113379164,0.49999999999999434,0.09244806947415848
3,30.0,100.0,10.0,89,2032190705,-0.6819695908866095,0.0,0.09244806947415848
3,30.0,100.0,10.0,90,2032190705,0.018030409113379164,0.0,0.09244806947415848
3,30.0,100.0,10.0,91,2032190705,0.31803040911339053,0.0,0.09244806947415848
3,30.0,100.0,10.0,92,2032190705,0.41803040911338485,0.0,0.09244806947415848
3,30.0,100.0,10.0,93,2032190705,0.018030409113379164,0.0,0.09244806947415848
3,30.0,100.0,10.0,94,2032190705,0.218030409113382,0.0,0.09244806947415848
3,30.0,100.0,10.0,95,2032190705,-0.4819695908866066,0.0,0.09244806947415848
3,30.0,100.0,10.0,96,2032190705,0.41803040911338485,0.0,0.09244806947415848
3,30.0,100.0,10.0,97,2032190705,0.5180304091133792,0.0,0.09244806947415848
3,30.0,100.0,10.0,98,2032190705,0.11803040911338769,0.49999999999999434,0.09244806947415848
3,30.0,100.0,10.0,99,2032190705,0.018030409113379164,0.0,0.09244806947415848
3,30.0,100.0,10.0,100,2032190705,0.11803040911338769,0.0,-0.4075519305258422
3,30.0,100.0,10.0,101,2032190705,0.218030409113382,0.0,-0.4075519305258422
3,30.0,100.0,10.0,102,2032190705,0.218030409113382,0.0,0.09244806947415848
3,30.0,100.0,10.0,103,2032190705,0.018030409113379164,0.0,0.09244806947415848
3,30.0,100.0,10.0,104,2032190705,-0.9819695908866066,0.0,0.09244806947415848
3,30.0,100.0,10.0,105,2032190705,0.41803040911338485,0.49999999999999434,0.09244806947415848
3,30.0,100.0,10.0,106,2032190705,0.31803040911339053,0.0,0.09244806947415848
3,30.0,100.0,10.0,107,2032190705,-0.08196959088661515,0.0,0.09244806947415848
3,30.0,100.0,10.0,108,2032190705,0.718030409113382,0.0,0.09244806947415848
3,30.0,100.0,10.0,109,2032190705,0.6180304091133877,0.0,0.09244806947415848
3,30.0,100.0,10.0,110,2032190705,0.31803040911339053,0.0,0.09244806947415848
3,30.0,100.0,10.0,111,2032190705,-0.7819695908866038,0.0,0.09244806947415848
3,30.0,100.0,10.0,112,2032190705,-0.18196959088660947,0.0,-0.4075519305258422
3,30.0,100.0,10.0,113,2032190705,0.018030409113379164,0.0,0.09244806947415848
3,30.0,100.0,10.0,114,2032190705,-0.5819695908866152,0.0,0.09244806947415848
3,30.0,100.0,10.0,115,2032190705,0.31803040911339053,0.0,0.09244806947415848
3,30.0,100.0,10.0,116,2032190705,1.1180304091133877,0.0,0.09244806947415848
3,30.0,100.0,10.0,117,2032190705,-0.18196959088660947,0.0,-0.4075519305258422
3,30.0,100.0,10.0,118,2032190705,0.11803040911338769,0.0,0.09244806947415848
3,30.0,100.0,10.0,119,2032190705,0.218030409113382,0.0,0.09244806947415848
3,30.0,100.0,10.0,120,2032190705,0.218030409113382,0.0,0.09244806947415848
3,30.0,100.0,10.0,121,2032190705,0.018030409113379164,0.0,0.09244806947415848
3,30.0,100.0,10.0,122,2032190705,-0.18196959088660947,0.0,0.09244806947415848
3,30.0,100.0,10.0,123,2032190705,-1.1819695908866095,0.0,0.09244806947415848
3,30.0,100.0,10.0,124,2032190705,-0.5819695908866152,-0.49999999999999434,-0.4075519305258422
3,30.0,100.0,10.0,125,2032190705,-0.281969590886618,0.49999999999999434,0.09244806947415848
3,30.0,100.0,10.0,126,2032190705,-0.4819695908866066,0.0,0.09244806947415848
3,30.0,100.0,10.0,127,2032190705,0.41803040911338485,0.49999999999999434,-0.4075519305258422
3,30.0,100.0,10.0,128,2032190705,-0.7819695908866038,0.0,0.09244806947415848
3,30.0,100.0,10.0,129,2032190705,-0.281969590886618,0.0,0.09244806947415848
3,30.0,100.0,10.0,130,2032190705,0.31803040911339053,0.0,0.09244806947415848
3,30.0,100.0,10.0,131,2032190705,0.218030409113382,0.0,0.09244806947415848
3,30.0,100.0,10.0,132,2032190705,-0.3819695908866123,0.0,0.09244806947415848
3,30.0,100.0,10.0,133,2032190705,0.31803040911339053,0.0,0.09244806947415848
3,30.0,100.0,10.0,134,2032190705,-0.281969590886618,0.49999999999999434,0.09244806947415848
3,30.0,100.0,10.0,135,2032190705,0.5180304091133792,0.0,0.09244806947415848
3,30.0,100.0,10.0,136,2032190705,0.018030409113379164,0.0,0.09244806947415848
3,30.0,100.0,10.0,137,2032190705,0.018030409113379164,0.0,0.09244806947415848
3,30.0,100.0,10.0,138,2032190705,-0.18196959088660947,0.0,0.09244806947415848
3,30.0,100.0,10.0,139,2032190705,-0.3819695908866123,-0.49999999999999434,0.09244806947415848
3,30.0,100.0,10.0,140,2032190705,-0.08196959088661515,0.0,-0.4075519305258422
3,30.0,100.0,10.0,141,2032190705,-0.8819695908866123,-0.49999999999999434,0.09244806947415848
3,30.0,100.0,10.0,142,2032190705,-0.4819695908866066,0.0,0.09244806947415848
3,30.0,100.0,10.0,143,2032190705,-0.6819695908866095,0.0,0.09244806947415848
3,30.0,100.0,10.0,144,2032190705,-0.4819695908866066,0.0,0.09244806947415848
3,30.0,100.0,10.0,145,2032190705,0.018030409113379164,-0.49999999999999434,0.5924480694741592
3,30.0,100.0,10.0,146,2032190705,0.5180304091133792,0.0,0.09244806947415848
3,30.0,100.0,10.0,147,2032190705,-0.6819695908866095,0.0,-0.4075519305258422
3,30.0,100.0,10.0,148,2032190705,-0.18196959088660947,0.0,0.09244806947415848
3,30.0,100.0,10.0,149,2032190705,0.6180304091133877,0.0,-0.4075519305258422
3,30.0,100.0,10.0,150,2032190705,-0.18196959088660947,0.0,0.09244806947415848
3,30.0,100.0,10.0,151,2032190705,0.11803040911338769,0.0,0.09244806947415848
3,30.0,100.0,10.0,152,2032190705,-0.5819695908866152,0.0,0.09244806947415848
3,30.0,100.0,10.0,153,2032190705,0.31803040911339053,0.0,0.09244806947415848
3,30.0,100.0,10.0,154,2032190705,-0.4819695908866066,0.0,0.09244806947415848
3,30.0,100.0,10.0,155,2032190705,0.41803040911338485,0.0,0.09244806947415848
3,30.0,100.0,10.0,156,2032190705,-0.3819695908866123,0.0,-0.4075519305258422
3,30.0,100.0,10.0,157,2032190705,0.41803040911338485,0.0,0.09244806947415848
3,30.0,100.0,10.0,158,2032190705,-0.18196959088660947,0.0,0.09244806947415848
3,30.0,100.0,10.0,159,2032190705,0.6180304091133877,0.0,0.09244806947415848
3,30.0,100.0,10.0,160,2032190705,0.31803040911339053,0.0,0.09244806947415848
3,30.0,100.0,10.0,161,2032190705,-0.18196959088660947,0.49999999999999434,0.09244806947415848
3,30.0,100.0,10.0,162,2032190705,-0.281969590886618,0.0,0.09244806947415848
3,30.0,100.0,10.0,163,2032190705,-0.3819695908866123,0.0,0.09244806947415848
3,30.0,100.0,10.0,164,2032190705,0.218030409113382,0.0,0.09244806947415848
3,30.0,100.0,10.0,165,2032190705,-0.08196959088661515,0.0,0.09244806947415848
3,30.0,100.0,10.0,166,2032190705,-0.5819695908866152,-0.49999999999999434,0.09244806947415848
3,30.0,100.0,10.0,167,2032190705,-0.4819695908866066,0.0,-0.4075519305258422
3,30.0,100.0,10.0,168,2032190705,-0.08196959088661515,0.0,0.09244806947415848
3,30.0,100.0,10.0,169,2032190705,-0.3819695908866123,0.49999999999999434,0.09244806947415848
3,30.0,100.0,10.0,170,2032190705,0.218030409113382,0.0,0.09244806947415848
3,30.0,100.0,10.0,171,2032190705,0.11803040911338769,0.0,-0.4075519305258422
3,30.0,100.0,10.0,172,2032190705,0.018030409113379164,0.49999999999999434,0.09244806947415848
3,30.0,100.0,10.0,173,2032190705,0.31803040911339053,0.0,0.09244806947415848
3,30.0,100.0,10.0,174,2032190705,-1.0819695908866152,0.49999999999999434,0.09244806947415848
3,30.0,100.0,10.0,175,2032190705,-0.08196959088661515,0.0,0.09244806947415848
3,30.0,100.0,10.0,176,2032190705,0.8180304091133905,0.0,0.09244806947415848
3,30.0,100.0,10.0,177,2032190705,-0.08196959088661515,0.0,0.09244806947415848
3,30.0,100.0,10.0,178,2032190705,0.31803040911339053,0.0,0.09244806947415848
3,30.0,100.0,10.0,179,2032190705,0.31803040911339053,0.0,0.09244806947415848
3,30.0,100.0,10.0,180,2032190705,-0.7819695908866038,0.49999999999999434,-0.4075519305258422
3,30.0,100.0,10.0,181,2032190705,0.018030409113379164,0.49999999999999434,0.09244806947415848
3,30.0,100.0,10.0,182,2032190705,0.31803040911339053,0.0,0.09244806947415848
3,30.0,100.0,10.0,183,2032190705,-0.08196959088661515,0.0,0.09244806947415848
3,30.0,100.0,10.0,184,2032190705,-0.18196959088660947,0.0,0.09244806947415848
3,30.0,100.0,10.0,185,2032190705,0.11803040911338769,0.0,0.09244806947415848
3,30.0,100.0,10.0,186,2032190705,-0.08196959088661515,-0.49999999999999434,0.09244806947415848
3,30.0,100.0,10.0,187,2032190705,0.018030409113379164,0.0,0.09244806947415848
3,30.0,100.0,10.0,188,2032190705,-0.281969590886618,0.0,0.09244806947415848
3,30.0,100.0,10.0,189,2032190705,0.31803040911339053,0.0,0.09244806947415848
3,30.0,100.0,10.0,190,2032190705,-0.18196959088660947,0.0,0.09244806947415848
3,30.0,100.0,10.0,191,2032190705,0.11803040911338769,0.0,0.09244806947415848
3,30.0,100.0,10.0,192,2032190705,-0.281969590886618,0.0,0.09244806947415848
3,30.0,100.0,10.0,193,2032190705,0.018030409113379164,0.0,0.09244806947415848
3,30.0,100.0,10.0,194,2032190705,0.218030409113382,0.0,0.09244806947415848
3,30.0,100.0,10.0,195,2032190705,-0.6819695908866095,0.0,0.09244806947415848
3,30.0,100.0,10.0,196,2032190705,0.6180304091133877,0.0,-0.4075519305258422
3,30.0,100.0,10.0,197,2032190705,0.218030409113382,0.0,0.09244806947415848
3,30.0,100.0,10.0,198,2032190705,0.218030409113382,0.0,0.09244806947415848
3,30.0,100.0,10.0,199,2032190705,0.11803040911338769,0.0,0.09244806947415848
4,120.0,140.0,-15.0,0,2032190800,-131.71823791542664,2.4999999999999973,-34.74553003634661
4,120.0,140.0,-15.0,1,2032190800,-108.81823791542672,-90.0,18.254469963653392
4,120.0,140.0,-15.0,2,2032190800,-121.01823791542668,-42.5,-2.2455300363466058
4,120.0,140.0,-15.0,3,2032190800,34.78176208457276,13.000000000000005,9.254469963653392
4,120.0,140.0,-15.0,4,2032190800,-21.418237915427028,52.49999999999999,-70.24553003634661
4,120.0,140.0,-15.0,5,2032190800,-99.11823791542675,90.0,-88.24553003634661
4,120.0,140.0,-15.0,6,2032190800,-41.518237915426965,46.50000000000001,-23.245530036346608
4,120.0,140.0,-15.0,7,2032190800,50.081762084572716,38.99999999999999,-15.245530036346608
4,120.0,140.0,-15.0,8,2032190800,-73.41823791542684,18.99999999999999,-17.245530036346608
4,120.0,140.0,-15.0,9,2032190800,-6.918237915427085,6.500000000000003,7.254469963653395
4,120.0,140.0,-15.0,10,2032190800,-93.21823791542677,-38.0,-26.745530036346608
4,120.0,140.0,-15.0,11,2032190800,-161.71823791542653,90.0,-92.74553003634661
4,120.0,140.0,-15.0,12,2032190800,-8.718237915427068,0.9999999999999887,-1.7455300363466053
4,120.0,140.0,-15.0,13,2032190800,46.581762084572716,23.500000000000014,-92.24553003634661
4,120.0,140.0,-15.0,14,2032190800,-60.71823791542688,65.5,-92.74553003634661
4,120.0,140.0,-15.0,15,2032190800,-15.618237915427045,-18.499999999999993,-80.24553003634661
4,120.0,140.0,-15.0,16,2032190800,-101.01823791542674,20.000000000000004,-48.74553003634661
4,120.0,140.0,-15.0,17,2032190800,12.281762084572847,-0.9999999999999887,8.25446996365339
4,120.0,140.0,-15.0,18,2032190800,-0.6182379154271018,1.5000000000000084,-4.74553003634661
4,120.0,140.0,-15.0,19,2032190800,-152.21823791542656,-90.0,-102.74553003634662
4,120.0,140.0,-15.0,20,2032190800,-124.81823791542666,-76.5,27.254469963653392
4,120.0,140.0,-15.0,21,2032190800,-132.61823791542662,59.500000000000014,-25.745530036346608
4,120.0,140.0,-15.0,22,2032190800,-3.218237915427096,4.000000000000005,-2.7455300363466066
4,120.0,140.0,-15.0,23,2032190800,-59.918237915426886,-58.99999999999999,-82.24553003634661
4,120.0,140.0,-15.0,24,2032190800,-23.618237915427017,-65.5,-41.74553003634661
4,120.0,140.0,-15.0,25,2032190800,-110.6182379154267,-35.50000000000001,-95.24553003634661
4,120.0,140.0,-15.0,26,2032190800,-119.01823791542668,-20.000000000000004,-68.24553003634661
4,120.0,140.0,-15.0,27,2032190800,-114.0182379154267,-48.000000000000014,-3.745530036346608
4,120.0,140.0,-15.0,28,2032190800,49.68176208457271,90.0,-12.245530036346608
4,120.0,140.0,-15.0,29,2032190800,53.18176208457271,60.99999999999997,-51.24553003634661
4,120.0,140.0,-15.0,30,2032190800,-51.61823791542693,-57.499999999999986,-12.745530036346608
4,120.0,140.0,-15.0,31,2032190800,-64.91823791542687,-44.50000000000001,-27.74553003634661
4,120.0,140.0,-15.0,32,2032190800,-92.31823791542678,-59.999999999999986,-40.24553003634661
4,120.0,140.0,-15.0,33,2032190800,-173.4182379154265,65.00000000000003,-43.74553003634661
4,120.0,140.0,-15.0,34,2032190800,-1.0182379154271075,-1.5000000000000084,-3.2455300363466075
4,120.0,140.0,-15.0,35,2032190800,-1.9182379154270848,0.49999999999999434,1.7544699636533934
4,120.0,140.0,-15.0,36,2032190800,-108.21823791542673,90.0,-20.74553003634661
4,120.0,140.0,-15.0,37,2032190800,48.28176208457273,2.4999999999999973,-51.24553003634661
4,120.0,140.0,-15.0,38,2032190800,49.781762084572705,42.5,-6.245530036346605
4,120.0,140.0,-15.0,39,2032190800,52.98176208457269,12.50000000000001,-37.24553003634661
4,120.0,140.0,-15.0,40,2032190800,-0.8182379154270905,-5.4999999999999885,11.254469963653394
4,120.0,140.0,-15.0,41,2032190800,-161.21823791542653,90.0,-105.74553003634661
4,120.0,140.0,-15.0,42,2032190800,-26.118237915427017,90.0,-101.24553003634661
4,120.0,140.0,-15.0,43,2032190800,-113.6182379154267,62.49999999999998,14.754469963653392
4,120.0,140.0,-15.0,44,2032190800,-1.4182379154271132,-4.000000000000005,2.254469963653394
4,120.0,140.0,-15.0,45,2032190800,19.981762084572836,6.500000000000003,-56.74553003634661
4,120.0,140.0,-15.0,46,2032190800,-3.9182379154270848,-0.9999999999999887,0.2544699636533912
4,120.0,140.0,-15.0,47,2032190800,-0.01823791542710751,-4.000000000000005,1.2544699636533927
4,120.0,140.0,-15.0,48,2032190800,-115.31823791542669,-73.5,-31.745530036346608
4,120.0,140.0,-15.0,49,2032190800,-173.4182379154265,20.499999999999996,-0.7455300363466102
4,120.0,140.0,-15.0,50,2032190800,-10.018237915427079,13.5,-10.745530036346604
4,120.0,140.0,-15.0,51,2032190800,52.48176208457272,-17.500000000000007,-90.74553003634661
4,120.0,140.0,-15.0,52,2032190800,65.28176208457268,-30.499999999999986,-16.245530036346608
4,120.0,140.0,-15.0,53,2032190800,-158.61823791542653,-44.50000000000001,-18.745530036346608
4,120.0,140.0,-15.0,54,2032190800,-2.8182379154270905,9.0,-8.745530036346608
4,120.0,140.0,-15.0,55,2032190800,33.28176208457279,-11.999999999999991,-86.24553003634661
4,120.0,140.0,-15.0,56,2032190800,9.981762084572864,-2.9999999999999916,2.254469963653394
4,120.0,140.0,-15.0,57,2032190800,66.58176208457266,54.999999999999986,-3.745530036346608
4,120.0,140.0,-15.0,58,2032190800,-5.918237915427085,2.0000000000000027,-2.2455300363466058
4,120.0,140.0,-15.0,59,2032190800,-2.9182379154270848,4.5,-0.2455300363466095
4,120.0,140.0,-15.0,60,2032190800,-143.71823791542658,18.99999999999999,-65.24553003634661
4,120.0,140.0,-15.0,61,2032190800,-2.9182379154270848,-5.4999999999999885,1.2544699636533927
4,120.0,140.0,-15.0,62,2032190800,16.38176208457284,9.0,-29.24553003634661
4,120.0,140.0,-15.0,63,2032190800,20.58176208457283,3.500000000000011,-32.24553003634661
4,120.0,140.0,-15.0,64,2032190800,3.581762084572887,-6.999999999999997,2.7544699636533947
4,120.0,140.0,-15.0,65,2032190800,2.2817620845728754,4.000000000000005,6.254469963653393
4,120.0,140.0,-15.0,66,2032190800,-122.41823791542667,60.5,-77.74553003634661
4,120.0,140.0,-15.0,67,2032190800,66.58176208457266,-31.000000000000007,-3.2455300363466075
4,120.0,140.0,-15.0,68,2032190800,-101.71823791542674,17.00000000000001,5.754469963653393
4,120.0,140.0,-15.0,69,2032190800,-99.11823791542675,2.0000000000000027,-11.245530036346606
4,120.0,140.0,-15.0,70,2032190800,18.28176208457282,-41.500000000000014,-1.7455300363466053
4,120.0,140.0,-15.0,71,2032190800,-84.4182379154268,30.499999999999986,-30.245530036346608
4,120.0,140.0,-15.0,72,2032190800,-122.41823791542667,-21.50000000000001,-47.245530036346615
4,120.0,140.0,-15.0,73,2032190800,-30.918237915427,2.4999999999999973,-56.245530036346615
4,120.0,140.0,-15.0,74,2032190800,-0.5182379154271075,0.9999999999999887,-1.2455300363466109
4,120.0,140.0,-15.0,75,2032190800,-62.01823791542688,90.0,-90.74553003634661
4,120.0,140.0,-15.0,76,2032190800,-159.41823791542654,22.999999999999993,-40.74553003634661
4,120.0,140.0,-15.0,77,2032190800,-136.61823791542662,-90.0,-16.745530036346608
4,120.0,140.0,-15.0,78,2032190800,-6.3182379154270905,0.9999999999999887,1.7544699636533934
4,120.0,140.0,-15.0,79,2032190800,28.181762084572796,6.999999999999997,16.254469963653396
4,120.0,140.0,-15.0,80,2032190800,38.98176208457275,34.49999999999999,-15.245530036346608
4,120.0,140.0,-15.0,81,2032190800,-39.41823791542697,-43.49999999999999,-59.2455300363466
4,120.0,140.0,-15.0,82,2032190800,-148.81823791542658,-44.50000000000001,-75.2455300363466
4,120.0,140.0,-15.0,83,2032190800,2.4817620845728925,-4.999999999999995,1.2544699636533927
4,120.0,140.0,-15.0,84,2032190800,-101.41823791542674,-45.999999999999986,-2.7455300363466066
4,120.0,140.0,-15.0,85,2032190800,-123.01823791542667,-61.49999999999999,-36.24553003634661
4,120.0,140.0,-15.0,86,2032190800,-91.41823791542677,40.5,-54.74553003634661
4,120.0,140.0,-15.0,87,2032190800,7.981762084572864,-2.0000000000000027,-3.2455300363466075
4,120.0,140.0,-15.0,88,2032190800,-3.218237915427096,-4.000000000000005,1.2544699636533927
4,120.0,140.0,-15.0,89,2032190800,45.081762084572745,20.499999999999996,-42.24553003634661
4,120.0,140.0,-15.0,90,2032190800,-112.6182379154267,-57.499999999999986,-4.74553003634661
4,120.0,140.0,-15.0,91,2032190800,-82.91823791542681,90.0,18.7544699636534
4,120.0,140.0,-15.0,92,2032190800,26.28176208457279,-11.999999999999991,2.7544699636533947
4,120.0,140.0,-15.0,93,2032190800,66.58176208457266,-18.499999999999993,-80.24553003634661
4,120.0,140.0,-15.0,94,2032190800,-1.9182379154270848,2.9999999999999916,10.754469963653394
4,120.0,140.0,-15.0,95,2032190800,-44.61823791542693,-56.0,-2.7455300363466066
4,120.0,140.0,-15.0,96,2032190800,66.58176208457266,-59.500000000000014,-50.24553003634661
4,120.0,140.0,-15.0,97,2032190800,-68.41823791542686,-90.0,-73.24553003634661
4,120.0,140.0,-15.0,98,2032190800,-167.41823791542652,-40.5,-15.245530036346608
4,120.0,140.0,-15.0,99,2032190800,-173.4182379154265,8.00000000000001,-8.745530036346608
4,120.0,140.0,-15.0,100,2032190800,-138.8182379154266,60.5,-50.74553003634661
4,120.0,140.0,-15.0,101,2032190800,-126.51823791542665,-33.5,-88.7455300363466
4,120.0,140.0,-15.0,102,2032190800,44.38176208457273,-45.49999999999999,-49.74553003634661
4,120.0,140.0,-15.0,103,2032190800,-164.71823791542653,38.0,-35.24553003634661
4,120.0,140.0,-15.0,104,2032190800,-143.6182379154266,36.0,-70.24553003634661
4,120.0,140.0,-15.0,105,2032190800,62.78176208457268,20.000000000000004,-59.74553003634661
4,120.0,140.0,-15.0,106,2032190800,-3.218237915427096,-6.000000000000009,3.254469963653389
4,120.0,140.0,-15.0,107,2032190800,-87.61823791542679,10.500000000000009,6.254469963653393
4,120.0,140.0,-15.0,108,2032190800,-127.31823791542665,47.0,-102.74553003634662
4,120.0,140.0,-15.0,109,2032190800,9.581762084572858,0.49999999999999434,9.754469963653392
4,120.0,140.0,-15.0,110,2032190800,4.88176208457287,-0.9999999999999887,-2.7455300363466066
4,120.0,140.0,-15.0,111,2032190800,-8.518237915427079,6.999999999999997,8.75446996365339
4,120.0,140.0,-15.0,112,2032190800,48.18176208457274,15.000000000000009,-75.74553003634661
4,120.0,140.0,-15.0,113,2032190800,-44.51823791542694,-1.5000000000000084,1.2544699636533927
4,120.0,140.0,-15.0,114,2032190800,-173.4182379154265,-22.5,-22.745530036346608
4,120.0,140.0,-15.0,115,2032190800,-129.11823791542665,-6.000000000000009,1.7544699636533934
4,120.0,140.0,-15.0,116,2032190800,-21.818237915427034,2.9999999999999916,-22.745530036346608
4,120.0,140.0,-15.0,117,2032190800,35.98176208457278,-90.0,11.254469963653394
4,120.0,140.0,-15.0,118,2032190800,-5.8182379154270905,0.49999999999999434,0.2544699636533912
4,120.0,140.0,-15.0,119,2032190800,-92.71823791542677,40.00000000000001,-72.24553003634661
4,120.0,140.0,-15.0,120,2032190800,-152.71823791542656,-67.5,-51.24553003634661
4,120.0,140.0,-15.0,121,2032190800,-150.41823791542657,-40.5,-30.245530036346608
4,120.0,140.0,-15.0,122,2032190800,18.88176208457284,-53.000000000000014,-77.24553003634661
4,120.0,140.0,-15.0,123,2032190800,29.28176208457279,6.999999999999997,26.754469963653396
4,120.0,140.0,-15.0,124,2032190800,-68.21823791542687,-24.999999999999996,-11.245530036346606
4,120.0,140.0,-15.0,125,2032190800,51.581762084572716,-4.999999999999995,-35.24553003634661
4,120.0,140.0,-15.0,126,2032190800,-39.91823791542697,-33.00000000000001,-19.245530036346608
4,120.0,140.0,-15.0,127,2032190800,-163.91823791542652,26.500000000000007,-76.24553003634661
4,120.0,140.0,-15.0,128,2032190800,-31.318237915427005,48.000000000000014,-93.2455300363466
4,120.0,140.0,-15.0,129,2032190800,-140.3182379154266,27.99999999999999,4.754469963653391
4,120.0,140.0,-15.0,130,2032190800,-46.718237915426954,-0.49999999999999434,-41.74553003634661
4,120.0,140.0,-15.0,131,2032190800,-137.91823791542663,26.00000000000001,-39.24553003634661
4,120.0,140.0,-15.0,132,2032190800,-112.2182379154267,-13.999999999999995,-58.74553003634661
4,120.0,140.0,-15.0,133,2032190800,-114.7182379154267,-32.500000000000014,-42.74553003634661
4,120.0,140.0,-15.0,134,2032190800,11.981762084572864,-44.000000000000014,-5.24553003634661
4,120.0,140.0,-15.0,135,2032190800,-82.91823791542681,27.499999999999993,-42.24553003634661
4,120.0,140.0,-15.0,136,2032190800,-146.0182379154266,-90.0,16.754469963653396
4,120.0,140.0,-15.0,137,2032190800,66.58176208457266,-56.0,14.254469963653392
4,120.0,140.0,-15.0,138,2032190800,-141.5182379154266,15.500000000000004,-51.24553003634661
4,120.0,140.0,-15.0,139,2032190800,-66.01823791542687,77.50000000000001,-101.24553003634661
4,120.0,140.0,-15.0,140,2032190800,-76.31823791542683,11.000000000000004,-107.24553003634662
4,120.0,140.0,-15.0,141,2032190800,37.78176208457276,-53.50000000000001,-34.74553003634661
4,120.0,140.0,-15.0,142,2032190800,-49.61823791542693,80.00000000000001,-57.74553003634661
4,120.0,140.0,-15.0,143,2032190800,-97.21823791542676,48.000000000000014,-22.245530036346608
4,120.0,140.0,-15.0,144,2032190800,-24.618237915427017,0.49999999999999434,26.25446996365339
4,120.0,140.0,-15.0,145,2032190800,31.181762084572796,-63.0,0.7544699636533919
4,120.0,140.0,-15.0,146,2032190800,-138.2182379154266,41.500000000000014,-43.74553003634661
4,120.0,140.0,-15.0,147,2032190800,-1.3182379154270905,-5.4999999999999885,-2.2455300363466058
4,120.0,140.0,-15.0,148,2032190800,-129.91823791542663,56.5,-65.24553003634661
4,120.0,140.0,-15.0,149,2032190800,-109.51823791542671,-27.99999999999999,6.754469963653394
4,120.0,140.0,-15.0,150,2032190800,-117.11823791542669,-40.00000000000001,-14.245530036346606
4,120.0,140.0,-15.0,151,2032190800,8.081762084572858,4.999999999999995,-4.74553003634661
4,120.0,140.0,-15.0,152,2032190800,-0.8182379154270905,0.9999999999999887,0.7544699636533919
4,120.0,140.0,-15.0,153,2032190800,52.48176208457272,-8.500000000000005,-56.245530036346615
4,120.0,140.0,-15.0,154,2032190800,-154.21823791542656,-13.5,-37.74553003634661
4,120.0,140.0,-15.0,155,2032190800,-97.71823791542676,90.0,-67.24553003634661
4,120.0,140.0,-15.0,156,2032190800,-150.01823791542657,21.50000000000001,-55.74553003634661
4,120.0,140.0,-15.0,157,2032190800,-8.618237915427073,-0.9999999999999887,2.254469963653394
4,120.0,140.0,-15.0,158,2032190800,-6.018237915427079,1.5000000000000084,-2.2455300363466058
4,120.0,140.0,-15.0,159,2032190800,18.28176208457282,-26.00000000000001,-68.74553003634661
4,120.0,140.0,-15.0,160,2032190800,-116.51823791542668,90.0,-103.74553003634661
4,120.0,140.0,-15.0,161,2032190800,-32.21823791542698,-90.0,6.254469963653393
4,120.0,140.0,-15.0,162,2032190800,-13.01823791542705,12.50000000000001,-106.7455300363466
4,120.0,140.0,-15.0,163,2032190800,-46.51823791542694,-59.999999999999986,-9.74553003634661
4,120.0,140.0,-15.0,164,2032190800,-173.11823791542648,23.500000000000014,-58.74553003634661
4,120.0,140.0,-15.0,165,2032190800,28.681762084572796,40.99999999999999,-10.245530036346612
4,120.0,140.0,-15.0,166,2032190800,-5.018237915427079,-2.4999999999999973,9.754469963653392
4,120.0,140.0,-15.0,167,2032190800,2.7817620845728754,-0.49999999999999434,-0.7455300363466102
4,120.0,140.0,-15.0,168,2032190800,-129.11823791542665,-74.5,6.754469963653394
4,120.0,140.0,-15.0,169,2032190800,13.981762084572836,9.99999999999999,-88.24553003634661
4,120.0,140.0,-15.0,170,2032190800,64.98176208457267,-33.5,12.75446996365339
4,120.0,140.0,-15.0,171,2032190800,-169.3182379154265,29.999999999999993,-35.24553003634661
4,120.0,140.0,-15.0,172,2032190800,-97.01823791542677,-45.999999999999986,-37.24553003634661
4,120.0,140.0,-15.0,173,2032190800,65.68176208457265,45.999999999999986,-29.745530036346608
4,120.0,140.0,-15.0,174,2032190800,48.48176208457272,-47.0,-17.745530036346608
4,120.0,140.0,-15.0,175,2032190800,-93.61823791542677,-90.0,-1.2455300363466109
4,120.0,140.0,-15.0,176,2032190800,19.481762084572836,1.5000000000000084,13.25446996365339
4,120.0,140.0,-15.0,177,2032190800,-158.21823791542653,29.999999999999993,20.75446996365339
4,120.0,140.0,-15.0,178,2032190800,-107.71823791542673,73.99999999999997,-57.245530036346615
4,120.0,140.0,-15.0,179,2032190800,-72.41823791542684,14.500000000000014,-30.745530036346608
4,120.0,140.0,-15.0,180,2032190800,26.981762084572807,2.9999999999999916,12.75446996365339
4,120.0,140.0,-15.0,181,2032190800,-124.51823791542665,38.0,-38.74553003634661
4,120.0,140.0,-15.0,182,2032190800,-96.71823791542676,-40.5,-78.24553003634662
4,120.0,140.0,-15.0,183,2032190800,-142.3182379154266,-4.000000000000005,-58.74553003634661
4,120.0,140.0,-15.0,184,2032190800,-134.91823791542663,-36.0,-38.74553003634661
4,120.0,140.0,-15.0,185,2032190800,-105.71823791542673,-2.9999999999999916,-107.74553003634661
4,120.0,140.0,-15.0,186,2032190800,25.381762084572813,-31.5,17.754469963653396
4,120.0,140.0,-15.0,187,2032190800,1.0817620845728868,13.000000000000005,-7.245530036346607
4,120.0,140.0,-15.0,188,2032190800,7.681762084572881,13.5,-5.745530036346611
4,120.0,140.0,-15.0,189,2032190800,0.3817620845728982,-0.49999999999999434,-3.745530036346608
4,120.0,140.0,-15.0,190,2032190800,5.681762084572881,-0.49999999999999434,-8.745530036346608
4,120.0,140.0,-15.0,191,2032190800,-173.2182379154265,-13.5,-52.74553003634661
4,120.0,140.0,-15.0,192,2032190800,29.5817620845728,-20.999999999999993,-44.24553003634661
4,120.0,140.0,-15.0,193,2032190800,-102.71823791542674,90.0,5.254469963653392
4,120.0,140.0,-15.0,194,2032190800,-171.4182379154265,17.00000000000001,-82.74553003634662
4,120.0,140.0,-15.0,195,2032190800,-105.31823791542674,36.49999999999999,-72.74553003634661
4,120.0,140.0,-15.0,196,2032190800,-67.71823791542687,-29.499999999999996,-79.7455300363466
4,120.0,140.0,-15.0,197,2032190800,4.581762084572887,-0.9999999999999887,-1.7455300363466053
4,120.0,140.0,-15.0,198,2032190800,48.18176208457274,-32.500000000000014,-1.7455300363466053
4,120.0,140.0,-15.0,199,2032190800,0.9817620845728925,0.49999999999999434,3.75446996365339
4,120.0,140.0,-10.0,0,2032190801,-2.4182379154270848,0.9999999999999887,-1.7455300363466053
4,120.0,140.0,-10.0,1,2032190801,0.8817620845728982,-1.5000000000000084,-4.245530036346609
4,120.0,140.0,-10.0,2,2032190801,-0.7182379154270961,4.999999999999995,-0.7455300363466102
4,120.0,140.0,-10.0,3,2032190801,-1.0182379154271075,-2.0000000000000027,0.7544699636533919
4,120.0,140.0,-10.0,4,2032190801,66.28176208457265,-4.999999999999995,-87.24553003634662
4,120.0,140.0,-10.0,5,2032190801,-4.418237915427085,2.0000000000000027,-2.2455300363466058
4,120.0,140.0,-10.0,6,2032190801,-129.41823791542663,46.50000000000001,-47.245530036346615
4,120.0,140.0,-10.0,7,2032190801,-10.118237915427073,-0.9999999999999887,0.2544699636533912
4,120.0,140.0,-10.0,8,2032190801,16.181762084572853,0.49999999999999434,4.754469963653391
4,120.0,140.0,-10.0,9,2032190801,-53.51823791542691,20.000000000000004,-99.24553003634661
4,120.0,140.0,-10.0,10,2032190801,-0.21823791542709614,-1.5000000000000084,-2.2455300363466058
4,120.0,140.0,-10.0,11,2032190801,1.6817620845728811,3.500000000000011,3.75446996365339
4,120.0,140.0,-10.0,12,2032190801,-60.918237915426886,1.5000000000000084,-15.74553003634661
4,120.0,140.0,-10.0,13,2032190801,-13.118237915427045,-2.0000000000000027,-7.745530036346607
4,120.0,140.0,-10.0,14,2032190801,-34.91823791542697,0.9999999999999887,16.254469963653396
4,120.0,140.0,-10.0,15,2032190801,-45.41823791542694,42.5,-64.24553003634661
4,120.0,140.0,-10.0,16,2032190801,1.3817620845728982,2.0000000000000027,-3.2455300363466075
4,120.0,140.0,-10.0,17,2032190801,-1.8182379154270905,-1.5000000000000084,2.254469963653394
4,120.0,140.0,-10.0,18,2032190801,1.9817620845728925,0.0,0.2544699636533912
4,120.0,140.0,-10.0,19,2032190801,-102.21823791542674,-46.50000000000001,12.254469963653396
4,120.0,140.0,-10.0,20,2032190801,0.0817620845728868,0.9999999999999887,-0.7455300363466102
4,120.0,140.0,-10.0,21,2032190801,-115.31823791542669,-40.99999999999999,-79.24553003634661
4,120.0,140.0,-10.0,22,2032190801,-94.81823791542676,-14.500000000000014,-17.745530036346608
4,120.0,140.0,-10.0,23,2032190801,1.9817620845728925,2.0000000000000027,2.7544699636533947
4,120.0,140.0,-10.0,24,2032190801,-153.61823791542656,2.0000000000000027,-66.24553003634661
4,120.0,140.0,-10.0,25,2032190801,-150.01823791542657,-8.00000000000001,10.254469963653392
4,120.0,140.0,-10.0,26,2032190801,-1.8182379154270905,2.0000000000000027,5.254469963653392
4,120.0,140.0,-10.0,27,2032190801,-34.11823791542699,57.000000000000014,-15.245530036346608
4,120.0,140.0,-10.0,28,2032190801,-1.6182379154271018,0.9999999999999887,0.7544699636533919
4,120.0,140.0,-10.0,29,2032190801,-46.01823791542694,-66.0,6.754469963653394
4,120.0,140.0,-10.0,30,2032190801,0.9817620845728925,0.9999999999999887,1.7544699636533934
4,120.0,140.0,-10.0,31,2032190801,5.781762084572875,0.9999999999999887,2.254469963653394
4,120.0,140.0,-10.0,32,2032190801,2.4817620845728925,2.4999999999999973,-1.7455300363466053
4,120.0,140.0,-10.0,33,2032190801,0.18176208457290954,-2.0000000000000027,4.25446996365339
4,120.0,140.0,-10.0,34,2032190801,-10.218237915427068,8.500000000000005,-0.7455300363466102
4,120.0,140.0,-10.0,35,2032190801,48.081762084572716,-53.000000000000014,14.754469963653392
4,120.0,140.0,-10.0,36,2032190801,-2.9182379154270848,-0.49999999999999434,0.7544699636533919
4,120.0,140.0,-10.0,37,2032190801,57.3817620845727,-18.499999999999993,-61.24553003634661
4,120.0,140.0,-10.0,38,2032190801,-100.21823791542676,90.0,-13.245530036346608
4,120.0,140.0,-10.0,39,2032190801,2.081762084572887,2.0000000000000027,-4.245530036346609
4,120.0,140.0,-10.0,40,2032190801,-23.21823791542701,26.00000000000001,-57.74553003634661
4,120.0,140.0,-10.0,41,2032190801,-1.2182379154270961,0.0,-0.2455300363466095
4,120.0,140.0,-10.0,42,2032190801,1.2817620845729039,2.4999999999999973,4.754469963653391
4,120.0,140.0,-10.0,43,2032190801,-6.618237915427073,-2.0000000000000027,-0.7455300363466102
4,120.0,140.0,-10.0,44,2032190801,4.88176208457287,-0.49999999999999434,0.2544699636533912
4,120.0,140.0,-10.0,45,2032190801,-1.9182379154270848,-2.4999999999999973,1.2544699636533927
4,120.0,140.0,-10.0,46,2032190801,-144.8182379154266,13.999999999999995,-42.74553003634661
4,120.0,140.0,-10.0,47,2032190801,1.1817620845728811,-0.9999999999999887,1.2544699636533927
4,120.0,140.0,-10.0,48,2032190801,1.3817620845728982,1.5000000000000084,-0.7455300363466102
4,120.0,140.0,-10.0,49,2032190801,59.58176208457269,-29.499999999999996,-57.74553003634661
4,120.0,140.0,-10.0,50,2032190801,29.48176208457278,-10.500000000000009,-16.245530036346608
4,120.0,140.0,-10.0,51,2032190801,7.281762084572875,-4.000000000000005,0.2544699636533912
4,120.0,140.0,-10.0,52,2032190801,-93.51823791542677,-42.00000000000001,17.25446996365339
4,120.0,140.0,-10.0,53,2032190801,4.38176208457287,0.9999999999999887,0.7544699636533919
4,120.0,140.0,-10.0,54,2032190801,-3.518237915427079,-0.49999999999999434,-2.7455300363466066
4,120.0,140.0,-10.0,55,2032190801,-5.218237915427096,2.0000000000000027,0.2544699636533912
4,120.0,140.0,-10.0,56,2032190801,-51.718237915426926,18.0,14.754469963653392
4,120.0,140.0,-10.0,57,2032190801,5.38176208457287,2.9999999999999916,2.7544699636533947
4,120.0,140.0,-10.0,58,2032190801,0.9817620845728925,-4.000000000000005,-1.7455300363466053
4,120.0,140.0,-10.0,59,2032190801,-2.8182379154270905,4.5,0.2544699636533912
4,120.0,140.0,-10.0,60,2032190801,1.1817620845728811,-0.9999999999999887,-2.2455300363466058
4,120.0,140.0,-10.0,61,2032190801,5.081762084572887,2.4999999999999973,0.7544699636533919
4,120.0,140.0,-10.0,62,2032190801,-5.118237915427073,-1.5000000000000084,-1.7455300363466053
4,120.0,140.0,-10.0,63,2032190801,-44.91823791542694,9.499999999999995,0.2544699636533912
4,120.0,140.0,-10.0,64,2032190801,-7.618237915427073,-2.0000000000000027,-0.2455300363466095
4,120.0,140.0,-10.0,65,2032190801,6.88176208457287,-3.500000000000011,1.7544699636533934
4,120.0,140.0,-10.0,66,2032190801,-3.4182379154270848,-0.9999999999999887,3.75446996365339
4,120.0,140.0,-10.0,67,2032190801,1.9817620845728925,-0.49999999999999434,-0.7455300363466102
4,120.0,140.0,-10.0,68,2032190801,-7.618237915427073,-0.49999999999999434,1.2544699636533927
4,120.0,140.0,-10.0,69,2032190801,23.981762084572807,-22.999999999999993,25.25446996365339
4,120.0,140.0,-10.0,70,2032190801,-4.3182379154270905,-0.49999999999999434,3.254469963653389
4,120.0,140.0,-10.0,71,2032190801,-51.718237915426926,-70.0,-0.7455300363466102
4,120.0,140.0,-10.0,72,2032190801,-0.5182379154271075,0.9999999999999887,4.754469963653391
4,120.0,140.0,-10.0,73,2032190801,-2.3182379154270905,-1.5000000000000084,-1.7455300363466053
4,120.0,140.0,-10.0,74,2032190801,-0.7182379154270961,-0.49999999999999434,0.7544699636533919
4,120.0,140.0,-10.0,75,2032190801,9.481762084572864,1.5000000000000084,4.754469963653391
4,120.0,140.0,-10.0,76,2032190801,7.181762084572881,-1.5000000000000084,-3.745530036346608
4,120.0,140.0,-10.0,77,2032190801,8.081762084572858,2.0000000000000027,-2.7455300363466066
4,120.0,140.0,-10.0,78,2032190801,-0.7182379154270961,1.5000000000000084,0.7544699636533919
4,120.0,140.0,-10.0,79,2032190801,-46.31823791542692,-90.0,16.254469963653396
4,120.0,140.0,-10.0,80,2032190801,1.2817620845729039,0.0,3.254469963653389
4,120.0,140.0,-10.0,81,2032190801,-110.1182379154267,-54.49999999999999,-8.245530036346608
4,120.0,140.0,-10.0,82,2032190801,2.581762084572887,3.500000000000011,1.2544699636533927
4,120.0,140.0,-10.0,83,2032190801,-2.5182379154271075,-2.0000000000000027,-4.245530036346609
4,120.0,140.0,-10.0,84,2032190801,0.9817620845728925,-2.4999999999999973,-1.2455300363466109
4,120.0,140.0,-10.0,85,2032190801,24.181762084572796,60.99999999999997,-13.245530036346608
4,120.0,140.0,-10.0,86,2032190801,-0.7182379154270961,1.5000000000000084,-1.7455300363466053
4,120.0,140.0,-10.0,87,2032190801,-6.3182379154270905,-6.000000000000009,1.7544699636533934
4,120.0,140.0,-10.0,88,2032190801,-7.118237915427073,-0.49999999999999434,-1.7455300363466053
4,120.0,140.0,-10.0,89,2032190801,-173.4182379154265,-90.0,1.2544699636533927
4,120.0,140.0,-10.0,90,2032190801,-5.118237915427073,0.49999999999999434,-4.245530036346609
4,120.0,140.0,-10.0,91,2032190801,-1.9182379154270848,2.9999999999999916,1.7544699636533934
4,120.0,140.0,-10.0,92,2032190801,-9.818237915427062,-2.0000000000000027,-1.2455300363466109
4,120.0,140.0,-10.0,93,2032190801,-5.418237915427085,-4.000000000000005,0.2544699636533912
4,120.0,140.0,-10.0,94,2032190801,-9.818237915427062,3.500000000000011,-1.7455300363466053
4,120.0,140.0,-10.0,95,2032190801,4.281762084572875,-0.49999999999999434,-6.745530036346606
4,120.0,140.0,-10.0,96,2032190801,0.8817620845728982,0.9999999999999887,-3.745530036346608
4,120.0,140.0,-10.0,97,2032190801,-127.91823791542666,-43.49999999999999,-89.24553003634661
4,120.0,140.0,-10.0,98,2032190801,3.2817620845728754,2.4999999999999973,0.2544699636533912
4,120.0,140.0,-10.0,99,2032190801,1.4817620845728925,0.0,-0.7455300363466102
4,120.0,140.0,-10.0,100,2032190801,4.181762084572881,-2.4999999999999973,-2.2455300363466058
4,120.0,140.0,-10.0,101,2032190801,11.581762084572858,4.000000000000005,-4.74553003634661
4,120.0,140.0,-10.0,102,2032190801,-57.81823791542689,90.0,-76.24553003634661
4,120.0,140.0,-10.0,103,2032190801,-111.91823791542672,7.499999999999991,-27.74553003634661
4,120.0,140.0,-10.0,104,2032190801,-2.4182379154270848,1.5000000000000084,0.7544699636533919
4,120.0,140.0,-10.0,105,2032190801,-1.7182379154270961,-1.5000000000000084,-0.7455300363466102
4,120.0,140.0,-10.0,106,2032190801,5.281762084572875,1.5000000000000084,0.2544699636533912
4,120.0,140.0,-10.0,107,2032190801,58.08176208457269,7.499999999999991,-90.24553003634661
4,120.0,140.0,-10.0,108,2032190801,-62.31823791542688,10.500000000000009,-64.74553003634661
4,120.0,140.0,-10.0,109,2032190801,-169.6182379154265,49.49999999999997,2.254469963653394
4,120.0,140.0,-10.0,110,2032190801,-89.91823791542679,67.0,-27.74553003634661
4,120.0,140.0,-10.0,111,2032190801,-106.51823791542672,-53.000000000000014,-30.245530036346608
4,120.0,140.0,-10.0,112,2032190801,4.4817620845728925,0.9999999999999887,-1.7455300363466053
4,120.0,140.0,-10.0,113,2032190801,-33.518237915426994,31.5,-61.745530036346615
4,120.0,140.0,-10.0,114,2032190801,-3.3182379154270905,4.5,1.7544699636533934
4,120.0,140.0,-10.0,115,2032190801,-26.918237915427,0.49999999999999434,-0.2455300363466095
4,120.0,140.0,-10.0,116,2032190801,-118.11823791542668,-90.0,-109.2455300363466
4,120.0,140.0,-10.0,117,2032190801,9.88176208457287,6.999999999999997,3.254469963653389
4,120.0,140.0,-10.0,118,2032190801,0.4817620845728925,2.0000000000000027,-3.745530036346608
4,120.0,140.0,-10.0,119,2032190801,-61.61823791542689,17.00000000000001,-8.245530036346608
4,120.0,140.0,-10.0,120,2032190801,1.1817620845728811,-2.0000000000000027,1.2544699636533927
4,120.0,140.0,-10.0,121,2032190801,-7.418237915427085,-0.9999999999999887,-0.7455300363466102
4,120.0,140.0,-10.0,122,2032190801,54.081762084572716,0.49999999999999434,-82.24553003634661
4,120.0,140.0,-10.0,123,2032190801,-43.61823791542696,-2.4999999999999973,-7.745530036346607
4,120.0,140.0,-10.0,124,2032190801,4.081762084572887,-0.49999999999999434,-1.7455300363466053
4,120.0,140.0,-10.0,125,2032190801,-2.3182379154270905,-0.9999999999999887,-2.7455300363466066
4,120.0,140.0,-10.0,126,2032190801,-4.3182379154270905,-0.49999999999999434,-4.74553003634661
4,120.0,140.0,-10.0,127,2032190801,41.881762084572756,-63.0,-83.74553003634661
4,120.0,140.0,-10.0,128,2032190801,-143.5182379154266,37.50000000000001,-5.24553003634661
4,120.0,140.0,-10.0,129,2032190801,-3.218237915427096,2.0000000000000027,3.75446996365339
4,120.0,140.0,-10.0,130,2032190801,-20.918237915427028,73.50000000000001,1.2544699636533927
4,120.0,140.0,-10.0,131,2032190801,-96.01823791542677,24.000000000000007,-60.24553003634661
4,120.0,140.0,-10.0,132,2032190801,-3.718237915427096,2.0000000000000027,-1.7455300363466053
4,120.0,140.0,-10.0,133,2032190801,4.88176208457287,-1.5000000000000084,-5.24553003634661
4,120.0,140.0,-10.0,134,2032190801,-9.618237915427073,2.9999999999999916,1.2544699636533927
4,120.0,140.0,-10.0,135,2032190801,3.381762084572898,-0.49999999999999434,-1.7455300363466053
4,120.0,140.0,-10.0,136,2032190801,66.58176208457266,-75.5,-42.74553003634661
4,120.0,140.0,-10.0,137,2032190801,0.7817620845729039,0.49999999999999434,0.7544699636533919
4,120.0,140.0,-10.0,138,2032190801,45.38176208457273,90.0,25.754469963653396
4,120.0,140.0,-10.0,139,2032190801,-127.31823791542665,-40.99999999999999,-90.74553003634661
4,120.0,140.0,-10.0,140,2032190801,-161.21823791542653,-49.99999999999999,-57.245530036346615
4,120.0,140.0,-10.0,141,2032190801,-2.0182379154271075,0.49999999999999434,-0.7455300363466102
4,120.0,140.0,-10.0,142,2032190801,-0.5182379154271075,-2.0000000000000027,1.2544699636533927
4,120.0,140.0,-10.0,143,2032190801,-5.8182379154270905,0.0,-1.7455300363466053
4,120.0,140.0,-10.0,144,2032190801,-137.01823791542662,-17.500000000000007,-89.24553003634661
4,120.0,140.0,-10.0,145,2032190801,-137.61823791542662,11.000000000000004,-75.2455300363466
4,120.0,140.0,-10.0,146,2032190801,-37.518237915426965,14.500000000000014,-47.74553003634661
4,120.0,140.0,-10.0,147,2032190801,-1.5182379154271075,0.0,3.254469963653389
4,120.0,140.0,-10.0,148,2032190801,47.88176208457273,90.0,-79.24553003634661
4,120.0,140.0,-10.0,149,2032190801,-144.6182379154266,-90.0,-30.745530036346608
4,120.0,140.0,-10.0,150,2032190801,-3.718237915427096,-2.0000000000000027,-3.2455300363466075
4,120.0,140.0,-10.0,151,2032190801,2.9817620845728925,1.5000000000000084,-1.7455300363466053
4,120.0,140.0,-10.0,152,2032190801,4.281762084572875,3.500000000000011,-1.7455300363466053
4,120.0,140.0,-10.0,153,2032190801,-49.81823791542692,-38.0,-17.245530036346608
4,120.0,140.0,-10.0,154,2032190801,4.38176208457287,-1.5000000000000084,-3.745530036346608
4,120.0,140.0,-10.0,155,2032190801,-8.918237915427085,0.49999999999999434,1.7544699636533934
4,120.0,140.0,-10.0,156,2032190801,25.981762084572807,58.99999999999999,-46.74553003634661
4,120.0,140.0,-10.0,157,2032190801,-4.018237915427079,-0.9999999999999887,-1.7455300363466053
4,120.0,140.0,-10.0,158,2032190801,-4.018237915427079,-2.0000000000000027,-0.2455300363466095
4,120.0,140.0,-10.0,159,2032190801,2.4817620845728925,-0.49999999999999434,-0.7455300363466102
4,120.0,140.0,-10.0,160,2032190801,-4.418237915427085,-1.5000000000000084,-2.2455300363466058
4,120.0,140.0,-10.0,161,2032190801,-5.418237915427085,-0.9999999999999887,-6.745530036346606
4,120.0,140.0,-10.0,162,2032190801,22.08176208457283,90.0,13.754469963653392
4,120.0,140.0,-10.0,163,2032190801,-3.018237915427079,2.0000000000000027,-0.2455300363466095
4,120.0,140.0,-10.0,164,2032190801,-124.61823791542666,-58.99999999999999,-34.24553003634661
4,120.0,140.0,-10.0,165,2032190801,-101.91823791542674,-17.500000000000007,-103.24553003634661
4,120.0,140.0,-10.0,166,2032190801,2.881762084572898,-1.5000000000000084,4.754469963653391
4,120.0,140.0,-10.0,167,2032190801,-100.61823791542675,40.00000000000001,-81.24553003634661
4,120.0,140.0,-10.0,168,2032190801,-115.0182379154267,14.500000000000014,-33.74553003634661
4,120.0,140.0,-10.0,169,2032190801,3.9817620845728925,-0.49999999999999434,2.7544699636533947
4,120.0,140.0,-10.0,170,2032190801,0.3817620845728982,-4.000000000000005,0.7544699636533919
4,120.0,140.0,-10.0,171,2032190801,-166.0182379154265,15.000000000000009,-1.7455300363466053
4,120.0,140.0,-10.0,172,2032190801,-4.018237915427079,-1.5000000000000084,-2.7455300363466066
4,120.0,140.0,-10.0,173,2032190801,-145.21823791542658,-36.999999999999986,-8.245530036346608
4,120.0,140.0,-10.0,174,2032190801,-0.01823791542710751,2.4999999999999973,0.2544699636533912
4,120.0,140.0,-10.0,175,2032190801,-28.418237915427,58.99999999999999,-62.24553003634661
4,120.0,140.0,-10.0,176,2032190801,-120.21823791542667,56.5,9.754469963653392
4,120.0,140.0,-10.0,177,2032190801,-1.4182379154271132,2.0000000000000027,-1.7455300363466053
4,120.0,140.0,-10.0,178,2032190801,-0.4182379154271132,0.0,2.254469963653394
4,120.0,140.0,-10.0,179,2032190801,-171.51823791542648,-23.500000000000014,-35.74553003634661
4,120.0,140.0,-10.0,180,2032190801,5.681762084572881,4.999999999999995,0.2544699636533912
4,120.0,140.0,-10.0,181,2032190801,7.88176208457287,-7.499999999999991,2.7544699636533947
4,120.0,140.0,-10.0,182,2032190801,66.58176208457266,-20.499999999999996,-33.24553003634661
4,120.0,140.0,-10.0,183,2032190801,-62.618237915426874,-45.0,-37.24553003634661
4,120.0,140.0,-10.0,184,2032190801,-9.518237915427079,-2.4999999999999973,4.754469963653391
4,120.0,140.0,-10.0,185,2032190801,-2.3182379154270905,0.49999999999999434,-0.7455300363466102
4,120.0,140.0,-10.0,186,2032190801,-1.9182379154270848,1.5000000000000084,-0.7455300363466102
4,120.0,140.0,-10.0,187,2032190801,-4.8182379154270905,-2.9999999999999916,-0.7455300363466102
4,120.0,140.0,-10.0,188,2032190801,-0.6182379154271018,0.0,-1.2455300363466109
4,120.0,140.0,-10.0,189,2032190801,-66.91823791542687,-90.0,-78.24553003634662
4,120.0,140.0,-10.0,190,2032190801,0.3817620845728982,0.49999999999999434,-1.7455300363466053
4,120.0,140.0,-10.0,191,2032190801,-2.3182379154270905,-0.49999999999999434,-0.7455300363466102
4,120.0,140.0,-10.0,192,2032190801,-1.3182379154270905,0.9999999999999887,3.254469963653389
4,120.0,140.0,-10.0,193,2032190801,-1.9182379154270848,-0.9999999999999887,-2.7455300363466066
4,120.0,140.0,-10.0,194,2032190801,1.8817620845728982,-0.49999999999999434,-2.2455300363466058
4,120.0,140.0,-10.0,195,2032190801,-145.31823791542658,-90.0,-65.24553003634661
4,120.0,140.0,-10.0,196,2032190801,1.9817620845728925,0.0,0.2544699636533912
4,120.0,140.0,-10.0,197,2032190801,-128.01823791542665,7.499999999999991,-103.74553003634661
4,120.0,140.0,-10.0,198,2032190801,-73.71823791542684,-63.50000000000002,-18.745530036346608
4,120.0,140.0,-10.0,199,2032190801,59.98176208457269,90.0,-104.24553003634661
4,120.0,140.0,-5.0,0,2032190802,2.9817620845728925,0.0,0.2544699636533912
4,120.0,140.0,-5.0,1,2032190802,-4.218237915427096,-0.9999999999999887,-0.7455300363466102
4,120.0,140.0,-5.0,2,2032190802,1.9817620845728925,0.49999999999999434,0.2544699636533912
4,120.0,140.0,-5.0,3,2032190802,-1.5182379154271075,1.5000000000000084,1.2544699636533927
4,120.0,140.0,-5.0,4,2032190802,-1.6182379154271018,-0.9999999999999887,-0.7455300363466102
4,120.0,140.0,-5.0,5,2032190802,1.9817620845728925,-2.0000000000000027,1.2544699636533927
4,120.0,140.0,-5.0,6,2032190802,2.4817620845728925,-0.9999999999999887,-1.2455300363466109
4,120.0,140.0,-5.0,7,2032190802,0.28176208457290386,0.0,-0.2455300363466095
4,120.0,140.0,-5.0,8,2032190802,-0.7182379154270961,-0.49999999999999434,3.254469963653389
4,120.0,140.0,-5.0,9,2032190802,7.88176208457287,2.0000000000000027,0.7544699636533919
4,120.0,140.0,-5.0,10,2032190802,3.181762084572881,-1.5000000000000084,-1.2455300363466109
4,120.0,140.0,-5.0,11,2032190802,1.6817620845728811,-1.5000000000000084,-0.7455300363466102
4,120.0,140.0,-5.0,12,2032190802,0.5817620845728868,-1.5000000000000084,0.7544699636533919
4,120.0,140.0,-5.0,13,2032190802,6.581762084572887,0.0,0.2544699636533912
4,120.0,140.0,-5.0,14,2032190802,-4.618237915427102,-0.49999999999999434,-1.2455300363466109
4,120.0,140.0,-5.0,15,2032190802,-1.7182379154270961,0.49999999999999434,-0.2455300363466095
4,120.0,140.0,-5.0,16,2032190802,-0.4182379154271132,-0.9999999999999887,-0.2455300363466095
4,120.0,140.0,-5.0,17,2032190802,-1.0182379154271075,0.49999999999999434,-1.2455300363466109
4,120.0,140.0,-5.0,18,2032190802,-4.518237915427079,-1.5000000000000084,0.2544699636533912
4,120.0,140.0,-5.0,19,2032190802,1.5817620845728868,0.49999999999999434,-0.2455300363466095
4,120.0,140.0,-5.0,20,2032190802,-43.218237915426954,-45.999999999999986,-63.24553003634661
4,120.0,140.0,-5.0,21,2032190802,1.2817620845729039,-1.5000000000000084,2.254469963653394
4,120.0,140.0,-5.0,22,2032190802,2.381762084572898,0.49999999999999434,0.2544699636533912
4,120.0,140.0,-5.0,23,2032190802,0.9817620845728925,0.9999999999999887,-1.7455300363466053
4,120.0,140.0,-5.0,24,2032190802,1.6817620845728811,-0.9999999999999887,0.7544699636533919
4,120.0,140.0,-5.0,25,2032190802,-1.3182379154270905,0.0,1.2544699636533927
4,120.0,140.0,-5.0,26,2032190802,2.4817620845728925,0.0,0.2544699636533912
4,120.0,140.0,-5.0,27,2032190802,-3.8182379154270905,-1.5000000000000084,-1.2455300363466109
4,120.0,140.0,-5.0,28,2032190802,-0.6182379154271018,0.49999999999999434,-0.7455300363466102
4,120.0,140.0,-5.0,29,2032190802,-7.918237915427085,2.0000000000000027,-0.2455300363466095
4,120.0,140.0,-5.0,30,2032190802,3.081762084572887,0.9999999999999887,1.2544699636533927
4,120.0,140.0,-5.0,31,2032190802,-1.7182379154270961,1.5000000000000084,0.2544699636533912
4,120.0,140.0,-5.0,32,2032190802,3.181762084572881,1.5000000000000084,-0.7455300363466102
4,120.0,140.0,-5.0,33,2032190802,-0.11823791542710183,-0.49999999999999434,-0.2455300363466095
4,120.0,140.0,-5.0,34,2032190802,3.081762084572887,0.49999999999999434,-0.2455300363466095
4,120.0,140.0,-5.0,35,2032190802,-0.31823791542709046,0.9999999999999887,0.2544699636533912
4,120.0,140.0,-5.0,36,2032190802,1.7817620845728754,0.49999999999999434,-0.7455300363466102
4,120.0,140.0,-5.0,37,2032190802,-0.11823791542710183,-0.9999999999999887,-0.2455300363466095
4,120.0,140.0,-5.0,38,2032190802,-0.4182379154271132,-0.9999999999999887,0.7544699636533919
4,120.0,140.0,-5.0,39,2032190802,-2.218237915427096,2.0000000000000027,1.7544699636533934
4,120.0,140.0,-5.0,40,2032190802,-1.7182379154270961,0.49999999999999434,-0.7455300363466102
4,120.0,140.0,-5.0,41,2032190802,4.581762084572887,-0.49999999999999434,-3.2455300363466075
4,120.0,140.0,-5.0,42,2032190802,-3.3182379154270905,-2.0000000000000027,0.7544699636533919
4,120.0,140.0,-5.0,43,2032190802,-1.4182379154271132,0.49999999999999434,-0.7455300363466102
4,120.0,140.0,-5.0,44,2032190802,2.681762084572881,-0.49999999999999434,-1.2455300363466109
4,120.0,140.0,-5.0,45,2032190802,1.0817620845728868,2.4999999999999973,2.254469963653394
4,120.0,140.0,-5.0,46,2032190802,1.1817620845728811,0.9999999999999887,0.2544699636533912
4,120.0,140.0,-5.0,47,2032190802,0.18176208457290954,2.0000000000000027,-0.2455300363466095
4,120.0,140.0,-5.0,48,2032190802,2.4817620845728925,1.5000000000000084,-1.7455300363466053
4,120.0,140.0,-5.0,49,2032190802,4.081762084572887,-1.5000000000000084,-0.7455300363466102
4,120.0,140.0,-5.0,50,2032190802,2.081762084572887,-0.9999999999999887,-1.7455300363466053
4,120.0,140.0,-5.0,51,2032190802,1.8817620845728982,-2.0000000000000027,0.7544699636533919
4,120.0,140.0,-5.0,52,2032190802,2.081762084572887,0.0,1.2544699636533927
4,120.0,140.0,-5.0,53,2032190802,13.181762084572853,4.000000000000005,5.254469963653392
4,120.0,140.0,-5.0,54,2032190802,-3.118237915427102,0.49999999999999434,0.7544699636533919
4,120.0,140.0,-5.0,55,2032190802,0.0817620845728868,0.0,1.2544699636533927
4,120.0,140.0,-5.0,56,2032190802,1.4817620845728925,-0.49999999999999434,-0.2455300363466095
4,120.0,140.0,-5.0,57,2032190802,-1.5182379154271075,-2.9999999999999916,0.7544699636533919
4,120.0,140.0,-5.0,58,2032190802,0.9817620845728925,2.0000000000000027,-1.2455300363466109
4,120.0,140.0,-5.0,59,2032190802,-1.6182379154271018,1.5000000000000084,0.2544699636533912
4,120.0,140.0,-5.0,60,2032190802,-1.8182379154270905,0.9999999999999887,-1.2455300363466109
4,120.0,140.0,-5.0,61,2032190802,-1.2182379154270961,0.49999999999999434,0.2544699636533912
4,120.0,140.0,-5.0,62,2032190802,-3.718237915427096,0.0,0.2544699636533912
4,120.0,140.0,-5.0,63,2032190802,0.28176208457290386,-0.9999999999999887,-1.2455300363466109
4,120.0,140.0,-5.0,64,2032190802,-1.7182379154270961,-0.49999999999999434,-1.2455300363466109
4,120.0,140.0,-5.0,65,2032190802,-1.2182379154270961,0.0,-0.7455300363466102
4,120.0,140.0,-5.0,66,2032190802,-0.8182379154270905,-1.5000000000000084,0.2544699636533912
4,120.0,140.0,-5.0,67,2032190802,0.18176208457290954,0.0,-0.7455300363466102
4,120.0,140.0,-5.0,68,2032190802,-2.618237915427102,0.49999999999999434,-1.2455300363466109
4,120.0,140.0,-5.0,69,2032190802,0.4817620845728925,-0.9999999999999887,-0.2455300363466095
4,120.0,140.0,-5.0,70,2032190802,1.4817620845728925,-1.5000000000000084,-0.2455300363466095
4,120.0,140.0,-5.0,71,2032190802,-1.7182379154270961,0.0,-2.7455300363466066
4,120.0,140.0,-5.0,72,2032190802,-9.218237915427068,-1.5000000000000084,0.2544699636533912
4,120.0,140.0,-5.0,73,2032190802,3.9817620845728925,0.49999999999999434,3.254469963653389
4,120.0,140.0,-5.0,74,2032190802,-1.9182379154270848,0.9999999999999887,-1.7455300363466053
4,120.0,140.0,-5.0,75,2032190802,-4.3182379154270905,0.0,0.2544699636533912
4,120.0,140.0,-5.0,76,2032190802,0.8817620845728982,-0.49999999999999434,-1.2455300363466109
4,120.0,140.0,-5.0,77,2032190802,-2.8182379154270905,0.9999999999999887,0.7544699636533919
4,120.0,140.0,-5.0,78,2032190802,-0.7182379154270961,-1.5000000000000084,2.7544699636533947
4,120.0,140.0,-5.0,79,2032190802,2.9817620845728925,0.9999999999999887,-0.7455300363466102
4,120.0,140.0,-5.0,80,2032190802,-4.218237915427096,-0.49999999999999434,-0.2455300363466095
4,120.0,140.0,-5.0,81,2032190802,1.3817620845728982,0.0,-0.2455300363466095
4,120.0,140.0,-5.0,82,2032190802,-4.018237915427079,-0.49999999999999434,-1.2455300363466109
4,120.0,140.0,-5.0,83,2032190802,2.681762084572881,0.49999999999999434,0.2544699636533912
4,120.0,140.0,-5.0,84,2032190802,2.181762084572881,-0.9999999999999887,1.7544699636533934
4,120.0,140.0,-5.0,85,2032190802,2.2817620845728754,0.9999999999999887,-0.7455300363466102
4,120.0,140.0,-5.0,86,2032190802,-2.618237915427102,0.49999999999999434,-0.7455300363466102
4,120.0,140.0,-5.0,87,2032190802,-3.118237915427102,0.49999999999999434,-1.2455300363466109
4,120.0,140.0,-5.0,88,2032190802,0.0817620845728868,0.9999999999999887,-1.2455300363466109
4,120.0,140.0,-5.0,89,2032190802,1.1817620845728811,-0.49999999999999434,0.2544699636533912
4,120.0,140.0,-5.0,90,2032190802,-2.8182379154270905,-1.5000000000000084,1.2544699636533927
4,120.0,140.0,-5.0,91,2032190802,0.3817620845728982,0.9999999999999887,0.2544699636533912
4,120.0,140.0,-5.0,92,2032190802,-0.8182379154270905,-0.9999999999999887,0.7544699636533919
4,120.0,140.0,-5.0,93,2032190802,3.081762084572887,2.0000000000000027,0.2544699636533912
4,120.0,140.0,-5.0,94,2032190802,0.0817620845728868,-1.5000000000000084,2.254469963653394
4,120.0,140.0,-5.0,95,2032190802,0.6817620845728811,-0.49999999999999434,-0.7455300363466102
4,120.0,140.0,-5.0,96,2032190802,3.681762084572881,0.49999999999999434,0.7544699636533919
4,120.0,140.0,-5.0,97,2032190802,3.2817620845728754,0.0,-0.2455300363466095
4,120.0,140.0,-5.0,98,2032190802,-4.718237915427096,-2.9999999999999916,0.2544699636533912
4,120.0,140.0,-5.0,99,2032190802,2.581762084572887,1.5000000000000084,0.7544699636533919
4,120.0,140.0,-5.0,100,2032190802,-2.618237915427102,1.5000000000000084,1.2544699636533927
4,120.0,140.0,-5.0,101,2032190802,-3.4182379154270848,0.0,-1.2455300363466109
4,120.0,140.0,-5.0,102,2032190802,3.181762084572881,0.0,-1.2455300363466109
4,120.0,140.0,-5.0,103,2032190802,-2.9182379154270848,-2.0000000000000027,0.7544699636533919
4,120.0,140.0,-5.0,104,2032190802,-0.9182379154271132,-0.49999999999999434,1.2544699636533927
4,120.0,140.0,-5.0,105,2032190802,1.9817620845728925,-1.5000000000000084,-1.2455300363466109
4,120.0,140.0,-5.0,106,2032190802,5.38176208457287,-2.0000000000000027,-0.2455300363466095
4,120.0,140.0,-5.0,107,2032190802,-1.7182379154270961,0.0,-1.2455300363466109
4,120.0,140.0,-5.0,108,2032190802,3.081762084572887,-0.49999999999999434,-1.2455300363466109
4,120.0,140.0,-5.0,109,2032190802,1.6817620845728811,0.0,-0.7455300363466102
4,120.0,140.0,-5.0,110,2032190802,-2.118237915427102,0.49999999999999434,-0.7455300363466102
4,120.0,140.0,-5.0,111,2032190802,2.681762084572881,-0.9999999999999887,-0.7455300363466102
4,120.0,140.0,-5.0,112,2032190802,0.7817620845729039,0.49999999999999434,0.2544699636533912
4,120.0,140.0,-5.0,113,2032190802,-3.8182379154270905,0.49999999999999434,-1.2455300363466109
4,120.0,140.0,-5.0,114,2032190802,-0.4182379154271132,-1.5000000000000084,1.2544699636533927
4,120.0,140.0,-5.0,115,2032190802,0.7817620845729039,-0.9999999999999887,-0.2455300363466095
4,120.0,140.0,-5.0,116,2032190802,-2.118237915427102,0.49999999999999434,-1.2455300363466109
4,120.0,140.0,-5.0,117,2032190802,-0.7182379154270961,0.9999999999999887,1.2544699636533927
4,120.0,140.0,-5.0,118,2032190802,0.8817620845728982,-0.49999999999999434,0.7544699636533919
4,120.0,140.0,-5.0,119,2032190802,-0.21823791542709614,0.0,2.254469963653394
4,120.0,140.0,-5.0,120,2032190802,-1.8182379154270905,-1.5000000000000084,1.2544699636533927
4,120.0,140.0,-5.0,121,2032190802,-4.3182379154270905,-1.5000000000000084,-0.7455300363466102
4,120.0,140.0,-5.0,122,2032190802,0.4817620845728925,-2.0000000000000027,1.2544699636533927
4,120.0,140.0,-5.0,123,2032190802,-5.118237915427073,0.49999999999999434,0.7544699636533919
4,120.0,140.0,-5.0,124,2032190802,-5.418237915427085,0.49999999999999434,1.7544699636533934
4,120.0,140.0,-5.0,125,2032190802,-2.3182379154270905,0.9999999999999887,-0.7455300363466102
4,120.0,140.0,-5.0,126,2032190802,-4.218237915427096,-0.9999999999999887,1.7544699636533934
4,120.0,140.0,-5.0,127,2032190802,1.3817620845728982,1.5000000000000084,-0.7455300363466102
4,120.0,140.0,-5.0,128,2032190802,1.5817620845728868,0.49999999999999434,-0.2455300363466095
4,120.0,140.0,-5.0,129,2032190802,-105.51823791542672,-42.00000000000001,-16.745530036346608
4,120.0,140.0,-5.0,130,2032190802,-1.0182379154271075,-0.49999999999999434,-2.7455300363466066
4,120.0,140.0,-5.0,131,2032190802,5.781762084572875,-0.49999999999999434,1.7544699636533934
4,120.0,140.0,-5.0,132,2032190802,4.981762084572864,-2.0000000000000027,0.2544699636533912
4,120.0,140.0,-5.0,133,2032190802,2.881762084572898,-0.49999999999999434,0.2544699636533912
4,120.0,140.0,-5.0,134,2032190802,-1.5182379154271075,0.0,-0.2455300363466095
4,120.0,140.0,-5.0,135,2032190802,-0.21823791542709614,0.9999999999999887,-0.7455300363466102
4,120.0,140.0,-5.0,136,2032190802,-1.5182379154271075,-0.9999999999999887,-0.7455300363466102
4,120.0,140.0,-5.0,137,2032190802,2.181762084572881,2.0000000000000027,-1.2455300363466109
4,120.0,140.0,-5.0,138,2032190802,3.081762084572887,0.9999999999999887,-1.7455300363466053
4,120.0,140.0,-5.0,139,2032190802,-1.8182379154270905,0.49999999999999434,0.2544699636533912
4,120.0,140.0,-5.0,140,2032190802,1.0817620845728868,1.5000000000000084,-1.7455300363466053
4,120.0,140.0,-5.0,141,2032190802,-2.5182379154271075,0.49999999999999434,-0.7455300363466102
4,120.0,140.0,-5.0,142,2032190802,-0.6182379154271018,0.9999999999999887,-0.2455300363466095
4,120.0,140.0,-5.0,143,2032190802,1.5817620845728868,1.5000000000000084,-2.7455300363466066
4,120.0,140.0,-5.0,144,2032190802,23.78176208457282,-74.0,-28.745530036346604
4,120.0,140.0,-5.0,145,2032190802,-2.8182379154270905,1.5000000000000084,-0.2455300363466095
4,120.0,140.0,-5.0,146,2032190802,2.381762084572898,1.5000000000000084,0.7544699636533919
4,120.0,140.0,-5.0,147,2032190802,1.0817620845728868,-0.49999999999999434,0.2544699636533912
4,120.0,140.0,-5.0,148,2032190802,-0.7182379154270961,-0.49999999999999434,-2.7455300363466066
4,120.0,140.0,-5.0,149,2032190802,66.58176208457266,-6.000000000000009,-21.745530036346608
4,120.0,140.0,-5.0,150,2032190802,-2.0182379154271075,0.0,-1.2455300363466109
4,120.0,140.0,-5.0,151,2032190802,-0.9182379154271132,-0.49999999999999434,-1.7455300363466053
4,120.0,140.0,-5.0,152,2032190802,0.3817620845728982,0.9999999999999887,0.2544699636533912
4,120.0,140.0,-5.0,153,2032190802,-0.11823791542710183,-0.9999999999999887,-0.7455300363466102
4,120.0,140.0,-5.0,154,2032190802,-2.4182379154270848,-0.49999999999999434,0.7544699636533919
4,120.0,140.0,-5.0,155,2032190802,-0.01823791542710751,0.9999999999999887,0.7544699636533919
4,120.0,140.0,-5.0,156,2032190802,0.4817620845728925,0.9999999999999887,1.2544699636533927
4,120.0,140.0,-5.0,157,2032190802,-1.0182379154271075,-1.5000000000000084,1.7544699636533934
4,120.0,140.0,-5.0,158,2032190802,-4.118237915427102,0.0,0.2544699636533912
4,120.0,140.0,-5.0,159,2032190802,-42.81823791542695,6.000000000000009,18.254469963653392
4,120.0,140.0,-5.0,160,2032190802,3.2817620845728754,0.9999999999999887,-0.2455300363466095
4,120.0,140.0,-5.0,161,2032190802,-1.4182379154271132,-0.49999999999999434,0.2544699636533912
4,120.0,140.0,-5.0,162,2032190802,3.4817620845728925,2.4999999999999973,-0.2455300363466095
4,120.0,140.0,-5.0,163,2032190802,1.4817620845728925,-0.49999999999999434,-0.2455300363466095
4,120.0,140.0,-5.0,164,2032190802,3.381762084572898,-0.9999999999999887,0.2544699636533912
4,120.0,140.0,-5.0,165,2032190802,-0.31823791542709046,0.49999999999999434,0.2544699636533912
4,120.0,140.0,-5.0,166,2032190802,2.9817620845728925,0.49999999999999434,1.2544699636533927
4,120.0,140.0,-5.0,167,2032190802,-1.6182379154271018,-2.4999999999999973,1.2544699636533927
4,120.0,140.0,-5.0,168,2032190802,2.181762084572881,2.4999999999999973,-0.7455300363466102
4,120.0,140.0,-5.0,169,2032190802,0.7817620845729039,2.4999999999999973,-0.2455300363466095
4,120.0,140.0,-5.0,170,2032190802,0.3817620845728982,0.0,-0.7455300363466102
4,120.0,140.0,-5.0,171,2032190802,-1.4182379154271132,0.0,1.2544699636533927
4,120.0,140.0,-5.0,172,2032190802,-1.9182379154270848,-2.0000000000000027,0.2544699636533912
4,120.0,140.0,-5.0,173,2032190802,2.081762084572887,0.49999999999999434,-1.2455300363466109
4,120.0,140.0,-5.0,174,2032190802,-0.7182379154270961,0.0,-2.2455300363466058
4,120.0,140.0,-5.0,175,2032190802,3.581762084572887,-2.0000000000000027,-1.7455300363466053
4,120.0,140.0,-5.0,176,2032190802,2.081762084572887,0.9999999999999887,0.2544699636533912
4,120.0,140.0,-5.0,177,2032190802,-1.5182379154271075,0.49999999999999434,2.254469963653394
4,120.0,140.0,-5.0,178,2032190802,2.181762084572881,0.0,-0.7455300363466102
4,120.0,140.0,-5.0,179,2032190802,-0.5182379154271075,0.49999999999999434,-0.7455300363466102
4,120.0,140.0,-5.0,180,2032190802,3.181762084572881,0.49999999999999434,-1.2455300363466109
4,120.0,140.0,-5.0,181,2032190802,1.1817620845728811,-0.9999999999999887,0.2544699636533912
4,120.0,140.0,-5.0,182,2032190802,1.0817620845728868,0.0,0.7544699636533919
4,120.0,140.0,-5.0,183,2032190802,-5.618237915427073,-0.49999999999999434,1.7544699636533934
4,120.0,140.0,-5.0,184,2032190802,-1.3182379154270905,-0.9999999999999887,2.7544699636533947
4,120.0,140.0,-5.0,185,2032190802,0.0817620845728868,0.0,-0.2455300363466095
4,120.0,140.0,-5.0,186,2032190802,5.181762084572881,-2.0000000000000027,0.2544699636533912
4,120.0,140.0,-5.0,187,2032190802,0.5817620845728868,-0.49999999999999434,0.7544699636533919
4,120.0,140.0,-5.0,188,2032190802,2.7817620845728754,-1.5000000000000084,-2.7455300363466066
4,120.0,140.0,-5.0,189,2032190802,-2.618237915427102,0.49999999999999434,0.2544699636533912
4,120.0,140.0,-5.0,190,2032190802,2.681762084572881,1.5000000000000084,-0.2455300363466095
4,120.0,140.0,-5.0,191,2032190802,0.6817620845728811,0.49999999999999434,-0.2455300363466095
4,120.0,140.0,-5.0,192,2032190802,0.4817620845728925,-2.0000000000000027,2.254469963653394
4,120.0,140.0,-5.0,193,2032190802,-0.01823791542710751,0.49999999999999434,-2.2455300363466058
4,120.0,140.0,-5.0,194,2032190802,2.581762084572887,0.0,2.254469963653394
4,120.0,140.0,-5.0,195,2032190802,2.181762084572881,0.9999999999999887,0.7544699636533919
4,120.0,140.0,-5.0,196,2032190802,-1.9182379154270848,-0.49999999999999434,-3.2455300363466075
4,120.0,140.0,-5.0,197,2032190802,5.38176208457287,-2.9999999999999916,1.2544699636533927
4,120.0,140.0,-5.0,198,2032190802,-0.11823791542710183,-0.9999999999999887,-0.7455300363466102
4,120.0,140.0,-5.0,199,2032190802,-1.5182379154271075,-2.9999999999999916,-0.2455300363466095
4,120.0,140.0,0.0,0,2032190803,0.5817620845728868,-0.49999999999999434,-0.2455300363466095
4,120.0,140.0,0.0,1,2032190803,0.0817620845728868,-0.9999999999999887,-0.7455300363466102
4,120.0,140.0,0.0,2,2032190803,-0.8182379154270905,0.0,0.2544699636533912
4,120.0,140.0,0.0,3,2032190803,-1.2182379154270961,0.0,1.2544699636533927
4,120.0,140.0,0.0,4,2032190803,-0.11823791542710183,-1.5000000000000084,0.2544699636533912
4,120.0,140.0,0.0,5,2032190803,-0.8182379154270905,0.0,0.7544699636533919
4,120.0,140.0,0.0,6,2032190803,-0.21823791542709614,-0.9999999999999887,0.2544699636533912
4,120.0,140.0,0.0,7,2032190803,0.8817620845728982,-1.5000000000000084,-0.2455300363466095
4,120.0,140.0,0.0,8,2032190803,-2.3182379154270905,-0.49999999999999434,-0.2455300363466095
4,120.0,140.0,0.0,9,2032190803,-1.5182379154271075,0.49999999999999434,-1.2455300363466109
4,120.0,140.0,0.0,10,2032190803,-1.4182379154271132,-0.49999999999999434,-0.2455300363466095
4,120.0,140.0,0.0,11,2032190803,-0.21823791542709614,-0.9999999999999887,0.2544699636533912
4,120.0,140.0,0.0,12,2032190803,0.3817620845728982,-2.0000000000000027,0.2544699636533912
4,120.0,140.0,0.0,13,2032190803,-1.2182379154270961,0.9999999999999887,0.7544699636533919
4,120.0,140.0,0.0,14,2032190803,-1.1182379154271018,0.49999999999999434,0.2544699636533912
4,120.0,140.0,0.0,15,2032190803,-0.7182379154270961,0.49999999999999434,-0.2455300363466095
4,120.0,140.0,0.0,16,2032190803,0.0817620845728868,-0.49999999999999434,-1.2455300363466109
4,120.0,140.0,0.0,17,2032190803,-0.5182379154271075,0.0,-0.7455300363466102
4,120.0,140.0,0.0,18,2032190803,0.4817620845728925,-0.49999999999999434,-1.2455300363466109
4,120.0,140.0,0.0,19,2032190803,-0.5182379154271075,0.9999999999999887,-0.2455300363466095
4,120.0,140.0,0.0,20,2032190803,2.581762084572887,0.49999999999999434,-0.7455300363466102
4,120.0,140.0,0.0,21,2032190803,-1.2182379154270961,0.0,-0.2455300363466095
4,120.0,140.0,0.0,22,2032190803,-0.8182379154270905,0.0,-1.7455300363466053
4,120.0,140.0,0.0,23,2032190803,-1.3182379154270905,0.49999999999999434,-0.2455300363466095
4,120.0,140.0,0.0,24,2032190803,0.5817620845728868,0.49999999999999434,-0.7455300363466102
4,120.0,140.0,0.0,25,2032190803,0.7817620845729039,0.49999999999999434,-0.2455300363466095
4,120.0,140.0,0.0,26,2032190803,0.9817620845728925,0.49999999999999434,-0.2455300363466095
4,120.0,140.0,0.0,27,2032190803,0.5817620845728868,0.0,-0.7455300363466102
4,120.0,140.0,0.0,28,2032190803,0.6817620845728811,-0.49999999999999434,0.2544699636533912
4,120.0,140.0,0.0,29,2032190803,0.3817620845728982,0.49999999999999434,-0.7455300363466102
4,120.0,140.0,0.0,30,2032190803,-1.0182379154271075,0.0,0.7544699636533919
4,120.0,140.0,0.0,31,2032190803,-2.218237915427096,0.49999999999999434,-0.2455300363466095
4,120.0,140.0,0.0,32,2032190803,1.0817620845728868,0.0,-0.7455300363466102
4,120.0,140.0,0.0,33,2032190803,-0.7182379154270961,-0.49999999999999434,-1.2455300363466109
4,120.0,140.0,0.0,34,2032190803,-1.5182379154271075,0.49999999999999434,-1.2455300363466109
4,120.0,140.0,0.0,35,2032190803,0.9817620845728925,-0.49999999999999434,0.2544699636533912
4,120.0,140.0,0.0,36,2032190803,0.6817620845728811,-0.49999999999999434,0.2544699636533912
4,120.0,140.0,0.0,37,2032190803,-0.11823791542710183,0.49999999999999434,-0.7455300363466102
4,120.0,140.0,0.0,38,2032190803,0.5817620845728868,-0.9999999999999887,1.7544699636533934
4,120.0,140.0,0.0,39,2032190803,0.7817620845729039,0.0,-0.2455300363466095
4,120.0,140.0,0.0,40,2032190803,-0.31823791542709046,0.49999999999999434,2.254469963653394
4,120.0,140.0,0.0,41,2032190803,0.4817620845728925,-0.49999999999999434,-0.2455300363466095
4,120.0,140.0,0.0,42,2032190803,0.9817620845728925,-0.9999999999999887,0.2544699636533912
4,120.0,140.0,0.0,43,2032190803,-2.218237915427096,0.49999999999999434,-0.7455300363466102
4,120.0,140.0,0.0,44,2032190803,-0.9182379154271132,-0.49999999999999434,0.2544699636533912
4,120.0,140.0,0.0,45,2032190803,-1.0182379154271075,-0.49999999999999434,-0.7455300363466102
4,120.0,140.0,0.0,46,2032190803,-1.5182379154271075,0.0,0.2544699636533912
4,120.0,140.0,0.0,47,2032190803,-2.0182379154271075,0.0,-0.2455300363466095
4,120.0,140.0,0.0,48,2032190803,-0.6182379154271018,-1.5000000000000084,-0.2455300363466095
4,120.0,140.0,0.0,49,2032190803,-0.01823791542710751,0.0,0.7544699636533919
4,120.0,140.0,0.0,50,2032190803,0.5817620845728868,-0.49999999999999434,0.2544699636533912
4,120.0,140.0,0.0,51,2032190803,0.9817620845728925,-0.9999999999999887,-0.7455300363466102
4,120.0,140.0,0.0,52,2032190803,0.4817620845728925,0.49999999999999434,0.7544699636533919
4,120.0,140.0,0.0,53,2032190803,-1.2182379154270961,1.5000000000000084,0.2544699636533912
4,120.0,140.0,0.0,54,2032190803,1.3817620845728982,0.0,-0.7455300363466102
4,120.0,140.0,0.0,55,2032190803,-0.8182379154270905,0.0,-0.2455300363466095
4,120.0,140.0,0.0,56,2032190803,0.8817620845728982,-0.49999999999999434,0.2544699636533912
4,120.0,140.0,0.0,57,2032190803,1.6817620845728811,0.49999999999999434,0.7544699636533919
4,120.0,140.0,0.0,58,2032190803,-1.5182379154271075,-0.49999999999999434,0.2544699636533912
4,120.0,140.0,0.0,59,2032190803,-0.01823791542710751,1.5000000000000084,0.2544699636533912
4,120.0,140.0,0.0,60,2032190803,0.0817620845728868,2.4999999999999973,-0.2455300363466095
4,120.0,140.0,0.0,61,2032190803,-0.01823791542710751,-0.49999999999999434,-0.2455300363466095
4,120.0,140.0,0.0,62,2032190803,3.181762084572881,0.9999999999999887,-0.2455300363466095
4,120.0,140.0,0.0,63,2032190803,1.5817620845728868,0.0,0.2544699636533912
4,120.0,140.0,0.0,64,2032190803,2.681762084572881,0.0,0.2544699636533912
4,120.0,140.0,0.0,65,2032190803,0.8817620845728982,-0.49999999999999434,-0.2455300363466095
4,120.0,140.0,0.0,66,2032190803,0.18176208457290954,0.0,0.7544699636533919
4,120.0,140.0,0.0,67,2032190803,1.3817620845728982,-0.9999999999999887,-0.2455300363466095
4,120.0,140.0,0.0,68,2032190803,1.3817620845728982,0.0,1.2544699636533927
4,120.0,140.0,0.0,69,2032190803,2.381762084572898,0.0,-0.2455300363466095
4,120.0,140.0,0.0,70,2032190803,-0.01823791542710751,0.0,1.2544699636533927
4,120.0,140.0,0.0,71,2032190803,-1.1182379154271018,0.0,0.7544699636533919
4,120.0,140.0,0.0,72,2032190803,0.0817620845728868,0.9999999999999887,-1.7455300363466053
4,120.0,140.0,0.0,73,2032190803,-1.1182379154271018,0.9999999999999887,0.2544699636533912
4,120.0,140.0,0.0,74,2032190803,0.18176208457290954,0.49999999999999434,0.7544699636533919
4,120.0,140.0,0.0,75,2032190803,0.3817620845728982,0.0,0.2544699636533912
4,120.0,140.0,0.0,76,2032190803,-0.31823791542709046,0.0,1.2544699636533927
4,120.0,140.0,0.0,77,2032190803,-1.7182379154270961,0.49999999999999434,-0.2455300363466095
4,120.0,140.0,0.0,78,2032190803,0.4817620845728925,-0.49999999999999434,-0.7455300363466102
4,120.0,140.0,0.0,79,2032190803,-1.7182379154270961,0.49999999999999434,0.7544699636533919
4,120.0,140.0,0.0,80,2032190803,0.18176208457290954,0.0,0.7544699636533919
4,120.0,140.0,0.0,81,2032190803,0.4817620845728925,0.49999999999999434,-0.2455300363466095
4,120.0,140.0,0.0,82,2032190803,-2.618237915427102,0.0,0.2544699636533912
4,120.0,140.0,0.0,83,2032190803,1.1817620845728811,-1.5000000000000084,0.7544699636533919
4,120.0,140.0,0.0,84,2032190803,0.0817620845728868,0.49999999999999434,0.2544699636533912
4,120.0,140.0,0.0,85,2032190803,0.7817620845729039,0.0,-0.2455300363466095
4,120.0,140.0,0.0,86,2032190803,-1.0182379154271075,0.49999999999999434,0.7544699636533919
4,120.0,140.0,0.0,87,2032190803,0.0817620845728868,0.0,-0.2455300363466095
4,120.0,140.0,0.0,88,2032190803,2.081762084572887,0.0,0.2544699636533912
4,120.0,140.0,0.0,89,2032190803,-0.7182379154270961,-0.49999999999999434,0.2544699636533912
4,120.0,140.0,0.0,90,2032190803,-0.31823791542709046,-0.49999999999999434,1.2544699636533927
4,120.0,140.0,0.0,91,2032190803,-2.118237915427102,0.49999999999999434,0.2544699636533912
4,120.0,140.0,0.0,92,2032190803,-1.1182379154271018,-0.49999999999999434,-0.7455300363466102
4,120.0,140.0,0.0,93,2032190803,0.3817620845728982,0.0,-1.2455300363466109
4,120.0,140.0,0.0,94,2032190803,3.2817620845728754,-0.49999999999999434,0.2544699636533912
4,120.0,140.0,0.0,95,2032190803,-1.0182379154271075,-0.49999999999999434,-0.2455300363466095
4,120.0,140.0,0.0,96,2032190803,-1.2182379154270961,-0.49999999999999434,0.2544699636533912
4,120.0,140.0,0.0,97,2032190803,-0.01823791542710751,0.49999999999999434,0.7544699636533919
4,120.0,140.0,0.0,98,2032190803,-0.11823791542710183,0.0,-1.2455300363466109
4,120.0,140.0,0.0,99,2032190803,-4.3182379154270905,0.49999999999999434,0.2544699636533912
4,120.0,140.0,0.0,100,2032190803,-0.4182379154271132,0.9999999999999887,-0.7455300363466102
4,120.0,140.0,0.0,101,2032190803,-1.0182379154271075,-0.49999999999999434,0.2544699636533912
4,120.0,140.0,0.0,102,2032190803,-0.9182379154271132,0.0,-0.7455300363466102
4,120.0,140.0,0.0,103,2032190803,1.2817620845729039,1.5000000000000084,0.2544699636533912
4,120.0,140.0,0.0,104,2032190803,-0.4182379154271132,0.49999999999999434,1.2544699636533927
4,120.0,140.0,0.0,105,2032190803,-1.6182379154271018,0.49999999999999434,0.7544699636533919
4,120.0,140.0,0.0,106,2032190803,1.5817620845728868,0.0,0.2544699636533912
4,120.0,140.0,0.0,107,2032190803,-0.8182379154270905,0.9999999999999887,-0.2455300363466095
4,120.0,140.0,0.0,108,2032190803,0.0817620845728868,0.0,-0.2455300363466095
4,120.0,140.0,0.0,109,2032190803,0.6817620845728811,0.49999999999999434,-0.2455300363466095
4,120.0,140.0,0.0,110,2032190803,0.18176208457290954,0.0,0.2544699636533912
4,120.0,140.0,0.0,111,2032190803,0.3817620845728982,-0.49999999999999434,0.2544699636533912
4,120.0,140.0,0.0,112,2032190803,-1.2182379154270961,2.4999999999999973,0.7544699636533919
4,120.0,140.0,0.0,113,2032190803,-0.6182379154271018,0.0,0.7544699636533919
4,120.0,140.0,0.0,114,2032190803,-0.11823791542710183,0.0,-0.7455300363466102
4,120.0,140.0,0.0,115,2032190803,0.0817620845728868,-1.5000000000000084,-0.2455300363466095
4,120.0,140.0,0.0,116,2032190803,0.4817620845728925,0.49999999999999434,0.2544699636533912
4,120.0,140.0,0.0,117,2032190803,-0.9182379154271132,0.49999999999999434,-0.2455300363466095
4,120.0,140.0,0.0,118,2032190803,-1.1182379154271018,0.0,-0.2455300363466095
4,120.0,140.0,0.0,119,2032190803,0.8817620845728982,-0.9999999999999887,0.7544699636533919
4,120.0,140.0,0.0,120,2032190803,1.2817620845729039,0.49999999999999434,0.7544699636533919
4,120.0,140.0,0.0,121,2032190803,-0.6182379154271018,-0.49999999999999434,0.7544699636533919
4,120.0,140.0,0.0,122,2032190803,5.681762084572881,1.5000000000000084,-0.2455300363466095
4,120.0,140.0,0.0,123,2032190803,1.5817620845728868,-0.49999999999999434,-1.2455300363466109
4,120.0,140.0,0.0,124,2032190803,-0.31823791542709046,0.0,0.2544699636533912
4,120.0,140.0,0.0,125,2032190803,-2.218237915427096,0.49999999999999434,-0.2455300363466095
4,120.0,140.0,0.0,126,2032190803,1.6817620845728811,-0.49999999999999434,-1.2455300363466109
4,120.0,140.0,0.0,127,2032190803,-0.7182379154270961,0.49999999999999434,0.2544699636533912
4,120.0,140.0,0.0,128,2032190803,0.5817620845728868,0.0,-1.2455300363466109
4,120.0,140.0,0.0,129,2032190803,0.9817620845728925,0.9999999999999887,0.7544699636533919
4,120.0,140.0,0.0,130,2032190803,-0.5182379154271075,-0.9999999999999887,-0.2455300363466095
4,120.0,140.0,0.0,131,2032190803,0.4817620845728925,-0.49999999999999434,-0.2455300363466095
4,120.0,140.0,0.0,132,2032190803,0.3817620845728982,0.49999999999999434,0.2544699636533912
4,120.0,140.0,0.0,133,2032190803,2.181762084572881,-0.9999999999999887,1.7544699636533934
4,120.0,140.0,0.0,134,2032190803,-1.5182379154271075,-0.49999999999999434,0.7544699636533919
4,120.0,140.0,0.0,135,2032190803,-0.7182379154270961,0.49999999999999434,0.2544699636533912
4,120.0,140.0,0.0,136,2032190803,0.5817620845728868,-0.49999999999999434,0.2544699636533912
4,120.0,140.0,0.0,137,2032190803,-3.518237915427079,-0.49999999999999434,-0.7455300363466102
4,120.0,140.0,0.0,138,2032190803,-1.6182379154271018,0.0,0.7544699636533919
4,120.0,140.0,0.0,139,2032190803,-2.118237915427102,0.9999999999999887,-1.2455300363466109
4,120.0,140.0,0.0,140,2032190803,-1.1182379154271018,-0.49999999999999434,0.7544699636533919
4,120.0,140.0,0.0,141,2032190803,0.3817620845728982,0.49999999999999434,0.7544699636533919
4,120.0,140.0,0.0,142,2032190803,-1.6182379154271018,0.49999999999999434,-0.7455300363466102
4,120.0,140.0,0.0,143,2032190803,1.1817620845728811,0.0,0.2544699636533912
4,120.0,140.0,0.0,144,2032190803,0.7817620845729039,-1.5000000000000084,-0.7455300363466102
4,120.0,140.0,0.0,145,2032190803,1.7817620845728754,0.0,-0.7455300363466102
4,120.0,140.0,0.0,146,2032190803,1.0817620845728868,-0.49999999999999434,-0.2455300363466095
4,120.0,140.0,0.0,147,2032190803,2.181762084572881,0.49999999999999434,0.2544699636533912
4,120.0,140.0,0.0,148,2032190803,-1.0182379154271075,0.9999999999999887,-0.2455300363466095
4,120.0,140.0,0.0,149,2032190803,0.8817620845728982,-0.49999999999999434,0.2544699636533912
4,120.0,140.0,0.0,150,2032190803,-1.9182379154270848,0.49999999999999434,0.2544699636533912
4,120.0,140.0,0.0,151,2032190803,1.7817620845728754,0.49999999999999434,-0.2455300363466095
4,120.0,140.0,0.0,152,2032190803,1.9817620845728925,0.49999999999999434,-0.7455300363466102
4,120.0,140.0,0.0,153,2032190803,0.4817620845728925,0.49999999999999434,0.7544699636533919
4,120.0,140.0,0.0,154,2032190803,-3.018237915427079,0.0,0.7544699636533919
4,120.0,140.0,0.0,155,2032190803,-0.31823791542709046,0.0,0.2544699636533912
4,120.0,140.0,0.0,156,2032190803,-0.21823791542709614,0.49999999999999434,0.2544699636533912
4,120.0,140.0,0.0,157,2032190803,-0.11823791542710183,0.0,-1.2455300363466109
4,120.0,140.0,0.0,158,2032190803,2.7817620845728754,0.9999999999999887,-0.7455300363466102
4,120.0,140.0,0.0,159,2032190803,-0.6182379154271018,-0.9999999999999887,0.2544699636533912
4,120.0,140.0,0.0,160,2032190803,-0.11823791542710183,-0.9999999999999887,-0.2455300363466095
4,120.0,140.0,0.0,161,2032190803,2.581762084572887,0.0,-0.2455300363466095
4,120.0,140.0,0.0,162,2032190803,-2.0182379154271075,0.49999999999999434,0.2544699636533912
4,120.0,140.0,0.0,163,2032190803,-0.11823791542710183,0.49999999999999434,-0.7455300363466102
4,120.0,140.0,0.0,164,2032190803,-0.8182379154270905,0.49999999999999434,0.7544699636533919
4,120.0,140.0,0.0,165,2032190803,0.18176208457290954,0.0,1.2544699636533927
4,120.0,140.0,0.0,166,2032190803,0.28176208457290386,0.9999999999999887,1.7544699636533934
4,120.0,140.0,0.0,167,2032190803,-0.31823791542709046,-0.49999999999999434,-0.2455300363466095
4,120.0,140.0,0.0,168,2032190803,-1.6182379154271018,0.0,-0.2455300363466095
4,120.0,140.0,0.0,169,2032190803,0.7817620845729039,0.0,-0.7455300363466102
4,120.0,140.0,0.0,170,2032190803,1.1817620845728811,0.9999999999999887,0.2544699636533912
4,120.0,140.0,0.0,171,2032190803,-0.5182379154271075,0.0,-0.2455300363466095
4,120.0,140.0,0.0,172,2032190803,-0.11823791542710183,0.0,-0.2455300363466095
4,120.0,140.0,0.0,173,2032190803,2.2817620845728754,0.0,-0.7455300363466102
4,120.0,140.0,0.0,174,2032190803,0.5817620845728868,-0.49999999999999434,-0.2455300363466095
4,120.0,140.0,0.0,175,2032190803,1.5817620845728868,-0.49999999999999434,-0.2455300363466095
4,120.0,140.0,0.0,176,2032190803,0.3817620845728982,0.49999999999999434,-0.7455300363466102
4,120.0,140.0,0.0,177,2032190803,-1.1182379154271018,-0.49999999999999434,0.2544699636533912
4,120.0,140.0,0.0,178,2032190803,-0.7182379154270961,0.9999999999999887,-1.2455300363466109
4,120.0,140.0,0.0,179,2032190803,2.881762084572898,-0.9999999999999887,0.2544699636533912
4,120.0,140.0,0.0,180,2032190803,-0.6182379154271018,0.49999999999999434,0.2544699636533912
4,120.0,140.0,0.0,181,2032190803,0.28176208457290386,0.0,-0.7455300363466102
4,120.0,140.0,0.0,182,2032190803,0.28176208457290386,-0.49999999999999434,0.7544699636533919
4,120.0,140.0,0.0,183,2032190803,0.0817620845728868,0.0,0.2544699636533912
4,120.0,140.0,0.0,184,2032190803,1.0817620845728868,0.49999999999999434,-1.2455300363466109
4,120.0,140.0,0.0,185,2032190803,-1.1182379154271018,-0.49999999999999434,-0.7455300363466102
4,120.0,140.0,0.0,186,2032190803,-0.4182379154271132,-0.49999999999999434,0.7544699636533919
4,120.0,140.0,0.0,187,2032190803,1.2817620845729039,-0.49999999999999434,-0.2455300363466095
4,120.0,140.0,0.0,188,2032190803,1.1817620845728811,0.49999999999999434,0.2544699636533912
4,120.0,140.0,0.0,189,2032190803,-0.21823791542709614,0.49999999999999434,0.2544699636533912
4,120.0,140.0,0.0,190,2032190803,0.28176208457290386,0.9999999999999887,0.2544699636533912
4,120.0,140.0,0.0,191,2032190803,-1.2182379154270961,0.0,-0.2455300363466095
4,120.0,140.0,0.0,192,2032190803,1.3817620845728982,0.49999999999999434,-0.7455300363466102
4,120.0,140.0,0.0,193,2032190803,2.081762084572887,0.0,0.2544699636533912
4,120.0,140.0,0.0,194,2032190803,-0.7182379154270961,-0.49999999999999434,-0.7455300363466102
4,120.0,140.0,0.0,195,2032190803,0.8817620845728982,-0.9999999999999887,0.2544699636533912
4,120.0,140.0,0.0,196,2032190803,0.9817620845728925,-0.49999999999999434,0.2544699636533912
4,120.0,140.0,0.0,197,2032190803,-1.1182379154271018,-0.9999999999999887,-0.7455300363466102
4,120.0,140.0,0.0,198,2032190803,-0.5182379154271075,-0.9999999999999887,-0.2455300363466095
4,120.0,140.0,0.0,199,2032190803,-2.4182379154270848,-2.0000000000000027,0.7544699636533919
4,120.0,140.0,5.0,0,2032190804,-0.21823791542709614,0.0,-0.2455300363466095
4,120.0,140.0,5.0,1,2032190804,-0.31823791542709046,0.0,0.7544699636533919
4,120.0,140.0,5.0,2,2032190804,-0.01823791542710751,-0.49999999999999434,0.2544699636533912
4,120.0,140.0,5.0,3,2032190804,0.18176208457290954,-0.49999999999999434,0.2544699636533912
4,120.0,140.0,5.0,4,2032190804,-0.6182379154271018,0.0,0.2544699636533912
4,120.0,140.0,5.0,5,2032190804,-1.5182379154271075,-0.49999999999999434,0.7544699636533919
4,120.0,140.0,5.0,6,2032190804,0.18176208457290954,0.49999999999999434,0.2544699636533912
4,120.0,140.0,5.0,7,2032190804,-0.31823791542709046,0.0,-0.2455300363466095
4,120.0,140.0,5.0,8,2032190804,-0.01823791542710751,0.0,0.7544699636533919
4,120.0,140.0,5.0,9,2032190804,-0.31823791542709046,0.0,0.2544699636533912
4,120.0,140.0,5.0,10,2032190804,0.6817620845728811,0.49999999999999434,-0.7455300363466102
4,120.0,140.0,5.0,11,2032190804,-1.2182379154270961,0.49999999999999434,-0.2455300363466095
4,120.0,140.0,5.0,12,2032190804,0.28176208457290386,0.0,0.2544699636533912
4,120.0,140.0,5.0,13,2032190804,0.9817620845728925,0.49999999999999434,0.2544699636533912
4,120.0,140.0,5.0,14,2032190804,-0.6182379154271018,-0.9999999999999887,-0.2455300363466095
4,120.0,140.0,5.0,15,2032190804,-0.21823791542709614,-0.49999999999999434,-0.2455300363466095
4,120.0,140.0,5.0,16,2032190804,1.4817620845728925,0.49999999999999434,0.2544699636533912
4,120.0,140.0,5.0,17,2032190804,0.5817620845728868,-0.49999999999999434,0.2544699636533912
4,120.0,140.0,5.0,18,2032190804,-0.7182379154270961,0.49999999999999434,0.2544699636533912
4,120.0,140.0,5.0,19,2032190804,-0.7182379154270961,0.49999999999999434,-0.7455300363466102
4,120.0,140.0,5.0,20,2032190804,1.0817620845728868,0.49999999999999434,-0.2455300363466095
4,120.0,140.0,5.0,21,2032190804,-0.11823791542710183,-0.49999999999999434,0.2544699636533912
4,120.0,140.0,5.0,22,2032190804,0.7817620845729039,-0.49999999999999434,-0.2455300363466095
4,120.0,140.0,5.0,23,2032190804,-0.31823791542709046,0.9999999999999887,-0.2455300363466095
4,120.0,140.0,5.0,24,2032190804,-0.21823791542709614,0.49999999999999434,0.2544699636533912
4,120.0,140.0,5.0,25,2032190804,-0.7182379154270961,0.49999999999999434,-0.2455300363466095
4,120.0,140.0,5.0,26,2032190804,1.1817620845728811,0.49999999999999434,-0.2455300363466095
4,120.0,140.0,5.0,27,2032190804,0.3817620845728982,-0.9999999999999887,-0.2455300363466095
4,120.0,140.0,5.0,28,2032190804,1.4817620845728925,0.0,-0.2455300363466095
4,120.0,140.0,5.0,29,2032190804,0.9817620845728925,-0.49999999999999434,0.2544699636533912
4,120.0,140.0,5.0,30,2032190804,0.5817620845728868,0.0,-0.2455300363466095
4,120.0,140.0,5.0,31,2032190804,0.9817620845728925,0.0,0.7544699636533919
4,120.0,140.0,5.0,32,2032190804,0.28176208457290386,0.49999999999999434,0.2544699636533912
4,120.0,140.0,5.0,33,2032190804,-0.8182379154270905,0.0,-0.2455300363466095
4,120.0,140.0,5.0,34,2032190804,0.5817620845728868,0.0,0.2544699636533912
4,120.0,140.0,5.0,35,2032190804,0.9817620845728925,-0.49999999999999434,-0.2455300363466095
4,120.0,140.0,5.0,36,2032190804,0.0817620845728868,-0.49999999999999434,0.7544699636533919
4,120.0,140.0,5.0,37,2032190804,0.3817620845728982,-0.49999999999999434,-0.2455300363466095
4,120.0,140.0,5.0,38,2032190804,-0.4182379154271132,0.9999999999999887,0.7544699636533919
4,120.0,140.0,5.0,39,2032190804,0.6817620845728811,0.0,0.2544699636533912
4,120.0,140.0,5.0,40,2032190804,0.0817620845728868,0.0,-0.2455300363466095
4,120.0,140.0,5.0,41,2032190804,-0.01823791542710751,-0.49999999999999434,-0.2455300363466095
4,120.0,140.0,5.0,42,2032190804,-0.4182379154271132,0.0,-0.7455300363466102
4,120.0,140.0,5.0,43,2032190804,0.8817620845728982,-0.49999999999999434,0.2544699636533912
4,120.0,140.0,5.0,44,2032190804,-0.01823791542710751,0.0,-0.2455300363466095
4,120.0,140.0,5.0,45,2032190804,0.9817620845728925,0.0,0.2544699636533912
4,120.0,140.0,5.0,46,2032190804,1.8817620845728982,-0.49999999999999434,-0.2455300363466095
4,120.0,140.0,5.0,47,2032190804,0.0817620845728868,0.9999999999999887,-0.2455300363466095
4,120.0,140.0,5.0,48,2032190804,-0.01823791542710751,-0.49999999999999434,0.7544699636533919
4,120.0,140.0,5.0,49,2032190804,-0.7182379154270961,-0.49999999999999434,-0.2455300363466095
4,120.0,140.0,5.0,50,2032190804,-0.9182379154271132,0.0,-0.2455300363466095
4,120.0,140.0,5.0,51,2032190804,0.5817620845728868,-0.49999999999999434,0.2544699636533912
4,120.0,140.0,5.0,52,2032190804,0.6817620845728811,0.0,0.2544699636533912
4,120.0,140.0,5.0,53,2032190804,-0.01823791542710751,-0.49999999999999434,0.2544699636533912
4,120.0,140.0,5.0,54,2032190804,-0.4182379154271132,-0.49999999999999434,0.2544699636533912
4,120.0,140.0,5.0,55,2032190804,0.18176208457290954,-0.49999999999999434,0.2544699636533912
4,120.0,140.0,5.0,56,2032190804,-0.01823791542710751,0.0,0.7544699636533919
4,120.0,140.0,5.0,57,2032190804,-0.8182379154270905,0.0,-0.2455300363466095
4,120.0,140.0,5.0,58,2032190804,0.28176208457290386,0.0,0.2544699636533912
4,120.0,140.0,5.0,59,2032190804,0.18176208457290954,0.0,-0.2455300363466095
4,120.0,140.0,5.0,60,2032190804,0.18176208457290954,0.0,0.2544699636533912
4,120.0,140.0,5.0,61,2032190804,0.0817620845728868,0.49999999999999434,-0.2455300363466095
4,120.0,140.0,5.0,62,2032190804,-0.4182379154271132,0.0,-0.2455300363466095
4,120.0,140.0,5.0,63,2032190804,-0.4182379154271132,0.0,-0.2455300363466095
4,120.0,140.0,5.0,64,2032190804,-0.11823791542710183,0.0,0.2544699636533912
4,120.0,140.0,5.0,65,2032190804,0.28176208457290386,0.49999999999999434,-0.2455300363466095
4,120.0,140.0,5.0,66,2032190804,0.7817620845729039,0.0,-0.2455300363466095
4,120.0,140.0,5.0,67,2032190804,0.5817620845728868,0.0,-0.2455300363466095
4,120.0,140.0,5.0,68,2032190804,-0.01823791542710751,0.49999999999999434,0.2544699636533912
4,120.0,140.0,5.0,69,2032190804,-0.9182379154271132,0.0,0.2544699636533912
4,120.0,140.0,5.0,70,2032190804,-1.4182379154271132,0.0,-0.7455300363466102
4,120.0,140.0,5.0,71,2032190804,-0.9182379154271132,-0.49999999999999434,-0.2455300363466095
4,120.0,140.0,5.0,72,2032190804,1.6817620845728811,-0.49999999999999434,-0.7455300363466102
4,120.0,140.0,5.0,73,2032190804,0.3817620845728982,0.0,0.2544699636533912
4,120.0,140.0,5.0,74,2032190804,-0.11823791542710183,-0.49999999999999434,0.7544699636533919
4,120.0,140.0,5.0,75,2032190804,0.4817620845728925,0.0,0.2544699636533912
4,120.0,140.0,5.0,76,2032190804,-0.9182379154271132,-0.49999999999999434,-0.2455300363466095
4,120.0,140.0,5.0,77,2032190804,-0.8182379154270905,0.0,-0.2455300363466095
4,120.0,140.0,5.0,78,2032190804,-0.9182379154271132,-0.49999999999999434,0.2544699636533912
4,120.0,140.0,5.0,79,2032190804,1.3817620845728982,0.0,0.2544699636533912
4,120.0,140.0,5.0,80,2032190804,0.28176208457290386,0.0,-0.7455300363466102
4,120.0,140.0,5.0,81,2032190804,0.4817620845728925,-0.9999999999999887,-0.2455300363466095
4,120.0,140.0,5.0,82,2032190804,0.6817620845728811,-1.5000000000000084,-0.2455300363466095
4,120.0,140.0,5.0,83,2032190804,0.9817620845728925,0.49999999999999434,0.7544699636533919
4,120.0,140.0,5.0,84,2032190804,0.8817620845728982,0.0,0.2544699636533912
4,120.0,140.0,5.0,85,2032190804,-0.5182379154271075,0.0,-0.2455300363466095
4,120.0,140.0,5.0,86,2032190804,-0.9182379154271132,0.49999999999999434,0.2544699636533912
4,120.0,140.0,5.0,87,2032190804,-0.6182379154271018,0.49999999999999434,0.2544699636533912
4,120.0,140.0,5.0,88,2032190804,-0.21823791542709614,0.0,0.7544699636533919
4,120.0,140.0,5.0,89,2032190804,0.8817620845728982,-0.49999999999999434,-0.2455300363466095
4,120.0,140.0,5.0,90,2032190804,-1.5182379154271075,-0.49999999999999434,-0.2455300363466095
4,120.0,140.0,5.0,91,2032190804,0.9817620845728925,-0.49999999999999434,-0.2455300363466095
4,120.0,140.0,5.0,92,2032190804,-0.6182379154271018,-0.49999999999999434,0.2544699636533912
4,120.0,140.0,5.0,93,2032190804,0.0817620845728868,-0.49999999999999434,0.2544699636533912
4,120.0,140.0,5.0,94,2032190804,0.8817620845728982,0.49999999999999434,0.2544699636533912
4,120.0,140.0,5.0,95,2032190804,-0.21823791542709614,0.49999999999999434,-0.2455300363466095
4,120.0,140.0,5.0,96,2032190804,1.1817620845728811,-0.49999999999999434,-0.7455300363466102
4,120.0,140.0,5.0,97,2032190804,-1.2182379154270961,0.0,0.2544699636533912
4,120.0,140.0,5.0,98,2032190804,1.6817620845728811,0.0,-0.2455300363466095
4,120.0,140.0,5.0,99,2032190804,0.9817620845728925,0.0,0.2544699636533912
4,120.0,140.0,5.0,100,2032190804,0.18176208457290954,0.49999999999999434,0.2544699636533912
4,120.0,140.0,5.0,101,2032190804,0.28176208457290386,0.0,-0.7455300363466102
4,120.0,140.0,5.0,102,2032190804,-0.01823791542710751,-0.49999999999999434,0.2544699636533912
4,120.0,140.0,5.0,103,2032190804,0.5817620845728868,0.0,-0.2455300363466095
4,120.0,140.0,5.0,104,2032190804,0.18176208457290954,-0.49999999999999434,-0.2455300363466095
4,120.0,140.0,5.0,105,2032190804,0.6817620845728811,-0.49999999999999434,-0.2455300363466095
4,120.0,140.0,5.0,106,2032190804,-1.6182379154271018,-0.49999999999999434,0.2544699636533912
4,120.0,140.0,5.0,107,2032190804,0.0817620845728868,0.49999999999999434,-0.2455300363466095
4,120.0,140.0,5.0,108,2032190804,-0.7182379154270961,0.49999999999999434,-0.2455300363466095
4,120.0,140.0,5.0,109,2032190804,-0.31823791542709046,0.0,-0.2455300363466095
4,120.0,140.0,5.0,110,2032190804,-0.7182379154270961,-0.49999999999999434,-0.2455300363466095
4,120.0,140.0,5.0,111,2032190804,-0.4182379154271132,-0.49999999999999434,-0.7455300363466102
4,120.0,140.0,5.0,112,2032190804,-0.7182379154270961,-0.49999999999999434,0.2544699636533912
4,120.0,140.0,5.0,113,2032190804,0.0817620845728868,-0.49999999999999434,0.2544699636533912
4,120.0,140.0,5.0,114,2032190804,-0.4182379154271132,0.0,-0.2455300363466095
4,120.0,140.0,5.0,115,2032190804,-0.5182379154271075,0.49999999999999434,0.2544699636533912
4,120.0,140.0,5.0,116,2032190804,0.0817620845728868,0.49999999999999434,0.2544699636533912
4,120.0,140.0,5.0,117,2032190804,0.5817620845728868,0.0,-0.7455300363466102
4,120.0,140.0,5.0,118,2032190804,-1.5182379154271075,0.0,0.7544699636533919
4,120.0,140.0,5.0,119,2032190804,-1.7182379154270961,0.49999999999999434,0.7544699636533919
4,120.0,140.0,5.0,120,2032190804,-0.01823791542710751,0.49999999999999434,-0.2455300363466095
4,120.0,140.0,5.0,121,2032190804,0.0817620845728868,0.49999999999999434,-0.2455300363466095
4,120.0,140.0,5.0,122,2032190804,0.9817620845728925,-0.49999999999999434,0.2544699636533912
4,120.0,140.0,5.0,123,2032190804,-0.6182379154271018,0.0,-0.7455300363466102
4,120.0,140.0,5.0,124,2032190804,-0.01823791542710751,-0.49999999999999434,-0.2455300363466095
4,120.0,140.0,5.0,125,2032190804,1.1817620845728811,0.0,0.7544699636533919
4,120.0,140.0,5.0,126,2032190804,-1.3182379154270905,0.0,-0.2455300363466095
4,120.0,140.0,5.0,127,2032190804,-1.0182379154271075,0.0,-0.2455300363466095
4,120.0,140.0,5.0,128,2032190804,0.28176208457290386,0.0,-0.2455300363466095
4,120.0,140.0,5.0,129,2032190804,-1.2182379154270961,0.49999999999999434,-0.2455300363466095
4,120.0,140.0,5.0,130,2032190804,1.3817620845728982,0.0,0.2544699636533912
4,120.0,140.0,5.0,131,2032190804,0.18176208457290954,0.9999999999999887,0.2544699636533912
4,120.0,140.0,5.0,132,2032190804,0.5817620845728868,-0.9999999999999887,0.2544699636533912
4,120.0,140.0,5.0,133,2032190804,0.3817620845728982,0.0,0.7544699636533919
4,120.0,140.0,5.0,134,2032190804,-0.31823791542709046,0.49999999999999434,0.2544699636533912
4,120.0,140.0,5.0,135,2032190804,0.4817620845728925,-0.49999999999999434,-0.2455300363466095
4,120.0,140.0,5.0,136,2032190804,-0.9182379154271132,0.0,-0.2455300363466095
4,120.0,140.0,5.0,137,2032190804,-0.4182379154271132,-0.49999999999999434,0.2544699636533912
4,120.0,140.0,5.0,138,2032190804,0.28176208457290386,0.9999999999999887,0.2544699636533912
4,120.0,140.0,5.0,139,2032190804,0.18176208457290954,-0.9999999999999887,0.2544699636533912
4,120.0,140.0,5.0,140,2032190804,-1.0182379154271075,-0.49999999999999434,-0.2455300363466095
4,120.0,140.0,5.0,141,2032190804,-0.5182379154271075,0.0,-0.2455300363466095
4,120.0,140.0,5.0,142,2032190804,0.0817620845728868,0.0,0.2544699636533912
4,120.0,140.0,5.0,143,2032190804,1.0817620845728868,0.0,-0.2455300363466095
4,120.0,140.0,5.0,144,2032190804,1.0817620845728868,0.49999999999999434,-0.2455300363466095
4,120.0,140.0,5.0,145,2032190804,0.0817620845728868,0.49999999999999434,-0.2455300363466095
4,120.0,140.0,5.0,146,2032190804,0.4817620845728925,0.49999999999999434,0.2544699636533912
4,120.0,140.0,5.0,147,2032190804,-0.5182379154271075,0.49999999999999434,0.2544699636533912
4,120.0,140.0,5.0,148,2032190804,0.3817620845728982,0.49999999999999434,-0.2455300363466095
4,120.0,140.0,5.0,149,2032190804,0.6817620845728811,0.0,0.2544699636533912
4,120.0,140.0,5.0,150,2032190804,-0.9182379154271132,0.0,-0.7455300363466102
4,120.0,140.0,5.0,151,2032190804,0.0817620845728868,0.0,-0.2455300363466095
4,120.0,140.0,5.0,152,2032190804,0.18176208457290954,0.49999999999999434,0.2544699636533912
4,120.0,140.0,5.0,153,2032190804,-1.8182379154270905,0.0,-0.2455300363466095
4,120.0,140.0,5.0,154,2032190804,-0.11823791542710183,-0.9999999999999887,0.2544699636533912
4,120.0,140.0,5.0,155,2032190804,0.0817620845728868,0.0,0.7544699636533919
4,120.0,140.0,5.0,156,2032190804,-0.21823791542709614,-0.9999999999999887,0.7544699636533919
4,120.0,140.0,5.0,157,2032190804,0.4817620845728925,-0.49999999999999434,0.2544699636533912
4,120.0,140.0,5.0,158,2032190804,0.0817620845728868,-0.49999999999999434,0.2544699636533912
4,120.0,140.0,5.0,159,2032190804,-0.6182379154271018,0.0,0.2544699636533912
4,120.0,140.0,5.0,160,2032190804,-1.1182379154271018,0.0,0.2544699636533912
4,120.0,140.0,5.0,161,2032190804,-1.5182379154271075,0.0,0.2544699636533912
4,120.0,140.0,5.0,162,2032190804,-0.4182379154271132,-0.49999999999999434,0.2544699636533912
4,120.0,140.0,5.0,163,2032190804,-0.4182379154271132,0.0,-0.2455300363466095
4,120.0,140.0,5.0,164,2032190804,-0.11823791542710183,0.0,-0.2455300363466095
4,120.0,140.0,5.0,165,2032190804,-0.21823791542709614,0.0,0.2544699636533912
4,120.0,140.0,5.0,166,2032190804,-0.9182379154271132,-0.49999999999999434,-0.7455300363466102
4,120.0,140.0,5.0,167,2032190804,0.5817620845728868,0.49999999999999434,0.2544699636533912
4,120.0,140.0,5.0,168,2032190804,1.6817620845728811,-0.49999999999999434,-0.7455300363466102
4,120.0,140.0,5.0,169,2032190804,-0.11823791542710183,0.0,-1.2455300363466109
4,120.0,140.0,5.0,170,2032190804,-0.4182379154271132,-0.49999999999999434,-0.2455300363466095
4,120.0,140.0,5.0,171,2032190804,1.4817620845728925,-0.49999999999999434,0.2544699636533912
4,120.0,140.0,5.0,172,2032190804,-0.11823791542710183,0.0,-0.2455300363466095
4,120.0,140.0,5.0,173,2032190804,0.0817620845728868,0.0,0.2544699636533912
4,120.0,140.0,5.0,174,2032190804,-0.8182379154270905,-0.49999999999999434,-0.2455300363466095
4,120.0,140.0,5.0,175,2032190804,-0.31823791542709046,0.0,-0.2455300363466095
4,120.0,140.0,5.0,176,2032190804,0.18176208457290954,0.49999999999999434,0.7544699636533919
4,120.0,140.0,5.0,177,2032190804,-0.7182379154270961,-0.49999999999999434,-0.2455300363466095
4,120.0,140.0,5.0,178,2032190804,0.6817620845728811,-0.49999999999999434,-0.7455300363466102
4,120.0,140.0,5.0,179,2032190804,0.18176208457290954,0.0,0.2544699636533912
4,120.0,140.0,5.0,180,2032190804,0.0817620845728868,0.0,-0.7455300363466102
4,120.0,140.0,5.0,181,2032190804,-0.01823791542710751,0.49999999999999434,-0.2455300363466095
4,120.0,140.0,5.0,182,2032190804,-0.4182379154271132,0.0,-0.7455300363466102
4,120.0,140.0,5.0,183,2032190804,0.3817620845728982,0.49999999999999434,0.2544699636533912
4,120.0,140.0,5.0,184,2032190804,1.0817620845728868,0.0,0.2544699636533912
4,120.0,140.0,5.0,185,2032190804,-0.4182379154271132,0.0,-0.7455300363466102
4,120.0,140.0,5.0,186,2032190804,-0.31823791542709046,0.49999999999999434,-0.2455300363466095
4,120.0,140.0,5.0,187,2032190804,1.4817620845728925,0.49999999999999434,0.2544699636533912
4,120.0,140.0,5.0,188,2032190804,1.0817620845728868,0.0,0.7544699636533919
4,120.0,140.0,5.0,189,2032190804,1.7817620845728754,-0.49999999999999434,-0.7455300363466102
4,120.0,140.0,5.0,190,2032190804,-0.5182379154271075,0.49999999999999434,0.2544699636533912
4,120.0,140.0,5.0,191,2032190804,0.5817620845728868,-0.49999999999999434,0.2544699636533912
4,120.0,140.0,5.0,192,2032190804,0.4817620845728925,0.0,-0.2455300363466095
4,120.0,140.0,5.0,193,2032190804,-0.8182379154270905,0.0,-0.7455300363466102
4,120.0,140.0,5.0,194,2032190804,-0.11823791542710183,0.0,0.7544699636533919
4,120.0,140.0,5.0,195,2032190804,-0.21823791542709614,0.49999999999999434,-0.2455300363466095
4,120.0,140.0,5.0,196,2032190804,0.3817620845728982,-0.49999999999999434,0.2544699636533912
4,120.0,140.0,5.0,197,2032190804,0.3817620845728982,0.0,0.2544699636533912
4,120.0,140.0,5.0,198,2032190804,-0.01823791542710751,0.49999999999999434,-0.2455300363466095
4,120.0,140.0,5.0,199,2032190804,0.0817620845728868,0.0,-0.2455300363466095
4,120.0,140.0,10.0,0,2032190805,0.0817620845728868,0.0,0.2544699636533912
4,120.0,140.0,10.0,1,2032190805,0.0817620845728868,0.0,0.2544699636533912
4,120.0,140.0,10.0,2,2032190805,0.18176208457290954,0.0,0.2544699636533912
4,120.0,140.0,10.0,3,2032190805,0.28176208457290386,0.49999999999999434,0.2544699636533912
4,120.0,140.0,10.0,4,2032190805,-0.21823791542709614,0.0,0.2544699636533912
4,120.0,140.0,10.0,5,2032190805,-0.11823791542710183,0.0,0.2544699636533912
4,120.0,140.0,10.0,6,2032190805,-0.21823791542709614,0.0,0.2544699636533912
4,120.0,140.0,10.0,7,2032190805,-0.31823791542709046,0.0,-0.2455300363466095
4,120.0,140.0,10.0,8,2032190805,-0.11823791542710183,0.0,-0.2455300363466095
4,120.0,140.0,10.0,9,2032190805,0.18176208457290954,0.0,0.2544699636533912
4,120.0,140.0,10.0,10,2032190805,-0.11823791542710183,0.49999999999999434,-0.2455300363466095
4,120.0,140.0,10.0,11,2032190805,0.4817620845728925,0.0,-0.2455300363466095
4,120.0,140.0,10.0,12,2032190805,-0.11823791542710183,0.0,-0.2455300363466095
4,120.0,140.0,10.0,13,2032190805,-0.31823791542709046,0.0,0.2544699636533912
4,120.0,140.0,10.0,14,2032190805,0.0817620845728868,0.0,0.2544699636533912
4,120.0,140.0,10.0,15,2032190805,0.18176208457290954,0.0,-0.2455300363466095
4,120.0,140.0,10.0,16,2032190805,-0.7182379154270961,0.0,0.2544699636533912
4,120.0,140.0,10.0,17,2032190805,-0.21823791542709614,-0.49999999999999434,0.2544699636533912
4,120.0,140.0,10.0,18,2032190805,0.18176208457290954,0.0,-0.2455300363466095
4,120.0,140.0,10.0,19,2032190805,0.18176208457290954,0.0,0.2544699636533912
4,120.0,140.0,10.0,20,2032190805,0.18176208457290954,0.0,0.2544699636533912
4,120.0,140.0,10.0,21,2032190805,-0.6182379154271018,0.0,0.2544699636533912
4,120.0,140.0,10.0,22,2032190805,0.0817620845728868,0.0,-0.2455300363466095
4,120.0,140.0,10.0,23,2032190805,0.5817620845728868,0.0,-0.2455300363466095
4,120.0,140.0,10.0,24,2032190805,-0.4182379154271132,0.0,-0.2455300363466095
4,120.0,140.0,10.0,25,2032190805,-0.7182379154270961,0.0,-0.2455300363466095
4,120.0,140.0,10.0,26,2032190805,0.18176208457290954,0.0,-0.2455300363466095
4,120.0,140.0,10.0,27,2032190805,-0.11823791542710183,0.0,0.2544699636533912
4,120.0,140.0,10.0,28,2032190805,0.18176208457290954,0.0,-0.2455300363466095
4,120.0,140.0,10.0,29,2032190805,0.3817620845728982,0.0,0.2544699636533912
4,120.0,140.0,10.0,30,2032190805,-0.6182379154271018,0.0,0.2544699636533912
4,120.0,140.0,10.0,31,2032190805,-0.4182379154271132,0.0,-0.2455300363466095
4,120.0,140.0,10.0,32,2032190805,0.4817620845728925,0.49999999999999434,-0.2455300363466095
4,120.0,140.0,10.0,33,2032190805,0.18176208457290954,0.0,0.2544699636533912
4,120.0,140.0,10.0,34,2032190805,0.18176208457290954,0.0,-0.2455300363466095
4,120.0,140.0,10.0,35,2032190805,0.18176208457290954,0.0,-0.2455300363466095
4,120.0,140.0,10.0,36,2032190805,0.3817620845728982,0.0,-0.2455300363466095
4,120.0,140.0,10.0,37,2032190805,0.3817620845728982,0.0,-0.2455300363466095
4,120.0,140.0,10.0,38,2032190805,-1.0182379154271075,0.0,-0.2455300363466095
4,120.0,140.0,10.0,39,2032190805,-0.6182379154271018,0.0,-0.2455300363466095
4,120.0,140.0,10.0,40,2032190805,0.28176208457290386,0.0,0.2544699636533912
4,120.0,140.0,10.0,41,2032190805,0.4817620845728925,0.0,0.2544699636533912
4,120.0,140.0,10.0,42,2032190805,-0.01823791542710751,0.0,0.2544699636533912
4,120.0,140.0,10.0,43,2032190805,-0.01823791542710751,0.0,-0.2455300363466095
4,120.0,140.0,10.0,44,2032190805,0.28176208457290386,0.0,0.2544699636533912
4,120.0,140.0,10.0,45,2032190805,0.28176208457290386,0.0,0.2544699636533912
4,120.0,140.0,10.0,46,2032190805,0.6817620845728811,0.0,0.2544699636533912
4,120.0,140.0,10.0,47,2032190805,-0.31823791542709046,0.0,-0.2455300363466095
4,120.0,140.0,10.0,48,2032190805,-0.01823791542710751,0.0,0.2544699636533912
4,120.0,140.0,10.0,49,2032190805,-1.2182379154270961,0.0,-0.2455300363466095
4,120.0,140.0,10.0,50,2032190805,-0.4182379154271132,0.0,-0.2455300363466095
4,120.0,140.0,10.0,51,2032190805,0.0817620845728868,0.0,-0.2455300363466095
4,120.0,140.0,10.0,52,2032190805,-0.01823791542710751,0.0,0.2544699636533912
4,120.0,140.0,10.0,53,2032190805,0.0817620845728868,0.0,-0.2455300363466095
4,120.0,140.0,10.0,54,2032190805,0.5817620845728868,0.0,0.2544699636533912
4,120.0,140.0,10.0,55,2032190805,0.0817620845728868,0.0,0.2544699636533912
4,120.0,140.0,10.0,56,2032190805,0.18176208457290954,0.0,-0.2455300363466095
4,120.0,140.0,10.0,57,2032190805,0.18176208457290954,0.0,0.2544699636533912
4,120.0,140.0,10.0,58,2032190805,0.0817620845728868,0.0,0.2544699636533912
4,120.0,140.0,10.0,59,2032190805,-0.7182379154270961,0.0,0.2544699636533912
4,120.0,140.0,10.0,60,2032190805,-0.5182379154271075,0.0,0.2544699636533912
4,120.0,140.0,10.0,61,2032190805,0.28176208457290386,0.0,-0.2455300363466095
4,120.0,140.0,10.0,62,2032190805,-0.5182379154271075,0.0,-0.2455300363466095
4,120.0,140.0,10.0,63,2032190805,0.5817620845728868,0.0,0.2544699636533912
4,120.0,140.0,10.0,64,2032190805,-0.01823791542710751,0.0,0.2544699636533912
4,120.0,140.0,10.0,65,2032190805,-0.21823791542709614,0.0,-0.2455300363466095
4,120.0,140.0,10.0,66,2032190805,0.0817620845728868,0.0,0.2544699636533912
4,120.0,140.0,10.0,67,2032190805,0.3817620845728982,0.0,-0.2455300363466095
4,120.0,140.0,10.0,68,2032190805,-0.21823791542709614,0.0,-0.2455300363466095
4,120.0,140.0,10.0,69,2032190805,-0.21823791542709614,0.0,0.2544699636533912
4,120.0,140.0,10.0,70,2032190805,0.3817620845728982,0.0,-0.2455300363466095
4,120.0,140.0,10.0,71,2032190805,-0.5182379154271075,0.0,0.2544699636533912
4,120.0,140.0,10.0,72,2032190805,0.8817620845728982,0.0,-0.2455300363466095
4,120.0,140.0,10.0,73,2032190805,0.3817620845728982,0.49999999999999434,0.2544699636533912
4,120.0,140.0,10.0,74,2032190805,-1.0182379154271075,0.0,0.2544699636533912
4,120.0,140.0,10.0,75,2032190805,-0.11823791542710183,0.49999999999999434,-0.2455300363466095
4,120.0,140.0,10.0,76,2032190805,-0.21823791542709614,0.0,-0.2455300363466095
4,120.0,140.0,10.0,77,2032190805,0.8817620845728982,0.0,-0.2455300363466095
4,120.0,140.0,10.0,78,2032190805,0.6817620845728811,0.0,0.2544699636533912
4,120.0,140.0,10.0,79,2032190805,0.4817620845728925,0.0,0.2544699636533912
4,120.0,140.0,10.0,80,2032190805,-0.01823791542710751,0.0,0.2544699636533912
4,120.0,140.0,10.0,81,2032190805,-0.11823791542710183,0.0,-0.2455300363466095
4,120.0,140.0,10.0,82,2032190805,-0.31823791542709046,0.0,0.2544699636533912
4,120.0,140.0,10.0,83,2032190805,-0.31823791542709046,0.0,-0.2455300363466095
4,120.0,140.0,10.0,84,2032190805,-0.31823791542709046,-0.49999999999999434,0.2544699636533912
4,120.0,140.0,10.0,85,2032190805,0.3817620845728982,0.0,-0.2455300363466095
4,120.0,140.0,10.0,86,2032190805,-0.7182379154270961,0.0,0.2544699636533912
4,120.0,140.0,10.0,87,2032190805,0.4817620845728925,0.0,0.2544699636533912
4,120.0,140.0,10.0,88,2032190805,0.28176208457290386,0.0,-0.2455300363466095
4,120.0,140.0,10.0,89,2032190805,-0.11823791542710183,0.0,-0.2455300363466095
4,120.0,140.0,10.0,90,2032190805,-0.21823791542709614,0.0,0.2544699636533912
4,120.0,140.0,10.0,91,2032190805,-0.01823791542710751,0.49999999999999434,-0.2455300363466095
4,120.0,140.0,10.0,92,2032190805,0.6817620845728811,0.49999999999999434,0.2544699636533912
4,120.0,140.0,10.0,93,2032190805,-0.11823791542710183,0.0,0.2544699636533912
4,120.0,140.0,10.0,94,2032190805,0.28176208457290386,0.49999999999999434,0.2544699636533912
4,120.0,140.0,10.0,95,2032190805,-0.11823791542710183,0.0,0.2544699636533912
4,120.0,140.0,10.0,96,2032190805,-0.11823791542710183,0.0,-0.2455300363466095
4,120.0,140.0,10.0,97,2032190805,0.7817620845729039,0.0,-0.2455300363466095
4,120.0,140.0,10.0,98,2032190805,0.28176208457290386,0.49999999999999434,0.2544699636533912
4,120.0,140.0,10.0,99,2032190805,0.0817620845728868,-0.49999999999999434,0.2544699636533912
4,120.0,140.0,10.0,100,2032190805,0.3817620845728982,-0.49999999999999434,0.2544699636533912
4,120.0,140.0,10.0,101,2032190805,0.28176208457290386,0.0,0.2544699636533912
4,120.0,140.0,10.0,102,2032190805,-0.5182379154271075,0.0,-0.2455300363466095
4,120.0,140.0,10.0,103,2032190805,-0.7182379154270961,0.0,0.2544699636533912
4,120.0,140.0,10.0,104,2032190805,0.4817620845728925,-0.49999999999999434,-0.2455300363466095
4,120.0,140.0,10.0,105,2032190805,0.3817620845728982,0.0,0.2544699636533912
4,120.0,140.0,10.0,106,2032190805,0.18176208457290954,0.0,0.2544699636533912
4,120.0,140.0,10.0,107,2032190805,0.28176208457290386,0.0,-0.2455300363466095
4,120.0,140.0,10.0,108,2032190805,0.3817620845728982,0.0,-0.2455300363466095
4,120.0,140.0,10.0,109,2032190805,0.0817620845728868,-0.49999999999999434,-0.2455300363466095
4,120.0,140.0,10.0,110,2032190805,0.18176208457290954,0.0,-0.2455300363466095
4,120.0,140.0,10.0,111,2032190805,-0.01823791542710751,0.0,-0.2455300363466095
4,120.0,140.0,10.0,112,2032190805,-0.01823791542710751,-0.49999999999999434,0.2544699636533912
4,120.0,140.0,10.0,113,2032190805,0.3817620845728982,0.0,0.2544699636533912
4,120.0,140.0,10.0,114,2032190805,0.18176208457290954,0.0,-0.2455300363466095
4,120.0,140.0,10.0,115,2032190805,0.18176208457290954,0.49999999999999434,0.2544699636533912
4,120.0,140.0,10.0,116,2032190805,0.0817620845728868,0.0,0.2544699636533912
4,120.0,140.0,10.0,117,2032190805,-0.21823791542709614,0.0,0.2544699636533912
4,120.0,140.0,10.0,118,2032190805,0.0817620845728868,0.0,0.2544699636533912
4,120.0,140.0,10.0,119,2032190805,0.5817620845728868,0.0,-0.2455300363466095
4,120.0,140.0,10.0,120,2032190805,0.0817620845728868,0.0,0.2544699636533912
4,120.0,140.0,10.0,121,2032190805,-0.21823791542709614,0.0,-0.2455300363466095
4,120.0,140.0,10.0,122,2032190805,0.0817620845728868,0.0,-0.2455300363466095
4,120.0,140.0,10.0,123,2032190805,-1.0182379154271075,0.0,-0.2455300363466095
4,120.0,140.0,10.0,124,2032190805,1.1817620845728811,0.0,0.2544699636533912
4,120.0,140.0,10.0,125,2032190805,0.6817620845728811,0.0,0.2544699636533912
4,120.0,140.0,10.0,126,2032190805,0.0817620845728868,0.49999999999999434,0.2544699636533912
4,120.0,140.0,10.0,127,2032190805,-0.7182379154270961,0.0,-0.2455300363466095
4,120.0,140.0,10.0,128,2032190805,-0.6182379154271018,0.0,0.2544699636533912
4,120.0,140.0,10.0,129,2032190805,-0.31823791542709046,0.0,-0.2455300363466095
4,120.0,140.0,10.0,130,2032190805,0.3817620845728982,0.49999999999999434,0.2544699636533912
4,120.0,140.0,10.0,131,2032190805,-0.21823791542709614,0.0,0.2544699636533912
4,120.0,140.0,10.0,132,2032190805,0.4817620845728925,0.0,-0.2455300363466095
4,120.0,140.0,10.0,133,2032190805,0.0817620845728868,0.0,0.7544699636533919
4,120.0,140.0,10.0,134,2032190805,-0.31823791542709046,0.0,-0.2455300363466095
4,120.0,140.0,10.0,135,2032190805,-0.31823791542709046,-0.49999999999999434,0.2544699636533912
4,120.0,140.0,10.0,136,2032190805,0.3817620845728982,0.0,0.2544699636533912
4,120.0,140.0,10.0,137,2032190805,-0.9182379154271132,0.49999999999999434,-0.2455300363466095
4,120.0,140.0,10.0,138,2032190805,0.18176208457290954,0.0,-0.2455300363466095
4,120.0,140.0,10.0,139,2032190805,-0.5182379154271075,0.49999999999999434,0.2544699636533912
4,120.0,140.0,10.0,140,2032190805,0.6817620845728811,0.0,-0.2455300363466095
4,120.0,140.0,10.0,141,2032190805,0.5817620845728868,0.0,-0.2455300363466095
4,120.0,140.0,10.0,142,2032190805,-0.4182379154271132,0.49999999999999434,-0.2455300363466095
4,120.0,140.0,10.0,143,2032190805,0.28176208457290386,0.0,0.2544699636533912
4,120.0,140.0,10.0,144,2032190805,0.4817620845728925,0.0,0.2544699636533912
4,120.0,140.0,10.0,145,2032190805,0.0817620845728868,0.0,0.2544699636533912
4,120.0,140.0,10.0,146,2032190805,-0.21823791542709614,0.0,0.2544699636533912
4,120.0,140.0,10.0,147,2032190805,0.18176208457290954,0.0,0.2544699636533912
4,120.0,140.0,10.0,148,2032190805,-0.11823791542710183,-0.49999999999999434,0.2544699636533912
4,120.0,140.0,10.0,149,2032190805,-1.1182379154271018,0.0,0.2544699636533912
4,120.0,140.0,10.0,150,2032190805,-0.21823791542709614,0.0,-0.2455300363466095
4,120.0,140.0,10.0,151,2032190805,0.6817620845728811,0.0,0.2544699636533912
4,120.0,140.0,10.0,152,2032190805,-0.11823791542710183,0.49999999999999434,0.2544699636533912
4,120.0,140.0,10.0,153,2032190805,0.4817620845728925,0.0,-0.2455300363466095
4,120.0,140.0,10.0,154,2032190805,-0.31823791542709046,0.0,0.2544699636533912
4,120.0,140.0,10.0,155,2032190805,-0.01823791542710751,0.0,0.2544699636533912
4,120.0,140.0,10.0,156,2032190805,-0.21823791542709614,0.49999999999999434,-0.2455300363466095
4,120.0,140.0,10.0,157,2032190805,0.28176208457290386,0.0,0.2544699636533912
4,120.0,140.0,10.0,158,2032190805,-0.4182379154271132,-0.49999999999999434,-0.2455300363466095
4,120.0,140.0,10.0,159,2032190805,0.0817620845728868,0.0,-0.2455300363466095
4,120.0,140.0,10.0,160,2032190805,0.6817620845728811,0.0,-0.2455300363466095
4,120.0,140.0,10.0,161,2032190805,-0.01823791542710751,0.0,0.2544699636533912
4,120.0,140.0,10.0,162,2032190805,0.0817620845728868,-0.49999999999999434,-0.2455300363466095
4,120.0,140.0,10.0,163,2032190805,-0.11823791542710183,0.0,0.2544699636533912
4,120.0,140.0,10.0,164,2032190805,0.4817620845728925,0.0,0.2544699636533912
4,120.0,140.0,10.0,165,2032190805,-0.11823791542710183,-0.49999999999999434,0.2544699636533912
4,120.0,140.0,10.0,166,2032190805,0.28176208457290386,0.0,-0.2455300363466095
4,120.0,140.0,10.0,167,2032190805,-0.21823791542709614,0.0,0.2544699636533912
4,120.0,140.0,10.0,168,2032190805,0.5817620845728868,0.0,0.2544699636533912
4,120.0,140.0,10.0,169,2032190805,-0.11823791542710183,0.0,0.2544699636533912
4,120.0,140.0,10.0,170,2032190805,-0.01823791542710751,0.0,0.2544699636533912
4,120.0,140.0,10.0,171,2032190805,-0.4182379154271132,0.0,0.2544699636533912
4,120.0,140.0,10.0,172,2032190805,0.28176208457290386,-0.49999999999999434,-0.2455300363466095
4,120.0,140.0,10.0,173,2032190805,0.3817620845728982,0.0,-0.2455300363466095
4,120.0,140.0,10.0,174,2032190805,0.0817620845728868,0.0,0.2544699636533912
4,120.0,140.0,10.0,175,2032190805,-0.01823791542710751,0.0,0.2544699636533912
4,120.0,140.0,10.0,176,2032190805,-0.5182379154271075,0.0,0.2544699636533912
4,120.0,140.0,10.0,177,2032190805,0.18176208457290954,0.0,-0.2455300363466095
4,120.0,140.0,10.0,178,2032190805,-0.9182379154271132,0.0,-0.2455300363466095
4,120.0,140.0,10.0,179,2032190805,-0.31823791542709046,-0.49999999999999434,0.2544699636533912
4,120.0,140.0,10.0,180,2032190805,-0.11823791542710183,-0.49999999999999434,0.2544699636533912
4,120.0,140.0,10.0,181,2032190805,0.0817620845728868,0.0,0.2544699636533912
4,120.0,140.0,10.0,182,2032190805,-0.11823791542710183,-0.49999999999999434,-0.2455300363466095
4,120.0,140.0,10.0,183,2032190805,-0.4182379154271132,0.0,0.2544699636533912
4,120.0,140.0,10.0,184,2032190805,-0.6182379154271018,0.0,-0.2455300363466095
4,120.0,140.0,10.0,185,2032190805,0.4817620845728925,0.0,-0.2455300363466095
4,120.0,140.0,10.0,186,2032190805,-0.7182379154270961,0.0,-0.2455300363466095
4,120.0,140.0,10.0,187,2032190805,-0.21823791542709614,0.0,-0.2455300363466095
4,120.0,140.0,10.0,188,2032190805,-0.4182379154271132,0.0,-0.2455300363466095
4,120.0,140.0,10.0,189,2032190805,0.5817620845728868,0.0,0.2544699636533912
4,120.0,140.0,10.0,190,2032190805,0.18176208457290954,0.49999999999999434,0.2544699636533912
4,120.0,140.0,10.0,191,2032190805,0.18176208457290954,0.0,0.2544699636533912
4,120.0,140.0,10.0,192,2032190805,-0.11823791542710183,0.49999999999999434,-0.2455300363466095
4,120.0,140.0,10.0,193,2032190805,-0.31823791542709046,0.0,-0.2455300363466095
4,120.0,140.0,10.0,194,2032190805,-0.01823791542710751,-0.49999999999999434,0.2544699636533912
4,120.0,140.0,10.0,195,2032190805,-0.4182379154271132,0.0,-0.2455300363466095
4,120.0,140.0,10.0,196,2032190805,-0.4182379154271132,0.0,-0.2455300363466095
4,120.0,140.0,10.0,197,2032190805,-0.21823791542709614,0.0,-0.2455300363466095
4,120.0,140.0,10.0,198,2032190805,0.3817620845728982,0.0,0.2544699636533912
4,120.0,140.0,10.0,199,2032190805,0.0817620845728868,-0.49999999999999434,-0.2455300363466095
5,75.0,160.0,-15.0,0,2032190900,3.3254419287096084,-0.49999999999999434,-4.172867370112483
5,75.0,160.0,-15.0,1,2032190900,-77.47455807129012,-40.00000000000001,-25.172867370112485
5,75.0,160.0,-15.0,2,2032190900,1.025441928709597,-6.999999999999997,2.327132629887516
5,75.0,160.0,-15.0,3,2032190900,0.525441928709597,2.4999999999999973,3.327132629887518
5,75.0,160.0,-15.0,4,2032190900,73.92544192870935,-72.0,-16.172867370112485
5,75.0,160.0,-15.0,5,2032190900,28.7254419287095,-4.999999999999995,-6.672867370112484
5,75.0,160.0,-15.0,6,2032190900,-12.274558071290357,90.0,-62.172867370112485
5,75.0,160.0,-15.0,7,2032190900,-142.07455807128989,90.0,-80.17286737011248
5,75.0,160.0,-15.0,8,2032190900,-70.27455807129014,19.500000000000007,-14.172867370112483
5,75.0,160.0,-15.0,9,2032190900,61.425441928709404,42.00000000000001,29.827132629887515
5,75.0,160.0,-15.0,10,2032190900,61.72544192870939,-18.0,-63.672867370112485
5,75.0,160.0,-15.0,11,2032190900,31.625441928709506,-53.000000000000014,-62.67286737011248
5,75.0,160.0,-15.0,12,2032190900,-96.17455807129005,22.5,-8.172867370112483
5,75.0,160.0,-15.0,13,2032190900,-98.27455807129004,-31.5,-18.172867370112485
5,75.0,160.0,-15.0,14,2032190900,-48.47455807129022,-4.5,-1.672867370112483
5,75.0,160.0,-15.0,15,2032190900,16.225441928709557,90.0,-78.67286737011247
5,75.0,160.0,-15.0,16,2032190900,-124.37455807128995,-8.00000000000001,-7.672867370112482
5,75.0,160.0,-15.0,17,2032190900,-153.17455807128985,18.99999999999999,30.82713262988752
5,75.0,160.0,-15.0,18,2032190900,-60.87455807129018,90.0,-57.172867370112485
5,75.0,160.0,-15.0,19,2032190900,4.725441928709586,0.49999999999999434,-0.6728673701124815
5,75.0,160.0,-15.0,20,2032190900,-102.87455807129002,77.0,-40.17286737011248
5,75.0,160.0,-15.0,21,2032190900,-89.27455807129007,75.49999999999999,-33.172867370112485
5,75.0,160.0,-15.0,22,2032190900,-31.074558071290284,-11.000000000000004,-39.172867370112485
5,75.0,160.0,-15.0,23,2032190900,71.22544192870936,-2.4999999999999973,-44.172867370112485
5,75.0,160.0,-15.0,24,2032190900,-47.87455807129021,84.49999999999999,-19.67286737011248
5,75.0,160.0,-15.0,25,2032190900,-71.47455807129013,-3.500000000000011,-20.172867370112485
5,75.0,160.0,-15.0,26,2032190900,-25.2745580712903,-21.50000000000001,-47.672867370112485
5,75.0,160.0,-15.0,27,2032190900,-49.67455807129022,44.50000000000001,-39.172867370112485
5,75.0,160.0,-15.0,28,2032190900,67.92544192870938,-16.499999999999993,-66.17286737011248
5,75.0,160.0,-15.0,29,2032190900,-156.57455807128983,90.0,-5.172867370112485
5,75.0,160.0,-15.0,30,2032190900,73.92544192870935,-11.499999999999996,28.327132629887515
5,75.0,160.0,-15.0,31,2032190900,23.825441928709523,6.000000000000009,-0.17286737011248404
5,75.0,160.0,-15.0,32,2032190900,-64.57455807129016,27.0,-26.672867370112485
5,75.0,160.0,-15.0,33,2032190900,1.3254419287096084,0.49999999999999434,1.3271326298875181
5,75.0,160.0,-15.0,34,2032190900,-101.67455807129002,-90.0,-92.6728673701125
5,75.0,160.0,-15.0,35,2032190900,11.525441928709569,-57.000000000000014,-67.67286737011248
5,75.0,160.0,-15.0,36,2032190900,-29.074558071290284,-90.0,-87.17286737011248
5,75.0,160.0,-15.0,37,2032190900,1.1254419287096198,-2.0000000000000027,1.8271326298875157
5,75.0,160.0,-15.0,38,2032190900,-149.17455807128985,-63.999999999999986,-61.172867370112485
5,75.0,160.0,-15.0,39,2032190900,-83.2745580712901,4.999999999999995,-82.17286737011248
5,75.0,160.0,-15.0,40,2032190900,-35.574558071290255,-61.49999999999999,-84.67286737011248
5,75.0,160.0,-15.0,41,2032190900,-14.974558071290346,11.999999999999991,-9.672867370112485
5,75.0,160.0,-15.0,42,2032190900,-55.97455807129019,34.49999999999999,-47.672867370112485
5,75.0,160.0,-15.0,43,2032190900,-121.67455807128997,48.499999999999986,8.827132629887519
5,75.0,160.0,-15.0,44,2032190900,3.9254419287096027,-0.9999999999999887,0.3271326298875167
5,75.0,160.0,-15.0,45,2032190900,-166.0745580712898,18.499999999999993,-41.67286737011249
5,75.0,160.0,-15.0,46,2032190900,-22.974558071290318,-24.500000000000004,-52.172867370112485
5,75.0,160.0,-15.0,47,2032190900,51.225441928709415,75.49999999999999,1.3271326298875181
5,75.0,160.0,-15.0,48,2032190900,-112.87455807128998,-90.0,8.327132629887519
5,75.0,160.0,-15.0,49,2032190900,-0.8745580712903802,0.9999999999999887,-2.172867370112484
5,75.0,160.0,-15.0,50,2032190900,-88.57455807129007,59.999999999999986,-85.17286737011248
5,75.0,160.0,-15.0,51,2032190900,3.1254419287095914,4.5,11.827132629887517
5,75.0,160.0,-15.0,52,2032190900,4.225441928709586,1.5000000000000084,-1.1728673701124823
5,75.0,160.0,-15.0,53,2032190900,29.2254419287095,6.999999999999997,-10.172867370112483
5,75.0,160.0,-15.0,54,2032190900,-135.4745580712899,-18.0,30.32713262988752
5,75.0,160.0,-15.0,55,2032190900,-68.07455807129014,34.0,-54.172867370112485
5,75.0,160.0,-15.0,56,2032190900,-7.574558071290369,-9.499999999999995,1.8271326298875157
5,75.0,160.0,-15.0,57,2032190900,-8.974558071290346,-13.5,5.827132629887515
5,75.0,160.0,-15.0,58,2032190900,7.025441928709597,0.9999999999999887,-0.17286737011248404
5,75.0,160.0,-15.0,59,2032190900,-14.674558071290335,90.0,-72.17286737011248
5,75.0,160.0,-15.0,60,2032190900,-72.87455807129012,-49.00000000000001,4.327132629887519
5,75.0,160.0,-15.0,61,2032190900,2.1254419287095914,-2.4999999999999973,0.3271326298875167
5,75.0,160.0,-15.0,62,2032190900,-27.97455807129029,42.00000000000001,-87.17286737011248
5,75.0,160.0,-15.0,63,2032190900,-76.37455807129012,53.000000000000014,-41.172867370112485
5,75.0,160.0,-15.0,64,2032190900,-135.4745580712899,-12.50000000000001,-56.172867370112485
5,75.0,160.0,-15.0,65,2032190900,-22.574558071290312,-58.99999999999999,-31.172867370112485
5,75.0,160.0,-15.0,66,2032190900,43.825441928709466,-18.99999999999999,-13.672867370112485
5,75.0,160.0,-15.0,67,2032190900,-1.4745580712903745,0.9999999999999887,2.327132629887516
5,75.0,160.0,-15.0,68,2032190900,-75.77455807129012,-15.999999999999996,-36.172867370112485
5,75.0,160.0,-15.0,69,2032190900,-97.47455807129005,13.000000000000005,-34.172867370112485
5,75.0,160.0,-15.0,70,2032190900,32.825441928709495,-90.0,20.827132629887515
5,75.0,160.0,-15.0,71,2032190900,-135.5745580712899,-63.0,20.327132629887515
5,75.0,160.0,-15.0,72,2032190900,29.525441928709512,-75.5,-20.672867370112485
5,75.0,160.0,-15.0,73,2032190900,-164.9745580712898,-76.5,24.327132629887515
5,75.0,160.0,-15.0,74,2032190900,-0.17455807129039158,6.500000000000003,-2.172867370112484
5,75.0,160.0,-15.0,75,2032190900,36.02544192870948,-44.000000000000014,-74.17286737011247
5,75.0,160.0,-15.0,76,2032190900,9.32544192870958,4.5,1.8271326298875157
5,75.0,160.0,-15.0,77,2032190900,-135.5745580712899,-19.500000000000007,-75.67286737011248
5,75.0,160.0,-15.0,78,2032190900,-112.77455807128999,-17.500000000000007,-50.67286737011249
5,75.0,160.0,-15.0,79,2032190900,-69.27455807129014,90.0,21.32713262988752
5,75.0,160.0,-15.0,80,2032190900,-61.57455807129017,20.499999999999996,-24.672867370112485
5,75.0,160.0,-15.0,81,2032190900,-78.77455807129012,15.500000000000004,-20.672867370112485
5,75.0,160.0,-15.0,82,2032190900,-108.87455807129001,38.0,-73.67286737011248
5,75.0,160.0,-15.0,83,2032190900,-52.67455807129021,-85.0,-4.672867370112484
5,75.0,160.0,-15.0,84,2032190900,-166.0745580712898,-13.000000000000005,-99.6728673701125
5,75.0,160.0,-15.0,85,2032190900,-27.7745580712903,-29.000000000000004,-39.672867370112485
5,75.0,160.0,-15.0,86,2032190900,72.92544192870935,20.499999999999996,-6.672867370112484
5,75.0,160.0,-15.0,87,2032190900,14.725441928709557,81.99999999999999,-44.67286737011248
5,75.0,160.0,-15.0,88,2032190900,-151.47455807128986,49.99999999999999,-6.172867370112483
5,75.0,160.0,-15.0,89,2032190900,-1.8745580712903802,-1.5000000000000084,-1.1728673701124823
5,75.0,160.0,-15.0,90,2032190900,48.62544192870945,-10.500000000000009,-28.67286737011248
5,75.0,160.0,-15.0,91,2032190900,65.62544192870936,2.0000000000000027,-7.172867370112485
5,75.0,160.0,-15.0,92,2032190900,14.525441928709569,0.9999999999999887,-0.6728673701124815
5,75.0,160.0,-15.0,93,2032190900,-6.37455807129038,-2.9999999999999916,2.327132629887516
5,75.0,160.0,-15.0,94,2032190900,-5.9745580712903745,-8.500000000000005,2.327132629887516
5,75.0,160.0,-15.0,95,2032190900,17.32544192870955,-61.49999999999999,40.32713262988752
5,75.0,160.0,-15.0,96,2032190900,-105.47455807129002,8.00000000000001,6.827132629887516
5,75.0,160.0,-15.0,97,2032190900,1.225441928709614,0.49999999999999434,3.327132629887518
5,75.0,160.0,-15.0,98,2032190900,-85.1745580712901,13.5,-8.672867370112483
5,75.0,160.0,-15.0,99,2032190900,-7.2745580712903575,0.49999999999999434,2.827132629887517
5,75.0,160.0,-15.0,100,2032190900,6.125441928709591,-2.4999999999999973,1.8271326298875157
5,75.0,160.0,-15.0,101,2032190900,15.625441928709563,20.000000000000004,-38.172867370112485
5,75.0,160.0,-15.0,102,2032190900,7.625441928709591,-0.49999999999999434,-2.172867370112484
5,75.0,160.0,-15.0,103,2032190900,-98.87455807129004,7.499999999999991,2.827132629887517
5,75.0,160.0,-15.0,104,2032190900,-11.974558071290346,14.500000000000014,-46.17286737011249
5,75.0,160.0,-15.0,105,2032190900,41.62544192870945,-90.0,31.32713262988752
5,75.0,160.0,-15.0,106,2032190900,9.225441928709586,0.49999999999999434,-2.6728673701124843
5,75.0,160.0,-15.0,107,2032190900,7.32544192870958,-4.5,0.3271326298875167
5,75.0,160.0,-15.0,108,2032190900,-7.4745580712903745,-2.9999999999999916,2.827132629887517
5,75.0,160.0,-15.0,109,2032190900,3.7254419287095857,-0.49999999999999434,-1.1728673701124823
5,75.0,160.0,-15.0,110,2032190900,-150.77455807128985,-11.000000000000004,-72.6728673701125
5,75.0,160.0,-15.0,111,2032190900,-22.374558071290323,-22.999999999999993,2.327132629887516
5,75.0,160.0,-15.0,112,2032190900,-15.374558071290323,-63.0,-68.67286737011248
5,75.0,160.0,-15.0,113,2032190900,20.32544192870955,7.499999999999991,-90.17286737011247
5,75.0,160.0,-15.0,114,2032190900,1.525441928709597,-4.5,2.327132629887516
5,75.0,160.0,-15.0,115,2032190900,-75.07455807129013,11.999999999999991,-18.172867370112485
5,75.0,160.0,-15.0,116,2032190900,-135.87455807128993,12.50000000000001,-57.172867370112485
5,75.0,160.0,-15.0,117,2032190900,-97.87455807129004,-34.0,-11.672867370112483
5,75.0,160.0,-15.0,118,2032190900,62.12544192870939,-9.99999999999999,-15.672867370112483
5,75.0,160.0,-15.0,119,2032190900,-3.9745580712903745,-2.4999999999999973,9.827132629887513
5,75.0,160.0,-15.0,120,2032190900,72.12544192870936,-54.999999999999986,-62.67286737011248
5,75.0,160.0,-15.0,121,2032190900,-102.47455807129003,-61.49999999999999,-10.172867370112483
5,75.0,160.0,-15.0,122,2032190900,-103.87455807129002,-17.500000000000007,-13.672867370112485
5,75.0,160.0,-15.0,123,2032190900,-0.3745580712903802,-4.5,0.8271326298875173
5,75.0,160.0,-15.0,124,2032190900,50.725441928709415,9.499999999999995,-42.172867370112485
5,75.0,160.0,-15.0,125,2032190900,-122.17455807128997,68.99999999999999,-34.672867370112485
5,75.0,160.0,-15.0,126,2032190900,9.925441928709574,4.999999999999995,0.8271326298875173
5,75.0,160.0,-15.0,127,2032190900,0.42544192870960273,4.5,3.327132629887518
5,75.0,160.0,-15.0,128,2032190900,-165.9745580712898,-90.0,-71.17286737011248
5,75.0,160.0,-15.0,129,2032190900,73.92544192870935,8.500000000000005,-15.672867370112483
5,75.0,160.0,-15.0,130,2032190900,-85.07455807129008,-6.999999999999997,-70.67286737011248
5,75.0,160.0,-15.0,131,2032190900,11.82544192870958,-2.0000000000000027,-10.172867370112483
5,75.0,160.0,-15.0,132,2032190900,29.625441928709506,-22.999999999999993,-38.172867370112485
5,75.0,160.0,-15.0,133,2032190900,-4.4745580712903745,3.500000000000011,-0.17286737011248404
5,75.0,160.0,-15.0,134,2032190900,-44.274558071290244,0.9999999999999887,12.327132629887517
5,75.0,160.0,-15.0,135,2032190900,-150.77455807128985,2.4999999999999973,-53.672867370112485
5,75.0,160.0,-15.0,136,2032190900,-36.27455807129027,-41.500000000000014,7.327132629887517
5,75.0,160.0,-15.0,137,2032190900,-137.7745580712899,27.0,9.32713262988752
5,75.0,160.0,-15.0,138,2032190900,29.525441928709512,44.000000000000014,-80.67286737011248
5,75.0,160.0,-15.0,139,2032190900,-156.57455807128983,-18.99999999999999,46.327132629887515
5,75.0,160.0,-15.0,140,2032190900,-148.97455807128986,-20.000000000000004,-75.67286737011248
5,75.0,160.0,-15.0,141,2032190900,71.52544192870937,17.500000000000007,-19.67286737011248
5,75.0,160.0,-15.0,142,2032190900,-123.07455807128996,47.5,7.327132629887517
5,75.0,160.0,-15.0,143,2032190900,-96.87455807129004,-66.5,-69.67286737011247
5,75.0,160.0,-15.0,144,2032190900,47.025441928709455,-90.0,46.327132629887515
5,75.0,160.0,-15.0,145,2032190900,6.125441928709591,4.999999999999995,-10.672867370112483
5,75.0,160.0,-15.0,146,2032190900,-52.474558071290204,-6.999999999999997,-38.672867370112485
5,75.0,160.0,-15.0,147,2032190900,-0.17455807129039158,-0.9999999999999887,3.8271326298875183
5,75.0,160.0,-15.0,148,2032190900,-92.27455807129006,60.99999999999997,9.827132629887513
5,75.0,160.0,-15.0,149,2032190900,-43.47455807129023,-0.9999999999999887,-39.672867370112485
5,75.0,160.0,-15.0,150,2032190900,-4.9745580712903745,-3.500000000000011,2.327132629887516
5,75.0,160.0,-15.0,151,2032190900,-4.4745580712903745,2.9999999999999916,-0.17286737011248404
5,75.0,160.0,-15.0,152,2032190900,-107.97455807129,-46.50000000000001,-49.17286737011248
5,75.0,160.0,-15.0,153,2032190900,3.4254419287096027,-3.500000000000011,3.8271326298875183
5,75.0,160.0,-15.0,154,2032190900,6.525441928709597,0.0,-1.1728673701124823
5,75.0,160.0,-15.0,155,2032190900,-138.1745580712899,8.00000000000001,-26.672867370112485
5,75.0,160.0,-15.0,156,2032190900,58.62544192870939,79.49999999999999,-45.672867370112485
5,75.0,160.0,-15.0,157,2032190900,-38.274558071290244,6.000000000000009,-44.172867370112485
5,75.0,160.0,-15.0,158,2032190900,2.525441928709597,3.500000000000011,1.3271326298875181
5,75.0,160.0,-15.0,159,2032190900,-64.57455807129016,2.9999999999999916,-39.672867370112485
5,75.0,160.0,-15.0,160,2032190900,-166.0745580712898,-32.500000000000014,-24.672867370112485
5,75.0,160.0,-15.0,161,2032190900,1.6254419287095914,-2.4999999999999973,0.3271326298875167
5,75.0,160.0,-15.0,162,2032190900,3.8254419287096084,4.5,1.3271326298875181
5,75.0,160.0,-15.0,163,2032190900,-150.27455807128985,4.000000000000005,-82.17286737011248
5,75.0,160.0,-15.0,164,2032190900,5.625441928709591,-0.49999999999999434,0.3271326298875167
5,75.0,160.0,-15.0,165,2032190900,-136.8745580712899,-12.50000000000001,-70.17286737011248
5,75.0,160.0,-15.0,166,2032190900,-17.874558071290323,30.499999999999986,-26.17286737011248
5,75.0,160.0,-15.0,167,2032190900,-40.774558071290244,9.99999999999999,-72.6728673701125
5,75.0,160.0,-15.0,168,2032190900,-126.47455807128995,67.0,25.82713262988752
5,75.0,160.0,-15.0,169,2032190900,-10.674558071290363,8.00000000000001,-1.672867370112483
5,75.0,160.0,-15.0,170,2032190900,2.3254419287096084,0.0,-1.1728673701124823
5,75.0,160.0,-15.0,171,2032190900,3.7254419287095857,1.5000000000000084,-2.172867370112484
5,75.0,160.0,-15.0,172,2032190900,-159.17455807128982,-13.5,-99.6728673701125
5,75.0,160.0,-15.0,173,2032190900,-0.47455807129040295,2.0000000000000027,-1.672867370112483
5,75.0,160.0,-15.0,174,2032190900,27.425441928709517,21.50000000000001,-42.672867370112485
5,75.0,160.0,-15.0,175,2032190900,-14.974558071290346,3.500000000000011,2.327132629887516
5,75.0,160.0,-15.0,176,2032190900,27.825441928709523,18.499999999999993,-17.172867370112485
5,75.0,160.0,-15.0,177,2032190900,-78.27455807129012,35.000000000000014,11.327132629887517
5,75.0,160.0,-15.0,178,2032190900,-71.07455807129014,-36.49999999999999,14.827132629887515
5,75.0,160.0,-15.0,179,2032190900,-0.2745580712903859,0.9999999999999887,0.8271326298875173
5,75.0,160.0,-15.0,180,2032190900,-4.4745580712903745,0.0,5.327132629887514
5,75.0,160.0,-15.0,181,2032190900,73.32544192870935,-31.000000000000007,-6.672867370112484
5,75.0,160.0,-15.0,182,2032190900,52.42544192870943,-2.9999999999999916,-31.67286737011249
5,75.0,160.0,-15.0,183,2032190900,4.82544192870958,0.0,-1.1728673701124823
5,75.0,160.0,-15.0,184,2032190900,62.12544192870939,-18.499999999999993,-51.172867370112485
5,75.0,160.0,-15.0,185,2032190900,0.525441928709597,0.9999999999999887,-1.1728673701124823
5,75.0,160.0,-15.0,186,2032190900,52.32544192870944,43.0,-41.67286737011249
5,75.0,160.0,-15.0,187,2032190900,-153.47455807128983,-13.5,-61.172867370112485
5,75.0,160.0,-15.0,188,2032190900,-29.674558071290278,-90.0,7.827132629887518
5,75.0,160.0,-15.0,189,2032190900,-25.97455807129029,-75.5,19.327132629887515
5,75.0,160.0,-15.0,190,2032190900,-6.7745580712903575,4.999999999999995,-3.6728673701124825
5,75.0,160.0,-15.0,191,2032190900,-99.77455807129003,-13.5,-37.172867370112485
5,75.0,160.0,-15.0,192,2032190900,-59.67455807129018,-0.9999999999999887,-66.67286737011248
5,75.0,160.0,-15.0,193,2032190900,-17.174558071290335,-90.0,2.827132629887517
5,75.0,160.0,-15.0,194,2032190900,-29.074558071290284,90.0,33.827132629887515
5,75.0,160.0,-15.0,195,2032190900,-25.7745580712903,59.500000000000014,-95.67286737011248
5,75.0,160.0,-15.0,196,2032190900,-166.0745580712898,-40.00000000000001,-7.672867370112482
5,75.0,160.0,-15.0,197,2032190900,-76.67455807129012,-62.50000000000001,-41.172867370112485
5,75.0,160.0,-15.0,198,2032190900,-27.7745580712903,33.00000000000001,-51.172867370112485
5,75.0,160.0,-15.0,199,2032190900,64.02544192870937,-9.499999999999995,-30.172867370112485
5,75.0,160.0,-10.0,0,2032190901,-122.17455807128997,-90.0,-77.1728673701125
5,75.0,160.0,-10.0,1,2032190901,6.32544192870958,-0.9999999999999887,-0.6728673701124815
5,75.0,160.0,-10.0,2,2032190901,56.225441928709415,-90.0,24.327132629887515
5,75.0,160.0,-10.0,3,2032190901,1.225441928709614,2.0000000000000027,-0.17286737011248404
5,75.0,160.0,-10.0,4,2032190901,-1.8745580712903802,2.9999999999999916,0.3271326298875167
5,75.0,160.0,-10.0,5,2032190901,-28.374558071290295,4.5,-6.172867370112483
5,75.0,160.0,-10.0,6,2032190901,6.925441928709574,-0.9999999999999887,1.8271326298875157
5,75.0,160.0,-10.0,7,2032190901,-161.57455807128983,20.000000000000004,-14.172867370112483
5,75.0,160.0,-10.0,8,2032190901,-7.2745580712903575,-2.0000000000000027,-0.17286737011248404
5,75.0,160.0,-10.0,9,2032190901,65.42544192870938,58.99999999999999,50.32713262988752
5,75.0,160.0,-10.0,10,2032190901,0.7254419287096141,2.4999999999999973,4.327132629887519
5,75.0,160.0,-10.0,11,2032190901,-2.87455807129038,-1.5000000000000084,-0.17286737011248404
5,75.0,160.0,-10.0,12,2032190901,9.32544192870958,-0.9999999999999887,-2.6728673701124843
5,75.0,160.0,-10.0,13,2032190901,3.9254419287096027,-2.0000000000000027,-0.6728673701124815
5,75.0,160.0,-10.0,14,2032190901,-30.174558071290278,4.5,0.8271326298875173
5,75.0,160.0,-10.0,15,2032190901,-8.074558071290369,2.4999999999999973,1.8271326298875157
5,75.0,160.0,-10.0,16,2032190901,-7.9745580712903745,2.0000000000000027,1.8271326298875157
5,75.0,160.0,-10.0,17,2032190901,24.025441928709512,-51.00000000000001,-17.172867370112485
5,75.0,160.0,-10.0,18,2032190901,-155.97455807128983,35.000000000000014,-53.172867370112485
5,75.0,160.0,-10.0,19,2032190901,-106.87455807129001,90.0,37.82713262988752
5,75.0,160.0,-10.0,20,2032190901,0.525441928709597,2.0000000000000027,-1.672867370112483
5,75.0,160.0,-10.0,21,2032190901,-0.17455807129039158,0.0,-0.6728673701124815
5,75.0,160.0,-10.0,22,2032190901,-110.47455807129,38.99999999999999,21.32713262988752
5,75.0,160.0,-10.0,23,2032190901,-2.774558071290386,-0.49999999999999434,-4.172867370112483
5,75.0,160.0,-10.0,24,2032190901,0.6254419287096198,-0.9999999999999887,2.327132629887516
5,75.0,160.0,-10.0,25,2032190901,-158.97455807128983,71.50000000000003,-32.172867370112485
5,75.0,160.0,-10.0,26,2032190901,-51.87455807129021,26.500000000000007,-21.67286737011248
5,75.0,160.0,-10.0,27,2032190901,5.125441928709591,-2.4999999999999973,-1.1728673701124823
5,75.0,160.0,-10.0,28,2032190901,-0.3745580712903802,0.49999999999999434,-0.17286737011248404
5,75.0,160.0,-10.0,29,2032190901,5.82544192870958,-1.5000000000000084,2.827132629887517
5,75.0,160.0,-10.0,30,2032190901,1.3254419287096084,0.9999999999999887,-1.1728673701124823
5,75.0,160.0,-10.0,31,2032190901,9.82544192870958,-4.000000000000005,0.3271326298875167
5,75.0,160.0,-10.0,32,2032190901,-8.274558071290357,-2.9999999999999916,2.827132629887517
5,75.0,160.0,-10.0,33,2032190901,-0.5745580712903973,-0.9999999999999887,2.827132629887517
5,75.0,160.0,-10.0,34,2032190901,-0.2745580712903859,0.49999999999999434,-0.17286737011248404
5,75.0,160.0,-10.0,35,2032190901,-9.974558071290346,-2.9999999999999916,4.327132629887519
5,75.0,160.0,-10.0,36,2032190901,-14.274558071290329,4.5,6.827132629887516
5,75.0,160.0,-10.0,37,2032190901,-3.87455807129038,-0.49999999999999434,4.327132629887519
5,75.0,160.0,-10.0,38,2032190901,-0.6745580712903916,-2.0000000000000027,-1.1728673701124823
5,75.0,160.0,-10.0,39,2032190901,1.725441928709614,0.49999999999999434,-2.6728673701124843
5,75.0,160.0,-10.0,40,2032190901,0.9254419287096027,2.9999999999999916,-1.1728673701124823
5,75.0,160.0,-10.0,41,2032190901,-5.2745580712903575,4.5,-1.1728673701124823
5,75.0,160.0,-10.0,42,2032190901,-1.8745580712903802,0.49999999999999434,1.3271326298875181
5,75.0,160.0,-10.0,43,2032190901,-5.174558071290363,-0.49999999999999434,2.327132629887516
5,75.0,160.0,-10.0,44,2032190901,0.8254419287096084,1.5000000000000084,1.3271326298875181
5,75.0,160.0,-10.0,45,2032190901,0.7254419287096141,0.9999999999999887,-1.1728673701124823
5,75.0,160.0,-10.0,46,2032190901,-0.5745580712903973,-4.5,-1.672867370112483
5,75.0,160.0,-10.0,47,2032190901,-3.574558071290369,-2.0000000000000027,-0.17286737011248404
5,75.0,160.0,-10.0,48,2032190901,8.525441928709569,0.9999999999999887,-3.172867370112482
5,75.0,160.0,-10.0,49,2032190901,6.82544192870958,-2.4999999999999973,-2.172867370112484
5,75.0,160.0,-10.0,50,2032190901,-1.1745580712903916,0.49999999999999434,-1.1728673701124823
5,75.0,160.0,-10.0,51,2032190901,1.225441928709614,0.49999999999999434,1.8271326298875157
5,75.0,160.0,-10.0,52,2032190901,-91.87455807129007,69.5,31.82713262988752
5,75.0,160.0,-10.0,53,2032190901,-8.374558071290352,0.9999999999999887,-0.17286737011248404
5,75.0,160.0,-10.0,54,2032190901,-0.47455807129040295,2.0000000000000027,1.3271326298875181
5,75.0,160.0,-10.0,55,2032190901,-3.87455807129038,-2.4999999999999973,-0.17286737011248404
5,75.0,160.0,-10.0,56,2032190901,3.6254419287095914,0.0,0.3271326298875167
5,75.0,160.0,-10.0,57,2032190901,-1.8745580712903802,0.49999999999999434,-1.1728673701124823
5,75.0,160.0,-10.0,58,2032190901,1.525441928709597,-1.5000000000000084,-2.172867370112484
5,75.0,160.0,-10.0,59,2032190901,0.02544192870959705,0.49999999999999434,0.3271326298875167
5,75.0,160.0,-10.0,60,2032190901,-50.474558071290204,-90.0,31.32713262988752
5,75.0,160.0,-10.0,61,2032190901,-66.57455807129016,-31.5,5.827132629887515
5,75.0,160.0,-10.0,62,2032190901,-115.27455807128999,24.000000000000007,7.327132629887517
5,75.0,160.0,-10.0,63,2032190901,2.1254419287095914,-0.49999999999999434,-2.172867370112484
5,75.0,160.0,-10.0,64,2032190901,-3.074558071290369,1.5000000000000084,-2.172867370112484
5,75.0,160.0,-10.0,65,2032190901,-5.674558071290363,2.4999999999999973,1.8271326298875157
5,75.0,160.0,-10.0,66,2032190901,-161.4745580712898,90.0,-44.172867370112485
5,75.0,160.0,-10.0,67,2032190901,-5.674558071290363,2.0000000000000027,-0.17286737011248404
5,75.0,160.0,-10.0,68,2032190901,34.02544192870948,0.9999999999999887,-31.67286737011249
5,75.0,160.0,-10.0,69,2032190901,-25.7745580712903,0.9999999999999887,9.32713262988752
5,75.0,160.0,-10.0,70,2032190901,-23.474558071290318,90.0,-52.172867370112485
5,75.0,160.0,-10.0,71,2032190901,-115.17455807128998,-90.0,-72.6728673701125
5,75.0,160.0,-10.0,72,2032190901,70.32544192870935,39.499999999999986,-28.67286737011248
5,75.0,160.0,-10.0,73,2032190901,-113.97455807128998,14.500000000000014,18.32713262988752
5,75.0,160.0,-10.0,74,2032190901,8.225441928709586,0.49999999999999434,-3.172867370112482
5,75.0,160.0,-10.0,75,2032190901,-2.6745580712903916,-2.0000000000000027,0.8271326298875173
5,75.0,160.0,-10.0,76,2032190901,6.32544192870958,-0.49999999999999434,-2.172867370112484
5,75.0,160.0,-10.0,77,2032190901,4.025441928709597,0.49999999999999434,-1.1728673701124823
5,75.0,160.0,-10.0,78,2032190901,-73.77455807129013,90.0,-58.17286737011248
5,75.0,160.0,-10.0,79,2032190901,3.9254419287096027,0.49999999999999434,1.8271326298875157
5,75.0,160.0,-10.0,80,2032190901,-163.8745580712898,19.500000000000007,-4.172867370112483
5,75.0,160.0,-10.0,81,2032190901,12.125441928709563,-7.499999999999991,4.327132629887519
5,75.0,160.0,-10.0,82,2032190901,-82.7745580712901,53.000000000000014,-37.172867370112485
5,75.0,160.0,-10.0,83,2032190901,3.7254419287095857,0.0,0.3271326298875167
5,75.0,160.0,-10.0,84,2032190901,1.725441928709614,2.9999999999999916,-1.1728673701124823
5,75.0,160.0,-10.0,85,2032190901,3.6254419287095914,1.5000000000000084,1.3271326298875181
5,75.0,160.0,-10.0,86,2032190901,4.82544192870958,4.5,-1.672867370112483
5,75.0,160.0,-10.0,87,2032190901,73.92544192870935,18.499999999999993,-44.67286737011248
5,75.0,160.0,-10.0,88,2032190901,-30.574558071290284,-58.00000000000001,-40.17286737011248
5,75.0,160.0,-10.0,89,2032190901,60.62544192870939,-43.49999999999999,-47.672867370112485
5,75.0,160.0,-10.0,90,2032190901,2.3254419287096084,-0.9999999999999887,-1.672867370112483
5,75.0,160.0,-10.0,91,2032190901,-0.5745580712903973,-4.5,2.827132629887517
5,75.0,160.0,-10.0,92,2032190901,-125.17455807128994,90.0,11.827132629887517
5,75.0,160.0,-10.0,93,2032190901,-1.4745580712903745,0.0,-0.17286737011248404
5,75.0,160.0,-10.0,94,2032190901,49.725441928709444,-15.500000000000004,-94.17286737011248
5,75.0,160.0,-10.0,95,2032190901,8.425441928709574,-2.0000000000000027,1.8271326298875157
5,75.0,160.0,-10.0,96,2032190901,-2.9745580712903745,-0.9999999999999887,-1.672867370112483
5,75.0,160.0,-10.0,97,2032190901,-7.9745580712903745,2.4999999999999973,-0.17286737011248404
5,75.0,160.0,-10.0,98,2032190901,-0.07455807129039727,-0.9999999999999887,2.327132629887516
5,75.0,160.0,-10.0,99,2032190901,0.6254419287096198,0.9999999999999887,2.327132629887516
5,75.0,160.0,-10.0,100,2032190901,73.92544192870935,0.9999999999999887,10.327132629887515
5,75.0,160.0,-10.0,101,2032190901,-129.0745580712899,4.000000000000005,7.827132629887518
5,75.0,160.0,-10.0,102,2032190901,1.025441928709597,2.0000000000000027,-0.6728673701124815
5,75.0,160.0,-10.0,103,2032190901,48.32544192870944,38.5,-64.17286737011248
5,75.0,160.0,-10.0,104,2032190901,1.1254419287096198,2.4999999999999973,-2.172867370112484
5,75.0,160.0,-10.0,105,2032190901,-6.9745580712903745,-0.9999999999999887,-1.1728673701124823
5,75.0,160.0,-10.0,106,2032190901,-3.074558071290369,4.000000000000005,5.827132629887515
5,75.0,160.0,-10.0,107,2032190901,10.82544192870958,3.500000000000011,0.3271326298875167
5,75.0,160.0,-10.0,108,2032190901,-0.5745580712903973,-2.9999999999999916,1.8271326298875157
5,75.0,160.0,-10.0,109,2032190901,-37.574558071290255,13.5,-56.672867370112485
5,75.0,160.0,-10.0,110,2032190901,26.22544192870953,0.9999999999999887,3.8271326298875183
5,75.0,160.0,-10.0,111,2032190901,-4.774558071290386,2.9999999999999916,-0.6728673701124815
5,75.0,160.0,-10.0,112,2032190901,-52.37455807129021,-49.5,-24.17286737011248
5,75.0,160.0,-10.0,113,2032190901,-29.674558071290278,9.0,-0.6728673701124815
5,75.0,160.0,-10.0,114,2032190901,-164.3745580712898,-58.5,-65.17286737011247
5,75.0,160.0,-10.0,115,2032190901,-70.77455807129014,-14.500000000000014,-83.17286737011247
5,75.0,160.0,-10.0,116,2032190901,0.42544192870960273,-0.49999999999999434,-0.6728673701124815
5,75.0,160.0,-10.0,117,2032190901,-48.17455807129022,-15.000000000000009,-28.17286737011248
5,75.0,160.0,-10.0,118,2032190901,-1.6745580712903916,0.9999999999999887,-0.17286737011248404
5,75.0,160.0,-10.0,119,2032190901,49.92544192870943,-18.0,10.327132629887515
5,75.0,160.0,-10.0,120,2032190901,-44.774558071290244,90.0,-64.67286737011248
5,75.0,160.0,-10.0,121,2032190901,-140.2745580712899,38.5,-33.172867370112485
5,75.0,160.0,-10.0,122,2032190901,73.92544192870935,30.499999999999986,-30.172867370112485
5,75.0,160.0,-10.0,123,2032190901,0.1254419287096198,0.0,2.827132629887517
5,75.0,160.0,-10.0,124,2032190901,54.12544192870942,15.500000000000004,50.32713262988752
5,75.0,160.0,-10.0,125,2032190901,4.82544192870958,-6.000000000000009,5.327132629887514
5,75.0,160.0,-10.0,126,2032190901,1.725441928709614,-0.9999999999999887,-3.172867370112482
5,75.0,160.0,-10.0,127,2032190901,48.725441928709444,90.0,18.827132629887515
5,75.0,160.0,-10.0,128,2032190901,-0.6745580712903916,-2.4999999999999973,-0.17286737011248404
5,75.0,160.0,-10.0,129,2032190901,62.82544192870938,35.000000000000014,-19.17286737011248
5,75.0,160.0,-10.0,130,2032190901,-0.07455807129039727,2.0000000000000027,-1.672867370112483
5,75.0,160.0,-10.0,131,2032190901,-126.97455807128995,7.499999999999991,7.327132629887517
5,75.0,160.0,-10.0,132,2032190901,-5.574558071290369,-3.500000000000011,-1.672867370112483
5,75.0,160.0,-10.0,133,2032190901,-4.074558071290369,2.4999999999999973,-0.6728673701124815
5,75.0,160.0,-10.0,134,2032190901,-6.2745580712903575,1.5000000000000084,0.3271326298875167
5,75.0,160.0,-10.0,135,2032190901,3.025441928709597,0.0,-1.1728673701124823
5,75.0,160.0,-10.0,136,2032190901,4.225441928709586,0.49999999999999434,-2.172867370112484
5,75.0,160.0,-10.0,137,2032190901,-166.0745580712898,-8.00000000000001,28.327132629887515
5,75.0,160.0,-10.0,138,2032190901,-0.9745580712903745,-0.9999999999999887,0.3271326298875167
5,75.0,160.0,-10.0,139,2032190901,-9.074558071290369,3.500000000000011,-1.1728673701124823
5,75.0,160.0,-10.0,140,2032190901,5.225441928709586,1.5000000000000084,-1.1728673701124823
5,75.0,160.0,-10.0,141,2032190901,-154.47455807128983,-65.5,0.3271326298875167
5,75.0,160.0,-10.0,142,2032190901,-2.87455807129038,-0.49999999999999434,-0.6728673701124815
5,75.0,160.0,-10.0,143,2032190901,5.32544192870958,0.9999999999999887,-2.172867370112484
5,75.0,160.0,-10.0,144,2032190901,3.8254419287096084,-0.49999999999999434,-0.17286737011248404
5,75.0,160.0,-10.0,145,2032190901,-7.074558071290369,0.9999999999999887,0.8271326298875173
5,75.0,160.0,-10.0,146,2032190901,-165.3745580712898,-15.500000000000004,-46.672867370112485
5,75.0,160.0,-10.0,147,2032190901,-82.6745580712901,22.999999999999993,-1.672867370112483
5,75.0,160.0,-10.0,148,2032190901,31.525441928709483,-90.0,-58.672867370112485
5,75.0,160.0,-10.0,149,2032190901,-0.5745580712903973,1.5000000000000084,2.327132629887516
5,75.0,160.0,-10.0,150,2032190901,-31.674558071290278,-90.0,-61.67286737011249
5,75.0,160.0,-10.0,151,2032190901,12.325441928709552,6.500000000000003,-4.172867370112483
5,75.0,160.0,-10.0,152,2032190901,-0.07455807129039727,-2.4999999999999973,3.327132629887518
5,75.0,160.0,-10.0,153,2032190901,-1.0745580712903973,0.49999999999999434,-2.6728673701124843
5,75.0,160.0,-10.0,154,2032190901,-0.9745580712903745,0.0,0.3271326298875167
5,75.0,160.0,-10.0,155,2032190901,-159.97455807128983,-27.499999999999993,-74.17286737011247
5,75.0,160.0,-10.0,156,2032190901,-106.77455807129002,49.49999999999997,-29.172867370112485
5,75.0,160.0,-10.0,157,2032190901,2.025441928709597,0.0,-0.17286737011248404
5,75.0,160.0,-10.0,158,2032190901,-1.5745580712903973,-0.49999999999999434,-0.17286737011248404
5,75.0,160.0,-10.0,159,2032190901,-0.2745580712903859,-0.9999999999999887,1.3271326298875181
5,75.0,160.0,-10.0,160,2032190901,-1.774558071290386,2.0000000000000027,0.3271326298875167
5,75.0,160.0,-10.0,161,2032190901,6.125441928709591,2.4999999999999973,-1.672867370112483
5,75.0,160.0,-10.0,162,2032190901,2.7254419287095857,0.0,-1.672867370112483
5,75.0,160.0,-10.0,163,2032190901,-1.5745580712903973,0.49999999999999434,1.8271326298875157
5,75.0,160.0,-10.0,164,2032190901,-70.07455807129014,5.4999999999999885,-55.172867370112485
5,75.0,160.0,-10.0,165,2032190901,64.22544192870939,90.0,-90.6728673701125
5,75.0,160.0,-10.0,166,2032190901,-1.1745580712903916,1.5000000000000084,3.8271326298875183
5,75.0,160.0,-10.0,167,2032190901,-3.1745580712903916,2.0000000000000027,-1.672867370112483
5,75.0,160.0,-10.0,168,2032190901,-3.4745580712903745,-0.9999999999999887,-0.17286737011248404
5,75.0,160.0,-10.0,169,2032190901,0.9254419287096027,-0.9999999999999887,0.8271326298875173
5,75.0,160.0,-10.0,170,2032190901,4.225441928709586,0.49999999999999434,-4.672867370112484
5,75.0,160.0,-10.0,171,2032190901,-0.5745580712903973,2.0000000000000027,-1.672867370112483
5,75.0,160.0,-10.0,172,2032190901,-52.87455807129021,-15.000000000000009,-27.172867370112485
5,75.0,160.0,-10.0,173,2032190901,-1.8745580712903802,2.0000000000000027,-2.6728673701124843
5,75.0,160.0,-10.0,174,2032190901,-13.374558071290352,-4.5,-0.6728673701124815
5,75.0,160.0,-10.0,175,2032190901,-5.574558071290369,4.5,2.327132629887516
5,75.0,160.0,-10.0,176,2032190901,-4.274558071290386,-2.4999999999999973,2.827132629887517
5,75.0,160.0,-10.0,177,2032190901,0.6254419287096198,-1.5000000000000084,-3.6728673701124825
5,75.0,160.0,-10.0,178,2032190901,3.525441928709597,0.9999999999999887,0.3271326298875167
5,75.0,160.0,-10.0,179,2032190901,0.6254419287096198,0.0,1.8271326298875157
5,75.0,160.0,-10.0,180,2032190901,1.525441928709597,1.5000000000000084,0.8271326298875173
5,75.0,160.0,-10.0,181,2032190901,8.425441928709574,-2.4999999999999973,0.8271326298875173
5,75.0,160.0,-10.0,182,2032190901,0.02544192870959705,0.9999999999999887,3.8271326298875183
5,75.0,160.0,-10.0,183,2032190901,0.02544192870959705,2.0000000000000027,-0.17286737011248404
5,75.0,160.0,-10.0,184,2032190901,4.625441928709591,-1.5000000000000084,-2.172867370112484
5,75.0,160.0,-10.0,185,2032190901,6.125441928709591,1.5000000000000084,-1.1728673701124823
5,75.0,160.0,-10.0,186,2032190901,4.225441928709586,0.0,-5.172867370112485
5,75.0,160.0,-10.0,187,2032190901,-79.07455807129011,-90.0,8.827132629887519
5,75.0,160.0,-10.0,188,2032190901,-4.87455807129038,-2.4999999999999973,1.3271326298875181
5,75.0,160.0,-10.0,189,2032190901,52.82544192870941,-11.000000000000004,-72.17286737011248
5,75.0,160.0,-10.0,190,2032190901,-1.274558071290386,0.9999999999999887,-2.6728673701124843
5,75.0,160.0,-10.0,191,2032190901,19.32544192870955,66.49999999999999,-62.67286737011248
5,75.0,160.0,-10.0,192,2032190901,0.42544192870960273,-1.5000000000000084,-1.672867370112483
5,75.0,160.0,-10.0,193,2032190901,-157.37455807128984,32.500000000000014,-48.672867370112485
5,75.0,160.0,-10.0,194,2032190901,-126.77455807128993,-0.9999999999999887,-14.172867370112483
5,75.0,160.0,-10.0,195,2032190901,-164.9745580712898,-11.499999999999996,-44.172867370112485
5,75.0,160.0,-10.0,196,2032190901,-152.77455807128985,-90.0,18.32713262988752
5,75.0,160.0,-10.0,197,2032190901,6.32544192870958,0.0,-1.672867370112483
5,75.0,160.0,-10.0,198,2032190901,-155.57455807128983,-55.50000000000001,-67.67286737011248
5,75.0,160.0,-10.0,199,2032190901,34.42544192870949,49.49999999999997,-9.672867370112485
5,75.0,160.0,-5.0,0,2032190902,2.8254419287096084,-0.49999999999999434,-1.1728673701124823
5,75.0,160.0,-5.0,1,2032190902,-2.074558071290369,-2.4999999999999973,-0.6728673701124815
5,75.0,160.0,-5.0,2,2032190902,-0.07455807129039727,0.49999999999999434,0.3271326298875167
5,75.0,160.0,-5.0,3,2032190902,-4.074558071290369,-0.49999999999999434,-0.17286737011248404
5,75.0,160.0,-5.0,4,2032190902,1.025441928709597,0.49999999999999434,0.3271326298875167
5,75.0,160.0,-5.0,5,2032190902,-0.8745580712903802,-0.49999999999999434,0.3271326298875167
5,75.0,160.0,-5.0,6,2032190902,1.525441928709597,0.0,0.8271326298875173
5,75.0,160.0,-5.0,7,2032190902,-0.2745580712903859,0.49999999999999434,-1.672867370112483
5,75.0,160.0,-5.0,8,2032190902,-3.37455807129038,-0.49999999999999434,-0.6728673701124815
5,75.0,160.0,-5.0,9,2032190902,0.1254419287096198,-0.49999999999999434,-0.17286737011248404
5,75.0,160.0,-5.0,10,2032190902,-5.9745580712903745,0.0,0.8271326298875173
5,75.0,160.0,-5.0,11,2032190902,-3.37455807129038,1.5000000000000084,0.8271326298875173
5,75.0,160.0,-5.0,12,2032190902,4.325441928709608,-0.49999999999999434,-2.6728673701124843
5,75.0,160.0,-5.0,13,2032190902,-0.7745580712903859,-1.5000000000000084,-0.17286737011248404
5,75.0,160.0,-5.0,14,2032190902,0.8254419287096084,0.9999999999999887,-0.6728673701124815
5,75.0,160.0,-5.0,15,2032190902,-0.07455807129039727,0.9999999999999887,0.8271326298875173
5,75.0,160.0,-5.0,16,2032190902,0.42544192870960273,0.9999999999999887,-0.6728673701124815
5,75.0,160.0,-5.0,17,2032190902,-1.774558071290386,0.49999999999999434,-1.1728673701124823
5,75.0,160.0,-5.0,18,2032190902,2.225441928709614,0.49999999999999434,0.8271326298875173
5,75.0,160.0,-5.0,19,2032190902,-3.1745580712903916,0.9999999999999887,0.8271326298875173
5,75.0,160.0,-5.0,20,2032190902,-1.274558071290386,0.49999999999999434,0.3271326298875167
5,75.0,160.0,-5.0,21,2032190902,-4.674558071290363,-0.49999999999999434,-1.1728673701124823
5,75.0,160.0,-5.0,22,2032190902,5.625441928709591,0.9999999999999887,-0.17286737011248404
5,75.0,160.0,-5.0,23,2032190902,-4.274558071290386,1.5000000000000084,-1.1728673701124823
5,75.0,160.0,-5.0,24,2032190902,0.6254419287096198,0.49999999999999434,0.3271326298875167
5,75.0,160.0,-5.0,25,2032190902,1.3254419287096084,0.49999999999999434,0.8271326298875173
5,75.0,160.0,-5.0,26,2032190902,1.025441928709597,0.0,-0.6728673701124815
5,75.0,160.0,-5.0,27,2032190902,-2.87455807129038,-0.49999999999999434,0.8271326298875173
5,75.0,160.0,-5.0,28,2032190902,-4.9745580712903745,0.49999999999999434,-0.17286737011248404
5,75.0,160.0,-5.0,29,2032190902,-2.574558071290369,-2.0000000000000027,1.3271326298875181
5,75.0,160.0,-5.0,30,2032190902,-2.074558071290369,0.0,-0.17286737011248404
5,75.0,160.0,-5.0,31,2032190902,0.02544192870959705,1.5000000000000084,-0.17286737011248404
5,75.0,160.0,-5.0,32,2032190902,1.1254419287096198,1.5000000000000084,0.3271326298875167
5,75.0,160.0,-5.0,33,2032190902,-3.4745580712903745,0.0,0.8271326298875173
5,75.0,160.0,-5.0,34,2032190902,-2.274558071290386,-0.9999999999999887,-0.6728673701124815
5,75.0,160.0,-5.0,35,2032190902,-23.174558071290306,0.49999999999999434,0.8271326298875173
5,75.0,160.0,-5.0,36,2032190902,4.525441928709597,0.0,-0.17286737011248404
5,75.0,160.0,-5.0,37,2032190902,-0.2745580712903859,0.49999999999999434,-0.6728673701124815
5,75.0,160.0,-5.0,38,2032190902,0.02544192870959705,-0.9999999999999887,0.3271326298875167
5,75.0,160.0,-5.0,39,2032190902,-5.674558071290363,-2.0000000000000027,0.3271326298875167
5,75.0,160.0,-5.0,40,2032190902,2.7254419287095857,0.0,1.3271326298875181
5,75.0,160.0,-5.0,41,2032190902,-2.37455807129038,-0.49999999999999434,0.3271326298875167
5,75.0,160.0,-5.0,42,2032190902,0.8254419287096084,-0.9999999999999887,0.3271326298875167
5,75.0,160.0,-5.0,43,2032190902,-1.274558071290386,0.49999999999999434,-1.672867370112483
5,75.0,160.0,-5.0,44,2032190902,1.9254419287096027,-0.9999999999999887,1.3271326298875181
5,75.0,160.0,-5.0,45,2032190902,-0.6745580712903916,0.49999999999999434,-1.1728673701124823
5,75.0,160.0,-5.0,46,2032190902,1.8254419287096084,0.9999999999999887,0.3271326298875167
5,75.0,160.0,-5.0,47,2032190902,-0.7745580712903859,0.49999999999999434,-0.6728673701124815
5,75.0,160.0,-5.0,48,2032190902,-1.6745580712903916,-2.0000000000000027,0.8271326298875173
5,75.0,160.0,-5.0,49,2032190902,-0.3745580712903802,0.0,-1.1728673701124823
5,75.0,160.0,-5.0,50,2032190902,47.52544192870943,-35.50000000000001,-42.672867370112485
5,75.0,160.0,-5.0,51,2032190902,1.1254419287096198,0.0,0.8271326298875173
5,75.0,160.0,-5.0,52,2032190902,-0.47455807129040295,-0.9999999999999887,-0.17286737011248404
5,75.0,160.0,-5.0,53,2032190902,-4.274558071290386,0.49999999999999434,-1.672867370112483
5,75.0,160.0,-5.0,54,2032190902,-7.074558071290369,0.0,1.3271326298875181
5,75.0,160.0,-5.0,55,2032190902,-4.37455807129038,2.0000000000000027,-0.17286737011248404
5,75.0,160.0,-5.0,56,2032190902,0.525441928709597,-0.9999999999999887,-0.17286737011248404
5,75.0,160.0,-5.0,57,2032190902,-1.0745580712903973,0.49999999999999434,-0.6728673701124815
5,75.0,160.0,-5.0,58,2032190902,0.02544192870959705,1.5000000000000084,0.3271326298875167
5,75.0,160.0,-5.0,59,2032190902,2.8254419287096084,0.9999999999999887,2.327132629887516
5,75.0,160.0,-5.0,60,2032190902,1.4254419287096027,0.0,1.3271326298875181
5,75.0,160.0,-5.0,61,2032190902,-1.8745580712903802,2.4999999999999973,1.8271326298875157
5,75.0,160.0,-5.0,62,2032190902,5.125441928709591,0.0,-0.6728673701124815
5,75.0,160.0,-5.0,63,2032190902,3.1254419287095914,0.9999999999999887,-0.17286737011248404
5,75.0,160.0,-5.0,64,2032190902,0.525441928709597,0.49999999999999434,0.3271326298875167
5,75.0,160.0,-5.0,65,2032190902,-1.0745580712903973,-0.49999999999999434,1.3271326298875181
5,75.0,160.0,-5.0,66,2032190902,1.3254419287096084,0.49999999999999434,-1.672867370112483
5,75.0,160.0,-5.0,67,2032190902,-3.574558071290369,1.5000000000000084,1.3271326298875181
5,75.0,160.0,-5.0,68,2032190902,-0.8745580712903802,0.9999999999999887,-0.6728673701124815
5,75.0,160.0,-5.0,69,2032190902,-1.8745580712903802,0.0,-1.1728673701124823
5,75.0,160.0,-5.0,70,2032190902,1.1254419287096198,1.5000000000000084,-2.172867370112484
5,75.0,160.0,-5.0,71,2032190902,2.8254419287096084,0.0,0.3271326298875167
5,75.0,160.0,-5.0,72,2032190902,0.8254419287096084,1.5000000000000084,0.3271326298875167
5,75.0,160.0,-5.0,73,2032190902,-3.87455807129038,0.49999999999999434,-0.17286737011248404
5,75.0,160.0,-5.0,74,2032190902,2.025441928709597,0.49999999999999434,-1.1728673701124823
5,75.0,160.0,-5.0,75,2032190902,-4.074558071290369,0.0,-0.17286737011248404
5,75.0,160.0,-5.0,76,2032190902,-0.47455807129040295,1.5000000000000084,0.3271326298875167
5,75.0,160.0,-5.0,77,2032190902,-0.6745580712903916,0.9999999999999887,-0.17286737011248404
5,75.0,160.0,-5.0,78,2032190902,-3.1745580712903916,-0.9999999999999887,-1.1728673701124823
5,75.0,160.0,-5.0,79,2032190902,-2.4745580712903745,-0.9999999999999887,-0.6728673701124815
5,75.0,160.0,-5.0,80,2032190902,-0.07455807129039727,0.49999999999999434,-0.17286737011248404
5,75.0,160.0,-5.0,81,2032190902,0.8254419287096084,0.0,0.3271326298875167
5,75.0,160.0,-5.0,82,2032190902,-1.9745580712903745,-0.49999999999999434,-1.1728673701124823
5,75.0,160.0,-5.0,83,2032190902,2.4254419287096027,1.5000000000000084,-0.6728673701124815
5,75.0,160.0,-5.0,84,2032190902,-26.574558071290284,0.0,3.327132629887518
5,75.0,160.0,-5.0,85,2032190902,3.3254419287096084,2.0000000000000027,-0.17286737011248404
5,75.0,160.0,-5.0,86,2032190902,3.2254419287095857,0.49999999999999434,0.3271326298875167
5,75.0,160.0,-5.0,87,2032190902,0.2254419287096141,0.49999999999999434,-1.1728673701124823
5,75.0,160.0,-5.0,88,2032190902,-0.5745580712903973,0.49999999999999434,-0.6728673701124815
5,75.0,160.0,-5.0,89,2032190902,-1.1745580712903916,0.0,0.3271326298875167
5,75.0,160.0,-5.0,90,2032190902,2.8254419287096084,1.5000000000000084,0.3271326298875167
5,75.0,160.0,-5.0,91,2032190902,-3.6745580712903916,-0.49999999999999434,0.3271326298875167
5,75.0,160.0,-5.0,92,2032190902,0.2254419287096141,-0.9999999999999887,0.8271326298875173
5,75.0,160.0,-5.0,93,2032190902,-0.6745580712903916,-0.9999999999999887,-0.6728673701124815
5,75.0,160.0,-5.0,94,2032190902,0.3254419287096084,-0.49999999999999434,0.8271326298875173
5,75.0,160.0,-5.0,95,2032190902,2.8254419287096084,-1.5000000000000084,-1.1728673701124823
5,75.0,160.0,-5.0,96,2032190902,-1.4745580712903745,0.0,-0.17286737011248404
5,75.0,160.0,-5.0,97,2032190902,4.425441928709603,-2.9999999999999916,-0.6728673701124815
5,75.0,160.0,-5.0,98,2032190902,5.82544192870958,0.0,-0.17286737011248404
5,75.0,160.0,-5.0,99,2032190902,2.225441928709614,-0.9999999999999887,-0.17286737011248404
5,75.0,160.0,-5.0,100,2032190902,-0.47455807129040295,0.49999999999999434,-0.17286737011248404
5,75.0,160.0,-5.0,101,2032190902,-2.1745580712903916,-1.5000000000000084,-1.1728673701124823
5,75.0,160.0,-5.0,102,2032190902,1.3254419287096084,0.0,-1.672867370112483
5,75.0,160.0,-5.0,103,2032190902,-2.1745580712903916,0.0,-0.17286737011248404
5,75.0,160.0,-5.0,104,2032190902,-1.274558071290386,0.9999999999999887,-2.172867370112484
5,75.0,160.0,-5.0,105,2032190902,-3.1745580712903916,1.5000000000000084,0.3271326298875167
5,75.0,160.0,-5.0,106,2032190902,0.2254419287096141,0.9999999999999887,0.3271326298875167
5,75.0,160.0,-5.0,107,2032190902,-1.5745580712903973,0.49999999999999434,-0.6728673701124815
5,75.0,160.0,-5.0,108,2032190902,0.3254419287096084,0.0,0.3271326298875167
5,75.0,160.0,-5.0,109,2032190902,-69.57455807129014,22.999999999999993,-34.172867370112485
5,75.0,160.0,-5.0,110,2032190902,0.2254419287096141,-2.4999999999999973,-0.6728673701124815
5,75.0,160.0,-5.0,111,2032190902,-0.6745580712903916,-0.49999999999999434,1.3271326298875181
5,75.0,160.0,-5.0,112,2032190902,-6.2745580712903575,-0.9999999999999887,-3.172867370112482
5,75.0,160.0,-5.0,113,2032190902,0.6254419287096198,0.0,0.8271326298875173
5,75.0,160.0,-5.0,114,2032190902,0.42544192870960273,0.49999999999999434,-0.6728673701124815
5,75.0,160.0,-5.0,115,2032190902,2.8254419287096084,-0.49999999999999434,0.3271326298875167
5,75.0,160.0,-5.0,116,2032190902,-2.1745580712903916,0.9999999999999887,-1.1728673701124823
5,75.0,160.0,-5.0,117,2032190902,0.02544192870959705,0.0,-0.17286737011248404
5,75.0,160.0,-5.0,118,2032190902,-1.274558071290386,-1.5000000000000084,0.3271326298875167
5,75.0,160.0,-5.0,119,2032190902,1.225441928709614,0.0,1.8271326298875157
5,75.0,160.0,-5.0,120,2032190902,-1.3745580712903802,0.49999999999999434,1.3271326298875181
5,75.0,160.0,-5.0,121,2032190902,1.6254419287095914,-2.4999999999999973,1.3271326298875181
5,75.0,160.0,-5.0,122,2032190902,4.025441928709597,1.5000000000000084,-2.172867370112484
5,75.0,160.0,-5.0,123,2032190902,0.42544192870960273,0.0,-0.17286737011248404
5,75.0,160.0,-5.0,124,2032190902,0.3254419287096084,0.0,1.8271326298875157
5,75.0,160.0,-5.0,125,2032190902,-4.074558071290369,0.0,-1.672867370112483
5,75.0,160.0,-5.0,126,2032190902,0.2254419287096141,0.9999999999999887,-1.1728673701124823
5,75.0,160.0,-5.0,127,2032190902,-4.87455807129038,0.9999999999999887,0.3271326298875167
5,75.0,160.0,-5.0,128,2032190902,3.7254419287095857,0.0,-1.1728673701124823
5,75.0,160.0,-5.0,129,2032190902,-0.2745580712903859,1.5000000000000084,0.3271326298875167
5,75.0,160.0,-5.0,130,2032190902,0.02544192870959705,0.49999999999999434,-0.17286737011248404
5,75.0,160.0,-5.0,131,2032190902,4.225441928709586,0.0,1.8271326298875157
5,75.0,160.0,-5.0,132,2032190902,-5.674558071290363,-0.49999999999999434,-1.672867370112483
5,75.0,160.0,-5.0,133,2032190902,-6.174558071290363,-1.5000000000000084,0.8271326298875173
5,75.0,160.0,-5.0,134,2032190902,-1.0745580712903973,0.0,2.827132629887517
5,75.0,160.0,-5.0,135,2032190902,-2.6745580712903916,0.9999999999999887,-1.672867370112483
5,75.0,160.0,-5.0,136,2032190902,-0.07455807129039727,-1.5000000000000084,-0.17286737011248404
5,75.0,160.0,-5.0,137,2032190902,-5.674558071290363,-2.0000000000000027,0.3271326298875167
5,75.0,160.0,-5.0,138,2032190902,-1.0745580712903973,0.49999999999999434,0.3271326298875167
5,75.0,160.0,-5.0,139,2032190902,-0.8745580712903802,0.0,-1.1728673701124823
5,75.0,160.0,-5.0,140,2032190902,5.32544192870958,0.0,-0.17286737011248404
5,75.0,160.0,-5.0,141,2032190902,-1.774558071290386,0.0,0.3271326298875167
5,75.0,160.0,-5.0,142,2032190902,1.025441928709597,0.9999999999999887,0.3271326298875167
5,75.0,160.0,-5.0,143,2032190902,1.525441928709597,2.0000000000000027,-1.672867370112483
5,75.0,160.0,-5.0,144,2032190902,1.9254419287096027,-1.5000000000000084,0.8271326298875173
5,75.0,160.0,-5.0,145,2032190902,0.6254419287096198,1.5000000000000084,-2.172867370112484
5,75.0,160.0,-5.0,146,2032190902,2.525441928709597,2.4999999999999973,0.3271326298875167
5,75.0,160.0,-5.0,147,2032190902,-2.074558071290369,-0.49999999999999434,-0.6728673701124815
5,75.0,160.0,-5.0,148,2032190902,-0.3745580712903802,0.0,-2.172867370112484
5,75.0,160.0,-5.0,149,2032190902,1.525441928709597,0.9999999999999887,-0.6728673701124815
5,75.0,160.0,-5.0,150,2032190902,0.42544192870960273,0.0,0.3271326298875167
5,75.0,160.0,-5.0,151,2032190902,1.8254419287096084,0.0,0.8271326298875173
5,75.0,160.0,-5.0,152,2032190902,-1.1745580712903916,0.0,0.8271326298875173
5,75.0,160.0,-5.0,153,2032190902,3.6254419287095914,-0.49999999999999434,1.3271326298875181
5,75.0,160.0,-5.0,154,2032190902,-1.5745580712903973,-2.9999999999999916,0.3271326298875167
5,75.0,160.0,-5.0,155,2032190902,-0.8745580712903802,-1.5000000000000084,-0.6728673701124815
5,75.0,160.0,-5.0,156,2032190902,-3.87455807129038,-0.9999999999999887,-0.17286737011248404
5,75.0,160.0,-5.0,157,2032190902,1.525441928709597,0.9999999999999887,0.3271326298875167
5,75.0,160.0,-5.0,158,2032190902,0.525441928709597,2.0000000000000027,-0.6728673701124815
5,75.0,160.0,-5.0,159,2032190902,-1.3745580712903802,0.0,-0.6728673701124815
5,75.0,160.0,-5.0,160,2032190902,2.225441928709614,0.0,-1.1728673701124823
5,75.0,160.0,-5.0,161,2032190902,0.9254419287096027,0.49999999999999434,0.3271326298875167
5,75.0,160.0,-5.0,162,2032190902,-0.9745580712903745,-2.0000000000000027,0.8271326298875173
5,75.0,160.0,-5.0,163,2032190902,2.225441928709614,0.49999999999999434,-3.172867370112482
5,75.0,160.0,-5.0,164,2032190902,-0.9745580712903745,-0.49999999999999434,0.3271326298875167
5,75.0,160.0,-5.0,165,2032190902,-2.37455807129038,0.0,-0.17286737011248404
5,75.0,160.0,-5.0,166,2032190902,0.7254419287096141,-0.49999999999999434,2.327132629887516
5,75.0,160.0,-5.0,167,2032190902,-1.5745580712903973,0.49999999999999434,-1.1728673701124823
5,75.0,160.0,-5.0,168,2032190902,3.8254419287096084,0.0,-0.17286737011248404
5,75.0,160.0,-5.0,169,2032190902,0.3254419287096084,0.49999999999999434,0.8271326298875173
5,75.0,160.0,-5.0,170,2032190902,-4.37455807129038,0.0,-1.1728673701124823
5,75.0,160.0,-5.0,171,2032190902,8.82544192870958,0.0,0.3271326298875167
5,75.0,160.0,-5.0,172,2032190902,-0.9745580712903745,-0.49999999999999434,1.3271326298875181
5,75.0,160.0,-5.0,173,2032190902,-1.774558071290386,0.9999999999999887,-0.17286737011248404
5,75.0,160.0,-5.0,174,2032190902,-0.3745580712903802,-0.49999999999999434,0.3271326298875167
5,75.0,160.0,-5.0,175,2032190902,-1.3745580712903802,-1.5000000000000084,-0.17286737011248404
5,75.0,160.0,-5.0,176,2032190902,4.525441928709597,-0.9999999999999887,1.8271326298875157
5,75.0,160.0,-5.0,177,2032190902,-0.7745580712903859,-1.5000000000000084,-0.17286737011248404
5,75.0,160.0,-5.0,178,2032190902,1.225441928709614,0.49999999999999434,-1.1728673701124823
5,75.0,160.0,-5.0,179,2032190902,2.1254419287095914,1.5000000000000084,-0.6728673701124815
5,75.0,160.0,-5.0,180,2032190902,0.1254419287096198,0.49999999999999434,1.3271326298875181
5,75.0,160.0,-5.0,181,2032190902,-4.074558071290369,0.0,-1.672867370112483
5,75.0,160.0,-5.0,182,2032190902,3.9254419287096027,-2.9999999999999916,2.827132629887517
5,75.0,160.0,-5.0,183,2032190902,0.7254419287096141,0.0,-0.17286737011248404
5,75.0,160.0,-5.0,184,2032190902,1.1254419287096198,1.5000000000000084,1.3271326298875181
5,75.0,160.0,-5.0,185,2032190902,0.2254419287096141,2.0000000000000027,-0.6728673701124815
5,75.0,160.0,-5.0,186,2032190902,1.725441928709614,-1.5000000000000084,-1.672867370112483
5,75.0,160.0,-5.0,187,2032190902,0.02544192870959705,0.49999999999999434,-0.6728673701124815
5,75.0,160.0,-5.0,188,2032190902,-2.6745580712903916,0.9999999999999887,-0.6728673701124815
5,75.0,160.0,-5.0,189,2032190902,1.025441928709597,0.49999999999999434,0.3271326298875167
5,75.0,160.0,-5.0,190,2032190902,2.4254419287096027,-0.49999999999999434,1.8271326298875157
5,75.0,160.0,-5.0,191,2032190902,0.7254419287096141,0.49999999999999434,-0.17286737011248404
5,75.0,160.0,-5.0,192,2032190902,1.225441928709614,0.49999999999999434,-2.6728673701124843
5,75.0,160.0,-5.0,193,2032190902,-0.2745580712903859,0.0,-0.6728673701124815
5,75.0,160.0,-5.0,194,2032190902,-2.6745580712903916,0.0,-0.6728673701124815
5,75.0,160.0,-5.0,195,2032190902,-1.774558071290386,0.0,0.8271326298875173
5,75.0,160.0,-5.0,196,2032190902,-0.3745580712903802,0.9999999999999887,-1.672867370112483
5,75.0,160.0,-5.0,197,2032190902,-8.374558071290352,-0.49999999999999434,-0.6728673701124815
5,75.0,160.0,-5.0,198,2032190902,-4.274558071290386,0.49999999999999434,-0.17286737011248404
5,75.0,160.0,-5.0,199,2032190902,2.6254419287095914,1.5000000000000084,0.8271326298875173
5,75.0,160.0,0.0,0,2032190903,-0.47455807129040295,0.49999999999999434,0.8271326298875173
5,75.0,160.0,0.0,1,2032190903,1.6254419287095914,-0.49999999999999434,-0.17286737011248404
5,75.0,160.0,0.0,2,2032190903,-1.774558071290386,0.9999999999999887,-0.17286737011248404
5,75.0,160.0,0.0,3,2032190903,0.02544192870959705,0.0,-0.17286737011248404
5,75.0,160.0,0.0,4,2032190903,-0.9745580712903745,-0.49999999999999434,0.3271326298875167
5,75.0,160.0,0.0,5,2032190903,1.025441928709597,0.0,-0.17286737011248404
5,75.0,160.0,0.0,6,2032190903,-1.274558071290386,-0.9999999999999887,0.8271326298875173
5,75.0,160.0,0.0,7,2032190903,2.1254419287095914,0.0,-0.6728673701124815
5,75.0,160.0,0.0,8,2032190903,0.8254419287096084,0.49999999999999434,-1.1728673701124823
5,75.0,160.0,0.0,9,2032190903,2.225441928709614,0.0,0.3271326298875167
5,75.0,160.0,0.0,10,2032190903,-0.6745580712903916,0.0,0.8271326298875173
5,75.0,160.0,0.0,11,2032190903,-0.2745580712903859,-0.49999999999999434,0.8271326298875173
5,75.0,160.0,0.0,12,2032190903,-0.07455807129039727,0.0,-0.17286737011248404
5,75.0,160.0,0.0,13,2032190903,-2.274558071290386,0.0,-0.6728673701124815
5,75.0,160.0,0.0,14,2032190903,-0.47455807129040295,0.0,-0.17286737011248404
5,75.0,160.0,0.0,15,2032190903,2.3254419287096084,-0.49999999999999434,-0.17286737011248404
5,75.0,160.0,0.0,16,2032190903,-0.47455807129040295,0.0,0.8271326298875173
5,75.0,160.0,0.0,17,2032190903,-0.7745580712903859,0.49999999999999434,-0.6728673701124815
5,75.0,160.0,0.0,18,2032190903,-1.774558071290386,0.9999999999999887,0.3271326298875167
5,75.0,160.0,0.0,19,2032190903,1.3254419287096084,0.0,0.8271326298875173
5,75.0,160.0,0.0,20,2032190903,-0.47455807129040295,0.0,0.3271326298875167
5,75.0,160.0,0.0,21,2032190903,0.42544192870960273,-0.9999999999999887,-1.672867370112483
5,75.0,160.0,0.0,22,2032190903,-0.17455807129039158,0.49999999999999434,0.8271326298875173
5,75.0,160.0,0.0,23,2032190903,-0.8745580712903802,0.0,1.3271326298875181
5,75.0,160.0,0.0,24,2032190903,0.6254419287096198,-0.49999999999999434,0.8271326298875173
5,75.0,160.0,0.0,25,2032190903,-0.5745580712903973,0.0,-0.17286737011248404
5,75.0,160.0,0.0,26,2032190903,0.02544192870959705,0.0,-0.17286737011248404
5,75.0,160.0,0.0,27,2032190903,-0.9745580712903745,-0.9999999999999887,0.8271326298875173
5,75.0,160.0,0.0,28,2032190903,0.3254419287096084,0.49999999999999434,0.3271326298875167
5,75.0,160.0,0.0,29,2032190903,-0.07455807129039727,-0.49999999999999434,-1.1728673701124823
5,75.0,160.0,0.0,30,2032190903,1.025441928709597,0.49999999999999434,-0.6728673701124815
5,75.0,160.0,0.0,31,2032190903,-0.3745580712903802,0.0,-0.17286737011248404
5,75.0,160.0,0.0,32,2032190903,1.4254419287096027,-0.49999999999999434,1.3271326298875181
5,75.0,160.0,0.0,33,2032190903,1.4254419287096027,-0.49999999999999434,1.3271326298875181
5,75.0,160.0,0.0,34,2032190903,-0.17455807129039158,0.0,0.3271326298875167
5,75.0,160.0,0.0,35,2032190903,1.6254419287095914,0.49999999999999434,-0.17286737011248404
5,75.0,160.0,0.0,36,2032190903,0.3254419287096084,0.0,0.3271326298875167
5,75.0,160.0,0.0,37,2032190903,-0.6745580712903916,0.0,-0.17286737011248404
5,75.0,160.0,0.0,38,2032190903,-1.774558071290386,-1.5000000000000084,-0.17286737011248404
5,75.0,160.0,0.0,39,2032190903,-0.7745580712903859,-0.49999999999999434,0.3271326298875167
5,75.0,160.0,0.0,40,2032190903,0.7254419287096141,0.49999999999999434,-0.6728673701124815
5,75.0,160.0,0.0,41,2032190903,-1.5745580712903973,0.9999999999999887,-0.17286737011248404
5,75.0,160.0,0.0,42,2032190903,-1.3745580712903802,0.0,-1.1728673701124823
5,75.0,160.0,0.0,43,2032190903,1.1254419287096198,0.0,0.3271326298875167
5,75.0,160.0,0.0,44,2032190903,0.02544192870959705,0.9999999999999887,-0.17286737011248404
5,75.0,160.0,0.0,45,2032190903,0.3254419287096084,-0.49999999999999434,-0.6728673701124815
5,75.0,160.0,0.0,46,2032190903,-2.274558071290386,0.49999999999999434,-0.17286737011248404
5,75.0,160.0,0.0,47,2032190903,0.8254419287096084,-0.9999999999999887,-0.17286737011248404
5,75.0,160.0,0.0,48,2032190903,-1.1745580712903916,0.49999999999999434,-0.17286737011248404
5,75.0,160.0,0.0,49,2032190903,0.1254419287096198,0.0,0.8271326298875173
5,75.0,160.0,0.0,50,2032190903,-1.3745580712903802,0.49999999999999434,-0.6728673701124815
5,75.0,160.0,0.0,51,2032190903,-2.87455807129038,-0.49999999999999434,0.8271326298875173
5,75.0,160.0,0.0,52,2032190903,-0.7745580712903859,0.9999999999999887,0.8271326298875173
5,75.0,160.0,0.0,53,2032190903,2.3254419287096084,0.0,-0.17286737011248404
5,75.0,160.0,0.0,54,2032190903,-1.4745580712903745,0.49999999999999434,0.8271326298875173
5,75.0,160.0,0.0,55,2032190903,-2.1745580712903916,0.0,-0.6728673701124815
5,75.0,160.0,0.0,56,2032190903,0.525441928709597,-0.49999999999999434,0.8271326298875173
5,75.0,160.0,0.0,57,2032190903,0.42544192870960273,0.49999999999999434,0.3271326298875167
5,75.0,160.0,0.0,58,2032190903,0.42544192870960273,0.0,-0.6728673701124815
5,75.0,160.0,0.0,59,2032190903,-0.3745580712903802,-2.4999999999999973,-0.17286737011248404
5,75.0,160.0,0.0,60,2032190903,0.7254419287096141,0.0,0.3271326298875167
5,75.0,160.0,0.0,61,2032190903,-2.1745580712903916,-0.49999999999999434,-1.1728673701124823
5,75.0,160.0,0.0,62,2032190903,1.3254419287096084,0.0,0.3271326298875167
5,75.0,160.0,0.0,63,2032190903,-1.3745580712903802,-0.9999999999999887,0.8271326298875173
5,75.0,160.0,0.0,64,2032190903,-1.274558071290386,-0.49999999999999434,-0.17286737011248404
5,75.0,160.0,0.0,65,2032190903,-0.2745580712903859,0.0,0.3271326298875167
5,75.0,160.0,0.0,66,2032190903,-3.274558071290386,0.0,-0.17286737011248404
5,75.0,160.0,0.0,67,2032190903,1.3254419287096084,1.5000000000000084,-0.6728673701124815
5,75.0,160.0,0.0,68,2032190903,1.1254419287096198,0.0,0.3271326298875167
5,75.0,160.0,0.0,69,2032190903,1.8254419287096084,0.49999999999999434,-0.17286737011248404
5,75.0,160.0,0.0,70,2032190903,0.6254419287096198,-0.49999999999999434,0.8271326298875173
5,75.0,160.0,0.0,71,2032190903,-0.47455807129040295,-0.49999999999999434,-0.6728673701124815
5,75.0,160.0,0.0,72,2032190903,0.9254419287096027,-0.49999999999999434,0.3271326298875167
5,75.0,160.0,0.0,73,2032190903,0.1254419287096198,0.0,1.3271326298875181
5,75.0,160.0,0.0,74,2032190903,-0.5745580712903973,0.9999999999999887,-0.6728673701124815
5,75.0,160.0,0.0,75,2032190903,2.025441928709597,0.49999999999999434,-0.17286737011248404
5,75.0,160.0,0.0,76,2032190903,1.6254419287095914,0.9999999999999887,0.3271326298875167
5,75.0,160.0,0.0,77,2032190903,0.8254419287096084,0.0,-0.17286737011248404
5,75.0,160.0,0.0,78,2032190903,-0.9745580712903745,0.9999999999999887,-0.17286737011248404
5,75.0,160.0,0.0,79,2032190903,1.4254419287096027,0.49999999999999434,0.3271326298875167
5,75.0,160.0,0.0,80,2032190903,-2.37455807129038,0.9999999999999887,0.8271326298875173
5,75.0,160.0,0.0,81,2032190903,2.4254419287096027,0.49999999999999434,0.3271326298875167
5,75.0,160.0,0.0,82,2032190903,0.3254419287096084,-0.49999999999999434,-0.17286737011248404
5,75.0,160.0,0.0,83,2032190903,0.3254419287096084,-0.49999999999999434,-0.17286737011248404
5,75.0,160.0,0.0,84,2032190903,-0.7745580712903859,0.0,-0.17286737011248404
5,75.0,160.0,0.0,85,2032190903,0.42544192870960273,0.49999999999999434,-0.17286737011248404
5,75.0,160.0,0.0,86,2032190903,-0.3745580712903802,0.0,0.3271326298875167
5,75.0,160.0,0.0,87,2032190903,0.9254419287096027,-0.49999999999999434,-0.17286737011248404
5,75.0,160.0,0.0,88,2032190903,-1.0745580712903973,0.0,-1.1728673701124823
5,75.0,160.0,0.0,89,2032190903,-0.7745580712903859,0.0,-0.17286737011248404
5,75.0,160.0,0.0,90,2032190903,2.7254419287095857,-0.49999999999999434,0.3271326298875167
5,75.0,160.0,0.0,91,2032190903,1.4254419287096027,0.49999999999999434,0.3271326298875167
5,75.0,160.0,0.0,92,2032190903,1.725441928709614,-0.49999999999999434,0.3271326298875167
5,75.0,160.0,0.0,93,2032190903,-2.274558071290386,-0.9999999999999887,-0.6728673701124815
5,75.0,160.0,0.0,94,2032190903,-2.1745580712903916,-0.49999999999999434,-0.17286737011248404
5,75.0,160.0,0.0,95,2032190903,1.4254419287096027,-0.49999999999999434,0.8271326298875173
5,75.0,160.0,0.0,96,2032190903,-2.4745580712903745,0.0,0.3271326298875167
5,75.0,160.0,0.0,97,2032190903,-0.5745580712903973,0.49999999999999434,-0.17286737011248404
5,75.0,160.0,0.0,98,2032190903,1.225441928709614,-0.49999999999999434,0.3271326298875167
5,75.0,160.0,0.0,99,2032190903,1.9254419287096027,-0.9999999999999887,0.3271326298875167
5,75.0,160.0,0.0,100,2032190903,-2.074558071290369,1.5000000000000084,0.8271326298875173
5,75.0,160.0,0.0,101,2032190903,0.42544192870960273,0.9999999999999887,-0.17286737011248404
5,75.0,160.0,0.0,102,2032190903,0.9254419287096027,0.0,0.8271326298875173
5,75.0,160.0,0.0,103,2032190903,3.2254419287095857,0.49999999999999434,-0.6728673701124815
5,75.0,160.0,0.0,104,2032190903,1.6254419287095914,0.0,-0.6728673701124815
5,75.0,160.0,0.0,105,2032190903,-0.9745580712903745,0.0,-0.17286737011248404
5,75.0,160.0,0.0,106,2032190903,0.525441928709597,0.0,-0.17286737011248404
5,75.0,160.0,0.0,107,2032190903,-0.8745580712903802,-0.49999999999999434,-0.17286737011248404
5,75.0,160.0,0.0,108,2032190903,1.6254419287095914,1.5000000000000084,-1.1728673701124823
5,75.0,160.0,0.0,109,2032190903,-0.3745580712903802,0.0,-1.1728673701124823
5,75.0,160.0,0.0,110,2032190903,1.1254419287096198,0.49999999999999434,-0.17286737011248404
5,75.0,160.0,0.0,111,2032190903,-2.87455807129038,0.49999999999999434,-0.6728673701124815
5,75.0,160.0,0.0,112,2032190903,-1.9745580712903745,0.0,0.3271326298875167
5,75.0,160.0,0.0,113,2032190903,-1.774558071290386,0.0,0.8271326298875173
5,75.0,160.0,0.0,114,2032190903,2.1254419287095914,-0.49999999999999434,0.3271326298875167
5,75.0,160.0,0.0,115,2032190903,0.8254419287096084,0.49999999999999434,0.3271326298875167
5,75.0,160.0,0.0,116,2032190903,-1.0745580712903973,0.0,-0.6728673701124815
5,75.0,160.0,0.0,117,2032190903,0.9254419287096027,-0.9999999999999887,0.3271326298875167
5,75.0,160.0,0.0,118,2032190903,-2.4745580712903745,0.9999999999999887,-0.17286737011248404
5,75.0,160.0,0.0,119,2032190903,-1.5745580712903973,0.9999999999999887,0.8271326298875173
5,75.0,160.0,0.0,120,2032190903,-0.3745580712903802,0.0,0.3271326298875167
5,75.0,160.0,0.0,121,2032190903,0.02544192870959705,-0.49999999999999434,-0.6728673701124815
5,75.0,160.0,0.0,122,2032190903,2.025441928709597,0.9999999999999887,0.3271326298875167
5,75.0,160.0,0.0,123,2032190903,-0.07455807129039727,0.0,0.3271326298875167
5,75.0,160.0,0.0,124,2032190903,1.9254419287096027,0.0,0.3271326298875167
5,75.0,160.0,0.0,125,2032190903,-0.5745580712903973,0.0,1.3271326298875181
5,75.0,160.0,0.0,126,2032190903,0.2254419287096141,0.49999999999999434,0.8271326298875173
5,75.0,160.0,0.0,127,2032190903,-0.17455807129039158,-0.49999999999999434,0.3271326298875167
5,75.0,160.0,0.0,128,2032190903,0.42544192870960273,-0.49999999999999434,0.8271326298875173
5,75.0,160.0,0.0,129,2032190903,-0.6745580712903916,0.0,0.3271326298875167
5,75.0,160.0,0.0,130,2032190903,0.7254419287096141,0.49999999999999434,-0.6728673701124815
5,75.0,160.0,0.0,131,2032190903,-0.2745580712903859,0.49999999999999434,0.3271326298875167
5,75.0,160.0,0.0,132,2032190903,1.525441928709597,0.0,-1.1728673701124823
5,75.0,160.0,0.0,133,2032190903,1.4254419287096027,0.0,-1.1728673701124823
5,75.0,160.0,0.0,134,2032190903,0.2254419287096141,-0.49999999999999434,0.3271326298875167
5,75.0,160.0,0.0,135,2032190903,-1.1745580712903916,1.5000000000000084,0.3271326298875167
5,75.0,160.0,0.0,136,2032190903,-0.2745580712903859,0.0,0.8271326298875173
5,75.0,160.0,0.0,137,2032190903,-0.9745580712903745,0.49999999999999434,0.3271326298875167
5,75.0,160.0,0.0,138,2032190903,1.3254419287096084,0.0,0.8271326298875173
5,75.0,160.0,0.0,139,2032190903,3.025441928709597,0.0,0.3271326298875167
5,75.0,160.0,0.0,140,2032190903,1.9254419287096027,-0.49999999999999434,-0.6728673701124815
5,75.0,160.0,0.0,141,2032190903,-0.7745580712903859,0.0,-0.6728673701124815
5,75.0,160.0,0.0,142,2032190903,1.225441928709614,-0.49999999999999434,-0.17286737011248404
5,75.0,160.0,0.0,143,2032190903,0.2254419287096141,0.0,-0.6728673701124815
5,75.0,160.0,0.0,144,2032190903,-1.274558071290386,0.0,0.3271326298875167
5,75.0,160.0,0.0,145,2032190903,0.8254419287096084,0.49999999999999434,-0.6728673701124815
5,75.0,160.0,0.0,146,2032190903,-0.17455807129039158,0.0,0.3271326298875167
5,75.0,160.0,0.0,147,2032190903,-0.17455807129039158,0.9999999999999887,-0.17286737011248404
5,75.0,160.0,0.0,148,2032190903,0.3254419287096084,0.0,0.3271326298875167
5,75.0,160.0,0.0,149,2032190903,-1.3745580712903802,-0.49999999999999434,0.8271326298875173
5,75.0,160.0,0.0,150,2032190903,-1.6745580712903916,0.0,0.8271326298875173
5,75.0,160.0,0.0,151,2032190903,0.42544192870960273,0.0,0.8271326298875173
5,75.0,160.0,0.0,152,2032190903,-2.1745580712903916,0.49999999999999434,-0.17286737011248404
5,75.0,160.0,0.0,153,2032190903,0.42544192870960273,0.0,-0.6728673701124815
5,75.0,160.0,0.0,154,2032190903,0.9254419287096027,-0.49999999999999434,-1.1728673701124823
5,75.0,160.0,0.0,155,2032190903,-1.6745580712903916,-0.49999999999999434,0.3271326298875167
5,75.0,160.0,0.0,156,2032190903,-1.4745580712903745,0.49999999999999434,0.8271326298875173
5,75.0,160.0,0.0,157,2032190903,0.3254419287096084,-0.9999999999999887,0.3271326298875167
5,75.0,160.0,0.0,158,2032190903,-0.07455807129039727,0.0,0.8271326298875173
5,75.0,160.0,0.0,159,2032190903,0.1254419287096198,0.49999999999999434,-0.6728673701124815
5,75.0,160.0,0.0,160,2032190903,-0.17455807129039158,0.0,-0.17286737011248404
5,75.0,160.0,0.0,161,2032190903,0.9254419287096027,0.0,-0.6728673701124815
5,75.0,160.0,0.0,162,2032190903,-1.4745580712903745,0.49999999999999434,0.3271326298875167
5,75.0,160.0,0.0,163,2032190903,-1.1745580712903916,-0.9999999999999887,0.8271326298875173
5,75.0,160.0,0.0,164,2032190903,-0.7745580712903859,0.0,0.8271326298875173
5,75.0,160.0,0.0,165,2032190903,1.025441928709597,0.9999999999999887,-0.17286737011248404
5,75.0,160.0,0.0,166,2032190903,-0.6745580712903916,-0.49999999999999434,0.8271326298875173
5,75.0,160.0,0.0,167,2032190903,-0.47455807129040295,-0.9999999999999887,0.8271326298875173
5,75.0,160.0,0.0,168,2032190903,0.02544192870959705,-0.9999999999999887,-0.17286737011248404
5,75.0,160.0,0.0,169,2032190903,0.9254419287096027,0.9999999999999887,0.3271326298875167
5,75.0,160.0,0.0,170,2032190903,0.9254419287096027,-0.49999999999999434,-0.17286737011248404
5,75.0,160.0,0.0,171,2032190903,-0.6745580712903916,-0.9999999999999887,0.3271326298875167
5,75.0,160.0,0.0,172,2032190903,-0.7745580712903859,0.0,-0.6728673701124815
5,75.0,160.0,0.0,173,2032190903,0.2254419287096141,0.49999999999999434,-1.1728673701124823
5,75.0,160.0,0.0,174,2032190903,-1.8745580712903802,0.49999999999999434,-0.6728673701124815
5,75.0,160.0,0.0,175,2032190903,0.2254419287096141,0.0,0.3271326298875167
5,75.0,160.0,0.0,176,2032190903,-0.2745580712903859,0.0,-0.6728673701124815
5,75.0,160.0,0.0,177,2032190903,-0.6745580712903916,0.0,-0.6728673701124815
5,75.0,160.0,0.0,178,2032190903,-0.8745580712903802,0.49999999999999434,-0.6728673701124815
5,75.0,160.0,0.0,179,2032190903,0.9254419287096027,0.0,-0.17286737011248404
5,75.0,160.0,0.0,180,2032190903,-1.774558071290386,0.49999999999999434,-1.1728673701124823
5,75.0,160.0,0.0,181,2032190903,-0.5745580712903973,-0.49999999999999434,0.3271326298875167
5,75.0,160.0,0.0,182,2032190903,-0.17455807129039158,-0.49999999999999434,-0.17286737011248404
5,75.0,160.0,0.0,183,2032190903,0.7254419287096141,0.49999999999999434,0.3271326298875167
5,75.0,160.0,0.0,184,2032190903,-0.07455807129039727,0.0,-0.17286737011248404
5,75.0,160.0,0.0,185,2032190903,-0.47455807129040295,-1.5000000000000084,-0.6728673701124815
5,75.0,160.0,0.0,186,2032190903,-0.5745580712903973,0.9999999999999887,-0.17286737011248404
5,75.0,160.0,0.0,187,2032190903,-0.7745580712903859,0.9999999999999887,-0.17286737011248404
5,75.0,160.0,0.0,188,2032190903,-1.4745580712903745,0.49999999999999434,-0.17286737011248404
5,75.0,160.0,0.0,189,2032190903,-1.0745580712903973,0.0,-0.17286737011248404
5,75.0,160.0,0.0,190,2032190903,1.4254419287096027,0.49999999999999434,0.3271326298875167
5,75.0,160.0,0.0,191,2032190903,0.02544192870959705,0.49999999999999434,-0.17286737011248404
5,75.0,160.0,0.0,192,2032190903,0.9254419287096027,0.0,0.3271326298875167
5,75.0,160.0,0.0,193,2032190903,-1.9745580712903745,-0.49999999999999434,-0.17286737011248404
5,75.0,160.0,0.0,194,2032190903,-0.2745580712903859,0.0,-0.6728673701124815
5,75.0,160.0,0.0,195,2032190903,-1.4745580712903745,0.49999999999999434,0.3271326298875167
5,75.0,160.0,0.0,196,2032190903,-1.3745580712903802,0.0,-1.1728673701124823
5,75.0,160.0,0.0,197,2032190903,0.02544192870959705,0.49999999999999434,0.8271326298875173
5,75.0,160.0,0.0,198,2032190903,-0.9745580712903745,-0.49999999999999434,-1.1728673701124823
5,75.0,160.0,0.0,199,2032190903,1.3254419287096084,-0.49999999999999434,-0.17286737011248404
5,75.0,160.0,5.0,0,2032190904,1.525441928709597,0.0,-0.17286737011248404
5,75.0,160.0,5.0,1,2032190904,-0.6745580712903916,0.0,-0.17286737011248404
5,75.0,160.0,5.0,2,2032190904,0.525441928709597,0.49999999999999434,0.3271326298875167
5,75.0,160.0,5.0,3,2032190904,1.725441928709614,0.49999999999999434,-0.17286737011248404
5,75.0,160.0,5.0,4,2032190904,0.2254419287096141,0.49999999999999434,-0.6728673701124815
5,75.0,160.0,5.0,5,2032190904,-0.2745580712903859,0.49999999999999434,-0.17286737011248404
5,75.0,160.0,5.0,6,2032190904,0.3254419287096084,-0.49999999999999434,0.3271326298875167
5,75.0,160.0,5.0,7,2032190904,0.1254419287096198,0.0,-0.17286737011248404
5,75.0,160.0,5.0,8,2032190904,0.42544192870960273,-0.49999999999999434,-0.17286737011248404
5,75.0,160.0,5.0,9,2032190904,0.9254419287096027,0.49999999999999434,0.3271326298875167
5,75.0,160.0,5.0,10,2032190904,-0.9745580712903745,0.49999999999999434,0.3271326298875167
5,75.0,160.0,5.0,11,2032190904,-0.6745580712903916,0.49999999999999434,-0.6728673701124815
5,75.0,160.0,5.0,12,2032190904,-0.7745580712903859,0.0,-0.17286737011248404
5,75.0,160.0,5.0,13,2032190904,0.7254419287096141,0.49999999999999434,0.3271326298875167
5,75.0,160.0,5.0,14,2032190904,-0.7745580712903859,0.0,0.3271326298875167
5,75.0,160.0,5.0,15,2032190904,-0.3745580712903802,0.0,-0.17286737011248404
5,75.0,160.0,5.0,16,2032190904,0.1254419287096198,0.49999999999999434,0.3271326298875167
5,75.0,160.0,5.0,17,2032190904,0.7254419287096141,0.49999999999999434,-0.17286737011248404
5,75.0,160.0,5.0,18,2032190904,0.7254419287096141,0.49999999999999434,-0.17286737011248404
5,75.0,160.0,5.0,19,2032190904,0.1254419287096198,0.49999999999999434,-0.17286737011248404
5,75.0,160.0,5.0,20,2032190904,0.525441928709597,0.49999999999999434,-0.17286737011248404
5,75.0,160.0,5.0,21,2032190904,-0.6745580712903916,0.49999999999999434,-0.17286737011248404
5,75.0,160.0,5.0,22,2032190904,-0.5745580712903973,-0.49999999999999434,-0.17286737011248404
5,75.0,160.0,5.0,23,2032190904,0.6254419287096198,-0.49999999999999434,-0.17286737011248404
5,75.0,160.0,5.0,24,2032190904,0.525441928709597,0.0,-0.17286737011248404
5,75.0,160.0,5.0,25,2032190904,-1.1745580712903916,-0.49999999999999434,0.3271326298875167
5,75.0,160.0,5.0,26,2032190904,-0.17455807129039158,0.0,-0.17286737011248404
5,75.0,160.0,5.0,27,2032190904,0.525441928709597,-0.49999999999999434,0.3271326298875167
5,75.0,160.0,5.0,28,2032190904,-0.5745580712903973,0.0,-0.17286737011248404
5,75.0,160.0,5.0,29,2032190904,0.02544192870959705,0.49999999999999434,-0.6728673701124815
5,75.0,160.0,5.0,30,2032190904,-1.274558071290386,0.0,0.3271326298875167
5,75.0,160.0,5.0,31,2032190904,-0.6745580712903916,0.0,-0.6728673701124815
5,75.0,160.0,5.0,32,2032190904,0.525441928709597,0.0,0.8271326298875173
5,75.0,160.0,5.0,33,2032190904,0.02544192870959705,0.49999999999999434,0.3271326298875167
5,75.0,160.0,5.0,34,2032190904,-0.6745580712903916,-0.49999999999999434,0.3271326298875167
5,75.0,160.0,5.0,35,2032190904,-1.5745580712903973,-0.49999999999999434,-0.17286737011248404
5,75.0,160.0,5.0,36,2032190904,0.02544192870959705,0.0,-0.6728673701124815
5,75.0,160.0,5.0,37,2032190904,0.8254419287096084,0.0,-0.17286737011248404
5,75.0,160.0,5.0,38,2032190904,-0.47455807129040295,0.0,-0.17286737011248404
5,75.0,160.0,5.0,39,2032190904,0.3254419287096084,0.0,0.8271326298875173
5,75.0,160.0,5.0,40,2032190904,0.6254419287096198,-0.49999999999999434,0.3271326298875167
5,75.0,160.0,5.0,41,2032190904,-0.7745580712903859,0.0,-0.17286737011248404
5,75.0,160.0,5.0,42,2032190904,0.2254419287096141,0.49999999999999434,-0.17286737011248404
5,75.0,160.0,5.0,43,2032190904,2.4254419287096027,0.49999999999999434,-0.17286737011248404
5,75.0,160.0,5.0,44,2032190904,0.9254419287096027,0.49999999999999434,-0.17286737011248404
5,75.0,160.0,5.0,45,2032190904,1.3254419287096084,0.49999999999999434,-0.17286737011248404
5,75.0,160.0,5.0,46,2032190904,-1.274558071290386,0.49999999999999434,-0.17286737011248404
5,75.0,160.0,5.0,47,2032190904,1.025441928709597,-0.49999999999999434,-0.17286737011248404
5,75.0,160.0,5.0,48,2032190904,-1.4745580712903745,0.0,-0.17286737011248404
5,75.0,160.0,5.0,49,2032190904,-0.17455807129039158,0.0,0.3271326298875167
5,75.0,160.0,5.0,50,2032190904,1.1254419287096198,-0.49999999999999434,-0.17286737011248404
5,75.0,160.0,5.0,51,2032190904,0.6254419287096198,0.0,-0.6728673701124815
5,75.0,160.0,5.0,52,2032190904,0.7254419287096141,0.49999999999999434,-0.17286737011248404
5,75.0,160.0,5.0,53,2032190904,0.1254419287096198,0.0,0.3271326298875167
5,75.0,160.0,5.0,54,2032190904,1.8254419287096084,-0.49999999999999434,0.3271326298875167
5,75.0,160.0,5.0,55,2032190904,0.525441928709597,-0.49999999999999434,0.3271326298875167
5,75.0,160.0,5.0,56,2032190904,-0.07455807129039727,-0.49999999999999434,-0.6728673701124815
5,75.0,160.0,5.0,57,2032190904,-0.3745580712903802,-0.49999999999999434,-0.17286737011248404
5,75.0,160.0,5.0,58,2032190904,0.02544192870959705,0.0,0.3271326298875167
5,75.0,160.0,5.0,59,2032190904,1.4254419287096027,0.0,-0.17286737011248404
5,75.0,160.0,5.0,60,2032190904,-0.17455807129039158,0.49999999999999434,-0.6728673701124815
5,75.0,160.0,5.0,61,2032190904,-1.1745580712903916,0.0,-0.17286737011248404
5,75.0,160.0,5.0,62,2032190904,-0.2745580712903859,0.49999999999999434,-0.17286737011248404
5,75.0,160.0,5.0,63,2032190904,0.9254419287096027,0.0,-0.17286737011248404
5,75.0,160.0,5.0,64,2032190904,-0.17455807129039158,-0.49999999999999434,0.3271326298875167
5,75.0,160.0,5.0,65,2032190904,0.6254419287096198,0.0,-0.17286737011248404
5,75.0,160.0,5.0,66,2032190904,0.525441928709597,-0.49999999999999434,0.3271326298875167
5,75.0,160.0,5.0,67,2032190904,-1.1745580712903916,0.0,0.3271326298875167
5,75.0,160.0,5.0,68,2032190904,0.2254419287096141,0.0,0.3271326298875167
5,75.0,160.0,5.0,69,2032190904,0.42544192870960273,0.0,-0.6728673701124815
5,75.0,160.0,5.0,70,2032190904,-1.0745580712903973,0.49999999999999434,-0.6728673701124815
5,75.0,160.0,5.0,71,2032190904,0.6254419287096198,0.0,0.3271326298875167
5,75.0,160.0,5.0,72,2032190904,0.6254419287096198,0.0,-0.17286737011248404
5,75.0,160.0,5.0,73,2032190904,-0.9745580712903745,0.0,0.8271326298875173
5,75.0,160.0,5.0,74,2032190904,0.9254419287096027,0.49999999999999434,-0.17286737011248404
5,75.0,160.0,5.0,75,2032190904,0.7254419287096141,0.0,-0.17286737011248404
5,75.0,160.0,5.0,76,2032190904,1.225441928709614,-0.49999999999999434,0.3271326298875167
5,75.0,160.0,5.0,77,2032190904,0.2254419287096141,0.0,-0.17286737011248404
5,75.0,160.0,5.0,78,2032190904,1.225441928709614,0.0,0.3271326298875167
5,75.0,160.0,5.0,79,2032190904,-0.17455807129039158,0.0,-0.17286737011248404
5,75.0,160.0,5.0,80,2032190904,0.3254419287096084,0.49999999999999434,0.3271326298875167
5,75.0,160.0,5.0,81,2032190904,0.2254419287096141,0.0,-0.17286737011248404
5,75.0,160.0,5.0,82,2032190904,-0.6745580712903916,0.0,-0.17286737011248404
5,75.0,160.0,5.0,83,2032190904,0.02544192870959705,0.0,0.3271326298875167
5,75.0,160.0,5.0,84,2032190904,-0.47455807129040295,0.0,-0.17286737011248404
5,75.0,160.0,5.0,85,2032190904,1.025441928709597,0.0,-0.17286737011248404
5,75.0,160.0,5.0,86,2032190904,-0.17455807129039158,-0.49999999999999434,0.3271326298875167
5,75.0,160.0,5.0,87,2032190904,-1.1745580712903916,-0.49999999999999434,0.3271326298875167
5,75.0,160.0,5.0,88,2032190904,-1.8745580712903802,0.0,-0.17286737011248404
5,75.0,160.0,5.0,89,2032190904,-0.2745580712903859,0.0,0.3271326298875167
5,75.0,160.0,5.0,90,2032190904,-0.5745580712903973,-0.49999999999999434,0.3271326298875167
5,75.0,160.0,5.0,91,2032190904,-0.2745580712903859,0.0,0.3271326298875167
5,75.0,160.0,5.0,92,2032190904,0.525441928709597,0.0,0.3271326298875167
5,75.0,160.0,5.0,93,2032190904,-0.7745580712903859,0.0,0.3271326298875167
5,75.0,160.0,5.0,94,2032190904,-0.6745580712903916,0.0,-0.17286737011248404
5,75.0,160.0,5.0,95,2032190904,0.3254419287096084,0.0,0.3271326298875167
5,75.0,160.0,5.0,96,2032190904,0.02544192870959705,0.0,-0.17286737011248404
5,75.0,160.0,5.0,97,2032190904,0.3254419287096084,0.0,0.3271326298875167
5,75.0,160.0,5.0,98,2032190904,-1.8745580712903802,0.0,-0.17286737011248404
5,75.0,160.0,5.0,99,2032190904,0.1254419287096198,0.0,-0.17286737011248404
5,75.0,160.0,5.0,100,2032190904,-0.7745580712903859,0.0,0.3271326298875167
5,75.0,160.0,5.0,101,2032190904,-0.7745580712903859,-0.49999999999999434,-0.17286737011248404
5,75.0,160.0,5.0,102,2032190904,0.525441928709597,0.49999999999999434,-0.6728673701124815
5,75.0,160.0,5.0,103,2032190904,-0.2745580712903859,-0.49999999999999434,0.3271326298875167
5,75.0,160.0,5.0,104,2032190904,-0.5745580712903973,0.0,-0.17286737011248404
5,75.0,160.0,5.0,105,2032190904,0.02544192870959705,0.0,0.3271326298875167
5,75.0,160.0,5.0,106,2032190904,-0.17455807129039158,-0.49999999999999434,-0.17286737011248404
5,75.0,160.0,5.0,107,2032190904,0.8254419287096084,0.0,0.3271326298875167
5,75.0,160.0,5.0,108,2032190904,-0.7745580712903859,-0.49999999999999434,-0.17286737011248404
5,75.0,160.0,5.0,109,2032190904,-0.07455807129039727,0.0,0.3271326298875167
5,75.0,160.0,5.0,110,2032190904,-0.07455807129039727,0.0,-0.6728673701124815
5,75.0,160.0,5.0,111,2032190904,0.2254419287096141,0.49999999999999434,0.3271326298875167
5,75.0,160.0,5.0,112,2032190904,0.1254419287096198,0.49999999999999434,-0.17286737011248404
5,75.0,160.0,5.0,113,2032190904,-0.6745580712903916,-0.49999999999999434,-0.17286737011248404
5,75.0,160.0,5.0,114,2032190904,-0.3745580712903802,0.0,0.3271326298875167
5,75.0,160.0,5.0,115,2032190904,-0.17455807129039158,0.0,-0.17286737011248404
5,75.0,160.0,5.0,116,2032190904,1.725441928709614,-0.49999999999999434,0.3271326298875167
5,75.0,160.0,5.0,117,2032190904,1.9254419287096027,0.0,0.3271326298875167
5,75.0,160.0,5.0,118,2032190904,-1.4745580712903745,0.0,0.3271326298875167
5,75.0,160.0,5.0,119,2032190904,0.7254419287096141,0.0,0.3271326298875167
5,75.0,160.0,5.0,120,2032190904,-0.47455807129040295,0.0,0.3271326298875167
5,75.0,160.0,5.0,121,2032190904,1.1254419287096198,0.49999999999999434,-0.17286737011248404
5,75.0,160.0,5.0,122,2032190904,0.3254419287096084,0.0,-0.17286737011248404
5,75.0,160.0,5.0,123,2032190904,-0.17455807129039158,0.0,-0.17286737011248404
5,75.0,160.0,5.0,124,2032190904,0.9254419287096027,0.0,-0.17286737011248404
5,75.0,160.0,5.0,125,2032190904,-0.5745580712903973,0.49999999999999434,0.3271326298875167
5,75.0,160.0,5.0,126,2032190904,0.3254419287096084,0.0,0.3271326298875167
5,75.0,160.0,5.0,127,2032190904,0.3254419287096084,0.0,0.3271326298875167
5,75.0,160.0,5.0,128,2032190904,-0.6745580712903916,-0.49999999999999434,-0.17286737011248404
5,75.0,160.0,5.0,129,2032190904,1.025441928709597,0.49999999999999434,-0.17286737011248404
5,75.0,160.0,5.0,130,2032190904,0.3254419287096084,0.0,0.3271326298875167
5,75.0,160.0,5.0,131,2032190904,1.025441928709597,0.0,-0.17286737011248404
5,75.0,160.0,5.0,132,2032190904,0.02544192870959705,-0.9999999999999887,0.3271326298875167
5,75.0,160.0,5.0,133,2032190904,0.8254419287096084,-0.49999999999999434,-0.6728673701124815
5,75.0,160.0,5.0,134,2032190904,1.525441928709597,0.0,0.3271326298875167
5,75.0,160.0,5.0,135,2032190904,0.42544192870960273,0.0,0.3271326298875167
5,75.0,160.0,5.0,136,2032190904,0.3254419287096084,0.0,-0.17286737011248404
5,75.0,160.0,5.0,137,2032190904,0.2254419287096141,-0.49999999999999434,0.3271326298875167
5,75.0,160.0,5.0,138,2032190904,-0.7745580712903859,0.0,-0.17286737011248404
5,75.0,160.0,5.0,139,2032190904,-0.3745580712903802,0.9999999999999887,0.3271326298875167
5,75.0,160.0,5.0,140,2032190904,-1.274558071290386,-0.49999999999999434,-0.17286737011248404
5,75.0,160.0,5.0,141,2032190904,0.8254419287096084,-0.49999999999999434,-0.6728673701124815
5,75.0,160.0,5.0,142,2032190904,0.3254419287096084,-0.49999999999999434,0.3271326298875167
5,75.0,160.0,5.0,143,2032190904,0.3254419287096084,0.0,0.3271326298875167
5,75.0,160.0,5.0,144,2032190904,0.7254419287096141,0.49999999999999434,0.3271326298875167
5,75.0,160.0,5.0,145,2032190904,-0.8745580712903802,-0.49999999999999434,0.3271326298875167
5,75.0,160.0,5.0,146,2032190904,0.02544192870959705,0.0,0.3271326298875167
5,75.0,160.0,5.0,147,2032190904,-0.07455807129039727,-0.49999999999999434,-0.17286737011248404
5,75.0,160.0,5.0,148,2032190904,-0.07455807129039727,0.49999999999999434,-0.17286737011248404
5,75.0,160.0,5.0,149,2032190904,-0.47455807129040295,-0.49999999999999434,-0.17286737011248404
5,75.0,160.0,5.0,150,2032190904,-0.17455807129039158,0.0,0.3271326298875167
5,75.0,160.0,5.0,151,2032190904,-0.07455807129039727,0.49999999999999434,-0.17286737011248404
5,75.0,160.0,5.0,152,2032190904,-0.17455807129039158,-0.49999999999999434,-0.17286737011248404
5,75.0,160.0,5.0,153,2032190904,-0.17455807129039158,-0.49999999999999434,0.3271326298875167
5,75.0,160.0,5.0,154,2032190904,-0.7745580712903859,0.0,-0.17286737011248404
5,75.0,160.0,5.0,155,2032190904,0.1254419287096198,-0.49999999999999434,-0.6728673701124815
5,75.0,160.0,5.0,156,2032190904,2.1254419287095914,0.0,-0.17286737011248404
5,75.0,160.0,5.0,157,2032190904,0.6254419287096198,-0.49999999999999434,-0.17286737011248404
5,75.0,160.0,5.0,158,2032190904,-0.3745580712903802,0.0,0.3271326298875167
5,75.0,160.0,5.0,159,2032190904,-0.5745580712903973,0.0,-0.17286737011248404
5,75.0,160.0,5.0,160,2032190904,-0.47455807129040295,0.0,-0.17286737011248404
5,75.0,160.0,5.0,161,2032190904,-0.07455807129039727,0.0,-0.17286737011248404
5,75.0,160.0,5.0,162,2032190904,-0.17455807129039158,0.0,0.3271326298875167
5,75.0,160.0,5.0,163,2032190904,0.3254419287096084,0.0,-0.17286737011248404
5,75.0,160.0,5.0,164,2032190904,-0.9745580712903745,0.0,0.3271326298875167
5,75.0,160.0,5.0,165,2032190904,-0.47455807129040295,0.0,-0.17286737011248404
5,75.0,160.0,5.0,166,2032190904,0.02544192870959705,0.0,-0.17286737011248404
5,75.0,160.0,5.0,167,2032190904,0.6254419287096198,0.49999999999999434,0.3271326298875167
5,75.0,160.0,5.0,168,2032190904,0.525441928709597,0.0,0.3271326298875167
5,75.0,160.0,5.0,169,2032190904,-1.4745580712903745,0.49999999999999434,0.3271326298875167
5,75.0,160.0,5.0,170,2032190904,0.1254419287096198,0.49999999999999434,-0.17286737011248404
5,75.0,160.0,5.0,171,2032190904,-0.2745580712903859,0.0,0.3271326298875167
5,75.0,160.0,5.0,172,2032190904,0.2254419287096141,0.0,-0.17286737011248404
5,75.0,160.0,5.0,173,2032190904,-1.1745580712903916,0.0,0.3271326298875167
5,75.0,160.0,5.0,174,2032190904,-0.07455807129039727,0.49999999999999434,-0.6728673701124815
5,75.0,160.0,5.0,175,2032190904,-1.4745580712903745,0.0,-0.17286737011248404
5,75.0,160.0,5.0,176,2032190904,0.3254419287096084,0.0,0.3271326298875167
5,75.0,160.0,5.0,177,2032190904,0.525441928709597,0.49999999999999434,-0.17286737011248404
5,75.0,160.0,5.0,178,2032190904,0.525441928709597,-0.49999999999999434,-0.17286737011248404
5,75.0,160.0,5.0,179,2032190904,0.525441928709597,0.0,0.3271326298875167
5,75.0,160.0,5.0,180,2032190904,1.6254419287095914,0.0,0.3271326298875167
5,75.0,160.0,5.0,181,2032190904,-0.07455807129039727,0.49999999999999434,0.3271326298875167
5,75.0,160.0,5.0,182,2032190904,-0.3745580712903802,0.0,0.3271326298875167
5,75.0,160.0,5.0,183,2032190904,-1.274558071290386,0.49999999999999434,0.8271326298875173
5,75.0,160.0,5.0,184,2032190904,0.42544192870960273,0.0,-0.17286737011248404
5,75.0,160.0,5.0,185,2032190904,0.02544192870959705,0.0,-0.17286737011248404
5,75.0,160.0,5.0,186,2032190904,-1.0745580712903973,-0.49999999999999434,0.3271326298875167
5,75.0,160.0,5.0,187,2032190904,-0.3745580712903802,0.0,-0.17286737011248404
5,75.0,160.0,5.0,188,2032190904,0.02544192870959705,-0.49999999999999434,0.3271326298875167
5,75.0,160.0,5.0,189,2032190904,-0.7745580712903859,0.0,-0.6728673701124815
5,75.0,160.0,5.0,190,2032190904,-0.47455807129040295,-0.49999999999999434,1.3271326298875181
5,75.0,160.0,5.0,191,2032190904,-0.2745580712903859,0.49999999999999434,-0.17286737011248404
5,75.0,160.0,5.0,192,2032190904,-0.2745580712903859,-0.49999999999999434,0.3271326298875167
5,75.0,160.0,5.0,193,2032190904,-0.5745580712903973,0.0,-0.17286737011248404
5,75.0,160.0,5.0,194,2032190904,-0.5745580712903973,-0.49999999999999434,-0.17286737011248404
5,75.0,160.0,5.0,195,2032190904,-0.3745580712903802,0.49999999999999434,0.3271326298875167
5,75.0,160.0,5.0,196,2032190904,-0.47455807129040295,0.0,0.8271326298875173
5,75.0,160.0,5.0,197,2032190904,-0.2745580712903859,0.0,0.3271326298875167
5,75.0,160.0,5.0,198,2032190904,1.3254419287096084,0.0,-0.17286737011248404
5,75.0,160.0,5.0,199,2032190904,-1.8745580712903802,0.49999999999999434,-0.6728673701124815
5,75.0,160.0,10.0,0,2032190905,0.1254419287096198,0.0,0.3271326298875167
5,75.0,160.0,10.0,1,2032190905,0.1254419287096198,0.0,0.3271326298875167
5,75.0,160.0,10.0,2,2032190905,0.1254419287096198,0.0,-0.17286737011248404
5,75.0,160.0,10.0,3,2032190905,-0.8745580712903802,0.0,-0.17286737011248404
5,75.0,160.0,10.0,4,2032190905,-0.47455807129040295,0.0,-0.17286737011248404
5,75.0,160.0,10.0,5,2032190905,0.42544192870960273,0.0,-0.17286737011248404
5,75.0,160.0,10.0,6,2032190905,0.1254419287096198,0.0,-0.6728673701124815
5,75.0,160.0,10.0,7,2032190905,0.2254419287096141,0.0,-0.17286737011248404
5,75.0,160.0,10.0,8,2032190905,-0.6745580712903916,0.0,0.3271326298875167
5,75.0,160.0,10.0,9,2032190905,0.1254419287096198,0.0,0.3271326298875167
5,75.0,160.0,10.0,10,2032190905,-0.5745580712903973,0.0,-0.17286737011248404
5,75.0,160.0,10.0,11,2032190905,-0.07455807129039727,0.0,-0.17286737011248404
5,75.0,160.0,10.0,12,2032190905,0.6254419287096198,0.0,0.3271326298875167
5,75.0,160.0,10.0,13,2032190905,0.1254419287096198,0.0,-0.17286737011248404
5,75.0,160.0,10.0,14,2032190905,0.1254419287096198,0.0,-0.17286737011248404
5,75.0,160.0,10.0,15,2032190905,0.3254419287096084,0.0,0.3271326298875167
5,75.0,160.0,10.0,16,2032190905,-0.3745580712903802,0.0,-0.17286737011248404
5,75.0,160.0,10.0,17,2032190905,0.2254419287096141,0.0,0.3271326298875167
5,75.0,160.0,10.0,18,2032190905,-0.17455807129039158,0.0,0.3271326298875167
5,75.0,160.0,10.0,19,2032190905,0.3254419287096084,0.0,-0.17286737011248404
5,75.0,160.0,10.0,20,2032190905,1.225441928709614,0.0,-0.17286737011248404
5,75.0,160.0,10.0,21,2032190905,0.2254419287096141,0.0,-0.17286737011248404
5,75.0,160.0,10.0,22,2032190905,0.1254419287096198,0.0,-0.17286737011248404
5,75.0,160.0,10.0,23,2032190905,-0.17455807129039158,0.0,-0.6728673701124815
5,75.0,160.0,10.0,24,2032190905,-0.5745580712903973,0.0,-0.17286737011248404
5,75.0,160.0,10.0,25,2032190905,0.02544192870959705,0.0,-0.17286737011248404
5,75.0,160.0,10.0,26,2032190905,-0.07455807129039727,0.0,-0.17286737011248404
5,75.0,160.0,10.0,27,2032190905,0.9254419287096027,0.0,-0.17286737011248404
5,75.0,160.0,10.0,28,2032190905,0.1254419287096198,0.0,-0.6728673701124815
5,75.0,160.0,10.0,29,2032190905,-0.3745580712903802,0.0,-0.17286737011248404
5,75.0,160.0,10.0,30,2032190905,-0.47455807129040295,0.0,0.3271326298875167
5,75.0,160.0,10.0,31,2032190905,0.525441928709597,-0.49999999999999434,-0.17286737011248404
5,75.0,160.0,10.0,32,2032190905,-0.47455807129040295,0.49999999999999434,-0.17286737011248404
5,75.0,160.0,10.0,33,2032190905,-0.3745580712903802,0.0,-0.17286737011248404
5,75.0,160.0,10.0,34,2032190905,0.1254419287096198,-0.49999999999999434,-0.17286737011248404
5,75.0,160.0,10.0,35,2032190905,0.02544192870959705,0.0,-0.17286737011248404
5,75.0,160.0,10.0,36,2032190905,0.6254419287096198,0.0,0.3271326298875167
5,75.0,160.0,10.0,37,2032190905,-0.2745580712903859,0.0,0.3271326298875167
5,75.0,160.0,10.0,38,2032190905,-0.17455807129039158,0.0,-0.17286737011248404
5,75.0,160.0,10.0,39,2032190905,-0.47455807129040295,0.0,0.3271326298875167
5,75.0,160.0,10.0,40,2032190905,0.1254419287096198,0.0,0.3271326298875167
5,75.0,160.0,10.0,41,2032190905,-0.17455807129039158,0.0,0.3271326298875167
5,75.0,160.0,10.0,42,2032190905,-0.07455807129039727,0.0,-0.17286737011248404
5,75.0,160.0,10.0,43,2032190905,-0.2745580712903859,0.0,-0.17286737011248404
5,75.0,160.0,10.0,44,2032190905,-0.3745580712903802,0.0,0.3271326298875167
5,75.0,160.0,10.0,45,2032190905,-0.2745580712903859,0.49999999999999434,-0.17286737011248404
5,75.0,160.0,10.0,46,2032190905,-0.5745580712903973,-0.49999999999999434,-0.17286737011248404
5,75.0,160.0,10.0,47,2032190905,0.525441928709597,0.0,-0.17286737011248404
5,75.0,160.0,10.0,48,2032190905,0.1254419287096198,0.0,-0.17286737011248404
5,75.0,160.0,10.0,49,2032190905,0.1254419287096198,0.0,-0.17286737011248404
5,75.0,160.0,10.0,50,2032190905,-0.17455807129039158,0.0,-0.17286737011248404
5,75.0,160.0,10.0,51,2032190905,-0.17455807129039158,0.0,-0.17286737011248404
5,75.0,160.0,10.0,52,2032190905,-0.07455807129039727,0.0,-0.17286737011248404
5,75.0,160.0,10.0,53,2032190905,0.2254419287096141,0.0,-0.17286737011248404
5,75.0,160.0,10.0,54,2032190905,0.3254419287096084,0.0,0.3271326298875167
5,75.0,160.0,10.0,55,2032190905,0.8254419287096084,0.0,-0.17286737011248404
5,75.0,160.0,10.0,56,2032190905,-0.9745580712903745,0.0,0.3271326298875167
5,75.0,160.0,10.0,57,2032190905,-0.5745580712903973,0.0,0.3271326298875167
5,75.0,160.0,10.0,58,2032190905,-0.3745580712903802,0.0,0.3271326298875167
5,75.0,160.0,10.0,59,2032190905,0.02544192870959705,-0.49999999999999434,0.3271326298875167
5,75.0,160.0,10.0,60,2032190905,-0.17455807129039158,0.0,-0.17286737011248404
5,75.0,160.0,10.0,61,2032190905,0.1254419287096198,0.0,0.3271326298875167
5,75.0,160.0,10.0,62,2032190905,0.525441928709597,0.0,0.3271326298875167
5,75.0,160.0,10.0,63,2032190905,-0.17455807129039158,0.0,-0.17286737011248404
5,75.0,160.0,10.0,64,2032190905,0.1254419287096198,0.0,-0.17286737011248404
5,75.0,160.0,10.0,65,2032190905,0.3254419287096084,0.0,-0.17286737011248404
5,75.0,160.0,10.0,66,2032190905,0.6254419287096198,0.0,-0.17286737011248404
5,75.0,160.0,10.0,67,2032190905,-0.3745580712903802,0.0,-0.17286737011248404
5,75.0,160.0,10.0,68,2032190905,0.6254419287096198,0.0,-0.17286737011248404
5,75.0,160.0,10.0,69,2032190905,0.02544192870959705,0.0,-0.17286737011248404
5,75.0,160.0,10.0,70,2032190905,0.1254419287096198,0.0,0.3271326298875167
5,75.0,160.0,10.0,71,2032190905,0.1254419287096198,0.0,0.3271326298875167
5,75.0,160.0,10.0,72,2032190905,-0.07455807129039727,-0.49999999999999434,-0.17286737011248404
5,75.0,160.0,10.0,73,2032190905,-0.17455807129039158,0.0,0.3271326298875167
5,75.0,160.0,10.0,74,2032190905,-0.7745580712903859,0.0,-0.17286737011248404
5,75.0,160.0,10.0,75,2032190905,0.2254419287096141,0.0,-0.17286737011248404
5,75.0,160.0,10.0,76,2032190905,-0.5745580712903973,0.0,-0.17286737011248404
5,75.0,160.0,10.0,77,2032190905,-0.8745580712903802,0.0,-0.17286737011248404
5,75.0,160.0,10.0,78,2032190905,0.2254419287096141,0.0,-0.17286737011248404
5,75.0,160.0,10.0,79,2032190905,0.2254419287096141,-0.49999999999999434,0.3271326298875167
5,75.0,160.0,10.0,80,2032190905,0.42544192870960273,0.0,-0.17286737011248404
5,75.0,160.0,10.0,81,2032190905,-0.8745580712903802,0.0,-0.17286737011248404
5,75.0,160.0,10.0,82,2032190905,0.1254419287096198,0.0,-0.17286737011248404
5,75.0,160.0,10.0,83,2032190905,0.2254419287096141,0.0,0.3271326298875167
5,75.0,160.0,10.0,84,2032190905,-0.6745580712903916,0.0,-0.17286737011248404
5,75.0,160.0,10.0,85,2032190905,-0.9745580712903745,0.0,0.3271326298875167
5,75.0,160.0,10.0,86,2032190905,-0.2745580712903859,0.0,-0.17286737011248404
5,75.0,160.0,10.0,87,2032190905,-0.07455807129039727,0.0,-0.17286737011248404
5,75.0,160.0,10.0,88,2032190905,-0.9745580712903745,0.0,0.3271326298875167
5,75.0,160.0,10.0,89,2032190905,0.3254419287096084,0.0,-0.17286737011248404
5,75.0,160.0,10.0,90,2032190905,-0.07455807129039727,0.0,-0.17286737011248404
5,75.0,160.0,10.0,91,2032190905,0.2254419287096141,0.0,0.3271326298875167
5,75.0,160.0,10.0,92,2032190905,-0.07455807129039727,0.0,-0.17286737011248404
5,75.0,160.0,10.0,93,2032190905,0.02544192870959705,0.0,0.3271326298875167
5,75.0,160.0,10.0,94,2032190905,0.02544192870959705,0.49999999999999434,-0.17286737011248404
5,75.0,160.0,10.0,95,2032190905,-0.07455807129039727,0.0,-0.17286737011248404
5,75.0,160.0,10.0,96,2032190905,-0.5745580712903973,-0.49999999999999434,-0.17286737011248404
5,75.0,160.0,10.0,97,2032190905,-0.7745580712903859,0.0,0.3271326298875167
5,75.0,160.0,10.0,98,2032190905,-0.47455807129040295,0.0,-0.17286737011248404
5,75.0,160.0,10.0,99,2032190905,0.02544192870959705,0.0,0.3271326298875167
5,75.0,160.0,10.0,100,2032190905,-0.6745580712903916,0.0,-0.17286737011248404
5,75.0,160.0,10.0,101,2032190905,-0.2745580712903859,0.0,0.3271326298875167
5,75.0,160.0,10.0,102,2032190905,-0.07455807129039727,0.0,0.3271326298875167
5,75.0,160.0,10.0,103,2032190905,-0.9745580712903745,0.0,-0.17286737011248404
5,75.0,160.0,10.0,104,2032190905,0.3254419287096084,0.0,-0.17286737011248404
5,75.0,160.0,10.0,105,2032190905,0.525441928709597,0.0,-0.17286737011248404
5,75.0,160.0,10.0,106,2032190905,0.7254419287096141,0.0,-0.17286737011248404
5,75.0,160.0,10.0,107,2032190905,-0.47455807129040295,0.0,0.3271326298875167
5,75.0,160.0,10.0,108,2032190905,-0.07455807129039727,0.0,0.3271326298875167
5,75.0,160.0,10.0,109,2032190905,-0.2745580712903859,0.0,0.3271326298875167
5,75.0,160.0,10.0,110,2032190905,0.525441928709597,0.0,-0.17286737011248404
5,75.0,160.0,10.0,111,2032190905,0.02544192870959705,0.0,0.3271326298875167
5,75.0,160.0,10.0,112,2032190905,-0.17455807129039158,0.0,-0.17286737011248404
5,75.0,160.0,10.0,113,2032190905,-0.17455807129039158,0.0,-0.17286737011248404
5,75.0,160.0,10.0,114,2032190905,0.8254419287096084,0.0,-0.17286737011248404
5,75.0,160.0,10.0,115,2032190905,0.02544192870959705,0.0,-0.17286737011248404
5,75.0,160.0,10.0,116,2032190905,0.42544192870960273,0.0,0.3271326298875167
5,75.0,160.0,10.0,117,2032190905,-0.3745580712903802,0.0,0.3271326298875167
5,75.0,160.0,10.0,118,2032190905,0.42544192870960273,0.0,-0.17286737011248404
5,75.0,160.0,10.0,119,2032190905,0.2254419287096141,0.0,-0.17286737011248404
5,75.0,160.0,10.0,120,2032190905,0.42544192870960273,0.0,-0.17286737011248404
5,75.0,160.0,10.0,121,2032190905,0.525441928709597,0.0,0.3271326298875167
5,75.0,160.0,10.0,122,2032190905,-0.5745580712903973,0.0,-0.17286737011248404
5,75.0,160.0,10.0,123,2032190905,0.525441928709597,0.0,-0.17286737011248404
5,75.0,160.0,10.0,124,2032190905,-0.7745580712903859,0.0,0.3271326298875167
5,75.0,160.0,10.0,125,2032190905,-0.47455807129040295,0.0,-0.17286737011248404
5,75.0,160.0,10.0,126,2032190905,-0.3745580712903802,0.0,-0.17286737011248404
5,75.0,160.0,10.0,127,2032190905,-0.07455807129039727,-0.49999999999999434,0.3271326298875167
5,75.0,160.0,10.0,128,2032190905,-0.2745580712903859,0.0,-0.17286737011248404
5,75.0,160.0,10.0,129,2032190905,0.6254419287096198,0.0,-0.17286737011248404
5,75.0,160.0,10.0,130,2032190905,-0.3745580712903802,0.0,0.3271326298875167
5,75.0,160.0,10.0,131,2032190905,0.42544192870960273,-0.49999999999999434,-0.17286737011248404
5,75.0,160.0,10.0,132,2032190905,-0.07455807129039727,0.0,-0.17286737011248404
5,75.0,160.0,10.0,133,2032190905,0.3254419287096084,0.49999999999999434,-0.17286737011248404
5,75.0,160.0,10.0,134,2032190905,0.2254419287096141,0.0,-0.17286737011248404
5,75.0,160.0,10.0,135,2032190905,0.3254419287096084,0.0,0.3271326298875167
5,75.0,160.0,10.0,136,2032190905,-0.47455807129040295,0.0,-0.17286737011248404
5,75.0,160.0,10.0,137,2032190905,-0.17455807129039158,0.0,0.3271326298875167
5,75.0,160.0,10.0,138,2032190905,0.02544192870959705,0.0,0.3271326298875167
5,75.0,160.0,10.0,139,2032190905,0.3254419287096084,0.0,-0.17286737011248404
5,75.0,160.0,10.0,140,2032190905,0.7254419287096141,0.49999999999999434,-0.17286737011248404
5,75.0,160.0,10.0,141,2032190905,0.2254419287096141,0.0,-0.17286737011248404
5,75.0,160.0,10.0,142,2032190905,0.1254419287096198,0.49999999999999434,-0.17286737011248404
5,75.0,160.0,10.0,143,2032190905,0.6254419287096198,0.0,-0.17286737011248404
5,75.0,160.0,10.0,144,2032190905,0.3254419287096084,0.0,0.3271326298875167
5,75.0,160.0,10.0,145,2032190905,0.02544192870959705,0.0,-0.17286737011248404
5,75.0,160.0,10.0,146,2032190905,0.7254419287096141,0.0,-0.17286737011248404
5,75.0,160.0,10.0,147,2032190905,0.42544192870960273,0.0,-0.17286737011248404
5,75.0,160.0,10.0,148,2032190905,-0.47455807129040295,0.49999999999999434,-0.17286737011248404
5,75.0,160.0,10.0,149,2032190905,0.42544192870960273,0.0,-0.17286737011248404
5,75.0,160.0,10.0,150,2032190905,-0.5745580712903973,0.49999999999999434,0.3271326298875167
5,75.0,160.0,10.0,151,2032190905,-0.7745580712903859,0.0,-0.17286737011248404
5,75.0,160.0,10.0,152,2032190905,-0.2745580712903859,0.0,-0.17286737011248404
5,75.0,160.0,10.0,153,2032190905,-0.07455807129039727,0.0,0.3271326298875167
5,75.0,160.0,10.0,154,2032190905,0.3254419287096084,0.0,0.3271326298875167
5,75.0,160.0,10.0,155,2032190905,0.3254419287096084,0.0,-0.17286737011248404
5,75.0,160.0,10.0,156,2032190905,-0.17455807129039158,0.0,-0.17286737011248404
5,75.0,160.0,10.0,157,2032190905,-0.6745580712903916,0.0,-0.17286737011248404
5,75.0,160.0,10.0,158,2032190905,-0.07455807129039727,0.0,-0.17286737011248404
5,75.0,160.0,10.0,159,2032190905,-0.07455807129039727,0.0,-0.17286737011248404
5,75.0,160.0,10.0,160,2032190905,0.3254419287096084,0.0,-0.17286737011248404
5,75.0,160.0,10.0,161,2032190905,-0.3745580712903802,0.0,-0.17286737011248404
5,75.0,160.0,10.0,162,2032190905,-0.3745580712903802,0.0,-0.17286737011248404
5,75.0,160.0,10.0,163,2032190905,-0.3745580712903802,-0.49999999999999434,-0.17286737011248404
5,75.0,160.0,10.0,164,2032190905,-0.47455807129040295,0.0,-0.17286737011248404
5,75.0,160.0,10.0,165,2032190905,0.42544192870960273,0.0,-0.17286737011248404
5,75.0,160.0,10.0,166,2032190905,0.6254419287096198,0.0,-0.17286737011248404
5,75.0,160.0,10.0,167,2032190905,-0.07455807129039727,0.0,-0.6728673701124815
5,75.0,160.0,10.0,168,2032190905,-0.2745580712903859,0.0,0.3271326298875167
5,75.0,160.0,10.0,169,2032190905,0.02544192870959705,0.0,-0.17286737011248404
5,75.0,160.0,10.0,170,2032190905,0.02544192870959705,0.0,0.3271326298875167
5,75.0,160.0,10.0,171,2032190905,0.2254419287096141,0.0,0.3271326298875167
5,75.0,160.0,10.0,172,2032190905,-0.6745580712903916,0.0,-0.17286737011248404
5,75.0,160.0,10.0,173,2032190905,0.02544192870959705,0.0,-0.17286737011248404
5,75.0,160.0,10.0,174,2032190905,0.2254419287096141,0.0,0.3271326298875167
5,75.0,160.0,10.0,175,2032190905,-0.5745580712903973,0.0,0.3271326298875167
5,75.0,160.0,10.0,176,2032190905,0.1254419287096198,0.0,0.3271326298875167
5,75.0,160.0,10.0,177,2032190905,0.3254419287096084,-0.49999999999999434,-0.17286737011248404
5,75.0,160.0,10.0,178,2032190905,0.3254419287096084,0.0,-0.17286737011248404
5,75.0,160.0,10.0,179,2032190905,-0.3745580712903802,0.49999999999999434,0.3271326298875167
5,75.0,160.0,10.0,180,2032190905,-0.5745580712903973,0.0,-0.17286737011248404
5,75.0,160.0,10.0,181,2032190905,0.1254419287096198,0.0,-0.17286737011248404
5,75.0,160.0,10.0,182,2032190905,-0.07455807129039727,0.0,0.3271326298875167
5,75.0,160.0,10.0,183,2032190905,0.3254419287096084,-0.49999999999999434,0.3271326298875167
5,75.0,160.0,10.0,184,2032190905,-0.3745580712903802,0.0,-0.17286737011248404
5,75.0,160.0,10.0,185,2032190905,0.42544192870960273,0.0,-0.17286737011248404
5,75.0,160.0,10.0,186,2032190905,-0.3745580712903802,-0.49999999999999434,0.3271326298875167
5,75.0,160.0,10.0,187,2032190905,0.525441928709597,0.0,-0.17286737011248404
5,75.0,160.0,10.0,188,2032190905,-0.47455807129040295,0.0,-0.17286737011248404
5,75.0,160.0,10.0,189,2032190905,1.025441928709597,0.0,0.3271326298875167
5,75.0,160.0,10.0,190,2032190905,-0.17455807129039158,0.0,-0.17286737011248404
5,75.0,160.0,10.0,191,2032190905,-0.17455807129039158,0.0,0.3271326298875167
5,75.0,160.0,10.0,192,2032190905,-1.3745580712903802,0.0,-0.17286737011248404
5,75.0,160.0,10.0,193,2032190905,-0.47455807129040295,0.0,-0.17286737011248404
5,75.0,160.0,10.0,194,2032190905,0.02544192870959705,0.0,0.3271326298875167
5,75.0,160.0,10.0,195,2032190905,-0.9745580712903745,0.0,0.3271326298875167
5,75.0,160.0,10.0,196,2032190905,0.525441928709597,0.0,-0.17286737011248404
5,75.0,160.0,10.0,197,2032190905,-0.07455807129039727,0.0,0.3271326298875167
5,75.0,160.0,10.0,198,2032190905,0.3254419287096084,0.0,-0.17286737011248404
5,75.0,160.0,10.0,199,2032190905,-0.2745580712903859,0.0,-0.17286737011248404
6,105.0,200.0,-15.0,0,2032191000,-152.59380542101974,53.49999999999998,30.638435179729203
6,105.0,200.0,-15.0,1,2032191000,23.606194578979654,-90.0,-92.8615648202708
6,105.0,200.0,-15.0,2,2032191000,7.606194578979711,-2.4999999999999973,2.138435179729203
6,105.0,200.0,-15.0,3,2032191000,-203.69380542101953,-48.499999999999986,6.638435179729203
6,105.0,200.0,-15.0,4,2032191000,-186.1938054210196,-61.0,-62.8615648202708
6,105.0,200.0,-15.0,5,2032191000,8.206194578979705,-2.9999999999999916,5.138435179729201
6,105.0,200.0,-15.0,6,2032191000,-3.0938054210202495,0.49999999999999434,3.638435179729199
6,105.0,200.0,-15.0,7,2032191000,2.0061945789797164,0.0,7.138435179729197
6,105.0,200.0,-15.0,8,2032191000,-44.6938054210201,-62.50000000000001,-27.3615648202708
6,105.0,200.0,-15.0,9,2032191000,-133.8938054210198,-54.999999999999986,5.138435179729201
6,105.0,200.0,-15.0,10,2032191000,-194.99380542101957,90.0,10.638435179729202
6,105.0,200.0,-15.0,11,2032191000,-62.09380542102005,44.50000000000001,-38.3615648202708
6,105.0,200.0,-15.0,12,2032191000,-161.9938054210197,-17.00000000000001,-3.8615648202707993
6,105.0,200.0,-15.0,13,2032191000,-4.693805421020244,-6.500000000000003,3.638435179729199
6,105.0,200.0,-15.0,14,2032191000,13.106194578979682,6.000000000000009,6.1384351797292025
6,105.0,200.0,-15.0,15,2032191000,-0.39380542102026084,-6.000000000000009,-1.8615648202707995
6,105.0,200.0,-15.0,16,2032191000,-175.59380542101965,58.99999999999999,9.638435179729202
6,105.0,200.0,-15.0,17,2032191000,12.3061945789797,0.49999999999999434,-14.361564820270802
6,105.0,200.0,-15.0,18,2032191000,18.206194578979677,-3.500000000000011,-20.8615648202708
6,105.0,200.0,-15.0,19,2032191000,-201.19380542101956,-31.000000000000007,-6.361564820270799
6,105.0,200.0,-15.0,20,2032191000,0.5061945789797164,2.4999999999999973,3.138435179729198
6,105.0,200.0,-15.0,21,2032191000,1.2061945789797335,1.5000000000000084,-1.8615648202707995
6,105.0,200.0,-15.0,22,2032191000,-1.9938054210202552,-2.4999999999999973,0.13843517972920016
6,105.0,200.0,-15.0,23,2032191000,0.7061945789797335,2.0000000000000027,-2.3615648202708
6,105.0,200.0,-15.0,24,2032191000,-208.79380542101953,90.0,-73.3615648202708
6,105.0,200.0,-15.0,25,2032191000,8.3061945789797,7.499999999999991,-1.3615648202707988
6,105.0,200.0,-15.0,26,2032191000,-194.99380542101957,-14.500000000000014,-12.861564820270798
6,105.0,200.0,-15.0,27,2032191000,24.806194578979643,-2.0000000000000027,-36.8615648202708
6,105.0,200.0,-15.0,28,2032191000,24.806194578979643,-36.49999999999999,-36.3615648202708
6,105.0,200.0,-15.0,29,2032191000,-75.99380542102,15.500000000000004,-46.8615648202708
6,105.0,200.0,-15.0,30,2032191000,-202.79380542101956,39.499999999999986,-13.8615648202708
6,105.0,200.0,-15.0,31,2032191000,-8.393805421020232,-2.4999999999999973,-1.8615648202707995
6,105.0,200.0,-15.0,32,2032191000,5.606194578979711,6.999999999999997,0.13843517972920016
6,105.0,200.0,-15.0,33,2032191000,-212.5938054210195,90.0,21.6384351797292
6,105.0,200.0,-15.0,34,2032191000,-104.4938054210199,-90.0,-54.8615648202708
6,105.0,200.0,-15.0,35,2032191000,-59.89380542102006,80.49999999999999,-46.3615648202708
6,105.0,200.0,-15.0,36,2032191000,-60.993805421020056,17.00000000000001,-20.8615648202708
6,105.0,200.0,-15.0,37,2032191000,-195.59380542101957,-90.0,-35.3615648202708
6,105.0,200.0,-15.0,38,2032191000,-194.89380542101958,-40.99999999999999,5.638435179729202
6,105.0,200.0,-15.0,39,2032191000,-112.99380542101987,14.500000000000014,-63.8615648202708
6,105.0,200.0,-15.0,40,2032191000,-7.393805421020232,-4.000000000000005,0.13843517972920016
6,105.0,200.0,-15.0,41,2032191000,-83.89380542101998,-42.00000000000001,-85.36156482027081
6,105.0,200.0,-15.0,42,2032191000,-142.69380542101976,29.999999999999993,-57.86156482027079
6,105.0,200.0,-15.0,43,2032191000,-89.29380542101995,36.0,-16.3615648202708
6,105.0,200.0,-15.0,44,2032191000,-146.99380542101974,-58.00000000000001,-47.3615648202708
6,105.0,200.0,-15.0,45,2032191000,-151.69380542101973,-87.5,-28.3615648202708
6,105.0,200.0,-15.0,46,2032191000,-127.29380542101981,-34.49999999999999,-50.8615648202708
6,105.0,200.0,-15.0,47,2032191000,11.406194578979694,-13.999999999999995,-4.8615648202708
6,105.0,200.0,-15.0,48,2032191000,-39.093805421020136,65.00000000000003,28.638435179729203
6,105.0,200.0,-15.0,49,2032191000,-172.49380542101966,90.0,-90.3615648202708
6,105.0,200.0,-15.0,50,2032191000,0.7061945789797335,-0.9999999999999887,-2.3615648202708
6,105.0,200.0,-15.0,51,2032191000,-132.79380542101978,84.49999999999999,-70.8615648202708
6,105.0,200.0,-15.0,52,2032191000,-59.39380542102006,-5.4999999999999885,-30.361564820270797
6,105.0,200.0,-15.0,53,2032191000,-50.1938054210201,-59.999999999999986,-7.361564820270801
6,105.0,200.0,-15.0,54,2032191000,-33.79380542102015,-85.0,-43.8615648202708
6,105.0,200.0,-15.0,55,2032191000,1.6061945789797107,-2.0000000000000027,-1.3615648202707988
6,105.0,200.0,-15.0,56,2032191000,-130.7938054210198,60.5,-2.3615648202708
6,105.0,200.0,-15.0,57,2032191000,-100.59380542101991,-49.5,-7.361564820270801
6,105.0,200.0,-15.0,58,2032191000,-193.59380542101957,73.50000000000001,-20.8615648202708
6,105.0,200.0,-15.0,59,2032191000,-58.19380542102007,9.0,-36.3615648202708
6,105.0,200.0,-15.0,60,2032191000,-174.79380542101964,2.0000000000000027,-74.8615648202708
6,105.0,200.0,-15.0,61,2032191000,20.00619457897966,18.99999999999999,1.6384351797292023
6,105.0,200.0,-15.0,62,2032191000,-112.79380542101987,-27.99999999999999,24.638435179729203
6,105.0,200.0,-15.0,63,2032191000,-0.09380542102027789,1.5000000000000084,-1.8615648202707995
6,105.0,200.0,-15.0,64,2032191000,1.906194578979722,0.9999999999999887,7.638435179729198
6,105.0,200.0,-15.0,65,2032191000,24.806194578979643,-55.50000000000001,-26.3615648202708
6,105.0,200.0,-15.0,66,2032191000,-104.39380542101989,-20.499999999999996,-50.8615648202708
6,105.0,200.0,-15.0,67,2032191000,-105.89380542101989,43.49999999999999,-14.861564820270802
6,105.0,200.0,-15.0,68,2032191000,-0.49380542102025515,1.5000000000000084,3.638435179729199
6,105.0,200.0,-15.0,69,2032191000,-59.89380542102006,48.499999999999986,-5.361564820270801
6,105.0,200.0,-15.0,70,2032191000,4.106194578979711,0.0,-3.8615648202707993
6,105.0,200.0,-15.0,71,2032191000,-120.39380542101983,18.0,-21.8615648202708
6,105.0,200.0,-15.0,72,2032191000,-8.193805421020244,0.9999999999999887,1.1384351797292016
6,105.0,200.0,-15.0,73,2032191000,-176.39380542101964,58.00000000000001,-22.3615648202708
6,105.0,200.0,-15.0,74,2032191000,-122.49380542101983,16.499999999999993,-64.8615648202708
6,105.0,200.0,-15.0,75,2032191000,-36.39380542102015,-90.0,33.6384351797292
6,105.0,200.0,-15.0,76,2032191000,-41.293805421020124,36.49999999999999,11.138435179729203
6,105.0,200.0,-15.0,77,2032191000,6.706194578979705,-5.4999999999999885,3.638435179729199
6,105.0,200.0,-15.0,78,2032191000,-173.19380542101965,-18.0,-55.8615648202708
6,105.0,200.0,-15.0,79,2032191000,-176.79380542101964,26.500000000000007,-92.36156482027081
6,105.0,200.0,-15.0,80,2032191000,-215.1938054210195,34.0,-17.3615648202708
6,105.0,200.0,-15.0,81,2032191000,-9.993805421020227,10.500000000000009,-4.8615648202708
6,105.0,200.0,-15.0,82,2032191000,-3.193805421020244,4.999999999999995,0.13843517972920016
6,105.0,200.0,-15.0,83,2032191000,-61.693805421020045,-29.000000000000004,-11.8615648202708
6,105.0,200.0,-15.0,84,2032191000,-15.79380542102021,-56.0,-48.86156482027081
6,105.0,200.0,-15.0,85,2032191000,-105.0938054210199,31.999999999999993,-12.861564820270798
6,105.0,200.0,-15.0,86,2032191000,3.2061945789797335,4.000000000000005,-5.361564820270801
6,105.0,200.0,-15.0,87,2032191000,-173.19380542101965,-90.0,-77.8615648202708
6,105.0,200.0,-15.0,88,2032191000,19.106194578979654,16.499999999999993,5.138435179729201
6,105.0,200.0,-15.0,89,2032191000,-4.2938054210202665,-0.9999999999999887,0.6384351797292008
6,105.0,200.0,-15.0,90,2032191000,-2.2938054210202665,6.999999999999997,5.138435179729201
6,105.0,200.0,-15.0,91,2032191000,3.306194578979728,2.9999999999999916,0.13843517972920016
6,105.0,200.0,-15.0,92,2032191000,2.2061945789797335,-0.49999999999999434,1.1384351797292016
6,105.0,200.0,-15.0,93,2032191000,-11.593805421020221,10.500000000000009,-38.3615648202708
6,105.0,200.0,-15.0,94,2032191000,-47.6938054210201,-2.0000000000000027,-59.3615648202708
6,105.0,200.0,-15.0,95,2032191000,-214.0938054210195,-15.500000000000004,-43.8615648202708
6,105.0,200.0,-15.0,96,2032191000,-81.89380542101998,-48.499999999999986,-20.3615648202708
6,105.0,200.0,-15.0,97,2032191000,5.206194578979705,6.500000000000003,-3.3615648202707984
6,105.0,200.0,-15.0,98,2032191000,-123.09380542101984,10.500000000000009,-30.8615648202708
6,105.0,200.0,-15.0,99,2032191000,-29.19380542102016,70.49999999999999,-36.8615648202708
6,105.0,200.0,-15.0,100,2032191000,-24.893805421020176,8.00000000000001,-23.8615648202708
6,105.0,200.0,-15.0,101,2032191000,-213.49380542101952,-21.50000000000001,-7.861564820270802
6,105.0,200.0,-15.0,102,2032191000,-34.69380542102016,-90.0,-71.8615648202708
6,105.0,200.0,-15.0,103,2032191000,-125.09380542101982,-90.0,-2.861564820270801
6,105.0,200.0,-15.0,104,2032191000,-9.993805421020227,-8.500000000000005,1.1384351797292016
6,105.0,200.0,-15.0,105,2032191000,-148.09380542101974,25.499999999999993,-17.3615648202708
6,105.0,200.0,-15.0,106,2032191000,-55.09380542102008,-31.999999999999993,-90.8615648202708
6,105.0,200.0,-15.0,107,2032191000,3.406194578979722,-6.500000000000003,-0.36156482027080056
6,105.0,200.0,-15.0,108,2032191000,-186.9938054210196,-40.00000000000001,-26.8615648202708
6,105.0,200.0,-15.0,109,2032191000,-3.493805421020255,8.00000000000001,-1.3615648202707988
6,105.0,200.0,-15.0,110,2032191000,24.806194578979643,-36.999999999999986,-51.3615648202708
6,105.0,200.0,-15.0,111,2032191000,-57.19380542102007,15.000000000000009,10.638435179729202
6,105.0,200.0,-15.0,112,2032191000,-21.4938054210202,44.000000000000014,47.63843517972921
6,105.0,200.0,-15.0,113,2032191000,-169.79380542101967,9.99999999999999,11.138435179729203
6,105.0,200.0,-15.0,114,2032191000,24.806194578979643,-4.5,2.638435179729197
6,105.0,200.0,-15.0,115,2032191000,20.50619457897966,11.499999999999996,6.638435179729203
6,105.0,200.0,-15.0,116,2032191000,-193.1938054210196,-20.000000000000004,-19.3615648202708
6,105.0,200.0,-15.0,117,2032191000,-35.79380542102015,4.5,-73.3615648202708
6,105.0,200.0,-15.0,118,2032191000,-28.19380542102016,42.00000000000001,12.638435179729198
6,105.0,200.0,-15.0,119,2032191000,-1.593805421020278,0.0,-1.3615648202707988
6,105.0,200.0,-15.0,120,2032191000,-1.9938054210202552,1.5000000000000084,0.13843517972920016
6,105.0,200.0,-15.0,121,2032191000,-43.293805421020124,-63.0,-24.3615648202708
6,105.0,200.0,-15.0,122,2032191000,-2.5938054210202495,-3.500000000000011,5.138435179729201
6,105.0,200.0,-15.0,123,2032191000,-203.29380542101956,-31.999999999999993,-42.8615648202708
6,105.0,200.0,-15.0,124,2032191000,-180.69380542101962,28.500000000000007,-42.3615648202708
6,105.0,200.0,-15.0,125,2032191000,-208.49380542101954,26.00000000000001,-4.3615648202708
6,105.0,200.0,-15.0,126,2032191000,22.00619457897966,-11.999999999999991,-43.36156482027081
6,105.0,200.0,-15.0,127,2032191000,-0.49380542102025515,-2.0000000000000027,-1.8615648202707995
6,105.0,200.0,-15.0,128,2032191000,1.2061945789797335,0.0,-3.8615648202707993
6,105.0,200.0,-15.0,129,2032191000,-168.99380542101966,60.99999999999997,-6.361564820270799
6,105.0,200.0,-15.0,130,2032191000,-90.29380542101995,17.500000000000007,-70.8615648202708
6,105.0,200.0,-15.0,131,2032191000,-138.39380542101978,20.000000000000004,31.638435179729207
6,105.0,200.0,-15.0,132,2032191000,-151.99380542101972,9.0,-55.8615648202708
6,105.0,200.0,-15.0,133,2032191000,1.6061945789797107,0.49999999999999434,-4.3615648202708
6,105.0,200.0,-15.0,134,2032191000,-208.99380542101952,-90.0,-83.36156482027081
6,105.0,200.0,-15.0,135,2032191000,-179.29380542101964,34.0,-62.36156482027079
6,105.0,200.0,-15.0,136,2032191000,-40.89380542102012,-42.00000000000001,-88.8615648202708
6,105.0,200.0,-15.0,137,2032191000,-213.1938054210195,0.0,-17.3615648202708
6,105.0,200.0,-15.0,138,2032191000,-132.5938054210198,22.999999999999993,-2.3615648202708
6,105.0,200.0,-15.0,139,2032191000,5.006194578979716,-5.4999999999999885,4.1384351797292
6,105.0,200.0,-15.0,140,2032191000,-5.993805421020255,-6.999999999999997,0.13843517972920016
6,105.0,200.0,-15.0,141,2032191000,-53.493805421020085,-90.0,-66.86156482027079
6,105.0,200.0,-15.0,142,2032191000,-211.19380542101953,-58.99999999999999,-65.36156482027081
6,105.0,200.0,-15.0,143,2032191000,-20.9938054210202,-3.500000000000011,-10.8615648202708
6,105.0,200.0,-15.0,144,2032191000,0.10619457897973916,-2.9999999999999916,2.638435179729197
6,105.0,200.0,-15.0,145,2032191000,-118.39380542101985,31.000000000000007,27.1384351797292
6,105.0,200.0,-15.0,146,2032191000,-27.593805421020164,52.00000000000002,-53.36156482027081
6,105.0,200.0,-15.0,147,2032191000,-43.49380542102011,27.0,4.1384351797292
6,105.0,200.0,-15.0,148,2032191000,-94.59380542101994,-67.5,-28.861564820270804
6,105.0,200.0,-15.0,149,2032191000,-1.1938054210202722,-2.0000000000000027,-1.3615648202707988
6,105.0,200.0,-15.0,150,2032191000,-44.293805421020124,63.0,-9.861564820270802
6,105.0,200.0,-15.0,151,2032191000,3.6061945789797107,2.9999999999999916,5.138435179729201
6,105.0,200.0,-15.0,152,2032191000,-10.593805421020221,3.500000000000011,7.638435179729198
6,105.0,200.0,-15.0,153,2032191000,-113.49380542101987,-34.49999999999999,-15.8615648202708
6,105.0,200.0,-15.0,154,2032191000,-181.89380542101964,64.50000000000001,-69.86156482027081
6,105.0,200.0,-15.0,155,2032191000,-21.093805421020193,-56.5,44.13843517972921
6,105.0,200.0,-15.0,156,2032191000,-167.59380542101968,-18.499999999999993,5.138435179729201
6,105.0,200.0,-15.0,157,2032191000,-121.99380542101983,17.500000000000007,-66.3615648202708
6,105.0,200.0,-15.0,158,2032191000,-215.1938054210195,-22.999999999999993,-39.8615648202708
6,105.0,200.0,-15.0,159,2032191000,-4.5938054210202495,2.0000000000000027,-2.3615648202708
6,105.0,200.0,-15.0,160,2032191000,-51.293805421020096,4.000000000000005,-10.8615648202708
6,105.0,200.0,-15.0,161,2032191000,-156.49380542101972,79.49999999999999,-8.361564820270798
6,105.0,200.0,-15.0,162,2032191000,-137.99380542101977,-63.999999999999986,-18.8615648202708
6,105.0,200.0,-15.0,163,2032191000,-51.09380542102008,-90.0,2.638435179729197
6,105.0,200.0,-15.0,164,2032191000,-69.29380542102001,20.499999999999996,-42.3615648202708
6,105.0,200.0,-15.0,165,2032191000,-180.2938054210196,11.000000000000004,-23.8615648202708
6,105.0,200.0,-15.0,166,2032191000,-103.4938054210199,-15.500000000000004,-28.3615648202708
6,105.0,200.0,-15.0,167,2032191000,-177.59380542101962,30.499999999999986,-36.3615648202708
6,105.0,200.0,-15.0,168,2032191000,15.206194578979677,-52.49999999999999,4.1384351797292
6,105.0,200.0,-15.0,169,2032191000,-38.39380542102012,-28.500000000000007,-56.3615648202708
6,105.0,200.0,-15.0,170,2032191000,-133.79380542101978,-63.50000000000002,-55.8615648202708
6,105.0,200.0,-15.0,171,2032191000,-51.19380542102007,16.499999999999993,-9.3615648202708
6,105.0,200.0,-15.0,172,2032191000,-134.1938054210198,-40.5,-36.3615648202708
6,105.0,200.0,-15.0,173,2032191000,-41.19380542102013,-32.500000000000014,5.638435179729202
6,105.0,200.0,-15.0,174,2032191000,-52.493805421020085,0.9999999999999887,-64.3615648202708
6,105.0,200.0,-15.0,175,2032191000,3.806194578979728,-0.9999999999999887,2.638435179729197
6,105.0,200.0,-15.0,176,2032191000,-153.19380542101973,67.49999999999997,-102.3615648202708
6,105.0,200.0,-15.0,177,2032191000,-116.39380542101986,24.000000000000007,-18.3615648202708
6,105.0,200.0,-15.0,178,2032191000,-48.293805421020096,-17.00000000000001,-15.8615648202708
6,105.0,200.0,-15.0,179,2032191000,-26.593805421020164,90.0,-93.86156482027079
6,105.0,200.0,-15.0,180,2032191000,-105.99380542101989,31.999999999999993,31.1384351797292
6,105.0,200.0,-15.0,181,2032191000,-98.99380542101991,-19.500000000000007,-7.361564820270801
6,105.0,200.0,-15.0,182,2032191000,1.1061945789797392,0.9999999999999887,-1.3615648202707988
6,105.0,200.0,-15.0,183,2032191000,-44.793805421020096,-21.50000000000001,4.6384351797292
6,105.0,200.0,-15.0,184,2032191000,-150.19380542101973,-34.0,-58.86156482027081
6,105.0,200.0,-15.0,185,2032191000,24.806194578979643,-14.500000000000014,17.1384351797292
6,105.0,200.0,-15.0,186,2032191000,-13.093805421020221,19.500000000000007,28.638435179729203
6,105.0,200.0,-15.0,187,2032191000,11.106194578979682,-63.999999999999986,-55.8615648202708
6,105.0,200.0,-15.0,188,2032191000,-194.89380542101958,26.500000000000007,-26.3615648202708
6,105.0,200.0,-15.0,189,2032191000,-12.993805421020227,24.000000000000007,-88.8615648202708
6,105.0,200.0,-15.0,190,2032191000,-156.39380542101972,7.499999999999991,-7.861564820270802
6,105.0,200.0,-15.0,191,2032191000,-41.293805421020124,42.00000000000001,-17.3615648202708
6,105.0,200.0,-15.0,192,2032191000,-89.89380542101995,-17.500000000000007,-74.36156482027081
6,105.0,200.0,-15.0,193,2032191000,-50.59380542102008,18.499999999999993,-40.8615648202708
6,105.0,200.0,-15.0,194,2032191000,-213.39380542101952,-40.5,-57.86156482027079
6,105.0,200.0,-15.0,195,2032191000,-0.09380542102027789,4.000000000000005,-1.8615648202707995
6,105.0,200.0,-15.0,196,2032191000,-47.993805421020085,-54.0,-47.86156482027081
6,105.0,200.0,-15.0,197,2032191000,-117.39380542101985,-30.499999999999986,-98.36156482027079
6,105.0,200.0,-15.0,198,2032191000,-44.1938054210201,36.49999999999999,11.638435179729198
6,105.0,200.0,-15.0,199,2032191000,24.606194578979654,34.0,-52.36156482027081
6,105.0,200.0,-10.0,0,2032191001,-0.5938054210202779,2.9999999999999916,1.6384351797292023
6,105.0,200.0,-10.0,1,2032191001,-114.19380542101986,7.499999999999991,-44.36156482027081
6,105.0,200.0,-10.0,2,2032191001,4.006194578979716,0.49999999999999434,-0.36156482027080056
6,105.0,200.0,-10.0,3,2032191001,0.006194578979744847,0.0,-1.8615648202707995
6,105.0,200.0,-10.0,4,2032191001,1.6061945789797107,0.9999999999999887,1.1384351797292016
6,105.0,200.0,-10.0,5,2032191001,-61.09380542102005,-90.0,28.1384351797292
6,105.0,200.0,-10.0,6,2032191001,-3.693805421020244,0.49999999999999434,1.1384351797292016
6,105.0,200.0,-10.0,7,2032191001,-13.993805421020227,-2.0000000000000027,-6.8615648202708
6,105.0,200.0,-10.0,8,2032191001,-115.89380542101986,85.49999999999997,-74.8615648202708
6,105.0,200.0,-10.0,9,2032191001,4.706194578979705,-2.0000000000000027,2.138435179729203
6,105.0,200.0,-10.0,10,2032191001,1.2061945789797335,0.49999999999999434,-1.3615648202707988
6,105.0,200.0,-10.0,11,2032191001,-9.693805421020244,-0.9999999999999887,-3.3615648202707984
6,105.0,200.0,-10.0,12,2032191001,-96.29380542101993,2.4999999999999973,-30.361564820270797
6,105.0,200.0,-10.0,13,2032191001,-112.79380542101987,8.00000000000001,-5.361564820270801
6,105.0,200.0,-10.0,14,2032191001,-3.693805421020244,-2.0000000000000027,-3.8615648202707993
6,105.0,200.0,-10.0,15,2032191001,-1.3938054210202608,-2.0000000000000027,2.138435179729203
6,105.0,200.0,-10.0,16,2032191001,-139.79380542101978,90.0,5.138435179729201
6,105.0,200.0,-10.0,17,2032191001,2.906194578979722,4.000000000000005,-4.3615648202708
6,105.0,200.0,-10.0,18,2032191001,-87.09380542101997,23.500000000000014,-50.3615648202708
6,105.0,200.0,-10.0,19,2032191001,-211.79380542101953,-63.999999999999986,-34.36156482027081
6,105.0,200.0,-10.0,20,2032191001,-1.8938054210202608,-1.5000000000000084,-0.8615648202708013
6,105.0,200.0,-10.0,21,2032191001,6.306194578979699,-4.000000000000005,-0.8615648202708013
6,105.0,200.0,-10.0,22,2032191001,-145.29380542101975,2.4999999999999973,13.1384351797292
6,105.0,200.0,-10.0,23,2032191001,-20.29380542102021,-16.499999999999993,34.6384351797292
6,105.0,200.0,-10.0,24,2032191001,-130.2938054210198,-54.0,18.1384351797292
6,105.0,200.0,-10.0,25,2032191001,0.5061945789797164,0.9999999999999887,-0.36156482027080056
6,105.0,200.0,-10.0,26,2032191001,0.5061945789797164,-0.9999999999999887,-2.3615648202708
6,105.0,200.0,-10.0,27,2032191001,3.5061945789797164,-0.49999999999999434,0.13843517972920016
6,105.0,200.0,-10.0,28,2032191001,-4.2938054210202665,-0.9999999999999887,0.13843517972920016
6,105.0,200.0,-10.0,29,2032191001,-64.19380542102004,-2.9999999999999916,28.638435179729203
6,105.0,200.0,-10.0,30,2032191001,0.6061945789797392,-2.0000000000000027,-0.8615648202708013
6,105.0,200.0,-10.0,31,2032191001,7.706194578979705,1.5000000000000084,4.6384351797292
6,105.0,200.0,-10.0,32,2032191001,-193.39380542101958,-18.499999999999993,-71.8615648202708
6,105.0,200.0,-10.0,33,2032191001,8.10619457897971,2.0000000000000027,1.1384351797292016
6,105.0,200.0,-10.0,34,2032191001,3.406194578979722,-2.9999999999999916,2.638435179729197
6,105.0,200.0,-10.0,35,2032191001,-65.79380542102004,17.500000000000007,4.6384351797292
6,105.0,200.0,-10.0,36,2032191001,-4.393805421020261,4.000000000000005,-0.8615648202708013
6,105.0,200.0,-10.0,37,2032191001,-0.8938054210202608,-0.49999999999999434,-0.36156482027080056
6,105.0,200.0,-10.0,38,2032191001,0.20619457897973348,-0.9999999999999887,2.138435179729203
6,105.0,200.0,-10.0,39,2032191001,1.906194578979722,-1.5000000000000084,-3.8615648202707993
6,105.0,200.0,-10.0,40,2032191001,-26.29380542102018,-6.500000000000003,-1.8615648202707995
6,105.0,200.0,-10.0,41,2032191001,-201.49380542101954,62.000000000000014,-78.3615648202708
6,105.0,200.0,-10.0,42,2032191001,-82.89380542101998,33.00000000000001,-2.861564820270801
6,105.0,200.0,-10.0,43,2032191001,-11.893805421020232,1.5000000000000084,-2.861564820270801
6,105.0,200.0,-10.0,44,2032191001,-209.5938054210195,-2.9999999999999916,3.138435179729198
6,105.0,200.0,-10.0,45,2032191001,1.1061945789797392,0.49999999999999434,-0.8615648202708013
6,105.0,200.0,-10.0,46,2032191001,0.4061945789797221,1.5000000000000084,-0.36156482027080056
6,105.0,200.0,-10.0,47,2032191001,-167.89380542101966,32.500000000000014,-73.8615648202708
6,105.0,200.0,-10.0,48,2032191001,3.706194578979705,-3.500000000000011,1.1384351797292016
6,105.0,200.0,-10.0,49,2032191001,-215.1938054210195,-90.0,-88.3615648202708
6,105.0,200.0,-10.0,50,2032191001,-183.7938054210196,67.49999999999997,-48.3615648202708
6,105.0,200.0,-10.0,51,2032191001,-3.393805421020261,2.0000000000000027,-0.8615648202708013
6,105.0,200.0,-10.0,52,2032191001,9.906194578979694,2.9999999999999916,0.13843517972920016
6,105.0,200.0,-10.0,53,2032191001,-6.693805421020244,-6.999999999999997,2.638435179729197
6,105.0,200.0,-10.0,54,2032191001,0.6061945789797392,2.0000000000000027,-1.3615648202707988
6,105.0,200.0,-10.0,55,2032191001,-10.793805421020238,0.9999999999999887,0.13843517972920016
6,105.0,200.0,-10.0,56,2032191001,6.906194578979694,-2.0000000000000027,-1.3615648202707988
6,105.0,200.0,-10.0,57,2032191001,-149.59380542101974,-65.0,-95.8615648202708
6,105.0,200.0,-10.0,58,2032191001,0.5061945789797164,-3.500000000000011,-0.36156482027080056
6,105.0,200.0,-10.0,59,2032191001,-114.99380542101986,-5.4999999999999885,-102.3615648202708
6,105.0,200.0,-10.0,60,2032191001,-128.0938054210198,59.500000000000014,-39.8615648202708
6,105.0,200.0,-10.0,61,2032191001,1.406194578979722,4.000000000000005,-1.8615648202707995
6,105.0,200.0,-10.0,62,2032191001,-0.9938054210202552,0.0,-2.861564820270801
6,105.0,200.0,-10.0,63,2032191001,-175.99380542101966,13.000000000000005,-54.8615648202708
6,105.0,200.0,-10.0,64,2032191001,-0.49380542102025515,2.0000000000000027,1.6384351797292023
6,105.0,200.0,-10.0,65,2032191001,-199.19380542101956,-31.999999999999993,10.638435179729202
6,105.0,200.0,-10.0,66,2032191001,-2.693805421020272,-0.49999999999999434,-2.3615648202708
6,105.0,200.0,-10.0,67,2032191001,-2.993805421020255,0.0,0.13843517972920016
6,105.0,200.0,-10.0,68,2032191001,-5.293805421020238,0.0,-0.8615648202708013
6,105.0,200.0,-10.0,69,2032191001,-2.493805421020255,0.0,-1.3615648202707988
6,105.0,200.0,-10.0,70,2032191001,1.7061945789797335,1.5000000000000084,0.13843517972920016
6,105.0,200.0,-10.0,71,2032191001,-2.7938054210202665,0.9999999999999887,-0.36156482027080056
6,105.0,200.0,-10.0,72,2032191001,-211.89380542101952,-83.0,-87.86156482027081
6,105.0,200.0,-10.0,73,2032191001,-120.49380542101984,-27.499999999999993,-10.8615648202708
6,105.0,200.0,-10.0,74,2032191001,3.2061945789797335,-1.5000000000000084,-1.3615648202707988
6,105.0,200.0,-10.0,75,2032191001,-145.69380542101976,60.5,-12.361564820270802
6,105.0,200.0,-10.0,76,2032191001,2.5061945789797164,-1.5000000000000084,-0.8615648202708013
6,105.0,200.0,-10.0,77,2032191001,-3.7938054210202665,1.5000000000000084,1.1384351797292016
6,105.0,200.0,-10.0,78,2032191001,-2.0938054210202495,1.5000000000000084,0.13843517972920016
6,105.0,200.0,-10.0,79,2032191001,-179.59380542101962,-45.49999999999999,-48.3615648202708
6,105.0,200.0,-10.0,80,2032191001,-3.2938054210202665,0.49999999999999434,-2.3615648202708
6,105.0,200.0,-10.0,81,2032191001,-181.09380542101962,52.00000000000002,35.6384351797292
6,105.0,200.0,-10.0,82,2032191001,-5.193805421020244,5.4999999999999885,1.1384351797292016
6,105.0,200.0,-10.0,83,2032191001,-13.193805421020215,-0.49999999999999434,-2.3615648202708
6,105.0,200.0,-10.0,84,2032191001,6.806194578979699,-1.5000000000000084,-0.36156482027080056
6,105.0,200.0,-10.0,85,2032191001,1.2061945789797335,1.5000000000000084,-2.3615648202708
6,105.0,200.0,-10.0,86,2032191001,-91.39380542101995,15.500000000000004,-31.8615648202708
6,105.0,200.0,-10.0,87,2032191001,-114.89380542101986,-49.99999999999999,-9.861564820270802
6,105.0,200.0,-10.0,88,2032191001,-126.89380542101982,-90.0,-46.8615648202708
6,105.0,200.0,-10.0,89,2032191001,2.7061945789797335,0.9999999999999887,0.6384351797292008
6,105.0,200.0,-10.0,90,2032191001,-163.1938054210197,31.5,-28.861564820270804
6,105.0,200.0,-10.0,91,2032191001,-31.893805421020147,-4.5,-5.361564820270801
6,105.0,200.0,-10.0,92,2032191001,5.606194578979711,2.0000000000000027,0.13843517972920016
6,105.0,200.0,-10.0,93,2032191001,6.606194578979711,-2.0000000000000027,1.6384351797292023
6,105.0,200.0,-10.0,94,2032191001,-0.7938054210202665,1.5000000000000084,0.6384351797292008
6,105.0,200.0,-10.0,95,2032191001,17.706194578979677,24.999999999999996,-98.36156482027079
6,105.0,200.0,-10.0,96,2032191001,3.5061945789797164,0.9999999999999887,-0.36156482027080056
6,105.0,200.0,-10.0,97,2032191001,4.406194578979722,-0.49999999999999434,-1.3615648202707988
6,105.0,200.0,-10.0,98,2032191001,2.0061945789797164,-2.4999999999999973,-1.8615648202707995
6,105.0,200.0,-10.0,99,2032191001,-3.7938054210202665,-3.500000000000011,0.13843517972920016
6,105.0,200.0,-10.0,100,2032191001,-12.993805421020227,-5.4999999999999885,-4.8615648202708
6,105.0,200.0,-10.0,101,2032191001,3.806194578979728,-0.49999999999999434,-1.3615648202707988
6,105.0,200.0,-10.0,102,2032191001,-194.39380542101958,27.0,-24.3615648202708
6,105.0,200.0,-10.0,103,2032191001,-3.5938054210202495,0.0,1.1384351797292016
6,105.0,200.0,-10.0,104,2032191001,3.406194578979722,1.5000000000000084,1.6384351797292023
6,105.0,200.0,-10.0,105,2032191001,-30.293805421020153,24.500000000000004,20.138435179729203
6,105.0,200.0,-10.0,106,2032191001,8.8061945789797,-4.5,0.13843517972920016
6,105.0,200.0,-10.0,107,2032191001,-145.39380542101975,8.00000000000001,-21.361564820270797
6,105.0,200.0,-10.0,108,2032191001,2.806194578979728,-1.5000000000000084,-1.3615648202707988
6,105.0,200.0,-10.0,109,2032191001,-2.993805421020255,-0.49999999999999434,0.6384351797292008
6,105.0,200.0,-10.0,110,2032191001,-5.5938054210202495,-1.5000000000000084,2.138435179729203
6,105.0,200.0,-10.0,111,2032191001,-3.7938054210202665,-2.4999999999999973,3.138435179729198
6,105.0,200.0,-10.0,112,2032191001,-177.19380542101965,-71.5,-59.3615648202708
6,105.0,200.0,-10.0,113,2032191001,4.206194578979705,2.4999999999999973,0.13843517972920016
6,105.0,200.0,-10.0,114,2032191001,-93.29380542101993,2.4999999999999973,-38.86156482027081
6,105.0,200.0,-10.0,115,2032191001,-1.3938054210202608,-0.49999999999999434,0.13843517972920016
6,105.0,200.0,-10.0,116,2032191001,-142.49380542101977,-90.0,13.6384351797292
6,105.0,200.0,-10.0,117,2032191001,2.2061945789797335,2.9999999999999916,-4.8615648202708
6,105.0,200.0,-10.0,118,2032191001,-33.49380542102014,0.49999999999999434,1.6384351797292023
6,105.0,200.0,-10.0,119,2032191001,-171.69380542101965,-83.5,-10.8615648202708
6,105.0,200.0,-10.0,120,2032191001,3.6061945789797107,-0.9999999999999887,0.6384351797292008
6,105.0,200.0,-10.0,121,2032191001,-92.79380542101993,7.499999999999991,-65.8615648202708
6,105.0,200.0,-10.0,122,2032191001,-19.893805421020204,90.0,-61.36156482027081
6,105.0,200.0,-10.0,123,2032191001,-1.8938054210202608,-1.5000000000000084,-2.861564820270801
6,105.0,200.0,-10.0,124,2032191001,4.206194578979705,-1.5000000000000084,-3.3615648202707984
6,105.0,200.0,-10.0,125,2032191001,0.9061945789797221,0.9999999999999887,3.138435179729198
6,105.0,200.0,-10.0,126,2032191001,-183.09380542101962,16.499999999999993,8.138435179729198
6,105.0,200.0,-10.0,127,2032191001,-2.2938054210202665,0.0,0.6384351797292008
6,105.0,200.0,-10.0,128,2032191001,-89.29380542101995,-38.99999999999999,-30.361564820270797
6,105.0,200.0,-10.0,129,2032191001,1.1061945789797392,-0.49999999999999434,0.6384351797292008
6,105.0,200.0,-10.0,130,2032191001,7.406194578979694,-2.9999999999999916,-0.8615648202708013
6,105.0,200.0,-10.0,131,2032191001,24.306194578979643,17.500000000000007,-19.3615648202708
6,105.0,200.0,-10.0,132,2032191001,2.806194578979728,0.49999999999999434,-0.8615648202708013
6,105.0,200.0,-10.0,133,2032191001,-1.8938054210202608,-0.49999999999999434,1.6384351797292023
6,105.0,200.0,-10.0,134,2032191001,-0.5938054210202779,1.5000000000000084,-1.8615648202707995
6,105.0,200.0,-10.0,135,2032191001,-0.39380542102026084,0.9999999999999887,-2.3615648202708
6,105.0,200.0,-10.0,136,2032191001,1.3061945789797278,2.4999999999999973,-0.36156482027080056
6,105.0,200.0,-10.0,137,2032191001,-133.5938054210198,90.0,-46.3615648202708
6,105.0,200.0,-10.0,138,2032191001,18.106194578979654,-27.0,-34.36156482027081
6,105.0,200.0,-10.0,139,2032191001,-1.093805421020278,0.49999999999999434,1.6384351797292023
6,105.0,200.0,-10.0,140,2032191001,-43.09380542102011,74.5,-53.36156482027081
6,105.0,200.0,-10.0,141,2032191001,-153.19380542101973,30.499999999999986,-21.361564820270797
6,105.0,200.0,-10.0,142,2032191001,7.906194578979694,0.49999999999999434,1.1384351797292016
6,105.0,200.0,-10.0,143,2032191001,-0.8938054210202608,0.49999999999999434,-1.8615648202707995
6,105.0,200.0,-10.0,144,2032191001,2.6061945789797107,1.5000000000000084,-1.3615648202707988
6,105.0,200.0,-10.0,145,2032191001,24.806194578979643,-14.500000000000014,-41.3615648202708
6,105.0,200.0,-10.0,146,2032191001,-26.693805421020187,-90.0,-61.8615648202708
6,105.0,200.0,-10.0,147,2032191001,-182.09380542101962,-76.5,-15.8615648202708
6,105.0,200.0,-10.0,148,2032191001,-1.093805421020278,0.0,-0.8615648202708013
6,105.0,200.0,-10.0,149,2032191001,-0.39380542102026084,-2.9999999999999916,0.6384351797292008
6,105.0,200.0,-10.0,150,2032191001,2.1061945789797107,3.500000000000011,-1.8615648202707995
6,105.0,200.0,-10.0,151,2032191001,-130.19380542101982,43.0,-37.8615648202708
6,105.0,200.0,-10.0,152,2032191001,-0.1938054210202722,0.49999999999999434,1.6384351797292023
6,105.0,200.0,-10.0,153,2032191001,-1.7938054210202665,-2.4999999999999973,-0.8615648202708013
6,105.0,200.0,-10.0,154,2032191001,-170.19380542101965,-68.5,-48.86156482027081
6,105.0,200.0,-10.0,155,2032191001,-191.5938054210196,42.5,-55.3615648202708
6,105.0,200.0,-10.0,156,2032191001,4.306194578979728,-0.49999999999999434,-1.8615648202707995
6,105.0,200.0,-10.0,157,2032191001,-103.3938054210199,25.499999999999993,1.6384351797292023
6,105.0,200.0,-10.0,158,2032191001,-135.79380542101978,-10.500000000000009,-12.861564820270798
6,105.0,200.0,-10.0,159,2032191001,-109.19380542101987,90.0,-69.86156482027081
6,105.0,200.0,-10.0,160,2032191001,-0.49380542102025515,-0.49999999999999434,1.6384351797292023
6,105.0,200.0,-10.0,161,2032191001,-22.193805421020187,-40.5,-37.8615648202708
6,105.0,200.0,-10.0,162,2032191001,-107.0938054210199,4.999999999999995,-23.8615648202708
6,105.0,200.0,-10.0,163,2032191001,-6.493805421020255,1.5000000000000084,2.138435179729203
6,105.0,200.0,-10.0,164,2032191001,5.206194578979705,-1.5000000000000084,-2.861564820270801
6,105.0,200.0,-10.0,165,2032191001,-6.893805421020232,-0.9999999999999887,0.6384351797292008
6,105.0,200.0,-10.0,166,2032191001,-6.993805421020255,3.500000000000011,2.638435179729197
6,105.0,200.0,-10.0,167,2032191001,-8.993805421020227,-6.000000000000009,-0.8615648202708013
6,105.0,200.0,-10.0,168,2032191001,-1.2938054210202665,-4.5,-0.36156482027080056
6,105.0,200.0,-10.0,169,2032191001,-170.49380542101966,-64.50000000000001,-5.361564820270801
6,105.0,200.0,-10.0,170,2032191001,-3.0938054210202495,-0.49999999999999434,-0.36156482027080056
6,105.0,200.0,-10.0,171,2032191001,5.406194578979722,-2.9999999999999916,2.638435179729197
6,105.0,200.0,-10.0,172,2032191001,-7.5938054210202495,-0.49999999999999434,2.138435179729203
6,105.0,200.0,-10.0,173,2032191001,-137.79380542101978,15.000000000000009,-40.8615648202708
6,105.0,200.0,-10.0,174,2032191001,0.20619457897973348,-2.0000000000000027,3.138435179729198
6,105.0,200.0,-10.0,175,2032191001,-2.993805421020255,1.5000000000000084,1.6384351797292023
6,105.0,200.0,-10.0,176,2032191001,-7.293805421020238,-2.4999999999999973,2.138435179729203
6,105.0,200.0,-10.0,177,2032191001,5.606194578979711,0.0,2.638435179729197
6,105.0,200.0,-10.0,178,2032191001,-7.5938054210202495,2.4999999999999973,-0.36156482027080056
6,105.0,200.0,-10.0,179,2032191001,-0.8938054210202608,-2.9999999999999916,-1.3615648202707988
6,105.0,200.0,-10.0,180,2032191001,1.406194578979722,2.0000000000000027,1.1384351797292016
6,105.0,200.0,-10.0,181,2032191001,-1.1938054210202722,1.5000000000000084,-1.3615648202707988
6,105.0,200.0,-10.0,182,2032191001,-200.79380542101956,-35.50000000000001,-8.8615648202708
6,105.0,200.0,-10.0,183,2032191001,-168.39380542101966,57.000000000000014,10.638435179729202
6,105.0,200.0,-10.0,184,2032191001,-18.893805421020204,42.5,-7.861564820270802
6,105.0,200.0,-10.0,185,2032191001,2.5061945789797164,0.49999999999999434,1.6384351797292023
6,105.0,200.0,-10.0,186,2032191001,-2.0938054210202495,-0.9999999999999887,-2.3615648202708
6,105.0,200.0,-10.0,187,2032191001,0.6061945789797392,-2.0000000000000027,-1.3615648202707988
6,105.0,200.0,-10.0,188,2032191001,-181.39380542101964,-90.0,-36.8615648202708
6,105.0,200.0,-10.0,189,2032191001,-97.69380542101992,-62.50000000000001,-25.8615648202708
6,105.0,200.0,-10.0,190,2032191001,-0.7938054210202665,1.5000000000000084,0.6384351797292008
6,105.0,200.0,-10.0,191,2032191001,4.006194578979716,4.000000000000005,0.6384351797292008
6,105.0,200.0,-10.0,192,2032191001,1.8061945789797278,0.9999999999999887,-2.861564820270801
6,105.0,200.0,-10.0,193,2032191001,-116.79380542101985,-54.0,-52.36156482027081
6,105.0,200.0,-10.0,194,2032191001,-1.7938054210202665,-3.500000000000011,1.6384351797292023
6,105.0,200.0,-10.0,195,2032191001,3.906194578979722,1.5000000000000084,-3.8615648202707993
6,105.0,200.0,-10.0,196,2032191001,-194.09380542101957,12.50000000000001,-46.3615648202708
6,105.0,200.0,-10.0,197,2032191001,0.006194578979744847,-1.5000000000000084,0.13843517972920016
6,105.0,200.0,-10.0,198,2032191001,1.1061945789797392,0.0,0.6384351797292008
6,105.0,200.0,-10.0,199,2032191001,0.20619457897973348,0.0,1.1384351797292016
6,105.0,200.0,-5.0,0,2032191002,-6.793805421020238,0.0,0.6384351797292008
6,105.0,200.0,-5.0,1,2032191002,-1.9938054210202552,0.9999999999999887,-1.3615648202707988
6,105.0,200.0,-5.0,2,2032191002,-0.09380542102027789,-0.49999999999999434,-0.36156482027080056
6,105.0,200.0,-5.0,3,2032191002,2.306194578979728,0.0,-0.8615648202708013
6,105.0,200.0,-5.0,4,2032191002,1.1061945789797392,-0.9999999999999887,-0.36156482027080056
6,105.0,200.0,-5.0,5,2032191002,0.6061945789797392,0.0,0.6384351797292008
6,105.0,200.0,-5.0,6,2032191002,-1.093805421020278,0.0,0.6384351797292008
6,105.0,200.0,-5.0,7,2032191002,-0.09380542102027789,-0.49999999999999434,0.6384351797292008
6,105.0,200.0,-5.0,8,2032191002,-2.493805421020255,-0.49999999999999434,1.1384351797292016
6,105.0,200.0,-5.0,9,2032191002,-3.393805421020261,-0.49999999999999434,-1.3615648202707988
6,105.0,200.0,-5.0,10,2032191002,2.906194578979722,0.0,-0.36156482027080056
6,105.0,200.0,-5.0,11,2032191002,1.906194578979722,-2.0000000000000027,-0.36156482027080056
6,105.0,200.0,-5.0,12,2032191002,0.4061945789797221,0.0,0.13843517972920016
6,105.0,200.0,-5.0,13,2032191002,-2.2938054210202665,-0.9999999999999887,-0.8615648202708013
6,105.0,200.0,-5.0,14,2032191002,1.5061945789797164,-0.49999999999999434,-1.3615648202707988
6,105.0,200.0,-5.0,15,2032191002,-0.2938054210202665,-0.49999999999999434,-0.8615648202708013
6,105.0,200.0,-5.0,16,2032191002,-0.8938054210202608,-2.9999999999999916,1.6384351797292023
6,105.0,200.0,-5.0,17,2032191002,5.406194578979722,0.49999999999999434,1.6384351797292023
6,105.0,200.0,-5.0,18,2032191002,2.7061945789797335,-0.49999999999999434,-0.36156482027080056
6,105.0,200.0,-5.0,19,2032191002,4.206194578979705,0.49999999999999434,-0.36156482027080056
6,105.0,200.0,-5.0,20,2032191002,0.9061945789797221,0.9999999999999887,-2.861564820270801
6,105.0,200.0,-5.0,21,2032191002,-0.1938054210202722,0.0,0.6384351797292008
6,105.0,200.0,-5.0,22,2032191002,3.706194578979705,0.0,-0.36156482027080056
6,105.0,200.0,-5.0,23,2032191002,2.5061945789797164,0.49999999999999434,-1.8615648202707995
6,105.0,200.0,-5.0,24,2032191002,0.4061945789797221,0.49999999999999434,0.6384351797292008
6,105.0,200.0,-5.0,25,2032191002,-2.993805421020255,-0.9999999999999887,-0.36156482027080056
6,105.0,200.0,-5.0,26,2032191002,0.4061945789797221,0.49999999999999434,-1.8615648202707995
6,105.0,200.0,-5.0,27,2032191002,-3.493805421020255,0.0,-1.3615648202707988
6,105.0,200.0,-5.0,28,2032191002,-3.493805421020255,0.9999999999999887,1.6384351797292023
6,105.0,200.0,-5.0,29,2032191002,-3.0938054210202495,0.49999999999999434,-0.36156482027080056
6,105.0,200.0,-5.0,30,2032191002,4.106194578979711,0.9999999999999887,-1.3615648202707988
6,105.0,200.0,-5.0,31,2032191002,-1.7938054210202665,-0.49999999999999434,3.138435179729198
6,105.0,200.0,-5.0,32,2032191002,-0.7938054210202665,0.0,-0.36156482027080056
6,105.0,200.0,-5.0,33,2032191002,-1.1938054210202722,-1.5000000000000084,1.6384351797292023
6,105.0,200.0,-5.0,34,2032191002,1.1061945789797392,-0.9999999999999887,0.6384351797292008
6,105.0,200.0,-5.0,35,2032191002,-0.6938054210202722,-0.49999999999999434,-0.36156482027080056
6,105.0,200.0,-5.0,36,2032191002,-1.3938054210202608,-0.49999999999999434,1.1384351797292016
6,105.0,200.0,-5.0,37,2032191002,0.10619457897973916,-0.9999999999999887,1.6384351797292023
6,105.0,200.0,-5.0,38,2032191002,-6.993805421020255,0.9999999999999887,-0.36156482027080056
6,105.0,200.0,-5.0,39,2032191002,1.406194578979722,-0.9999999999999887,0.13843517972920016
6,105.0,200.0,-5.0,40,2032191002,-1.7938054210202665,0.49999999999999434,-0.8615648202708013
6,105.0,200.0,-5.0,41,2032191002,-0.5938054210202779,-1.5000000000000084,0.6384351797292008
6,105.0,200.0,-5.0,42,2032191002,1.1061945789797392,0.49999999999999434,0.13843517972920016
6,105.0,200.0,-5.0,43,2032191002,-2.5938054210202495,-0.49999999999999434,0.13843517972920016
6,105.0,200.0,-5.0,44,2032191002,4.606194578979711,-1.5000000000000084,-1.3615648202707988
6,105.0,200.0,-5.0,45,2032191002,2.0061945789797164,1.5000000000000084,0.6384351797292008
6,105.0,200.0,-5.0,46,2032191002,-2.193805421020272,1.5000000000000084,0.13843517972920016
6,105.0,200.0,-5.0,47,2032191002,1.5061945789797164,-0.49999999999999434,-0.8615648202708013
6,105.0,200.0,-5.0,48,2032191002,-0.09380542102027789,1.5000000000000084,0.13843517972920016
6,105.0,200.0,-5.0,49,2032191002,0.006194578979744847,0.0,0.6384351797292008
6,105.0,200.0,-5.0,50,2032191002,0.3061945789797278,0.49999999999999434,-0.36156482027080056
6,105.0,200.0,-5.0,51,2032191002,-3.2938054210202665,1.5000000000000084,-0.36156482027080056
6,105.0,200.0,-5.0,52,2032191002,-0.2938054210202665,0.49999999999999434,1.1384351797292016
6,105.0,200.0,-5.0,53,2032191002,-1.3938054210202608,-0.49999999999999434,-0.36156482027080056
6,105.0,200.0,-5.0,54,2032191002,-0.09380542102027789,0.49999999999999434,-0.36156482027080056
6,105.0,200.0,-5.0,55,2032191002,-2.193805421020272,2.0000000000000027,0.6384351797292008
6,105.0,200.0,-5.0,56,2032191002,0.10619457897973916,0.49999999999999434,-0.8615648202708013
6,105.0,200.0,-5.0,57,2032191002,1.6061945789797107,0.9999999999999887,-0.8615648202708013
6,105.0,200.0,-5.0,58,2032191002,-3.2938054210202665,0.49999999999999434,0.13843517972920016
6,105.0,200.0,-5.0,59,2032191002,1.8061945789797278,0.0,-2.3615648202708
6,105.0,200.0,-5.0,60,2032191002,0.006194578979744847,0.49999999999999434,-0.36156482027080056
6,105.0,200.0,-5.0,61,2032191002,3.806194578979728,-0.9999999999999887,1.1384351797292016
6,105.0,200.0,-5.0,62,2032191002,-131.79380542101978,8.00000000000001,-95.3615648202708
6,105.0,200.0,-5.0,63,2032191002,-1.2938054210202665,0.49999999999999434,0.13843517972920016
6,105.0,200.0,-5.0,64,2032191002,0.3061945789797278,0.0,0.13843517972920016
6,105.0,200.0,-5.0,65,2032191002,-1.8938054210202608,0.49999999999999434,-0.8615648202708013
6,105.0,200.0,-5.0,66,2032191002,-1.2938054210202665,0.0,1.1384351797292016
6,105.0,200.0,-5.0,67,2032191002,-2.193805421020272,-2.0000000000000027,-0.8615648202708013
6,105.0,200.0,-5.0,68,2032191002,0.7061945789797335,2.0000000000000027,-0.8615648202708013
6,105.0,200.0,-5.0,69,2032191002,2.406194578979722,0.49999999999999434,-1.3615648202707988
6,105.0,200.0,-5.0,70,2032191002,-1.1938054210202722,0.0,1.1384351797292016
6,105.0,200.0,-5.0,71,2032191002,0.006194578979744847,2.0000000000000027,1.1384351797292016
6,105.0,200.0,-5.0,72,2032191002,-5.0938054210202495,-0.9999999999999887,-0.36156482027080056
6,105.0,200.0,-5.0,73,2032191002,-5.193805421020244,1.5000000000000084,-2.861564820270801
6,105.0,200.0,-5.0,74,2032191002,-2.993805421020255,-2.0000000000000027,0.13843517972920016
6,105.0,200.0,-5.0,75,2032191002,0.9061945789797221,0.0,1.6384351797292023
6,105.0,200.0,-5.0,76,2032191002,-0.49380542102025515,0.9999999999999887,0.13843517972920016
6,105.0,200.0,-5.0,77,2032191002,-3.5938054210202495,0.9999999999999887,1.1384351797292016
6,105.0,200.0,-5.0,78,2032191002,0.5061945789797164,0.0,-0.8615648202708013
6,105.0,200.0,-5.0,79,2032191002,2.0061945789797164,1.5000000000000084,-0.8615648202708013
6,105.0,200.0,-5.0,80,2032191002,2.0061945789797164,-2.9999999999999916,0.13843517972920016
6,105.0,200.0,-5.0,81,2032191002,1.6061945789797107,-0.49999999999999434,1.1384351797292016
6,105.0,200.0,-5.0,82,2032191002,0.6061945789797392,-2.0000000000000027,-0.8615648202708013
6,105.0,200.0,-5.0,83,2032191002,1.0061945789797164,-0.49999999999999434,0.13843517972920016
6,105.0,200.0,-5.0,84,2032191002,-3.693805421020244,-2.4999999999999973,-0.8615648202708013
6,105.0,200.0,-5.0,85,2032191002,-0.39380542102026084,0.9999999999999887,1.1384351797292016
6,105.0,200.0,-5.0,86,2032191002,1.2061945789797335,-0.49999999999999434,0.13843517972920016
6,105.0,200.0,-5.0,87,2032191002,0.5061945789797164,-0.49999999999999434,0.13843517972920016
6,105.0,200.0,-5.0,88,2032191002,-2.993805421020255,-0.9999999999999887,0.6384351797292008
6,105.0,200.0,-5.0,89,2032191002,2.406194578979722,-0.9999999999999887,-1.3615648202707988
6,105.0,200.0,-5.0,90,2032191002,-0.2938054210202665,0.9999999999999887,1.1384351797292016
6,105.0,200.0,-5.0,91,2032191002,-0.8938054210202608,0.0,-0.8615648202708013
6,105.0,200.0,-5.0,92,2032191002,-6.493805421020255,0.49999999999999434,-0.8615648202708013
6,105.0,200.0,-5.0,93,2032191002,-1.6938054210202722,0.0,0.6384351797292008
6,105.0,200.0,-5.0,94,2032191002,2.1061945789797107,1.5000000000000084,-0.8615648202708013
6,105.0,200.0,-5.0,95,2032191002,-5.493805421020255,0.0,0.6384351797292008
6,105.0,200.0,-5.0,96,2032191002,-41.093805421020136,2.9999999999999916,-86.8615648202708
6,105.0,200.0,-5.0,97,2032191002,4.506194578979716,0.9999999999999887,0.6384351797292008
6,105.0,200.0,-5.0,98,2032191002,0.9061945789797221,-0.49999999999999434,0.6384351797292008
6,105.0,200.0,-5.0,99,2032191002,1.8061945789797278,1.5000000000000084,0.6384351797292008
6,105.0,200.0,-5.0,100,2032191002,-3.993805421020255,0.0,0.13843517972920016
6,105.0,200.0,-5.0,101,2032191002,2.1061945789797107,-0.9999999999999887,0.13843517972920016
6,105.0,200.0,-5.0,102,2032191002,2.5061945789797164,1.5000000000000084,-0.8615648202708013
6,105.0,200.0,-5.0,103,2032191002,3.906194578979722,-0.49999999999999434,0.6384351797292008
6,105.0,200.0,-5.0,104,2032191002,3.406194578979722,-1.5000000000000084,0.6384351797292008
6,105.0,200.0,-5.0,105,2032191002,5.106194578979711,2.4999999999999973,2.638435179729197
6,105.0,200.0,-5.0,106,2032191002,2.7061945789797335,-0.9999999999999887,-0.8615648202708013
6,105.0,200.0,-5.0,107,2032191002,-64.89380542102003,5.4999999999999885,17.6384351797292
6,105.0,200.0,-5.0,108,2032191002,-1.6938054210202722,0.0,1.6384351797292023
6,105.0,200.0,-5.0,109,2032191002,1.5061945789797164,1.5000000000000084,-1.3615648202707988
6,105.0,200.0,-5.0,110,2032191002,-5.5938054210202495,-0.9999999999999887,-0.8615648202708013
6,105.0,200.0,-5.0,111,2032191002,-1.7938054210202665,0.49999999999999434,0.13843517972920016
6,105.0,200.0,-5.0,112,2032191002,1.906194578979722,1.5000000000000084,-0.36156482027080056
6,105.0,200.0,-5.0,113,2032191002,-4.2938054210202665,0.49999999999999434,1.6384351797292023
6,105.0,200.0,-5.0,114,2032191002,-2.993805421020255,-0.9999999999999887,0.6384351797292008
6,105.0,200.0,-5.0,115,2032191002,0.20619457897973348,2.4999999999999973,1.1384351797292016
6,105.0,200.0,-5.0,116,2032191002,-1.2938054210202665,2.0000000000000027,-0.36156482027080056
6,105.0,200.0,-5.0,117,2032191002,6.106194578979711,0.0,0.13843517972920016
6,105.0,200.0,-5.0,118,2032191002,3.406194578979722,-2.9999999999999916,1.1384351797292016
6,105.0,200.0,-5.0,119,2032191002,2.2061945789797335,0.49999999999999434,0.6384351797292008
6,105.0,200.0,-5.0,120,2032191002,-0.7938054210202665,-0.49999999999999434,-1.3615648202707988
6,105.0,200.0,-5.0,121,2032191002,-1.6938054210202722,0.49999999999999434,1.1384351797292016
6,105.0,200.0,-5.0,122,2032191002,1.8061945789797278,2.0000000000000027,-0.8615648202708013
6,105.0,200.0,-5.0,123,2032191002,2.5061945789797164,0.0,-1.3615648202707988
6,105.0,200.0,-5.0,124,2032191002,-4.193805421020244,1.5000000000000084,1.1384351797292016
6,105.0,200.0,-5.0,125,2032191002,1.1061945789797392,0.49999999999999434,0.6384351797292008
6,105.0,200.0,-5.0,126,2032191002,0.7061945789797335,1.5000000000000084,-0.36156482027080056
6,105.0,200.0,-5.0,127,2032191002,2.406194578979722,0.49999999999999434,1.1384351797292016
6,105.0,200.0,-5.0,128,2032191002,-5.293805421020238,-0.9999999999999887,-1.8615648202707995
6,105.0,200.0,-5.0,129,2032191002,1.5061945789797164,-2.4999999999999973,1.6384351797292023
6,105.0,200.0,-5.0,130,2032191002,-2.393805421020261,-0.49999999999999434,0.13843517972920016
6,105.0,200.0,-5.0,131,2032191002,1.406194578979722,-0.49999999999999434,0.13843517972920016
6,105.0,200.0,-5.0,132,2032191002,0.4061945789797221,-0.49999999999999434,1.6384351797292023
6,105.0,200.0,-5.0,133,2032191002,-1.2938054210202665,0.9999999999999887,-0.8615648202708013
6,105.0,200.0,-5.0,134,2032191002,-0.09380542102027789,-0.49999999999999434,-0.36156482027080056
6,105.0,200.0,-5.0,135,2032191002,4.106194578979711,1.5000000000000084,0.6384351797292008
6,105.0,200.0,-5.0,136,2032191002,0.4061945789797221,-0.9999999999999887,-1.3615648202707988
6,105.0,200.0,-5.0,137,2032191002,1.1061945789797392,-0.49999999999999434,0.13843517972920016
6,105.0,200.0,-5.0,138,2032191002,-2.693805421020272,-2.0000000000000027,1.6384351797292023
6,105.0,200.0,-5.0,139,2032191002,-0.09380542102027789,0.49999999999999434,0.13843517972920016
6,105.0,200.0,-5.0,140,2032191002,0.5061945789797164,-0.9999999999999887,0.13843517972920016
6,105.0,200.0,-5.0,141,2032191002,5.906194578979722,0.49999999999999434,2.138435179729203
6,105.0,200.0,-5.0,142,2032191002,-5.193805421020244,0.49999999999999434,1.1384351797292016
6,105.0,200.0,-5.0,143,2032191002,-0.6938054210202722,0.49999999999999434,0.13843517972920016
6,105.0,200.0,-5.0,144,2032191002,-3.2938054210202665,1.5000000000000084,-0.36156482027080056
6,105.0,200.0,-5.0,145,2032191002,0.7061945789797335,-2.0000000000000027,-0.36156482027080056
6,105.0,200.0,-5.0,146,2032191002,-1.1938054210202722,0.0,-0.8615648202708013
6,105.0,200.0,-5.0,147,2032191002,-0.7938054210202665,1.5000000000000084,0.13843517972920016
6,105.0,200.0,-5.0,148,2032191002,-3.2938054210202665,0.0,0.13843517972920016
6,105.0,200.0,-5.0,149,2032191002,-1.093805421020278,0.49999999999999434,2.138435179729203
6,105.0,200.0,-5.0,150,2032191002,1.7061945789797335,0.0,0.13843517972920016
6,105.0,200.0,-5.0,151,2032191002,0.10619457897973916,-0.49999999999999434,-1.3615648202707988
6,105.0,200.0,-5.0,152,2032191002,-1.6938054210202722,-1.5000000000000084,2.638435179729197
6,105.0,200.0,-5.0,153,2032191002,2.406194578979722,2.9999999999999916,-0.36156482027080056
6,105.0,200.0,-5.0,154,2032191002,-4.693805421020244,0.9999999999999887,1.1384351797292016
6,105.0,200.0,-5.0,155,2032191002,-5.5938054210202495,-0.49999999999999434,-0.36156482027080056
6,105.0,200.0,-5.0,156,2032191002,-1.7938054210202665,-0.49999999999999434,1.1384351797292016
6,105.0,200.0,-5.0,157,2032191002,2.5061945789797164,-0.49999999999999434,0.13843517972920016
6,105.0,200.0,-5.0,158,2032191002,1.406194578979722,0.0,-0.36156482027080056
6,105.0,200.0,-5.0,159,2032191002,-2.993805421020255,-0.49999999999999434,0.13843517972920016
6,105.0,200.0,-5.0,160,2032191002,2.0061945789797164,0.9999999999999887,0.13843517972920016
6,105.0,200.0,-5.0,161,2032191002,2.906194578979722,0.9999999999999887,-0.36156482027080056
6,105.0,200.0,-5.0,162,2032191002,3.306194578979728,-2.4999999999999973,-0.36156482027080056
6,105.0,200.0,-5.0,163,2032191002,-1.1938054210202722,0.49999999999999434,0.13843517972920016
6,105.0,200.0,-5.0,164,2032191002,0.8061945789797278,-0.49999999999999434,1.1384351797292016
6,105.0,200.0,-5.0,165,2032191002,-1.7938054210202665,-1.5000000000000084,-0.36156482027080056
6,105.0,200.0,-5.0,166,2032191002,2.2061945789797335,0.0,-2.3615648202708
6,105.0,200.0,-5.0,167,2032191002,3.306194578979728,2.0000000000000027,-1.8615648202707995
6,105.0,200.0,-5.0,168,2032191002,2.2061945789797335,0.0,0.6384351797292008
6,105.0,200.0,-5.0,169,2032191002,-0.39380542102026084,-1.5000000000000084,-1.3615648202707988
6,105.0,200.0,-5.0,170,2032191002,-2.5938054210202495,-0.49999999999999434,-0.8615648202708013
6,105.0,200.0,-5.0,171,2032191002,-1.3938054210202608,-0.49999999999999434,0.13843517972920016
6,105.0,200.0,-5.0,172,2032191002,-0.8938054210202608,-0.49999999999999434,-0.36156482027080056
6,105.0,200.0,-5.0,173,2032191002,-0.39380542102026084,-0.9999999999999887,0.6384351797292008
6,105.0,200.0,-5.0,174,2032191002,-0.2938054210202665,-0.9999999999999887,0.13843517972920016
6,105.0,200.0,-5.0,175,2032191002,0.10619457897973916,0.0,-0.36156482027080056
6,105.0,200.0,-5.0,176,2032191002,2.306194578979728,0.0,-0.36156482027080056
6,105.0,200.0,-5.0,177,2032191002,-0.6938054210202722,-0.9999999999999887,-1.8615648202707995
6,105.0,200.0,-5.0,178,2032191002,4.706194578979705,-0.9999999999999887,-1.3615648202707988
6,105.0,200.0,-5.0,179,2032191002,1.7061945789797335,0.9999999999999887,0.6384351797292008
6,105.0,200.0,-5.0,180,2032191002,-2.2938054210202665,0.49999999999999434,0.13843517972920016
6,105.0,200.0,-5.0,181,2032191002,-4.7938054210202665,-2.9999999999999916,0.13843517972920016
6,105.0,200.0,-5.0,182,2032191002,-0.7938054210202665,2.0000000000000027,-1.3615648202707988
6,105.0,200.0,-5.0,183,2032191002,-0.1938054210202722,0.0,-0.36156482027080056
6,105.0,200.0,-5.0,184,2032191002,-0.5938054210202779,-1.5000000000000084,-1.3615648202707988
6,105.0,200.0,-5.0,185,2032191002,1.2061945789797335,0.0,-0.8615648202708013
6,105.0,200.0,-5.0,186,2032191002,-1.2938054210202665,0.0,-0.8615648202708013
6,105.0,200.0,-5.0,187,2032191002,-2.5938054210202495,0.0,-0.36156482027080056
6,105.0,200.0,-5.0,188,2032191002,1.6061945789797107,0.0,1.6384351797292023
6,105.0,200.0,-5.0,189,2032191002,2.0061945789797164,-0.49999999999999434,0.6384351797292008
6,105.0,200.0,-5.0,190,2032191002,0.8061945789797278,-0.9999999999999887,1.6384351797292023
6,105.0,200.0,-5.0,191,2032191002,-3.0938054210202495,1.5000000000000084,1.6384351797292023
6,105.0,200.0,-5.0,192,2032191002,-209.79380542101953,45.999999999999986,-63.36156482027081
6,105.0,200.0,-5.0,193,2032191002,2.2061945789797335,0.9999999999999887,0.6384351797292008
6,105.0,200.0,-5.0,194,2032191002,-1.7938054210202665,0.9999999999999887,0.13843517972920016
6,105.0,200.0,-5.0,195,2032191002,-1.6938054210202722,0.0,-0.8615648202708013
6,105.0,200.0,-5.0,196,2032191002,-0.8938054210202608,0.49999999999999434,-0.8615648202708013
6,105.0,200.0,-5.0,197,2032191002,5.706194578979705,-0.49999999999999434,-0.8615648202708013
6,105.0,200.0,-5.0,198,2032191002,-2.0938054210202495,-0.49999999999999434,-1.3615648202707988
6,105.0,200.0,-5.0,199,2032191002,-0.9938054210202552,0.49999999999999434,1.1384351797292016
6,105.0,200.0,0.0,0,2032191003,-1.4938054210202552,-0.49999999999999434,-1.3615648202707988
6,105.0,200.0,0.0,1,2032191003,2.1061945789797107,-1.5000000000000084,0.6384351797292008
6,105.0,200.0,0.0,2,2032191003,-0.09380542102027789,0.49999999999999434,-0.36156482027080056
6,105.0,200.0,0.0,3,2032191003,0.5061945789797164,0.0,-0.36156482027080056
6,105.0,200.0,0.0,4,2032191003,0.3061945789797278,0.0,0.13843517972920016
6,105.0,200.0,0.0,5,2032191003,1.3061945789797278,0.9999999999999887,-0.36156482027080056
6,105.0,200.0,0.0,6,2032191003,1.406194578979722,0.0,-0.36156482027080056
6,105.0,200.0,0.0,7,2032191003,-1.2938054210202665,-0.9999999999999887,-0.36156482027080056
6,105.0,200.0,0.0,8,2032191003,1.3061945789797278,0.0,0.13843517972920016
6,105.0,200.0,0.0,9,2032191003,-1.4938054210202552,0.49999999999999434,0.13843517972920016
6,105.0,200.0,0.0,10,2032191003,3.5061945789797164,-0.49999999999999434,-0.36156482027080056
6,105.0,200.0,0.0,11,2032191003,-0.9938054210202552,-0.49999999999999434,0.6384351797292008
6,105.0,200.0,0.0,12,2032191003,0.5061945789797164,-1.5000000000000084,-0.36156482027080056
6,105.0,200.0,0.0,13,2032191003,0.10619457897973916,-0.49999999999999434,0.6384351797292008
6,105.0,200.0,0.0,14,2032191003,-0.6938054210202722,0.0,1.1384351797292016
6,105.0,200.0,0.0,15,2032191003,1.5061945789797164,0.49999999999999434,0.6384351797292008
6,105.0,200.0,0.0,16,2032191003,1.5061945789797164,0.0,0.6384351797292008
6,105.0,200.0,0.0,17,2032191003,0.5061945789797164,0.9999999999999887,1.1384351797292016
6,105.0,200.0,0.0,18,2032191003,-1.6938054210202722,-0.9999999999999887,-0.36156482027080056
6,105.0,200.0,0.0,19,2032191003,0.5061945789797164,-0.49999999999999434,0.13843517972920016
6,105.0,200.0,0.0,20,2032191003,-1.093805421020278,0.0,-0.8615648202708013
6,105.0,200.0,0.0,21,2032191003,-1.6938054210202722,-0.49999999999999434,-0.8615648202708013
6,105.0,200.0,0.0,22,2032191003,0.006194578979744847,1.5000000000000084,0.13843517972920016
6,105.0,200.0,0.0,23,2032191003,-0.09380542102027789,0.49999999999999434,0.6384351797292008
6,105.0,200.0,0.0,24,2032191003,-0.6938054210202722,-0.9999999999999887,0.6384351797292008
6,105.0,200.0,0.0,25,2032191003,0.5061945789797164,0.49999999999999434,0.6384351797292008
6,105.0,200.0,0.0,26,2032191003,0.006194578979744847,-0.9999999999999887,-0.8615648202708013
6,105.0,200.0,0.0,27,2032191003,-0.09380542102027789,-0.49999999999999434,0.13843517972920016
6,105.0,200.0,0.0,28,2032191003,0.10619457897973916,-0.49999999999999434,-0.36156482027080056
6,105.0,200.0,0.0,29,2032191003,-2.5938054210202495,-0.9999999999999887,0.6384351797292008
6,105.0,200.0,0.0,30,2032191003,-1.1938054210202722,0.49999999999999434,-0.36156482027080056
6,105.0,200.0,0.0,31,2032191003,0.006194578979744847,0.0,-0.8615648202708013
6,105.0,200.0,0.0,32,2032191003,-1.1938054210202722,-0.49999999999999434,0.6384351797292008
6,105.0,200.0,0.0,33,2032191003,-0.09380542102027789,-0.49999999999999434,1.1384351797292016
6,105.0,200.0,0.0,34,2032191003,1.5061945789797164,-0.49999999999999434,-0.36156482027080056
6,105.0,200.0,0.0,35,2032191003,1.7061945789797335,0.49999999999999434,0.6384351797292008
6,105.0,200.0,0.0,36,2032191003,0.5061945789797164,-0.9999999999999887,0.13843517972920016
6,105.0,200.0,0.0,37,2032191003,-2.993805421020255,0.9999999999999887,-0.36156482027080056
6,105.0,200.0,0.0,38,2032191003,-1.8938054210202608,0.0,-0.36156482027080056
6,105.0,200.0,0.0,39,2032191003,-0.2938054210202665,0.0,-0.36156482027080056
6,105.0,200.0,0.0,40,2032191003,-2.693805421020272,0.49999999999999434,1.1384351797292016
6,105.0,200.0,0.0,41,2032191003,0.006194578979744847,0.49999999999999434,-0.36156482027080056
6,105.0,200.0,0.0,42,2032191003,-1.4938054210202552,-0.49999999999999434,-0.36156482027080056
6,105.0,200.0,0.0,43,2032191003,0.10619457897973916,0.49999999999999434,-0.36156482027080056
6,105.0,200.0,0.0,44,2032191003,4.306194578979728,0.0,-0.8615648202708013
6,105.0,200.0,0.0,45,2032191003,-0.1938054210202722,0.49999999999999434,0.13843517972920016
6,105.0,200.0,0.0,46,2032191003,0.10619457897973916,0.0,0.13843517972920016
6,105.0,200.0,0.0,47,2032191003,-3.2938054210202665,-0.49999999999999434,-0.36156482027080056
6,105.0,200.0,0.0,48,2032191003,0.6061945789797392,0.0,0.13843517972920016
6,105.0,200.0,0.0,49,2032191003,0.10619457897973916,0.9999999999999887,0.13843517972920016
6,105.0,200.0,0.0,50,2032191003,-0.8938054210202608,0.0,-0.36156482027080056
6,105.0,200.0,0.0,51,2032191003,-0.7938054210202665,1.5000000000000084,0.13843517972920016
6,105.0,200.0,0.0,52,2032191003,1.0061945789797164,-0.49999999999999434,-0.36156482027080056
6,105.0,200.0,0.0,53,2032191003,-0.9938054210202552,0.49999999999999434,0.6384351797292008
6,105.0,200.0,0.0,54,2032191003,0.8061945789797278,0.49999999999999434,0.13843517972920016
6,105.0,200.0,0.0,55,2032191003,-0.09380542102027789,0.49999999999999434,0.6384351797292008
6,105.0,200.0,0.0,56,2032191003,-0.39380542102026084,0.0,0.6384351797292008
6,105.0,200.0,0.0,57,2032191003,1.8061945789797278,0.49999999999999434,-0.8615648202708013
6,105.0,200.0,0.0,58,2032191003,-0.39380542102026084,0.0,0.6384351797292008
6,105.0,200.0,0.0,59,2032191003,-0.2938054210202665,0.0,-0.36156482027080056
6,105.0,200.0,0.0,60,2032191003,-0.7938054210202665,0.49999999999999434,-0.36156482027080056
6,105.0,200.0,0.0,61,2032191003,2.2061945789797335,0.0,0.13843517972920016
6,105.0,200.0,0.0,62,2032191003,1.1061945789797392,-0.49999999999999434,0.13843517972920016
6,105.0,200.0,0.0,63,2032191003,-0.39380542102026084,0.49999999999999434,0.6384351797292008
6,105.0,200.0,0.0,64,2032191003,-0.7938054210202665,0.0,-0.36156482027080056
6,105.0,200.0,0.0,65,2032191003,0.20619457897973348,-0.49999999999999434,0.13843517972920016
6,105.0,200.0,0.0,66,2032191003,0.006194578979744847,0.0,0.13843517972920016
6,105.0,200.0,0.0,67,2032191003,0.3061945789797278,0.0,1.1384351797292016
6,105.0,200.0,0.0,68,2032191003,0.10619457897973916,0.0,0.13843517972920016
6,105.0,200.0,0.0,69,2032191003,0.9061945789797221,-0.49999999999999434,0.6384351797292008
6,105.0,200.0,0.0,70,2032191003,-0.1938054210202722,0.0,-0.8615648202708013
6,105.0,200.0,0.0,71,2032191003,-0.49380542102025515,-0.9999999999999887,-0.36156482027080056
6,105.0,200.0,0.0,72,2032191003,-0.1938054210202722,0.0,-1.3615648202707988
6,105.0,200.0,0.0,73,2032191003,1.8061945789797278,0.49999999999999434,0.13843517972920016
6,105.0,200.0,0.0,74,2032191003,-0.5938054210202779,-0.49999999999999434,-0.36156482027080056
6,105.0,200.0,0.0,75,2032191003,-1.8938054210202608,0.0,-0.36156482027080056
6,105.0,200.0,0.0,76,2032191003,-0.6938054210202722,0.49999999999999434,-0.36156482027080056
6,105.0,200.0,0.0,77,2032191003,-0.7938054210202665,0.49999999999999434,-1.3615648202707988
6,105.0,200.0,0.0,78,2032191003,-2.0938054210202495,-0.49999999999999434,0.6384351797292008
6,105.0,200.0,0.0,79,2032191003,0.3061945789797278,0.0,-0.36156482027080056
6,105.0,200.0,0.0,80,2032191003,0.20619457897973348,0.0,0.6384351797292008
6,105.0,200.0,0.0,81,2032191003,0.006194578979744847,0.0,0.13843517972920016
6,105.0,200.0,0.0,82,2032191003,0.9061945789797221,0.49999999999999434,-0.36156482027080056
6,105.0,200.0,0.0,83,2032191003,-0.5938054210202779,0.49999999999999434,0.13843517972920016
6,105.0,200.0,0.0,84,2032191003,1.406194578979722,-1.5000000000000084,-0.36156482027080056
6,105.0,200.0,0.0,85,2032191003,-0.5938054210202779,0.0,0.13843517972920016
6,105.0,200.0,0.0,86,2032191003,0.5061945789797164,-0.49999999999999434,1.6384351797292023
6,105.0,200.0,0.0,87,2032191003,-0.09380542102027789,0.0,-0.8615648202708013
6,105.0,200.0,0.0,88,2032191003,0.6061945789797392,-0.49999999999999434,-0.36156482027080056
6,105.0,200.0,0.0,89,2032191003,-0.49380542102025515,0.49999999999999434,-0.36156482027080056
6,105.0,200.0,0.0,90,2032191003,0.10619457897973916,0.49999999999999434,0.6384351797292008
6,105.0,200.0,0.0,91,2032191003,-1.9938054210202552,0.9999999999999887,-0.36156482027080056
6,105.0,200.0,0.0,92,2032191003,1.7061945789797335,0.0,-0.8615648202708013
6,105.0,200.0,0.0,93,2032191003,1.5061945789797164,-0.49999999999999434,0.13843517972920016
6,105.0,200.0,0.0,94,2032191003,0.6061945789797392,0.0,-1.3615648202707988
6,105.0,200.0,0.0,95,2032191003,1.2061945789797335,-0.49999999999999434,0.13843517972920016
6,105.0,200.0,0.0,96,2032191003,-1.593805421020278,0.49999999999999434,0.6384351797292008
6,105.0,200.0,0.0,97,2032191003,-1.2938054210202665,0.49999999999999434,-0.8615648202708013
6,105.0,200.0,0.0,98,2032191003,-1.6938054210202722,-0.9999999999999887,-0.8615648202708013
6,105.0,200.0,0.0,99,2032191003,2.2061945789797335,0.49999999999999434,-0.36156482027080056
6,105.0,200.0,0.0,100,2032191003,1.6061945789797107,0.0,-0.36156482027080056
6,105.0,200.0,0.0,101,2032191003,-2.0938054210202495,0.0,0.6384351797292008
6,105.0,200.0,0.0,102,2032191003,-0.8938054210202608,0.49999999999999434,0.13843517972920016
6,105.0,200.0,0.0,103,2032191003,0.10619457897973916,-0.49999999999999434,-0.8615648202708013
6,105.0,200.0,0.0,104,2032191003,-2.193805421020272,0.49999999999999434,-0.36156482027080056
6,105.0,200.0,0.0,105,2032191003,0.9061945789797221,0.0,-0.36156482027080056
6,105.0,200.0,0.0,106,2032191003,-0.39380542102026084,0.0,0.13843517972920016
6,105.0,200.0,0.0,107,2032191003,1.8061945789797278,0.0,-0.36156482027080056
6,105.0,200.0,0.0,108,2032191003,-0.9938054210202552,0.49999999999999434,-0.36156482027080056
6,105.0,200.0,0.0,109,2032191003,2.1061945789797107,0.9999999999999887,-1.3615648202707988
6,105.0,200.0,0.0,110,2032191003,1.0061945789797164,-0.49999999999999434,1.1384351797292016
6,105.0,200.0,0.0,111,2032191003,-0.5938054210202779,0.0,-0.36156482027080056
6,105.0,200.0,0.0,112,2032191003,2.406194578979722,0.0,-0.36156482027080056
6,105.0,200.0,0.0,113,2032191003,0.9061945789797221,-0.49999999999999434,1.1384351797292016
6,105.0,200.0,0.0,114,2032191003,0.20619457897973348,0.0,-0.36156482027080056
6,105.0,200.0,0.0,115,2032191003,1.5061945789797164,1.5000000000000084,0.6384351797292008
6,105.0,200.0,0.0,116,2032191003,-0.8938054210202608,0.49999999999999434,-0.36156482027080056
6,105.0,200.0,0.0,117,2032191003,0.5061945789797164,0.0,-0.36156482027080056
6,105.0,200.0,0.0,118,2032191003,-0.39380542102026084,0.9999999999999887,1.6384351797292023
6,105.0,200.0,0.0,119,2032191003,-0.8938054210202608,0.9999999999999887,-0.36156482027080056
6,105.0,200.0,0.0,120,2032191003,-1.3938054210202608,0.0,0.13843517972920016
6,105.0,200.0,0.0,121,2032191003,1.906194578979722,0.49999999999999434,-0.36156482027080056
6,105.0,200.0,0.0,122,2032191003,0.4061945789797221,0.0,0.13843517972920016
6,105.0,200.0,0.0,123,2032191003,1.5061945789797164,0.0,0.13843517972920016
6,105.0,200.0,0.0,124,2032191003,2.6061945789797107,0.49999999999999434,-0.8615648202708013
6,105.0,200.0,0.0,125,2032191003,0.5061945789797164,-0.9999999999999887,0.13843517972920016
6,105.0,200.0,0.0,126,2032191003,1.3061945789797278,0.0,0.13843517972920016
6,105.0,200.0,0.0,127,2032191003,-0.1938054210202722,0.49999999999999434,1.1384351797292016
6,105.0,200.0,0.0,128,2032191003,0.10619457897973916,0.0,-0.8615648202708013
6,105.0,200.0,0.0,129,2032191003,-1.9938054210202552,0.0,0.6384351797292008
6,105.0,200.0,0.0,130,2032191003,0.4061945789797221,0.0,0.13843517972920016
6,105.0,200.0,0.0,131,2032191003,-0.09380542102027789,0.9999999999999887,0.6384351797292008
6,105.0,200.0,0.0,132,2032191003,1.1061945789797392,0.49999999999999434,0.13843517972920016
6,105.0,200.0,0.0,133,2032191003,0.10619457897973916,0.0,0.13843517972920016
6,105.0,200.0,0.0,134,2032191003,0.5061945789797164,0.0,0.6384351797292008
6,105.0,200.0,0.0,135,2032191003,-1.4938054210202552,0.0,-0.8615648202708013
6,105.0,200.0,0.0,136,2032191003,1.406194578979722,-0.9999999999999887,0.13843517972920016
6,105.0,200.0,0.0,137,2032191003,-0.6938054210202722,0.0,-0.8615648202708013
6,105.0,200.0,0.0,138,2032191003,1.5061945789797164,-0.49999999999999434,-0.36156482027080056
6,105.0,200.0,0.0,139,2032191003,0.7061945789797335,0.0,0.13843517972920016
6,105.0,200.0,0.0,140,2032191003,0.8061945789797278,0.49999999999999434,0.6384351797292008
6,105.0,200.0,0.0,141,2032191003,2.1061945789797107,0.49999999999999434,0.6384351797292008
6,105.0,200.0,0.0,142,2032191003,-0.1938054210202722,0.9999999999999887,0.13843517972920016
6,105.0,200.0,0.0,143,2032191003,-0.9938054210202552,-0.49999999999999434,0.13843517972920016
6,105.0,200.0,0.0,144,2032191003,0.006194578979744847,-0.49999999999999434,-0.8615648202708013
6,105.0,200.0,0.0,145,2032191003,-1.093805421020278,-0.49999999999999434,-0.8615648202708013
6,105.0,200.0,0.0,146,2032191003,-0.7938054210202665,0.49999999999999434,0.6384351797292008
6,105.0,200.0,0.0,147,2032191003,1.5061945789797164,-0.9999999999999887,-0.36156482027080056
6,105.0,200.0,0.0,148,2032191003,-0.39380542102026084,0.0,-0.36156482027080056
6,105.0,200.0,0.0,149,2032191003,-1.1938054210202722,0.9999999999999887,0.6384351797292008
6,105.0,200.0,0.0,150,2032191003,0.5061945789797164,-0.9999999999999887,0.6384351797292008
6,105.0,200.0,0.0,151,2032191003,-0.49380542102025515,0.0,0.13843517972920016
6,105.0,200.0,0.0,152,2032191003,-1.4938054210202552,0.49999999999999434,-1.3615648202707988
6,105.0,200.0,0.0,153,2032191003,1.3061945789797278,-0.49999999999999434,-0.36156482027080056
6,105.0,200.0,0.0,154,2032191003,0.7061945789797335,0.9999999999999887,0.13843517972920016
6,105.0,200.0,0.0,155,2032191003,0.10619457897973916,0.0,-0.8615648202708013
6,105.0,200.0,0.0,156,2032191003,-0.5938054210202779,-0.49999999999999434,-0.36156482027080056
6,105.0,200.0,0.0,157,2032191003,-0.1938054210202722,-0.49999999999999434,-0.36156482027080056
6,105.0,200.0,0.0,158,2032191003,1.0061945789797164,0.49999999999999434,-0.36156482027080056
6,105.0,200.0,0.0,159,2032191003,-0.5938054210202779,-0.49999999999999434,0.6384351797292008
6,105.0,200.0,0.0,160,2032191003,-0.9938054210202552,-0.49999999999999434,0.13843517972920016
6,105.0,200.0,0.0,161,2032191003,-3.0938054210202495,-0.9999999999999887,0.13843517972920016
6,105.0,200.0,0.0,162,2032191003,2.906194578979722,0.0,1.1384351797292016
6,105.0,200.0,0.0,163,2032191003,-0.2938054210202665,0.0,1.6384351797292023
6,105.0,200.0,0.0,164,2032191003,0.006194578979744847,0.0,-0.36156482027080056
6,105.0,200.0,0.0,165,2032191003,-1.2938054210202665,-0.9999999999999887,0.6384351797292008
6,105.0,200.0,0.0,166,2032191003,2.2061945789797335,0.9999999999999887,0.13843517972920016
6,105.0,200.0,0.0,167,2032191003,-0.1938054210202722,0.0,0.13843517972920016
6,105.0,200.0,0.0,168,2032191003,-0.5938054210202779,0.0,-0.36156482027080056
6,105.0,200.0,0.0,169,2032191003,0.20619457897973348,-0.49999999999999434,1.1384351797292016
6,105.0,200.0,0.0,170,2032191003,-0.09380542102027789,0.0,0.13843517972920016
6,105.0,200.0,0.0,171,2032191003,-1.2938054210202665,0.0,0.13843517972920016
6,105.0,200.0,0.0,172,2032191003,0.10619457897973916,0.0,-0.8615648202708013
6,105.0,200.0,0.0,173,2032191003,0.4061945789797221,-0.49999999999999434,-0.36156482027080056
6,105.0,200.0,0.0,174,2032191003,-0.09380542102027789,0.0,-0.36156482027080056
6,105.0,200.0,0.0,175,2032191003,-1.4938054210202552,-0.49999999999999434,-0.36156482027080056
6,105.0,200.0,0.0,176,2032191003,1.0061945789797164,-0.49999999999999434,1.1384351797292016
6,105.0,200.0,0.0,177,2032191003,-2.393805421020261,0.0,0.13843517972920016
6,105.0,200.0,0.0,178,2032191003,-1.1938054210202722,-0.49999999999999434,0.6384351797292008
6,105.0,200.0,0.0,179,2032191003,-0.09380542102027789,0.0,0.13843517972920016
6,105.0,200.0,0.0,180,2032191003,-3.0938054210202495,0.0,-0.36156482027080056
6,105.0,200.0,0.0,181,2032191003,0.20619457897973348,-0.49999999999999434,-0.36156482027080056
6,105.0,200.0,0.0,182,2032191003,2.5061945789797164,0.49999999999999434,0.13843517972920016
6,105.0,200.0,0.0,183,2032191003,-1.8938054210202608,0.49999999999999434,-0.8615648202708013
6,105.0,200.0,0.0,184,2032191003,1.1061945789797392,-0.49999999999999434,0.6384351797292008
6,105.0,200.0,0.0,185,2032191003,0.6061945789797392,0.9999999999999887,0.13843517972920016
6,105.0,200.0,0.0,186,2032191003,1.0061945789797164,0.0,0.6384351797292008
6,105.0,200.0,0.0,187,2032191003,-0.9938054210202552,-0.49999999999999434,-0.36156482027080056
6,105.0,200.0,0.0,188,2032191003,1.2061945789797335,0.9999999999999887,-1.3615648202707988
6,105.0,200.0,0.0,189,2032191003,0.9061945789797221,0.49999999999999434,0.13843517972920016
6,105.0,200.0,0.0,190,2032191003,-2.7938054210202665,-0.9999999999999887,0.6384351797292008
6,105.0,200.0,0.0,191,2032191003,0.10619457897973916,0.0,0.13843517972920016
6,105.0,200.0,0.0,192,2032191003,-1.7938054210202665,0.49999999999999434,-0.36156482027080056
6,105.0,200.0,0.0,193,2032191003,1.906194578979722,-0.49999999999999434,-0.36156482027080056
6,105.0,200.0,0.0,194,2032191003,2.806194578979728,1.5000000000000084,-0.8615648202708013
6,105.0,200.0,0.0,195,2032191003,1.5061945789797164,0.49999999999999434,-0.36156482027080056
6,105.0,200.0,0.0,196,2032191003,0.10619457897973916,0.0,0.13843517972920016
6,105.0,200.0,0.0,197,2032191003,1.5061945789797164,-0.49999999999999434,-0.36156482027080056
6,105.0,200.0,0.0,198,2032191003,-0.8938054210202608,0.0,0.13843517972920016
6,105.0,200.0,0.0,199,2032191003,-0.5938054210202779,0.0,-0.8615648202708013
6,105.0,200.0,5.0,0,2032191004,-0.09380542102027789,0.0,-0.36156482027080056
6,105.0,200.0,5.0,1,2032191004,0.3061945789797278,0.49999999999999434,0.13843517972920016
6,105.0,200.0,5.0,2,2032191004,1.2061945789797335,0.0,0.13843517972920016
6,105.0,200.0,5.0,3,2032191004,-0.7938054210202665,-0.49999999999999434,-0.36156482027080056
6,105.0,200.0,5.0,4,2032191004,1.1061945789797392,0.0,0.6384351797292008
6,105.0,200.0,5.0,5,2032191004,0.3061945789797278,0.0,-0.36156482027080056
6,105.0,200.0,5.0,6,2032191004,0.006194578979744847,-0.49999999999999434,0.13843517972920016
6,105.0,200.0,5.0,7,2032191004,0.006194578979744847,0.49999999999999434,-0.36156482027080056
6,105.0,200.0,5.0,8,2032191004,-0.2938054210202665,0.0,0.13843517972920016
6,105.0,200.0,5.0,9,2032191004,0.5061945789797164,0.49999999999999434,0.13843517972920016
6,105.0,200.0,5.0,10,2032191004,0.10619457897973916,0.0,-0.36156482027080056
6,105.0,200.0,5.0,11,2032191004,-0.09380542102027789,0.49999999999999434,0.13843517972920016
6,105.0,200.0,5.0,12,2032191004,0.20619457897973348,0.0,0.13843517972920016
6,105.0,200.0,5.0,13,2032191004,-0.7938054210202665,0.49999999999999434,0.13843517972920016
6,105.0,200.0,5.0,14,2032191004,0.10619457897973916,0.0,0.13843517972920016
6,105.0,200.0,5.0,15,2032191004,-0.6938054210202722,-0.49999999999999434,0.13843517972920016
6,105.0,200.0,5.0,16,2032191004,-0.39380542102026084,-0.49999999999999434,0.13843517972920016
6,105.0,200.0,5.0,17,2032191004,0.20619457897973348,-0.49999999999999434,0.6384351797292008
6,105.0,200.0,5.0,18,2032191004,-0.5938054210202779,0.49999999999999434,0.13843517972920016
6,105.0,200.0,5.0,19,2032191004,-0.09380542102027789,0.0,0.13843517972920016
6,105.0,200.0,5.0,20,2032191004,-0.8938054210202608,0.0,-0.36156482027080056
6,105.0,200.0,5.0,21,2032191004,-1.093805421020278,0.49999999999999434,0.6384351797292008
6,105.0,200.0,5.0,22,2032191004,0.3061945789797278,0.0,-0.8615648202708013
6,105.0,200.0,5.0,23,2032191004,-0.09380542102027789,-0.49999999999999434,0.6384351797292008
6,105.0,200.0,5.0,24,2032191004,0.20619457897973348,0.0,-0.36156482027080056
6,105.0,200.0,5.0,25,2032191004,-1.1938054210202722,0.0,0.13843517972920016
6,105.0,200.0,5.0,26,2032191004,-0.49380542102025515,0.0,0.13843517972920016
6,105.0,200.0,5.0,27,2032191004,-0.1938054210202722,0.0,-0.36156482027080056
6,105.0,200.0,5.0,28,2032191004,1.2061945789797335,-0.49999999999999434,-0.36156482027080056
6,105.0,200.0,5.0,29,2032191004,0.20619457897973348,0.0,-0.36156482027080056
6,105.0,200.0,5.0,30,2032191004,0.7061945789797335,0.0,0.13843517972920016
6,105.0,200.0,5.0,31,2032191004,0.5061945789797164,0.49999999999999434,0.13843517972920016
6,105.0,200.0,5.0,32,2032191004,0.6061945789797392,0.0,0.13843517972920016
6,105.0,200.0,5.0,33,2032191004,-0.9938054210202552,0.0,-0.36156482027080056
6,105.0,200.0,5.0,34,2032191004,-0.1938054210202722,0.0,0.13843517972920016
6,105.0,200.0,5.0,35,2032191004,1.0061945789797164,0.0,0.6384351797292008
6,105.0,200.0,5.0,36,2032191004,-1.1938054210202722,0.0,-0.36156482027080056
6,105.0,200.0,5.0,37,2032191004,-0.2938054210202665,0.49999999999999434,0.13843517972920016
6,105.0,200.0,5.0,38,2032191004,0.20619457897973348,-0.49999999999999434,0.13843517972920016
6,105.0,200.0,5.0,39,2032191004,-0.7938054210202665,0.49999999999999434,-0.36156482027080056
6,105.0,200.0,5.0,40,2032191004,-0.39380542102026084,0.0,0.13843517972920016
6,105.0,200.0,5.0,41,2032191004,0.6061945789797392,0.49999999999999434,-0.36156482027080056
6,105.0,200.0,5.0,42,2032191004,-0.8938054210202608,-0.49999999999999434,0.13843517972920016
6,105.0,200.0,5.0,43,2032191004,-0.49380542102025515,0.49999999999999434,0.6384351797292008
6,105.0,200.0,5.0,44,2032191004,2.1061945789797107,0.0,0.13843517972920016
6,105.0,200.0,5.0,45,2032191004,-0.6938054210202722,0.0,0.6384351797292008
6,105.0,200.0,5.0,46,2032191004,-1.2938054210202665,0.0,-0.36156482027080056
6,105.0,200.0,5.0,47,2032191004,0.4061945789797221,0.49999999999999434,0.13843517972920016
6,105.0,200.0,5.0,48,2032191004,-0.6938054210202722,0.0,-0.36156482027080056
6,105.0,200.0,5.0,49,2032191004,-0.8938054210202608,0.0,0.13843517972920016
6,105.0,200.0,5.0,50,2032191004,0.4061945789797221,0.0,0.13843517972920016
6,105.0,200.0,5.0,51,2032191004,-0.5938054210202779,0.0,-0.36156482027080056
6,105.0,200.0,5.0,52,2032191004,1.8061945789797278,0.0,0.6384351797292008
6,105.0,200.0,5.0,53,2032191004,-0.39380542102026084,0.0,-0.36156482027080056
6,105.0,200.0,5.0,54,2032191004,-0.5938054210202779,-0.49999999999999434,0.6384351797292008
6,105.0,200.0,5.0,55,2032191004,-0.9938054210202552,0.0,0.13843517972920016
6,105.0,200.0,5.0,56,2032191004,-0.1938054210202722,0.49999999999999434,-0.36156482027080056
6,105.0,200.0,5.0,57,2032191004,-0.1938054210202722,0.0,0.13843517972920016
6,105.0,200.0,5.0,58,2032191004,0.20619457897973348,0.49999999999999434,0.13843517972920016
6,105.0,200.0,5.0,59,2032191004,-0.8938054210202608,0.0,-0.36156482027080056
6,105.0,200.0,5.0,60,2032191004,0.6061945789797392,0.0,0.13843517972920016
6,105.0,200.0,5.0,61,2032191004,-0.8938054210202608,0.49999999999999434,-0.36156482027080056
6,105.0,200.0,5.0,62,2032191004,0.10619457897973916,-0.49999999999999434,0.13843517972920016
6,105.0,200.0,5.0,63,2032191004,-0.49380542102025515,0.0,0.13843517972920016
6,105.0,200.0,5.0,64,2032191004,0.3061945789797278,0.49999999999999434,0.13843517972920016
6,105.0,200.0,5.0,65,2032191004,0.20619457897973348,0.49999999999999434,-0.36156482027080056
6,105.0,200.0,5.0,66,2032191004,-0.09380542102027789,0.49999999999999434,0.13843517972920016
6,105.0,200.0,5.0,67,2032191004,0.4061945789797221,0.0,-0.36156482027080056
6,105.0,200.0,5.0,68,2032191004,-0.49380542102025515,0.0,-0.36156482027080056
6,105.0,200.0,5.0,69,2032191004,-0.7938054210202665,-0.49999999999999434,0.13843517972920016
6,105.0,200.0,5.0,70,2032191004,0.6061945789797392,0.49999999999999434,-0.36156482027080056
6,105.0,200.0,5.0,71,2032191004,-0.7938054210202665,0.0,0.13843517972920016
6,105.0,200.0,5.0,72,2032191004,1.3061945789797278,-0.49999999999999434,0.6384351797292008
6,105.0,200.0,5.0,73,2032191004,0.9061945789797221,0.0,0.13843517972920016
6,105.0,200.0,5.0,74,2032191004,-0.2938054210202665,0.0,-0.36156482027080056
6,105.0,200.0,5.0,75,2032191004,-0.5938054210202779,0.49999999999999434,-0.36156482027080056
6,105.0,200.0,5.0,76,2032191004,1.3061945789797278,0.0,-0.36156482027080056
6,105.0,200.0,5.0,77,2032191004,-0.49380542102025515,0.0,0.13843517972920016
6,105.0,200.0,5.0,78,2032191004,0.4061945789797221,-0.49999999999999434,0.13843517972920016
6,105.0,200.0,5.0,79,2032191004,1.2061945789797335,0.49999999999999434,-0.36156482027080056
6,105.0,200.0,5.0,80,2032191004,0.7061945789797335,0.0,-0.36156482027080056
6,105.0,200.0,5.0,81,2032191004,0.20619457897973348,0.0,-0.36156482027080056
6,105.0,200.0,5.0,82,2032191004,0.4061945789797221,0.0,0.13843517972920016
6,105.0,200.0,5.0,83,2032191004,0.006194578979744847,-0.49999999999999434,0.6384351797292008
6,105.0,200.0,5.0,84,2032191004,-0.09380542102027789,0.49999999999999434,0.6384351797292008
6,105.0,200.0,5.0,85,2032191004,0.006194578979744847,-0.49999999999999434,0.13843517972920016
6,105.0,200.0,5.0,86,2032191004,-0.1938054210202722,0.0,-0.36156482027080056
6,105.0,200.0,5.0,87,2032191004,0.6061945789797392,0.0,0.13843517972920016
6,105.0,200.0,5.0,88,2032191004,-0.8938054210202608,0.49999999999999434,0.13843517972920016
6,105.0,200.0,5.0,89,2032191004,2.806194578979728,0.0,0.13843517972920016
6,105.0,200.0,5.0,90,2032191004,-0.39380542102026084,0.49999999999999434,0.13843517972920016
6,105.0,200.0,5.0,91,2032191004,0.4061945789797221,-0.49999999999999434,-0.36156482027080056
6,105.0,200.0,5.0,92,2032191004,-1.093805421020278,-0.49999999999999434,0.13843517972920016
6,105.0,200.0,5.0,93,2032191004,1.1061945789797392,-0.49999999999999434,-0.8615648202708013
6,105.0,200.0,5.0,94,2032191004,-0.5938054210202779,-0.49999999999999434,-0.36156482027080056
6,105.0,200.0,5.0,95,2032191004,-1.1938054210202722,0.0,0.13843517972920016
6,105.0,200.0,5.0,96,2032191004,-0.1938054210202722,0.0,-0.36156482027080056
6,105.0,200.0,5.0,97,2032191004,-1.093805421020278,0.0,0.13843517972920016
6,105.0,200.0,5.0,98,2032191004,0.3061945789797278,0.0,0.13843517972920016
6,105.0,200.0,5.0,99,2032191004,-1.6938054210202722,0.49999999999999434,-0.36156482027080056
6,105.0,200.0,5.0,100,2032191004,-0.49380542102025515,0.49999999999999434,0.13843517972920016
6,105.0,200.0,5.0,101,2032191004,0.6061945789797392,0.0,-0.36156482027080056
6,105.0,200.0,5.0,102,2032191004,-0.09380542102027789,0.0,0.13843517972920016
6,105.0,200.0,5.0,103,2032191004,-0.7938054210202665,0.0,0.13843517972920016
6,105.0,200.0,5.0,104,2032191004,0.20619457897973348,0.49999999999999434,0.13843517972920016
6,105.0,200.0,5.0,105,2032191004,0.7061945789797335,0.0,-0.36156482027080056
6,105.0,200.0,5.0,106,2032191004,0.3061945789797278,-0.49999999999999434,0.13843517972920016
6,105.0,200.0,5.0,107,2032191004,0.4061945789797221,-0.49999999999999434,-0.36156482027080056
6,105.0,200.0,5.0,108,2032191004,-0.6938054210202722,0.0,-0.36156482027080056
6,105.0,200.0,5.0,109,2032191004,-1.1938054210202722,0.49999999999999434,0.13843517972920016
6,105.0,200.0,5.0,110,2032191004,-0.5938054210202779,0.9999999999999887,0.13843517972920016
6,105.0,200.0,5.0,111,2032191004,0.3061945789797278,0.0,-0.36156482027080056
6,105.0,200.0,5.0,112,2032191004,-0.1938054210202722,0.0,0.13843517972920016
6,105.0,200.0,5.0,113,2032191004,-0.1938054210202722,0.0,-0.36156482027080056
6,105.0,200.0,5.0,114,2032191004,-0.39380542102026084,0.49999999999999434,-0.36156482027080056
6,105.0,200.0,5.0,115,2032191004,1.8061945789797278,0.0,0.13843517972920016
6,105.0,200.0,5.0,116,2032191004,0.006194578979744847,0.0,-0.36156482027080056
6,105.0,200.0,5.0,117,2032191004,-0.39380542102026084,0.0,-0.36156482027080056
6,105.0,200.0,5.0,118,2032191004,-0.49380542102025515,0.0,-0.36156482027080056
6,105.0,200.0,5.0,119,2032191004,-0.2938054210202665,0.49999999999999434,0.13843517972920016
6,105.0,200.0,5.0,120,2032191004,-0.1938054210202722,0.0,0.13843517972920016
6,105.0,200.0,5.0,121,2032191004,-0.1938054210202722,-0.49999999999999434,0.13843517972920016
6,105.0,200.0,5.0,122,2032191004,0.8061945789797278,0.0,0.13843517972920016
6,105.0,200.0,5.0,123,2032191004,-0.5938054210202779,0.0,-0.36156482027080056
6,105.0,200.0,5.0,124,2032191004,0.6061945789797392,0.0,-0.8615648202708013
6,105.0,200.0,5.0,125,2032191004,0.3061945789797278,0.0,0.13843517972920016
6,105.0,200.0,5.0,126,2032191004,0.4061945789797221,0.49999999999999434,-0.36156482027080056
6,105.0,200.0,5.0,127,2032191004,1.406194578979722,0.0,-0.36156482027080056
6,105.0,200.0,5.0,128,2032191004,-1.093805421020278,0.0,0.13843517972920016
6,105.0,200.0,5.0,129,2032191004,1.0061945789797164,-0.49999999999999434,0.6384351797292008
6,105.0,200.0,5.0,130,2032191004,0.9061945789797221,0.0,0.6384351797292008
6,105.0,200.0,5.0,131,2032191004,-0.1938054210202722,-0.49999999999999434,-0.36156482027080056
6,105.0,200.0,5.0,132,2032191004,-0.7938054210202665,-0.49999999999999434,0.13843517972920016
6,105.0,200.0,5.0,133,2032191004,0.006194578979744847,0.0,-0.36156482027080056
6,105.0,200.0,5.0,134,2032191004,0.9061945789797221,-0.49999999999999434,-0.36156482027080056
6,105.0,200.0,5.0,135,2032191004,0.9061945789797221,0.0,0.13843517972920016
6,105.0,200.0,5.0,136,2032191004,-1.093805421020278,-0.49999999999999434,-0.36156482027080056
6,105.0,200.0,5.0,137,2032191004,-0.6938054210202722,-0.49999999999999434,0.13843517972920016
6,105.0,200.0,5.0,138,2032191004,0.20619457897973348,0.9999999999999887,0.13843517972920016
6,105.0,200.0,5.0,139,2032191004,0.9061945789797221,-0.49999999999999434,0.13843517972920016
6,105.0,200.0,5.0,140,2032191004,-0.49380542102025515,0.0,-0.36156482027080056
6,105.0,200.0,5.0,141,2032191004,0.006194578979744847,0.49999999999999434,0.6384351797292008
6,105.0,200.0,5.0,142,2032191004,-0.6938054210202722,0.0,-0.36156482027080056
6,105.0,200.0,5.0,143,2032191004,-0.49380542102025515,0.0,0.13843517972920016
6,105.0,200.0,5.0,144,2032191004,-0.39380542102026084,0.0,-0.36156482027080056
6,105.0,200.0,5.0,145,2032191004,0.20619457897973348,0.0,-0.8615648202708013
6,105.0,200.0,5.0,146,2032191004,0.7061945789797335,0.0,0.13843517972920016
6,105.0,200.0,5.0,147,2032191004,0.3061945789797278,0.0,0.13843517972920016
6,105.0,200.0,5.0,148,2032191004,-1.1938054210202722,-0.49999999999999434,-0.36156482027080056
6,105.0,200.0,5.0,149,2032191004,1.2061945789797335,0.49999999999999434,-0.36156482027080056
6,105.0,200.0,5.0,150,2032191004,-0.2938054210202665,0.0,0.13843517972920016
6,105.0,200.0,5.0,151,2032191004,-0.49380542102025515,0.0,0.13843517972920016
6,105.0,200.0,5.0,152,2032191004,0.006194578979744847,0.0,0.6384351797292008
6,105.0,200.0,5.0,153,2032191004,1.3061945789797278,0.0,-0.36156482027080056
6,105.0,200.0,5.0,154,2032191004,-1.2938054210202665,0.0,-0.36156482027080056
6,105.0,200.0,5.0,155,2032191004,1.6061945789797107,-0.49999999999999434,0.13843517972920016
6,105.0,200.0,5.0,156,2032191004,-0.39380542102026084,0.0,0.13843517972920016
6,105.0,200.0,5.0,157,2032191004,-0.9938054210202552,0.0,0.13843517972920016
6,105.0,200.0,5.0,158,2032191004,0.20619457897973348,-0.49999999999999434,-0.36156482027080056
6,105.0,200.0,5.0,159,2032191004,0.8061945789797278,0.0,0.6384351797292008
6,105.0,200.0,5.0,160,2032191004,-1.1938054210202722,-0.49999999999999434,0.13843517972920016
6,105.0,200.0,5.0,161,2032191004,-0.2938054210202665,-0.49999999999999434,0.13843517972920016
6,105.0,200.0,5.0,162,2032191004,0.20619457897973348,0.0,-0.36156482027080056
6,105.0,200.0,5.0,163,2032191004,0.7061945789797335,0.0,0.13843517972920016
6,105.0,200.0,5.0,164,2032191004,-0.09380542102027789,0.0,-0.36156482027080056
6,105.0,200.0,5.0,165,2032191004,0.4061945789797221,0.49999999999999434,0.13843517972920016
6,105.0,200.0,5.0,166,2032191004,-0.8938054210202608,0.49999999999999434,-0.36156482027080056
6,105.0,200.0,5.0,167,2032191004,-0.8938054210202608,0.0,0.13843517972920016
6,105.0,200.0,5.0,168,2032191004,0.10619457897973916,0.0,0.13843517972920016
6,105.0,200.0,5.0,169,2032191004,0.20619457897973348,-0.49999999999999434,-0.36156482027080056
6,105.0,200.0,5.0,170,2032191004,-0.7938054210202665,0.0,-0.36156482027080056
6,105.0,200.0,5.0,171,2032191004,0.7061945789797335,0.0,0.13843517972920016
6,105.0,200.0,5.0,172,2032191004,-1.593805421020278,0.0,-0.36156482027080056
6,105.0,200.0,5.0,173,2032191004,-0.49380542102025515,0.0,0.6384351797292008
6,105.0,200.0,5.0,174,2032191004,1.2061945789797335,0.0,-0.36156482027080056
6,105.0,200.0,5.0,175,2032191004,0.4061945789797221,0.0,0.13843517972920016
6,105.0,200.0,5.0,176,2032191004,-0.49380542102025515,0.0,0.13843517972920016
6,105.0,200.0,5.0,177,2032191004,-0.49380542102025515,-0.49999999999999434,-0.36156482027080056
6,105.0,200.0,5.0,178,2032191004,0.20619457897973348,0.0,-0.36156482027080056
6,105.0,200.0,5.0,179,2032191004,-0.5938054210202779,0.0,0.13843517972920016
6,105.0,200.0,5.0,180,2032191004,-0.09380542102027789,0.0,0.13843517972920016
6,105.0,200.0,5.0,181,2032191004,-0.9938054210202552,-0.49999999999999434,0.13843517972920016
6,105.0,200.0,5.0,182,2032191004,-0.9938054210202552,0.49999999999999434,0.13843517972920016
6,105.0,200.0,5.0,183,2032191004,0.4061945789797221,0.0,0.13843517972920016
6,105.0,200.0,5.0,184,2032191004,0.3061945789797278,0.49999999999999434,0.13843517972920016
6,105.0,200.0,5.0,185,2032191004,0.006194578979744847,-0.49999999999999434,-0.36156482027080056
6,105.0,200.0,5.0,186,2032191004,-0.6938054210202722,0.49999999999999434,0.13843517972920016
6,105.0,200.0,5.0,187,2032191004,0.7061945789797335,0.0,0.13843517972920016
6,105.0,200.0,5.0,188,2032191004,-0.1938054210202722,0.0,0.13843517972920016
6,105.0,200.0,5.0,189,2032191004,0.8061945789797278,0.0,0.13843517972920016
6,105.0,200.0,5.0,190,2032191004,-0.8938054210202608,-0.49999999999999434,0.13843517972920016
6,105.0,200.0,5.0,191,2032191004,0.8061945789797278,0.49999999999999434,0.13843517972920016
6,105.0,200.0,5.0,192,2032191004,-0.9938054210202552,-0.49999999999999434,0.13843517972920016
6,105.0,200.0,5.0,193,2032191004,0.8061945789797278,0.0,0.6384351797292008
6,105.0,200.0,5.0,194,2032191004,-1.093805421020278,-0.49999999999999434,0.13843517972920016
6,105.0,200.0,5.0,195,2032191004,-0.6938054210202722,0.0,-0.36156482027080056
6,105.0,200.0,5.0,196,2032191004,-0.5938054210202779,0.0,-0.36156482027080056
6,105.0,200.0,5.0,197,2032191004,0.3061945789797278,0.49999999999999434,0.13843517972920016
6,105.0,200.0,5.0,198,2032191004,0.20619457897973348,-0.49999999999999434,0.13843517972920016
6,105.0,200.0,5.0,199,2032191004,0.3061945789797278,0.0,0.13843517972920016
6,105.0,200.0,10.0,0,2032191005,-0.7938054210202665,0.0,0.13843517972920016
6,105.0,200.0,10.0,1,2032191005,0.3061945789797278,0.0,0.13843517972920016
6,105.0,200.0,10.0,2,2032191005,-0.1938054210202722,0.0,0.13843517972920016
6,105.0,200.0,10.0,3,2032191005,-0.7938054210202665,0.0,0.13843517972920016
6,105.0,200.0,10.0,4,2032191005,-0.09380542102027789,0.0,0.13843517972920016
6,105.0,200.0,10.0,5,2032191005,-0.09380542102027789,0.0,0.13843517972920016
6,105.0,200.0,10.0,6,2032191005,-0.09380542102027789,0.0,0.13843517972920016
6,105.0,200.0,10.0,7,2032191005,0.5061945789797164,0.0,0.13843517972920016
6,105.0,200.0,10.0,8,2032191005,-0.1938054210202722,0.0,0.13843517972920016
6,105.0,200.0,10.0,9,2032191005,0.006194578979744847,0.49999999999999434,0.13843517972920016
6,105.0,200.0,10.0,10,2032191005,0.3061945789797278,0.0,0.13843517972920016
6,105.0,200.0,10.0,11,2032191005,0.3061945789797278,0.0,0.13843517972920016
6,105.0,200.0,10.0,12,2032191005,0.4061945789797221,0.0,0.13843517972920016
6,105.0,200.0,10.0,13,2032191005,-0.09380542102027789,0.0,-0.36156482027080056
6,105.0,200.0,10.0,14,2032191005,0.3061945789797278,0.0,0.13843517972920016
6,105.0,200.0,10.0,15,2032191005,0.20619457897973348,0.0,0.13843517972920016
6,105.0,200.0,10.0,16,2032191005,0.10619457897973916,0.0,0.13843517972920016
6,105.0,200.0,10.0,17,2032191005,-0.09380542102027789,0.0,0.6384351797292008
6,105.0,200.0,10.0,18,2032191005,0.006194578979744847,0.0,0.13843517972920016
6,105.0,200.0,10.0,19,2032191005,0.20619457897973348,0.0,-0.36156482027080056
6,105.0,200.0,10.0,20,2032191005,0.5061945789797164,0.0,0.13843517972920016
6,105.0,200.0,10.0,21,2032191005,-0.1938054210202722,0.0,0.13843517972920016
6,105.0,200.0,10.0,22,2032191005,-0.9938054210202552,0.49999999999999434,0.13843517972920016
6,105.0,200.0,10.0,23,2032191005,0.3061945789797278,0.0,0.13843517972920016
6,105.0,200.0,10.0,24,2032191005,0.006194578979744847,0.0,-0.36156482027080056
6,105.0,200.0,10.0,25,2032191005,0.006194578979744847,0.0,0.13843517972920016
6,105.0,200.0,10.0,26,2032191005,-0.39380542102026084,0.0,-0.36156482027080056
6,105.0,200.0,10.0,27,2032191005,-0.09380542102027789,0.0,0.13843517972920016
6,105.0,200.0,10.0,28,2032191005,-0.09380542102027789,0.0,0.13843517972920016
6,105.0,200.0,10.0,29,2032191005,0.10619457897973916,0.0,0.13843517972920016
6,105.0,200.0,10.0,30,2032191005,-0.09380542102027789,0.0,0.13843517972920016
6,105.0,200.0,10.0,31,2032191005,-0.5938054210202779,0.0,-0.36156482027080056
6,105.0,200.0,10.0,32,2032191005,0.6061945789797392,0.0,0.13843517972920016
6,105.0,200.0,10.0,33,2032191005,0.10619457897973916,0.0,-0.36156482027080056
6,105.0,200.0,10.0,34,2032191005,-0.09380542102027789,0.0,-0.36156482027080056
6,105.0,200.0,10.0,35,2032191005,0.006194578979744847,-0.49999999999999434,0.13843517972920016
6,105.0,200.0,10.0,36,2032191005,0.20619457897973348,-0.49999999999999434,0.13843517972920016
6,105.0,200.0,10.0,37,2032191005,-0.49380542102025515,0.0,-0.36156482027080056
6,105.0,200.0,10.0,38,2032191005,0.6061945789797392,0.0,0.13843517972920016
6,105.0,200.0,10.0,39,2032191005,0.3061945789797278,0.0,0.13843517972920016
6,105.0,200.0,10.0,40,2032191005,0.10619457897973916,0.49999999999999434,0.13843517972920016
6,105.0,200.0,10.0,41,2032191005,-0.2938054210202665,0.0,-0.36156482027080056
6,105.0,200.0,10.0,42,2032191005,-0.49380542102025515,0.0,0.13843517972920016
6,105.0,200.0,10.0,43,2032191005,0.10619457897973916,0.0,0.13843517972920016
6,105.0,200.0,10.0,44,2032191005,0.5061945789797164,0.0,-0.36156482027080056
6,105.0,200.0,10.0,45,2032191005,-0.8938054210202608,0.0,0.13843517972920016
6,105.0,200.0,10.0,46,2032191005,0.006194578979744847,0.0,-0.36156482027080056
6,105.0,200.0,10.0,47,2032191005,0.8061945789797278,0.49999999999999434,0.13843517972920016
6,105.0,200.0,10.0,48,2032191005,0.4061945789797221,-0.49999999999999434,-0.36156482027080056
6,105.0,200.0,10.0,49,2032191005,-0.5938054210202779,-0.49999999999999434,0.13843517972920016
6,105.0,200.0,10.0,50,2032191005,0.8061945789797278,0.49999999999999434,0.13843517972920016
6,105.0,200.0,10.0,51,2032191005,-0.2938054210202665,0.0,0.13843517972920016
6,105.0,200.0,10.0,52,2032191005,0.9061945789797221,0.0,0.13843517972920016
6,105.0,200.0,10.0,53,2032191005,-0.5938054210202779,0.0,0.13843517972920016
6,105.0,200.0,10.0,54,2032191005,-0.49380542102025515,0.0,0.13843517972920016
6,105.0,200.0,10.0,55,2032191005,0.3061945789797278,0.0,0.13843517972920016
6,105.0,200.0,10.0,56,2032191005,0.6061945789797392,0.0,0.13843517972920016
6,105.0,200.0,10.0,57,2032191005,0.3061945789797278,-0.49999999999999434,0.13843517972920016
6,105.0,200.0,10.0,58,2032191005,-0.09380542102027789,0.0,0.13843517972920016
6,105.0,200.0,10.0,59,2032191005,-0.09380542102027789,0.0,0.13843517972920016
6,105.0,200.0,10.0,60,2032191005,-0.09380542102027789,0.0,-0.36156482027080056
6,105.0,200.0,10.0,61,2032191005,0.20619457897973348,-0.49999999999999434,-0.36156482027080056
6,105.0,200.0,10.0,62,2032191005,-0.09380542102027789,0.0,-0.36156482027080056
6,105.0,200.0,10.0,63,2032191005,0.10619457897973916,0.0,-0.36156482027080056
6,105.0,200.0,10.0,64,2032191005,0.5061945789797164,0.0,0.13843517972920016
6,105.0,200.0,10.0,65,2032191005,0.3061945789797278,0.0,0.13843517972920016
6,105.0,200.0,10.0,66,2032191005,0.3061945789797278,0.0,0.13843517972920016
6,105.0,200.0,10.0,67,2032191005,0.6061945789797392,0.0,0.13843517972920016
6,105.0,200.0,10.0,68,2032191005,-0.5938054210202779,0.0,-0.36156482027080056
6,105.0,200.0,10.0,69,2032191005,0.20619457897973348,-0.49999999999999434,0.13843517972920016
6,105.0,200.0,10.0,70,2032191005,-0.49380542102025515,0.0,0.13843517972920016
6,105.0,200.0,10.0,71,2032191005,-0.1938054210202722,0.0,-0.36156482027080056
6,105.0,200.0,10.0,72,2032191005,0.006194578979744847,0.0,-0.36156482027080056
6,105.0,200.0,10.0,73,2032191005,0.006194578979744847,0.0,0.13843517972920016
6,105.0,200.0,10.0,74,2032191005,0.006194578979744847,-0.49999999999999434,0.13843517972920016
6,105.0,200.0,10.0,75,2032191005,0.20619457897973348,0.0,-0.36156482027080056
6,105.0,200.0,10.0,76,2032191005,-0.2938054210202665,0.0,0.13843517972920016
6,105.0,200.0,10.0,77,2032191005,0.3061945789797278,0.0,-0.36156482027080056
6,105.0,200.0,10.0,78,2032191005,0.10619457897973916,0.0,-0.36156482027080056
6,105.0,200.0,10.0,79,2032191005,-0.9938054210202552,0.0,0.13843517972920016
6,105.0,200.0,10.0,80,2032191005,0.5061945789797164,0.0,0.13843517972920016
6,105.0,200.0,10.0,81,2032191005,0.3061945789797278,0.0,0.13843517972920016
6,105.0,200.0,10.0,82,2032191005,-0.5938054210202779,0.0,0.13843517972920016
6,105.0,200.0,10.0,83,2032191005,-0.39380542102026084,0.0,-0.36156482027080056
6,105.0,200.0,10.0,84,2032191005,0.20619457897973348,0.0,0.13843517972920016
6,105.0,200.0,10.0,85,2032191005,-0.49380542102025515,0.0,-0.36156482027080056
6,105.0,200.0,10.0,86,2032191005,0.20619457897973348,0.0,0.13843517972920016
6,105.0,200.0,10.0,87,2032191005,0.20619457897973348,-0.49999999999999434,0.13843517972920016
6,105.0,200.0,10.0,88,2032191005,-0.09380542102027789,0.0,-0.36156482027080056
6,105.0,200.0,10.0,89,2032191005,-0.09380542102027789,0.0,0.13843517972920016
6,105.0,200.0,10.0,90,2032191005,-0.1938054210202722,0.0,0.13843517972920016
6,105.0,200.0,10.0,91,2032191005,0.4061945789797221,0.0,0.13843517972920016
6,105.0,200.0,10.0,92,2032191005,-0.09380542102027789,0.0,-0.36156482027080056
6,105.0,200.0,10.0,93,2032191005,-0.1938054210202722,0.0,0.13843517972920016
6,105.0,200.0,10.0,94,2032191005,-0.49380542102025515,0.0,-0.36156482027080056
6,105.0,200.0,10.0,95,2032191005,-0.39380542102026084,0.0,-0.36156482027080056
6,105.0,200.0,10.0,96,2032191005,0.006194578979744847,0.0,-0.36156482027080056
6,105.0,200.0,10.0,97,2032191005,-0.49380542102025515,0.0,0.13843517972920016
6,105.0,200.0,10.0,98,2032191005,0.10619457897973916,0.0,0.13843517972920016
6,105.0,200.0,10.0,99,2032191005,0.6061945789797392,-0.49999999999999434,0.13843517972920016
6,105.0,200.0,10.0,100,2032191005,-0.5938054210202779,0.0,0.13843517972920016
6,105.0,200.0,10.0,101,2032191005,-0.6938054210202722,0.0,0.13843517972920016
6,105.0,200.0,10.0,102,2032191005,0.006194578979744847,0.0,0.13843517972920016
6,105.0,200.0,10.0,103,2032191005,-0.49380542102025515,0.0,0.13843517972920016
6,105.0,200.0,10.0,104,2032191005,-0.09380542102027789,0.0,-0.36156482027080056
6,105.0,200.0,10.0,105,2032191005,0.10619457897973916,-0.49999999999999434,0.13843517972920016
6,105.0,200.0,10.0,106,2032191005,-0.09380542102027789,0.0,-0.36156482027080056
6,105.0,200.0,10.0,107,2032191005,-0.9938054210202552,0.0,0.13843517972920016
6,105.0,200.0,10.0,108,2032191005,0.006194578979744847,-0.49999999999999434,0.13843517972920016
6,105.0,200.0,10.0,109,2032191005,-0.6938054210202722,0.0,0.13843517972920016
6,105.0,200.0,10.0,110,2032191005,0.4061945789797221,0.0,-0.36156482027080056
6,105.0,200.0,10.0,111,2032191005,0.5061945789797164,-0.49999999999999434,0.13843517972920016
6,105.0,200.0,10.0,112,2032191005,0.10619457897973916,0.0,0.13843517972920016
6,105.0,200.0,10.0,113,2032191005,0.20619457897973348,0.0,0.6384351797292008
6,105.0,200.0,10.0,114,2032191005,0.006194578979744847,0.49999999999999434,0.13843517972920016
6,105.0,200.0,10.0,115,2032191005,0.10619457897973916,0.49999999999999434,0.13843517972920016
6,105.0,200.0,10.0,116,2032191005,-0.2938054210202665,0.0,0.13843517972920016
6,105.0,200.0,10.0,117,2032191005,0.006194578979744847,0.49999999999999434,0.13843517972920016
6,105.0,200.0,10.0,118,2032191005,0.006194578979744847,0.0,0.13843517972920016
6,105.0,200.0,10.0,119,2032191005,0.5061945789797164,0.0,0.13843517972920016
6,105.0,200.0,10.0,120,2032191005,0.9061945789797221,0.0,0.13843517972920016
6,105.0,200.0,10.0,121,2032191005,0.10619457897973916,0.0,0.13843517972920016
6,105.0,200.0,10.0,122,2032191005,-0.7938054210202665,0.0,0.13843517972920016
6,105.0,200.0,10.0,123,2032191005,0.20619457897973348,0.0,0.13843517972920016
6,105.0,200.0,10.0,124,2032191005,0.3061945789797278,0.0,-0.36156482027080056
6,105.0,200.0,10.0,125,2032191005,-0.1938054210202722,0.0,0.13843517972920016
6,105.0,200.0,10.0,126,2032191005,0.6061945789797392,0.0,-0.36156482027080056
6,105.0,200.0,10.0,127,2032191005,0.006194578979744847,0.0,0.13843517972920016
6,105.0,200.0,10.0,128,2032191005,-0.1938054210202722,0.0,0.13843517972920016
6,105.0,200.0,10.0,129,2032191005,-0.7938054210202665,0.0,0.13843517972920016
6,105.0,200.0,10.0,130,2032191005,0.3061945789797278,0.49999999999999434,0.13843517972920016
6,105.0,200.0,10.0,131,2032191005,-0.39380542102026084,0.0,0.13843517972920016
6,105.0,200.0,10.0,132,2032191005,-0.1938054210202722,0.0,0.13843517972920016
6,105.0,200.0,10.0,133,2032191005,-0.2938054210202665,0.0,0.13843517972920016
6,105.0,200.0,10.0,134,2032191005,0.5061945789797164,0.0,-0.36156482027080056
6,105.0,200.0,10.0,135,2032191005,-0.1938054210202722,0.49999999999999434,-0.36156482027080056
6,105.0,200.0,10.0,136,2032191005,0.4061945789797221,0.0,0.13843517972920016
6,105.0,200.0,10.0,137,2032191005,0.006194578979744847,0.0,0.13843517972920016
6,105.0,200.0,10.0,138,2032191005,0.10619457897973916,0.0,-0.36156482027080056
6,105.0,200.0,10.0,139,2032191005,0.10619457897973916,0.0,0.13843517972920016
6,105.0,200.0,10.0,140,2032191005,-0.2938054210202665,0.0,-0.36156482027080056
6,105.0,200.0,10.0,141,2032191005,-0.09380542102027789,0.0,-0.36156482027080056
6,105.0,200.0,10.0,142,2032191005,0.4061945789797221,0.0,0.13843517972920016
6,105.0,200.0,10.0,143,2032191005,-0.1938054210202722,0.0,-0.36156482027080056
6,105.0,200.0,10.0,144,2032191005,0.006194578979744847,0.0,0.13843517972920016
6,105.0,200.0,10.0,145,2032191005,-0.2938054210202665,0.0,0.13843517972920016
6,105.0,200.0,10.0,146,2032191005,-0.8938054210202608,0.0,0.13843517972920016
6,105.0,200.0,10.0,147,2032191005,-0.1938054210202722,-0.49999999999999434,0.13843517972920016
6,105.0,200.0,10.0,148,2032191005,-0.5938054210202779,0.0,0.13843517972920016
6,105.0,200.0,10.0,149,2032191005,0.3061945789797278,0.0,0.13843517972920016
6,105.0,200.0,10.0,150,2032191005,-0.1938054210202722,0.0,0.13843517972920016
6,105.0,200.0,10.0,151,2032191005,-0.09380542102027789,0.0,0.13843517972920016
6,105.0,200.0,10.0,152,2032191005,0.20619457897973348,0.0,0.13843517972920016
6,105.0,200.0,10.0,153,2032191005,0.4061945789797221,0.0,-0.36156482027080056
6,105.0,200.0,10.0,154,2032191005,0.3061945789797278,0.0,0.13843517972920016
6,105.0,200.0,10.0,155,2032191005,0.20619457897973348,0.0,-0.36156482027080056
6,105.0,200.0,10.0,156,2032191005,-0.09380542102027789,-0.49999999999999434,0.13843517972920016
6,105.0,200.0,10.0,157,2032191005,0.006194578979744847,0.0,0.13843517972920016
6,105.0,200.0,10.0,158,2032191005,-0.2938054210202665,0.0,0.13843517972920016
6,105.0,200.0,10.0,159,2032191005,0.006194578979744847,0.0,0.13843517972920016
6,105.0,200.0,10.0,160,2032191005,-0.49380542102025515,0.0,0.13843517972920016
6,105.0,200.0,10.0,161,2032191005,0.5061945789797164,0.0,-0.36156482027080056
6,105.0,200.0,10.0,162,2032191005,0.7061945789797335,0.0,0.13843517972920016
6,105.0,200.0,10.0,163,2032191005,-0.2938054210202665,-0.49999999999999434,0.13843517972920016
6,105.0,200.0,10.0,164,2032191005,-0.6938054210202722,0.49999999999999434,0.13843517972920016
6,105.0,200.0,10.0,165,2032191005,-0.2938054210202665,0.49999999999999434,0.13843517972920016
6,105.0,200.0,10.0,166,2032191005,0.8061945789797278,0.0,-0.36156482027080056
6,105.0,200.0,10.0,167,2032191005,-0.39380542102026084,0.0,0.13843517972920016
6,105.0,200.0,10.0,168,2032191005,0.006194578979744847,0.0,-0.36156482027080056
6,105.0,200.0,10.0,169,2032191005,-0.09380542102027789,0.0,0.13843517972920016
6,105.0,200.0,10.0,170,2032191005,-0.2938054210202665,0.0,0.13843517972920016
6,105.0,200.0,10.0,171,2032191005,0.10619457897973916,0.49999999999999434,0.13843517972920016
6,105.0,200.0,10.0,172,2032191005,0.8061945789797278,0.0,0.13843517972920016
6,105.0,200.0,10.0,173,2032191005,0.006194578979744847,0.0,0.13843517972920016
6,105.0,200.0,10.0,174,2032191005,-0.09380542102027789,0.0,0.13843517972920016
6,105.0,200.0,10.0,175,2032191005,0.5061945789797164,-0.49999999999999434,0.13843517972920016
6,105.0,200.0,10.0,176,2032191005,-0.2938054210202665,0.0,0.13843517972920016
6,105.0,200.0,10.0,177,2032191005,0.3061945789797278,0.0,0.6384351797292008
6,105.0,200.0,10.0,178,2032191005,0.006194578979744847,0.0,-0.36156482027080056
6,105.0,200.0,10.0,179,2032191005,0.10619457897973916,0.0,0.13843517972920016
6,105.0,200.0,10.0,180,2032191005,0.6061945789797392,-0.49999999999999434,0.13843517972920016
6,105.0,200.0,10.0,181,2032191005,-0.5938054210202779,0.0,0.13843517972920016
6,105.0,200.0,10.0,182,2032191005,0.006194578979744847,0.0,0.6384351797292008
6,105.0,200.0,10.0,183,2032191005,0.10619457897973916,0.0,0.13843517972920016
6,105.0,200.0,10.0,184,2032191005,0.006194578979744847,0.0,0.13843517972920016
6,105.0,200.0,10.0,185,2032191005,0.10619457897973916,0.0,0.13843517972920016
6,105.0,200.0,10.0,186,2032191005,-0.39380542102026084,0.0,-0.36156482027080056
6,105.0,200.0,10.0,187,2032191005,-0.39380542102026084,0.0,-0.36156482027080056
6,105.0,200.0,10.0,188,2032191005,-0.09380542102027789,0.0,0.13843517972920016
6,105.0,200.0,10.0,189,2032191005,0.006194578979744847,0.0,0.13843517972920016
6,105.0,200.0,10.0,190,2032191005,0.5061945789797164,0.0,0.13843517972920016
6,105.0,200.0,10.0,191,2032191005,-0.1938054210202722,0.0,0.13843517972920016
6,105.0,200.0,10.0,192,2032191005,0.006194578979744847,0.0,-0.36156482027080056
6,105.0,200.0,10.0,193,2032191005,0.4061945789797221,0.0,0.13843517972920016
6,105.0,200.0,10.0,194,2032191005,0.10619457897973916,0.0,0.13843517972920016
6,105.0,200.0,10.0,195,2032191005,0.4061945789797221,0.0,0.13843517972920016
6,105.0,200.0,10.0,196,2032191005,0.20619457897973348,0.0,0.13843517972920016
6,105.0,200.0,10.0,197,2032191005,-0.2938054210202665,0.0,-0.36156482027080056
6,105.0,200.0,10.0,198,2032191005,0.006194578979744847,0.0,-0.36156482027080056
6,105.0,200.0,10.0,199,2032191005,0.10619457897973916,0.0,0.13843517972920016
7,30.0,200.0,-15.0,0,2032191100,-165.42041975998376,90.0,-43.610047829419095
7,30.0,200.0,-15.0,1,2032191100,1.2795802400156333,-6.000000000000009,0.8899521705809031
7,30.0,200.0,-15.0,2,2032191100,-0.9204197599843553,0.49999999999999434,-2.1100478294190963
7,30.0,200.0,-15.0,3,2032191100,-165.02041975998378,-36.999999999999986,-9.610047829419097
7,30.0,200.0,-15.0,4,2032191100,-93.62041975998402,70.00000000000003,39.389952170580905
7,30.0,200.0,-15.0,5,2032191100,-27.520419759984264,77.0,-6.610047829419097
7,30.0,200.0,-15.0,6,2032191100,19.579580240015588,-52.49999999999999,33.389952170580905
7,30.0,200.0,-15.0,7,2032191100,-44.32041975998419,86.0,-39.110047829419095
7,30.0,200.0,-15.0,8,2032191100,-0.02041975998434964,-2.4999999999999973,3.3899521705809033
7,30.0,200.0,-15.0,9,2032191100,-96.52041975998401,31.999999999999993,-11.610047829419097
7,30.0,200.0,-15.0,10,2032191100,47.97958024001548,-8.500000000000005,-25.610047829419095
7,30.0,200.0,-15.0,11,2032191100,-38.1204197599842,61.49999999999999,-83.1100478294191
7,30.0,200.0,-15.0,12,2032191100,-133.82041975998388,82.50000000000001,32.389952170580905
7,30.0,200.0,-15.0,13,2032191100,-31.520419759984236,40.00000000000001,11.889952170580903
7,30.0,200.0,-15.0,14,2032191100,-128.8204197599839,-28.500000000000007,-41.110047829419095
7,30.0,200.0,-15.0,15,2032191100,2.5795802400156447,4.5,-1.6100478294190965
7,30.0,200.0,-15.0,16,2032191100,47.97958024001548,-90.0,44.38995217058091
7,30.0,200.0,-15.0,17,2032191100,-122.72041975998391,-34.49999999999999,3.889952170580904
7,30.0,200.0,-15.0,18,2032191100,-105.42041975998397,90.0,54.889952170580905
7,30.0,200.0,-15.0,19,2032191100,33.97958024001554,-90.0,35.889952170580905
7,30.0,200.0,-15.0,20,2032191100,43.5795802400155,-46.50000000000001,3.889952170580904
7,30.0,200.0,-15.0,21,2032191100,-2.3204197599843326,-2.4999999999999973,-2.1100478294190963
7,30.0,200.0,-15.0,22,2032191100,-133.92041975998387,37.50000000000001,-47.610047829419095
7,30.0,200.0,-15.0,23,2032191100,-143.92041975998384,-56.0,-12.110047829419099
7,30.0,200.0,-15.0,24,2032191100,-6.6204197599843155,0.9999999999999887,3.3899521705809033
7,30.0,200.0,-15.0,25,2032191100,-9.820419759984304,-4.999999999999995,1.3899521705809037
7,30.0,200.0,-15.0,26,2032191100,-184.32041975998368,33.5,0.8899521705809031
7,30.0,200.0,-15.0,27,2032191100,-6.220419759984338,0.0,4.389952170580903
7,30.0,200.0,-15.0,28,2032191100,43.5795802400155,-90.0,-51.1100478294191
7,30.0,200.0,-15.0,29,2032191100,0.879580240015656,-1.5000000000000084,2.3899521705809037
7,30.0,200.0,-15.0,30,2032191100,-169.62041975998375,60.99999999999997,29.389952170580905
7,30.0,200.0,-15.0,31,2032191100,-70.0204197599841,-11.999999999999991,13.389952170580905
7,30.0,200.0,-15.0,32,2032191100,29.379580240015542,-3.500000000000011,8.889952170580905
7,30.0,200.0,-15.0,33,2032191100,-72.32041975998408,20.999999999999993,-8.110047829419097
7,30.0,200.0,-15.0,34,2032191100,-191.22041975998366,-20.999999999999993,15.389952170580907
7,30.0,200.0,-15.0,35,2032191100,-103.42041975998399,-90.0,-57.610047829419095
7,30.0,200.0,-15.0,36,2032191100,-91.12041975998403,90.0,-58.1100478294191
7,30.0,200.0,-15.0,37,2032191100,-0.12041975998434395,0.9999999999999887,-0.11004782941909672
7,30.0,200.0,-15.0,38,2032191100,-163.52041975998378,6.999999999999997,-41.110047829419095
7,30.0,200.0,-15.0,39,2032191100,-108.52041975998397,90.0,-66.1100478294191
7,30.0,200.0,-15.0,40,2032191100,-42.82041975998419,-6.000000000000009,3.3899521705809033
7,30.0,200.0,-15.0,41,2032191100,24.679580240015554,9.0,-6.110047829419098
7,30.0,200.0,-15.0,42,2032191100,-8.420419759984327,0.9999999999999887,1.8899521705809028
7,30.0,200.0,-15.0,43,2032191100,-140.22041975998386,-4.5,34.889952170580905
7,30.0,200.0,-15.0,44,2032191100,-124.72041975998391,-34.49999999999999,-20.6100478294191
7,30.0,200.0,-15.0,45,2032191100,-89.22041975998403,-3.500000000000011,-29.6100478294191
7,30.0,200.0,-15.0,46,2032191100,-64.62041975998412,-76.5,-34.610047829419095
7,30.0,200.0,-15.0,47,2032191100,-61.02041975998412,-90.0,35.889952170580905
7,30.0,200.0,-15.0,48,2032191100,46.97958024001548,60.5,-25.1100478294191
7,30.0,200.0,-15.0,49,2032191100,-129.0204197599839,-4.5,-35.110047829419095
7,30.0,200.0,-15.0,50,2032191100,-111.32041975998395,-29.999999999999993,-4.110047829419097
7,30.0,200.0,-15.0,51,2032191100,-82.32041975998406,90.0,-79.11004782941909
7,30.0,200.0,-15.0,52,2032191100,-141.62041975998386,9.99999999999999,-11.110047829419097
7,30.0,200.0,-15.0,53,2032191100,-121.82041975998392,9.99999999999999,1.8899521705809028
7,30.0,200.0,-15.0,54,2032191100,-41.720419759984196,-20.999999999999993,-42.1100478294191
7,30.0,200.0,-15.0,55,2032191100,-5.820419759984333,-6.500000000000003,-4.610047829419097
7,30.0,200.0,-15.0,56,2032191100,29.979580240015537,17.00000000000001,-50.610047829419095
7,30.0,200.0,-15.0,57,2032191100,39.879580240015514,-27.0,-34.1100478294191
7,30.0,200.0,-15.0,58,2032191100,-6.320419759984333,-2.0000000000000027,-7.610047829419096
7,30.0,200.0,-15.0,59,2032191100,-129.22041975998388,-80.0,12.889952170580903
7,30.0,200.0,-15.0,60,2032191100,-11.920419759984298,6.000000000000009,-2.610047829419097
7,30.0,200.0,-15.0,61,2032191100,-5.6204197599843155,-4.5,-0.11004782941909672
7,30.0,200.0,-15.0,62,2032191100,47.97958024001548,-22.5,3.3899521705809033
7,30.0,200.0,-15.0,63,2032191100,-52.52041975998415,-38.99999999999999,-17.610047829419095
7,30.0,200.0,-15.0,64,2032191100,12.779580240015605,-9.99999999999999,-5.110047829419097
7,30.0,200.0,-15.0,65,2032191100,1.5795802400156447,4.000000000000005,2.3899521705809037
7,30.0,200.0,-15.0,66,2032191100,-32.12041975998423,-13.000000000000005,-1.1100478294190965
7,30.0,200.0,-15.0,67,2032191100,5.679580240015639,-7.499999999999991,-0.11004782941909672
7,30.0,200.0,-15.0,68,2032191100,-173.72041975998374,56.5,17.3899521705809
7,30.0,200.0,-15.0,69,2032191100,-98.320419759984,90.0,-37.6100478294191
7,30.0,200.0,-15.0,70,2032191100,-2.8204197599843326,-2.4999999999999973,-1.6100478294190965
7,30.0,200.0,-15.0,71,2032191100,25.179580240015554,2.9999999999999916,-36.110047829419095
7,30.0,200.0,-15.0,72,2032191100,-146.72041975998383,29.000000000000004,-20.1100478294191
7,30.0,200.0,-15.0,73,2032191100,19.579580240015588,54.50000000000002,-83.1100478294191
7,30.0,200.0,-15.0,74,2032191100,-101.72041975998398,-18.0,28.389952170580905
7,30.0,200.0,-15.0,75,2032191100,-169.82041975998374,-4.999999999999995,8.889952170580905
7,30.0,200.0,-15.0,76,2032191100,-1.7204197599843383,0.9999999999999887,1.8899521705809028
7,30.0,200.0,-15.0,77,2032191100,28.979580240015537,-41.500000000000014,8.389952170580903
7,30.0,200.0,-15.0,78,2032191100,1.7795802400156333,-0.9999999999999887,1.8899521705809028
7,30.0,200.0,-15.0,79,2032191100,-60.620419759984145,73.99999999999997,24.889952170580905
7,30.0,200.0,-15.0,80,2032191100,0.27958024001566173,-2.4999999999999973,-2.610047829419097
7,30.0,200.0,-15.0,81,2032191100,-157.4204197599838,-38.99999999999999,-60.1100478294191
7,30.0,200.0,-15.0,82,2032191100,-51.920419759984156,19.500000000000007,-47.610047829419095
7,30.0,200.0,-15.0,83,2032191100,-44.920419759984185,-17.500000000000007,11.389952170580901
7,30.0,200.0,-15.0,84,2032191100,-54.02041975998415,-15.500000000000004,-13.110047829419097
7,30.0,200.0,-15.0,85,2032191100,-153.5204197599838,-90.0,-58.1100478294191
7,30.0,200.0,-15.0,86,2032191100,0.679580240015639,-4.5,0.389952170580904
7,30.0,200.0,-15.0,87,2032191100,-48.32041975998419,15.500000000000004,-35.610047829419095
7,30.0,200.0,-15.0,88,2032191100,-145.22041975998383,-63.999999999999986,-16.1100478294191
7,30.0,200.0,-15.0,89,2032191100,-181.6204197599837,-0.9999999999999887,-8.610047829419097
7,30.0,200.0,-15.0,90,2032191100,24.37958024001557,18.0,-52.610047829419095
7,30.0,200.0,-15.0,91,2032191100,4.379580240015628,-0.9999999999999887,1.8899521705809028
7,30.0,200.0,-15.0,92,2032191100,-64.42041975998413,90.0,-48.110047829419095
7,30.0,200.0,-15.0,93,2032191100,-92.92041975998401,-16.499999999999993,25.38995217058091
7,30.0,200.0,-15.0,94,2032191100,-38.82041975998422,-90.0,42.389952170580905
7,30.0,200.0,-15.0,95,2032191100,-1.620419759984344,-2.0000000000000027,0.8899521705809031
7,30.0,200.0,-15.0,96,2032191100,26.679580240015554,51.5,-79.11004782941909
7,30.0,200.0,-15.0,97,2032191100,-128.72041975998388,-26.500000000000007,15.889952170580907
7,30.0,200.0,-15.0,98,2032191100,-42.32041975998419,90.0,-38.110047829419095
7,30.0,200.0,-15.0,99,2032191100,-30.12041975998423,16.499999999999993,39.389952170580905
7,30.0,200.0,-15.0,100,2032191100,47.97958024001548,46.50000000000001,28.389952170580905
7,30.0,200.0,-15.0,101,2032191100,-94.42041975998401,0.49999999999999434,7.889952170580903
7,30.0,200.0,-15.0,102,2032191100,8.379580240015628,-0.9999999999999887,3.889952170580904
7,30.0,200.0,-15.0,103,2032191100,-173.52041975998372,54.0,-40.610047829419095
7,30.0,200.0,-15.0,104,2032191100,-1.120419759984344,1.5000000000000084,0.8899521705809031
7,30.0,200.0,-15.0,105,2032191100,26.679580240015554,-8.500000000000005,-22.610047829419095
7,30.0,200.0,-15.0,106,2032191100,-41.02041975998421,6.500000000000003,-8.610047829419097
7,30.0,200.0,-15.0,107,2032191100,-137.12041975998386,58.99999999999999,-13.610047829419097
7,30.0,200.0,-15.0,108,2032191100,-27.220419759984253,-17.500000000000007,12.389952170580903
7,30.0,200.0,-15.0,109,2032191100,-34.020419759984236,29.999999999999993,-37.6100478294191
7,30.0,200.0,-15.0,110,2032191100,-20.520419759984264,56.5,-45.110047829419095
7,30.0,200.0,-15.0,111,2032191100,47.97958024001548,18.0,-64.6100478294191
7,30.0,200.0,-15.0,112,2032191100,3.3795802400156276,-2.0000000000000027,-0.11004782941909672
7,30.0,200.0,-15.0,113,2032191100,-190.52041975998367,83.5,-1.6100478294190965
7,30.0,200.0,-15.0,114,2032191100,19.579580240015588,-53.000000000000014,-0.11004782941909672
7,30.0,200.0,-15.0,115,2032191100,-3.0204197599843496,4.5,2.3899521705809037
7,30.0,200.0,-15.0,116,2032191100,-0.7204197599843383,0.49999999999999434,1.8899521705809028
7,30.0,200.0,-15.0,117,2032191100,-114.12041975998395,-11.999999999999991,39.389952170580905
7,30.0,200.0,-15.0,118,2032191100,-3.620419759984344,4.999999999999995,-1.1100478294190965
7,30.0,200.0,-15.0,119,2032191100,46.77958024001549,40.00000000000001,-13.610047829419097
7,30.0,200.0,-15.0,120,2032191100,6.479580240015622,4.999999999999995,1.8899521705809028
7,30.0,200.0,-15.0,121,2032191100,29.179580240015554,72.0,-43.610047829419095
7,30.0,200.0,-15.0,122,2032191100,-96.920419759984,-63.50000000000002,-4.610047829419097
7,30.0,200.0,-15.0,123,2032191100,-58.22041975998414,38.5,17.3899521705809
7,30.0,200.0,-15.0,124,2032191100,-166.82041975998376,-81.5,-8.610047829419097
7,30.0,200.0,-15.0,125,2032191100,-97.52041975998401,24.999999999999996,32.389952170580905
7,30.0,200.0,-15.0,126,2032191100,-7.220419759984338,0.9999999999999887,-3.110047829419097
7,30.0,200.0,-15.0,127,2032191100,-130.6204197599839,34.0,23.889952170580905
7,30.0,200.0,-15.0,128,2032191100,-1.620419759984344,1.5000000000000084,1.8899521705809028
7,30.0,200.0,-15.0,129,2032191100,-130.32041975998388,-90.0,-55.110047829419095
7,30.0,200.0,-15.0,130,2032191100,3.3795802400156276,0.0,0.389952170580904
7,30.0,200.0,-15.0,131,2032191100,-181.0204197599837,31.5,-67.1100478294191
7,30.0,200.0,-15.0,132,2032191100,-79.12041975998407,-16.499999999999993,-27.110047829419095
7,30.0,200.0,-15.0,133,2032191100,-60.92041975998413,2.4999999999999973,-27.6100478294191
7,30.0,200.0,-15.0,134,2032191100,0.679580240015639,-2.9999999999999916,0.8899521705809031
7,30.0,200.0,-15.0,135,2032191100,-55.02041975998415,-29.499999999999996,-55.110047829419095
7,30.0,200.0,-15.0,136,2032191100,-12.620419759984316,-13.999999999999995,-5.610047829419097
7,30.0,200.0,-15.0,137,2032191100,-5.020419759984321,-1.5000000000000084,7.889952170580903
7,30.0,200.0,-15.0,138,2032191100,-26.92041975998424,-54.0,36.389952170580905
7,30.0,200.0,-15.0,139,2032191100,-101.42041975998399,-0.49999999999999434,4.889952170580904
7,30.0,200.0,-15.0,140,2032191100,-152.7204197599838,33.5,-62.6100478294191
7,30.0,200.0,-15.0,141,2032191100,-188.1204197599837,90.0,-59.610047829419095
7,30.0,200.0,-15.0,142,2032191100,-2.2204197599843383,0.9999999999999887,-0.6100478294190974
7,30.0,200.0,-15.0,143,2032191100,-181.0204197599837,-42.00000000000001,-23.1100478294191
7,30.0,200.0,-15.0,144,2032191100,-119.42041975998393,15.999999999999996,-36.610047829419095
7,30.0,200.0,-15.0,145,2032191100,-61.820419759984134,-77.0,15.389952170580907
7,30.0,200.0,-15.0,146,2032191100,0.9795802400156504,2.9999999999999916,-2.1100478294190963
7,30.0,200.0,-15.0,147,2032191100,1.379580240015656,-2.0000000000000027,-3.110047829419097
7,30.0,200.0,-15.0,148,2032191100,-5.520419759984321,-5.4999999999999885,4.389952170580903
7,30.0,200.0,-15.0,149,2032191100,-43.02041975998421,90.0,41.389952170580905
7,30.0,200.0,-15.0,150,2032191100,24.679580240015554,26.500000000000007,-55.110047829419095
7,30.0,200.0,-15.0,151,2032191100,1.2795802400156333,-2.4999999999999973,-0.11004782941909672
7,30.0,200.0,-15.0,152,2032191100,-183.2204197599837,-26.00000000000001,-8.610047829419097
7,30.0,200.0,-15.0,153,2032191100,-168.92041975998376,35.50000000000001,10.389952170580903
7,30.0,200.0,-15.0,154,2032191100,-31.92041975998424,37.50000000000001,-8.610047829419097
7,30.0,200.0,-15.0,155,2032191100,-22.520419759984264,36.0,0.8899521705809031
7,30.0,200.0,-15.0,156,2032191100,-85.62041975998405,9.0,-14.110047829419097
7,30.0,200.0,-15.0,157,2032191100,47.97958024001548,-44.000000000000014,-24.1100478294191
7,30.0,200.0,-15.0,158,2032191100,3.7795802400156333,1.5000000000000084,-0.6100478294190974
7,30.0,200.0,-15.0,159,2032191100,-2.7204197599843383,2.9999999999999916,3.889952170580904
7,30.0,200.0,-15.0,160,2032191100,-136.52041975998387,-28.500000000000007,-8.610047829419097
7,30.0,200.0,-15.0,161,2032191100,-4.120419759984344,-3.500000000000011,0.389952170580904
7,30.0,200.0,-15.0,162,2032191100,-107.92041975998397,90.0,-66.1100478294191
7,30.0,200.0,-15.0,163,2032191100,-145.12041975998383,8.500000000000005,-58.610047829419095
7,30.0,200.0,-15.0,164,2032191100,3.0795802400156447,1.5000000000000084,-0.11004782941909672
7,30.0,200.0,-15.0,165,2032191100,-57.52041975998415,4.999999999999995,-33.1100478294191
7,30.0,200.0,-15.0,166,2032191100,-182.2204197599837,-13.000000000000005,26.3899521705809
7,30.0,200.0,-15.0,167,2032191100,-99.520419759984,90.0,32.389952170580905
7,30.0,200.0,-15.0,168,2032191100,-156.6204197599838,-68.0,26.8899521705809
7,30.0,200.0,-15.0,169,2032191100,-1.8204197599843326,2.4999999999999973,-5.610047829419097
7,30.0,200.0,-15.0,170,2032191100,-4.320419759984333,-4.999999999999995,-2.610047829419097
7,30.0,200.0,-15.0,171,2032191100,-73.22041975998408,-80.5,-59.1100478294191
7,30.0,200.0,-15.0,172,2032191100,11.579580240015616,-2.0000000000000027,-1.6100478294190965
7,30.0,200.0,-15.0,173,2032191100,-79.22041975998407,-47.5,2.3899521705809037
7,30.0,200.0,-15.0,174,2032191100,-96.22041975998401,6.500000000000003,5.889952170580904
7,30.0,200.0,-15.0,175,2032191100,1.5795802400156447,0.49999999999999434,-3.110047829419097
7,30.0,200.0,-15.0,176,2032191100,-129.92041975998387,90.0,37.889952170580905
7,30.0,200.0,-15.0,177,2032191100,35.57958024001553,-11.000000000000004,-53.110047829419095
7,30.0,200.0,-15.0,178,2032191100,-92.42041975998401,64.50000000000001,-29.6100478294191
7,30.0,200.0,-15.0,179,2032191100,-72.32041975998408,53.49999999999998,7.889952170580903
7,30.0,200.0,-15.0,180,2032191100,-26.720419759984253,-4.5,40.889952170580905
7,30.0,200.0,-15.0,181,2032191100,-182.2204197599837,68.50000000000001,28.889952170580905
7,30.0,200.0,-15.0,182,2032191100,-93.32041975998402,-90.0,58.88995217058091
7,30.0,200.0,-15.0,183,2032191100,-44.02041975998418,-15.000000000000009,-61.6100478294191
7,30.0,200.0,-15.0,184,2032191100,-1.4204197599843553,2.4999999999999973,-0.11004782941909672
7,30.0,200.0,-15.0,185,2032191100,-80.42041975998407,-42.00000000000001,-28.1100478294191
7,30.0,200.0,-15.0,186,2032191100,0.07958024001564468,-3.500000000000011,-1.1100478294190965
7,30.0,200.0,-15.0,187,2032191100,-46.62041975998417,-9.99999999999999,53.889952170580905
7,30.0,200.0,-15.0,188,2032191100,-152.7204197599838,-9.499999999999995,0.389952170580904
7,30.0,200.0,-15.0,189,2032191100,-127.82041975998389,90.0,56.3899521705809
7,30.0,200.0,-15.0,190,2032191100,-16.820419759984304,-53.000000000000014,-37.6100478294191
7,30.0,200.0,-15.0,191,2032191100,-138.52041975998387,-17.500000000000007,-24.6100478294191
7,30.0,200.0,-15.0,192,2032191100,-127.7204197599839,4.999999999999995,-1.6100478294190965
7,30.0,200.0,-15.0,193,2032191100,-114.02041975998395,-37.50000000000001,-49.610047829419095
7,30.0,200.0,-15.0,194,2032191100,4.379580240015628,0.0,1.3899521705809037
7,30.0,200.0,-15.0,195,2032191100,32.27958024001555,38.99999999999999,-0.6100478294190974
7,30.0,200.0,-15.0,196,2032191100,-97.420419759984,-8.00000000000001,4.389952170580903
7,30.0,200.0,-15.0,197,2032191100,-192.02041975998367,-38.0,14.389952170580905
7,30.0,200.0,-15.0,198,2032191100,-192.02041975998367,-11.499999999999996,-35.610047829419095
7,30.0,200.0,-15.0,199,2032191100,-145.42041975998382,0.49999999999999434,17.8899521705809
7,30.0,200.0,-10.0,0,2032191101,-106.22041975998397,-22.5,41.389952170580905
7,30.0,200.0,-10.0,1,2032191101,-90.42041975998403,77.99999999999999,-28.1100478294191
7,30.0,200.0,-10.0,2,2032191101,-0.5204197599843496,1.5000000000000084,-0.11004782941909672
7,30.0,200.0,-10.0,3,2032191101,-2.2204197599843383,-1.5000000000000084,0.8899521705809031
7,30.0,200.0,-10.0,4,2032191101,-39.6204197599842,8.500000000000005,39.389952170580905
7,30.0,200.0,-10.0,5,2032191101,-101.12041975998399,-4.999999999999995,24.389952170580905
7,30.0,200.0,-10.0,6,2032191101,-3.5204197599843496,0.9999999999999887,0.8899521705809031
7,30.0,200.0,-10.0,7,2032191101,-2.120419759984344,-0.49999999999999434,0.389952170580904
7,30.0,200.0,-10.0,8,2032191101,-162.82041975998376,-55.50000000000001,-15.110047829419099
7,30.0,200.0,-10.0,9,2032191101,-8.72041975998431,0.0,0.389952170580904
7,30.0,200.0,-10.0,10,2032191101,-0.12041975998434395,-2.4999999999999973,-1.1100478294190965
7,30.0,200.0,-10.0,11,2032191101,0.27958024001566173,2.0000000000000027,-4.110047829419097
7,30.0,200.0,-10.0,12,2032191101,47.97958024001548,35.50000000000001,30.8899521705809
7,30.0,200.0,-10.0,13,2032191101,-2.7204197599843383,-0.9999999999999887,-0.11004782941909672
7,30.0,200.0,-10.0,14,2032191101,0.5795802400156447,0.49999999999999434,-0.11004782941909672
7,30.0,200.0,-10.0,15,2032191101,-1.9204197599843553,-4.000000000000005,-1.1100478294190965
7,30.0,200.0,-10.0,16,2032191101,23.87958024001557,35.000000000000014,6.889952170580902
7,30.0,200.0,-10.0,17,2032191101,1.9795802400156504,-0.9999999999999887,2.3899521705809037
7,30.0,200.0,-10.0,18,2032191101,-9.620419759984316,0.49999999999999434,-2.1100478294190963
7,30.0,200.0,-10.0,19,2032191101,2.8795802400156276,3.500000000000011,0.389952170580904
7,30.0,200.0,-10.0,20,2032191101,-6.020419759984321,1.5000000000000084,-1.6100478294190965
7,30.0,200.0,-10.0,21,2032191101,-1.5204197599843496,0.0,4.889952170580904
7,30.0,200.0,-10.0,22,2032191101,3.7795802400156333,-0.9999999999999887,-0.6100478294190974
7,30.0,200.0,-10.0,23,2032191101,0.9795802400156504,-2.0000000000000027,0.389952170580904
7,30.0,200.0,-10.0,24,2032191101,-186.0204197599837,-11.000000000000004,-10.610047829419097
7,30.0,200.0,-10.0,25,2032191101,12.479580240015594,6.999999999999997,-4.610047829419097
7,30.0,200.0,-10.0,26,2032191101,-3.0204197599843496,0.0,-1.1100478294190965
7,30.0,200.0,-10.0,27,2032191101,3.0795802400156447,-2.0000000000000027,0.8899521705809031
7,30.0,200.0,-10.0,28,2032191101,25.779580240015548,-3.500000000000011,-3.110047829419097
7,30.0,200.0,-10.0,29,2032191101,-17.320419759984276,-58.99999999999999,12.889952170580903
7,30.0,200.0,-10.0,30,2032191101,-1.2204197599843383,-0.9999999999999887,0.389952170580904
7,30.0,200.0,-10.0,31,2032191101,7.179580240015639,0.49999999999999434,1.8899521705809028
7,30.0,200.0,-10.0,32,2032191101,-115.22041975998394,40.5,8.389952170580903
7,30.0,200.0,-10.0,33,2032191101,0.5795802400156447,-2.0000000000000027,2.889952170580903
7,30.0,200.0,-10.0,34,2032191101,-159.9204197599838,0.0,-25.610047829419095
7,30.0,200.0,-10.0,35,2032191101,-69.8204197599841,90.0,-73.1100478294191
7,30.0,200.0,-10.0,36,2032191101,-3.0204197599843496,-2.9999999999999916,0.8899521705809031
7,30.0,200.0,-10.0,37,2032191101,1.2795802400156333,0.49999999999999434,0.389952170580904
7,30.0,200.0,-10.0,38,2032191101,0.37958024001565605,0.0,1.8899521705809028
7,30.0,200.0,-10.0,39,2032191101,-1.2204197599843383,0.0,-0.11004782941909672
7,30.0,200.0,-10.0,40,2032191101,-0.7204197599843383,0.49999999999999434,0.8899521705809031
7,30.0,200.0,-10.0,41,2032191101,-2.7204197599843383,1.5000000000000084,-0.6100478294190974
7,30.0,200.0,-10.0,42,2032191101,-2.120419759984344,2.9999999999999916,-3.110047829419097
7,30.0,200.0,-10.0,43,2032191101,9.279580240015605,1.5000000000000084,0.8899521705809031
7,30.0,200.0,-10.0,44,2032191101,-137.02041975998387,-22.000000000000007,17.3899521705809
7,30.0,200.0,-10.0,45,2032191101,-0.5204197599843496,-1.5000000000000084,2.889952170580903
7,30.0,200.0,-10.0,46,2032191101,-4.220419759984338,-0.9999999999999887,0.8899521705809031
7,30.0,200.0,-10.0,47,2032191101,-106.92041975998397,-22.999999999999993,-28.6100478294191
7,30.0,200.0,-10.0,48,2032191101,-69.52041975998412,28.500000000000007,23.389952170580905
7,30.0,200.0,-10.0,49,2032191101,-135.82041975998385,45.999999999999986,23.389952170580905
7,30.0,200.0,-10.0,50,2032191101,6.679580240015639,2.0000000000000027,3.3899521705809033
7,30.0,200.0,-10.0,51,2032191101,-131.72041975998388,-31.999999999999993,-27.110047829419095
7,30.0,200.0,-10.0,52,2032191101,-1.5204197599843496,-0.9999999999999887,1.3899521705809037
7,30.0,200.0,-10.0,53,2032191101,3.3795802400156276,0.9999999999999887,0.8899521705809031
7,30.0,200.0,-10.0,54,2032191101,-3.5204197599843496,0.49999999999999434,-1.1100478294190965
7,30.0,200.0,-10.0,55,2032191101,-2.420419759984327,0.49999999999999434,0.8899521705809031
7,30.0,200.0,-10.0,56,2032191101,-1.8204197599843326,0.9999999999999887,-2.1100478294190963
7,30.0,200.0,-10.0,57,2032191101,-189.1204197599837,90.0,30.8899521705809
7,30.0,200.0,-10.0,58,2032191101,0.5795802400156447,-2.0000000000000027,2.3899521705809037
7,30.0,200.0,-10.0,59,2032191101,-131.1204197599839,25.499999999999993,-51.1100478294191
7,30.0,200.0,-10.0,60,2032191101,-59.620419759984145,-41.500000000000014,31.3899521705809
7,30.0,200.0,-10.0,61,2032191101,-0.4204197599843553,-2.0000000000000027,-4.110047829419097
7,30.0,200.0,-10.0,62,2032191101,-104.32041975998398,-81.0,-29.1100478294191
7,30.0,200.0,-10.0,63,2032191101,1.879580240015656,-2.0000000000000027,0.8899521705809031
7,30.0,200.0,-10.0,64,2032191101,-76.82041975998408,-33.5,-48.110047829419095
7,30.0,200.0,-10.0,65,2032191101,-104.72041975998398,-54.49999999999999,-14.610047829419099
7,30.0,200.0,-10.0,66,2032191101,16.3795802400156,9.0,-5.110047829419097
7,30.0,200.0,-10.0,67,2032191101,6.979580240015622,0.49999999999999434,0.389952170580904
7,30.0,200.0,-10.0,68,2032191101,0.27958024001566173,2.4999999999999973,-0.6100478294190974
7,30.0,200.0,-10.0,69,2032191101,-127.32041975998389,-40.99999999999999,-55.6100478294191
7,30.0,200.0,-10.0,70,2032191101,-145.82041975998385,-27.499999999999993,54.38995217058091
7,30.0,200.0,-10.0,71,2032191101,-1.9204197599843553,2.0000000000000027,2.889952170580903
7,30.0,200.0,-10.0,72,2032191101,2.5795802400156447,2.0000000000000027,1.3899521705809037
7,30.0,200.0,-10.0,73,2032191101,1.0795802400156447,-2.4999999999999973,1.8899521705809028
7,30.0,200.0,-10.0,74,2032191101,6.979580240015622,1.5000000000000084,4.389952170580903
7,30.0,200.0,-10.0,75,2032191101,-7.220419759984338,2.4999999999999973,-1.6100478294190965
7,30.0,200.0,-10.0,76,2032191101,-0.4204197599843553,-1.5000000000000084,-0.6100478294190974
7,30.0,200.0,-10.0,77,2032191101,0.879580240015656,-2.4999999999999973,-1.1100478294190965
7,30.0,200.0,-10.0,78,2032191101,1.5795802400156447,1.5000000000000084,0.389952170580904
7,30.0,200.0,-10.0,79,2032191101,-32.520419759984236,-49.00000000000001,-8.610047829419097
7,30.0,200.0,-10.0,80,2032191101,-132.0204197599839,76.0,-35.110047829419095
7,30.0,200.0,-10.0,81,2032191101,-170.92041975998376,-23.500000000000014,7.389952170580902
7,30.0,200.0,-10.0,82,2032191101,-37.720419759984225,-13.999999999999995,-27.110047829419095
7,30.0,200.0,-10.0,83,2032191101,-0.620419759984344,-0.49999999999999434,0.389952170580904
7,30.0,200.0,-10.0,84,2032191101,-93.72041975998401,0.0,46.889952170580905
7,30.0,200.0,-10.0,85,2032191101,-192.02041975998367,-13.999999999999995,-6.110047829419098
7,30.0,200.0,-10.0,86,2032191101,0.5795802400156447,2.0000000000000027,-1.1100478294190965
7,30.0,200.0,-10.0,87,2032191101,-1.120419759984344,0.49999999999999434,0.8899521705809031
7,30.0,200.0,-10.0,88,2032191101,-184.4204197599837,90.0,-55.6100478294191
7,30.0,200.0,-10.0,89,2032191101,-174.62041975998372,83.5,-20.1100478294191
7,30.0,200.0,-10.0,90,2032191101,0.5795802400156447,0.9999999999999887,-0.6100478294190974
7,30.0,200.0,-10.0,91,2032191101,-3.120419759984344,-2.4999999999999973,-0.11004782941909672
7,30.0,200.0,-10.0,92,2032191101,1.0795802400156447,-1.5000000000000084,-1.6100478294190965
7,30.0,200.0,-10.0,93,2032191101,-39.92041975998421,11.999999999999991,-53.110047829419095
7,30.0,200.0,-10.0,94,2032191101,22.57958024001556,37.50000000000001,-70.6100478294191
7,30.0,200.0,-10.0,95,2032191101,5.179580240015639,-1.5000000000000084,-2.1100478294190963
7,30.0,200.0,-10.0,96,2032191101,-69.62041975998409,90.0,33.889952170580905
7,30.0,200.0,-10.0,97,2032191101,11.279580240015605,2.0000000000000027,-1.6100478294190965
7,30.0,200.0,-10.0,98,2032191101,-46.32041975998419,59.999999999999986,59.88995217058091
7,30.0,200.0,-10.0,99,2032191101,7.279580240015633,-1.5000000000000084,-4.110047829419097
7,30.0,200.0,-10.0,100,2032191101,3.9795802400156504,-0.49999999999999434,-0.11004782941909672
7,30.0,200.0,-10.0,101,2032191101,-67.72041975998411,46.50000000000001,33.389952170580905
7,30.0,200.0,-10.0,102,2032191101,-86.82041975998405,0.49999999999999434,-47.110047829419095
7,30.0,200.0,-10.0,103,2032191101,4.379580240015628,-0.49999999999999434,-1.6100478294190965
7,30.0,200.0,-10.0,104,2032191101,9.779580240015605,-2.0000000000000027,-0.11004782941909672
7,30.0,200.0,-10.0,105,2032191101,-145.12041975998383,24.000000000000007,-74.1100478294191
7,30.0,200.0,-10.0,106,2032191101,-72.72041975998411,-54.999999999999986,-17.110047829419095
7,30.0,200.0,-10.0,107,2032191101,1.879580240015656,0.0,-2.1100478294190963
7,30.0,200.0,-10.0,108,2032191101,-99.720419759984,4.5,47.889952170580905
7,30.0,200.0,-10.0,109,2032191101,-65.12041975998412,9.0,-49.610047829419095
7,30.0,200.0,-10.0,110,2032191101,-34.220419759984225,-58.99999999999999,-23.6100478294191
7,30.0,200.0,-10.0,111,2032191101,-1.120419759984344,1.5000000000000084,-0.11004782941909672
7,30.0,200.0,-10.0,112,2032191101,5.079580240015645,-0.9999999999999887,-3.110047829419097
7,30.0,200.0,-10.0,113,2032191101,1.9795802400156504,-1.5000000000000084,1.8899521705809028
7,30.0,200.0,-10.0,114,2032191101,-23.820419759984276,-34.0,-29.1100478294191
7,30.0,200.0,-10.0,115,2032191101,2.7795802400156333,-2.0000000000000027,-2.1100478294190963
7,30.0,200.0,-10.0,116,2032191101,3.679580240015639,-0.49999999999999434,1.8899521705809028
7,30.0,200.0,-10.0,117,2032191101,-3.620419759984344,-2.0000000000000027,0.389952170580904
7,30.0,200.0,-10.0,118,2032191101,37.07958024001553,90.0,23.389952170580905
7,30.0,200.0,-10.0,119,2032191101,-5.020419759984321,0.0,-1.1100478294190965
7,30.0,200.0,-10.0,120,2032191101,-165.92041975998376,40.5,21.8899521705809
7,30.0,200.0,-10.0,121,2032191101,-1.8204197599843326,2.4999999999999973,1.3899521705809037
7,30.0,200.0,-10.0,122,2032191101,4.879580240015628,0.9999999999999887,1.8899521705809028
7,30.0,200.0,-10.0,123,2032191101,-80.12041975998406,-54.999999999999986,-26.110047829419095
7,30.0,200.0,-10.0,124,2032191101,7.679580240015611,0.9999999999999887,-0.6100478294190974
7,30.0,200.0,-10.0,125,2032191101,-3.7204197599843383,0.49999999999999434,-4.110047829419097
7,30.0,200.0,-10.0,126,2032191101,-3.7204197599843383,2.4999999999999973,0.389952170580904
7,30.0,200.0,-10.0,127,2032191101,-80.82041975998406,-58.5,-43.610047829419095
7,30.0,200.0,-10.0,128,2032191101,-24.020419759984264,-4.999999999999995,6.889952170580902
7,30.0,200.0,-10.0,129,2032191101,-5.820419759984333,4.000000000000005,1.3899521705809037
7,30.0,200.0,-10.0,130,2032191101,1.5795802400156447,0.49999999999999434,0.8899521705809031
7,30.0,200.0,-10.0,131,2032191101,-0.22041975998433827,-2.4999999999999973,-1.1100478294190965
7,30.0,200.0,-10.0,132,2032191101,-1.3204197599843326,0.49999999999999434,-2.1100478294190963
7,30.0,200.0,-10.0,133,2032191101,0.5795802400156447,-0.49999999999999434,-3.110047829419097
7,30.0,200.0,-10.0,134,2032191101,-100.32041975998399,-90.0,-52.610047829419095
7,30.0,200.0,-10.0,135,2032191101,-104.92041975998397,-90.0,-68.11004782941909
7,30.0,200.0,-10.0,136,2032191101,2.679580240015639,0.0,0.389952170580904
7,30.0,200.0,-10.0,137,2032191101,-56.420419759984156,56.5,-8.110047829419097
7,30.0,200.0,-10.0,138,2032191101,47.97958024001548,-24.500000000000004,16.3899521705809
7,30.0,200.0,-10.0,139,2032191101,10.379580240015628,6.500000000000003,-2.610047829419097
7,30.0,200.0,-10.0,140,2032191101,-8.320419759984333,4.999999999999995,1.3899521705809037
7,30.0,200.0,-10.0,141,2032191101,-47.420419759984185,58.00000000000001,-41.110047829419095
7,30.0,200.0,-10.0,142,2032191101,-1.4204197599843553,0.49999999999999434,-0.11004782941909672
7,30.0,200.0,-10.0,143,2032191101,-4.120419759984344,-0.49999999999999434,1.3899521705809037
7,30.0,200.0,-10.0,144,2032191101,-144.42041975998384,37.50000000000001,23.389952170580905
7,30.0,200.0,-10.0,145,2032191101,-136.42041975998387,0.49999999999999434,-20.1100478294191
7,30.0,200.0,-10.0,146,2032191101,-14.22041975998431,0.49999999999999434,3.889952170580904
7,30.0,200.0,-10.0,147,2032191101,-1.0204197599843496,0.49999999999999434,1.3899521705809037
7,30.0,200.0,-10.0,148,2032191101,-147.32041975998382,-27.499999999999993,66.88995217058091
7,30.0,200.0,-10.0,149,2032191101,-5.520419759984321,-0.9999999999999887,4.889952170580904
7,30.0,200.0,-10.0,150,2032191101,2.2795802400156333,1.5000000000000084,1.3899521705809037
7,30.0,200.0,-10.0,151,2032191101,-51.420419759984156,-43.49999999999999,-54.110047829419095
7,30.0,200.0,-10.0,152,2032191101,-23.520419759984264,-62.50000000000001,3.889952170580904
7,30.0,200.0,-10.0,153,2032191101,9.579580240015616,-2.9999999999999916,0.8899521705809031
7,30.0,200.0,-10.0,154,2032191101,2.3795802400156276,-0.9999999999999887,-1.1100478294190965
7,30.0,200.0,-10.0,155,2032191101,-75.42041975998409,0.0,-17.110047829419095
7,30.0,200.0,-10.0,156,2032191101,-6.020419759984321,4.000000000000005,-1.1100478294190965
7,30.0,200.0,-10.0,157,2032191101,2.8795802400156276,-0.9999999999999887,1.3899521705809037
7,30.0,200.0,-10.0,158,2032191101,-16.72041975998428,-0.9999999999999887,0.8899521705809031
7,30.0,200.0,-10.0,159,2032191101,6.379580240015628,-1.5000000000000084,-1.1100478294190965
7,30.0,200.0,-10.0,160,2032191101,-183.3204197599837,24.000000000000007,-21.1100478294191
7,30.0,200.0,-10.0,161,2032191101,-4.320419759984333,-0.9999999999999887,-0.11004782941909672
7,30.0,200.0,-10.0,162,2032191101,-1.0204197599843496,0.9999999999999887,1.3899521705809037
7,30.0,200.0,-10.0,163,2032191101,-152.92041975998382,-33.5,18.889952170580905
7,30.0,200.0,-10.0,164,2032191101,-154.5204197599838,9.499999999999995,-12.610047829419097
7,30.0,200.0,-10.0,165,2032191101,7.679580240015611,-2.4999999999999973,2.3899521705809037
7,30.0,200.0,-10.0,166,2032191101,-0.9204197599843553,-4.5,-1.6100478294190965
7,30.0,200.0,-10.0,167,2032191101,-153.0204197599838,-6.999999999999997,-22.610047829419095
7,30.0,200.0,-10.0,168,2032191101,-122.72041975998391,34.49999999999999,40.389952170580905
7,30.0,200.0,-10.0,169,2032191101,7.279580240015633,-6.000000000000009,2.3899521705809037
7,30.0,200.0,-10.0,170,2032191101,-1.0204197599843496,-0.9999999999999887,1.3899521705809037
7,30.0,200.0,-10.0,171,2032191101,-71.5204197599841,24.999999999999996,16.8899521705809
7,30.0,200.0,-10.0,172,2032191101,-0.9204197599843553,0.9999999999999887,-2.1100478294190963
7,30.0,200.0,-10.0,173,2032191101,-0.02041975998434964,2.0000000000000027,1.3899521705809037
7,30.0,200.0,-10.0,174,2032191101,-41.32041975998419,-45.999999999999986,2.889952170580903
7,30.0,200.0,-10.0,175,2032191101,-58.620419759984145,29.000000000000004,-44.610047829419095
7,30.0,200.0,-10.0,176,2032191101,-131.32041975998388,-27.499999999999993,-19.6100478294191
7,30.0,200.0,-10.0,177,2032191101,-6.1204197599843155,0.9999999999999887,-3.6100478294190967
7,30.0,200.0,-10.0,178,2032191101,-46.62041975998417,-31.999999999999993,-64.6100478294191
7,30.0,200.0,-10.0,179,2032191101,45.47958024001548,44.50000000000001,21.38995217058091
7,30.0,200.0,-10.0,180,2032191101,-1.5204197599843496,0.9999999999999887,1.3899521705809037
7,30.0,200.0,-10.0,181,2032191101,-10.22041975998431,-0.49999999999999434,-1.1100478294190965
7,30.0,200.0,-10.0,182,2032191101,4.679580240015639,0.49999999999999434,1.8899521705809028
7,30.0,200.0,-10.0,183,2032191101,-58.320419759984134,2.4999999999999973,-22.610047829419095
7,30.0,200.0,-10.0,184,2032191101,-52.72041975998417,33.5,7.389952170580902
7,30.0,200.0,-10.0,185,2032191101,-0.320419759984361,0.0,-1.6100478294190965
7,30.0,200.0,-10.0,186,2032191101,-28.220419759984253,8.500000000000005,3.889952170580904
7,30.0,200.0,-10.0,187,2032191101,-65.4204197599841,23.500000000000014,-8.110047829419097
7,30.0,200.0,-10.0,188,2032191101,-168.92041975998376,-81.0,3.3899521705809033
7,30.0,200.0,-10.0,189,2032191101,-4.620419759984344,0.49999999999999434,-2.610047829419097
7,30.0,200.0,-10.0,190,2032191101,-8.420419759984327,2.4999999999999973,-4.610047829419097
7,30.0,200.0,-10.0,191,2032191101,-3.8204197599843326,1.5000000000000084,-3.110047829419097
7,30.0,200.0,-10.0,192,2032191101,0.07958024001564468,-0.9999999999999887,-0.6100478294190974
7,30.0,200.0,-10.0,193,2032191101,-3.120419759984344,1.5000000000000084,-0.6100478294190974
7,30.0,200.0,-10.0,194,2032191101,2.8795802400156276,-3.500000000000011,0.389952170580904
7,30.0,200.0,-10.0,195,2032191101,27.57958024001556,3.500000000000011,-83.1100478294191
7,30.0,200.0,-10.0,196,2032191101,-79.82041975998406,10.500000000000009,-16.1100478294191
7,30.0,200.0,-10.0,197,2032191101,-1.4204197599843553,-4.5,1.8899521705809028
7,30.0,200.0,-10.0,198,2032191101,-118.92041975998393,6.000000000000009,-78.6100478294191
7,30.0,200.0,-10.0,199,2032191101,7.379580240015628,0.49999999999999434,2.3899521705809037
7,30.0,200.0,-5.0,0,2032191102,-1.120419759984344,0.49999999999999434,0.389952170580904
7,30.0,200.0,-5.0,1,2032191102,-1.3204197599843326,-0.49999999999999434,-1.1100478294190965
7,30.0,200.0,-5.0,2,2032191102,-0.820419759984361,0.49999999999999434,0.389952170580904
7,30.0,200.0,-5.0,3,2032191102,-1.7204197599843383,0.0,-0.11004782941909672
7,30.0,200.0,-5.0,4,2032191102,2.7795802400156333,1.5000000000000084,0.8899521705809031
7,30.0,200.0,-5.0,5,2032191102,-2.620419759984344,0.49999999999999434,-1.1100478294190965
7,30.0,200.0,-5.0,6,2032191102,0.37958024001565605,-0.9999999999999887,-0.11004782941909672
7,30.0,200.0,-5.0,7,2032191102,0.5795802400156447,-0.49999999999999434,-0.11004782941909672
7,30.0,200.0,-5.0,8,2032191102,-0.4204197599843553,-1.5000000000000084,-1.1100478294190965
7,30.0,200.0,-5.0,9,2032191102,0.679580240015639,0.0,-0.11004782941909672
7,30.0,200.0,-5.0,10,2032191102,-54.52041975998415,73.99999999999997,50.389952170580905
7,30.0,200.0,-5.0,11,2032191102,4.279580240015633,0.9999999999999887,1.8899521705809028
7,30.0,200.0,-5.0,12,2032191102,-1.2204197599843383,0.0,-0.6100478294190974
7,30.0,200.0,-5.0,13,2032191102,-3.0204197599843496,0.49999999999999434,-0.11004782941909672
7,30.0,200.0,-5.0,14,2032191102,2.0795802400156447,0.0,-0.6100478294190974
7,30.0,200.0,-5.0,15,2032191102,2.0795802400156447,-0.49999999999999434,0.389952170580904
7,30.0,200.0,-5.0,16,2032191102,-0.7204197599843383,0.9999999999999887,-0.6100478294190974
7,30.0,200.0,-5.0,17,2032191102,0.679580240015639,-0.49999999999999434,1.3899521705809037
7,30.0,200.0,-5.0,18,2032191102,4.079580240015645,-0.49999999999999434,-0.11004782941909672
7,30.0,200.0,-5.0,19,2032191102,3.9795802400156504,0.0,-0.6100478294190974
7,30.0,200.0,-5.0,20,2032191102,1.379580240015656,-0.49999999999999434,1.8899521705809028
7,30.0,200.0,-5.0,21,2032191102,-1.2204197599843383,-2.0000000000000027,0.389952170580904
7,30.0,200.0,-5.0,22,2032191102,1.7795802400156333,-0.9999999999999887,0.389952170580904
7,30.0,200.0,-5.0,23,2032191102,2.2795802400156333,-1.5000000000000084,0.389952170580904
7,30.0,200.0,-5.0,24,2032191102,0.07958024001564468,0.49999999999999434,-1.6100478294190965
7,30.0,200.0,-5.0,25,2032191102,0.879580240015656,0.0,0.8899521705809031
7,30.0,200.0,-5.0,26,2032191102,0.9795802400156504,-0.9999999999999887,-0.11004782941909672
7,30.0,200.0,-5.0,27,2032191102,1.4795802400156504,-0.49999999999999434,0.389952170580904
7,30.0,200.0,-5.0,28,2032191102,3.2795802400156333,-0.9999999999999887,-0.6100478294190974
7,30.0,200.0,-5.0,29,2032191102,4.979580240015622,0.0,-0.11004782941909672
7,30.0,200.0,-5.0,30,2032191102,-0.5204197599843496,-0.49999999999999434,0.8899521705809031
7,30.0,200.0,-5.0,31,2032191102,2.179580240015639,0.9999999999999887,0.8899521705809031
7,30.0,200.0,-5.0,32,2032191102,1.4795802400156504,0.9999999999999887,0.389952170580904
7,30.0,200.0,-5.0,33,2032191102,-0.02041975998434964,-0.49999999999999434,1.3899521705809037
7,30.0,200.0,-5.0,34,2032191102,3.179580240015639,-0.9999999999999887,-1.6100478294190965
7,30.0,200.0,-5.0,35,2032191102,-3.120419759984344,0.0,-1.1100478294190965
7,30.0,200.0,-5.0,36,2032191102,-1.120419759984344,-1.5000000000000084,-2.1100478294190963
7,30.0,200.0,-5.0,37,2032191102,30.479580240015537,-0.49999999999999434,-0.11004782941909672
7,30.0,200.0,-5.0,38,2032191102,3.0795802400156447,0.49999999999999434,1.8899521705809028
7,30.0,200.0,-5.0,39,2032191102,0.9795802400156504,-0.9999999999999887,0.8899521705809031
7,30.0,200.0,-5.0,40,2032191102,-0.7204197599843383,-1.5000000000000084,1.3899521705809037
7,30.0,200.0,-5.0,41,2032191102,1.5795802400156447,-1.5000000000000084,0.8899521705809031
7,30.0,200.0,-5.0,42,2032191102,0.5795802400156447,0.49999999999999434,-1.6100478294190965
7,30.0,200.0,-5.0,43,2032191102,2.0795802400156447,-1.5000000000000084,1.8899521705809028
7,30.0,200.0,-5.0,44,2032191102,-1.8204197599843326,-0.49999999999999434,1.3899521705809037
7,30.0,200.0,-5.0,45,2032191102,-0.12041975998434395,0.9999999999999887,-0.6100478294190974
7,30.0,200.0,-5.0,46,2032191102,4.679580240015639,0.49999999999999434,0.8899521705809031
7,30.0,200.0,-5.0,47,2032191102,-3.3204197599843326,0.0,-1.6100478294190965
7,30.0,200.0,-5.0,48,2032191102,-3.0204197599843496,-0.49999999999999434,-0.11004782941909672
7,30.0,200.0,-5.0,49,2032191102,2.0795802400156447,-0.49999999999999434,-0.6100478294190974
7,30.0,200.0,-5.0,50,2032191102,-3.0204197599843496,-0.9999999999999887,0.8899521705809031
7,30.0,200.0,-5.0,51,2032191102,0.679580240015639,-0.49999999999999434,0.8899521705809031
7,30.0,200.0,-5.0,52,2032191102,2.679580240015639,0.49999999999999434,-0.11004782941909672
7,30.0,200.0,-5.0,53,2032191102,1.7795802400156333,0.49999999999999434,-0.6100478294190974
7,30.0,200.0,-5.0,54,2032191102,-0.22041975998433827,-2.0000000000000027,1.3899521705809037
7,30.0,200.0,-5.0,55,2032191102,0.879580240015656,0.9999999999999887,-0.11004782941909672
7,30.0,200.0,-5.0,56,2032191102,-5.320419759984333,0.9999999999999887,1.8899521705809028
7,30.0,200.0,-5.0,57,2032191102,1.879580240015656,0.49999999999999434,0.8899521705809031
7,30.0,200.0,-5.0,58,2032191102,0.07958024001564468,0.49999999999999434,1.8899521705809028
7,30.0,200.0,-5.0,59,2032191102,0.37958024001565605,-0.9999999999999887,1.8899521705809028
7,30.0,200.0,-5.0,60,2032191102,2.2795802400156333,1.5000000000000084,-0.6100478294190974
7,30.0,200.0,-5.0,61,2032191102,3.7795802400156333,0.49999999999999434,-0.11004782941909672
7,30.0,200.0,-5.0,62,2032191102,-1.2204197599843383,-2.0000000000000027,0.8899521705809031
7,30.0,200.0,-5.0,63,2032191102,-1.620419759984344,0.9999999999999887,-0.6100478294190974
7,30.0,200.0,-5.0,64,2032191102,1.379580240015656,-0.9999999999999887,0.389952170580904
7,30.0,200.0,-5.0,65,2032191102,1.5795802400156447,0.49999999999999434,0.8899521705809031
7,30.0,200.0,-5.0,66,2032191102,3.4795802400156504,0.9999999999999887,1.3899521705809037
7,30.0,200.0,-5.0,67,2032191102,2.7795802400156333,-0.9999999999999887,-0.6100478294190974
7,30.0,200.0,-5.0,68,2032191102,1.7795802400156333,-1.5000000000000084,0.8899521705809031
7,30.0,200.0,-5.0,69,2032191102,2.0795802400156447,0.49999999999999434,-0.11004782941909672
7,30.0,200.0,-5.0,70,2032191102,1.679580240015639,-0.49999999999999434,1.3899521705809037
7,30.0,200.0,-5.0,71,2032191102,0.47958024001565036,0.9999999999999887,-0.11004782941909672
7,30.0,200.0,-5.0,72,2032191102,2.0795802400156447,0.49999999999999434,0.8899521705809031
7,30.0,200.0,-5.0,73,2032191102,4.479580240015622,0.0,0.389952170580904
7,30.0,200.0,-5.0,74,2032191102,4.779580240015633,-0.9999999999999887,0.8899521705809031
7,30.0,200.0,-5.0,75,2032191102,2.2795802400156333,-0.49999999999999434,-0.11004782941909672
7,30.0,200.0,-5.0,76,2032191102,-174.32041975998374,86.0,-37.110047829419095
7,30.0,200.0,-5.0,77,2032191102,2.8795802400156276,-0.49999999999999434,0.8899521705809031
7,30.0,200.0,-5.0,78,2032191102,0.07958024001564468,0.9999999999999887,0.389952170580904
7,30.0,200.0,-5.0,79,2032191102,-3.920419759984327,-0.49999999999999434,1.3899521705809037
7,30.0,200.0,-5.0,80,2032191102,-3.420419759984327,0.49999999999999434,1.3899521705809037
7,30.0,200.0,-5.0,81,2032191102,0.07958024001564468,-0.9999999999999887,0.389952170580904
7,30.0,200.0,-5.0,82,2032191102,-4.02041975998435,1.5000000000000084,-0.11004782941909672
7,30.0,200.0,-5.0,83,2032191102,0.07958024001564468,0.9999999999999887,-0.6100478294190974
7,30.0,200.0,-5.0,84,2032191102,4.179580240015639,0.0,-0.6100478294190974
7,30.0,200.0,-5.0,85,2032191102,6.079580240015616,0.0,1.3899521705809037
7,30.0,200.0,-5.0,86,2032191102,1.7795802400156333,0.9999999999999887,1.3899521705809037
7,30.0,200.0,-5.0,87,2032191102,-0.320419759984361,-2.0000000000000027,-0.11004782941909672
7,30.0,200.0,-5.0,88,2032191102,0.179580240015639,-1.5000000000000084,0.389952170580904
7,30.0,200.0,-5.0,89,2032191102,-1.3204197599843326,0.9999999999999887,-1.6100478294190965
7,30.0,200.0,-5.0,90,2032191102,2.9795802400156504,2.0000000000000027,-0.11004782941909672
7,30.0,200.0,-5.0,91,2032191102,1.9795802400156504,-0.49999999999999434,-0.11004782941909672
7,30.0,200.0,-5.0,92,2032191102,0.27958024001566173,-0.9999999999999887,-0.11004782941909672
7,30.0,200.0,-5.0,93,2032191102,0.47958024001565036,0.9999999999999887,0.389952170580904
7,30.0,200.0,-5.0,94,2032191102,-3.8204197599843326,-0.49999999999999434,-0.11004782941909672
7,30.0,200.0,-5.0,95,2032191102,-0.12041975998434395,1.5000000000000084,-0.11004782941909672
7,30.0,200.0,-5.0,96,2032191102,2.679580240015639,0.0,-0.11004782941909672
7,30.0,200.0,-5.0,97,2032191102,-1.120419759984344,-0.49999999999999434,-0.11004782941909672
7,30.0,200.0,-5.0,98,2032191102,-2.2204197599843383,-0.9999999999999887,0.8899521705809031
7,30.0,200.0,-5.0,99,2032191102,2.9795802400156504,-0.9999999999999887,0.8899521705809031
7,30.0,200.0,-5.0,100,2032191102,-1.4204197599843553,0.0,0.389952170580904
7,30.0,200.0,-5.0,101,2032191102,-0.620419759984344,0.49999999999999434,-0.6100478294190974
7,30.0,200.0,-5.0,102,2032191102,1.179580240015639,-0.9999999999999887,0.389952170580904
7,30.0,200.0,-5.0,103,2032191102,0.07958024001564468,0.0,-1.6100478294190965
7,30.0,200.0,-5.0,104,2032191102,3.179580240015639,-0.49999999999999434,-1.6100478294190965
7,30.0,200.0,-5.0,105,2032191102,-0.820419759984361,0.49999999999999434,-1.6100478294190965
7,30.0,200.0,-5.0,106,2032191102,-1.2204197599843383,0.9999999999999887,0.8899521705809031
7,30.0,200.0,-5.0,107,2032191102,1.2795802400156333,0.9999999999999887,1.3899521705809037
7,30.0,200.0,-5.0,108,2032191102,-3.2204197599843383,0.49999999999999434,-0.11004782941909672
7,30.0,200.0,-5.0,109,2032191102,-2.920419759984327,-0.9999999999999887,-0.6100478294190974
7,30.0,200.0,-5.0,110,2032191102,-1.120419759984344,-0.9999999999999887,-0.11004782941909672
7,30.0,200.0,-5.0,111,2032191102,1.2795802400156333,0.0,-0.6100478294190974
7,30.0,200.0,-5.0,112,2032191102,0.07958024001564468,-0.49999999999999434,-0.6100478294190974
7,30.0,200.0,-5.0,113,2032191102,-26.220419759984253,4.5,-3.110047829419097
7,30.0,200.0,-5.0,114,2032191102,-2.2204197599843383,0.0,-2.1100478294190963
7,30.0,200.0,-5.0,115,2032191102,-4.820419759984333,0.9999999999999887,0.389952170580904
7,30.0,200.0,-5.0,116,2032191102,-3.2204197599843383,1.5000000000000084,-0.11004782941909672
7,30.0,200.0,-5.0,117,2032191102,6.979580240015622,-2.0000000000000027,-0.6100478294190974
7,30.0,200.0,-5.0,118,2032191102,-2.7204197599843383,-0.49999999999999434,-0.6100478294190974
7,30.0,200.0,-5.0,119,2032191102,0.5795802400156447,0.0,-1.1100478294190965
7,30.0,200.0,-5.0,120,2032191102,-1.2204197599843383,-0.9999999999999887,-0.6100478294190974
7,30.0,200.0,-5.0,121,2032191102,2.2795802400156333,0.49999999999999434,-0.6100478294190974
7,30.0,200.0,-5.0,122,2032191102,-3.7204197599843383,0.0,-0.11004782941909672
7,30.0,200.0,-5.0,123,2032191102,3.9795802400156504,-2.0000000000000027,1.3899521705809037
7,30.0,200.0,-5.0,124,2032191102,-0.820419759984361,-0.49999999999999434,-0.11004782941909672
7,30.0,200.0,-5.0,125,2032191102,-0.22041975998433827,2.0000000000000027,0.389952170580904
7,30.0,200.0,-5.0,126,2032191102,1.179580240015639,1.5000000000000084,0.8899521705809031
7,30.0,200.0,-5.0,127,2032191102,0.5795802400156447,0.49999999999999434,-0.6100478294190974
7,30.0,200.0,-5.0,128,2032191102,1.7795802400156333,0.49999999999999434,-0.6100478294190974
7,30.0,200.0,-5.0,129,2032191102,1.679580240015639,-0.9999999999999887,0.8899521705809031
7,30.0,200.0,-5.0,130,2032191102,-3.5204197599843496,0.0,-0.6100478294190974
7,30.0,200.0,-5.0,131,2032191102,3.5795802400156447,0.0,-0.6100478294190974
7,30.0,200.0,-5.0,132,2032191102,0.37958024001565605,-0.49999999999999434,0.8899521705809031
7,30.0,200.0,-5.0,133,2032191102,-1.620419759984344,0.49999999999999434,-0.6100478294190974
7,30.0,200.0,-5.0,134,2032191102,19.279580240015576,42.00000000000001,-26.110047829419095
7,30.0,200.0,-5.0,135,2032191102,0.37958024001565605,2.4999999999999973,-0.6100478294190974
7,30.0,200.0,-5.0,136,2032191102,-0.820419759984361,0.9999999999999887,-1.1100478294190965
7,30.0,200.0,-5.0,137,2032191102,-4.520419759984321,0.0,0.389952170580904
7,30.0,200.0,-5.0,138,2032191102,-88.52041975998404,-2.4999999999999973,2.889952170580903
7,30.0,200.0,-5.0,139,2032191102,-2.5204197599843496,-0.49999999999999434,-0.6100478294190974
7,30.0,200.0,-5.0,140,2032191102,-0.320419759984361,0.0,-0.6100478294190974
7,30.0,200.0,-5.0,141,2032191102,-3.620419759984344,0.0,-1.6100478294190965
7,30.0,200.0,-5.0,142,2032191102,0.679580240015639,0.49999999999999434,0.389952170580904
7,30.0,200.0,-5.0,143,2032191102,1.7795802400156333,0.0,0.389952170580904
7,30.0,200.0,-5.0,144,2032191102,-0.02041975998434964,0.0,-2.1100478294190963
7,30.0,200.0,-5.0,145,2032191102,-27.92041975998424,87.5,45.389952170580905
7,30.0,200.0,-5.0,146,2032191102,1.9795802400156504,0.49999999999999434,-0.11004782941909672
7,30.0,200.0,-5.0,147,2032191102,-0.820419759984361,0.0,-1.6100478294190965
7,30.0,200.0,-5.0,148,2032191102,-2.620419759984344,0.9999999999999887,0.8899521705809031
7,30.0,200.0,-5.0,149,2032191102,-3.8204197599843326,1.5000000000000084,0.8899521705809031
7,30.0,200.0,-5.0,150,2032191102,2.3795802400156276,0.0,-1.1100478294190965
7,30.0,200.0,-5.0,151,2032191102,-3.3204197599843326,-0.9999999999999887,0.389952170580904
7,30.0,200.0,-5.0,152,2032191102,-2.920419759984327,-0.49999999999999434,-0.11004782941909672
7,30.0,200.0,-5.0,153,2032191102,-3.420419759984327,0.49999999999999434,-0.6100478294190974
7,30.0,200.0,-5.0,154,2032191102,4.579580240015645,-0.49999999999999434,1.3899521705809037
7,30.0,200.0,-5.0,155,2032191102,-1.7204197599843383,-0.49999999999999434,-0.11004782941909672
7,30.0,200.0,-5.0,156,2032191102,44.0795802400155,-48.000000000000014,-7.610047829419096
7,30.0,200.0,-5.0,157,2032191102,-2.2204197599843383,0.49999999999999434,0.389952170580904
7,30.0,200.0,-5.0,158,2032191102,0.07958024001564468,0.0,-1.1100478294190965
7,30.0,200.0,-5.0,159,2032191102,3.3795802400156276,-0.9999999999999887,-0.6100478294190974
7,30.0,200.0,-5.0,160,2032191102,0.179580240015639,-0.49999999999999434,1.8899521705809028
7,30.0,200.0,-5.0,161,2032191102,-0.820419759984361,0.49999999999999434,-0.6100478294190974
7,30.0,200.0,-5.0,162,2032191102,4.879580240015628,0.49999999999999434,2.3899521705809037
7,30.0,200.0,-5.0,163,2032191102,-1.5204197599843496,-0.49999999999999434,0.389952170580904
7,30.0,200.0,-5.0,164,2032191102,4.179580240015639,-0.49999999999999434,-0.11004782941909672
7,30.0,200.0,-5.0,165,2032191102,-1.120419759984344,-0.9999999999999887,-0.11004782941909672
7,30.0,200.0,-5.0,166,2032191102,-0.320419759984361,0.49999999999999434,1.3899521705809037
7,30.0,200.0,-5.0,167,2032191102,-0.4204197599843553,-0.49999999999999434,0.8899521705809031
7,30.0,200.0,-5.0,168,2032191102,1.0795802400156447,0.0,-1.1100478294190965
7,30.0,200.0,-5.0,169,2032191102,-0.12041975998434395,-2.0000000000000027,2.3899521705809037
7,30.0,200.0,-5.0,170,2032191102,0.07958024001564468,-1.5000000000000084,0.389952170580904
7,30.0,200.0,-5.0,171,2032191102,-3.8204197599843326,0.49999999999999434,-0.6100478294190974
7,30.0,200.0,-5.0,172,2032191102,-0.620419759984344,0.0,-0.6100478294190974
7,30.0,200.0,-5.0,173,2032191102,3.8795802400156276,-2.0000000000000027,-0.11004782941909672
7,30.0,200.0,-5.0,174,2032191102,0.5795802400156447,-0.49999999999999434,-0.11004782941909672
7,30.0,200.0,-5.0,175,2032191102,2.5795802400156447,-1.5000000000000084,-2.1100478294190963
7,30.0,200.0,-5.0,176,2032191102,0.07958024001564468,0.0,-2.1100478294190963
7,30.0,200.0,-5.0,177,2032191102,-1.8204197599843326,-1.5000000000000084,-1.1100478294190965
7,30.0,200.0,-5.0,178,2032191102,0.179580240015639,0.9999999999999887,0.389952170580904
7,30.0,200.0,-5.0,179,2032191102,2.3795802400156276,0.0,-0.6100478294190974
7,30.0,200.0,-5.0,180,2032191102,-1.7204197599843383,-0.49999999999999434,0.8899521705809031
7,30.0,200.0,-5.0,181,2032191102,-3.2204197599843383,-0.9999999999999887,-0.11004782941909672
7,30.0,200.0,-5.0,182,2032191102,2.3795802400156276,0.0,0.8899521705809031
7,30.0,200.0,-5.0,183,2032191102,0.47958024001565036,-0.9999999999999887,-0.6100478294190974
7,30.0,200.0,-5.0,184,2032191102,-0.12041975998434395,-0.49999999999999434,0.389952170580904
7,30.0,200.0,-5.0,185,2032191102,-5.020419759984321,-0.49999999999999434,-1.6100478294190965
7,30.0,200.0,-5.0,186,2032191102,-3.3204197599843326,-2.0000000000000027,1.8899521705809028
7,30.0,200.0,-5.0,187,2032191102,-3.0204197599843496,-0.9999999999999887,-0.6100478294190974
7,30.0,200.0,-5.0,188,2032191102,-3.5204197599843496,-0.9999999999999887,0.389952170580904
7,30.0,200.0,-5.0,189,2032191102,-0.4204197599843553,0.49999999999999434,0.389952170580904
7,30.0,200.0,-5.0,190,2032191102,-2.120419759984344,0.49999999999999434,-0.6100478294190974
7,30.0,200.0,-5.0,191,2032191102,-3.420419759984327,-2.4999999999999973,-0.6100478294190974
7,30.0,200.0,-5.0,192,2032191102,-2.8204197599843326,0.0,0.389952170580904
7,30.0,200.0,-5.0,193,2032191102,-4.120419759984344,0.49999999999999434,1.3899521705809037
7,30.0,200.0,-5.0,194,2032191102,1.4795802400156504,-0.49999999999999434,1.3899521705809037
7,30.0,200.0,-5.0,195,2032191102,4.779580240015633,-1.5000000000000084,-1.1100478294190965
7,30.0,200.0,-5.0,196,2032191102,-151.42041975998382,15.000000000000009,-64.6100478294191
7,30.0,200.0,-5.0,197,2032191102,2.0795802400156447,-0.49999999999999434,-0.6100478294190974
7,30.0,200.0,-5.0,198,2032191102,0.9795802400156504,0.0,0.8899521705809031
7,30.0,200.0,-5.0,199,2032191102,5.179580240015639,-0.9999999999999887,0.8899521705809031
7,30.0,200.0,0.0,0,2032191103,1.9795802400156504,0.0,0.8899521705809031
7,30.0,200.0,0.0,1,2032191103,0.679580240015639,0.0,0.389952170580904
7,30.0,200.0,0.0,2,2032191103,0.47958024001565036,0.0,-0.11004782941909672
7,30.0,200.0,0.0,3,2032191103,-1.0204197599843496,0.0,0.389952170580904
7,30.0,200.0,0.0,4,2032191103,-0.620419759984344,0.0,-0.6100478294190974
7,30.0,200.0,0.0,5,2032191103,0.179580240015639,-0.49999999999999434,-0.11004782941909672
7,30.0,200.0,0.0,6,2032191103,-0.9204197599843553,0.0,-0.6100478294190974
7,30.0,200.0,0.0,7,2032191103,-1.0204197599843496,-0.49999999999999434,0.389952170580904
7,30.0,200.0,0.0,8,2032191103,-0.02041975998434964,0.0,-0.11004782941909672
7,30.0,200.0,0.0,9,2032191103,1.4795802400156504,0.49999999999999434,0.389952170580904
7,30.0,200.0,0.0,10,2032191103,-0.620419759984344,0.0,0.389952170580904
7,30.0,200.0,0.0,11,2032191103,-1.620419759984344,0.49999999999999434,0.8899521705809031
7,30.0,200.0,0.0,12,2032191103,0.27958024001566173,0.0,-0.11004782941909672
7,30.0,200.0,0.0,13,2032191103,0.179580240015639,-0.49999999999999434,0.8899521705809031
7,30.0,200.0,0.0,14,2032191103,-3.7204197599843383,0.0,-0.11004782941909672
7,30.0,200.0,0.0,15,2032191103,-0.12041975998434395,0.0,-0.11004782941909672
7,30.0,200.0,0.0,16,2032191103,2.2795802400156333,-0.49999999999999434,-0.11004782941909672
7,30.0,200.0,0.0,17,2032191103,-1.120419759984344,0.0,-0.6100478294190974
7,30.0,200.0,0.0,18,2032191103,1.4795802400156504,0.0,-0.11004782941909672
7,30.0,200.0,0.0,19,2032191103,0.879580240015656,0.0,0.389952170580904
7,30.0,200.0,0.0,20,2032191103,-0.820419759984361,0.0,0.389952170580904
7,30.0,200.0,0.0,21,2032191103,-0.5204197599843496,-0.49999999999999434,-0.6100478294190974
7,30.0,200.0,0.0,22,2032191103,-0.12041975998434395,0.0,-0.6100478294190974
7,30.0,200.0,0.0,23,2032191103,1.2795802400156333,0.0,0.389952170580904
7,30.0,200.0,0.0,24,2032191103,-1.2204197599843383,0.0,-0.11004782941909672
7,30.0,200.0,0.0,25,2032191103,-0.7204197599843383,0.0,-0.11004782941909672
7,30.0,200.0,0.0,26,2032191103,1.879580240015656,0.49999999999999434,-0.6100478294190974
7,30.0,200.0,0.0,27,2032191103,-0.320419759984361,-0.9999999999999887,-0.6100478294190974
7,30.0,200.0,0.0,28,2032191103,1.4795802400156504,0.49999999999999434,-0.6100478294190974
7,30.0,200.0,0.0,29,2032191103,0.5795802400156447,0.9999999999999887,0.389952170580904
7,30.0,200.0,0.0,30,2032191103,-0.820419759984361,0.0,0.389952170580904
7,30.0,200.0,0.0,31,2032191103,-1.7204197599843383,0.9999999999999887,-0.11004782941909672
7,30.0,200.0,0.0,32,2032191103,0.879580240015656,-0.9999999999999887,0.389952170580904
7,30.0,200.0,0.0,33,2032191103,-1.5204197599843496,0.49999999999999434,-0.11004782941909672
7,30.0,200.0,0.0,34,2032191103,-1.120419759984344,-0.49999999999999434,-0.6100478294190974
7,30.0,200.0,0.0,35,2032191103,0.5795802400156447,-0.49999999999999434,-0.6100478294190974
7,30.0,200.0,0.0,36,2032191103,0.7795802400156617,-0.9999999999999887,-0.11004782941909672
7,30.0,200.0,0.0,37,2032191103,2.0795802400156447,0.49999999999999434,-0.11004782941909672
7,30.0,200.0,0.0,38,2032191103,1.7795802400156333,0.0,-0.11004782941909672
7,30.0,200.0,0.0,39,2032191103,-0.02041975998434964,-0.9999999999999887,-0.11004782941909672
7,30.0,200.0,0.0,40,2032191103,0.47958024001565036,0.49999999999999434,-0.6100478294190974
7,30.0,200.0,0.0,41,2032191103,-1.620419759984344,0.49999999999999434,-0.11004782941909672
7,30.0,200.0,0.0,42,2032191103,-0.820419759984361,-0.9999999999999887,0.8899521705809031
7,30.0,200.0,0.0,43,2032191103,0.7795802400156617,-0.9999999999999887,-0.6100478294190974
7,30.0,200.0,0.0,44,2032191103,-0.9204197599843553,0.0,-0.6100478294190974
7,30.0,200.0,0.0,45,2032191103,-0.12041975998434395,0.49999999999999434,0.8899521705809031
7,30.0,200.0,0.0,46,2032191103,0.47958024001565036,-0.49999999999999434,-1.6100478294190965
7,30.0,200.0,0.0,47,2032191103,1.9795802400156504,-0.49999999999999434,1.8899521705809028
7,30.0,200.0,0.0,48,2032191103,-2.3204197599843326,0.49999999999999434,0.389952170580904
7,30.0,200.0,0.0,49,2032191103,-1.120419759984344,-0.49999999999999434,0.389952170580904
7,30.0,200.0,0.0,50,2032191103,2.0795802400156447,0.0,-0.6100478294190974
7,30.0,200.0,0.0,51,2032191103,-0.22041975998433827,0.9999999999999887,0.389952170580904
7,30.0,200.0,0.0,52,2032191103,0.879580240015656,0.0,0.389952170580904
7,30.0,200.0,0.0,53,2032191103,-0.4204197599843553,-0.49999999999999434,-0.6100478294190974
7,30.0,200.0,0.0,54,2032191103,-0.12041975998434395,0.9999999999999887,-0.6100478294190974
7,30.0,200.0,0.0,55,2032191103,0.9795802400156504,-0.49999999999999434,-0.11004782941909672
7,30.0,200.0,0.0,56,2032191103,0.7795802400156617,0.49999999999999434,-0.11004782941909672
7,30.0,200.0,0.0,57,2032191103,-1.2204197599843383,0.0,-0.11004782941909672
7,30.0,200.0,0.0,58,2032191103,0.679580240015639,-0.49999999999999434,-0.6100478294190974
7,30.0,200.0,0.0,59,2032191103,0.679580240015639,-0.49999999999999434,-0.6100478294190974
7,30.0,200.0,0.0,60,2032191103,1.2795802400156333,0.0,-0.6100478294190974
7,30.0,200.0,0.0,61,2032191103,0.879580240015656,0.0,-0.11004782941909672
7,30.0,200.0,0.0,62,2032191103,-3.0204197599843496,0.0,-0.6100478294190974
7,30.0,200.0,0.0,63,2032191103,-2.920419759984327,0.0,0.8899521705809031
7,30.0,200.0,0.0,64,2032191103,-0.02041975998434964,1.5000000000000084,-0.11004782941909672
7,30.0,200.0,0.0,65,2032191103,-1.0204197599843496,0.0,-1.1100478294190965
7,30.0,200.0,0.0,66,2032191103,-1.2204197599843383,0.0,-0.11004782941909672
7,30.0,200.0,0.0,67,2032191103,-0.320419759984361,-0.49999999999999434,-0.11004782941909672
7,30.0,200.0,0.0,68,2032191103,0.9795802400156504,0.9999999999999887,0.389952170580904
7,30.0,200.0,0.0,69,2032191103,-1.2204197599843383,0.0,0.389952170580904
7,30.0,200.0,0.0,70,2032191103,0.7795802400156617,0.0,0.389952170580904
7,30.0,200.0,0.0,71,2032191103,0.879580240015656,-0.49999999999999434,-0.11004782941909672
7,30.0,200.0,0.0,72,2032191103,-0.620419759984344,0.49999999999999434,-0.11004782941909672
7,30.0,200.0,0.0,73,2032191103,-1.9204197599843553,0.49999999999999434,0.389952170580904
7,30.0,200.0,0.0,74,2032191103,0.179580240015639,0.0,0.8899521705809031
7,30.0,200.0,0.0,75,2032191103,-1.2204197599843383,0.49999999999999434,-1.1100478294190965
7,30.0,200.0,0.0,76,2032191103,-0.5204197599843496,0.0,0.8899521705809031
7,30.0,200.0,0.0,77,2032191103,-0.7204197599843383,-0.49999999999999434,0.8899521705809031
7,30.0,200.0,0.0,78,2032191103,0.27958024001566173,0.0,-0.11004782941909672
7,30.0,200.0,0.0,79,2032191103,-0.02041975998434964,0.49999999999999434,0.389952170580904
7,30.0,200.0,0.0,80,2032191103,-0.7204197599843383,0.49999999999999434,0.389952170580904
7,30.0,200.0,0.0,81,2032191103,-1.5204197599843496,0.0,0.389952170580904
7,30.0,200.0,0.0,82,2032191103,-2.8204197599843326,0.0,1.3899521705809037
7,30.0,200.0,0.0,83,2032191103,0.5795802400156447,0.9999999999999887,-0.6100478294190974
7,30.0,200.0,0.0,84,2032191103,-0.4204197599843553,-0.49999999999999434,-0.11004782941909672
7,30.0,200.0,0.0,85,2032191103,1.2795802400156333,-0.49999999999999434,-0.11004782941909672
7,30.0,200.0,0.0,86,2032191103,-0.22041975998433827,0.0,0.389952170580904
7,30.0,200.0,0.0,87,2032191103,0.07958024001564468,0.0,-0.6100478294190974
7,30.0,200.0,0.0,88,2032191103,1.679580240015639,0.0,-0.11004782941909672
7,30.0,200.0,0.0,89,2032191103,0.679580240015639,-0.49999999999999434,-0.11004782941909672
7,30.0,200.0,0.0,90,2032191103,-1.8204197599843326,0.9999999999999887,0.8899521705809031
7,30.0,200.0,0.0,91,2032191103,-0.22041975998433827,-0.49999999999999434,-0.6100478294190974
7,30.0,200.0,0.0,92,2032191103,3.3795802400156276,-0.49999999999999434,-0.11004782941909672
7,30.0,200.0,0.0,93,2032191103,2.179580240015639,0.0,0.389952170580904
7,30.0,200.0,0.0,94,2032191103,-0.4204197599843553,0.0,-0.11004782941909672
7,30.0,200.0,0.0,95,2032191103,-1.5204197599843496,0.0,-0.6100478294190974
7,30.0,200.0,0.0,96,2032191103,-0.4204197599843553,0.49999999999999434,-0.11004782941909672
7,30.0,200.0,0.0,97,2032191103,1.179580240015639,0.49999999999999434,-0.6100478294190974
7,30.0,200.0,0.0,98,2032191103,-0.22041975998433827,0.9999999999999887,-0.11004782941909672
7,30.0,200.0,0.0,99,2032191103,0.27958024001566173,-0.49999999999999434,0.8899521705809031
7,30.0,200.0,0.0,100,2032191103,0.879580240015656,-0.9999999999999887,-0.6100478294190974
7,30.0,200.0,0.0,101,2032191103,-2.8204197599843326,-0.49999999999999434,-0.11004782941909672
7,30.0,200.0,0.0,102,2032191103,-2.420419759984327,0.9999999999999887,0.8899521705809031
7,30.0,200.0,0.0,103,2032191103,0.879580240015656,0.0,-0.11004782941909672
7,30.0,200.0,0.0,104,2032191103,1.4795802400156504,-0.9999999999999887,0.389952170580904
7,30.0,200.0,0.0,105,2032191103,-0.22041975998433827,0.49999999999999434,-0.11004782941909672
7,30.0,200.0,0.0,106,2032191103,-0.620419759984344,0.49999999999999434,0.389952170580904
7,30.0,200.0,0.0,107,2032191103,-2.420419759984327,-0.49999999999999434,-0.6100478294190974
7,30.0,200.0,0.0,108,2032191103,0.7795802400156617,0.0,-0.11004782941909672
7,30.0,200.0,0.0,109,2032191103,1.7795802400156333,-0.49999999999999434,-0.11004782941909672
7,30.0,200.0,0.0,110,2032191103,-0.4204197599843553,0.49999999999999434,-0.6100478294190974
7,30.0,200.0,0.0,111,2032191103,-0.9204197599843553,-0.9999999999999887,0.389952170580904
7,30.0,200.0,0.0,112,2032191103,2.5795802400156447,0.49999999999999434,-0.11004782941909672
7,30.0,200.0,0.0,113,2032191103,2.4795802400156504,0.49999999999999434,0.389952170580904
7,30.0,200.0,0.0,114,2032191103,0.27958024001566173,0.0,0.389952170580904
7,30.0,200.0,0.0,115,2032191103,-0.620419759984344,0.0,-0.6100478294190974
7,30.0,200.0,0.0,116,2032191103,3.5795802400156447,0.49999999999999434,0.389952170580904
7,30.0,200.0,0.0,117,2032191103,0.37958024001565605,0.0,0.389952170580904
7,30.0,200.0,0.0,118,2032191103,-0.12041975998434395,0.49999999999999434,0.389952170580904
7,30.0,200.0,0.0,119,2032191103,0.7795802400156617,0.0,-0.11004782941909672
7,30.0,200.0,0.0,120,2032191103,-1.120419759984344,0.0,0.389952170580904
7,30.0,200.0,0.0,121,2032191103,-3.7204197599843383,-0.49999999999999434,0.8899521705809031
7,30.0,200.0,0.0,122,2032191103,-3.120419759984344,-0.9999999999999887,-0.11004782941909672
7,30.0,200.0,0.0,123,2032191103,0.879580240015656,0.0,-0.6100478294190974
7,30.0,200.0,0.0,124,2032191103,-0.9204197599843553,0.0,-0.11004782941909672
7,30.0,200.0,0.0,125,2032191103,0.7795802400156617,0.49999999999999434,-0.11004782941909672
7,30.0,200.0,0.0,126,2032191103,0.5795802400156447,-0.49999999999999434,0.389952170580904
7,30.0,200.0,0.0,127,2032191103,-0.7204197599843383,-0.49999999999999434,0.389952170580904
7,30.0,200.0,0.0,128,2032191103,-0.620419759984344,-0.49999999999999434,0.389952170580904
7,30.0,200.0,0.0,129,2032191103,0.27958024001566173,-0.49999999999999434,-0.11004782941909672
7,30.0,200.0,0.0,130,2032191103,-0.7204197599843383,0.0,-0.6100478294190974
7,30.0,200.0,0.0,131,2032191103,-0.22041975998433827,0.49999999999999434,-0.11004782941909672
7,30.0,200.0,0.0,132,2032191103,-1.620419759984344,0.0,0.389952170580904
7,30.0,200.0,0.0,133,2032191103,1.879580240015656,2.0000000000000027,-0.6100478294190974
7,30.0,200.0,0.0,134,2032191103,2.3795802400156276,0.49999999999999434,0.389952170580904
7,30.0,200.0,0.0,135,2032191103,2.5795802400156447,0.49999999999999434,-0.11004782941909672
7,30.0,200.0,0.0,136,2032191103,-2.2204197599843383,0.9999999999999887,0.389952170580904
7,30.0,200.0,0.0,137,2032191103,1.379580240015656,-0.49999999999999434,-0.6100478294190974
7,30.0,200.0,0.0,138,2032191103,1.379580240015656,0.0,-0.11004782941909672
7,30.0,200.0,0.0,139,2032191103,1.5795802400156447,0.49999999999999434,-0.6100478294190974
7,30.0,200.0,0.0,140,2032191103,0.37958024001565605,0.0,0.389952170580904
7,30.0,200.0,0.0,141,2032191103,0.7795802400156617,0.0,0.389952170580904
7,30.0,200.0,0.0,142,2032191103,1.5795802400156447,0.49999999999999434,0.389952170580904
7,30.0,200.0,0.0,143,2032191103,-1.120419759984344,-0.9999999999999887,0.389952170580904
7,30.0,200.0,0.0,144,2032191103,-1.620419759984344,-0.49999999999999434,-0.6100478294190974
7,30.0,200.0,0.0,145,2032191103,-0.620419759984344,2.0000000000000027,-0.11004782941909672
7,30.0,200.0,0.0,146,2032191103,-1.0204197599843496,-0.49999999999999434,0.8899521705809031
7,30.0,200.0,0.0,147,2032191103,1.2795802400156333,0.49999999999999434,-0.11004782941909672
7,30.0,200.0,0.0,148,2032191103,-0.02041975998434964,0.9999999999999887,0.8899521705809031
7,30.0,200.0,0.0,149,2032191103,-1.7204197599843383,-0.9999999999999887,-0.11004782941909672
7,30.0,200.0,0.0,150,2032191103,-0.22041975998433827,0.0,-0.11004782941909672
7,30.0,200.0,0.0,151,2032191103,-0.4204197599843553,0.0,0.389952170580904
7,30.0,200.0,0.0,152,2032191103,0.27958024001566173,0.49999999999999434,-0.11004782941909672
7,30.0,200.0,0.0,153,2032191103,0.07958024001564468,0.0,0.8899521705809031
7,30.0,200.0,0.0,154,2032191103,1.4795802400156504,0.49999999999999434,-0.11004782941909672
7,30.0,200.0,0.0,155,2032191103,3.2795802400156333,0.49999999999999434,-0.6100478294190974
7,30.0,200.0,0.0,156,2032191103,-0.5204197599843496,0.0,-0.11004782941909672
7,30.0,200.0,0.0,157,2032191103,-0.320419759984361,0.0,0.8899521705809031
7,30.0,200.0,0.0,158,2032191103,0.47958024001565036,0.49999999999999434,0.389952170580904
7,30.0,200.0,0.0,159,2032191103,0.7795802400156617,0.0,-0.11004782941909672
7,30.0,200.0,0.0,160,2032191103,0.37958024001565605,0.0,-0.11004782941909672
7,30.0,200.0,0.0,161,2032191103,0.7795802400156617,0.49999999999999434,0.389952170580904
7,30.0,200.0,0.0,162,2032191103,-0.4204197599843553,0.0,-0.6100478294190974
7,30.0,200.0,0.0,163,2032191103,-0.4204197599843553,0.0,0.389952170580904
7,30.0,200.0,0.0,164,2032191103,-0.9204197599843553,0.9999999999999887,0.389952170580904
7,30.0,200.0,0.0,165,2032191103,-1.3204197599843326,-0.9999999999999887,0.8899521705809031
7,30.0,200.0,0.0,166,2032191103,1.4795802400156504,0.0,-0.11004782941909672
7,30.0,200.0,0.0,167,2032191103,-0.4204197599843553,1.5000000000000084,-0.11004782941909672
7,30.0,200.0,0.0,168,2032191103,-1.120419759984344,0.0,-0.11004782941909672
7,30.0,200.0,0.0,169,2032191103,-0.4204197599843553,0.9999999999999887,-0.11004782941909672
7,30.0,200.0,0.0,170,2032191103,-0.22041975998433827,0.0,-0.11004782941909672
7,30.0,200.0,0.0,171,2032191103,2.0795802400156447,0.0,-0.6100478294190974
7,30.0,200.0,0.0,172,2032191103,-1.0204197599843496,0.0,-0.11004782941909672
7,30.0,200.0,0.0,173,2032191103,0.5795802400156447,-0.9999999999999887,-0.11004782941909672
7,30.0,200.0,0.0,174,2032191103,0.179580240015639,0.49999999999999434,-0.11004782941909672
7,30.0,200.0,0.0,175,2032191103,-5.920419759984327,-0.49999999999999434,-0.6100478294190974
7,30.0,200.0,0.0,176,2032191103,0.37958024001565605,0.9999999999999887,0.389952170580904
7,30.0,200.0,0.0,177,2032191103,1.0795802400156447,0.49999999999999434,-0.11004782941909672
7,30.0,200.0,0.0,178,2032191103,2.0795802400156447,-0.49999999999999434,-0.11004782941909672
7,30.0,200.0,0.0,179,2032191103,1.0795802400156447,0.0,0.389952170580904
7,30.0,200.0,0.0,180,2032191103,1.2795802400156333,0.0,0.8899521705809031
7,30.0,200.0,0.0,181,2032191103,0.679580240015639,0.9999999999999887,-0.6100478294190974
7,30.0,200.0,0.0,182,2032191103,-1.5204197599843496,0.49999999999999434,-0.11004782941909672
7,30.0,200.0,0.0,183,2032191103,4.479580240015622,0.49999999999999434,0.8899521705809031
7,30.0,200.0,0.0,184,2032191103,0.679580240015639,0.0,-0.11004782941909672
7,30.0,200.0,0.0,185,2032191103,-2.120419759984344,0.0,1.3899521705809037
7,30.0,200.0,0.0,186,2032191103,0.179580240015639,-0.49999999999999434,-0.11004782941909672
7,30.0,200.0,0.0,187,2032191103,-2.2204197599843383,0.9999999999999887,0.389952170580904
7,30.0,200.0,0.0,188,2032191103,0.27958024001566173,0.49999999999999434,-0.11004782941909672
7,30.0,200.0,0.0,189,2032191103,2.679580240015639,-0.49999999999999434,-0.11004782941909672
7,30.0,200.0,0.0,190,2032191103,-0.4204197599843553,0.0,0.8899521705809031
7,30.0,200.0,0.0,191,2032191103,0.879580240015656,0.0,-0.11004782941909672
7,30.0,200.0,0.0,192,2032191103,-0.02041975998434964,0.0,-0.6100478294190974
7,30.0,200.0,0.0,193,2032191103,0.27958024001566173,0.49999999999999434,-0.6100478294190974
7,30.0,200.0,0.0,194,2032191103,-0.820419759984361,0.0,0.389952170580904
7,30.0,200.0,0.0,195,2032191103,-1.3204197599843326,0.0,0.389952170580904
7,30.0,200.0,0.0,196,2032191103,0.37958024001565605,0.49999999999999434,-0.6100478294190974
7,30.0,200.0,0.0,197,2032191103,-1.120419759984344,-0.9999999999999887,-0.11004782941909672
7,30.0,200.0,0.0,198,2032191103,-1.4204197599843553,-0.49999999999999434,-0.11004782941909672
7,30.0,200.0,0.0,199,2032191103,-0.7204197599843383,-0.49999999999999434,0.8899521705809031
7,30.0,200.0,5.0,0,2032191104,-0.12041975998434395,0.0,-0.11004782941909672
7,30.0,200.0,5.0,1,2032191104,1.179580240015639,-0.49999999999999434,-0.11004782941909672
7,30.0,200.0,5.0,2,2032191104,1.679580240015639,0.0,-0.6100478294190974
7,30.0,200.0,5.0,3,2032191104,0.179580240015639,0.49999999999999434,0.389952170580904
7,30.0,200.0,5.0,4,2032191104,-1.2204197599843383,-0.49999999999999434,-0.11004782941909672
7,30.0,200.0,5.0,5,2032191104,-0.9204197599843553,-0.49999999999999434,-0.11004782941909672
7,30.0,200.0,5.0,6,2032191104,0.7795802400156617,0.0,0.389952170580904
7,30.0,200.0,5.0,7,2032191104,0.07958024001564468,0.0,-0.11004782941909672
7,30.0,200.0,5.0,8,2032191104,0.5795802400156447,0.0,0.389952170580904
7,30.0,200.0,5.0,9,2032191104,-0.5204197599843496,0.0,0.389952170580904
7,30.0,200.0,5.0,10,2032191104,-0.4204197599843553,0.0,0.389952170580904
7,30.0,200.0,5.0,11,2032191104,1.0795802400156447,-0.49999999999999434,-0.6100478294190974
7,30.0,200.0,5.0,12,2032191104,0.37958024001565605,0.49999999999999434,-0.11004782941909672
7,30.0,200.0,5.0,13,2032191104,-0.320419759984361,-0.49999999999999434,-0.6100478294190974
7,30.0,200.0,5.0,14,2032191104,0.37958024001565605,0.0,-0.6100478294190974
7,30.0,200.0,5.0,15,2032191104,-1.0204197599843496,0.0,-0.11004782941909672
7,30.0,200.0,5.0,16,2032191104,0.179580240015639,0.49999999999999434,-0.11004782941909672
7,30.0,200.0,5.0,17,2032191104,-0.5204197599843496,0.0,-0.11004782941909672
7,30.0,200.0,5.0,18,2032191104,-0.22041975998433827,0.0,-0.11004782941909672
7,30.0,200.0,5.0,19,2032191104,-0.320419759984361,0.49999999999999434,-0.11004782941909672
7,30.0,200.0,5.0,20,2032191104,0.37958024001565605,0.49999999999999434,0.389952170580904
7,30.0,200.0,5.0,21,2032191104,-1.4204197599843553,0.0,0.389952170580904
7,30.0,200.0,5.0,22,2032191104,-0.02041975998434964,0.0,0.8899521705809031
7,30.0,200.0,5.0,23,2032191104,-1.4204197599843553,0.0,-0.11004782941909672
7,30.0,200.0,5.0,24,2032191104,-0.12041975998434395,0.49999999999999434,0.389952170580904
7,30.0,200.0,5.0,25,2032191104,-0.5204197599843496,0.0,-0.6100478294190974
7,30.0,200.0,5.0,26,2032191104,0.27958024001566173,0.0,-0.11004782941909672
7,30.0,200.0,5.0,27,2032191104,0.879580240015656,0.49999999999999434,0.389952170580904
7,30.0,200.0,5.0,28,2032191104,0.7795802400156617,0.0,-0.6100478294190974
7,30.0,200.0,5.0,29,2032191104,0.7795802400156617,-0.49999999999999434,-0.11004782941909672
7,30.0,200.0,5.0,30,2032191104,1.5795802400156447,0.0,-0.11004782941909672
7,30.0,200.0,5.0,31,2032191104,0.27958024001566173,0.0,-0.11004782941909672
7,30.0,200.0,5.0,32,2032191104,-0.320419759984361,0.49999999999999434,-0.6100478294190974
7,30.0,200.0,5.0,33,2032191104,0.7795802400156617,0.0,-0.6100478294190974
7,30.0,200.0,5.0,34,2032191104,-0.7204197599843383,0.0,0.8899521705809031
7,30.0,200.0,5.0,35,2032191104,1.0795802400156447,0.0,0.389952170580904
7,30.0,200.0,5.0,36,2032191104,0.9795802400156504,0.0,-0.11004782941909672
7,30.0,200.0,5.0,37,2032191104,-0.320419759984361,0.0,0.389952170580904
7,30.0,200.0,5.0,38,2032191104,-1.4204197599843553,-0.49999999999999434,-0.11004782941909672
7,30.0,200.0,5.0,39,2032191104,0.07958024001564468,-0.49999999999999434,-0.11004782941909672
7,30.0,200.0,5.0,40,2032191104,0.07958024001564468,0.0,-0.11004782941909672
7,30.0,200.0,5.0,41,2032191104,0.27958024001566173,0.0,-0.11004782941909672
7,30.0,200.0,5.0,42,2032191104,-0.4204197599843553,0.0,-0.11004782941909672
7,30.0,200.0,5.0,43,2032191104,-0.02041975998434964,0.0,-0.11004782941909672
7,30.0,200.0,5.0,44,2032191104,-0.9204197599843553,0.0,-0.11004782941909672
7,30.0,200.0,5.0,45,2032191104,0.27958024001566173,0.0,0.389952170580904
7,30.0,200.0,5.0,46,2032191104,0.47958024001565036,0.0,0.389952170580904
7,30.0,200.0,5.0,47,2032191104,-0.5204197599843496,-0.49999999999999434,0.389952170580904
7,30.0,200.0,5.0,48,2032191104,-0.320419759984361,0.0,-0.11004782941909672
7,30.0,200.0,5.0,49,2032191104,0.879580240015656,0.49999999999999434,-0.11004782941909672
7,30.0,200.0,5.0,50,2032191104,-1.2204197599843383,0.49999999999999434,0.389952170580904
7,30.0,200.0,5.0,51,2032191104,0.27958024001566173,-0.49999999999999434,-0.11004782941909672
7,30.0,200.0,5.0,52,2032191104,-0.320419759984361,0.0,0.389952170580904
7,30.0,200.0,5.0,53,2032191104,0.07958024001564468,0.0,-0.11004782941909672
7,30.0,200.0,5.0,54,2032191104,-0.12041975998434395,0.0,-0.11004782941909672
7,30.0,200.0,5.0,55,2032191104,-0.320419759984361,0.0,-0.6100478294190974
7,30.0,200.0,5.0,56,2032191104,-0.12041975998434395,0.0,0.389952170580904
7,30.0,200.0,5.0,57,2032191104,-1.2204197599843383,0.49999999999999434,0.389952170580904
7,30.0,200.0,5.0,58,2032191104,-0.4204197599843553,0.0,0.389952170580904
7,30.0,200.0,5.0,59,2032191104,0.5795802400156447,-0.49999999999999434,0.389952170580904
7,30.0,200.0,5.0,60,2032191104,-1.2204197599843383,0.0,-0.11004782941909672
7,30.0,200.0,5.0,61,2032191104,0.879580240015656,0.0,-0.11004782941909672
7,30.0,200.0,5.0,62,2032191104,1.5795802400156447,-0.49999999999999434,0.389952170580904
7,30.0,200.0,5.0,63,2032191104,-1.2204197599843383,0.0,-0.6100478294190974
7,30.0,200.0,5.0,64,2032191104,-0.9204197599843553,-0.49999999999999434,-0.11004782941909672
7,30.0,200.0,5.0,65,2032191104,-1.5204197599843496,0.49999999999999434,0.389952170580904
7,30.0,200.0,5.0,66,2032191104,-0.12041975998434395,0.0,-0.11004782941909672
7,30.0,200.0,5.0,67,2032191104,-0.7204197599843383,0.0,0.389952170580904
7,30.0,200.0,5.0,68,2032191104,-0.320419759984361,0.0,-0.6100478294190974
7,30.0,200.0,5.0,69,2032191104,1.0795802400156447,0.0,0.389952170580904
7,30.0,200.0,5.0,70,2032191104,-0.9204197599843553,-0.49999999999999434,-0.11004782941909672
7,30.0,200.0,5.0,71,2032191104,-0.12041975998434395,-0.49999999999999434,-0.11004782941909672
7,30.0,200.0,5.0,72,2032191104,-1.9204197599843553,0.0,-0.6100478294190974
7,30.0,200.0,5.0,73,2032191104,0.5795802400156447,0.0,0.389952170580904
7,30.0,200.0,5.0,74,2032191104,-0.320419759984361,0.0,-0.11004782941909672
7,30.0,200.0,5.0,75,2032191104,0.27958024001566173,-0.49999999999999434,0.389952170580904
7,30.0,200.0,5.0,76,2032191104,-0.7204197599843383,0.0,-0.11004782941909672
7,30.0,200.0,5.0,77,2032191104,0.07958024001564468,0.49999999999999434,-0.11004782941909672
7,30.0,200.0,5.0,78,2032191104,-1.620419759984344,0.0,-0.11004782941909672
7,30.0,200.0,5.0,79,2032191104,0.37958024001565605,0.49999999999999434,0.389952170580904
7,30.0,200.0,5.0,80,2032191104,0.879580240015656,0.0,-0.11004782941909672
7,30.0,200.0,5.0,81,2032191104,0.879580240015656,-0.49999999999999434,-0.11004782941909672
7,30.0,200.0,5.0,82,2032191104,-1.4204197599843553,0.0,0.389952170580904
7,30.0,200.0,5.0,83,2032191104,-1.3204197599843326,0.0,0.389952170580904
7,30.0,200.0,5.0,84,2032191104,-0.4204197599843553,0.0,-0.11004782941909672
7,30.0,200.0,5.0,85,2032191104,0.07958024001564468,-0.49999999999999434,-0.11004782941909672
7,30.0,200.0,5.0,86,2032191104,0.679580240015639,-0.49999999999999434,-0.11004782941909672
7,30.0,200.0,5.0,87,2032191104,1.679580240015639,0.0,-0.6100478294190974
7,30.0,200.0,5.0,88,2032191104,1.2795802400156333,0.0,-0.6100478294190974
7,30.0,200.0,5.0,89,2032191104,0.179580240015639,0.49999999999999434,-0.6100478294190974
7,30.0,200.0,5.0,90,2032191104,0.27958024001566173,0.0,-0.11004782941909672
7,30.0,200.0,5.0,91,2032191104,0.27958024001566173,-0.49999999999999434,0.389952170580904
7,30.0,200.0,5.0,92,2032191104,-1.0204197599843496,-0.49999999999999434,-0.11004782941909672
7,30.0,200.0,5.0,93,2032191104,-1.120419759984344,0.49999999999999434,-0.11004782941909672
7,30.0,200.0,5.0,94,2032191104,-0.22041975998433827,0.0,-0.11004782941909672
7,30.0,200.0,5.0,95,2032191104,-1.0204197599843496,0.0,-0.11004782941909672
7,30.0,200.0,5.0,96,2032191104,0.07958024001564468,0.0,-0.11004782941909672
7,30.0,200.0,5.0,97,2032191104,1.179580240015639,0.0,0.389952170580904
7,30.0,200.0,5.0,98,2032191104,-0.02041975998434964,-0.49999999999999434,-0.11004782941909672
7,30.0,200.0,5.0,99,2032191104,-1.2204197599843383,0.0,-0.11004782941909672
7,30.0,200.0,5.0,100,2032191104,-0.12041975998434395,0.0,-0.11004782941909672
7,30.0,200.0,5.0,101,2032191104,0.7795802400156617,0.0,0.389952170580904
7,30.0,200.0,5.0,102,2032191104,1.179580240015639,-0.49999999999999434,0.389952170580904
7,30.0,200.0,5.0,103,2032191104,-0.4204197599843553,0.49999999999999434,-0.11004782941909672
7,30.0,200.0,5.0,104,2032191104,-0.4204197599843553,0.0,-0.11004782941909672
7,30.0,200.0,5.0,105,2032191104,-0.620419759984344,0.49999999999999434,-0.11004782941909672
7,30.0,200.0,5.0,106,2032191104,-0.320419759984361,0.49999999999999434,-0.11004782941909672
7,30.0,200.0,5.0,107,2032191104,-0.02041975998434964,0.0,0.389952170580904
7,30.0,200.0,5.0,108,2032191104,-1.0204197599843496,0.0,-0.11004782941909672
7,30.0,200.0,5.0,109,2032191104,-0.22041975998433827,0.49999999999999434,-0.11004782941909672
7,30.0,200.0,5.0,110,2032191104,0.5795802400156447,0.0,-0.11004782941909672
7,30.0,200.0,5.0,111,2032191104,0.37958024001565605,0.0,-0.11004782941909672
7,30.0,200.0,5.0,112,2032191104,0.27958024001566173,0.49999999999999434,-0.11004782941909672
7,30.0,200.0,5.0,113,2032191104,0.27958024001566173,0.49999999999999434,-0.11004782941909672
7,30.0,200.0,5.0,114,2032191104,0.07958024001564468,-0.49999999999999434,-0.11004782941909672
7,30.0,200.0,5.0,115,2032191104,-0.5204197599843496,0.0,-0.6100478294190974
7,30.0,200.0,5.0,116,2032191104,0.7795802400156617,-0.49999999999999434,0.389952170580904
7,30.0,200.0,5.0,117,2032191104,0.9795802400156504,0.0,-0.11004782941909672
7,30.0,200.0,5.0,118,2032191104,0.27958024001566173,-0.49999999999999434,-0.11004782941909672
7,30.0,200.0,5.0,119,2032191104,-0.620419759984344,0.0,0.389952170580904
7,30.0,200.0,5.0,120,2032191104,0.07958024001564468,0.49999999999999434,-0.6100478294190974
7,30.0,200.0,5.0,121,2032191104,-0.320419759984361,0.0,0.389952170580904
7,30.0,200.0,5.0,122,2032191104,0.27958024001566173,0.0,-0.11004782941909672
7,30.0,200.0,5.0,123,2032191104,1.5795802400156447,0.0,-0.11004782941909672
7,30.0,200.0,5.0,124,2032191104,1.0795802400156447,0.49999999999999434,-0.11004782941909672
7,30.0,200.0,5.0,125,2032191104,0.5795802400156447,0.49999999999999434,-0.11004782941909672
7,30.0,200.0,5.0,126,2032191104,1.679580240015639,0.0,-0.11004782941909672
7,30.0,200.0,5.0,127,2032191104,-0.9204197599843553,-0.49999999999999434,-0.11004782941909672
7,30.0,200.0,5.0,128,2032191104,-0.4204197599843553,0.49999999999999434,-0.11004782941909672
7,30.0,200.0,5.0,129,2032191104,-0.620419759984344,0.49999999999999434,-0.11004782941909672
7,30.0,200.0,5.0,130,2032191104,-0.7204197599843383,0.0,-0.11004782941909672
7,30.0,200.0,5.0,131,2032191104,0.27958024001566173,0.0,0.389952170580904
7,30.0,200.0,5.0,132,2032191104,-0.12041975998434395,0.0,0.389952170580904
7,30.0,200.0,5.0,133,2032191104,-0.620419759984344,0.0,0.389952170580904
7,30.0,200.0,5.0,134,2032191104,-0.5204197599843496,0.49999999999999434,-0.11004782941909672
7,30.0,200.0,5.0,135,2032191104,0.07958024001564468,0.49999999999999434,-0.6100478294190974
7,30.0,200.0,5.0,136,2032191104,0.7795802400156617,0.0,-0.11004782941909672
7,30.0,200.0,5.0,137,2032191104,-0.02041975998434964,0.0,0.389952170580904
7,30.0,200.0,5.0,138,2032191104,0.179580240015639,0.0,-0.6100478294190974
7,30.0,200.0,5.0,139,2032191104,1.179580240015639,0.0,0.389952170580904
7,30.0,200.0,5.0,140,2032191104,-0.320419759984361,0.49999999999999434,-0.11004782941909672
7,30.0,200.0,5.0,141,2032191104,-0.320419759984361,0.49999999999999434,0.389952170580904
7,30.0,200.0,5.0,142,2032191104,0.37958024001565605,0.49999999999999434,-0.11004782941909672
7,30.0,200.0,5.0,143,2032191104,-0.320419759984361,0.0,-0.6100478294190974
7,30.0,200.0,5.0,144,2032191104,0.679580240015639,0.0,-0.11004782941909672
7,30.0,200.0,5.0,145,2032191104,-0.12041975998434395,-0.49999999999999434,-0.11004782941909672
7,30.0,200.0,5.0,146,2032191104,0.27958024001566173,0.0,0.389952170580904
7,30.0,200.0,5.0,147,2032191104,0.07958024001564468,-0.49999999999999434,-0.11004782941909672
7,30.0,200.0,5.0,148,2032191104,-1.0204197599843496,0.49999999999999434,-0.11004782941909672
7,30.0,200.0,5.0,149,2032191104,0.27958024001566173,0.49999999999999434,-0.11004782941909672
7,30.0,200.0,5.0,150,2032191104,0.37958024001565605,0.0,-0.11004782941909672
7,30.0,200.0,5.0,151,2032191104,0.07958024001564468,-0.49999999999999434,-0.11004782941909672
7,30.0,200.0,5.0,152,2032191104,-1.5204197599843496,-0.49999999999999434,-0.11004782941909672
7,30.0,200.0,5.0,153,2032191104,-0.320419759984361,-0.49999999999999434,-0.11004782941909672
7,30.0,200.0,5.0,154,2032191104,-1.2204197599843383,0.0,-0.11004782941909672
7,30.0,200.0,5.0,155,2032191104,-0.22041975998433827,0.0,-0.11004782941909672
7,30.0,200.0,5.0,156,2032191104,0.679580240015639,-0.49999999999999434,-0.11004782941909672
7,30.0,200.0,5.0,157,2032191104,-0.7204197599843383,0.0,0.389952170580904
7,30.0,200.0,5.0,158,2032191104,-0.5204197599843496,0.0,-0.11004782941909672
7,30.0,200.0,5.0,159,2032191104,-0.7204197599843383,-0.49999999999999434,-0.6100478294190974
7,30.0,200.0,5.0,160,2032191104,-0.12041975998434395,0.49999999999999434,-0.11004782941909672
7,30.0,200.0,5.0,161,2032191104,0.9795802400156504,0.49999999999999434,-0.11004782941909672
7,30.0,200.0,5.0,162,2032191104,-1.9204197599843553,0.0,-0.11004782941909672
7,30.0,200.0,5.0,163,2032191104,1.179580240015639,0.0,0.389952170580904
7,30.0,200.0,5.0,164,2032191104,-0.5204197599843496,0.0,-0.11004782941909672
7,30.0,200.0,5.0,165,2032191104,-0.5204197599843496,-0.49999999999999434,-0.11004782941909672
7,30.0,200.0,5.0,166,2032191104,1.179580240015639,-0.49999999999999434,-0.11004782941909672
7,30.0,200.0,5.0,167,2032191104,-0.4204197599843553,-0.49999999999999434,0.389952170580904
7,30.0,200.0,5.0,168,2032191104,-0.12041975998434395,-0.49999999999999434,-0.11004782941909672
7,30.0,200.0,5.0,169,2032191104,-0.5204197599843496,0.0,-0.6100478294190974
7,30.0,200.0,5.0,170,2032191104,-0.820419759984361,0.0,-0.11004782941909672
7,30.0,200.0,5.0,171,2032191104,-1.0204197599843496,-0.49999999999999434,-0.11004782941909672
7,30.0,200.0,5.0,172,2032191104,-0.22041975998433827,0.49999999999999434,-0.11004782941909672
7,30.0,200.0,5.0,173,2032191104,-0.12041975998434395,0.0,-0.11004782941909672
7,30.0,200.0,5.0,174,2032191104,-0.12041975998434395,0.0,-0.11004782941909672
7,30.0,200.0,5.0,175,2032191104,0.679580240015639,0.0,0.8899521705809031
7,30.0,200.0,5.0,176,2032191104,0.07958024001564468,-0.49999999999999434,0.389952170580904
7,30.0,200.0,5.0,177,2032191104,-1.2204197599843383,0.49999999999999434,-0.11004782941909672
7,30.0,200.0,5.0,178,2032191104,-0.7204197599843383,0.49999999999999434,0.389952170580904
7,30.0,200.0,5.0,179,2032191104,-0.320419759984361,-0.49999999999999434,-0.11004782941909672
7,30.0,200.0,5.0,180,2032191104,-1.0204197599843496,0.0,0.389952170580904
7,30.0,200.0,5.0,181,2032191104,0.47958024001565036,0.0,0.389952170580904
7,30.0,200.0,5.0,182,2032191104,0.27958024001566173,0.0,-0.6100478294190974
7,30.0,200.0,5.0,183,2032191104,-0.02041975998434964,0.0,-0.11004782941909672
7,30.0,200.0,5.0,184,2032191104,0.7795802400156617,0.0,0.389952170580904
7,30.0,200.0,5.0,185,2032191104,0.5795802400156447,0.0,0.389952170580904
7,30.0,200.0,5.0,186,2032191104,-0.22041975998433827,0.0,-0.11004782941909672
7,30.0,200.0,5.0,187,2032191104,0.679580240015639,0.49999999999999434,0.389952170580904
7,30.0,200.0,5.0,188,2032191104,1.379580240015656,-0.49999999999999434,-0.11004782941909672
7,30.0,200.0,5.0,189,2032191104,0.37958024001565605,0.0,-0.11004782941909672
7,30.0,200.0,5.0,190,2032191104,-2.120419759984344,0.0,-0.6100478294190974
7,30.0,200.0,5.0,191,2032191104,0.27958024001566173,-0.49999999999999434,0.389952170580904
7,30.0,200.0,5.0,192,2032191104,0.7795802400156617,-0.49999999999999434,-0.11004782941909672
7,30.0,200.0,5.0,193,2032191104,0.27958024001566173,-0.49999999999999434,0.389952170580904
7,30.0,200.0,5.0,194,2032191104,-0.12041975998434395,0.0,-0.11004782941909672
7,30.0,200.0,5.0,195,2032191104,0.5795802400156447,0.0,-0.11004782941909672
7,30.0,200.0,5.0,196,2032191104,0.5795802400156447,-0.49999999999999434,-0.11004782941909672
7,30.0,200.0,5.0,197,2032191104,0.679580240015639,-0.49999999999999434,-0.11004782941909672
7,30.0,200.0,5.0,198,2032191104,-0.7204197599843383,0.0,-0.11004782941909672
7,30.0,200.0,5.0,199,2032191104,0.07958024001564468,0.0,-0.11004782941909672
7,30.0,200.0,10.0,0,2032191105,-0.5204197599843496,0.0,-0.11004782941909672
7,30.0,200.0,10.0,1,2032191105,-0.22041975998433827,0.0,-0.11004782941909672
7,30.0,200.0,10.0,2,2032191105,-0.12041975998434395,0.0,-0.11004782941909672
7,30.0,200.0,10.0,3,2032191105,-0.320419759984361,0.0,-0.11004782941909672
7,30.0,200.0,10.0,4,2032191105,0.5795802400156447,0.0,-0.11004782941909672
7,30.0,200.0,10.0,5,2032191105,-0.02041975998434964,0.0,-0.11004782941909672
7,30.0,200.0,10.0,6,2032191105,0.37958024001565605,0.0,-0.11004782941909672
7,30.0,200.0,10.0,7,2032191105,0.27958024001566173,0.0,-0.11004782941909672
7,30.0,200.0,10.0,8,2032191105,-0.12041975998434395,0.0,-0.11004782941909672
7,30.0,200.0,10.0,9,2032191105,-0.820419759984361,0.0,-0.11004782941909672
7,30.0,200.0,10.0,10,2032191105,0.37958024001565605,-0.49999999999999434,-0.11004782941909672
7,30.0,200.0,10.0,11,2032191105,-0.12041975998434395,0.0,-0.11004782941909672
7,30.0,200.0,10.0,12,2032191105,0.07958024001564468,0.0,-0.11004782941909672
7,30.0,200.0,10.0,13,2032191105,0.27958024001566173,-0.49999999999999434,-0.11004782941909672
7,30.0,200.0,10.0,14,2032191105,0.37958024001565605,0.0,-0.11004782941909672
7,30.0,200.0,10.0,15,2032191105,-0.4204197599843553,0.0,-0.11004782941909672
7,30.0,200.0,10.0,16,2032191105,-0.7204197599843383,0.0,-0.11004782941909672
7,30.0,200.0,10.0,17,2032191105,-0.12041975998434395,0.0,-0.11004782941909672
7,30.0,200.0,10.0,18,2032191105,-0.22041975998433827,0.0,-0.11004782941909672
7,30.0,200.0,10.0,19,2032191105,0.679580240015639,0.49999999999999434,-0.11004782941909672
7,30.0,200.0,10.0,20,2032191105,0.07958024001564468,0.49999999999999434,0.389952170580904
7,30.0,200.0,10.0,21,2032191105,-1.0204197599843496,0.0,-0.11004782941909672
7,30.0,200.0,10.0,22,2032191105,-0.22041975998433827,-0.49999999999999434,-0.11004782941909672
7,30.0,200.0,10.0,23,2032191105,-0.4204197599843553,0.0,-0.11004782941909672
7,30.0,200.0,10.0,24,2032191105,-0.12041975998434395,0.0,-0.11004782941909672
7,30.0,200.0,10.0,25,2032191105,0.07958024001564468,0.0,-0.11004782941909672
7,30.0,200.0,10.0,26,2032191105,0.37958024001565605,0.0,-0.11004782941909672
7,30.0,200.0,10.0,27,2032191105,-0.02041975998434964,0.0,-0.11004782941909672
7,30.0,200.0,10.0,28,2032191105,-0.22041975998433827,0.49999999999999434,0.389952170580904
7,30.0,200.0,10.0,29,2032191105,0.27958024001566173,0.0,0.389952170580904
7,30.0,200.0,10.0,30,2032191105,0.37958024001565605,0.0,-0.11004782941909672
7,30.0,200.0,10.0,31,2032191105,0.27958024001566173,0.0,-0.11004782941909672
7,30.0,200.0,10.0,32,2032191105,0.07958024001564468,0.0,-0.11004782941909672
7,30.0,200.0,10.0,33,2032191105,0.07958024001564468,0.0,-0.6100478294190974
7,30.0,200.0,10.0,34,2032191105,-0.22041975998433827,0.0,-0.11004782941909672
7,30.0,200.0,10.0,35,2032191105,0.179580240015639,0.0,-0.11004782941909672
7,30.0,200.0,10.0,36,2032191105,-0.22041975998433827,0.0,-0.11004782941909672
7,30.0,200.0,10.0,37,2032191105,-0.7204197599843383,0.0,0.389952170580904
7,30.0,200.0,10.0,38,2032191105,-0.7204197599843383,0.0,-0.11004782941909672
7,30.0,200.0,10.0,39,2032191105,-0.320419759984361,0.0,-0.11004782941909672
7,30.0,200.0,10.0,40,2032191105,-0.320419759984361,0.0,-0.11004782941909672
7,30.0,200.0,10.0,41,2032191105,-0.02041975998434964,0.0,-0.11004782941909672
7,30.0,200.0,10.0,42,2032191105,-0.22041975998433827,0.0,-0.11004782941909672
7,30.0,200.0,10.0,43,2032191105,0.179580240015639,0.0,-0.11004782941909672
7,30.0,200.0,10.0,44,2032191105,-0.22041975998433827,0.0,-0.11004782941909672
7,30.0,200.0,10.0,45,2032191105,0.679580240015639,0.0,-0.11004782941909672
7,30.0,200.0,10.0,46,2032191105,-0.02041975998434964,0.0,-0.11004782941909672
7,30.0,200.0,10.0,47,2032191105,-0.320419759984361,0.0,-0.11004782941909672
7,30.0,200.0,10.0,48,2032191105,0.27958024001566173,0.0,-0.11004782941909672
7,30.0,200.0,10.0,49,2032191105,0.9795802400156504,0.0,-0.11004782941909672
7,30.0,200.0,10.0,50,2032191105,0.879580240015656,0.0,0.389952170580904
7,30.0,200.0,10.0,51,2032191105,-0.5204197599843496,0.0,-0.11004782941909672
7,30.0,200.0,10.0,52,2032191105,-0.22041975998433827,0.0,-0.11004782941909672
7,30.0,200.0,10.0,53,2032191105,-0.12041975998434395,0.0,-0.11004782941909672
7,30.0,200.0,10.0,54,2032191105,0.27958024001566173,0.0,0.389952170580904
7,30.0,200.0,10.0,55,2032191105,0.07958024001564468,0.0,-0.11004782941909672
7,30.0,200.0,10.0,56,2032191105,0.07958024001564468,0.0,-0.11004782941909672
7,30.0,200.0,10.0,57,2032191105,0.07958024001564468,0.0,0.389952170580904
7,30.0,200.0,10.0,58,2032191105,-0.7204197599843383,0.0,0.389952170580904
7,30.0,200.0,10.0,59,2032191105,-0.12041975998434395,0.0,-0.11004782941909672
7,30.0,200.0,10.0,60,2032191105,0.179580240015639,0.0,-0.11004782941909672
7,30.0,200.0,10.0,61,2032191105,0.07958024001564468,0.0,0.389952170580904
7,30.0,200.0,10.0,62,2032191105,0.179580240015639,0.0,-0.11004782941909672
7,30.0,200.0,10.0,63,2032191105,-0.02041975998434964,0.0,-0.6100478294190974
7,30.0,200.0,10.0,64,2032191105,-0.12041975998434395,0.0,-0.11004782941909672
7,30.0,200.0,10.0,65,2032191105,-0.12041975998434395,0.0,-0.11004782941909672
7,30.0,200.0,10.0,66,2032191105,-0.22041975998433827,-0.49999999999999434,-0.11004782941909672
7,30.0,200.0,10.0,67,2032191105,-0.02041975998434964,0.0,-0.6100478294190974
7,30.0,200.0,10.0,68,2032191105,0.879580240015656,0.0,-0.11004782941909672
7,30.0,200.0,10.0,69,2032191105,0.47958024001565036,0.0,0.389952170580904
7,30.0,200.0,10.0,70,2032191105,0.27958024001566173,0.0,-0.11004782941909672
7,30.0,200.0,10.0,71,2032191105,-0.02041975998434964,0.0,-0.11004782941909672
7,30.0,200.0,10.0,72,2032191105,-0.9204197599843553,0.0,-0.11004782941909672
7,30.0,200.0,10.0,73,2032191105,-0.5204197599843496,0.0,-0.11004782941909672
7,30.0,200.0,10.0,74,2032191105,-0.22041975998433827,0.0,-0.11004782941909672
7,30.0,200.0,10.0,75,2032191105,-0.12041975998434395,0.0,-0.11004782941909672
7,30.0,200.0,10.0,76,2032191105,-0.02041975998434964,0.0,-0.11004782941909672
7,30.0,200.0,10.0,77,2032191105,0.679580240015639,0.0,-0.11004782941909672
7,30.0,200.0,10.0,78,2032191105,0.679580240015639,0.0,0.389952170580904
7,30.0,200.0,10.0,79,2032191105,-0.12041975998434395,0.0,-0.11004782941909672
7,30.0,200.0,10.0,80,2032191105,0.179580240015639,0.0,-0.11004782941909672
7,30.0,200.0,10.0,81,2032191105,-0.22041975998433827,0.0,-0.11004782941909672
7,30.0,200.0,10.0,82,2032191105,0.37958024001565605,0.0,-0.11004782941909672
7,30.0,200.0,10.0,83,2032191105,0.37958024001565605,0.0,-0.11004782941909672
7,30.0,200.0,10.0,84,2032191105,-0.620419759984344,0.0,-0.11004782941909672
7,30.0,200.0,10.0,85,2032191105,0.37958024001565605,0.0,-0.11004782941909672
7,30.0,200.0,10.0,86,2032191105,-0.12041975998434395,0.0,-0.11004782941909672
7,30.0,200.0,10.0,87,2032191105,-0.02041975998434964,0.0,0.389952170580904
7,30.0,200.0,10.0,88,2032191105,-0.02041975998434964,0.0,-0.11004782941909672
7,30.0,200.0,10.0,89,2032191105,-0.02041975998434964,-0.49999999999999434,-0.11004782941909672
7,30.0,200.0,10.0,90,2032191105,0.07958024001564468,0.0,0.389952170580904
7,30.0,200.0,10.0,91,2032191105,0.37958024001565605,0.0,-0.11004782941909672
7,30.0,200.0,10.0,92,2032191105,0.27958024001566173,0.0,-0.11004782941909672
7,30.0,200.0,10.0,93,2032191105,-0.22041975998433827,0.0,-0.11004782941909672
7,30.0,200.0,10.0,94,2032191105,0.37958024001565605,0.0,-0.11004782941909672
7,30.0,200.0,10.0,95,2032191105,0.07958024001564468,0.0,-0.11004782941909672
7,30.0,200.0,10.0,96,2032191105,0.07958024001564468,0.0,-0.11004782941909672
7,30.0,200.0,10.0,97,2032191105,1.179580240015639,0.0,0.389952170580904
7,30.0,200.0,10.0,98,2032191105,0.37958024001565605,0.0,-0.11004782941909672
7,30.0,200.0,10.0,99,2032191105,0.27958024001566173,0.0,-0.11004782941909672
7,30.0,200.0,10.0,100,2032191105,-0.12041975998434395,0.0,0.389952170580904
7,30.0,200.0,10.0,101,2032191105,-0.12041975998434395,0.0,-0.11004782941909672
7,30.0,200.0,10.0,102,2032191105,0.07958024001564468,0.0,-0.11004782941909672
7,30.0,200.0,10.0,103,2032191105,-0.12041975998434395,0.0,-0.11004782941909672
7,30.0,200.0,10.0,104,2032191105,0.679580240015639,0.0,0.389952170580904
7,30.0,200.0,10.0,105,2032191105,0.07958024001564468,0.0,0.389952170580904
7,30.0,200.0,10.0,106,2032191105,0.37958024001565605,0.0,0.389952170580904
7,30.0,200.0,10.0,107,2032191105,0.47958024001565036,0.0,-0.11004782941909672
7,30.0,200.0,10.0,108,2032191105,0.07958024001564468,0.0,-0.11004782941909672
7,30.0,200.0,10.0,109,2032191105,-0.12041975998434395,0.0,-0.11004782941909672
7,30.0,200.0,10.0,110,2032191105,-0.02041975998434964,0.0,-0.11004782941909672
7,30.0,200.0,10.0,111,2032191105,-0.12041975998434395,0.49999999999999434,0.389952170580904
7,30.0,200.0,10.0,112,2032191105,0.07958024001564468,0.0,-0.11004782941909672
7,30.0,200.0,10.0,113,2032191105,0.37958024001565605,-0.49999999999999434,0.389952170580904
7,30.0,200.0,10.0,114,2032191105,-0.02041975998434964,-0.49999999999999434,-0.11004782941909672
7,30.0,200.0,10.0,115,2032191105,0.27958024001566173,0.0,-0.11004782941909672
7,30.0,200.0,10.0,116,2032191105,-0.620419759984344,0.0,0.389952170580904
7,30.0,200.0,10.0,117,2032191105,-0.620419759984344,0.0,-0.11004782941909672
7,30.0,200.0,10.0,118,2032191105,0.7795802400156617,0.0,-0.11004782941909672
7,30.0,200.0,10.0,119,2032191105,-0.22041975998433827,0.49999999999999434,-0.11004782941909672
7,30.0,200.0,10.0,120,2032191105,-0.620419759984344,0.0,-0.6100478294190974
7,30.0,200.0,10.0,121,2032191105,0.179580240015639,0.0,0.389952170580904
7,30.0,200.0,10.0,122,2032191105,-0.7204197599843383,0.0,-0.11004782941909672
7,30.0,200.0,10.0,123,2032191105,-0.02041975998434964,0.49999999999999434,-0.11004782941909672
7,30.0,200.0,10.0,124,2032191105,0.07958024001564468,0.0,-0.11004782941909672
7,30.0,200.0,10.0,125,2032191105,0.37958024001565605,0.0,-0.11004782941909672
7,30.0,200.0,10.0,126,2032191105,0.27958024001566173,0.0,-0.11004782941909672
7,30.0,200.0,10.0,127,2032191105,0.879580240015656,-0.49999999999999434,-0.11004782941909672
7,30.0,200.0,10.0,128,2032191105,0.47958024001565036,0.0,-0.11004782941909672
7,30.0,200.0,10.0,129,2032191105,0.179580240015639,0.0,-0.11004782941909672
7,30.0,200.0,10.0,130,2032191105,0.27958024001566173,0.0,0.389952170580904
7,30.0,200.0,10.0,131,2032191105,-0.4204197599843553,0.0,-0.11004782941909672
7,30.0,200.0,10.0,132,2032191105,0.179580240015639,0.0,0.389952170580904
7,30.0,200.0,10.0,133,2032191105,0.27958024001566173,0.0,-0.11004782941909672
7,30.0,200.0,10.0,134,2032191105,0.5795802400156447,-0.49999999999999434,-0.11004782941909672
7,30.0,200.0,10.0,135,2032191105,-0.820419759984361,0.0,-0.11004782941909672
7,30.0,200.0,10.0,136,2032191105,-0.7204197599843383,0.49999999999999434,0.389952170580904
7,30.0,200.0,10.0,137,2032191105,0.27958024001566173,0.0,-0.11004782941909672
7,30.0,200.0,10.0,138,2032191105,-0.320419759984361,0.0,-0.11004782941909672
7,30.0,200.0,10.0,139,2032191105,-0.22041975998433827,-0.49999999999999434,-0.11004782941909672
7,30.0,200.0,10.0,140,2032191105,0.07958024001564468,0.0,-0.11004782941909672
7,30.0,200.0,10.0,141,2032191105,-0.7204197599843383,0.0,-0.11004782941909672
7,30.0,200.0,10.0,142,2032191105,-0.12041975998434395,0.0,-0.11004782941909672
7,30.0,200.0,10.0,143,2032191105,0.07958024001564468,0.49999999999999434,-0.11004782941909672
7,30.0,200.0,10.0,144,2032191105,-0.12041975998434395,0.0,-0.11004782941909672
7,30.0,200.0,10.0,145,2032191105,0.47958024001565036,0.0,0.389952170580904
7,30.0,200.0,10.0,146,2032191105,0.47958024001565036,0.49999999999999434,-0.11004782941909672
7,30.0,200.0,10.0,147,2032191105,-0.7204197599843383,-0.49999999999999434,-0.11004782941909672
7,30.0,200.0,10.0,148,2032191105,0.07958024001564468,0.0,-0.11004782941909672
7,30.0,200.0,10.0,149,2032191105,0.07958024001564468,0.0,0.389952170580904
7,30.0,200.0,10.0,150,2032191105,-0.22041975998433827,0.0,-0.11004782941909672
7,30.0,200.0,10.0,151,2032191105,0.179580240015639,0.0,-0.11004782941909672
7,30.0,200.0,10.0,152,2032191105,0.37958024001565605,0.0,-0.11004782941909672
7,30.0,200.0,10.0,153,2032191105,0.37958024001565605,0.0,-0.11004782941909672
7,30.0,200.0,10.0,154,2032191105,0.7795802400156617,0.0,-0.11004782941909672
7,30.0,200.0,10.0,155,2032191105,-0.22041975998433827,0.49999999999999434,-0.11004782941909672
7,30.0,200.0,10.0,156,2032191105,0.37958024001565605,0.0,-0.11004782941909672
7,30.0,200.0,10.0,157,2032191105,-0.12041975998434395,0.0,-0.11004782941909672
7,30.0,200.0,10.0,158,2032191105,-0.7204197599843383,-0.49999999999999434,0.389952170580904
7,30.0,200.0,10.0,159,2032191105,0.179580240015639,0.0,0.389952170580904
7,30.0,200.0,10.0,160,2032191105,-0.620419759984344,0.49999999999999434,-0.11004782941909672
7,30.0,200.0,10.0,161,2032191105,-0.12041975998434395,0.0,-0.11004782941909672
7,30.0,200.0,10.0,162,2032191105,0.07958024001564468,0.0,-0.11004782941909672
7,30.0,200.0,10.0,163,2032191105,-0.02041975998434964,0.0,-0.11004782941909672
7,30.0,200.0,10.0,164,2032191105,-0.22041975998433827,0.0,-0.11004782941909672
7,30.0,200.0,10.0,165,2032191105,0.07958024001564468,0.0,-0.11004782941909672
7,30.0,200.0,10.0,166,2032191105,-0.02041975998434964,0.0,-0.11004782941909672
7,30.0,200.0,10.0,167,2032191105,0.179580240015639,0.0,-0.11004782941909672
7,30.0,200.0,10.0,168,2032191105,-0.12041975998434395,0.0,-0.11004782941909672
7,30.0,200.0,10.0,169,2032191105,-0.12041975998434395,0.0,0.389952170580904
7,30.0,200.0,10.0,170,2032191105,-0.5204197599843496,0.0,-0.11004782941909672
7,30.0,200.0,10.0,171,2032191105,-0.4204197599843553,0.0,-0.11004782941909672
7,30.0,200.0,10.0,172,2032191105,-0.22041975998433827,0.49999999999999434,-0.11004782941909672
7,30.0,200.0,10.0,173,2032191105,0.179580240015639,0.0,-0.11004782941909672
7,30.0,200.0,10.0,174,2032191105,-0.02041975998434964,0.0,-0.11004782941909672
7,30.0,200.0,10.0,175,2032191105,-0.02041975998434964,0.0,-0.11004782941909672
7,30.0,200.0,10.0,176,2032191105,-0.12041975998434395,0.0,-0.11004782941909672
7,30.0,200.0,10.0,177,2032191105,-0.02041975998434964,0.0,-0.11004782941909672
7,30.0,200.0,10.0,178,2032191105,-0.320419759984361,0.0,-0.11004782941909672
7,30.0,200.0,10.0,179,2032191105,-0.12041975998434395,0.49999999999999434,-0.11004782941909672
7,30.0,200.0,10.0,180,2032191105,-0.320419759984361,0.0,-0.11004782941909672
7,30.0,200.0,10.0,181,2032191105,-0.02041975998434964,0.0,-0.11004782941909672
7,30.0,200.0,10.0,182,2032191105,0.37958024001565605,0.0,0.389952170580904
7,30.0,200.0,10.0,183,2032191105,0.5795802400156447,0.0,-0.11004782941909672
7,30.0,200.0,10.0,184,2032191105,0.27958024001566173,0.0,-0.11004782941909672
7,30.0,200.0,10.0,185,2032191105,-0.4204197599843553,0.49999999999999434,-0.11004782941909672
7,30.0,200.0,10.0,186,2032191105,-0.320419759984361,0.0,0.389952170580904
7,30.0,200.0,10.0,187,2032191105,-0.4204197599843553,0.0,0.389952170580904
7,30.0,200.0,10.0,188,2032191105,-0.02041975998434964,0.0,0.389952170580904
7,30.0,200.0,10.0,189,2032191105,-0.22041975998433827,0.0,-0.11004782941909672
7,30.0,200.0,10.0,190,2032191105,0.07958024001564468,0.0,-0.11004782941909672
7,30.0,200.0,10.0,191,2032191105,0.07958024001564468,0.0,-0.11004782941909672
7,30.0,200.0,10.0,192,2032191105,-0.5204197599843496,0.49999999999999434,0.389952170580904
7,30.0,200.0,10.0,193,2032191105,-0.12041975998434395,0.0,-0.11004782941909672
7,30.0,200.0,10.0,194,2032191105,0.27958024001566173,0.0,-0.11004782941909672
7,30.0,200.0,10.0,195,2032191105,-0.4204197599843553,0.0,-0.11004782941909672
7,30.0,200.0,10.0,196,2032191105,-0.5204197599843496,0.0,-0.11004782941909672
7,30.0,200.0,10.0,197,2032191105,0.5795802400156447,0.0,-0.11004782941909672
7,30.0,200.0,10.0,198,2032191105,0.27958024001566173,0.0,-0.11004782941909672
7,30.0,200.0,10.0,199,2032191105,0.7795802400156617,0.0,-0.11004782941909672
