cell_id,altitude_m,horizontal_distance_m,snr_db,realization,seed,range_error_m,azimuth_error_deg,elevation_error_deg
0,30.0,20.0,-15.0,0,2032290400,71.68261928289229,-41.500000000000014,-87.44057303311303
0,30.0,20.0,-15.0,1,2032290400,141.08261928289204,-51.00000000000001,-21.940573033113026
0,30.0,20.0,-15.0,2,2032290400,160.08261928289198,-90.0,6.559426966886976
0,30.0,20.0,-15.0,3,2032290400,-22.01738071710738,-71.0,-98.44057303311303
0,30.0,20.0,-15.0,4,2032290400,20.982619282892472,-90.0,-36.940573033113026
0,30.0,20.0,-15.0,5,2032290400,121.4826192828921,90.0,-16.940573033113026
0,30.0,20.0,-15.0,6,2032290400,100.2826192828922,4.5,-24.94057303311303
0,30.0,20.0,-15.0,7,2032290400,-1.1173807171074515,-4.999999999999995,-1.4405730331130289
0,30.0,20.0,-15.0,8,2032290400,150.682619282892,-18.99999999999999,-45.440573033113026
0,30.0,20.0,-15.0,9,2032290400,210.7826192828918,-6.500000000000003,-74.44057303311303
0,30.0,20.0,-15.0,10,2032290400,-24.81738071710737,-34.49999999999999,-20.44057303311303
0,30.0,20.0,-15.0,11,2032290400,70.78261928289228,36.0,-80.44057303311303
0,30.0,20.0,-15.0,12,2032290400,95.38261928289222,2.9999999999999916,-78.44057303311303
0,30.0,20.0,-15.0,13,2032290400,138.68261928289206,39.499999999999986,-108.44057303311304
0,30.0,20.0,-15.0,14,2032290400,167.18261928289195,24.000000000000007,3.0594269668869774
0,30.0,20.0,-15.0,15,2032290400,-0.6173807171074515,11.499999999999996,-0.4405730331130275
0,30.0,20.0,-15.0,16,2032290400,34.88261928289242,62.49999999999998,-31.940573033113026
0,30.0,20.0,-15.0,17,2032290400,-5.717380717107439,1.5000000000000084,-1.9405730331130295
0,30.0,20.0,-15.0,18,2032290400,204.88261928289182,-11.499999999999996,-60.940573033113026
0,30.0,20.0,-15.0,19,2032290400,153.882619282892,9.499999999999995,-53.440573033113026
0,30.0,20.0,-15.0,20,2032290400,-2.51738071710745,-1.5000000000000084,-1.4405730331130289
0,30.0,20.0,-15.0,21,2032290400,203.0826192828918,70.00000000000003,-78.44057303311303
0,30.0,20.0,-15.0,22,2032290400,76.78261928289227,-90.0,-25.440573033113026
0,30.0,20.0,-15.0,23,2032290400,-8.11738071710743,90.0,8.55942696688698
0,30.0,20.0,-15.0,24,2032290400,1.8826192828925343,3.500000000000011,-0.4405730331130275
0,30.0,20.0,-15.0,25,2032290400,85.48261928289224,90.0,-110.44057303311304
0,30.0,20.0,-15.0,26,2032290400,17.08261928289248,-29.499999999999996,-70.94057303311303
0,30.0,20.0,-15.0,27,2032290400,93.58261928289221,-6.500000000000003,-70.94057303311303
0,30.0,20.0,-15.0,28,2032290400,-3.317380717107447,-0.49999999999999434,-2.440573033113024
0,30.0,20.0,-15.0,29,2032290400,-0.11738071710745857,0.0,4.059426966886979
0,30.0,20.0,-15.0,30,2032290400,212.68261928289178,23.500000000000014,-40.940573033113026
0,30.0,20.0,-15.0,31,2032290400,-6.617380717107434,-2.4999999999999973,-3.940573033113026
0,30.0,20.0,-15.0,32,2032290400,55.28261928289234,-36.49999999999999,-50.440573033113026
0,30.0,20.0,-15.0,33,2032290400,24.08261928289246,-23.500000000000014,-1.4405730331130289
0,30.0,20.0,-15.0,34,2032290400,144.28261928289203,-38.0,3.0594269668869774
0,30.0,20.0,-15.0,35,2032290400,78.98261928289226,-5.4999999999999885,-78.44057303311303
0,30.0,20.0,-15.0,36,2032290400,119.98261928289213,-20.499999999999996,15.059426966886969
0,30.0,20.0,-15.0,37,2032290400,24.982619282892458,62.000000000000014,-49.940573033113026
0,30.0,20.0,-15.0,38,2032290400,-3.0173807171074465,2.9999999999999916,-4.440573033113027
0,30.0,20.0,-15.0,39,2032290400,1.8826192828925343,-1.5000000000000084,4.059426966886979
0,30.0,20.0,-15.0,40,2032290400,156.58261928289198,6.999999999999997,-57.440573033113026
0,30.0,20.0,-15.0,41,2032290400,50.58261928289237,34.49999999999999,-30.940573033113026
0,30.0,20.0,-15.0,42,2032290400,-5.617380717107437,-5.4999999999999885,6.059426966886969
0,30.0,20.0,-15.0,43,2032290400,101.68261928289218,-0.49999999999999434,-4.440573033113027
0,30.0,20.0,-15.0,44,2032290400,-0.7173807171074529,4.000000000000005,-5.440573033113028
0,30.0,20.0,-15.0,45,2032290400,-14.617380717107405,6.999999999999997,-15.44057303311303
0,30.0,20.0,-15.0,46,2032290400,2.8826192828925343,1.5000000000000084,-3.4405730331130253
0,30.0,20.0,-15.0,47,2032290400,149.98261928289202,45.0,-3.4405730331130253
0,30.0,20.0,-15.0,48,2032290400,-24.81738071710737,-41.500000000000014,-31.440573033113026
0,30.0,20.0,-15.0,49,2032290400,117.38261928289214,-29.499999999999996,-35.940573033113026
0,30.0,20.0,-15.0,50,2032290400,0.6826192828925386,2.4999999999999973,-3.940573033113026
0,30.0,20.0,-15.0,51,2032290400,39.08261928289241,24.500000000000004,-73.44057303311303
0,30.0,20.0,-15.0,52,2032290400,27.582619282892445,-13.999999999999995,-85.44057303311303
0,30.0,20.0,-15.0,53,2032290400,53.48261928289236,-1.5000000000000084,13.05942696688698
0,30.0,20.0,-15.0,54,2032290400,215.18261928289178,58.00000000000001,-66.94057303311303
0,30.0,20.0,-15.0,55,2032290400,190.28261928289186,-42.00000000000001,-85.94057303311304
0,30.0,20.0,-15.0,56,2032290400,18.48261928289248,-24.500000000000004,-98.44057303311303
0,30.0,20.0,-15.0,57,2032290400,2.4826192828925358,9.499999999999995,-2.440573033113024
0,30.0,20.0,-15.0,58,2032290400,7.882619282892513,-6.000000000000009,3.5594269668869716
0,30.0,20.0,-15.0,59,2032290400,20.182619282892475,32.500000000000014,-82.44057303311303
0,30.0,20.0,-15.0,60,2032290400,51.282619282892355,47.0,-41.940573033113026
0,30.0,20.0,-15.0,61,2032290400,-24.81738071710737,0.49999999999999434,-32.940573033113026
0,30.0,20.0,-15.0,62,2032290400,3.1826192828925315,2.9999999999999916,-3.4405730331130253
0,30.0,20.0,-15.0,63,2032290400,76.48261928289227,18.99999999999999,-8.940573033113028
0,30.0,20.0,-15.0,64,2032290400,88.98261928289223,-60.5,-81.44057303311304
0,30.0,20.0,-15.0,65,2032290400,82.98261928289224,-56.0,-96.94057303311304
0,30.0,20.0,-15.0,66,2032290400,209.2826192828918,-90.0,-11.440573033113031
0,30.0,20.0,-15.0,67,2032290400,-4.717380717107439,9.0,3.0594269668869774
0,30.0,20.0,-15.0,68,2032290400,-15.5173807171074,67.49999999999997,-104.44057303311303
0,30.0,20.0,-15.0,69,2032290400,-24.81738071710737,34.49999999999999,-29.440573033113022
0,30.0,20.0,-15.0,70,2032290400,206.98261928289182,-55.50000000000001,-72.94057303311303
0,30.0,20.0,-15.0,71,2032290400,14.78261928289249,-90.0,18.559426966886967
0,30.0,20.0,-15.0,72,2032290400,3.9826192828925286,0.0,0.5594269668869739
0,30.0,20.0,-15.0,73,2032290400,-24.81738071710737,22.5,-82.44057303311303
0,30.0,20.0,-15.0,74,2032290400,46.78261928289237,-15.500000000000004,1.5594269668869754
0,30.0,20.0,-15.0,75,2032290400,-24.81738071710737,-41.500000000000014,-42.940573033113026
0,30.0,20.0,-15.0,76,2032290400,-4.81738071710744,-7.499999999999991,3.5594269668869716
0,30.0,20.0,-15.0,77,2032290400,215.18261928289178,-90.0,-14.94057303311303
0,30.0,20.0,-15.0,78,2032290400,33.58261928289242,-2.0000000000000027,-74.94057303311303
0,30.0,20.0,-15.0,79,2032290400,54.982619282892344,17.00000000000001,7.059426966886971
0,30.0,20.0,-15.0,80,2032290400,82.48261928289224,-63.999999999999986,-64.94057303311303
0,30.0,20.0,-15.0,81,2032290400,189.48261928289187,18.499999999999993,-40.440573033113026
0,30.0,20.0,-15.0,82,2032290400,90.28261928289223,-17.500000000000007,-20.44057303311303
0,30.0,20.0,-15.0,83,2032290400,196.18261928289184,-56.0,-22.940573033113026
0,30.0,20.0,-15.0,84,2032290400,84.78261928289224,90.0,-67.44057303311303
0,30.0,20.0,-15.0,85,2032290400,0.5826192828925372,4.5,-0.9405730331130282
0,30.0,20.0,-15.0,86,2032290400,179.8826192828919,-26.500000000000007,-32.940573033113026
0,30.0,20.0,-15.0,87,2032290400,75.08261928289228,3.500000000000011,-49.440573033113026
0,30.0,20.0,-15.0,88,2032290400,75.78261928289227,-61.49999999999999,-4.440573033113027
0,30.0,20.0,-15.0,89,2032290400,128.0826192828921,-90.0,1.0594269668869747
0,30.0,20.0,-15.0,90,2032290400,129.38261928289208,90.0,-93.94057303311303
0,30.0,20.0,-15.0,91,2032290400,-18.41738071710739,-29.999999999999993,-46.94057303311303
0,30.0,20.0,-15.0,92,2032290400,81.58261928289225,42.5,-70.44057303311303
0,30.0,20.0,-15.0,93,2032290400,5.082619282892523,-9.0,-0.9405730331130282
0,30.0,20.0,-15.0,94,2032290400,213.18261928289178,50.999999999999986,-67.44057303311303
0,30.0,20.0,-15.0,95,2032290400,-10.61738071710742,8.00000000000001,-12.440573033113026
0,30.0,20.0,-15.0,96,2032290400,9.082619282892509,-4.5,-9.440573033113028
0,30.0,20.0,-15.0,97,2032290400,101.08261928289218,35.000000000000014,-42.44057303311303
0,30.0,20.0,-15.0,98,2032290400,-5.217380717107439,11.499999999999996,-5.940573033113029
0,30.0,20.0,-15.0,99,2032290400,156.08261928289198,-27.0,-29.94057303311303
0,30.0,20.0,-15.0,100,2032290400,44.282619282892384,9.499999999999995,-117.94057303311303
0,30.0,20.0,-15.0,101,2032290400,75.38261928289228,27.499999999999993,-51.44057303311303
0,30.0,20.0,-15.0,102,2032290400,82.08261928289225,20.000000000000004,-106.44057303311303
0,30.0,20.0,-15.0,103,2032290400,4.382619282892527,-6.500000000000003,2.5594269668869702
0,30.0,20.0,-15.0,104,2032290400,-24.81738071710737,45.49999999999999,-36.940573033113026
0,30.0,20.0,-15.0,105,2032290400,-10.517380717107422,1.5000000000000084,0.05942696688697322
0,30.0,20.0,-15.0,106,2032290400,-3.1173807171074444,11.000000000000004,4.059426966886979
0,30.0,20.0,-15.0,107,2032290400,9.582619282892509,-5.4999999999999885,2.059426966886976
0,30.0,20.0,-15.0,108,2032290400,20.28261928289247,41.500000000000014,-78.44057303311303
0,30.0,20.0,-15.0,109,2032290400,2.8826192828925343,-1.5000000000000084,-0.9405730331130282
0,30.0,20.0,-15.0,110,2032290400,108.78261928289214,-18.99999999999999,-95.94057303311303
0,30.0,20.0,-15.0,111,2032290400,157.78261928289197,3.500000000000011,-60.44057303311303
0,30.0,20.0,-15.0,112,2032290400,72.78261928289228,90.0,-97.44057303311303
0,30.0,20.0,-15.0,113,2032290400,215.18261928289178,-65.0,-126.44057303311304
0,30.0,20.0,-15.0,114,2032290400,6.88261928289252,2.9999999999999916,4.059426966886979
0,30.0,20.0,-15.0,115,2032290400,135.98261928289207,-17.00000000000001,-111.94057303311303
0,30.0,20.0,-15.0,116,2032290400,-21.81738071710738,-36.49999999999999,-29.440573033113022
0,30.0,20.0,-15.0,117,2032290400,61.082619282892324,22.5,-90.44057303311304
0,30.0,20.0,-15.0,118,2032290400,-0.21738071710746,-11.999999999999991,7.059426966886971
0,30.0,20.0,-15.0,119,2032290400,150.582619282892,90.0,-108.94057303311303
0,30.0,20.0,-15.0,120,2032290400,189.98261928289187,-5.4999999999999885,-25.940573033113026
0,30.0,20.0,-15.0,121,2032290400,-2.4173807171074486,0.9999999999999887,-0.4405730331130275
0,30.0,20.0,-15.0,122,2032290400,0.9826192828925429,-3.500000000000011,0.5594269668869739
0,30.0,20.0,-15.0,123,2032290400,2.082619282892537,2.4999999999999973,1.5594269668869754
0,30.0,20.0,-15.0,124,2032290400,3.9826192828925286,-2.4999999999999973,-7.940573033113026
0,30.0,20.0,-15.0,125,2032290400,96.3826192828922,17.00000000000001,-97.44057303311303
0,30.0,20.0,-15.0,126,2032290400,3.282619282892533,2.0000000000000027,9.559426966886967
0,30.0,20.0,-15.0,127,2032290400,103.98261928289219,-51.00000000000001,-53.940573033113026
0,30.0,20.0,-15.0,128,2032290400,167.28261928289194,29.000000000000004,-58.440573033113026
0,30.0,20.0,-15.0,129,2032290400,90.48261928289222,-90.0,-73.94057303311303
0,30.0,20.0,-15.0,130,2032290400,15.982619282892486,-4.000000000000005,-100.94057303311303
0,30.0,20.0,-15.0,131,2032290400,66.9826192828923,-83.0,-58.94057303311303
0,30.0,20.0,-15.0,132,2032290400,16.282619282892483,-42.00000000000001,-61.940573033113026
0,30.0,20.0,-15.0,133,2032290400,77.28261928289227,-90.0,-28.94057303311303
0,30.0,20.0,-15.0,134,2032290400,121.88261928289211,15.999999999999996,-73.44057303311303
0,30.0,20.0,-15.0,135,2032290400,5.38261928289252,-5.4999999999999885,-4.9405730331130275
0,30.0,20.0,-15.0,136,2032290400,71.28261928289228,-9.0,-83.44057303311304
0,30.0,20.0,-15.0,137,2032290400,9.082619282892509,-20.499999999999996,13.05942696688698
0,30.0,20.0,-15.0,138,2032290400,9.282619282892512,17.500000000000007,-129.94057303311305
0,30.0,20.0,-15.0,139,2032290400,3.282619282892533,0.9999999999999887,-1.9405730331130295
0,30.0,20.0,-15.0,140,2032290400,-14.517380717107407,-18.99999999999999,-94.94057303311304
0,30.0,20.0,-15.0,141,2032290400,130.48261928289207,27.0,-28.94057303311303
0,30.0,20.0,-15.0,142,2032290400,13.882619282892492,-27.499999999999993,-71.94057303311303
0,30.0,20.0,-15.0,143,2032290400,28.982619282892443,38.5,-43.940573033113026
0,30.0,20.0,-15.0,144,2032290400,214.78261928289177,-51.00000000000001,-58.94057303311303
0,30.0,20.0,-15.0,145,2032290400,1.9826192828925358,-1.5000000000000084,-1.4405730331130289
0,30.0,20.0,-15.0,146,2032290400,0.78261928289254,-6.999999999999997,-3.940573033113026
0,30.0,20.0,-15.0,147,2032290400,175.48261928289193,-21.50000000000001,-53.440573033113026
0,30.0,20.0,-15.0,148,2032290400,66.08261928289231,54.50000000000002,-44.940573033113026
0,30.0,20.0,-15.0,149,2032290400,-10.41738071710742,-18.499999999999993,-0.4405730331130275
0,30.0,20.0,-15.0,150,2032290400,-6.417380717107434,3.500000000000011,-3.4405730331130253
0,30.0,20.0,-15.0,151,2032290400,-6.917380717107434,-4.5,-0.4405730331130275
0,30.0,20.0,-15.0,152,2032290400,187.08261928289187,28.500000000000007,-0.4405730331130275
0,30.0,20.0,-15.0,153,2032290400,-1.7173807171074529,9.0,-6.440573033113029
0,30.0,20.0,-15.0,154,2032290400,108.78261928289214,17.500000000000007,-80.44057303311303
0,30.0,20.0,-15.0,155,2032290400,1.28261928289254,-1.5000000000000084,0.05942696688697322
0,30.0,20.0,-15.0,156,2032290400,105.58261928289215,-43.49999999999999,-54.440573033113026
0,30.0,20.0,-15.0,157,2032290400,72.78261928289228,-90.0,-29.440573033113022
0,30.0,20.0,-15.0,158,2032290400,75.08261928289228,-44.000000000000014,-54.440573033113026
0,30.0,20.0,-15.0,159,2032290400,18.882619282892477,26.00000000000001,-21.440573033113026
0,30.0,20.0,-15.0,160,2032290400,78.58261928289227,38.99999999999999,-26.440573033113026
0,30.0,20.0,-15.0,161,2032290400,32.88261928289242,-90.0,-71.44057303311303
0,30.0,20.0,-15.0,162,2032290400,195.18261928289184,-63.999999999999986,-67.44057303311303
0,30.0,20.0,-15.0,163,2032290400,126.5826192828921,88.00000000000003,-95.44057303311303
0,30.0,20.0,-15.0,164,2032290400,41.38261928289239,70.49999999999999,-19.94057303311303
0,30.0,20.0,-15.0,165,2032290400,4.982619282892529,0.9999999999999887,5.559426966886974
0,30.0,20.0,-15.0,166,2032290400,-1.7173807171074529,-6.000000000000009,6.559426966886976
0,30.0,20.0,-15.0,167,2032290400,190.58261928289187,24.000000000000007,-43.44057303311303
0,30.0,20.0,-15.0,168,2032290400,215.08261928289178,-27.499999999999993,-69.94057303311303
0,30.0,20.0,-15.0,169,2032290400,68.88261928289229,24.500000000000004,-47.94057303311303
0,30.0,20.0,-15.0,170,2032290400,129.6826192828921,44.000000000000014,-54.940573033113026
0,30.0,20.0,-15.0,171,2032290400,-20.417380717107385,-90.0,-18.440573033113026
0,30.0,20.0,-15.0,172,2032290400,147.98261928289202,49.00000000000001,-41.440573033113026
0,30.0,20.0,-15.0,173,2032290400,-4.4173807171074415,-4.999999999999995,19.059426966886974
0,30.0,20.0,-15.0,174,2032290400,-5.117380717107437,1.5000000000000084,9.059426966886972
0,30.0,20.0,-15.0,175,2032290400,83.08261928289225,-20.999999999999993,4.059426966886979
0,30.0,20.0,-15.0,176,2032290400,-1.7173807171074529,1.5000000000000084,-11.440573033113031
0,30.0,20.0,-15.0,177,2032290400,177.58261928289193,53.000000000000014,-33.940573033113026
0,30.0,20.0,-15.0,178,2032290400,82.58261928289225,55.50000000000001,-68.94057303311303
0,30.0,20.0,-15.0,179,2032290400,-7.317380717107433,-0.49999999999999434,5.559426966886974
0,30.0,20.0,-15.0,180,2032290400,91.98261928289222,2.4999999999999973,-49.440573033113026
0,30.0,20.0,-15.0,181,2032290400,71.48261928289229,19.500000000000007,-54.940573033113026
0,30.0,20.0,-15.0,182,2032290400,119.28261928289211,6.000000000000009,-89.94057303311303
0,30.0,20.0,-15.0,183,2032290400,198.08261928289184,-38.99999999999999,-109.44057303311303
0,30.0,20.0,-15.0,184,2032290400,63.78261928289231,44.000000000000014,-22.940573033113026
0,30.0,20.0,-15.0,185,2032290400,-2.817380717107447,2.9999999999999916,7.059426966886971
0,30.0,20.0,-15.0,186,2032290400,52.68261928289236,11.999999999999991,-105.44057303311303
0,30.0,20.0,-15.0,187,2032290400,43.58261928289238,-13.000000000000005,-129.94057303311305
0,30.0,20.0,-15.0,188,2032290400,43.98261928289239,-2.9999999999999916,-58.440573033113026
0,30.0,20.0,-15.0,189,2032290400,203.6826192828918,8.00000000000001,-49.440573033113026
0,30.0,20.0,-15.0,190,2032290400,155.182619282892,23.500000000000014,-34.44057303311303
0,30.0,20.0,-15.0,191,2032290400,32.58261928289242,31.999999999999993,20.059426966886974
0,30.0,20.0,-15.0,192,2032290400,127.5826192828921,59.500000000000014,-32.940573033113026
0,30.0,20.0,-15.0,193,2032290400,-1.3173807171074543,18.0,16.559426966886978
0,30.0,20.0,-15.0,194,2032290400,91.58261928289221,42.00000000000001,-94.44057303311303
0,30.0,20.0,-15.0,195,2032290400,111.08261928289215,8.00000000000001,-34.44057303311303
0,30.0,20.0,-15.0,196,2032290400,33.282619282892426,-42.00000000000001,-87.44057303311303
0,30.0,20.0,-15.0,197,2032290400,139.28261928289206,25.499999999999993,-3.940573033113026
0,30.0,20.0,-15.0,198,2032290400,57.08261928289234,9.499999999999995,-30.940573033113026
0,30.0,20.0,-15.0,199,2032290400,43.88261928289239,-4.5,10.059426966886974
0,30.0,20.0,-10.0,0,2032290401,126.68261928289209,-13.000000000000005,-4.9405730331130275
0,30.0,20.0,-10.0,1,2032290401,10.482619282892507,-2.4999999999999973,-1.9405730331130295
0,30.0,20.0,-10.0,2,2032290401,156.482619282892,4.5,-65.44057303311303
0,30.0,20.0,-10.0,3,2032290401,26.282619282892448,11.000000000000004,-1.4405730331130289
0,30.0,20.0,-10.0,4,2032290401,3.3826192828925343,0.49999999999999434,0.5594269668869739
0,30.0,20.0,-10.0,5,2032290401,200.88261928289182,12.50000000000001,-33.940573033113026
0,30.0,20.0,-10.0,6,2032290401,6.88261928289252,5.4999999999999885,0.5594269668869739
0,30.0,20.0,-10.0,7,2032290401,-1.7173807171074529,3.500000000000011,5.059426966886967
0,30.0,20.0,-10.0,8,2032290401,4.282619282892526,2.9999999999999916,5.059426966886967
0,30.0,20.0,-10.0,9,2032290401,-3.417380717107445,-2.4999999999999973,2.059426966886976
0,30.0,20.0,-10.0,10,2032290401,9.482619282892507,2.0000000000000027,-0.4405730331130275
0,30.0,20.0,-10.0,11,2032290401,12.9826192828925,-9.99999999999999,-0.4405730331130275
0,30.0,20.0,-10.0,12,2032290401,-5.517380717107436,-2.0000000000000027,-6.940573033113024
0,30.0,20.0,-10.0,13,2032290401,-4.717380717107439,-2.4999999999999973,8.059426966886972
0,30.0,20.0,-10.0,14,2032290401,-3.9173807171074415,-0.9999999999999887,-2.440573033113024
0,30.0,20.0,-10.0,15,2032290401,6.38261928289252,4.5,8.059426966886972
0,30.0,20.0,-10.0,16,2032290401,-21.11738071710738,-29.999999999999993,-80.44057303311303
0,30.0,20.0,-10.0,17,2032290401,-0.017380717107457144,-2.4999999999999973,1.0594269668869747
0,30.0,20.0,-10.0,18,2032290401,3.1826192828925315,-3.500000000000011,-3.940573033113026
0,30.0,20.0,-10.0,19,2032290401,-6.817380717107433,-1.5000000000000084,-4.440573033113027
0,30.0,20.0,-10.0,20,2032290401,2.1826192828925315,3.500000000000011,5.559426966886974
0,30.0,20.0,-10.0,21,2032290401,-0.21738071710746,2.9999999999999916,1.5594269668869754
0,30.0,20.0,-10.0,22,2032290401,190.08261928289187,40.5,-114.94057303311301
0,30.0,20.0,-10.0,23,2032290401,-1.2173807171074529,-0.49999999999999434,1.0594269668869747
0,30.0,20.0,-10.0,24,2032290401,-24.81738071710737,40.99999999999999,7.059426966886971
0,30.0,20.0,-10.0,25,2032290401,-8.017380717107429,2.0000000000000027,-1.4405730331130289
0,30.0,20.0,-10.0,26,2032290401,184.0826192828919,-26.500000000000007,-79.44057303311303
0,30.0,20.0,-10.0,27,2032290401,2.082619282892537,4.999999999999995,-0.9405730331130282
0,30.0,20.0,-10.0,28,2032290401,111.38261928289214,-90.0,-7.440573033113025
0,30.0,20.0,-10.0,29,2032290401,1.4826192828925358,-4.999999999999995,5.059426966886967
0,30.0,20.0,-10.0,30,2032290401,-0.9173807171074557,-2.4999999999999973,3.0594269668869774
0,30.0,20.0,-10.0,31,2032290401,144.28261928289203,52.49999999999999,-7.440573033113025
0,30.0,20.0,-10.0,32,2032290401,1.78261928289254,-3.500000000000011,2.5594269668869702
0,30.0,20.0,-10.0,33,2032290401,2.782619282892533,6.000000000000009,0.5594269668869739
0,30.0,20.0,-10.0,34,2032290401,1.3826192828925343,3.500000000000011,4.559426966886973
0,30.0,20.0,-10.0,35,2032290401,55.88261928289235,31.5,-32.940573033113026
0,30.0,20.0,-10.0,36,2032290401,155.382619282892,-17.00000000000001,-82.44057303311303
0,30.0,20.0,-10.0,37,2032290401,-1.4173807171074486,-2.9999999999999916,0.5594269668869739
0,30.0,20.0,-10.0,38,2032290401,86.18261928289223,47.5,-25.440573033113026
0,30.0,20.0,-10.0,39,2032290401,193.38261928289185,36.0,-40.440573033113026
0,30.0,20.0,-10.0,40,2032290401,-0.21738071710746,-0.9999999999999887,-0.4405730331130275
0,30.0,20.0,-10.0,41,2032290401,97.1826192828922,-84.5,-125.44057303311303
0,30.0,20.0,-10.0,42,2032290401,0.78261928289254,0.9999999999999887,4.559426966886973
0,30.0,20.0,-10.0,43,2032290401,-2.2173807171074458,-2.9999999999999916,1.0594269668869747
0,30.0,20.0,-10.0,44,2032290401,-3.317380717107447,2.4999999999999973,-1.4405730331130289
0,30.0,20.0,-10.0,45,2032290401,1.8826192828925343,-0.9999999999999887,1.0594269668869747
0,30.0,20.0,-10.0,46,2032290401,136.38261928289205,90.0,-15.44057303311303
0,30.0,20.0,-10.0,47,2032290401,186.08261928289187,-18.499999999999993,-11.940573033113024
0,30.0,20.0,-10.0,48,2032290401,165.18261928289195,69.5,-41.940573033113026
0,30.0,20.0,-10.0,49,2032290401,-24.017380717107372,4.999999999999995,9.559426966886967
0,30.0,20.0,-10.0,50,2032290401,0.6826192828925386,0.9999999999999887,-0.4405730331130275
0,30.0,20.0,-10.0,51,2032290401,0.5826192828925372,-6.500000000000003,5.559426966886974
0,30.0,20.0,-10.0,52,2032290401,69.2826192828923,-6.000000000000009,-82.94057303311303
0,30.0,20.0,-10.0,53,2032290401,66.08261928289231,90.0,-96.44057303311303
0,30.0,20.0,-10.0,54,2032290401,-2.51738071710745,0.0,-1.9405730331130295
0,30.0,20.0,-10.0,55,2032290401,-5.117380717107437,3.500000000000011,4.059426966886979
0,30.0,20.0,-10.0,56,2032290401,208.3826192828918,49.00000000000001,-83.94057303311303
0,30.0,20.0,-10.0,57,2032290401,75.38261928289228,-4.5,-72.44057303311304
0,30.0,20.0,-10.0,58,2032290401,36.482619282892415,-2.0000000000000027,-47.44057303311303
0,30.0,20.0,-10.0,59,2032290401,41.082619282892395,-5.4999999999999885,-29.440573033113022
0,30.0,20.0,-10.0,60,2032290401,1.0826192828925372,-0.49999999999999434,2.5594269668869702
0,30.0,20.0,-10.0,61,2032290401,7.682619282892517,-6.500000000000003,4.559426966886973
0,30.0,20.0,-10.0,62,2032290401,-2.9173807171074486,-2.4999999999999973,0.05942696688697322
0,30.0,20.0,-10.0,63,2032290401,-4.717380717107439,-2.0000000000000027,-1.9405730331130295
0,30.0,20.0,-10.0,64,2032290401,122.9826192828921,38.0,-80.94057303311303
0,30.0,20.0,-10.0,65,2032290401,215.18261928289178,-50.500000000000014,-114.94057303311301
0,30.0,20.0,-10.0,66,2032290401,0.28261928289254,2.4999999999999973,1.0594269668869747
0,30.0,20.0,-10.0,67,2032290401,21.28261928289247,90.0,-34.44057303311303
0,30.0,20.0,-10.0,68,2032290401,69.68261928289229,6.999999999999997,-65.94057303311303
0,30.0,20.0,-10.0,69,2032290401,111.68261928289215,-4.000000000000005,-82.94057303311303
0,30.0,20.0,-10.0,70,2032290401,18.782619282892476,-90.0,-99.94057303311303
0,30.0,20.0,-10.0,71,2032290401,33.38261928289242,-9.499999999999995,-21.940573033113026
0,30.0,20.0,-10.0,72,2032290401,102.88261928289216,-8.00000000000001,-87.44057303311303
0,30.0,20.0,-10.0,73,2032290401,108.98261928289216,-2.9999999999999916,-53.440573033113026
0,30.0,20.0,-10.0,74,2032290401,-13.017380717107411,0.0,2.059426966886976
0,30.0,20.0,-10.0,75,2032290401,-1.6173807171074515,4.999999999999995,-0.9405730331130282
0,30.0,20.0,-10.0,76,2032290401,188.38261928289188,-90.0,10.059426966886974
0,30.0,20.0,-10.0,77,2032290401,3.08261928289253,-1.5000000000000084,3.5594269668869716
0,30.0,20.0,-10.0,78,2032290401,5.082619282892523,2.0000000000000027,0.05942696688697322
0,30.0,20.0,-10.0,79,2032290401,49.882619282892364,-44.000000000000014,1.0594269668869747
0,30.0,20.0,-10.0,80,2032290401,-0.4173807171074557,5.4999999999999885,-3.940573033113026
0,30.0,20.0,-10.0,81,2032290401,87.68261928289223,-90.0,0.5594269668869739
0,30.0,20.0,-10.0,82,2032290401,2.282619282892533,5.4999999999999885,-1.4405730331130289
0,30.0,20.0,-10.0,83,2032290401,152.182619282892,12.50000000000001,-31.440573033113026
0,30.0,20.0,-10.0,84,2032290401,7.882619282892513,3.500000000000011,1.0594269668869747
0,30.0,20.0,-10.0,85,2032290401,215.18261928289178,65.00000000000003,-42.940573033113026
0,30.0,20.0,-10.0,86,2032290401,9.982619282892507,-2.9999999999999916,-7.440573033113025
0,30.0,20.0,-10.0,87,2032290401,48.78261928289237,-34.49999999999999,-92.44057303311304
0,30.0,20.0,-10.0,88,2032290401,163.38261928289197,34.49999999999999,-64.94057303311303
0,30.0,20.0,-10.0,89,2032290401,-4.617380717107441,2.0000000000000027,4.559426966886973
0,30.0,20.0,-10.0,90,2032290401,64.48261928289232,-18.99999999999999,-48.940573033113026
0,30.0,20.0,-10.0,91,2032290401,4.08261928289253,0.0,-0.4405730331130275
0,30.0,20.0,-10.0,92,2032290401,208.7826192828918,49.00000000000001,-36.440573033113026
0,30.0,20.0,-10.0,93,2032290401,207.0826192828918,90.0,-1.9405730331130295
0,30.0,20.0,-10.0,94,2032290401,-2.01738071710745,0.9999999999999887,0.5594269668869739
0,30.0,20.0,-10.0,95,2032290401,181.7826192828919,-14.500000000000014,3.0594269668869774
0,30.0,20.0,-10.0,96,2032290401,59.08261928289234,-21.50000000000001,-116.94057303311304
0,30.0,20.0,-10.0,97,2032290401,29.78261928289244,-24.500000000000004,-122.94057303311303
0,30.0,20.0,-10.0,98,2032290401,1.28261928289254,-1.5000000000000084,2.059426966886976
0,30.0,20.0,-10.0,99,2032290401,30.582619282892438,20.499999999999996,-59.440573033113026
0,30.0,20.0,-10.0,100,2032290401,-0.7173807171074529,4.000000000000005,-1.9405730331130295
0,30.0,20.0,-10.0,101,2032290401,-2.6173807171074515,-2.4999999999999973,1.5594269668869754
0,30.0,20.0,-10.0,102,2032290401,215.18261928289178,62.000000000000014,-87.44057303311303
0,30.0,20.0,-10.0,103,2032290401,2.4826192828925358,2.0000000000000027,0.05942696688697322
0,30.0,20.0,-10.0,104,2032290401,173.28261928289191,49.00000000000001,-122.44057303311303
0,30.0,20.0,-10.0,105,2032290401,164.98261928289196,-14.500000000000014,-2.9405730331130244
0,30.0,20.0,-10.0,106,2032290401,-3.2173807171074458,2.9999999999999916,2.059426966886976
0,30.0,20.0,-10.0,107,2032290401,4.08261928289253,2.9999999999999916,-1.9405730331130295
0,30.0,20.0,-10.0,108,2032290401,4.782619282892526,-1.5000000000000084,3.0594269668869774
0,30.0,20.0,-10.0,109,2032290401,46.38261928289238,-15.500000000000004,-10.94057303311303
0,30.0,20.0,-10.0,110,2032290401,-0.017380717107457144,-3.500000000000011,1.5594269668869754
0,30.0,20.0,-10.0,111,2032290401,1.78261928289254,-0.9999999999999887,-2.9405730331130244
0,30.0,20.0,-10.0,112,2032290401,-0.5173807171074571,-0.9999999999999887,6.559426966886976
0,30.0,20.0,-10.0,113,2032290401,-3.6173807171074444,-0.49999999999999434,-1.9405730331130295
0,30.0,20.0,-10.0,114,2032290401,-24.81738071710737,-33.5,-21.440573033113026
0,30.0,20.0,-10.0,115,2032290401,4.582619282892523,-7.499999999999991,0.5594269668869739
0,30.0,20.0,-10.0,116,2032290401,-5.917380717107434,0.9999999999999887,1.5594269668869754
0,30.0,20.0,-10.0,117,2032290401,26.982619282892443,31.999999999999993,-33.44057303311303
0,30.0,20.0,-10.0,118,2032290401,2.4826192828925358,0.0,2.5594269668869702
0,30.0,20.0,-10.0,119,2032290401,1.5826192828925372,0.9999999999999887,1.5594269668869754
0,30.0,20.0,-10.0,120,2032290401,49.78261928289237,-18.99999999999999,-102.44057303311303
0,30.0,20.0,-10.0,121,2032290401,0.48261928289254286,-0.49999999999999434,3.0594269668869774
0,30.0,20.0,-10.0,122,2032290401,0.6826192828925386,-4.000000000000005,7.559426966886978
0,30.0,20.0,-10.0,123,2032290401,-0.21738071710746,2.4999999999999973,2.5594269668869702
0,30.0,20.0,-10.0,124,2032290401,131.58261928289207,15.999999999999996,-40.940573033113026
0,30.0,20.0,-10.0,125,2032290401,72.28261928289228,-11.999999999999991,-109.44057303311303
0,30.0,20.0,-10.0,126,2032290401,-1.7173807171074529,-6.500000000000003,0.05942696688697322
0,30.0,20.0,-10.0,127,2032290401,199.08261928289184,6.999999999999997,-61.44057303311303
0,30.0,20.0,-10.0,128,2032290401,8.68261928289251,-8.500000000000005,-4.9405730331130275
0,30.0,20.0,-10.0,129,2032290401,6.182619282892517,-1.5000000000000084,-0.9405730331130282
0,30.0,20.0,-10.0,130,2032290401,114.88261928289214,-90.0,-95.44057303311303
0,30.0,20.0,-10.0,131,2032290401,-2.6173807171074515,2.9999999999999916,2.059426966886976
0,30.0,20.0,-10.0,132,2032290401,128.6826192828921,-40.99999999999999,-58.440573033113026
0,30.0,20.0,-10.0,133,2032290401,22.082619282892466,58.50000000000003,-44.940573033113026
0,30.0,20.0,-10.0,134,2032290401,5.682619282892524,-2.4999999999999973,-1.9405730331130295
0,30.0,20.0,-10.0,135,2032290401,-6.817380717107433,4.999999999999995,4.559426966886973
0,30.0,20.0,-10.0,136,2032290401,180.4826192828919,36.0,-42.44057303311303
0,30.0,20.0,-10.0,137,2032290401,65.8826192828923,20.499999999999996,-54.440573033113026
0,30.0,20.0,-10.0,138,2032290401,-4.9173807171074415,-2.0000000000000027,-0.9405730331130282
0,30.0,20.0,-10.0,139,2032290401,-0.7173807171074529,0.9999999999999887,-5.940573033113029
0,30.0,20.0,-10.0,140,2032290401,-4.4173807171074415,2.0000000000000027,-1.9405730331130295
0,30.0,20.0,-10.0,141,2032290401,3.4826192828925286,-2.0000000000000027,1.5594269668869754
0,30.0,20.0,-10.0,142,2032290401,83.38261928289225,13.5,-62.44057303311303
0,30.0,20.0,-10.0,143,2032290401,81.48261928289226,14.500000000000014,-90.94057303311303
0,30.0,20.0,-10.0,144,2032290401,120.08261928289213,-42.5,-4.440573033113027
0,30.0,20.0,-10.0,145,2032290401,-1.3173807171074543,1.5000000000000084,3.0594269668869774
0,30.0,20.0,-10.0,146,2032290401,4.08261928289253,-6.000000000000009,-0.9405730331130282
0,30.0,20.0,-10.0,147,2032290401,-3.9173807171074415,-1.5000000000000084,1.0594269668869747
0,30.0,20.0,-10.0,148,2032290401,-1.4173807171074486,-0.9999999999999887,-3.4405730331130253
0,30.0,20.0,-10.0,149,2032290401,-6.117380717107437,-0.49999999999999434,4.059426966886979
0,30.0,20.0,-10.0,150,2032290401,-5.617380717107437,0.49999999999999434,0.05942696688697322
0,30.0,20.0,-10.0,151,2032290401,174.58261928289193,54.999999999999986,-43.940573033113026
0,30.0,20.0,-10.0,152,2032290401,-1.7173807171074529,0.9999999999999887,1.5594269668869754
0,30.0,20.0,-10.0,153,2032290401,100.88261928289216,46.50000000000001,-101.94057303311303
0,30.0,20.0,-10.0,154,2032290401,168.08261928289195,-90.0,-25.440573033113026
0,30.0,20.0,-10.0,155,2032290401,28.582619282892438,83.5,-129.94057303311305
0,30.0,20.0,-10.0,156,2032290401,1.6826192828925386,0.0,3.5594269668869716
0,30.0,20.0,-10.0,157,2032290401,147.582619282892,-50.500000000000014,-31.440573033113026
0,30.0,20.0,-10.0,158,2032290401,3.4826192828925286,0.0,-1.9405730331130295
0,30.0,20.0,-10.0,159,2032290401,-4.017380717107443,2.9999999999999916,0.5594269668869739
0,30.0,20.0,-10.0,160,2032290401,-0.6173807171074515,0.0,-0.4405730331130275
0,30.0,20.0,-10.0,161,2032290401,6.682619282892517,-2.4999999999999973,0.05942696688697322
0,30.0,20.0,-10.0,162,2032290401,200.18261928289184,11.999999999999991,-49.940573033113026
0,30.0,20.0,-10.0,163,2032290401,84.28261928289224,76.0,-13.940573033113028
0,30.0,20.0,-10.0,164,2032290401,172.98261928289193,-66.0,-114.94057303311301
0,30.0,20.0,-10.0,165,2032290401,-1.0173807171074571,-0.9999999999999887,3.0594269668869774
0,30.0,20.0,-10.0,166,2032290401,130.88261928289208,-38.0,-72.44057303311304
0,30.0,20.0,-10.0,167,2032290401,-4.517380717107443,4.000000000000005,-2.9405730331130244
0,30.0,20.0,-10.0,168,2032290401,1.5826192828925372,1.5000000000000084,3.0594269668869774
0,30.0,20.0,-10.0,169,2032290401,157.58261928289198,-44.50000000000001,-41.440573033113026
0,30.0,20.0,-10.0,170,2032290401,0.6826192828925386,0.0,2.059426966886976
0,30.0,20.0,-10.0,171,2032290401,-6.717380717107432,-1.5000000000000084,1.5594269668869754
0,30.0,20.0,-10.0,172,2032290401,-2.4173807171074486,0.0,-1.9405730331130295
0,30.0,20.0,-10.0,173,2032290401,27.182619282892446,22.999999999999993,-91.44057303311303
0,30.0,20.0,-10.0,174,2032290401,1.1826192828925386,-0.9999999999999887,-2.440573033113024
0,30.0,20.0,-10.0,175,2032290401,3.6826192828925315,-2.4999999999999973,0.5594269668869739
0,30.0,20.0,-10.0,176,2032290401,45.08261928289238,-47.0,1.5594269668869754
0,30.0,20.0,-10.0,177,2032290401,0.5826192828925372,0.49999999999999434,-2.440573033113024
0,30.0,20.0,-10.0,178,2032290401,-3.9173807171074415,2.4999999999999973,0.5594269668869739
0,30.0,20.0,-10.0,179,2032290401,12.4826192828925,5.4999999999999885,-2.440573033113024
0,30.0,20.0,-10.0,180,2032290401,-5.417380717107438,3.500000000000011,0.05942696688697322
0,30.0,20.0,-10.0,181,2032290401,-8.617380717107427,2.0000000000000027,-0.4405730331130275
0,30.0,20.0,-10.0,182,2032290401,67.6826192828923,55.99999999999998,-23.44057303311303
0,30.0,20.0,-10.0,183,2032290401,6.082619282892523,6.000000000000009,0.05942696688697322
0,30.0,20.0,-10.0,184,2032290401,-6.917380717107434,0.9999999999999887,5.559426966886974
0,30.0,20.0,-10.0,185,2032290401,-0.11738071710745857,-0.49999999999999434,0.05942696688697322
0,30.0,20.0,-10.0,186,2032290401,-0.11738071710745857,-2.4999999999999973,-2.9405730331130244
0,30.0,20.0,-10.0,187,2032290401,-1.4173807171074486,-0.49999999999999434,0.5594269668869739
0,30.0,20.0,-10.0,188,2032290401,119.88261928289211,-55.50000000000001,-72.44057303311304
0,30.0,20.0,-10.0,189,2032290401,106.18261928289218,0.9999999999999887,0.5594269668869739
0,30.0,20.0,-10.0,190,2032290401,2.9826192828925286,-2.4999999999999973,-0.9405730331130282
0,30.0,20.0,-10.0,191,2032290401,26.282619282892448,0.9999999999999887,2.059426966886976
0,30.0,20.0,-10.0,192,2032290401,-24.31738071710737,-34.49999999999999,-92.94057303311303
0,30.0,20.0,-10.0,193,2032290401,-8.917380717107427,-2.9999999999999916,10.559426966886969
0,30.0,20.0,-10.0,194,2032290401,201.38261928289182,7.499999999999991,-94.94057303311304
0,30.0,20.0,-10.0,195,2032290401,-4.81738071710744,-4.000000000000005,-0.4405730331130275
0,30.0,20.0,-10.0,196,2032290401,54.282619282892355,25.499999999999993,-82.44057303311303
0,30.0,20.0,-10.0,197,2032290401,7.482619282892514,8.500000000000005,4.559426966886973
0,30.0,20.0,-10.0,198,2032290401,178.5826192828919,-42.5,-30.440573033113026
0,30.0,20.0,-10.0,199,2032290401,-2.2173807171074458,3.500000000000011,1.0594269668869747
0,30.0,20.0,-5.0,0,2032290402,0.08261928289254428,2.0000000000000027,0.05942696688697322
0,30.0,20.0,-5.0,1,2032290402,-3.6173807171074444,-2.0000000000000027,1.5594269668869754
0,30.0,20.0,-5.0,2,2032290402,-4.117380717107444,0.49999999999999434,1.0594269668869747
0,30.0,20.0,-5.0,3,2032290402,4.782619282892526,0.49999999999999434,-0.9405730331130282
0,30.0,20.0,-5.0,4,2032290402,-3.9173807171074415,-0.49999999999999434,1.0594269668869747
0,30.0,20.0,-5.0,5,2032290402,-1.4173807171074486,1.5000000000000084,-0.4405730331130275
0,30.0,20.0,-5.0,6,2032290402,-4.117380717107444,0.49999999999999434,1.0594269668869747
0,30.0,20.0,-5.0,7,2032290402,0.6826192828925386,-0.49999999999999434,-0.4405730331130275
0,30.0,20.0,-5.0,8,2032290402,0.48261928289254286,-0.9999999999999887,2.059426966886976
0,30.0,20.0,-5.0,9,2032290402,2.582619282892537,1.5000000000000084,1.5594269668869754
0,30.0,20.0,-5.0,10,2032290402,-2.317380717107447,2.4999999999999973,0.05942696688697322
0,30.0,20.0,-5.0,11,2032290402,3.6826192828925315,0.0,-0.9405730331130282
0,30.0,20.0,-5.0,12,2032290402,95.58261928289221,41.500000000000014,-68.44057303311303
0,30.0,20.0,-5.0,13,2032290402,1.4826192828925358,-2.9999999999999916,0.05942696688697322
0,30.0,20.0,-5.0,14,2032290402,-2.1173807171074515,-1.5000000000000084,0.5594269668869739
0,30.0,20.0,-5.0,15,2032290402,2.582619282892537,0.49999999999999434,-1.4405730331130289
0,30.0,20.0,-5.0,16,2032290402,2.3826192828925343,-0.49999999999999434,1.0594269668869747
0,30.0,20.0,-5.0,17,2032290402,1.28261928289254,2.9999999999999916,0.05942696688697322
0,30.0,20.0,-5.0,18,2032290402,-0.4173807171074557,-1.5000000000000084,-0.4405730331130275
0,30.0,20.0,-5.0,19,2032290402,-0.8173807171074543,0.0,-1.4405730331130289
0,30.0,20.0,-5.0,20,2032290402,57.08261928289234,-31.999999999999993,-104.94057303311303
0,30.0,20.0,-5.0,21,2032290402,-1.6173807171074515,-3.500000000000011,0.5594269668869739
0,30.0,20.0,-5.0,22,2032290402,0.8826192828925414,-0.49999999999999434,3.0594269668869774
0,30.0,20.0,-5.0,23,2032290402,-0.017380717107457144,1.5000000000000084,-1.9405730331130295
0,30.0,20.0,-5.0,24,2032290402,-0.11738071710745857,-1.5000000000000084,1.0594269668869747
0,30.0,20.0,-5.0,25,2032290402,2.082619282892537,-0.9999999999999887,1.0594269668869747
0,30.0,20.0,-5.0,26,2032290402,-1.8173807171074543,0.9999999999999887,-1.4405730331130289
0,30.0,20.0,-5.0,27,2032290402,-4.017380717107443,2.9999999999999916,1.5594269668869754
0,30.0,20.0,-5.0,28,2032290402,2.282619282892533,0.0,2.5594269668869702
0,30.0,20.0,-5.0,29,2032290402,-1.1173807171074515,2.0000000000000027,-0.4405730331130275
0,30.0,20.0,-5.0,30,2032290402,-4.017380717107443,0.49999999999999434,2.059426966886976
0,30.0,20.0,-5.0,31,2032290402,1.6826192828925386,2.9999999999999916,0.05942696688697322
0,30.0,20.0,-5.0,32,2032290402,1.78261928289254,-0.9999999999999887,1.5594269668869754
0,30.0,20.0,-5.0,33,2032290402,-1.4173807171074486,-2.4999999999999973,1.5594269668869754
0,30.0,20.0,-5.0,34,2032290402,3.1826192828925315,2.0000000000000027,-1.9405730331130295
0,30.0,20.0,-5.0,35,2032290402,-0.21738071710746,-2.9999999999999916,2.5594269668869702
0,30.0,20.0,-5.0,36,2032290402,0.78261928289254,-0.49999999999999434,5.059426966886967
0,30.0,20.0,-5.0,37,2032290402,0.38261928289254143,2.4999999999999973,-0.4405730331130275
0,30.0,20.0,-5.0,38,2032290402,3.6826192828925315,0.49999999999999434,1.0594269668869747
0,30.0,20.0,-5.0,39,2032290402,-1.3173807171074543,0.0,-1.9405730331130295
0,30.0,20.0,-5.0,40,2032290402,0.6826192828925386,-2.4999999999999973,0.05942696688697322
0,30.0,20.0,-5.0,41,2032290402,3.08261928289253,-0.49999999999999434,1.0594269668869747
0,30.0,20.0,-5.0,42,2032290402,0.78261928289254,0.49999999999999434,1.0594269668869747
0,30.0,20.0,-5.0,43,2032290402,-0.8173807171074543,-2.0000000000000027,-0.9405730331130282
0,30.0,20.0,-5.0,44,2032290402,-0.8173807171074543,0.9999999999999887,3.0594269668869774
0,30.0,20.0,-5.0,45,2032290402,0.38261928289254143,-0.9999999999999887,-0.9405730331130282
0,30.0,20.0,-5.0,46,2032290402,-1.6173807171074515,0.9999999999999887,-1.4405730331130289
0,30.0,20.0,-5.0,47,2032290402,-3.8173807171074436,-2.0000000000000027,2.059426966886976
0,30.0,20.0,-5.0,48,2032290402,-3.2173807171074458,-2.4999999999999973,-0.4405730331130275
0,30.0,20.0,-5.0,49,2032290402,1.5826192828925372,-0.49999999999999434,0.05942696688697322
0,30.0,20.0,-5.0,50,2032290402,3.3826192828925343,0.49999999999999434,0.05942696688697322
0,30.0,20.0,-5.0,51,2032290402,-1.9173807171074486,-3.500000000000011,1.5594269668869754
0,30.0,20.0,-5.0,52,2032290402,-1.1173807171074515,0.0,4.559426966886973
0,30.0,20.0,-5.0,53,2032290402,0.1826192828925457,2.0000000000000027,-0.9405730331130282
0,30.0,20.0,-5.0,54,2032290402,215.18261928289178,90.0,-106.94057303311303
0,30.0,20.0,-5.0,55,2032290402,5.4826192828925215,-1.5000000000000084,1.0594269668869747
0,30.0,20.0,-5.0,56,2032290402,-1.6173807171074515,2.4999999999999973,-2.9405730331130244
0,30.0,20.0,-5.0,57,2032290402,0.28261928289254,2.0000000000000027,1.5594269668869754
0,30.0,20.0,-5.0,58,2032290402,3.1826192828925315,0.49999999999999434,3.0594269668869774
0,30.0,20.0,-5.0,59,2032290402,2.9826192828925286,-0.49999999999999434,0.5594269668869739
0,30.0,20.0,-5.0,60,2032290402,4.282619282892526,-0.9999999999999887,3.0594269668869774
0,30.0,20.0,-5.0,61,2032290402,1.28261928289254,0.9999999999999887,0.5594269668869739
0,30.0,20.0,-5.0,62,2032290402,-1.51738071710745,0.0,1.5594269668869754
0,30.0,20.0,-5.0,63,2032290402,4.08261928289253,0.0,-0.4405730331130275
0,30.0,20.0,-5.0,64,2032290402,-0.11738071710745857,2.4999999999999973,-1.4405730331130289
0,30.0,20.0,-5.0,65,2032290402,3.3826192828925343,2.0000000000000027,0.5594269668869739
0,30.0,20.0,-5.0,66,2032290402,-1.51738071710745,0.49999999999999434,0.05942696688697322
0,30.0,20.0,-5.0,67,2032290402,4.282619282892526,-0.9999999999999887,-0.4405730331130275
0,30.0,20.0,-5.0,68,2032290402,-0.3173807171074543,-2.0000000000000027,0.05942696688697322
0,30.0,20.0,-5.0,69,2032290402,3.1826192828925315,-1.5000000000000084,-1.9405730331130295
0,30.0,20.0,-5.0,70,2032290402,-6.117380717107437,0.0,-1.4405730331130289
0,30.0,20.0,-5.0,71,2032290402,-1.2173807171074529,0.0,0.5594269668869739
0,30.0,20.0,-5.0,72,2032290402,-0.9173807171074557,-0.49999999999999434,4.059426966886979
0,30.0,20.0,-5.0,73,2032290402,3.4826192828925286,0.49999999999999434,-1.4405730331130289
0,30.0,20.0,-5.0,74,2032290402,-3.0173807171074465,-0.49999999999999434,-1.4405730331130289
0,30.0,20.0,-5.0,75,2032290402,1.0826192828925372,-1.5000000000000084,-1.4405730331130289
0,30.0,20.0,-5.0,76,2032290402,-2.51738071710745,-1.5000000000000084,-0.9405730331130282
0,30.0,20.0,-5.0,77,2032290402,1.6826192828925386,-2.0000000000000027,2.5594269668869702
0,30.0,20.0,-5.0,78,2032290402,2.4826192828925358,0.0,-1.4405730331130289
0,30.0,20.0,-5.0,79,2032290402,-2.7173807171074458,-2.4999999999999973,2.5594269668869702
0,30.0,20.0,-5.0,80,2032290402,6.082619282892523,2.4999999999999973,2.059426966886976
0,30.0,20.0,-5.0,81,2032290402,0.48261928289254286,-1.5000000000000084,0.05942696688697322
0,30.0,20.0,-5.0,82,2032290402,-0.21738071710746,1.5000000000000084,0.05942696688697322
0,30.0,20.0,-5.0,83,2032290402,2.8826192828925343,-3.500000000000011,5.559426966886974
0,30.0,20.0,-5.0,84,2032290402,4.1826192828925315,0.0,2.059426966886976
0,30.0,20.0,-5.0,85,2032290402,0.48261928289254286,-4.000000000000005,0.05942696688697322
0,30.0,20.0,-5.0,86,2032290402,-0.3173807171074543,-0.9999999999999887,-0.4405730331130275
0,30.0,20.0,-5.0,87,2032290402,1.8826192828925343,-1.5000000000000084,1.0594269668869747
0,30.0,20.0,-5.0,88,2032290402,1.4826192828925358,1.5000000000000084,2.059426966886976
0,30.0,20.0,-5.0,89,2032290402,5.682619282892524,-3.500000000000011,0.05942696688697322
0,30.0,20.0,-5.0,90,2032290402,0.38261928289254143,-0.49999999999999434,1.5594269668869754
0,30.0,20.0,-5.0,91,2032290402,0.28261928289254,1.5000000000000084,-0.9405730331130282
0,30.0,20.0,-5.0,92,2032290402,3.6826192828925315,-2.0000000000000027,-0.9405730331130282
0,30.0,20.0,-5.0,93,2032290402,-0.3173807171074543,0.49999999999999434,3.5594269668869716
0,30.0,20.0,-5.0,94,2032290402,1.3826192828925343,0.49999999999999434,0.05942696688697322
0,30.0,20.0,-5.0,95,2032290402,2.082619282892537,0.49999999999999434,-1.4405730331130289
0,30.0,20.0,-5.0,96,2032290402,-21.217380717107382,-49.00000000000001,-43.44057303311303
0,30.0,20.0,-5.0,97,2032290402,2.6826192828925315,-0.9999999999999887,0.5594269668869739
0,30.0,20.0,-5.0,98,2032290402,-0.9173807171074557,-2.9999999999999916,2.059426966886976
0,30.0,20.0,-5.0,99,2032290402,-1.4173807171074486,0.49999999999999434,-0.4405730331130275
0,30.0,20.0,-5.0,100,2032290402,-4.717380717107439,-2.4999999999999973,2.059426966886976
0,30.0,20.0,-5.0,101,2032290402,1.5826192828925372,1.5000000000000084,0.5594269668869739
0,30.0,20.0,-5.0,102,2032290402,1.8826192828925343,0.0,0.5594269668869739
0,30.0,20.0,-5.0,103,2032290402,-0.8173807171074543,-0.9999999999999887,-1.4405730331130289
0,30.0,20.0,-5.0,104,2032290402,133.38261928289208,42.00000000000001,-100.44057303311303
0,30.0,20.0,-5.0,105,2032290402,-4.4173807171074415,0.0,-3.4405730331130253
0,30.0,20.0,-5.0,106,2032290402,-0.21738071710746,-2.0000000000000027,-2.9405730331130244
0,30.0,20.0,-5.0,107,2032290402,-0.4173807171074557,0.49999999999999434,2.059426966886976
0,30.0,20.0,-5.0,108,2032290402,131.78261928289209,-55.50000000000001,-37.94057303311303
0,30.0,20.0,-5.0,109,2032290402,6.682619282892517,2.0000000000000027,2.059426966886976
0,30.0,20.0,-5.0,110,2032290402,-1.51738071710745,2.9999999999999916,0.5594269668869739
0,30.0,20.0,-5.0,111,2032290402,3.282619282892533,2.9999999999999916,-1.4405730331130289
0,30.0,20.0,-5.0,112,2032290402,0.38261928289254143,0.0,-1.4405730331130289
0,30.0,20.0,-5.0,113,2032290402,3.4826192828925286,0.9999999999999887,-0.4405730331130275
0,30.0,20.0,-5.0,114,2032290402,-1.51738071710745,-1.5000000000000084,-0.4405730331130275
0,30.0,20.0,-5.0,115,2032290402,2.582619282892537,-0.49999999999999434,-1.4405730331130289
0,30.0,20.0,-5.0,116,2032290402,3.3826192828925343,0.49999999999999434,0.05942696688697322
0,30.0,20.0,-5.0,117,2032290402,3.282619282892533,-0.49999999999999434,4.559426966886973
0,30.0,20.0,-5.0,118,2032290402,2.782619282892533,0.0,-1.4405730331130289
0,30.0,20.0,-5.0,119,2032290402,-1.6173807171074515,2.4999999999999973,1.0594269668869747
0,30.0,20.0,-5.0,120,2032290402,6.982619282892514,0.0,2.059426966886976
0,30.0,20.0,-5.0,121,2032290402,-1.3173807171074543,-2.4999999999999973,1.0594269668869747
0,30.0,20.0,-5.0,122,2032290402,0.48261928289254286,-0.49999999999999434,-0.9405730331130282
0,30.0,20.0,-5.0,123,2032290402,2.282619282892533,-2.9999999999999916,-3.940573033113026
0,30.0,20.0,-5.0,124,2032290402,1.1826192828925386,1.5000000000000084,1.5594269668869754
0,30.0,20.0,-5.0,125,2032290402,1.8826192828925343,4.999999999999995,-0.4405730331130275
0,30.0,20.0,-5.0,126,2032290402,2.1826192828925315,-2.9999999999999916,0.5594269668869739
0,30.0,20.0,-5.0,127,2032290402,5.9826192828925215,-2.4999999999999973,1.5594269668869754
0,30.0,20.0,-5.0,128,2032290402,-1.2173807171074529,-0.49999999999999434,1.5594269668869754
0,30.0,20.0,-5.0,129,2032290402,1.1826192828925386,-0.9999999999999887,1.5594269668869754
0,30.0,20.0,-5.0,130,2032290402,-0.11738071710745857,0.9999999999999887,4.559426966886973
0,30.0,20.0,-5.0,131,2032290402,-1.3173807171074543,-0.49999999999999434,0.05942696688697322
0,30.0,20.0,-5.0,132,2032290402,0.38261928289254143,-0.49999999999999434,0.05942696688697322
0,30.0,20.0,-5.0,133,2032290402,2.8826192828925343,-0.9999999999999887,-0.9405730331130282
0,30.0,20.0,-5.0,134,2032290402,7.182619282892517,0.49999999999999434,2.059426966886976
0,30.0,20.0,-5.0,135,2032290402,-3.6173807171074444,0.0,-0.9405730331130282
0,30.0,20.0,-5.0,136,2032290402,0.8826192828925414,-0.49999999999999434,1.5594269668869754
0,30.0,20.0,-5.0,137,2032290402,1.0826192828925372,-1.5000000000000084,1.0594269668869747
0,30.0,20.0,-5.0,138,2032290402,1.28261928289254,-0.9999999999999887,-0.4405730331130275
0,30.0,20.0,-5.0,139,2032290402,0.78261928289254,0.9999999999999887,-0.4405730331130275
0,30.0,20.0,-5.0,140,2032290402,0.9826192828925429,2.9999999999999916,0.05942696688697322
0,30.0,20.0,-5.0,141,2032290402,6.4826192828925215,-0.49999999999999434,2.5594269668869702
0,30.0,20.0,-5.0,142,2032290402,-0.21738071710746,1.5000000000000084,2.5594269668869702
0,30.0,20.0,-5.0,143,2032290402,-0.8173807171074543,1.5000000000000084,-1.4405730331130289
0,30.0,20.0,-5.0,144,2032290402,-2.4173807171074486,-0.49999999999999434,-1.9405730331130295
0,30.0,20.0,-5.0,145,2032290402,4.1826192828925315,0.49999999999999434,-0.9405730331130282
0,30.0,20.0,-5.0,146,2032290402,3.3826192828925343,-0.49999999999999434,-0.9405730331130282
0,30.0,20.0,-5.0,147,2032290402,1.4826192828925358,-0.49999999999999434,-0.4405730331130275
0,30.0,20.0,-5.0,148,2032290402,0.9826192828925429,4.000000000000005,2.5594269668869702
0,30.0,20.0,-5.0,149,2032290402,0.28261928289254,0.9999999999999887,1.0594269668869747
0,30.0,20.0,-5.0,150,2032290402,0.8826192828925414,0.0,-1.4405730331130289
0,30.0,20.0,-5.0,151,2032290402,134.78261928289206,-59.500000000000014,-21.440573033113026
0,30.0,20.0,-5.0,152,2032290402,-1.0173807171074571,-0.9999999999999887,0.5594269668869739
0,30.0,20.0,-5.0,153,2032290402,-2.6173807171074515,-1.5000000000000084,2.059426966886976
0,30.0,20.0,-5.0,154,2032290402,-4.81738071710744,-1.5000000000000084,2.059426966886976
0,30.0,20.0,-5.0,155,2032290402,2.8826192828925343,0.9999999999999887,0.5594269668869739
0,30.0,20.0,-5.0,156,2032290402,2.8826192828925343,-0.49999999999999434,0.5594269668869739
0,30.0,20.0,-5.0,157,2032290402,-1.1173807171074515,-1.5000000000000084,3.5594269668869716
0,30.0,20.0,-5.0,158,2032290402,-3.517380717107443,-0.49999999999999434,1.0594269668869747
0,30.0,20.0,-5.0,159,2032290402,7.082619282892516,2.9999999999999916,1.0594269668869747
0,30.0,20.0,-5.0,160,2032290402,2.4826192828925358,0.0,2.5594269668869702
0,30.0,20.0,-5.0,161,2032290402,-4.31738071710744,0.9999999999999887,2.059426966886976
0,30.0,20.0,-5.0,162,2032290402,-1.3173807171074543,-0.49999999999999434,2.059426966886976
0,30.0,20.0,-5.0,163,2032290402,1.8826192828925343,0.9999999999999887,2.5594269668869702
0,30.0,20.0,-5.0,164,2032290402,-1.7173807171074529,1.5000000000000084,0.5594269668869739
0,30.0,20.0,-5.0,165,2032290402,0.1826192828925457,-1.5000000000000084,2.5594269668869702
0,30.0,20.0,-5.0,166,2032290402,-4.517380717107443,2.0000000000000027,-1.9405730331130295
0,30.0,20.0,-5.0,167,2032290402,-5.117380717107437,5.4999999999999885,-0.4405730331130275
0,30.0,20.0,-5.0,168,2032290402,0.38261928289254143,2.0000000000000027,-1.4405730331130289
0,30.0,20.0,-5.0,169,2032290402,148.582619282892,45.49999999999999,-70.94057303311303
0,30.0,20.0,-5.0,170,2032290402,1.4826192828925358,0.49999999999999434,1.5594269668869754
0,30.0,20.0,-5.0,171,2032290402,1.9826192828925358,0.9999999999999887,0.05942696688697322
0,30.0,20.0,-5.0,172,2032290402,-3.517380717107443,-0.49999999999999434,-2.9405730331130244
0,30.0,20.0,-5.0,173,2032290402,-2.2173807171074458,-1.5000000000000084,0.05942696688697322
0,30.0,20.0,-5.0,174,2032290402,2.8826192828925343,-2.0000000000000027,2.059426966886976
0,30.0,20.0,-5.0,175,2032290402,-4.4173807171074415,3.500000000000011,0.05942696688697322
0,30.0,20.0,-5.0,176,2032290402,-0.8173807171074543,0.0,1.5594269668869754
0,30.0,20.0,-5.0,177,2032290402,3.8826192828925272,-4.000000000000005,-2.440573033113024
0,30.0,20.0,-5.0,178,2032290402,4.782619282892526,-2.0000000000000027,0.05942696688697322
0,30.0,20.0,-5.0,179,2032290402,0.38261928289254143,0.0,2.059426966886976
0,30.0,20.0,-5.0,180,2032290402,-0.6173807171074515,2.0000000000000027,1.5594269668869754
0,30.0,20.0,-5.0,181,2032290402,1.5826192828925372,1.5000000000000084,2.5594269668869702
0,30.0,20.0,-5.0,182,2032290402,5.4826192828925215,-0.9999999999999887,1.0594269668869747
0,30.0,20.0,-5.0,183,2032290402,0.38261928289254143,0.0,1.0594269668869747
0,30.0,20.0,-5.0,184,2032290402,-1.7173807171074529,-2.9999999999999916,0.05942696688697322
0,30.0,20.0,-5.0,185,2032290402,-3.1173807171074444,2.0000000000000027,1.5594269668869754
0,30.0,20.0,-5.0,186,2032290402,4.582619282892523,2.9999999999999916,0.05942696688697322
0,30.0,20.0,-5.0,187,2032290402,-1.1173807171074515,-0.49999999999999434,0.5594269668869739
0,30.0,20.0,-5.0,188,2032290402,0.38261928289254143,0.9999999999999887,-0.4405730331130275
0,30.0,20.0,-5.0,189,2032290402,-1.7173807171074529,1.5000000000000084,1.5594269668869754
0,30.0,20.0,-5.0,190,2032290402,3.1826192828925315,-0.49999999999999434,-0.4405730331130275
0,30.0,20.0,-5.0,191,2032290402,-2.2173807171074458,0.0,4.559426966886973
0,30.0,20.0,-5.0,192,2032290402,1.4826192828925358,0.9999999999999887,2.5594269668869702
0,30.0,20.0,-5.0,193,2032290402,-5.217380717107439,2.0000000000000027,1.5594269668869754
0,30.0,20.0,-5.0,194,2032290402,0.1826192828925457,-1.5000000000000084,1.5594269668869754
0,30.0,20.0,-5.0,195,2032290402,1.0826192828925372,0.0,-0.4405730331130275
0,30.0,20.0,-5.0,196,2032290402,2.3826192828925343,-0.49999999999999434,-0.4405730331130275
0,30.0,20.0,-5.0,197,2032290402,0.08261928289254428,-2.9999999999999916,1.5594269668869754
0,30.0,20.0,-5.0,198,2032290402,176.8826192828919,-90.0,-105.94057303311304
0,30.0,20.0,-5.0,199,2032290402,3.58261928289253,-2.4999999999999973,0.5594269668869739
0,30.0,20.0,0.0,0,2032290403,2.4826192828925358,0.0,1.0594269668869747
0,30.0,20.0,0.0,1,2032290403,-1.0173807171074571,0.49999999999999434,0.5594269668869739
0,30.0,20.0,0.0,2,2032290403,-0.3173807171074543,0.49999999999999434,1.0594269668869747
0,30.0,20.0,0.0,3,2032290403,0.9826192828925429,-0.49999999999999434,1.5594269668869754
0,30.0,20.0,0.0,4,2032290403,-0.21738071710746,-0.9999999999999887,1.0594269668869747
0,30.0,20.0,0.0,5,2032290403,0.9826192828925429,-0.9999999999999887,1.5594269668869754
0,30.0,20.0,0.0,6,2032290403,0.8826192828925414,-1.5000000000000084,-0.4405730331130275
0,30.0,20.0,0.0,7,2032290403,-1.0173807171074571,-0.9999999999999887,0.05942696688697322
0,30.0,20.0,0.0,8,2032290403,1.4826192828925358,-1.5000000000000084,3.0594269668869774
0,30.0,20.0,0.0,9,2032290403,0.48261928289254286,0.0,-0.4405730331130275
0,30.0,20.0,0.0,10,2032290403,0.6826192828925386,-0.9999999999999887,1.5594269668869754
0,30.0,20.0,0.0,11,2032290403,3.3826192828925343,-0.49999999999999434,-0.4405730331130275
0,30.0,20.0,0.0,12,2032290403,0.48261928289254286,-0.49999999999999434,1.5594269668869754
0,30.0,20.0,0.0,13,2032290403,-0.4173807171074557,0.49999999999999434,0.5594269668869739
0,30.0,20.0,0.0,14,2032290403,0.6826192828925386,1.5000000000000084,0.05942696688697322
0,30.0,20.0,0.0,15,2032290403,2.1826192828925315,0.49999999999999434,3.0594269668869774
0,30.0,20.0,0.0,16,2032290403,-1.2173807171074529,-0.49999999999999434,0.5594269668869739
0,30.0,20.0,0.0,17,2032290403,1.28261928289254,0.9999999999999887,-0.9405730331130282
0,30.0,20.0,0.0,18,2032290403,0.1826192828925457,0.49999999999999434,1.5594269668869754
0,30.0,20.0,0.0,19,2032290403,-0.9173807171074557,-0.9999999999999887,1.5594269668869754
0,30.0,20.0,0.0,20,2032290403,0.1826192828925457,0.49999999999999434,0.05942696688697322
0,30.0,20.0,0.0,21,2032290403,-0.9173807171074557,0.49999999999999434,0.5594269668869739
0,30.0,20.0,0.0,22,2032290403,0.48261928289254286,0.49999999999999434,1.0594269668869747
0,30.0,20.0,0.0,23,2032290403,0.78261928289254,0.0,1.5594269668869754
0,30.0,20.0,0.0,24,2032290403,1.1826192828925386,-0.49999999999999434,0.5594269668869739
0,30.0,20.0,0.0,25,2032290403,-0.8173807171074543,-0.9999999999999887,0.5594269668869739
0,30.0,20.0,0.0,26,2032290403,1.1826192828925386,-0.9999999999999887,-0.4405730331130275
0,30.0,20.0,0.0,27,2032290403,1.0826192828925372,-1.5000000000000084,0.05942696688697322
0,30.0,20.0,0.0,28,2032290403,-1.4173807171074486,0.9999999999999887,0.5594269668869739
0,30.0,20.0,0.0,29,2032290403,0.08261928289254428,0.9999999999999887,0.05942696688697322
0,30.0,20.0,0.0,30,2032290403,-0.3173807171074543,-0.49999999999999434,2.059426966886976
0,30.0,20.0,0.0,31,2032290403,2.582619282892537,0.0,0.05942696688697322
0,30.0,20.0,0.0,32,2032290403,3.08261928289253,0.0,1.0594269668869747
0,30.0,20.0,0.0,33,2032290403,1.3826192828925343,1.5000000000000084,0.5594269668869739
0,30.0,20.0,0.0,34,2032290403,-0.5173807171074571,0.9999999999999887,0.05942696688697322
0,30.0,20.0,0.0,35,2032290403,1.9826192828925358,0.49999999999999434,0.5594269668869739
0,30.0,20.0,0.0,36,2032290403,1.3826192828925343,0.9999999999999887,1.5594269668869754
0,30.0,20.0,0.0,37,2032290403,-1.2173807171074529,-0.9999999999999887,1.0594269668869747
0,30.0,20.0,0.0,38,2032290403,-2.1173807171074515,-0.49999999999999434,0.5594269668869739
0,30.0,20.0,0.0,39,2032290403,1.3826192828925343,-0.49999999999999434,0.5594269668869739
0,30.0,20.0,0.0,40,2032290403,-1.2173807171074529,-0.9999999999999887,1.5594269668869754
0,30.0,20.0,0.0,41,2032290403,0.78261928289254,-0.9999999999999887,1.0594269668869747
0,30.0,20.0,0.0,42,2032290403,0.08261928289254428,0.0,1.0594269668869747
0,30.0,20.0,0.0,43,2032290403,0.5826192828925372,0.49999999999999434,0.5594269668869739
0,30.0,20.0,0.0,44,2032290403,2.3826192828925343,-0.9999999999999887,-1.4405730331130289
0,30.0,20.0,0.0,45,2032290403,0.78261928289254,-0.49999999999999434,-0.4405730331130275
0,30.0,20.0,0.0,46,2032290403,-1.2173807171074529,0.9999999999999887,3.0594269668869774
0,30.0,20.0,0.0,47,2032290403,-0.8173807171074543,-1.5000000000000084,0.5594269668869739
0,30.0,20.0,0.0,48,2032290403,-2.6173807171074515,2.4999999999999973,-0.9405730331130282
0,30.0,20.0,0.0,49,2032290403,0.5826192828925372,0.49999999999999434,0.05942696688697322
0,30.0,20.0,0.0,50,2032290403,0.1826192828925457,-1.5000000000000084,1.0594269668869747
0,30.0,20.0,0.0,51,2032290403,2.4826192828925358,0.0,1.0594269668869747
0,30.0,20.0,0.0,52,2032290403,-0.6173807171074515,0.9999999999999887,2.059426966886976
0,30.0,20.0,0.0,53,2032290403,0.48261928289254286,-0.49999999999999434,1.5594269668869754
0,30.0,20.0,0.0,54,2032290403,2.3826192828925343,0.0,1.5594269668869754
0,30.0,20.0,0.0,55,2032290403,-1.51738071710745,-1.5000000000000084,-2.440573033113024
0,30.0,20.0,0.0,56,2032290403,0.38261928289254143,-0.9999999999999887,0.5594269668869739
0,30.0,20.0,0.0,57,2032290403,-0.8173807171074543,0.49999999999999434,-0.4405730331130275
0,30.0,20.0,0.0,58,2032290403,1.3826192828925343,0.49999999999999434,0.05942696688697322
0,30.0,20.0,0.0,59,2032290403,-0.4173807171074557,-0.9999999999999887,2.059426966886976
0,30.0,20.0,0.0,60,2032290403,2.782619282892533,0.0,0.5594269668869739
0,30.0,20.0,0.0,61,2032290403,-1.9173807171074486,0.49999999999999434,0.05942696688697322
0,30.0,20.0,0.0,62,2032290403,2.3826192828925343,-0.49999999999999434,0.05942696688697322
0,30.0,20.0,0.0,63,2032290403,0.38261928289254143,-0.9999999999999887,-1.4405730331130289
0,30.0,20.0,0.0,64,2032290403,-1.0173807171074571,0.49999999999999434,0.5594269668869739
0,30.0,20.0,0.0,65,2032290403,-0.21738071710746,0.9999999999999887,0.05942696688697322
0,30.0,20.0,0.0,66,2032290403,1.4826192828925358,0.49999999999999434,0.5594269668869739
0,30.0,20.0,0.0,67,2032290403,3.4826192828925286,0.49999999999999434,-1.4405730331130289
0,30.0,20.0,0.0,68,2032290403,-2.4173807171074486,0.49999999999999434,1.0594269668869747
0,30.0,20.0,0.0,69,2032290403,2.082619282892537,0.0,1.5594269668869754
0,30.0,20.0,0.0,70,2032290403,1.3826192828925343,-0.49999999999999434,0.05942696688697322
0,30.0,20.0,0.0,71,2032290403,-1.3173807171074543,0.49999999999999434,2.059426966886976
0,30.0,20.0,0.0,72,2032290403,1.1826192828925386,0.0,-0.9405730331130282
0,30.0,20.0,0.0,73,2032290403,-1.6173807171074515,-0.49999999999999434,0.05942696688697322
0,30.0,20.0,0.0,74,2032290403,1.0826192828925372,-0.9999999999999887,3.0594269668869774
0,30.0,20.0,0.0,75,2032290403,-0.017380717107457144,0.0,1.0594269668869747
0,30.0,20.0,0.0,76,2032290403,0.78261928289254,-2.0000000000000027,0.5594269668869739
0,30.0,20.0,0.0,77,2032290403,1.1826192828925386,1.5000000000000084,1.0594269668869747
0,30.0,20.0,0.0,78,2032290403,-3.2173807171074458,-0.49999999999999434,-0.4405730331130275
0,30.0,20.0,0.0,79,2032290403,0.48261928289254286,0.49999999999999434,1.0594269668869747
0,30.0,20.0,0.0,80,2032290403,0.1826192828925457,-0.49999999999999434,0.05942696688697322
0,30.0,20.0,0.0,81,2032290403,-1.4173807171074486,0.9999999999999887,0.5594269668869739
0,30.0,20.0,0.0,82,2032290403,2.082619282892537,-1.5000000000000084,1.5594269668869754
0,30.0,20.0,0.0,83,2032290403,1.8826192828925343,-0.9999999999999887,1.0594269668869747
0,30.0,20.0,0.0,84,2032290403,0.1826192828925457,0.0,-0.9405730331130282
0,30.0,20.0,0.0,85,2032290403,2.6826192828925315,-2.4999999999999973,1.5594269668869754
0,30.0,20.0,0.0,86,2032290403,-1.51738071710745,0.49999999999999434,0.05942696688697322
0,30.0,20.0,0.0,87,2032290403,1.6826192828925386,-2.0000000000000027,2.059426966886976
0,30.0,20.0,0.0,88,2032290403,1.6826192828925386,0.9999999999999887,1.5594269668869754
0,30.0,20.0,0.0,89,2032290403,-0.017380717107457144,0.9999999999999887,0.05942696688697322
0,30.0,20.0,0.0,90,2032290403,1.1826192828925386,0.49999999999999434,0.5594269668869739
0,30.0,20.0,0.0,91,2032290403,-0.6173807171074515,-2.4999999999999973,0.05942696688697322
0,30.0,20.0,0.0,92,2032290403,1.1826192828925386,-0.9999999999999887,1.5594269668869754
0,30.0,20.0,0.0,93,2032290403,1.5826192828925372,0.0,2.059426966886976
0,30.0,20.0,0.0,94,2032290403,2.1826192828925315,0.0,1.0594269668869747
0,30.0,20.0,0.0,95,2032290403,3.1826192828925315,-2.0000000000000027,-1.4405730331130289
0,30.0,20.0,0.0,96,2032290403,0.38261928289254143,-1.5000000000000084,1.0594269668869747
0,30.0,20.0,0.0,97,2032290403,0.28261928289254,0.0,0.05942696688697322
0,30.0,20.0,0.0,98,2032290403,1.78261928289254,-1.5000000000000084,-0.9405730331130282
0,30.0,20.0,0.0,99,2032290403,3.9826192828925286,1.5000000000000084,1.0594269668869747
0,30.0,20.0,0.0,100,2032290403,-2.9173807171074486,1.5000000000000084,0.5594269668869739
0,30.0,20.0,0.0,101,2032290403,0.28261928289254,-0.9999999999999887,0.05942696688697322
0,30.0,20.0,0.0,102,2032290403,0.28261928289254,0.0,1.5594269668869754
0,30.0,20.0,0.0,103,2032290403,0.9826192828925429,0.49999999999999434,0.5594269668869739
0,30.0,20.0,0.0,104,2032290403,-1.2173807171074529,2.4999999999999973,-1.4405730331130289
0,30.0,20.0,0.0,105,2032290403,0.48261928289254286,0.0,2.059426966886976
0,30.0,20.0,0.0,106,2032290403,-1.4173807171074486,0.9999999999999887,2.059426966886976
0,30.0,20.0,0.0,107,2032290403,-0.7173807171074529,0.0,1.5594269668869754
0,30.0,20.0,0.0,108,2032290403,2.6826192828925315,0.9999999999999887,1.5594269668869754
0,30.0,20.0,0.0,109,2032290403,-3.1173807171074444,0.0,0.5594269668869739
0,30.0,20.0,0.0,110,2032290403,-1.8173807171074543,-1.5000000000000084,1.5594269668869754
0,30.0,20.0,0.0,111,2032290403,1.3826192828925343,-0.49999999999999434,1.0594269668869747
0,30.0,20.0,0.0,112,2032290403,-1.51738071710745,0.9999999999999887,1.5594269668869754
0,30.0,20.0,0.0,113,2032290403,1.0826192828925372,1.5000000000000084,1.5594269668869754
0,30.0,20.0,0.0,114,2032290403,-0.017380717107457144,-0.9999999999999887,0.05942696688697322
0,30.0,20.0,0.0,115,2032290403,0.78261928289254,0.0,-0.4405730331130275
0,30.0,20.0,0.0,116,2032290403,-2.1173807171074515,-2.0000000000000027,0.05942696688697322
0,30.0,20.0,0.0,117,2032290403,-0.5173807171074571,-0.9999999999999887,2.5594269668869702
0,30.0,20.0,0.0,118,2032290403,-1.0173807171074571,-2.0000000000000027,2.059426966886976
0,30.0,20.0,0.0,119,2032290403,1.1826192828925386,-0.9999999999999887,0.5594269668869739
0,30.0,20.0,0.0,120,2032290403,1.5826192828925372,0.49999999999999434,0.5594269668869739
0,30.0,20.0,0.0,121,2032290403,0.78261928289254,0.0,-0.4405730331130275
0,30.0,20.0,0.0,122,2032290403,0.6826192828925386,1.5000000000000084,2.059426966886976
0,30.0,20.0,0.0,123,2032290403,-1.0173807171074571,-0.49999999999999434,1.0594269668869747
0,30.0,20.0,0.0,124,2032290403,0.38261928289254143,-0.49999999999999434,0.5594269668869739
0,30.0,20.0,0.0,125,2032290403,-0.21738071710746,-0.49999999999999434,1.0594269668869747
0,30.0,20.0,0.0,126,2032290403,2.282619282892533,0.0,2.059426966886976
0,30.0,20.0,0.0,127,2032290403,-2.1173807171074515,0.49999999999999434,0.5594269668869739
0,30.0,20.0,0.0,128,2032290403,-0.21738071710746,-0.9999999999999887,0.05942696688697322
0,30.0,20.0,0.0,129,2032290403,-0.8173807171074543,0.0,1.0594269668869747
0,30.0,20.0,0.0,130,2032290403,2.082619282892537,1.5000000000000084,1.0594269668869747
0,30.0,20.0,0.0,131,2032290403,-1.6173807171074515,0.49999999999999434,1.0594269668869747
0,30.0,20.0,0.0,132,2032290403,0.9826192828925429,2.4999999999999973,0.5594269668869739
0,30.0,20.0,0.0,133,2032290403,-1.4173807171074486,0.0,1.0594269668869747
0,30.0,20.0,0.0,134,2032290403,0.28261928289254,-0.49999999999999434,2.5594269668869702
0,30.0,20.0,0.0,135,2032290403,-1.9173807171074486,-2.0000000000000027,-0.4405730331130275
0,30.0,20.0,0.0,136,2032290403,1.3826192828925343,2.0000000000000027,0.05942696688697322
0,30.0,20.0,0.0,137,2032290403,1.28261928289254,0.9999999999999887,0.5594269668869739
0,30.0,20.0,0.0,138,2032290403,3.4826192828925286,0.49999999999999434,0.5594269668869739
0,30.0,20.0,0.0,139,2032290403,-3.8173807171074436,1.5000000000000084,-0.9405730331130282
0,30.0,20.0,0.0,140,2032290403,0.5826192828925372,0.49999999999999434,0.5594269668869739
0,30.0,20.0,0.0,141,2032290403,-0.11738071710745857,-0.49999999999999434,0.05942696688697322
0,30.0,20.0,0.0,142,2032290403,1.0826192828925372,-0.9999999999999887,2.059426966886976
0,30.0,20.0,0.0,143,2032290403,2.4826192828925358,-1.5000000000000084,0.5594269668869739
0,30.0,20.0,0.0,144,2032290403,0.08261928289254428,0.49999999999999434,0.05942696688697322
0,30.0,20.0,0.0,145,2032290403,-0.21738071710746,-0.49999999999999434,1.0594269668869747
0,30.0,20.0,0.0,146,2032290403,2.782619282892533,0.49999999999999434,-0.9405730331130282
0,30.0,20.0,0.0,147,2032290403,1.5826192828925372,-0.49999999999999434,1.0594269668869747
0,30.0,20.0,0.0,148,2032290403,-0.8173807171074543,0.0,0.5594269668869739
0,30.0,20.0,0.0,149,2032290403,1.5826192828925372,-0.49999999999999434,1.0594269668869747
0,30.0,20.0,0.0,150,2032290403,-1.51738071710745,2.9999999999999916,1.0594269668869747
0,30.0,20.0,0.0,151,2032290403,-1.4173807171074486,-1.5000000000000084,0.5594269668869739
0,30.0,20.0,0.0,152,2032290403,2.9826192828925286,0.0,1.0594269668869747
0,30.0,20.0,0.0,153,2032290403,2.282619282892533,-0.9999999999999887,1.0594269668869747
0,30.0,20.0,0.0,154,2032290403,0.28261928289254,-0.9999999999999887,0.5594269668869739
0,30.0,20.0,0.0,155,2032290403,-0.5173807171074571,0.49999999999999434,0.5594269668869739
0,30.0,20.0,0.0,156,2032290403,2.1826192828925315,0.9999999999999887,2.059426966886976
0,30.0,20.0,0.0,157,2032290403,2.1826192828925315,0.0,1.5594269668869754
0,30.0,20.0,0.0,158,2032290403,-0.5173807171074571,-0.49999999999999434,1.5594269668869754
0,30.0,20.0,0.0,159,2032290403,-1.51738071710745,-0.49999999999999434,1.5594269668869754
0,30.0,20.0,0.0,160,2032290403,2.8826192828925343,-0.9999999999999887,0.5594269668869739
0,30.0,20.0,0.0,161,2032290403,-0.6173807171074515,0.49999999999999434,1.5594269668869754
0,30.0,20.0,0.0,162,2032290403,0.78261928289254,-0.49999999999999434,0.05942696688697322
0,30.0,20.0,0.0,163,2032290403,0.78261928289254,-0.49999999999999434,-0.4405730331130275
0,30.0,20.0,0.0,164,2032290403,1.28261928289254,-2.0000000000000027,1.0594269668869747
0,30.0,20.0,0.0,165,2032290403,1.28261928289254,0.9999999999999887,1.5594269668869754
0,30.0,20.0,0.0,166,2032290403,0.48261928289254286,-0.49999999999999434,-0.4405730331130275
0,30.0,20.0,0.0,167,2032290403,-0.6173807171074515,2.0000000000000027,1.5594269668869754
0,30.0,20.0,0.0,168,2032290403,1.6826192828925386,0.0,0.5594269668869739
0,30.0,20.0,0.0,169,2032290403,1.78261928289254,-1.5000000000000084,0.5594269668869739
0,30.0,20.0,0.0,170,2032290403,1.28261928289254,-0.49999999999999434,0.05942696688697322
0,30.0,20.0,0.0,171,2032290403,0.48261928289254286,0.49999999999999434,1.0594269668869747
0,30.0,20.0,0.0,172,2032290403,3.3826192828925343,0.9999999999999887,0.5594269668869739
0,30.0,20.0,0.0,173,2032290403,1.8826192828925343,-0.49999999999999434,1.0594269668869747
0,30.0,20.0,0.0,174,2032290403,0.48261928289254286,0.49999999999999434,1.0594269668869747
0,30.0,20.0,0.0,175,2032290403,-1.7173807171074529,0.0,0.05942696688697322
0,30.0,20.0,0.0,176,2032290403,0.8826192828925414,-0.49999999999999434,0.05942696688697322
0,30.0,20.0,0.0,177,2032290403,1.1826192828925386,0.0,0.05942696688697322
0,30.0,20.0,0.0,178,2032290403,3.3826192828925343,-1.5000000000000084,-0.4405730331130275
0,30.0,20.0,0.0,179,2032290403,-0.11738071710745857,-0.49999999999999434,1.0594269668869747
0,30.0,20.0,0.0,180,2032290403,0.9826192828925429,1.5000000000000084,0.05942696688697322
0,30.0,20.0,0.0,181,2032290403,-1.4173807171074486,-1.5000000000000084,0.05942696688697322
0,30.0,20.0,0.0,182,2032290403,1.3826192828925343,-1.5000000000000084,1.0594269668869747
0,30.0,20.0,0.0,183,2032290403,1.4826192828925358,-0.49999999999999434,0.5594269668869739
0,30.0,20.0,0.0,184,2032290403,-0.8173807171074543,0.49999999999999434,0.5594269668869739
0,30.0,20.0,0.0,185,2032290403,2.8826192828925343,-1.5000000000000084,1.0594269668869747
0,30.0,20.0,0.0,186,2032290403,0.48261928289254286,-0.9999999999999887,2.059426966886976
0,30.0,20.0,0.0,187,2032290403,-0.3173807171074543,-0.49999999999999434,0.05942696688697322
0,30.0,20.0,0.0,188,2032290403,-2.317380717107447,0.9999999999999887,0.5594269668869739
0,30.0,20.0,0.0,189,2032290403,3.08261928289253,0.0,0.5594269668869739
0,30.0,20.0,0.0,190,2032290403,1.1826192828925386,1.5000000000000084,1.0594269668869747
0,30.0,20.0,0.0,191,2032290403,1.8826192828925343,0.9999999999999887,1.5594269668869754
0,30.0,20.0,0.0,192,2032290403,0.78261928289254,-0.9999999999999887,0.05942696688697322
0,30.0,20.0,0.0,193,2032290403,-1.3173807171074543,-0.49999999999999434,0.05942696688697322
0,30.0,20.0,0.0,194,2032290403,0.8826192828925414,-0.49999999999999434,1.0594269668869747
0,30.0,20.0,0.0,195,2032290403,2.282619282892533,-1.5000000000000084,-0.4405730331130275
0,30.0,20.0,0.0,196,2032290403,1.4826192828925358,-0.9999999999999887,0.5594269668869739
0,30.0,20.0,0.0,197,2032290403,-0.017380717107457144,-0.49999999999999434,2.059426966886976
0,30.0,20.0,0.0,198,2032290403,0.1826192828925457,0.0,-0.4405730331130275
0,30.0,20.0,0.0,199,2032290403,-0.7173807171074529,0.9999999999999887,1.0594269668869747
0,30.0,20.0,5.0,0,2032290404,1.3826192828925343,0.0,0.05942696688697322
0,30.0,20.0,5.0,1,2032290404,0.38261928289254143,0.0,0.05942696688697322
0,30.0,20.0,5.0,2,2032290404,0.08261928289254428,0.0,0.5594269668869739
0,30.0,20.0,5.0,3,2032290404,0.9826192828925429,0.49999999999999434,0.5594269668869739
0,30.0,20.0,5.0,4,2032290404,0.78261928289254,0.0,0.05942696688697322
0,30.0,20.0,5.0,5,2032290404,0.78261928289254,0.49999999999999434,1.0594269668869747
0,30.0,20.0,5.0,6,2032290404,0.5826192828925372,0.0,0.05942696688697322
0,30.0,20.0,5.0,7,2032290404,0.08261928289254428,0.0,0.5594269668869739
0,30.0,20.0,5.0,8,2032290404,-0.21738071710746,0.0,0.05942696688697322
0,30.0,20.0,5.0,9,2032290404,0.78261928289254,-0.49999999999999434,0.5594269668869739
0,30.0,20.0,5.0,10,2032290404,0.1826192828925457,0.0,1.0594269668869747
0,30.0,20.0,5.0,11,2032290404,-0.4173807171074557,0.49999999999999434,1.0594269668869747
0,30.0,20.0,5.0,12,2032290404,1.9826192828925358,-0.49999999999999434,1.5594269668869754
0,30.0,20.0,5.0,13,2032290404,1.4826192828925358,0.9999999999999887,0.5594269668869739
0,30.0,20.0,5.0,14,2032290404,0.48261928289254286,0.9999999999999887,0.5594269668869739
0,30.0,20.0,5.0,15,2032290404,-0.3173807171074543,0.0,2.059426966886976
0,30.0,20.0,5.0,16,2032290404,-1.4173807171074486,0.0,1.5594269668869754
0,30.0,20.0,5.0,17,2032290404,1.0826192828925372,-0.9999999999999887,1.0594269668869747
0,30.0,20.0,5.0,18,2032290404,0.48261928289254286,-0.49999999999999434,0.5594269668869739
0,30.0,20.0,5.0,19,2032290404,-0.3173807171074543,-0.49999999999999434,0.05942696688697322
0,30.0,20.0,5.0,20,2032290404,0.08261928289254428,0.0,-0.4405730331130275
0,30.0,20.0,5.0,21,2032290404,0.9826192828925429,0.49999999999999434,0.5594269668869739
0,30.0,20.0,5.0,22,2032290404,0.08261928289254428,0.0,1.0594269668869747
0,30.0,20.0,5.0,23,2032290404,-0.11738071710745857,0.9999999999999887,0.5594269668869739
0,30.0,20.0,5.0,24,2032290404,-0.5173807171074571,-0.9999999999999887,0.5594269668869739
0,30.0,20.0,5.0,25,2032290404,0.8826192828925414,0.49999999999999434,0.5594269668869739
0,30.0,20.0,5.0,26,2032290404,-0.017380717107457144,0.0,0.5594269668869739
0,30.0,20.0,5.0,27,2032290404,-1.0173807171074571,-0.49999999999999434,0.05942696688697322
0,30.0,20.0,5.0,28,2032290404,1.0826192828925372,0.0,0.05942696688697322
0,30.0,20.0,5.0,29,2032290404,1.5826192828925372,-0.9999999999999887,0.5594269668869739
0,30.0,20.0,5.0,30,2032290404,-0.4173807171074557,-0.49999999999999434,1.5594269668869754
0,30.0,20.0,5.0,31,2032290404,-0.21738071710746,0.0,-0.4405730331130275
0,30.0,20.0,5.0,32,2032290404,-0.7173807171074529,0.49999999999999434,1.0594269668869747
0,30.0,20.0,5.0,33,2032290404,0.6826192828925386,0.49999999999999434,1.0594269668869747
0,30.0,20.0,5.0,34,2032290404,-0.017380717107457144,0.0,1.0594269668869747
0,30.0,20.0,5.0,35,2032290404,0.48261928289254286,-0.49999999999999434,1.0594269668869747
0,30.0,20.0,5.0,36,2032290404,-0.5173807171074571,0.0,1.0594269668869747
0,30.0,20.0,5.0,37,2032290404,0.28261928289254,0.0,0.5594269668869739
0,30.0,20.0,5.0,38,2032290404,-1.1173807171074515,-0.49999999999999434,0.05942696688697322
0,30.0,20.0,5.0,39,2032290404,-0.7173807171074529,-0.49999999999999434,1.0594269668869747
0,30.0,20.0,5.0,40,2032290404,-0.3173807171074543,0.0,0.5594269668869739
0,30.0,20.0,5.0,41,2032290404,0.38261928289254143,0.0,0.5594269668869739
0,30.0,20.0,5.0,42,2032290404,1.5826192828925372,0.0,0.5594269668869739
0,30.0,20.0,5.0,43,2032290404,1.0826192828925372,-0.9999999999999887,0.05942696688697322
0,30.0,20.0,5.0,44,2032290404,-0.017380717107457144,0.0,1.0594269668869747
0,30.0,20.0,5.0,45,2032290404,-0.11738071710745857,0.9999999999999887,1.0594269668869747
0,30.0,20.0,5.0,46,2032290404,1.28261928289254,-0.49999999999999434,1.0594269668869747
0,30.0,20.0,5.0,47,2032290404,-0.11738071710745857,0.0,0.5594269668869739
0,30.0,20.0,5.0,48,2032290404,-0.11738071710745857,0.0,0.05942696688697322
0,30.0,20.0,5.0,49,2032290404,1.8826192828925343,-0.49999999999999434,0.5594269668869739
0,30.0,20.0,5.0,50,2032290404,0.08261928289254428,-0.49999999999999434,1.0594269668869747
0,30.0,20.0,5.0,51,2032290404,2.082619282892537,0.0,1.0594269668869747
0,30.0,20.0,5.0,52,2032290404,0.28261928289254,0.49999999999999434,1.0594269668869747
0,30.0,20.0,5.0,53,2032290404,0.1826192828925457,0.0,0.05942696688697322
0,30.0,20.0,5.0,54,2032290404,-0.3173807171074543,0.0,0.05942696688697322
0,30.0,20.0,5.0,55,2032290404,-0.4173807171074557,0.0,0.05942696688697322
0,30.0,20.0,5.0,56,2032290404,-0.11738071710745857,0.49999999999999434,1.0594269668869747
0,30.0,20.0,5.0,57,2032290404,-0.21738071710746,0.49999999999999434,0.05942696688697322
0,30.0,20.0,5.0,58,2032290404,0.6826192828925386,0.0,0.5594269668869739
0,30.0,20.0,5.0,59,2032290404,0.1826192828925457,0.9999999999999887,0.5594269668869739
0,30.0,20.0,5.0,60,2032290404,-0.017380717107457144,0.49999999999999434,0.5594269668869739
0,30.0,20.0,5.0,61,2032290404,1.78261928289254,-0.49999999999999434,1.5594269668869754
0,30.0,20.0,5.0,62,2032290404,0.48261928289254286,0.49999999999999434,0.05942696688697322
0,30.0,20.0,5.0,63,2032290404,-0.21738071710746,0.0,1.0594269668869747
0,30.0,20.0,5.0,64,2032290404,1.5826192828925372,0.49999999999999434,0.5594269668869739
0,30.0,20.0,5.0,65,2032290404,0.38261928289254143,-0.49999999999999434,0.05942696688697322
0,30.0,20.0,5.0,66,2032290404,0.48261928289254286,-0.9999999999999887,1.0594269668869747
0,30.0,20.0,5.0,67,2032290404,1.0826192828925372,0.0,1.5594269668869754
0,30.0,20.0,5.0,68,2032290404,0.48261928289254286,-0.49999999999999434,0.05942696688697322
0,30.0,20.0,5.0,69,2032290404,0.78261928289254,0.0,1.0594269668869747
0,30.0,20.0,5.0,70,2032290404,1.3826192828925343,0.0,0.5594269668869739
0,30.0,20.0,5.0,71,2032290404,1.1826192828925386,-0.49999999999999434,0.5594269668869739
0,30.0,20.0,5.0,72,2032290404,0.5826192828925372,0.49999999999999434,1.0594269668869747
0,30.0,20.0,5.0,73,2032290404,0.08261928289254428,0.0,1.0594269668869747
0,30.0,20.0,5.0,74,2032290404,-0.3173807171074543,-0.49999999999999434,0.05942696688697322
0,30.0,20.0,5.0,75,2032290404,0.5826192828925372,-1.5000000000000084,0.5594269668869739
0,30.0,20.0,5.0,76,2032290404,0.48261928289254286,0.49999999999999434,1.0594269668869747
0,30.0,20.0,5.0,77,2032290404,-0.8173807171074543,0.0,0.5594269668869739
0,30.0,20.0,5.0,78,2032290404,1.5826192828925372,0.0,0.05942696688697322
0,30.0,20.0,5.0,79,2032290404,0.5826192828925372,-0.49999999999999434,0.05942696688697322
0,30.0,20.0,5.0,80,2032290404,0.1826192828925457,-0.49999999999999434,0.5594269668869739
0,30.0,20.0,5.0,81,2032290404,-1.1173807171074515,0.0,1.0594269668869747
0,30.0,20.0,5.0,82,2032290404,-0.3173807171074543,0.0,0.05942696688697322
0,30.0,20.0,5.0,83,2032290404,1.1826192828925386,0.49999999999999434,0.5594269668869739
0,30.0,20.0,5.0,84,2032290404,-0.3173807171074543,0.49999999999999434,0.5594269668869739
0,30.0,20.0,5.0,85,2032290404,0.08261928289254428,0.49999999999999434,1.0594269668869747
0,30.0,20.0,5.0,86,2032290404,1.1826192828925386,0.0,0.05942696688697322
0,30.0,20.0,5.0,87,2032290404,0.5826192828925372,0.49999999999999434,0.5594269668869739
0,30.0,20.0,5.0,88,2032290404,-0.8173807171074543,0.49999999999999434,1.0594269668869747
0,30.0,20.0,5.0,89,2032290404,-0.8173807171074543,0.0,0.5594269668869739
0,30.0,20.0,5.0,90,2032290404,0.48261928289254286,0.49999999999999434,1.0594269668869747
0,30.0,20.0,5.0,91,2032290404,1.1826192828925386,0.0,0.5594269668869739
0,30.0,20.0,5.0,92,2032290404,0.5826192828925372,0.49999999999999434,1.0594269668869747
0,30.0,20.0,5.0,93,2032290404,-0.3173807171074543,0.49999999999999434,0.05942696688697322
0,30.0,20.0,5.0,94,2032290404,0.48261928289254286,0.0,1.0594269668869747
0,30.0,20.0,5.0,95,2032290404,0.08261928289254428,0.49999999999999434,1.0594269668869747
0,30.0,20.0,5.0,96,2032290404,1.5826192828925372,0.49999999999999434,1.5594269668869754
0,30.0,20.0,5.0,97,2032290404,-0.21738071710746,0.0,0.5594269668869739
0,30.0,20.0,5.0,98,2032290404,1.6826192828925386,0.0,0.5594269668869739
0,30.0,20.0,5.0,99,2032290404,0.9826192828925429,0.49999999999999434,0.05942696688697322
0,30.0,20.0,5.0,100,2032290404,-0.017380717107457144,-0.9999999999999887,1.0594269668869747
0,30.0,20.0,5.0,101,2032290404,-0.6173807171074515,-0.49999999999999434,0.5594269668869739
0,30.0,20.0,5.0,102,2032290404,0.48261928289254286,0.0,0.05942696688697322
0,30.0,20.0,5.0,103,2032290404,2.4826192828925358,0.0,0.5594269668869739
0,30.0,20.0,5.0,104,2032290404,-0.21738071710746,-0.9999999999999887,1.0594269668869747
0,30.0,20.0,5.0,105,2032290404,-0.9173807171074557,-0.49999999999999434,1.0594269668869747
0,30.0,20.0,5.0,106,2032290404,-0.11738071710745857,-0.49999999999999434,0.05942696688697322
0,30.0,20.0,5.0,107,2032290404,0.6826192828925386,-0.49999999999999434,1.5594269668869754
0,30.0,20.0,5.0,108,2032290404,0.38261928289254143,-0.49999999999999434,0.05942696688697322
0,30.0,20.0,5.0,109,2032290404,0.5826192828925372,0.0,1.0594269668869747
0,30.0,20.0,5.0,110,2032290404,0.8826192828925414,0.0,0.5594269668869739
0,30.0,20.0,5.0,111,2032290404,-0.21738071710746,0.0,0.05942696688697322
0,30.0,20.0,5.0,112,2032290404,1.3826192828925343,-0.49999999999999434,1.5594269668869754
0,30.0,20.0,5.0,113,2032290404,1.0826192828925372,-0.49999999999999434,0.05942696688697322
0,30.0,20.0,5.0,114,2032290404,0.08261928289254428,0.9999999999999887,1.0594269668869747
0,30.0,20.0,5.0,115,2032290404,-0.4173807171074557,0.0,2.059426966886976
0,30.0,20.0,5.0,116,2032290404,-0.8173807171074543,0.49999999999999434,0.05942696688697322
0,30.0,20.0,5.0,117,2032290404,0.9826192828925429,0.0,1.0594269668869747
0,30.0,20.0,5.0,118,2032290404,-0.6173807171074515,0.0,0.05942696688697322
0,30.0,20.0,5.0,119,2032290404,-0.9173807171074557,0.49999999999999434,1.0594269668869747
0,30.0,20.0,5.0,120,2032290404,0.78261928289254,-0.9999999999999887,0.5594269668869739
0,30.0,20.0,5.0,121,2032290404,0.28261928289254,-0.49999999999999434,1.0594269668869747
0,30.0,20.0,5.0,122,2032290404,0.1826192828925457,0.0,1.5594269668869754
0,30.0,20.0,5.0,123,2032290404,-0.11738071710745857,0.0,0.5594269668869739
0,30.0,20.0,5.0,124,2032290404,0.9826192828925429,0.0,1.0594269668869747
0,30.0,20.0,5.0,125,2032290404,-0.6173807171074515,0.9999999999999887,0.5594269668869739
0,30.0,20.0,5.0,126,2032290404,0.28261928289254,-0.49999999999999434,1.0594269668869747
0,30.0,20.0,5.0,127,2032290404,-0.21738071710746,0.0,0.05942696688697322
0,30.0,20.0,5.0,128,2032290404,0.6826192828925386,0.0,0.5594269668869739
0,30.0,20.0,5.0,129,2032290404,0.38261928289254143,0.0,0.05942696688697322
0,30.0,20.0,5.0,130,2032290404,1.28261928289254,0.0,1.0594269668869747
0,30.0,20.0,5.0,131,2032290404,-0.3173807171074543,0.0,0.5594269668869739
0,30.0,20.0,5.0,132,2032290404,0.48261928289254286,-0.49999999999999434,1.5594269668869754
0,30.0,20.0,5.0,133,2032290404,1.0826192828925372,-0.49999999999999434,1.5594269668869754
0,30.0,20.0,5.0,134,2032290404,0.78261928289254,0.0,0.05942696688697322
0,30.0,20.0,5.0,135,2032290404,0.8826192828925414,0.0,1.0594269668869747
0,30.0,20.0,5.0,136,2032290404,-0.8173807171074543,0.49999999999999434,0.05942696688697322
0,30.0,20.0,5.0,137,2032290404,-0.017380717107457144,0.49999999999999434,0.5594269668869739
0,30.0,20.0,5.0,138,2032290404,0.1826192828925457,-0.49999999999999434,1.5594269668869754
0,30.0,20.0,5.0,139,2032290404,0.8826192828925414,-0.49999999999999434,1.0594269668869747
0,30.0,20.0,5.0,140,2032290404,1.78261928289254,-0.49999999999999434,0.5594269668869739
0,30.0,20.0,5.0,141,2032290404,0.8826192828925414,0.0,0.5594269668869739
0,30.0,20.0,5.0,142,2032290404,0.08261928289254428,-0.49999999999999434,0.05942696688697322
0,30.0,20.0,5.0,143,2032290404,1.0826192828925372,0.0,1.0594269668869747
0,30.0,20.0,5.0,144,2032290404,-0.017380717107457144,0.0,1.0594269668869747
0,30.0,20.0,5.0,145,2032290404,0.78261928289254,0.0,0.05942696688697322
0,30.0,20.0,5.0,146,2032290404,-0.21738071710746,-0.49999999999999434,1.0594269668869747
0,30.0,20.0,5.0,147,2032290404,-0.21738071710746,0.0,1.0594269668869747
0,30.0,20.0,5.0,148,2032290404,-1.3173807171074543,0.49999999999999434,1.0594269668869747
0,30.0,20.0,5.0,149,2032290404,1.9826192828925358,0.0,0.5594269668869739
0,30.0,20.0,5.0,150,2032290404,0.28261928289254,0.0,0.05942696688697322
0,30.0,20.0,5.0,151,2032290404,1.1826192828925386,-0.9999999999999887,1.0594269668869747
0,30.0,20.0,5.0,152,2032290404,-0.7173807171074529,0.0,-0.4405730331130275
0,30.0,20.0,5.0,153,2032290404,0.78261928289254,0.0,0.5594269668869739
0,30.0,20.0,5.0,154,2032290404,1.28261928289254,0.0,1.0594269668869747
0,30.0,20.0,5.0,155,2032290404,0.78261928289254,0.0,-0.4405730331130275
0,30.0,20.0,5.0,156,2032290404,0.28261928289254,-0.49999999999999434,0.5594269668869739
0,30.0,20.0,5.0,157,2032290404,0.78261928289254,0.0,1.0594269668869747
0,30.0,20.0,5.0,158,2032290404,-0.21738071710746,0.49999999999999434,0.5594269668869739
0,30.0,20.0,5.0,159,2032290404,2.6826192828925315,0.49999999999999434,1.0594269668869747
0,30.0,20.0,5.0,160,2032290404,-0.6173807171074515,0.0,1.5594269668869754
0,30.0,20.0,5.0,161,2032290404,-0.5173807171074571,-0.49999999999999434,0.05942696688697322
0,30.0,20.0,5.0,162,2032290404,-0.3173807171074543,0.0,0.5594269668869739
0,30.0,20.0,5.0,163,2032290404,-0.9173807171074557,-0.49999999999999434,0.5594269668869739
0,30.0,20.0,5.0,164,2032290404,-0.11738071710745857,0.0,1.5594269668869754
0,30.0,20.0,5.0,165,2032290404,0.5826192828925372,0.9999999999999887,0.5594269668869739
0,30.0,20.0,5.0,166,2032290404,-0.8173807171074543,-0.49999999999999434,1.0594269668869747
0,30.0,20.0,5.0,167,2032290404,-0.5173807171074571,0.49999999999999434,1.5594269668869754
0,30.0,20.0,5.0,168,2032290404,1.0826192828925372,0.0,0.5594269668869739
0,30.0,20.0,5.0,169,2032290404,0.6826192828925386,0.0,1.0594269668869747
0,30.0,20.0,5.0,170,2032290404,-1.0173807171074571,0.49999999999999434,0.5594269668869739
0,30.0,20.0,5.0,171,2032290404,0.28261928289254,0.49999999999999434,0.5594269668869739
0,30.0,20.0,5.0,172,2032290404,1.78261928289254,0.49999999999999434,0.05942696688697322
0,30.0,20.0,5.0,173,2032290404,-0.4173807171074557,0.0,1.5594269668869754
0,30.0,20.0,5.0,174,2032290404,-0.017380717107457144,0.9999999999999887,1.0594269668869747
0,30.0,20.0,5.0,175,2032290404,1.0826192828925372,0.0,1.5594269668869754
0,30.0,20.0,5.0,176,2032290404,0.38261928289254143,-0.9999999999999887,1.0594269668869747
0,30.0,20.0,5.0,177,2032290404,-0.21738071710746,0.49999999999999434,0.05942696688697322
0,30.0,20.0,5.0,178,2032290404,1.0826192828925372,0.49999999999999434,0.5594269668869739
0,30.0,20.0,5.0,179,2032290404,2.782619282892533,0.49999999999999434,0.05942696688697322
0,30.0,20.0,5.0,180,2032290404,0.48261928289254286,0.49999999999999434,0.05942696688697322
0,30.0,20.0,5.0,181,2032290404,0.6826192828925386,-0.49999999999999434,1.0594269668869747
0,30.0,20.0,5.0,182,2032290404,-0.017380717107457144,-0.49999999999999434,1.0594269668869747
0,30.0,20.0,5.0,183,2032290404,0.78261928289254,-0.49999999999999434,0.5594269668869739
0,30.0,20.0,5.0,184,2032290404,0.08261928289254428,-0.49999999999999434,1.0594269668869747
0,30.0,20.0,5.0,185,2032290404,1.3826192828925343,0.0,0.05942696688697322
0,30.0,20.0,5.0,186,2032290404,-0.4173807171074557,0.49999999999999434,1.0594269668869747
0,30.0,20.0,5.0,187,2032290404,0.1826192828925457,0.0,1.5594269668869754
0,30.0,20.0,5.0,188,2032290404,0.08261928289254428,0.49999999999999434,1.0594269668869747
0,30.0,20.0,5.0,189,2032290404,0.6826192828925386,0.49999999999999434,0.5594269668869739
0,30.0,20.0,5.0,190,2032290404,0.08261928289254428,0.0,0.5594269668869739
0,30.0,20.0,5.0,191,2032290404,0.08261928289254428,0.0,0.05942696688697322
0,30.0,20.0,5.0,192,2032290404,-0.4173807171074557,0.49999999999999434,1.5594269668869754
0,30.0,20.0,5.0,193,2032290404,0.78261928289254,0.0,1.0594269668869747
0,30.0,20.0,5.0,194,2032290404,-0.3173807171074543,-0.9999999999999887,1.0594269668869747
0,30.0,20.0,5.0,195,2032290404,0.28261928289254,0.0,0.5594269668869739
0,30.0,20.0,5.0,196,2032290404,-0.11738071710745857,-0.49999999999999434,0.05942696688697322
0,30.0,20.0,5.0,197,2032290404,-0.21738071710746,0.0,-0.4405730331130275
0,30.0,20.0,5.0,198,2032290404,1.0826192828925372,0.0,1.0594269668869747
0,30.0,20.0,5.0,199,2032290404,-0.3173807171074543,0.49999999999999434,1.0594269668869747
0,30.0,20.0,10.0,0,2032290405,0.48261928289254286,0.0,0.5594269668869739
0,30.0,20.0,10.0,1,2032290405,-0.11738071710745857,0.0,0.5594269668869739
0,30.0,20.0,10.0,2,2032290405,0.1826192828925457,0.49999999999999434,0.5594269668869739
0,30.0,20.0,10.0,3,2032290405,0.5826192828925372,0.0,1.0594269668869747
0,30.0,20.0,10.0,4,2032290405,0.78261928289254,0.49999999999999434,1.0594269668869747
0,30.0,20.0,10.0,5,2032290405,-0.3173807171074543,0.0,0.5594269668869739
0,30.0,20.0,10.0,6,2032290405,0.1826192828925457,0.0,0.5594269668869739
0,30.0,20.0,10.0,7,2032290405,0.1826192828925457,0.49999999999999434,0.5594269668869739
0,30.0,20.0,10.0,8,2032290405,0.38261928289254143,0.0,0.5594269668869739
0,30.0,20.0,10.0,9,2032290405,0.78261928289254,-0.49999999999999434,0.5594269668869739
0,30.0,20.0,10.0,10,2032290405,0.8826192828925414,-0.49999999999999434,0.5594269668869739
0,30.0,20.0,10.0,11,2032290405,0.78261928289254,0.0,0.5594269668869739
0,30.0,20.0,10.0,12,2032290405,-0.11738071710745857,-0.49999999999999434,0.5594269668869739
0,30.0,20.0,10.0,13,2032290405,0.38261928289254143,-0.49999999999999434,0.5594269668869739
0,30.0,20.0,10.0,14,2032290405,0.38261928289254143,0.49999999999999434,0.5594269668869739
0,30.0,20.0,10.0,15,2032290405,0.9826192828925429,-0.49999999999999434,0.5594269668869739
0,30.0,20.0,10.0,16,2032290405,0.8826192828925414,0.0,1.0594269668869747
0,30.0,20.0,10.0,17,2032290405,-0.5173807171074571,-0.49999999999999434,1.0594269668869747
0,30.0,20.0,10.0,18,2032290405,0.6826192828925386,0.0,1.0594269668869747
0,30.0,20.0,10.0,19,2032290405,0.5826192828925372,0.49999999999999434,0.5594269668869739
0,30.0,20.0,10.0,20,2032290405,0.38261928289254143,-0.49999999999999434,0.5594269668869739
0,30.0,20.0,10.0,21,2032290405,0.48261928289254286,-0.49999999999999434,0.5594269668869739
0,30.0,20.0,10.0,22,2032290405,0.78261928289254,0.0,1.5594269668869754
0,30.0,20.0,10.0,23,2032290405,0.6826192828925386,0.0,0.5594269668869739
0,30.0,20.0,10.0,24,2032290405,0.5826192828925372,0.0,0.5594269668869739
0,30.0,20.0,10.0,25,2032290405,0.38261928289254143,0.49999999999999434,0.5594269668869739
0,30.0,20.0,10.0,26,2032290405,-0.3173807171074543,-0.49999999999999434,1.0594269668869747
0,30.0,20.0,10.0,27,2032290405,-0.3173807171074543,0.0,1.0594269668869747
0,30.0,20.0,10.0,28,2032290405,0.38261928289254143,0.0,1.0594269668869747
0,30.0,20.0,10.0,29,2032290405,0.1826192828925457,0.0,1.0594269668869747
0,30.0,20.0,10.0,30,2032290405,-0.017380717107457144,0.0,0.5594269668869739
0,30.0,20.0,10.0,31,2032290405,0.1826192828925457,0.49999999999999434,0.5594269668869739
0,30.0,20.0,10.0,32,2032290405,-0.017380717107457144,0.0,0.5594269668869739
0,30.0,20.0,10.0,33,2032290405,0.6826192828925386,0.49999999999999434,0.5594269668869739
0,30.0,20.0,10.0,34,2032290405,0.5826192828925372,0.0,0.05942696688697322
0,30.0,20.0,10.0,35,2032290405,0.8826192828925414,0.0,0.05942696688697322
0,30.0,20.0,10.0,36,2032290405,0.78261928289254,0.0,1.0594269668869747
0,30.0,20.0,10.0,37,2032290405,0.5826192828925372,-0.49999999999999434,0.5594269668869739
0,30.0,20.0,10.0,38,2032290405,0.38261928289254143,0.49999999999999434,1.0594269668869747
0,30.0,20.0,10.0,39,2032290405,0.08261928289254428,0.0,1.0594269668869747
0,30.0,20.0,10.0,40,2032290405,0.1826192828925457,0.0,0.5594269668869739
0,30.0,20.0,10.0,41,2032290405,0.1826192828925457,0.0,0.5594269668869739
0,30.0,20.0,10.0,42,2032290405,0.1826192828925457,-0.49999999999999434,0.5594269668869739
0,30.0,20.0,10.0,43,2032290405,0.28261928289254,0.0,0.5594269668869739
0,30.0,20.0,10.0,44,2032290405,0.5826192828925372,0.0,0.5594269668869739
0,30.0,20.0,10.0,45,2032290405,0.28261928289254,0.0,1.0594269668869747
0,30.0,20.0,10.0,46,2032290405,0.6826192828925386,-0.49999999999999434,0.05942696688697322
0,30.0,20.0,10.0,47,2032290405,0.8826192828925414,-0.49999999999999434,0.5594269668869739
0,30.0,20.0,10.0,48,2032290405,0.6826192828925386,0.0,0.5594269668869739
0,30.0,20.0,10.0,49,2032290405,0.08261928289254428,0.0,0.5594269668869739
0,30.0,20.0,10.0,50,2032290405,0.28261928289254,0.49999999999999434,0.5594269668869739
0,30.0,20.0,10.0,51,2032290405,0.28261928289254,0.0,0.5594269668869739
0,30.0,20.0,10.0,52,2032290405,0.1826192828925457,0.0,0.5594269668869739
0,30.0,20.0,10.0,53,2032290405,0.08261928289254428,-0.49999999999999434,1.0594269668869747
0,30.0,20.0,10.0,54,2032290405,0.8826192828925414,0.0,0.5594269668869739
0,30.0,20.0,10.0,55,2032290405,0.6826192828925386,0.0,1.0594269668869747
0,30.0,20.0,10.0,56,2032290405,1.3826192828925343,0.49999999999999434,0.5594269668869739
0,30.0,20.0,10.0,57,2032290405,0.38261928289254143,0.49999999999999434,1.0594269668869747
0,30.0,20.0,10.0,58,2032290405,0.78261928289254,0.0,0.5594269668869739
0,30.0,20.0,10.0,59,2032290405,1.0826192828925372,0.0,0.05942696688697322
0,30.0,20.0,10.0,60,2032290405,1.0826192828925372,-0.49999999999999434,0.05942696688697322
0,30.0,20.0,10.0,61,2032290405,0.48261928289254286,0.0,1.0594269668869747
0,30.0,20.0,10.0,62,2032290405,-0.017380717107457144,0.49999999999999434,0.5594269668869739
0,30.0,20.0,10.0,63,2032290405,0.38261928289254143,0.0,1.0594269668869747
0,30.0,20.0,10.0,64,2032290405,-0.017380717107457144,-0.49999999999999434,0.5594269668869739
0,30.0,20.0,10.0,65,2032290405,-0.21738071710746,0.0,0.5594269668869739
0,30.0,20.0,10.0,66,2032290405,0.78261928289254,-0.49999999999999434,1.0594269668869747
0,30.0,20.0,10.0,67,2032290405,-0.21738071710746,0.0,0.5594269668869739
0,30.0,20.0,10.0,68,2032290405,0.1826192828925457,-0.49999999999999434,0.5594269668869739
0,30.0,20.0,10.0,69,2032290405,0.78261928289254,0.49999999999999434,0.5594269668869739
0,30.0,20.0,10.0,70,2032290405,1.0826192828925372,0.0,0.5594269668869739
0,30.0,20.0,10.0,71,2032290405,1.0826192828925372,-0.49999999999999434,0.5594269668869739
0,30.0,20.0,10.0,72,2032290405,0.6826192828925386,0.49999999999999434,1.0594269668869747
0,30.0,20.0,10.0,73,2032290405,0.78261928289254,0.0,0.5594269668869739
0,30.0,20.0,10.0,74,2032290405,0.38261928289254143,0.49999999999999434,0.5594269668869739
0,30.0,20.0,10.0,75,2032290405,-0.017380717107457144,0.0,1.0594269668869747
0,30.0,20.0,10.0,76,2032290405,-0.017380717107457144,0.0,1.0594269668869747
0,30.0,20.0,10.0,77,2032290405,0.28261928289254,0.0,0.5594269668869739
0,30.0,20.0,10.0,78,2032290405,-0.017380717107457144,0.49999999999999434,0.5594269668869739
0,30.0,20.0,10.0,79,2032290405,0.5826192828925372,0.0,0.05942696688697322
0,30.0,20.0,10.0,80,2032290405,-0.3173807171074543,-0.49999999999999434,0.5594269668869739
0,30.0,20.0,10.0,81,2032290405,-0.21738071710746,0.0,1.0594269668869747
0,30.0,20.0,10.0,82,2032290405,0.28261928289254,-0.49999999999999434,0.5594269668869739
0,30.0,20.0,10.0,83,2032290405,0.1826192828925457,0.0,0.5594269668869739
0,30.0,20.0,10.0,84,2032290405,0.5826192828925372,0.0,0.5594269668869739
0,30.0,20.0,10.0,85,2032290405,0.38261928289254143,0.0,1.0594269668869747
0,30.0,20.0,10.0,86,2032290405,1.1826192828925386,-0.49999999999999434,1.0594269668869747
0,30.0,20.0,10.0,87,2032290405,0.8826192828925414,0.0,0.5594269668869739
0,30.0,20.0,10.0,88,2032290405,0.38261928289254143,0.0,0.5594269668869739
0,30.0,20.0,10.0,89,2032290405,0.1826192828925457,0.0,0.5594269668869739
0,30.0,20.0,10.0,90,2032290405,0.9826192828925429,-0.49999999999999434,0.5594269668869739
0,30.0,20.0,10.0,91,2032290405,0.38261928289254143,-0.49999999999999434,0.5594269668869739
0,30.0,20.0,10.0,92,2032290405,0.1826192828925457,0.49999999999999434,0.5594269668869739
0,30.0,20.0,10.0,93,2032290405,0.28261928289254,0.0,0.5594269668869739
0,30.0,20.0,10.0,94,2032290405,0.08261928289254428,0.0,1.0594269668869747
0,30.0,20.0,10.0,95,2032290405,0.38261928289254143,-0.49999999999999434,1.0594269668869747
0,30.0,20.0,10.0,96,2032290405,0.28261928289254,-0.49999999999999434,0.05942696688697322
0,30.0,20.0,10.0,97,2032290405,0.6826192828925386,0.0,0.5594269668869739
0,30.0,20.0,10.0,98,2032290405,0.38261928289254143,-0.49999999999999434,0.5594269668869739
0,30.0,20.0,10.0,99,2032290405,0.9826192828925429,0.49999999999999434,0.5594269668869739
0,30.0,20.0,10.0,100,2032290405,0.38261928289254143,0.0,0.5594269668869739
0,30.0,20.0,10.0,101,2032290405,0.9826192828925429,-0.49999999999999434,0.5594269668869739
0,30.0,20.0,10.0,102,2032290405,-0.017380717107457144,0.0,1.0594269668869747
0,30.0,20.0,10.0,103,2032290405,0.28261928289254,0.0,1.0594269668869747
0,30.0,20.0,10.0,104,2032290405,0.78261928289254,0.0,0.5594269668869739
0,30.0,20.0,10.0,105,2032290405,0.9826192828925429,0.0,0.5594269668869739
0,30.0,20.0,10.0,106,2032290405,-0.3173807171074543,0.0,0.5594269668869739
0,30.0,20.0,10.0,107,2032290405,0.6826192828925386,0.0,1.0594269668869747
0,30.0,20.0,10.0,108,2032290405,0.08261928289254428,-0.49999999999999434,0.5594269668869739
0,30.0,20.0,10.0,109,2032290405,0.48261928289254286,0.49999999999999434,0.5594269668869739
0,30.0,20.0,10.0,110,2032290405,0.28261928289254,0.0,0.5594269668869739
0,30.0,20.0,10.0,111,2032290405,-0.3173807171074543,-0.49999999999999434,1.0594269668869747
0,30.0,20.0,10.0,112,2032290405,0.5826192828925372,0.0,0.5594269668869739
0,30.0,20.0,10.0,113,2032290405,0.1826192828925457,0.0,0.5594269668869739
0,30.0,20.0,10.0,114,2032290405,0.5826192828925372,0.0,0.5594269668869739
0,30.0,20.0,10.0,115,2032290405,0.48261928289254286,0.0,0.5594269668869739
0,30.0,20.0,10.0,116,2032290405,0.38261928289254143,-0.49999999999999434,0.5594269668869739
0,30.0,20.0,10.0,117,2032290405,0.9826192828925429,0.0,0.5594269668869739
0,30.0,20.0,10.0,118,2032290405,0.48261928289254286,0.0,0.5594269668869739
0,30.0,20.0,10.0,119,2032290405,0.38261928289254143,-0.49999999999999434,0.5594269668869739
0,30.0,20.0,10.0,120,2032290405,0.38261928289254143,0.0,0.5594269668869739
0,30.0,20.0,10.0,121,2032290405,0.38261928289254143,-0.49999999999999434,0.5594269668869739
0,30.0,20.0,10.0,122,2032290405,0.08261928289254428,0.0,0.5594269668869739
0,30.0,20.0,10.0,123,2032290405,0.6826192828925386,-0.49999999999999434,1.0594269668869747
0,30.0,20.0,10.0,124,2032290405,-0.8173807171074543,-0.49999999999999434,0.05942696688697322
0,30.0,20.0,10.0,125,2032290405,0.28261928289254,0.0,0.5594269668869739
0,30.0,20.0,10.0,126,2032290405,-0.017380717107457144,0.49999999999999434,0.5594269668869739
0,30.0,20.0,10.0,127,2032290405,0.8826192828925414,0.49999999999999434,0.5594269668869739
0,30.0,20.0,10.0,128,2032290405,-0.017380717107457144,0.0,1.0594269668869747
0,30.0,20.0,10.0,129,2032290405,0.6826192828925386,0.49999999999999434,0.5594269668869739
0,30.0,20.0,10.0,130,2032290405,0.6826192828925386,0.0,0.05942696688697322
0,30.0,20.0,10.0,131,2032290405,0.28261928289254,0.0,1.0594269668869747
0,30.0,20.0,10.0,132,2032290405,-0.4173807171074557,-0.49999999999999434,1.5594269668869754
0,30.0,20.0,10.0,133,2032290405,0.6826192828925386,-0.49999999999999434,0.5594269668869739
0,30.0,20.0,10.0,134,2032290405,-0.11738071710745857,0.0,1.0594269668869747
0,30.0,20.0,10.0,135,2032290405,-0.5173807171074571,0.49999999999999434,0.5594269668869739
0,30.0,20.0,10.0,136,2032290405,0.48261928289254286,0.0,1.0594269668869747
0,30.0,20.0,10.0,137,2032290405,0.28261928289254,0.0,0.5594269668869739
0,30.0,20.0,10.0,138,2032290405,-0.3173807171074543,0.0,0.05942696688697322
0,30.0,20.0,10.0,139,2032290405,0.38261928289254143,0.0,1.0594269668869747
0,30.0,20.0,10.0,140,2032290405,0.1826192828925457,0.0,0.05942696688697322
0,30.0,20.0,10.0,141,2032290405,0.28261928289254,0.0,0.5594269668869739
0,30.0,20.0,10.0,142,2032290405,-0.11738071710745857,0.0,0.5594269668869739
0,30.0,20.0,10.0,143,2032290405,0.28261928289254,0.49999999999999434,0.05942696688697322
0,30.0,20.0,10.0,144,2032290405,0.78261928289254,-0.49999999999999434,1.0594269668869747
0,30.0,20.0,10.0,145,2032290405,-0.017380717107457144,0.0,0.05942696688697322
0,30.0,20.0,10.0,146,2032290405,0.6826192828925386,0.49999999999999434,0.5594269668869739
0,30.0,20.0,10.0,147,2032290405,0.78261928289254,-0.49999999999999434,0.05942696688697322
0,30.0,20.0,10.0,148,2032290405,-0.017380717107457144,0.0,1.0594269668869747
0,30.0,20.0,10.0,149,2032290405,0.38261928289254143,0.0,0.5594269668869739
0,30.0,20.0,10.0,150,2032290405,0.6826192828925386,0.0,1.5594269668869754
0,30.0,20.0,10.0,151,2032290405,0.6826192828925386,0.0,0.5594269668869739
0,30.0,20.0,10.0,152,2032290405,0.1826192828925457,0.0,0.5594269668869739
0,30.0,20.0,10.0,153,2032290405,0.78261928289254,-0.49999999999999434,0.5594269668869739
0,30.0,20.0,10.0,154,2032290405,-0.21738071710746,-0.49999999999999434,0.5594269668869739
0,30.0,20.0,10.0,155,2032290405,0.8826192828925414,0.49999999999999434,0.5594269668869739
0,30.0,20.0,10.0,156,2032290405,0.5826192828925372,0.49999999999999434,1.0594269668869747
0,30.0,20.0,10.0,157,2032290405,0.6826192828925386,-0.49999999999999434,0.5594269668869739
0,30.0,20.0,10.0,158,2032290405,0.28261928289254,0.49999999999999434,1.0594269668869747
0,30.0,20.0,10.0,159,2032290405,0.1826192828925457,0.0,0.5594269668869739
0,30.0,20.0,10.0,160,2032290405,0.1826192828925457,0.0,1.0594269668869747
0,30.0,20.0,10.0,161,2032290405,0.28261928289254,0.49999999999999434,0.5594269668869739
0,30.0,20.0,10.0,162,2032290405,0.1826192828925457,0.0,0.5594269668869739
0,30.0,20.0,10.0,163,2032290405,0.78261928289254,0.49999999999999434,1.0594269668869747
0,30.0,20.0,10.0,164,2032290405,0.1826192828925457,-0.49999999999999434,0.5594269668869739
0,30.0,20.0,10.0,165,2032290405,0.5826192828925372,0.0,1.0594269668869747
0,30.0,20.0,10.0,166,2032290405,0.9826192828925429,0.0,1.0594269668869747
0,30.0,20.0,10.0,167,2032290405,0.1826192828925457,-0.49999999999999434,0.5594269668869739
0,30.0,20.0,10.0,168,2032290405,0.1826192828925457,0.0,1.0594269668869747
0,30.0,20.0,10.0,169,2032290405,0.08261928289254428,0.49999999999999434,1.0594269668869747
0,30.0,20.0,10.0,170,2032290405,-0.017380717107457144,0.0,0.5594269668869739
0,30.0,20.0,10.0,171,2032290405,0.8826192828925414,0.0,0.5594269668869739
0,30.0,20.0,10.0,172,2032290405,0.08261928289254428,0.49999999999999434,0.5594269668869739
0,30.0,20.0,10.0,173,2032290405,0.78261928289254,0.49999999999999434,0.5594269668869739
0,30.0,20.0,10.0,174,2032290405,0.8826192828925414,0.0,0.5594269668869739
0,30.0,20.0,10.0,175,2032290405,0.5826192828925372,-0.49999999999999434,0.5594269668869739
0,30.0,20.0,10.0,176,2032290405,-0.017380717107457144,0.0,0.5594269668869739
0,30.0,20.0,10.0,177,2032290405,-0.11738071710745857,0.0,0.5594269668869739
0,30.0,20.0,10.0,178,2032290405,0.6826192828925386,0.0,1.0594269668869747
0,30.0,20.0,10.0,179,2032290405,0.1826192828925457,0.0,1.5594269668869754
0,30.0,20.0,10.0,180,2032290405,0.28261928289254,0.0,0.05942696688697322
0,30.0,20.0,10.0,181,2032290405,0.6826192828925386,0.49999999999999434,0.5594269668869739
0,30.0,20.0,10.0,182,2032290405,1.6826192828925386,-0.49999999999999434,0.5594269668869739
0,30.0,20.0,10.0,183,2032290405,-0.017380717107457144,0.0,1.0594269668869747
0,30.0,20.0,10.0,184,2032290405,0.1826192828925457,-0.49999999999999434,1.0594269668869747
0,30.0,20.0,10.0,185,2032290405,0.1826192828925457,-0.49999999999999434,1.0594269668869747
0,30.0,20.0,10.0,186,2032290405,0.6826192828925386,0.0,1.5594269668869754
0,30.0,20.0,10.0,187,2032290405,0.38261928289254143,0.49999999999999434,1.0594269668869747
0,30.0,20.0,10.0,188,2032290405,-0.11738071710745857,0.0,1.0594269668869747
0,30.0,20.0,10.0,189,2032290405,0.38261928289254143,-0.49999999999999434,0.5594269668869739
0,30.0,20.0,10.0,190,2032290405,-0.11738071710745857,-0.49999999999999434,0.5594269668869739
0,30.0,20.0,10.0,191,2032290405,1.4826192828925358,0.49999999999999434,0.5594269668869739
0,30.0,20.0,10.0,192,2032290405,-0.21738071710746,0.49999999999999434,0.05942696688697322
0,30.0,20.0,10.0,193,2032290405,-0.017380717107457144,-0.49999999999999434,0.5594269668869739
0,30.0,20.0,10.0,194,2032290405,0.48261928289254286,0.49999999999999434,1.0594269668869747
0,30.0,20.0,10.0,195,2032290405,-0.11738071710745857,0.49999999999999434,0.5594269668869739
0,30.0,20.0,10.0,196,2032290405,-0.7173807171074529,0.0,1.0594269668869747
0,30.0,20.0,10.0,197,2032290405,0.08261928289254428,-0.49999999999999434,0.5594269668869739
0,30.0,20.0,10.0,198,2032290405,-0.3173807171074543,0.0,1.0594269668869747
0,30.0,20.0,10.0,199,2032290405,-0.017380717107457144,0.49999999999999434,0.5594269668869739
1,105.0,60.0,-15.0,0,2032290500,8.166183710457105,-22.000000000000007,-1.8986954344003
1,105.0,60.0,-15.0,1,2032290500,15.966183710457088,90.0,-98.8986954344003
1,105.0,60.0,-15.0,2,2032290500,36.266183710457014,90.0,-25.398695434400306
1,105.0,60.0,-15.0,3,2032290500,42.56618371045697,-52.49999999999999,-53.8986954344003
1,105.0,60.0,-15.0,4,2032290500,2.7661837104571276,-3.500000000000011,-1.3986954344003055
1,105.0,60.0,-15.0,5,2032290500,118.96618371045672,-36.0,-38.39869543440031
1,105.0,60.0,-15.0,6,2032290500,2.666183710457119,-2.4999999999999973,-6.398695434400306
1,105.0,60.0,-15.0,7,2032290500,121.1661837104567,71.50000000000003,-81.89869543440031
1,105.0,60.0,-15.0,8,2032290500,116.06618371045671,0.49999999999999434,-66.89869543440031
1,105.0,60.0,-15.0,9,2032290500,-84.13381628954258,90.0,-113.39869543440031
1,105.0,60.0,-15.0,10,2032290500,110.36618371045672,49.49999999999997,-134.8986954344003
1,105.0,60.0,-15.0,11,2032290500,29.066183710457025,22.999999999999993,7.601304565599694
1,105.0,60.0,-15.0,12,2032290500,1.366183710457122,-0.9999999999999887,1.1013045655996916
1,105.0,60.0,-15.0,13,2032290500,-5.3338162895428525,-2.0000000000000027,4.6013045655996905
1,105.0,60.0,-15.0,14,2032290500,2.366183710457122,-2.9999999999999916,4.101304565599696
1,105.0,60.0,-15.0,15,2032290500,-66.63381628954264,41.500000000000014,-35.3986954344003
1,105.0,60.0,-15.0,16,2032290500,130.36618371045665,11.000000000000004,-105.3986954344003
1,105.0,60.0,-15.0,17,2032290500,-19.0338162895428,-90.0,-104.39869543440031
1,105.0,60.0,-15.0,18,2032290500,-58.93381628954266,8.500000000000005,-43.3986954344003
1,105.0,60.0,-15.0,19,2032290500,99.86618371045678,-74.5,-107.89869543440031
1,105.0,60.0,-15.0,20,2032290500,-28.333816289542767,-20.499999999999996,-31.398695434400302
1,105.0,60.0,-15.0,21,2032290500,6.766183710457099,0.9999999999999887,-9.898695434400304
1,105.0,60.0,-15.0,22,2032290500,90.0661837104568,68.0,-73.8986954344003
1,105.0,60.0,-15.0,23,2032290500,-54.533816289542685,-33.5,-93.39869543440031
1,105.0,60.0,-15.0,24,2032290500,100.36618371045678,-63.999999999999986,11.6013045655997
1,105.0,60.0,-15.0,25,2032290500,-42.03381628954271,37.50000000000001,-87.89869543440031
1,105.0,60.0,-15.0,26,2032290500,-6.63381628954285,-11.000000000000004,-14.398695434400304
1,105.0,60.0,-15.0,27,2032290500,20.066183710457054,90.0,-81.89869543440031
1,105.0,60.0,-15.0,28,2032290500,50.36618371045695,90.0,-107.89869543440031
1,105.0,60.0,-15.0,29,2032290500,67.3661837104569,-90.0,-101.89869543440031
1,105.0,60.0,-15.0,30,2032290500,-32.83381628954275,46.50000000000001,-33.39869543440031
1,105.0,60.0,-15.0,31,2032290500,-109.63381628954248,38.0,-102.39869543440031
1,105.0,60.0,-15.0,32,2032290500,25.96618371045703,-33.00000000000001,-79.3986954344003
1,105.0,60.0,-15.0,33,2032290500,-53.933816289542676,-90.0,-92.89869543440031
1,105.0,60.0,-15.0,34,2032290500,130.36618371045665,48.000000000000014,-18.898695434400306
1,105.0,60.0,-15.0,35,2032290500,-10.033816289542827,-8.00000000000001,-13.898695434400304
1,105.0,60.0,-15.0,36,2032290500,111.86618371045672,-16.499999999999993,-22.898695434400302
1,105.0,60.0,-15.0,37,2032290500,-109.63381628954248,-90.0,-36.8986954344003
1,105.0,60.0,-15.0,38,2032290500,114.86618371045672,-90.0,-32.8986954344003
1,105.0,60.0,-15.0,39,2032290500,82.66618371045685,90.0,-12.898695434400302
1,105.0,60.0,-15.0,40,2032290500,13.366183710457065,-5.4999999999999885,5.101304565599698
1,105.0,60.0,-15.0,41,2032290500,-109.03381628954249,90.0,12.101304565599694
1,105.0,60.0,-15.0,42,2032290500,1.9661837104571163,0.9999999999999887,2.101304565599693
1,105.0,60.0,-15.0,43,2032290500,-0.23381628954287237,-5.4999999999999885,8.101304565599701
1,105.0,60.0,-15.0,44,2032290500,83.66618371045682,90.0,-122.39869543440031
1,105.0,60.0,-15.0,45,2032290500,-94.73381628954253,-5.4999999999999885,-87.89869543440031
1,105.0,60.0,-15.0,46,2032290500,-5.733816289542844,4.000000000000005,-5.398695434400305
1,105.0,60.0,-15.0,47,2032290500,-2.433816289542861,-8.500000000000005,-7.3986954344003015
1,105.0,60.0,-15.0,48,2032290500,121.46618371045669,52.00000000000002,-60.3986954344003
1,105.0,60.0,-15.0,49,2032290500,1.7661837104571276,-9.0,-134.8986954344003
1,105.0,60.0,-15.0,50,2032290500,11.06618371045711,1.5000000000000084,-20.398695434400306
1,105.0,60.0,-15.0,51,2032290500,-3.0338162895428553,-0.49999999999999434,-6.898695434400307
1,105.0,60.0,-15.0,52,2032290500,-7.433816289542847,6.999999999999997,-1.8986954344003
1,105.0,60.0,-15.0,53,2032290500,30.46618371045703,-31.000000000000007,-69.3986954344003
1,105.0,60.0,-15.0,54,2032290500,2.7661837104571276,4.5,4.6013045655996905
1,105.0,60.0,-15.0,55,2032290500,4.066183710457111,-7.499999999999991,-0.39869543440030414
1,105.0,60.0,-15.0,56,2032290500,-55.53381628954267,-42.00000000000001,-36.8986954344003
1,105.0,60.0,-15.0,57,2032290500,56.166183710456934,24.500000000000004,-112.39869543440031
1,105.0,60.0,-15.0,58,2032290500,113.16618371045674,18.0,-63.89869543440031
1,105.0,60.0,-15.0,59,2032290500,130.36618371045665,-90.0,-10.398695434400306
1,105.0,60.0,-15.0,60,2032290500,6.166183710457105,-6.500000000000003,-1.8986954344003
1,105.0,60.0,-15.0,61,2032290500,-20.7338162895428,-27.99999999999999,-15.898695434400308
1,105.0,60.0,-15.0,62,2032290500,-15.933816289542818,9.499999999999995,-48.39869543440031
1,105.0,60.0,-15.0,63,2032290500,93.26618371045679,-38.5,-69.3986954344003
1,105.0,60.0,-15.0,64,2032290500,122.8661837104567,63.999999999999986,-87.89869543440031
1,105.0,60.0,-15.0,65,2032290500,-76.5338162895426,2.9999999999999916,-78.89869543440031
1,105.0,60.0,-15.0,66,2032290500,-109.63381628954248,-42.5,-68.89869543440031
1,105.0,60.0,-15.0,67,2032290500,-24.533816289542784,-35.50000000000001,-28.898695434400306
1,105.0,60.0,-15.0,68,2032290500,-95.03381628954253,69.5,-42.89869543440031
1,105.0,60.0,-15.0,69,2032290500,23.266183710457042,38.99999999999999,-24.398695434400306
1,105.0,60.0,-15.0,70,2032290500,-41.03381628954273,20.000000000000004,-55.3986954344003
1,105.0,60.0,-15.0,71,2032290500,-99.13381628954252,13.000000000000005,-101.89869543440031
1,105.0,60.0,-15.0,72,2032290500,-64.83381628954264,20.499999999999996,-15.398695434400306
1,105.0,60.0,-15.0,73,2032290500,-44.43381628954272,20.000000000000004,-75.8986954344003
1,105.0,60.0,-15.0,74,2032290500,12.566183710457082,-8.500000000000005,-3.898695434400303
1,105.0,60.0,-15.0,75,2032290500,-8.133816289542835,-5.4999999999999885,0.6013045655996972
1,105.0,60.0,-15.0,76,2032290500,51.86618371045695,16.499999999999993,-12.898695434400302
1,105.0,60.0,-15.0,77,2032290500,122.8661837104567,90.0,-35.8986954344003
1,105.0,60.0,-15.0,78,2032290500,3.666183710457119,-6.500000000000003,-1.8986954344003
1,105.0,60.0,-15.0,79,2032290500,103.46618371045678,33.5,-75.8986954344003
1,105.0,60.0,-15.0,80,2032290500,79.76618371045684,14.500000000000014,-81.39869543440031
1,105.0,60.0,-15.0,81,2032290500,16.066183710457054,-20.000000000000004,-130.8986954344003
1,105.0,60.0,-15.0,82,2032290500,-1.2338162895428724,2.9999999999999916,-134.8986954344003
1,105.0,60.0,-15.0,83,2032290500,59.76618371045693,38.99999999999999,-106.39869543440031
1,105.0,60.0,-15.0,84,2032290500,-109.63381628954248,-90.0,-20.898695434400306
1,105.0,60.0,-15.0,85,2032290500,-99.13381628954252,-40.00000000000001,-62.89869543440031
1,105.0,60.0,-15.0,86,2032290500,-99.63381628954252,-6.999999999999997,-93.8986954344003
1,105.0,60.0,-15.0,87,2032290500,-0.23381628954287237,-3.500000000000011,8.101304565599701
1,105.0,60.0,-15.0,88,2032290500,34.066183710457,90.0,-114.3986954344003
1,105.0,60.0,-15.0,89,2032290500,-54.033816289542685,36.999999999999986,-51.39869543440031
1,105.0,60.0,-15.0,90,2032290500,-109.63381628954248,-62.000000000000014,-73.39869543440031
1,105.0,60.0,-15.0,91,2032290500,102.36618371045678,11.499999999999996,-103.3986954344003
1,105.0,60.0,-15.0,92,2032290500,6.366183710457108,-17.00000000000001,5.101304565599698
1,105.0,60.0,-15.0,93,2032290500,4.566183710457111,5.4999999999999885,-0.8986954344002985
1,105.0,60.0,-15.0,94,2032290500,-109.63381628954248,-90.0,-90.89869543440031
1,105.0,60.0,-15.0,95,2032290500,70.96618371045689,-42.00000000000001,-23.398695434400306
1,105.0,60.0,-15.0,96,2032290500,-55.73381628954267,31.999999999999993,15.1013045655997
1,105.0,60.0,-15.0,97,2032290500,66.56618371045688,-37.50000000000001,-77.39869543440031
1,105.0,60.0,-15.0,98,2032290500,1.7661837104571276,-8.500000000000005,-8.398695434400302
1,105.0,60.0,-15.0,99,2032290500,-5.533816289542855,1.5000000000000084,-2.8986954344003015
1,105.0,60.0,-15.0,100,2032290500,112.16618371045674,90.0,-113.39869543440031
1,105.0,60.0,-15.0,101,2032290500,-71.33381628954263,-90.0,-32.3986954344003
1,105.0,60.0,-15.0,102,2032290500,0.7661837104571276,-6.500000000000003,3.6013045655997016
1,105.0,60.0,-15.0,103,2032290500,-37.93381628954273,16.499999999999993,-21.398695434400302
1,105.0,60.0,-15.0,104,2032290500,-1.2338162895428724,6.500000000000003,-5.898695434400306
1,105.0,60.0,-15.0,105,2032290500,73.76618371045687,33.5,-36.8986954344003
1,105.0,60.0,-15.0,106,2032290500,-7.733816289542844,11.000000000000004,3.1013045655996945
1,105.0,60.0,-15.0,107,2032290500,0.9661837104571305,0.49999999999999434,1.6013045655996987
1,105.0,60.0,-15.0,108,2032290500,50.86618371045695,-49.5,-93.8986954344003
1,105.0,60.0,-15.0,109,2032290500,110.26618371045673,-79.5,-37.3986954344003
1,105.0,60.0,-15.0,110,2032290500,67.7661837104569,8.00000000000001,-73.39869543440031
1,105.0,60.0,-15.0,111,2032290500,40.566183710457,52.00000000000002,-61.3986954344003
1,105.0,60.0,-15.0,112,2032290500,-44.33381628954271,-27.0,-10.398695434400306
1,105.0,60.0,-15.0,113,2032290500,-10.533816289542827,-36.999999999999986,-134.8986954344003
1,105.0,60.0,-15.0,114,2032290500,2.666183710457119,0.9999999999999887,11.101304565599692
1,105.0,60.0,-15.0,115,2032290500,28.366183710457037,22.5,-76.89869543440031
1,105.0,60.0,-15.0,116,2032290500,-104.0338162895425,90.0,-114.3986954344003
1,105.0,60.0,-15.0,117,2032290500,-2.633816289542864,-1.5000000000000084,5.601304565599691
1,105.0,60.0,-15.0,118,2032290500,130.36618371045665,22.000000000000007,-54.8986954344003
1,105.0,60.0,-15.0,119,2032290500,23.866183710457037,-68.5,-44.89869543440031
1,105.0,60.0,-15.0,120,2032290500,-49.13381628954269,-17.500000000000007,-116.89869543440032
1,105.0,60.0,-15.0,121,2032290500,11.966183710457088,-90.0,-16.398695434400306
1,105.0,60.0,-15.0,122,2032290500,-54.533816289542685,-32.500000000000014,-10.398695434400306
1,105.0,60.0,-15.0,123,2032290500,-21.333816289542796,-1.5000000000000084,-22.898695434400302
1,105.0,60.0,-15.0,124,2032290500,64.6661837104569,-9.499999999999995,-112.39869543440031
1,105.0,60.0,-15.0,125,2032290500,62.06618371045691,-7.499999999999991,-104.89869543440031
1,105.0,60.0,-15.0,126,2032290500,115.06618371045671,-4.5,-76.39869543440031
1,105.0,60.0,-15.0,127,2032290500,130.36618371045665,-43.0,-65.8986954344003
1,105.0,60.0,-15.0,128,2032290500,-53.73381628954267,38.99999999999999,-68.39869543440031
1,105.0,60.0,-15.0,129,2032290500,87.76618371045681,-90.0,-117.3986954344003
1,105.0,60.0,-15.0,130,2032290500,19.166183710457076,-24.500000000000004,-95.39869543440031
1,105.0,60.0,-15.0,131,2032290500,76.36618371045687,68.99999999999999,-52.39869543440031
1,105.0,60.0,-15.0,132,2032290500,8.966183710457088,6.000000000000009,-4.898695434400304
1,105.0,60.0,-15.0,133,2032290500,47.06618371045697,-49.00000000000001,-107.3986954344003
1,105.0,60.0,-15.0,134,2032290500,7.966183710457102,-15.000000000000009,12.101304565599694
1,105.0,60.0,-15.0,135,2032290500,113.06618371045674,-20.999999999999993,8.601304565599696
1,105.0,60.0,-15.0,136,2032290500,39.766183710456986,-65.5,-112.89869543440031
1,105.0,60.0,-15.0,137,2032290500,66.06618371045688,52.49999999999999,-55.3986954344003
1,105.0,60.0,-15.0,138,2032290500,-81.73381628954257,45.999999999999986,-29.898695434400306
1,105.0,60.0,-15.0,139,2032290500,24.666183710457048,20.999999999999993,-47.8986954344003
1,105.0,60.0,-15.0,140,2032290500,-67.43381628954263,49.49999999999997,-112.39869543440031
1,105.0,60.0,-15.0,141,2032290500,-0.3338162895428667,-13.000000000000005,4.101304565599696
1,105.0,60.0,-15.0,142,2032290500,8.966183710457088,-30.499999999999986,14.101304565599698
1,105.0,60.0,-15.0,143,2032290500,6.166183710457105,-9.499999999999995,-3.398695434400302
1,105.0,60.0,-15.0,144,2032290500,10.366183710457094,-17.500000000000007,4.6013045655996905
1,105.0,60.0,-15.0,145,2032290500,-4.63381628954285,6.000000000000009,15.1013045655997
1,105.0,60.0,-15.0,146,2032290500,-23.733816289542787,-13.999999999999995,-15.898695434400308
1,105.0,60.0,-15.0,147,2032290500,95.16618371045679,24.999999999999996,-134.8986954344003
1,105.0,60.0,-15.0,148,2032290500,-97.83381628954253,26.500000000000007,-73.8986954344003
1,105.0,60.0,-15.0,149,2032290500,-5.3338162895428525,-11.499999999999996,15.1013045655997
1,105.0,60.0,-15.0,150,2032290500,5.866183710457108,-9.0,13.60130456559969
1,105.0,60.0,-15.0,151,2032290500,98.56618371045677,-21.50000000000001,-71.89869543440031
1,105.0,60.0,-15.0,152,2032290500,-49.13381628954269,20.499999999999996,-89.3986954344003
1,105.0,60.0,-15.0,153,2032290500,60.26618371045693,39.499999999999986,-23.398695434400306
1,105.0,60.0,-15.0,154,2032290500,-4.733816289542858,0.49999999999999434,7.1013045655997
1,105.0,60.0,-15.0,155,2032290500,112.56618371045674,-31.000000000000007,-106.39869543440031
1,105.0,60.0,-15.0,156,2032290500,-23.633816289542793,48.000000000000014,-42.39869543440031
1,105.0,60.0,-15.0,157,2032290500,-33.33381628954275,72.50000000000001,-91.39869543440031
1,105.0,60.0,-15.0,158,2032290500,-72.03381628954261,36.0,-79.3986954344003
1,105.0,60.0,-15.0,159,2032290500,-77.53381628954259,28.500000000000007,-106.89869543440031
1,105.0,60.0,-15.0,160,2032290500,-76.2338162895426,78.99999999999997,-77.89869543440031
1,105.0,60.0,-15.0,161,2032290500,-109.63381628954248,34.49999999999999,-61.89869543440031
1,105.0,60.0,-15.0,162,2032290500,58.76618371045693,-21.50000000000001,-63.3986954344003
1,105.0,60.0,-15.0,163,2032290500,113.36618371045672,90.0,-97.89869543440031
1,105.0,60.0,-15.0,164,2032290500,121.56618371045671,13.999999999999995,-31.398695434400302
1,105.0,60.0,-15.0,165,2032290500,-99.43381628954252,90.0,-98.8986954344003
1,105.0,60.0,-15.0,166,2032290500,49.76618371045696,56.5,-18.398695434400302
1,105.0,60.0,-15.0,167,2032290500,32.266183710457014,11.000000000000004,-134.8986954344003
1,105.0,60.0,-15.0,168,2032290500,66.7661837104569,-90.0,-16.898695434400302
1,105.0,60.0,-15.0,169,2032290500,-4.13381628954285,0.49999999999999434,-5.898695434400306
1,105.0,60.0,-15.0,170,2032290500,-78.93381628954259,15.000000000000009,-26.398695434400302
1,105.0,60.0,-15.0,171,2032290500,6.066183710457111,-2.9999999999999916,-5.898695434400306
1,105.0,60.0,-15.0,172,2032290500,-100.4338162895425,-42.00000000000001,-121.3986954344003
1,105.0,60.0,-15.0,173,2032290500,9.166183710457105,-11.999999999999991,10.6013045655997
1,105.0,60.0,-15.0,174,2032290500,-75.63381628954261,90.0,-129.3986954344003
1,105.0,60.0,-15.0,175,2032290500,-1.433816289542861,-9.0,-7.898695434400302
1,105.0,60.0,-15.0,176,2032290500,1.4661837104571305,-6.999999999999997,6.601304565599693
1,105.0,60.0,-15.0,177,2032290500,-33.43381628954275,-2.9999999999999916,-103.89869543440031
1,105.0,60.0,-15.0,178,2032290500,-26.733816289542773,14.500000000000014,-23.898695434400306
1,105.0,60.0,-15.0,179,2032290500,75.86618371045687,-37.50000000000001,-29.398695434400306
1,105.0,60.0,-15.0,180,2032290500,130.36618371045665,18.499999999999993,-31.898695434400302
1,105.0,60.0,-15.0,181,2032290500,4.066183710457111,-8.500000000000005,5.601304565599691
1,105.0,60.0,-15.0,182,2032290500,9.666183710457076,-8.500000000000005,8.101304565599701
1,105.0,60.0,-15.0,183,2032290500,-9.433816289542833,-3.500000000000011,15.1013045655997
1,105.0,60.0,-15.0,184,2032290500,107.56618371045674,-20.000000000000004,-92.39869543440031
1,105.0,60.0,-15.0,185,2032290500,-47.93381628954269,18.0,-76.89869543440031
1,105.0,60.0,-15.0,186,2032290500,-49.13381628954269,-90.0,-109.8986954344003
1,105.0,60.0,-15.0,187,2032290500,5.666183710457105,1.5000000000000084,1.6013045655996987
1,105.0,60.0,-15.0,188,2032290500,95.86618371045678,-63.50000000000002,-55.3986954344003
1,105.0,60.0,-15.0,189,2032290500,13.866183710457065,-9.99999999999999,-9.398695434400304
1,105.0,60.0,-15.0,190,2032290500,113.86618371045672,-26.00000000000001,-60.3986954344003
1,105.0,60.0,-15.0,191,2032290500,-74.9338162895426,44.000000000000014,-90.39869543440031
1,105.0,60.0,-15.0,192,2032290500,-62.53381628954265,-40.00000000000001,-31.398695434400302
1,105.0,60.0,-15.0,193,2032290500,-41.23381628954273,-0.9999999999999887,-32.3986954344003
1,105.0,60.0,-15.0,194,2032290500,48.966183710456946,90.0,-120.8986954344003
1,105.0,60.0,-15.0,195,2032290500,-23.533816289542784,-54.0,-74.39869543440031
1,105.0,60.0,-15.0,196,2032290500,-15.233816289542816,90.0,-16.398695434400306
1,105.0,60.0,-15.0,197,2032290500,33.466183710457,12.50000000000001,-53.3986954344003
1,105.0,60.0,-15.0,198,2032290500,100.26618371045679,-40.00000000000001,-26.898695434400302
1,105.0,60.0,-15.0,199,2032290500,-22.233816289542787,22.5,-39.39869543440031
1,105.0,60.0,-10.0,0,2032290501,-5.033816289542855,-0.49999999999999434,-2.398695434400307
1,105.0,60.0,-10.0,1,2032290501,-1.1338162895428638,-4.5,2.101304565599693
1,105.0,60.0,-10.0,2,2032290501,-10.433816289542833,6.999999999999997,12.101304565599694
1,105.0,60.0,-10.0,3,2032290501,-6.833816289542838,0.49999999999999434,-7.3986954344003015
1,105.0,60.0,-10.0,4,2032290501,14.76618371045707,60.99999999999997,-9.898695434400304
1,105.0,60.0,-10.0,5,2032290501,-79.93381628954259,50.500000000000014,-44.89869543440031
1,105.0,60.0,-10.0,6,2032290501,99.56618371045677,31.5,-64.39869543440031
1,105.0,60.0,-10.0,7,2032290501,-5.8338162895428525,2.0000000000000027,-4.398695434400303
1,105.0,60.0,-10.0,8,2032290501,-1.3338162895428667,2.0000000000000027,0.1013045655996902
1,105.0,60.0,-10.0,9,2032290501,1.7661837104571276,-2.0000000000000027,0.1013045655996902
1,105.0,60.0,-10.0,10,2032290501,2.166183710457119,-4.999999999999995,-1.8986954344003
1,105.0,60.0,-10.0,11,2032290501,-3.133816289542864,-4.000000000000005,-2.8986954344003015
1,105.0,60.0,-10.0,12,2032290501,-4.533816289542855,9.0,-0.39869543440030414
1,105.0,60.0,-10.0,13,2032290501,111.36618371045672,-38.99999999999999,-54.3986954344003
1,105.0,60.0,-10.0,14,2032290501,0.7661837104571276,0.0,-1.3986954344003055
1,105.0,60.0,-10.0,15,2032290501,-0.6338162895428638,-1.5000000000000084,-4.898695434400304
1,105.0,60.0,-10.0,16,2032290501,-83.23381628954257,58.99999999999999,-111.39869543440031
1,105.0,60.0,-10.0,17,2032290501,72.06618371045688,27.499999999999993,-44.89869543440031
1,105.0,60.0,-10.0,18,2032290501,4.066183710457111,-4.000000000000005,0.6013045655996972
1,105.0,60.0,-10.0,19,2032290501,6.066183710457111,-4.5,0.6013045655996972
1,105.0,60.0,-10.0,20,2032290501,-1.6338162895428638,0.0,8.601304565599696
1,105.0,60.0,-10.0,21,2032290501,2.4661837104571163,2.0000000000000027,-2.398695434400307
1,105.0,60.0,-10.0,22,2032290501,16.166183710457076,-15.000000000000009,-5.398695434400305
1,105.0,60.0,-10.0,23,2032290501,1.7661837104571276,-2.9999999999999916,-0.39869543440030414
1,105.0,60.0,-10.0,24,2032290501,-75.63381628954261,90.0,-32.8986954344003
1,105.0,60.0,-10.0,25,2032290501,-24.033816289542784,15.999999999999996,-73.8986954344003
1,105.0,60.0,-10.0,26,2032290501,-4.63381628954285,2.9999999999999916,4.6013045655996905
1,105.0,60.0,-10.0,27,2032290501,7.766183710457099,-5.4999999999999885,-4.898695434400304
1,105.0,60.0,-10.0,28,2032290501,-46.53381628954271,-15.000000000000009,-9.398695434400304
1,105.0,60.0,-10.0,29,2032290501,-0.5338162895428695,3.500000000000011,1.1013045655996916
1,105.0,60.0,-10.0,30,2032290501,10.166183710457076,-10.500000000000009,1.1013045655996916
1,105.0,60.0,-10.0,31,2032290501,-33.033816289542756,53.000000000000014,-79.3986954344003
1,105.0,60.0,-10.0,32,2032290501,111.56618371045674,46.50000000000001,-20.898695434400306
1,105.0,60.0,-10.0,33,2032290501,-13.733816289542816,1.5000000000000084,-4.398695434400303
1,105.0,60.0,-10.0,34,2032290501,130.36618371045665,-18.99999999999999,-21.898695434400302
1,105.0,60.0,-10.0,35,2032290501,22.366183710457065,28.500000000000007,-11.398695434400308
1,105.0,60.0,-10.0,36,2032290501,-82.93381628954258,-22.5,-82.39869543440031
1,105.0,60.0,-10.0,37,2032290501,41.266183710456986,-25.499999999999993,-25.898695434400302
1,105.0,60.0,-10.0,38,2032290501,0.5661837104571248,-4.000000000000005,4.6013045655996905
1,105.0,60.0,-10.0,39,2032290501,-109.13381628954248,12.50000000000001,-51.39869543440031
1,105.0,60.0,-10.0,40,2032290501,-98.23381628954252,-51.00000000000001,-108.39869543440031
1,105.0,60.0,-10.0,41,2032290501,-5.8338162895428525,-4.000000000000005,8.601304565599696
1,105.0,60.0,-10.0,42,2032290501,-46.63381628954271,27.0,-67.39869543440031
1,105.0,60.0,-10.0,43,2032290501,-98.53381628954253,73.50000000000001,-37.3986954344003
1,105.0,60.0,-10.0,44,2032290501,-2.933816289542861,-2.0000000000000027,6.601304565599693
1,105.0,60.0,-10.0,45,2032290501,4.366183710457122,-8.00000000000001,-0.39869543440030414
1,105.0,60.0,-10.0,46,2032290501,-3.733816289542858,0.0,-2.398695434400307
1,105.0,60.0,-10.0,47,2032290501,-71.03381628954261,90.0,-1.8986954344003
1,105.0,60.0,-10.0,48,2032290501,-93.33381628954254,-51.5,-31.898695434400302
1,105.0,60.0,-10.0,49,2032290501,-89.93381628954255,-8.500000000000005,-28.898695434400306
1,105.0,60.0,-10.0,50,2032290501,4.966183710457116,-3.500000000000011,-1.8986954344003
1,105.0,60.0,-10.0,51,2032290501,6.266183710457113,-2.4999999999999973,-1.8986954344003
1,105.0,60.0,-10.0,52,2032290501,-1.7338162895428582,-4.999999999999995,-3.398695434400302
1,105.0,60.0,-10.0,53,2032290501,2.2661837104571276,-2.9999999999999916,-1.3986954344003055
1,105.0,60.0,-10.0,54,2032290501,21.866183710457065,24.999999999999996,-16.898695434400302
1,105.0,60.0,-10.0,55,2032290501,7.466183710457102,-6.000000000000009,1.6013045655996987
1,105.0,60.0,-10.0,56,2032290501,1.5661837104571248,-4.999999999999995,5.601304565599691
1,105.0,60.0,-10.0,57,2032290501,-56.633816289542665,19.500000000000007,-54.3986954344003
1,105.0,60.0,-10.0,58,2032290501,6.866183710457108,-4.999999999999995,1.6013045655996987
1,105.0,60.0,-10.0,59,2032290501,-6.833816289542838,2.9999999999999916,2.101304565599693
1,105.0,60.0,-10.0,60,2032290501,69.06618371045688,-72.0,-61.3986954344003
1,105.0,60.0,-10.0,61,2032290501,-75.0338162895426,-31.000000000000007,-100.8986954344003
1,105.0,60.0,-10.0,62,2032290501,30.96618371045703,-27.499999999999993,-88.89869543440031
1,105.0,60.0,-10.0,63,2032290501,-84.53381628954257,-21.50000000000001,-44.89869543440031
1,105.0,60.0,-10.0,64,2032290501,-3.3338162895428525,0.0,-0.39869543440030414
1,105.0,60.0,-10.0,65,2032290501,0.866183710457122,-6.500000000000003,-1.3986954344003055
1,105.0,60.0,-10.0,66,2032290501,-81.93381628954258,27.499999999999993,-27.898695434400306
1,105.0,60.0,-10.0,67,2032290501,-45.03381628954271,-28.500000000000007,-119.39869543440032
1,105.0,60.0,-10.0,68,2032290501,4.566183710457111,-7.499999999999991,-7.898695434400302
1,105.0,60.0,-10.0,69,2032290501,0.7661837104571276,-1.5000000000000084,0.1013045655996902
1,105.0,60.0,-10.0,70,2032290501,-5.733816289542844,-4.5,3.1013045655996945
1,105.0,60.0,-10.0,71,2032290501,-3.3338162895428525,-1.5000000000000084,-4.898695434400304
1,105.0,60.0,-10.0,72,2032290501,1.7661837104571276,0.0,2.6013045655997002
1,105.0,60.0,-10.0,73,2032290501,-109.63381628954248,33.00000000000001,13.60130456559969
1,105.0,60.0,-10.0,74,2032290501,81.46618371045683,-70.0,-14.898695434400306
1,105.0,60.0,-10.0,75,2032290501,67.2661837104569,90.0,-114.8986954344003
1,105.0,60.0,-10.0,76,2032290501,-77.53381628954259,90.0,-113.39869543440031
1,105.0,60.0,-10.0,77,2032290501,-46.13381628954271,-51.00000000000001,-71.39869543440031
1,105.0,60.0,-10.0,78,2032290501,13.7661837104571,-6.500000000000003,-8.398695434400302
1,105.0,60.0,-10.0,79,2032290501,15.166183710457076,8.00000000000001,11.6013045655997
1,105.0,60.0,-10.0,80,2032290501,-11.23381628954283,-5.4999999999999885,-3.898695434400303
1,105.0,60.0,-10.0,81,2032290501,4.566183710457111,-9.0,5.101304565599698
1,105.0,60.0,-10.0,82,2032290501,5.366183710457108,2.9999999999999916,0.6013045655996972
1,105.0,60.0,-10.0,83,2032290501,-92.03381628954254,5.4999999999999885,-116.89869543440032
1,105.0,60.0,-10.0,84,2032290501,100.76618371045676,-82.5,-127.39869543440031
1,105.0,60.0,-10.0,85,2032290501,-1.1338162895428638,0.0,0.6013045655996972
1,105.0,60.0,-10.0,86,2032290501,-0.433816289542861,-5.4999999999999885,-1.3986954344003055
1,105.0,60.0,-10.0,87,2032290501,7.266183710457099,-8.500000000000005,2.6013045655997002
1,105.0,60.0,-10.0,88,2032290501,4.266183710457113,-2.9999999999999916,-0.39869543440030414
1,105.0,60.0,-10.0,89,2032290501,-107.73381628954249,90.0,-15.898695434400308
1,105.0,60.0,-10.0,90,2032290501,-4.3338162895428525,-4.000000000000005,6.601304565599693
1,105.0,60.0,-10.0,91,2032290501,-5.13381628954285,-4.5,0.1013045655996902
1,105.0,60.0,-10.0,92,2032290501,-69.63381628954262,-40.00000000000001,-10.398695434400306
1,105.0,60.0,-10.0,93,2032290501,51.86618371045695,-44.50000000000001,-50.3986954344003
1,105.0,60.0,-10.0,94,2032290501,10.666183710457076,-6.999999999999997,-5.398695434400305
1,105.0,60.0,-10.0,95,2032290501,11.06618371045711,-4.999999999999995,-4.898695434400304
1,105.0,60.0,-10.0,96,2032290501,-86.43381628954256,32.500000000000014,-29.398695434400306
1,105.0,60.0,-10.0,97,2032290501,-8.133816289542835,9.99999999999999,-3.898695434400303
1,105.0,60.0,-10.0,98,2032290501,-3.433816289542861,-4.999999999999995,-2.8986954344003015
1,105.0,60.0,-10.0,99,2032290501,-82.93381628954258,60.5,-30.898695434400302
1,105.0,60.0,-10.0,100,2032290501,-4.3338162895428525,-0.9999999999999887,2.101304565599693
1,105.0,60.0,-10.0,101,2032290501,-0.23381628954287237,4.000000000000005,1.6013045655996987
1,105.0,60.0,-10.0,102,2032290501,5.766183710457113,-10.500000000000009,-3.398695434400302
1,105.0,60.0,-10.0,103,2032290501,4.966183710457116,0.49999999999999434,3.1013045655996945
1,105.0,60.0,-10.0,104,2032290501,127.86618371045667,-15.000000000000009,-57.39869543440031
1,105.0,60.0,-10.0,105,2032290501,1.2661837104571276,0.0,3.1013045655996945
1,105.0,60.0,-10.0,106,2032290501,5.866183710457108,-2.9999999999999916,3.1013045655996945
1,105.0,60.0,-10.0,107,2032290501,-9.633816289542835,5.4999999999999885,-0.8986954344002985
1,105.0,60.0,-10.0,108,2032290501,22.766183710457042,49.99999999999999,-41.3986954344003
1,105.0,60.0,-10.0,109,2032290501,-31.73381628954276,21.50000000000001,1.6013045655996987
1,105.0,60.0,-10.0,110,2032290501,1.666183710457119,-6.000000000000009,0.6013045655996972
1,105.0,60.0,-10.0,111,2032290501,-1.8338162895428667,-3.500000000000011,-2.8986954344003015
1,105.0,60.0,-10.0,112,2032290501,-93.13381628954254,90.0,-122.89869543440031
1,105.0,60.0,-10.0,113,2032290501,3.7661837104571134,-0.9999999999999887,0.1013045655996902
1,105.0,60.0,-10.0,114,2032290501,-0.033816289542869526,-4.999999999999995,-5.898695434400306
1,105.0,60.0,-10.0,115,2032290501,114.46618371045672,23.500000000000014,-71.39869543440031
1,105.0,60.0,-10.0,116,2032290501,-33.733816289542744,13.999999999999995,-62.89869543440031
1,105.0,60.0,-10.0,117,2032290501,3.866183710457122,-5.4999999999999885,-3.398695434400302
1,105.0,60.0,-10.0,118,2032290501,4.966183710457116,-8.00000000000001,2.6013045655997002
1,105.0,60.0,-10.0,119,2032290501,-0.433816289542861,-3.500000000000011,3.1013045655996945
1,105.0,60.0,-10.0,120,2032290501,-1.7338162895428582,-0.9999999999999887,2.101304565599693
1,105.0,60.0,-10.0,121,2032290501,-4.033816289542855,-0.9999999999999887,3.6013045655997016
1,105.0,60.0,-10.0,122,2032290501,122.3661837104567,-40.00000000000001,-71.39869543440031
1,105.0,60.0,-10.0,123,2032290501,1.7661837104571276,-0.49999999999999434,-1.3986954344003055
1,105.0,60.0,-10.0,124,2032290501,-24.83381628954278,1.5000000000000084,15.1013045655997
1,105.0,60.0,-10.0,125,2032290501,126.46618371045669,90.0,-95.39869543440031
1,105.0,60.0,-10.0,126,2032290501,-4.733816289542858,0.49999999999999434,-4.398695434400303
1,105.0,60.0,-10.0,127,2032290501,18.46618371045706,6.000000000000009,-83.89869543440031
1,105.0,60.0,-10.0,128,2032290501,-59.43381628954266,44.50000000000001,-98.8986954344003
1,105.0,60.0,-10.0,129,2032290501,-5.63381628954285,-3.500000000000011,1.6013045655996987
1,105.0,60.0,-10.0,130,2032290501,30.266183710457014,11.499999999999996,-12.398695434400302
1,105.0,60.0,-10.0,131,2032290501,0.7661837104571276,-2.9999999999999916,0.6013045655996972
1,105.0,60.0,-10.0,132,2032290501,4.466183710457116,-5.4999999999999885,-2.8986954344003015
1,105.0,60.0,-10.0,133,2032290501,94.26618371045679,-18.0,-43.89869543440031
1,105.0,60.0,-10.0,134,2032290501,50.56618371045694,-24.000000000000007,-40.8986954344003
1,105.0,60.0,-10.0,135,2032290501,0.6661837104571333,-1.5000000000000084,3.6013045655997016
1,105.0,60.0,-10.0,136,2032290501,1.866183710457122,-1.5000000000000084,0.6013045655996972
1,105.0,60.0,-10.0,137,2032290501,-36.633816289542736,-26.500000000000007,-87.3986954344003
1,105.0,60.0,-10.0,138,2032290501,85.26618371045681,9.499999999999995,-9.398695434400304
1,105.0,60.0,-10.0,139,2032290501,3.2661837104571134,-11.000000000000004,11.101304565599692
1,105.0,60.0,-10.0,140,2032290501,126.76618371045667,11.999999999999991,-56.89869543440031
1,105.0,60.0,-10.0,141,2032290501,65.7661837104569,78.5,-103.3986954344003
1,105.0,60.0,-10.0,142,2032290501,-3.933816289542861,2.4999999999999973,1.6013045655996987
1,105.0,60.0,-10.0,143,2032290501,3.166183710457119,0.0,3.6013045655997016
1,105.0,60.0,-10.0,144,2032290501,-63.03381628954264,-26.500000000000007,-48.8986954344003
1,105.0,60.0,-10.0,145,2032290501,98.16618371045679,-90.0,-30.398695434400302
1,105.0,60.0,-10.0,146,2032290501,-0.13381628954286384,-0.49999999999999434,-2.8986954344003015
1,105.0,60.0,-10.0,147,2032290501,-12.133816289542821,-22.5,5.601304565599691
1,105.0,60.0,-10.0,148,2032290501,3.066183710457125,-2.9999999999999916,0.1013045655996902
1,105.0,60.0,-10.0,149,2032290501,-4.533816289542855,2.0000000000000027,0.6013045655996972
1,105.0,60.0,-10.0,150,2032290501,-3.3338162895428525,-4.000000000000005,0.1013045655996902
1,105.0,60.0,-10.0,151,2032290501,111.06618371045674,-90.0,-92.39869543440031
1,105.0,60.0,-10.0,152,2032290501,2.666183710457119,-9.499999999999995,7.601304565599694
1,105.0,60.0,-10.0,153,2032290501,-1.5338162895428695,0.9999999999999887,-2.8986954344003015
1,105.0,60.0,-10.0,154,2032290501,5.066183710457111,0.49999999999999434,-10.398695434400306
1,105.0,60.0,-10.0,155,2032290501,-2.5338162895428553,-2.9999999999999916,3.1013045655996945
1,105.0,60.0,-10.0,156,2032290501,103.66618371045676,-42.00000000000001,-38.8986954344003
1,105.0,60.0,-10.0,157,2032290501,4.166183710457119,-2.4999999999999973,-1.3986954344003055
1,105.0,60.0,-10.0,158,2032290501,6.466183710457102,-2.4999999999999973,-8.898695434400304
1,105.0,60.0,-10.0,159,2032290501,73.26618371045687,-11.499999999999996,-75.8986954344003
1,105.0,60.0,-10.0,160,2032290501,-21.633816289542793,-55.50000000000001,-26.398695434400302
1,105.0,60.0,-10.0,161,2032290501,96.46618371045678,-67.5,-55.89869543440031
1,105.0,60.0,-10.0,162,2032290501,50.66618371045696,32.500000000000014,-17.398695434400302
1,105.0,60.0,-10.0,163,2032290501,5.366183710457108,-2.4999999999999973,1.1013045655996916
1,105.0,60.0,-10.0,164,2032290501,-0.23381628954287237,-3.500000000000011,-5.898695434400306
1,105.0,60.0,-10.0,165,2032290501,-9.033816289542841,0.49999999999999434,-2.8986954344003015
1,105.0,60.0,-10.0,166,2032290501,1.4661837104571305,-0.9999999999999887,-2.398695434400307
1,105.0,60.0,-10.0,167,2032290501,2.9661837104571163,-0.49999999999999434,4.101304565599696
1,105.0,60.0,-10.0,168,2032290501,28.566183710457025,9.499999999999995,-11.398695434400308
1,105.0,60.0,-10.0,169,2032290501,0.06618371045712479,-9.99999999999999,-0.39869543440030414
1,105.0,60.0,-10.0,170,2032290501,35.266183710457014,-20.499999999999996,-58.8986954344003
1,105.0,60.0,-10.0,171,2032290501,0.6661837104571333,-0.9999999999999887,0.6013045655996972
1,105.0,60.0,-10.0,172,2032290501,25.066183710457054,23.500000000000014,-27.398695434400302
1,105.0,60.0,-10.0,173,2032290501,-1.3338162895428667,-2.9999999999999916,6.1013045655996985
1,105.0,60.0,-10.0,174,2032290501,-64.13381628954264,-90.0,-12.398695434400302
1,105.0,60.0,-10.0,175,2032290501,-0.933816289542861,0.0,3.1013045655996945
1,105.0,60.0,-10.0,176,2032290501,-39.03381628954273,-59.500000000000014,-14.398695434400304
1,105.0,60.0,-10.0,177,2032290501,10.366183710457094,-10.500000000000009,-7.3986954344003015
1,105.0,60.0,-10.0,178,2032290501,-3.233816289542858,-2.9999999999999916,0.6013045655996972
1,105.0,60.0,-10.0,179,2032290501,92.4661837104568,-26.500000000000007,-51.39869543440031
1,105.0,60.0,-10.0,180,2032290501,52.966183710456946,57.000000000000014,-68.39869543440031
1,105.0,60.0,-10.0,181,2032290501,-103.7338162895425,-45.999999999999986,-45.3986954344003
1,105.0,60.0,-10.0,182,2032290501,5.666183710457105,-7.499999999999991,0.1013045655996902
1,105.0,60.0,-10.0,183,2032290501,-102.4338162895425,-34.49999999999999,-74.39869543440031
1,105.0,60.0,-10.0,184,2032290501,1.866183710457122,2.0000000000000027,-0.39869543440030414
1,105.0,60.0,-10.0,185,2032290501,2.566183710457125,-2.9999999999999916,-2.8986954344003015
1,105.0,60.0,-10.0,186,2032290501,7.366183710457108,-2.0000000000000027,3.1013045655996945
1,105.0,60.0,-10.0,187,2032290501,120.8661837104567,66.00000000000001,-34.3986954344003
1,105.0,60.0,-10.0,188,2032290501,2.066183710457125,-3.500000000000011,-1.3986954344003055
1,105.0,60.0,-10.0,189,2032290501,1.2661837104571276,-2.4999999999999973,0.6013045655996972
1,105.0,60.0,-10.0,190,2032290501,14.866183710457065,-19.500000000000007,13.60130456559969
1,105.0,60.0,-10.0,191,2032290501,0.9661837104571305,-3.500000000000011,3.1013045655996945
1,105.0,60.0,-10.0,192,2032290501,101.06618371045677,41.500000000000014,-110.39869543440031
1,105.0,60.0,-10.0,193,2032290501,-75.2338162895426,-90.0,-42.89869543440031
1,105.0,60.0,-10.0,194,2032290501,4.166183710457119,-4.5,0.6013045655996972
1,105.0,60.0,-10.0,195,2032290501,-0.8338162895428667,-4.000000000000005,6.601304565599693
1,105.0,60.0,-10.0,196,2032290501,-54.83381628954267,2.0000000000000027,-67.89869543440031
1,105.0,60.0,-10.0,197,2032290501,117.6661837104567,-28.500000000000007,-39.39869543440031
1,105.0,60.0,-10.0,198,2032290501,0.36618371045712195,0.9999999999999887,-6.898695434400307
1,105.0,60.0,-10.0,199,2032290501,-2.0338162895428553,-4.999999999999995,-0.39869543440030414
1,105.0,60.0,-5.0,0,2032290502,1.2661837104571276,-2.9999999999999916,0.6013045655996972
1,105.0,60.0,-5.0,1,2032290502,-2.733816289542858,0.9999999999999887,0.6013045655996972
1,105.0,60.0,-5.0,2,2032290502,2.366183710457122,-2.0000000000000027,0.6013045655996972
1,105.0,60.0,-5.0,3,2032290502,-0.033816289542869526,0.0,2.6013045655997002
1,105.0,60.0,-5.0,4,2032290502,1.866183710457122,-2.0000000000000027,0.1013045655996902
1,105.0,60.0,-5.0,5,2032290502,-0.033816289542869526,-0.9999999999999887,1.1013045655996916
1,105.0,60.0,-5.0,6,2032290502,6.466183710457102,-9.0,5.101304565599698
1,105.0,60.0,-5.0,7,2032290502,-5.033816289542855,-1.5000000000000084,3.1013045655996945
1,105.0,60.0,-5.0,8,2032290502,-0.8338162895428667,-5.4999999999999885,2.6013045655997002
1,105.0,60.0,-5.0,9,2032290502,0.9661837104571305,-1.5000000000000084,-0.8986954344002985
1,105.0,60.0,-5.0,10,2032290502,1.366183710457122,-3.500000000000011,-1.3986954344003055
1,105.0,60.0,-5.0,11,2032290502,-4.63381628954285,0.0,2.101304565599693
1,105.0,60.0,-5.0,12,2032290502,1.0661837104571248,-3.500000000000011,-0.8986954344002985
1,105.0,60.0,-5.0,13,2032290502,3.5661837104571106,-4.000000000000005,0.1013045655996902
1,105.0,60.0,-5.0,14,2032290502,4.766183710457113,-4.000000000000005,-0.39869543440030414
1,105.0,60.0,-5.0,15,2032290502,8.56618371045711,-4.000000000000005,-1.3986954344003055
1,105.0,60.0,-5.0,16,2032290502,2.2661837104571276,-1.5000000000000084,-3.398695434400302
1,105.0,60.0,-5.0,17,2032290502,0.866183710457122,-2.4999999999999973,0.6013045655996972
1,105.0,60.0,-5.0,18,2032290502,2.7661837104571276,-3.500000000000011,1.1013045655996916
1,105.0,60.0,-5.0,19,2032290502,3.666183710457119,-3.500000000000011,1.1013045655996916
1,105.0,60.0,-5.0,20,2032290502,90.5661837104568,-29.999999999999993,-40.39869543440031
1,105.0,60.0,-5.0,21,2032290502,0.5661837104571248,-2.9999999999999916,-1.3986954344003055
1,105.0,60.0,-5.0,22,2032290502,-2.633816289542864,-0.49999999999999434,-1.3986954344003055
1,105.0,60.0,-5.0,23,2032290502,0.5661837104571248,-0.9999999999999887,2.6013045655997002
1,105.0,60.0,-5.0,24,2032290502,-2.3338162895428667,-2.0000000000000027,-0.8986954344002985
1,105.0,60.0,-5.0,25,2032290502,0.6661837104571333,-0.49999999999999434,-0.8986954344002985
1,105.0,60.0,-5.0,26,2032290502,1.4661837104571305,-2.4999999999999973,2.101304565599693
1,105.0,60.0,-5.0,27,2032290502,4.866183710457108,-3.500000000000011,-2.8986954344003015
1,105.0,60.0,-5.0,28,2032290502,0.06618371045712479,-2.4999999999999973,-0.39869543440030414
1,105.0,60.0,-5.0,29,2032290502,1.1661837104571333,-0.49999999999999434,-1.3986954344003055
1,105.0,60.0,-5.0,30,2032290502,-2.133816289542864,-3.500000000000011,-0.39869543440030414
1,105.0,60.0,-5.0,31,2032290502,4.266183710457113,-2.9999999999999916,0.6013045655996972
1,105.0,60.0,-5.0,32,2032290502,-2.233816289542858,2.0000000000000027,-0.8986954344002985
1,105.0,60.0,-5.0,33,2032290502,3.066183710457125,-1.5000000000000084,-1.3986954344003055
1,105.0,60.0,-5.0,34,2032290502,-0.8338162895428667,-0.49999999999999434,0.1013045655996902
1,105.0,60.0,-5.0,35,2032290502,0.9661837104571305,-2.9999999999999916,0.1013045655996902
1,105.0,60.0,-5.0,36,2032290502,3.366183710457122,-6.000000000000009,-0.8986954344002985
1,105.0,60.0,-5.0,37,2032290502,-0.433816289542861,-1.5000000000000084,0.6013045655996972
1,105.0,60.0,-5.0,38,2032290502,2.666183710457119,-2.0000000000000027,0.1013045655996902
1,105.0,60.0,-5.0,39,2032290502,-2.433816289542861,-3.500000000000011,-1.3986954344003055
1,105.0,60.0,-5.0,40,2032290502,-1.933816289542861,-3.500000000000011,-2.398695434400307
1,105.0,60.0,-5.0,41,2032290502,0.4661837104571305,-1.5000000000000084,0.1013045655996902
1,105.0,60.0,-5.0,42,2032290502,-2.933816289542861,0.0,0.1013045655996902
1,105.0,60.0,-5.0,43,2032290502,2.066183710457125,-3.500000000000011,-2.398695434400307
1,105.0,60.0,-5.0,44,2032290502,-0.033816289542869526,-2.4999999999999973,2.101304565599693
1,105.0,60.0,-5.0,45,2032290502,-1.1338162895428638,-1.5000000000000084,-0.39869543440030414
1,105.0,60.0,-5.0,46,2032290502,-2.5338162895428553,0.0,0.6013045655996972
1,105.0,60.0,-5.0,47,2032290502,-4.233816289542858,-0.9999999999999887,-2.8986954344003015
1,105.0,60.0,-5.0,48,2032290502,-1.3338162895428667,-3.500000000000011,-1.3986954344003055
1,105.0,60.0,-5.0,49,2032290502,-3.933816289542861,-2.4999999999999973,1.1013045655996916
1,105.0,60.0,-5.0,50,2032290502,-0.033816289542869526,0.0,-1.8986954344003
1,105.0,60.0,-5.0,51,2032290502,2.7661837104571276,-4.5,0.6013045655996972
1,105.0,60.0,-5.0,52,2032290502,1.2661837104571276,-0.9999999999999887,0.6013045655996972
1,105.0,60.0,-5.0,53,2032290502,-0.433816289542861,0.0,-2.398695434400307
1,105.0,60.0,-5.0,54,2032290502,2.4661837104571163,-0.9999999999999887,3.1013045655996945
1,105.0,60.0,-5.0,55,2032290502,2.666183710457119,-4.999999999999995,1.1013045655996916
1,105.0,60.0,-5.0,56,2032290502,3.2661837104571134,-4.5,-0.8986954344002985
1,105.0,60.0,-5.0,57,2032290502,6.866183710457108,-7.499999999999991,3.1013045655996945
1,105.0,60.0,-5.0,58,2032290502,2.066183710457125,-3.500000000000011,-1.8986954344003
1,105.0,60.0,-5.0,59,2032290502,0.4661837104571305,-2.0000000000000027,0.1013045655996902
1,105.0,60.0,-5.0,60,2032290502,1.0661837104571248,-4.5,-0.39869543440030414
1,105.0,60.0,-5.0,61,2032290502,-2.133816289542864,-1.5000000000000084,-0.39869543440030414
1,105.0,60.0,-5.0,62,2032290502,0.16618371045713332,-0.49999999999999434,1.1013045655996916
1,105.0,60.0,-5.0,63,2032290502,-1.433816289542861,-0.49999999999999434,-0.8986954344002985
1,105.0,60.0,-5.0,64,2032290502,54.36618371045695,30.499999999999986,-95.89869543440031
1,105.0,60.0,-5.0,65,2032290502,3.066183710457125,-2.0000000000000027,-1.3986954344003055
1,105.0,60.0,-5.0,66,2032290502,6.766183710457099,-3.500000000000011,2.101304565599693
1,105.0,60.0,-5.0,67,2032290502,0.6661837104571333,-0.9999999999999887,2.101304565599693
1,105.0,60.0,-5.0,68,2032290502,0.866183710457122,-2.9999999999999916,0.6013045655996972
1,105.0,60.0,-5.0,69,2032290502,0.36618371045712195,-0.9999999999999887,1.1013045655996916
1,105.0,60.0,-5.0,70,2032290502,2.166183710457119,-2.9999999999999916,1.6013045655996987
1,105.0,60.0,-5.0,71,2032290502,0.26618371045712763,-2.9999999999999916,0.6013045655996972
1,105.0,60.0,-5.0,72,2032290502,-1.1338162895428638,-1.5000000000000084,0.1013045655996902
1,105.0,60.0,-5.0,73,2032290502,7.166183710457105,-6.000000000000009,1.6013045655996987
1,105.0,60.0,-5.0,74,2032290502,4.966183710457116,-6.000000000000009,-1.3986954344003055
1,105.0,60.0,-5.0,75,2032290502,0.06618371045712479,-2.4999999999999973,3.6013045655997016
1,105.0,60.0,-5.0,76,2032290502,1.9661837104571163,-3.500000000000011,-0.39869543440030414
1,105.0,60.0,-5.0,77,2032290502,-4.63381628954285,-2.0000000000000027,4.101304565599696
1,105.0,60.0,-5.0,78,2032290502,2.666183710457119,-3.500000000000011,-1.3986954344003055
1,105.0,60.0,-5.0,79,2032290502,-4.8338162895428525,-1.5000000000000084,-0.8986954344002985
1,105.0,60.0,-5.0,80,2032290502,-5.233816289542844,0.9999999999999887,2.101304565599693
1,105.0,60.0,-5.0,81,2032290502,0.06618371045712479,0.9999999999999887,-1.3986954344003055
1,105.0,60.0,-5.0,82,2032290502,-1.0338162895428695,-2.9999999999999916,0.6013045655996972
1,105.0,60.0,-5.0,83,2032290502,-0.7338162895428724,1.5000000000000084,-0.8986954344002985
1,105.0,60.0,-5.0,84,2032290502,3.066183710457125,-2.0000000000000027,-1.3986954344003055
1,105.0,60.0,-5.0,85,2032290502,2.166183710457119,-4.999999999999995,2.101304565599693
1,105.0,60.0,-5.0,86,2032290502,-0.3338162895428667,-3.500000000000011,0.6013045655996972
1,105.0,60.0,-5.0,87,2032290502,0.866183710457122,-2.9999999999999916,4.6013045655996905
1,105.0,60.0,-5.0,88,2032290502,1.7661837104571276,-2.9999999999999916,-0.8986954344002985
1,105.0,60.0,-5.0,89,2032290502,4.266183710457113,-3.500000000000011,1.1013045655996916
1,105.0,60.0,-5.0,90,2032290502,2.566183710457125,-3.500000000000011,-0.8986954344002985
1,105.0,60.0,-5.0,91,2032290502,0.7661837104571276,-0.9999999999999887,-0.39869543440030414
1,105.0,60.0,-5.0,92,2032290502,4.266183710457113,-2.4999999999999973,1.6013045655996987
1,105.0,60.0,-5.0,93,2032290502,5.366183710457108,-4.000000000000005,-0.39869543440030414
1,105.0,60.0,-5.0,94,2032290502,-2.433816289542861,-0.9999999999999887,1.6013045655996987
1,105.0,60.0,-5.0,95,2032290502,-1.0338162895428695,-5.4999999999999885,1.1013045655996916
1,105.0,60.0,-5.0,96,2032290502,0.5661837104571248,-0.49999999999999434,-0.39869543440030414
1,105.0,60.0,-5.0,97,2032290502,2.166183710457119,-2.0000000000000027,0.1013045655996902
1,105.0,60.0,-5.0,98,2032290502,2.866183710457122,-2.9999999999999916,-2.8986954344003015
1,105.0,60.0,-5.0,99,2032290502,3.166183710457119,-2.4999999999999973,0.6013045655996972
1,105.0,60.0,-5.0,100,2032290502,2.066183710457125,-2.0000000000000027,-1.8986954344003
1,105.0,60.0,-5.0,101,2032290502,1.2661837104571276,-0.9999999999999887,1.1013045655996916
1,105.0,60.0,-5.0,102,2032290502,-1.8338162895428667,-4.5,3.6013045655997016
1,105.0,60.0,-5.0,103,2032290502,3.9661837104571163,-4.999999999999995,1.6013045655996987
1,105.0,60.0,-5.0,104,2032290502,-0.5338162895428695,0.0,5.101304565599698
1,105.0,60.0,-5.0,105,2032290502,4.766183710457113,-6.000000000000009,-2.8986954344003015
1,105.0,60.0,-5.0,106,2032290502,0.4661837104571305,-4.5,-2.8986954344003015
1,105.0,60.0,-5.0,107,2032290502,-3.733816289542858,0.9999999999999887,0.6013045655996972
1,105.0,60.0,-5.0,108,2032290502,-2.633816289542864,-0.49999999999999434,-2.8986954344003015
1,105.0,60.0,-5.0,109,2032290502,6.266183710457113,-4.999999999999995,4.101304565599696
1,105.0,60.0,-5.0,110,2032290502,0.5661837104571248,-2.4999999999999973,0.6013045655996972
1,105.0,60.0,-5.0,111,2032290502,1.5661837104571248,-2.4999999999999973,1.1013045655996916
1,105.0,60.0,-5.0,112,2032290502,-0.8338162895428667,-3.500000000000011,1.1013045655996916
1,105.0,60.0,-5.0,113,2032290502,-11.033816289542827,6.000000000000009,1.1013045655996916
1,105.0,60.0,-5.0,114,2032290502,2.366183710457122,-6.999999999999997,1.1013045655996916
1,105.0,60.0,-5.0,115,2032290502,7.866183710457108,-6.000000000000009,0.1013045655996902
1,105.0,60.0,-5.0,116,2032290502,16.066183710457054,58.50000000000003,-6.398695434400306
1,105.0,60.0,-5.0,117,2032290502,2.166183710457119,-4.000000000000005,-1.3986954344003055
1,105.0,60.0,-5.0,118,2032290502,1.1661837104571333,0.0,-0.39869543440030414
1,105.0,60.0,-5.0,119,2032290502,-1.1338162895428638,0.9999999999999887,-0.8986954344002985
1,105.0,60.0,-5.0,120,2032290502,-1.933816289542861,-0.9999999999999887,4.101304565599696
1,105.0,60.0,-5.0,121,2032290502,3.9661837104571163,-2.9999999999999916,1.6013045655996987
1,105.0,60.0,-5.0,122,2032290502,-0.433816289542861,-0.9999999999999887,-0.8986954344002985
1,105.0,60.0,-5.0,123,2032290502,1.7661837104571276,-1.5000000000000084,-2.8986954344003015
1,105.0,60.0,-5.0,124,2032290502,-2.133816289542864,-0.49999999999999434,0.6013045655996972
1,105.0,60.0,-5.0,125,2032290502,-1.2338162895428724,-1.5000000000000084,-0.8986954344002985
1,105.0,60.0,-5.0,126,2032290502,-1.2338162895428724,-0.9999999999999887,-0.39869543440030414
1,105.0,60.0,-5.0,127,2032290502,-0.933816289542861,-2.4999999999999973,-0.39869543440030414
1,105.0,60.0,-5.0,128,2032290502,0.5661837104571248,0.0,-1.3986954344003055
1,105.0,60.0,-5.0,129,2032290502,25.96618371045703,20.499999999999996,-14.398695434400304
1,105.0,60.0,-5.0,130,2032290502,3.5661837104571106,-2.0000000000000027,2.101304565599693
1,105.0,60.0,-5.0,131,2032290502,0.26618371045712763,0.9999999999999887,3.1013045655996945
1,105.0,60.0,-5.0,132,2032290502,1.0661837104571248,-3.500000000000011,-0.39869543440030414
1,105.0,60.0,-5.0,133,2032290502,-3.133816289542864,0.9999999999999887,0.1013045655996902
1,105.0,60.0,-5.0,134,2032290502,11.966183710457088,-11.000000000000004,1.1013045655996916
1,105.0,60.0,-5.0,135,2032290502,2.866183710457122,-2.4999999999999973,4.6013045655996905
1,105.0,60.0,-5.0,136,2032290502,8.066183710457096,-9.99999999999999,-1.8986954344003
1,105.0,60.0,-5.0,137,2032290502,1.866183710457122,-4.000000000000005,-0.8986954344002985
1,105.0,60.0,-5.0,138,2032290502,1.366183710457122,-0.9999999999999887,-3.398695434400302
1,105.0,60.0,-5.0,139,2032290502,1.0661837104571248,0.0,-0.8986954344002985
1,105.0,60.0,-5.0,140,2032290502,2.366183710457122,-2.4999999999999973,1.6013045655996987
1,105.0,60.0,-5.0,141,2032290502,2.066183710457125,-4.999999999999995,1.1013045655996916
1,105.0,60.0,-5.0,142,2032290502,-2.8338162895428667,-0.9999999999999887,-1.3986954344003055
1,105.0,60.0,-5.0,143,2032290502,3.2661837104571134,-0.49999999999999434,4.6013045655996905
1,105.0,60.0,-5.0,144,2032290502,-3.5338162895428553,0.9999999999999887,3.6013045655997016
1,105.0,60.0,-5.0,145,2032290502,-0.433816289542861,0.0,-0.8986954344002985
1,105.0,60.0,-5.0,146,2032290502,3.4661837104571163,-2.4999999999999973,-1.3986954344003055
1,105.0,60.0,-5.0,147,2032290502,4.466183710457116,-2.9999999999999916,2.101304565599693
1,105.0,60.0,-5.0,148,2032290502,-0.433816289542861,-1.5000000000000084,-1.8986954344003
1,105.0,60.0,-5.0,149,2032290502,3.866183710457122,-0.9999999999999887,-0.39869543440030414
1,105.0,60.0,-5.0,150,2032290502,0.9661837104571305,-2.0000000000000027,-0.39869543440030414
1,105.0,60.0,-5.0,151,2032290502,-0.5338162895428695,-1.5000000000000084,-2.8986954344003015
1,105.0,60.0,-5.0,152,2032290502,-3.6338162895428496,2.4999999999999973,0.6013045655996972
1,105.0,60.0,-5.0,153,2032290502,0.06618371045712479,-2.0000000000000027,3.1013045655996945
1,105.0,60.0,-5.0,154,2032290502,1.5661837104571248,-2.9999999999999916,-1.8986954344003
1,105.0,60.0,-5.0,155,2032290502,4.766183710457113,-6.999999999999997,-0.8986954344002985
1,105.0,60.0,-5.0,156,2032290502,-0.933816289542861,-2.0000000000000027,-1.3986954344003055
1,105.0,60.0,-5.0,157,2032290502,4.066183710457111,-3.500000000000011,0.6013045655996972
1,105.0,60.0,-5.0,158,2032290502,-0.6338162895428638,-2.9999999999999916,1.6013045655996987
1,105.0,60.0,-5.0,159,2032290502,1.1661837104571333,-2.0000000000000027,-2.8986954344003015
1,105.0,60.0,-5.0,160,2032290502,6.366183710457108,-6.500000000000003,-1.8986954344003
1,105.0,60.0,-5.0,161,2032290502,0.26618371045712763,-3.500000000000011,-0.39869543440030414
1,105.0,60.0,-5.0,162,2032290502,48.76618371045696,-2.4999999999999973,-13.898695434400304
1,105.0,60.0,-5.0,163,2032290502,-1.7338162895428582,0.0,3.6013045655997016
1,105.0,60.0,-5.0,164,2032290502,-0.6338162895428638,-2.9999999999999916,-0.39869543440030414
1,105.0,60.0,-5.0,165,2032290502,0.7661837104571276,-2.9999999999999916,0.6013045655996972
1,105.0,60.0,-5.0,166,2032290502,5.166183710457105,-2.9999999999999916,1.6013045655996987
1,105.0,60.0,-5.0,167,2032290502,3.666183710457119,-2.0000000000000027,-1.8986954344003
1,105.0,60.0,-5.0,168,2032290502,-4.8338162895428525,0.49999999999999434,1.6013045655996987
1,105.0,60.0,-5.0,169,2032290502,6.166183710457105,-3.500000000000011,-3.398695434400302
1,105.0,60.0,-5.0,170,2032290502,-1.433816289542861,-1.5000000000000084,-1.3986954344003055
1,105.0,60.0,-5.0,171,2032290502,-4.233816289542858,-2.4999999999999973,-3.398695434400302
1,105.0,60.0,-5.0,172,2032290502,5.066183710457111,-6.999999999999997,0.1013045655996902
1,105.0,60.0,-5.0,173,2032290502,4.766183710457113,-6.000000000000009,-0.39869543440030414
1,105.0,60.0,-5.0,174,2032290502,-0.7338162895428724,0.9999999999999887,6.601304565599693
1,105.0,60.0,-5.0,175,2032290502,10.866183710457094,-5.4999999999999885,2.6013045655997002
1,105.0,60.0,-5.0,176,2032290502,-109.43381628954248,-18.499999999999993,-0.39869543440030414
1,105.0,60.0,-5.0,177,2032290502,-3.733816289542858,-4.5,-1.8986954344003
1,105.0,60.0,-5.0,178,2032290502,4.166183710457119,-6.000000000000009,3.1013045655996945
1,105.0,60.0,-5.0,179,2032290502,-1.3338162895428667,2.9999999999999916,0.1013045655996902
1,105.0,60.0,-5.0,180,2032290502,-0.7338162895428724,-3.500000000000011,-0.8986954344002985
1,105.0,60.0,-5.0,181,2032290502,-3.5338162895428553,0.9999999999999887,-0.39869543440030414
1,105.0,60.0,-5.0,182,2032290502,-1.7338162895428582,-3.500000000000011,-0.8986954344002985
1,105.0,60.0,-5.0,183,2032290502,25.666183710457048,13.999999999999995,9.601304565599698
1,105.0,60.0,-5.0,184,2032290502,-0.5338162895428695,-4.5,1.6013045655996987
1,105.0,60.0,-5.0,185,2032290502,1.2661837104571276,-1.5000000000000084,-0.39869543440030414
1,105.0,60.0,-5.0,186,2032290502,-0.6338162895428638,0.0,0.6013045655996972
1,105.0,60.0,-5.0,187,2032290502,-0.13381628954286384,0.0,-0.39869543440030414
1,105.0,60.0,-5.0,188,2032290502,4.266183710457113,-4.5,0.1013045655996902
1,105.0,60.0,-5.0,189,2032290502,1.366183710457122,0.0,2.6013045655997002
1,105.0,60.0,-5.0,190,2032290502,3.4661837104571163,-1.5000000000000084,-2.398695434400307
1,105.0,60.0,-5.0,191,2032290502,-3.233816289542858,-2.0000000000000027,0.1013045655996902
1,105.0,60.0,-5.0,192,2032290502,1.366183710457122,1.5000000000000084,2.101304565599693
1,105.0,60.0,-5.0,193,2032290502,2.4661837104571163,-2.9999999999999916,0.6013045655996972
1,105.0,60.0,-5.0,194,2032290502,-89.73381628954255,90.0,-93.8986954344003
1,105.0,60.0,-5.0,195,2032290502,1.9661837104571163,-2.9999999999999916,3.6013045655997016
1,105.0,60.0,-5.0,196,2032290502,8.56618371045711,-4.000000000000005,4.6013045655996905
1,105.0,60.0,-5.0,197,2032290502,-0.5338162895428695,-1.5000000000000084,0.1013045655996902
1,105.0,60.0,-5.0,198,2032290502,-2.133816289542864,-2.0000000000000027,0.6013045655996972
1,105.0,60.0,-5.0,199,2032290502,5.966183710457116,-2.4999999999999973,-1.8986954344003
1,105.0,60.0,0.0,0,2032290503,-2.8338162895428667,-1.5000000000000084,2.101304565599693
1,105.0,60.0,0.0,1,2032290503,-0.23381628954287237,-2.0000000000000027,1.6013045655996987
1,105.0,60.0,0.0,2,2032290503,0.26618371045712763,-0.9999999999999887,-0.39869543440030414
1,105.0,60.0,0.0,3,2032290503,2.666183710457119,-4.000000000000005,-0.8986954344002985
1,105.0,60.0,0.0,4,2032290503,2.066183710457125,-2.4999999999999973,0.1013045655996902
1,105.0,60.0,0.0,5,2032290503,0.866183710457122,-3.500000000000011,0.1013045655996902
1,105.0,60.0,0.0,6,2032290503,2.166183710457119,-3.500000000000011,1.6013045655996987
1,105.0,60.0,0.0,7,2032290503,2.366183710457122,-3.500000000000011,-0.39869543440030414
1,105.0,60.0,0.0,8,2032290503,1.0661837104571248,-2.0000000000000027,-0.39869543440030414
1,105.0,60.0,0.0,9,2032290503,1.7661837104571276,-3.500000000000011,0.1013045655996902
1,105.0,60.0,0.0,10,2032290503,-0.8338162895428667,-2.0000000000000027,-1.8986954344003
1,105.0,60.0,0.0,11,2032290503,1.7661837104571276,-1.5000000000000084,-1.3986954344003055
1,105.0,60.0,0.0,12,2032290503,2.4661837104571163,-2.0000000000000027,-0.39869543440030414
1,105.0,60.0,0.0,13,2032290503,1.2661837104571276,-2.4999999999999973,1.1013045655996916
1,105.0,60.0,0.0,14,2032290503,1.5661837104571248,-2.0000000000000027,-0.8986954344002985
1,105.0,60.0,0.0,15,2032290503,2.866183710457122,-5.4999999999999885,0.1013045655996902
1,105.0,60.0,0.0,16,2032290503,-2.733816289542858,0.0,0.1013045655996902
1,105.0,60.0,0.0,17,2032290503,1.7661837104571276,-2.4999999999999973,-0.39869543440030414
1,105.0,60.0,0.0,18,2032290503,0.9661837104571305,-2.0000000000000027,-0.8986954344002985
1,105.0,60.0,0.0,19,2032290503,-0.433816289542861,-0.9999999999999887,-0.39869543440030414
1,105.0,60.0,0.0,20,2032290503,0.36618371045712195,-2.0000000000000027,-0.39869543440030414
1,105.0,60.0,0.0,21,2032290503,2.7661837104571276,-3.500000000000011,3.1013045655996945
1,105.0,60.0,0.0,22,2032290503,-0.8338162895428667,-0.49999999999999434,1.1013045655996916
1,105.0,60.0,0.0,23,2032290503,1.866183710457122,-4.000000000000005,1.1013045655996916
1,105.0,60.0,0.0,24,2032290503,5.066183710457111,-2.9999999999999916,0.1013045655996902
1,105.0,60.0,0.0,25,2032290503,-0.033816289542869526,-0.49999999999999434,-0.8986954344002985
1,105.0,60.0,0.0,26,2032290503,0.866183710457122,-1.5000000000000084,-1.8986954344003
1,105.0,60.0,0.0,27,2032290503,0.9661837104571305,-1.5000000000000084,1.1013045655996916
1,105.0,60.0,0.0,28,2032290503,1.366183710457122,-2.9999999999999916,-1.3986954344003055
1,105.0,60.0,0.0,29,2032290503,2.566183710457125,-4.999999999999995,0.6013045655996972
1,105.0,60.0,0.0,30,2032290503,1.1661837104571333,-2.0000000000000027,-0.39869543440030414
1,105.0,60.0,0.0,31,2032290503,0.9661837104571305,-2.4999999999999973,1.1013045655996916
1,105.0,60.0,0.0,32,2032290503,-0.6338162895428638,-2.9999999999999916,0.6013045655996972
1,105.0,60.0,0.0,33,2032290503,1.366183710457122,-2.4999999999999973,-0.8986954344002985
1,105.0,60.0,0.0,34,2032290503,-1.6338162895428638,-2.9999999999999916,1.6013045655996987
1,105.0,60.0,0.0,35,2032290503,0.6661837104571333,-1.5000000000000084,-0.39869543440030414
1,105.0,60.0,0.0,36,2032290503,4.566183710457111,-5.4999999999999885,0.6013045655996972
1,105.0,60.0,0.0,37,2032290503,2.166183710457119,-4.000000000000005,-1.3986954344003055
1,105.0,60.0,0.0,38,2032290503,-0.033816289542869526,-0.9999999999999887,-0.8986954344002985
1,105.0,60.0,0.0,39,2032290503,-0.033816289542869526,-2.0000000000000027,-0.8986954344002985
1,105.0,60.0,0.0,40,2032290503,3.4661837104571163,-4.000000000000005,0.1013045655996902
1,105.0,60.0,0.0,41,2032290503,0.16618371045713332,-2.9999999999999916,1.1013045655996916
1,105.0,60.0,0.0,42,2032290503,1.0661837104571248,-2.4999999999999973,1.1013045655996916
1,105.0,60.0,0.0,43,2032290503,-0.7338162895428724,-2.4999999999999973,0.1013045655996902
1,105.0,60.0,0.0,44,2032290503,-0.23381628954287237,0.0,-0.39869543440030414
1,105.0,60.0,0.0,45,2032290503,-0.23381628954287237,-1.5000000000000084,1.1013045655996916
1,105.0,60.0,0.0,46,2032290503,1.1661837104571333,-2.4999999999999973,-0.39869543440030414
1,105.0,60.0,0.0,47,2032290503,-0.6338162895428638,-2.4999999999999973,1.1013045655996916
1,105.0,60.0,0.0,48,2032290503,1.366183710457122,-2.4999999999999973,0.1013045655996902
1,105.0,60.0,0.0,49,2032290503,0.7661837104571276,-0.9999999999999887,0.6013045655996972
1,105.0,60.0,0.0,50,2032290503,0.6661837104571333,-1.5000000000000084,-0.39869543440030414
1,105.0,60.0,0.0,51,2032290503,4.066183710457111,-6.000000000000009,1.6013045655996987
1,105.0,60.0,0.0,52,2032290503,-0.5338162895428695,-2.9999999999999916,-0.39869543440030414
1,105.0,60.0,0.0,53,2032290503,1.7661837104571276,-3.500000000000011,1.6013045655996987
1,105.0,60.0,0.0,54,2032290503,-0.5338162895428695,-3.500000000000011,0.1013045655996902
1,105.0,60.0,0.0,55,2032290503,-0.433816289542861,0.49999999999999434,-0.39869543440030414
1,105.0,60.0,0.0,56,2032290503,0.6661837104571333,-2.4999999999999973,-1.3986954344003055
1,105.0,60.0,0.0,57,2032290503,1.7661837104571276,-2.0000000000000027,-1.8986954344003
1,105.0,60.0,0.0,58,2032290503,3.2661837104571134,-4.000000000000005,1.1013045655996916
1,105.0,60.0,0.0,59,2032290503,1.366183710457122,-2.4999999999999973,0.6013045655996972
1,105.0,60.0,0.0,60,2032290503,3.166183710457119,-3.500000000000011,-0.39869543440030414
1,105.0,60.0,0.0,61,2032290503,0.26618371045712763,-0.9999999999999887,0.1013045655996902
1,105.0,60.0,0.0,62,2032290503,-1.0338162895428695,-1.5000000000000084,1.1013045655996916
1,105.0,60.0,0.0,63,2032290503,-0.433816289542861,-2.4999999999999973,0.1013045655996902
1,105.0,60.0,0.0,64,2032290503,1.866183710457122,-0.49999999999999434,-0.39869543440030414
1,105.0,60.0,0.0,65,2032290503,0.5661837104571248,-0.9999999999999887,-0.39869543440030414
1,105.0,60.0,0.0,66,2032290503,-0.23381628954287237,-2.0000000000000027,1.1013045655996916
1,105.0,60.0,0.0,67,2032290503,1.4661837104571305,-4.000000000000005,2.6013045655997002
1,105.0,60.0,0.0,68,2032290503,1.666183710457119,-2.0000000000000027,1.6013045655996987
1,105.0,60.0,0.0,69,2032290503,3.166183710457119,-2.4999999999999973,1.1013045655996916
1,105.0,60.0,0.0,70,2032290503,-0.033816289542869526,-2.4999999999999973,3.1013045655996945
1,105.0,60.0,0.0,71,2032290503,3.066183710457125,-4.000000000000005,-0.39869543440030414
1,105.0,60.0,0.0,72,2032290503,1.7661837104571276,-2.9999999999999916,0.6013045655996972
1,105.0,60.0,0.0,73,2032290503,4.866183710457108,-4.5,0.6013045655996972
1,105.0,60.0,0.0,74,2032290503,-0.933816289542861,-0.9999999999999887,0.6013045655996972
1,105.0,60.0,0.0,75,2032290503,-0.033816289542869526,0.9999999999999887,1.1013045655996916
1,105.0,60.0,0.0,76,2032290503,0.866183710457122,-2.9999999999999916,0.1013045655996902
1,105.0,60.0,0.0,77,2032290503,-0.3338162895428667,0.9999999999999887,0.1013045655996902
1,105.0,60.0,0.0,78,2032290503,1.866183710457122,-4.000000000000005,0.1013045655996902
1,105.0,60.0,0.0,79,2032290503,-1.0338162895428695,0.0,0.1013045655996902
1,105.0,60.0,0.0,80,2032290503,-1.8338162895428667,-2.0000000000000027,-1.8986954344003
1,105.0,60.0,0.0,81,2032290503,1.1661837104571333,-1.5000000000000084,-0.39869543440030414
1,105.0,60.0,0.0,82,2032290503,2.2661837104571276,-2.4999999999999973,2.101304565599693
1,105.0,60.0,0.0,83,2032290503,1.866183710457122,-0.9999999999999887,0.1013045655996902
1,105.0,60.0,0.0,84,2032290503,2.7661837104571276,-3.500000000000011,-0.39869543440030414
1,105.0,60.0,0.0,85,2032290503,4.266183710457113,-2.4999999999999973,0.1013045655996902
1,105.0,60.0,0.0,86,2032290503,1.5661837104571248,-2.4999999999999973,0.1013045655996902
1,105.0,60.0,0.0,87,2032290503,0.7661837104571276,-0.49999999999999434,-0.39869543440030414
1,105.0,60.0,0.0,88,2032290503,1.0661837104571248,-3.500000000000011,1.1013045655996916
1,105.0,60.0,0.0,89,2032290503,1.9661837104571163,-2.9999999999999916,0.1013045655996902
1,105.0,60.0,0.0,90,2032290503,-0.933816289542861,-1.5000000000000084,2.101304565599693
1,105.0,60.0,0.0,91,2032290503,0.9661837104571305,-3.500000000000011,2.101304565599693
1,105.0,60.0,0.0,92,2032290503,1.0661837104571248,-2.0000000000000027,-0.39869543440030414
1,105.0,60.0,0.0,93,2032290503,-2.0338162895428553,-2.4999999999999973,-0.39869543440030414
1,105.0,60.0,0.0,94,2032290503,0.7661837104571276,-2.4999999999999973,-0.39869543440030414
1,105.0,60.0,0.0,95,2032290503,0.36618371045712195,-2.4999999999999973,1.1013045655996916
1,105.0,60.0,0.0,96,2032290503,2.066183710457125,-2.9999999999999916,-0.39869543440030414
1,105.0,60.0,0.0,97,2032290503,-0.3338162895428667,-2.4999999999999973,1.1013045655996916
1,105.0,60.0,0.0,98,2032290503,2.2661837104571276,-2.9999999999999916,1.6013045655996987
1,105.0,60.0,0.0,99,2032290503,0.6661837104571333,-0.49999999999999434,-0.39869543440030414
1,105.0,60.0,0.0,100,2032290503,-0.033816289542869526,-0.49999999999999434,-0.8986954344002985
1,105.0,60.0,0.0,101,2032290503,1.4661837104571305,-2.0000000000000027,0.6013045655996972
1,105.0,60.0,0.0,102,2032290503,3.366183710457122,-2.0000000000000027,-1.3986954344003055
1,105.0,60.0,0.0,103,2032290503,2.4661837104571163,-2.9999999999999916,1.6013045655996987
1,105.0,60.0,0.0,104,2032290503,-0.3338162895428667,-1.5000000000000084,0.1013045655996902
1,105.0,60.0,0.0,105,2032290503,-0.3338162895428667,-2.4999999999999973,-0.39869543440030414
1,105.0,60.0,0.0,106,2032290503,-1.0338162895428695,-1.5000000000000084,2.6013045655997002
1,105.0,60.0,0.0,107,2032290503,1.4661837104571305,-2.4999999999999973,-0.8986954344002985
1,105.0,60.0,0.0,108,2032290503,0.5661837104571248,-2.9999999999999916,1.6013045655996987
1,105.0,60.0,0.0,109,2032290503,1.666183710457119,-2.0000000000000027,0.1013045655996902
1,105.0,60.0,0.0,110,2032290503,1.666183710457119,-0.49999999999999434,0.6013045655996972
1,105.0,60.0,0.0,111,2032290503,0.26618371045712763,-2.9999999999999916,3.1013045655996945
1,105.0,60.0,0.0,112,2032290503,-0.7338162895428724,-3.500000000000011,0.6013045655996972
1,105.0,60.0,0.0,113,2032290503,1.366183710457122,-3.500000000000011,0.6013045655996972
1,105.0,60.0,0.0,114,2032290503,1.1661837104571333,-4.999999999999995,0.1013045655996902
1,105.0,60.0,0.0,115,2032290503,2.166183710457119,-3.500000000000011,-0.39869543440030414
1,105.0,60.0,0.0,116,2032290503,2.566183710457125,-2.9999999999999916,-1.3986954344003055
1,105.0,60.0,0.0,117,2032290503,0.9661837104571305,0.9999999999999887,0.1013045655996902
1,105.0,60.0,0.0,118,2032290503,-0.8338162895428667,-2.0000000000000027,0.6013045655996972
1,105.0,60.0,0.0,119,2032290503,-1.3338162895428667,-1.5000000000000084,-0.39869543440030414
1,105.0,60.0,0.0,120,2032290503,0.5661837104571248,-2.9999999999999916,-0.39869543440030414
1,105.0,60.0,0.0,121,2032290503,3.4661837104571163,0.0,0.1013045655996902
1,105.0,60.0,0.0,122,2032290503,1.9661837104571163,-1.5000000000000084,0.1013045655996902
1,105.0,60.0,0.0,123,2032290503,2.2661837104571276,-4.000000000000005,2.101304565599693
1,105.0,60.0,0.0,124,2032290503,3.666183710457119,-5.4999999999999885,0.6013045655996972
1,105.0,60.0,0.0,125,2032290503,-0.433816289542861,-2.9999999999999916,0.1013045655996902
1,105.0,60.0,0.0,126,2032290503,1.0661837104571248,-1.5000000000000084,0.1013045655996902
1,105.0,60.0,0.0,127,2032290503,0.866183710457122,-2.9999999999999916,-0.39869543440030414
1,105.0,60.0,0.0,128,2032290503,0.9661837104571305,-2.0000000000000027,-0.8986954344002985
1,105.0,60.0,0.0,129,2032290503,0.36618371045712195,-4.000000000000005,1.1013045655996916
1,105.0,60.0,0.0,130,2032290503,-1.6338162895428638,-0.49999999999999434,2.101304565599693
1,105.0,60.0,0.0,131,2032290503,2.666183710457119,-2.9999999999999916,0.1013045655996902
1,105.0,60.0,0.0,132,2032290503,2.666183710457119,-4.000000000000005,0.1013045655996902
1,105.0,60.0,0.0,133,2032290503,0.36618371045712195,-2.0000000000000027,-1.8986954344003
1,105.0,60.0,0.0,134,2032290503,2.866183710457122,-4.5,1.1013045655996916
1,105.0,60.0,0.0,135,2032290503,0.866183710457122,-0.9999999999999887,0.1013045655996902
1,105.0,60.0,0.0,136,2032290503,4.066183710457111,-4.5,-1.3986954344003055
1,105.0,60.0,0.0,137,2032290503,1.0661837104571248,-0.49999999999999434,0.6013045655996972
1,105.0,60.0,0.0,138,2032290503,-0.23381628954287237,-2.0000000000000027,0.6013045655996972
1,105.0,60.0,0.0,139,2032290503,-0.033816289542869526,-1.5000000000000084,0.6013045655996972
1,105.0,60.0,0.0,140,2032290503,1.2661837104571276,-2.4999999999999973,0.1013045655996902
1,105.0,60.0,0.0,141,2032290503,0.16618371045713332,-2.9999999999999916,-0.8986954344002985
1,105.0,60.0,0.0,142,2032290503,2.166183710457119,-4.000000000000005,-0.8986954344002985
1,105.0,60.0,0.0,143,2032290503,2.166183710457119,-2.9999999999999916,0.6013045655996972
1,105.0,60.0,0.0,144,2032290503,-0.5338162895428695,-1.5000000000000084,0.6013045655996972
1,105.0,60.0,0.0,145,2032290503,3.4661837104571163,-3.500000000000011,-0.8986954344002985
1,105.0,60.0,0.0,146,2032290503,1.666183710457119,-2.0000000000000027,0.6013045655996972
1,105.0,60.0,0.0,147,2032290503,2.166183710457119,-1.5000000000000084,0.6013045655996972
1,105.0,60.0,0.0,148,2032290503,-0.6338162895428638,-0.9999999999999887,0.1013045655996902
1,105.0,60.0,0.0,149,2032290503,0.6661837104571333,-0.9999999999999887,0.6013045655996972
1,105.0,60.0,0.0,150,2032290503,-2.233816289542858,-2.0000000000000027,0.6013045655996972
1,105.0,60.0,0.0,151,2032290503,-2.8338162895428667,0.0,0.1013045655996902
1,105.0,60.0,0.0,152,2032290503,2.166183710457119,-2.9999999999999916,-2.398695434400307
1,105.0,60.0,0.0,153,2032290503,0.9661837104571305,-2.0000000000000027,0.1013045655996902
1,105.0,60.0,0.0,154,2032290503,3.5661837104571106,-2.4999999999999973,0.6013045655996972
1,105.0,60.0,0.0,155,2032290503,-0.6338162895428638,-2.4999999999999973,-0.39869543440030414
1,105.0,60.0,0.0,156,2032290503,2.2661837104571276,-2.9999999999999916,2.101304565599693
1,105.0,60.0,0.0,157,2032290503,-1.7338162895428582,-2.0000000000000027,1.6013045655996987
1,105.0,60.0,0.0,158,2032290503,1.2661837104571276,-2.9999999999999916,1.1013045655996916
1,105.0,60.0,0.0,159,2032290503,0.9661837104571305,-0.49999999999999434,1.1013045655996916
1,105.0,60.0,0.0,160,2032290503,-1.5338162895428695,-0.9999999999999887,-0.8986954344002985
1,105.0,60.0,0.0,161,2032290503,-0.433816289542861,-2.4999999999999973,0.1013045655996902
1,105.0,60.0,0.0,162,2032290503,1.366183710457122,-2.9999999999999916,1.1013045655996916
1,105.0,60.0,0.0,163,2032290503,-0.13381628954286384,-2.4999999999999973,1.1013045655996916
1,105.0,60.0,0.0,164,2032290503,2.566183710457125,-4.000000000000005,-0.8986954344002985
1,105.0,60.0,0.0,165,2032290503,-0.5338162895428695,0.49999999999999434,1.1013045655996916
1,105.0,60.0,0.0,166,2032290503,1.2661837104571276,-2.0000000000000027,0.1013045655996902
1,105.0,60.0,0.0,167,2032290503,0.4661837104571305,-1.5000000000000084,1.1013045655996916
1,105.0,60.0,0.0,168,2032290503,0.9661837104571305,-1.5000000000000084,-0.39869543440030414
1,105.0,60.0,0.0,169,2032290503,-0.8338162895428667,-0.49999999999999434,0.6013045655996972
1,105.0,60.0,0.0,170,2032290503,0.9661837104571305,-2.9999999999999916,1.1013045655996916
1,105.0,60.0,0.0,171,2032290503,3.5661837104571106,-4.000000000000005,1.1013045655996916
1,105.0,60.0,0.0,172,2032290503,1.366183710457122,-0.9999999999999887,-1.3986954344003055
1,105.0,60.0,0.0,173,2032290503,1.366183710457122,-3.500000000000011,0.1013045655996902
1,105.0,60.0,0.0,174,2032290503,1.2661837104571276,-2.4999999999999973,-2.398695434400307
1,105.0,60.0,0.0,175,2032290503,3.866183710457122,-3.500000000000011,0.1013045655996902
1,105.0,60.0,0.0,176,2032290503,3.666183710457119,-4.000000000000005,0.1013045655996902
1,105.0,60.0,0.0,177,2032290503,1.366183710457122,-4.999999999999995,1.6013045655996987
1,105.0,60.0,0.0,178,2032290503,3.5661837104571106,-2.9999999999999916,-1.3986954344003055
1,105.0,60.0,0.0,179,2032290503,-2.3338162895428667,-2.4999999999999973,-1.8986954344003
1,105.0,60.0,0.0,180,2032290503,-0.3338162895428667,-0.9999999999999887,-2.398695434400307
1,105.0,60.0,0.0,181,2032290503,-0.7338162895428724,-2.4999999999999973,1.1013045655996916
1,105.0,60.0,0.0,182,2032290503,3.7661837104571134,-4.000000000000005,0.6013045655996972
1,105.0,60.0,0.0,183,2032290503,0.866183710457122,-2.4999999999999973,0.6013045655996972
1,105.0,60.0,0.0,184,2032290503,-0.033816289542869526,0.0,-0.8986954344002985
1,105.0,60.0,0.0,185,2032290503,0.06618371045712479,-1.5000000000000084,-1.3986954344003055
1,105.0,60.0,0.0,186,2032290503,1.7661837104571276,-2.9999999999999916,2.101304565599693
1,105.0,60.0,0.0,187,2032290503,0.866183710457122,-2.0000000000000027,0.1013045655996902
1,105.0,60.0,0.0,188,2032290503,1.5661837104571248,-2.0000000000000027,0.6013045655996972
1,105.0,60.0,0.0,189,2032290503,1.666183710457119,-0.9999999999999887,1.1013045655996916
1,105.0,60.0,0.0,190,2032290503,1.0661837104571248,-2.9999999999999916,-0.39869543440030414
1,105.0,60.0,0.0,191,2032290503,-1.7338162895428582,0.49999999999999434,2.6013045655997002
1,105.0,60.0,0.0,192,2032290503,0.9661837104571305,-2.4999999999999973,-0.8986954344002985
1,105.0,60.0,0.0,193,2032290503,1.366183710457122,-2.4999999999999973,0.1013045655996902
1,105.0,60.0,0.0,194,2032290503,-1.7338162895428582,-2.4999999999999973,-0.8986954344002985
1,105.0,60.0,0.0,195,2032290503,0.36618371045712195,-2.4999999999999973,-1.3986954344003055
1,105.0,60.0,0.0,196,2032290503,1.366183710457122,-1.5000000000000084,-0.39869543440030414
1,105.0,60.0,0.0,197,2032290503,-0.433816289542861,-0.9999999999999887,1.1013045655996916
1,105.0,60.0,0.0,198,2032290503,1.7661837104571276,-2.4999999999999973,0.6013045655996972
1,105.0,60.0,0.0,199,2032290503,1.9661837104571163,-1.5000000000000084,0.1013045655996902
1,105.0,60.0,5.0,0,2032290504,0.6661837104571333,-1.5000000000000084,0.1013045655996902
1,105.0,60.0,5.0,1,2032290504,0.4661837104571305,-2.0000000000000027,0.1013045655996902
1,105.0,60.0,5.0,2,2032290504,0.36618371045712195,-1.5000000000000084,-0.39869543440030414
1,105.0,60.0,5.0,3,2032290504,1.7661837104571276,-2.4999999999999973,-0.39869543440030414
1,105.0,60.0,5.0,4,2032290504,-0.6338162895428638,-2.0000000000000027,0.6013045655996972
1,105.0,60.0,5.0,5,2032290504,1.366183710457122,-2.4999999999999973,-0.39869543440030414
1,105.0,60.0,5.0,6,2032290504,0.4661837104571305,-2.9999999999999916,1.1013045655996916
1,105.0,60.0,5.0,7,2032290504,1.5661837104571248,-3.500000000000011,1.1013045655996916
1,105.0,60.0,5.0,8,2032290504,1.0661837104571248,-3.500000000000011,0.1013045655996902
1,105.0,60.0,5.0,9,2032290504,1.666183710457119,-2.9999999999999916,0.1013045655996902
1,105.0,60.0,5.0,10,2032290504,1.1661837104571333,-2.0000000000000027,0.1013045655996902
1,105.0,60.0,5.0,11,2032290504,0.9661837104571305,-1.5000000000000084,-0.39869543440030414
1,105.0,60.0,5.0,12,2032290504,0.7661837104571276,-2.4999999999999973,0.6013045655996972
1,105.0,60.0,5.0,13,2032290504,1.5661837104571248,-2.0000000000000027,0.6013045655996972
1,105.0,60.0,5.0,14,2032290504,1.366183710457122,-2.4999999999999973,-0.39869543440030414
1,105.0,60.0,5.0,15,2032290504,0.16618371045713332,-2.0000000000000027,1.6013045655996987
1,105.0,60.0,5.0,16,2032290504,-0.433816289542861,-2.0000000000000027,0.6013045655996972
1,105.0,60.0,5.0,17,2032290504,-0.6338162895428638,-1.5000000000000084,0.1013045655996902
1,105.0,60.0,5.0,18,2032290504,1.0661837104571248,-1.5000000000000084,1.6013045655996987
1,105.0,60.0,5.0,19,2032290504,0.866183710457122,-2.4999999999999973,-0.39869543440030414
1,105.0,60.0,5.0,20,2032290504,1.0661837104571248,-2.9999999999999916,0.6013045655996972
1,105.0,60.0,5.0,21,2032290504,0.4661837104571305,-2.9999999999999916,0.6013045655996972
1,105.0,60.0,5.0,22,2032290504,1.2661837104571276,-2.0000000000000027,-0.39869543440030414
1,105.0,60.0,5.0,23,2032290504,0.06618371045712479,-1.5000000000000084,0.1013045655996902
1,105.0,60.0,5.0,24,2032290504,-0.3338162895428667,-0.9999999999999887,0.6013045655996972
1,105.0,60.0,5.0,25,2032290504,-0.033816289542869526,-2.4999999999999973,0.1013045655996902
1,105.0,60.0,5.0,26,2032290504,1.666183710457119,-2.4999999999999973,-0.39869543440030414
1,105.0,60.0,5.0,27,2032290504,1.1661837104571333,-1.5000000000000084,0.6013045655996972
1,105.0,60.0,5.0,28,2032290504,1.2661837104571276,-2.0000000000000027,0.1013045655996902
1,105.0,60.0,5.0,29,2032290504,0.9661837104571305,-2.4999999999999973,0.6013045655996972
1,105.0,60.0,5.0,30,2032290504,1.2661837104571276,-2.4999999999999973,0.1013045655996902
1,105.0,60.0,5.0,31,2032290504,1.366183710457122,-2.4999999999999973,0.6013045655996972
1,105.0,60.0,5.0,32,2032290504,0.16618371045713332,-2.0000000000000027,0.6013045655996972
1,105.0,60.0,5.0,33,2032290504,1.366183710457122,-2.4999999999999973,-0.39869543440030414
1,105.0,60.0,5.0,34,2032290504,2.366183710457122,-2.9999999999999916,0.1013045655996902
1,105.0,60.0,5.0,35,2032290504,2.2661837104571276,-3.500000000000011,0.6013045655996972
1,105.0,60.0,5.0,36,2032290504,0.6661837104571333,-2.0000000000000027,0.1013045655996902
1,105.0,60.0,5.0,37,2032290504,0.866183710457122,-2.0000000000000027,0.6013045655996972
1,105.0,60.0,5.0,38,2032290504,0.7661837104571276,-2.4999999999999973,0.1013045655996902
1,105.0,60.0,5.0,39,2032290504,1.4661837104571305,-2.4999999999999973,0.1013045655996902
1,105.0,60.0,5.0,40,2032290504,0.866183710457122,-2.4999999999999973,0.6013045655996972
1,105.0,60.0,5.0,41,2032290504,0.7661837104571276,-2.9999999999999916,0.6013045655996972
1,105.0,60.0,5.0,42,2032290504,1.5661837104571248,-2.0000000000000027,1.6013045655996987
1,105.0,60.0,5.0,43,2032290504,-0.13381628954286384,-2.4999999999999973,0.1013045655996902
1,105.0,60.0,5.0,44,2032290504,1.0661837104571248,-2.9999999999999916,0.6013045655996972
1,105.0,60.0,5.0,45,2032290504,1.5661837104571248,-3.500000000000011,0.6013045655996972
1,105.0,60.0,5.0,46,2032290504,0.36618371045712195,-2.0000000000000027,0.6013045655996972
1,105.0,60.0,5.0,47,2032290504,0.5661837104571248,-0.9999999999999887,-0.39869543440030414
1,105.0,60.0,5.0,48,2032290504,0.9661837104571305,-2.4999999999999973,0.6013045655996972
1,105.0,60.0,5.0,49,2032290504,1.5661837104571248,-2.4999999999999973,0.6013045655996972
1,105.0,60.0,5.0,50,2032290504,1.666183710457119,-2.4999999999999973,0.6013045655996972
1,105.0,60.0,5.0,51,2032290504,0.36618371045712195,-1.5000000000000084,0.1013045655996902
1,105.0,60.0,5.0,52,2032290504,0.4661837104571305,-2.4999999999999973,0.1013045655996902
1,105.0,60.0,5.0,53,2032290504,0.7661837104571276,-2.0000000000000027,0.1013045655996902
1,105.0,60.0,5.0,54,2032290504,0.9661837104571305,-2.9999999999999916,1.6013045655996987
1,105.0,60.0,5.0,55,2032290504,0.6661837104571333,-0.9999999999999887,0.6013045655996972
1,105.0,60.0,5.0,56,2032290504,1.366183710457122,-2.0000000000000027,0.1013045655996902
1,105.0,60.0,5.0,57,2032290504,-0.5338162895428695,-2.0000000000000027,0.1013045655996902
1,105.0,60.0,5.0,58,2032290504,0.866183710457122,-2.4999999999999973,1.1013045655996916
1,105.0,60.0,5.0,59,2032290504,1.4661837104571305,-1.5000000000000084,0.1013045655996902
1,105.0,60.0,5.0,60,2032290504,0.4661837104571305,-1.5000000000000084,0.6013045655996972
1,105.0,60.0,5.0,61,2032290504,1.4661837104571305,-2.9999999999999916,0.1013045655996902
1,105.0,60.0,5.0,62,2032290504,1.9661837104571163,-2.0000000000000027,0.6013045655996972
1,105.0,60.0,5.0,63,2032290504,1.9661837104571163,-2.4999999999999973,-1.3986954344003055
1,105.0,60.0,5.0,64,2032290504,1.7661837104571276,-2.0000000000000027,0.1013045655996902
1,105.0,60.0,5.0,65,2032290504,0.26618371045712763,-2.4999999999999973,0.6013045655996972
1,105.0,60.0,5.0,66,2032290504,0.16618371045713332,-1.5000000000000084,0.6013045655996972
1,105.0,60.0,5.0,67,2032290504,-0.433816289542861,-2.0000000000000027,1.1013045655996916
1,105.0,60.0,5.0,68,2032290504,1.5661837104571248,-2.4999999999999973,-0.39869543440030414
1,105.0,60.0,5.0,69,2032290504,0.16618371045713332,-2.4999999999999973,1.1013045655996916
1,105.0,60.0,5.0,70,2032290504,2.066183710457125,-2.9999999999999916,0.6013045655996972
1,105.0,60.0,5.0,71,2032290504,0.06618371045712479,-1.5000000000000084,0.6013045655996972
1,105.0,60.0,5.0,72,2032290504,1.1661837104571333,-2.4999999999999973,0.1013045655996902
1,105.0,60.0,5.0,73,2032290504,-0.7338162895428724,-2.4999999999999973,0.6013045655996972
1,105.0,60.0,5.0,74,2032290504,0.4661837104571305,-2.4999999999999973,0.1013045655996902
1,105.0,60.0,5.0,75,2032290504,2.2661837104571276,-2.4999999999999973,1.1013045655996916
1,105.0,60.0,5.0,76,2032290504,1.0661837104571248,-2.9999999999999916,0.1013045655996902
1,105.0,60.0,5.0,77,2032290504,2.066183710457125,-4.000000000000005,0.6013045655996972
1,105.0,60.0,5.0,78,2032290504,2.9661837104571163,-2.9999999999999916,1.1013045655996916
1,105.0,60.0,5.0,79,2032290504,0.5661837104571248,-2.0000000000000027,-0.39869543440030414
1,105.0,60.0,5.0,80,2032290504,-0.033816289542869526,-2.0000000000000027,0.6013045655996972
1,105.0,60.0,5.0,81,2032290504,0.26618371045712763,-2.9999999999999916,1.6013045655996987
1,105.0,60.0,5.0,82,2032290504,0.36618371045712195,-2.0000000000000027,0.6013045655996972
1,105.0,60.0,5.0,83,2032290504,1.4661837104571305,-2.9999999999999916,0.1013045655996902
1,105.0,60.0,5.0,84,2032290504,0.26618371045712763,-1.5000000000000084,1.1013045655996916
1,105.0,60.0,5.0,85,2032290504,0.26618371045712763,-2.4999999999999973,-0.39869543440030414
1,105.0,60.0,5.0,86,2032290504,0.866183710457122,-2.9999999999999916,0.6013045655996972
1,105.0,60.0,5.0,87,2032290504,1.366183710457122,-2.0000000000000027,0.1013045655996902
1,105.0,60.0,5.0,88,2032290504,1.5661837104571248,-2.4999999999999973,-0.39869543440030414
1,105.0,60.0,5.0,89,2032290504,1.0661837104571248,-2.4999999999999973,-0.39869543440030414
1,105.0,60.0,5.0,90,2032290504,0.36618371045712195,-2.4999999999999973,0.1013045655996902
1,105.0,60.0,5.0,91,2032290504,1.5661837104571248,-1.5000000000000084,0.6013045655996972
1,105.0,60.0,5.0,92,2032290504,1.866183710457122,-3.500000000000011,0.6013045655996972
1,105.0,60.0,5.0,93,2032290504,-0.23381628954287237,-1.5000000000000084,0.1013045655996902
1,105.0,60.0,5.0,94,2032290504,0.36618371045712195,-1.5000000000000084,1.6013045655996987
1,105.0,60.0,5.0,95,2032290504,1.2661837104571276,-2.4999999999999973,0.6013045655996972
1,105.0,60.0,5.0,96,2032290504,1.0661837104571248,-2.0000000000000027,0.6013045655996972
1,105.0,60.0,5.0,97,2032290504,0.866183710457122,-2.9999999999999916,1.1013045655996916
1,105.0,60.0,5.0,98,2032290504,0.866183710457122,-2.4999999999999973,0.6013045655996972
1,105.0,60.0,5.0,99,2032290504,2.4661837104571163,-4.000000000000005,0.6013045655996972
1,105.0,60.0,5.0,100,2032290504,0.36618371045712195,-1.5000000000000084,-0.39869543440030414
1,105.0,60.0,5.0,101,2032290504,1.5661837104571248,-2.9999999999999916,0.6013045655996972
1,105.0,60.0,5.0,102,2032290504,-0.433816289542861,-0.9999999999999887,1.6013045655996987
1,105.0,60.0,5.0,103,2032290504,2.366183710457122,-2.9999999999999916,0.6013045655996972
1,105.0,60.0,5.0,104,2032290504,0.6661837104571333,-2.0000000000000027,0.6013045655996972
1,105.0,60.0,5.0,105,2032290504,2.4661837104571163,-2.9999999999999916,1.1013045655996916
1,105.0,60.0,5.0,106,2032290504,2.366183710457122,-3.500000000000011,-0.8986954344002985
1,105.0,60.0,5.0,107,2032290504,0.866183710457122,-2.9999999999999916,-0.39869543440030414
1,105.0,60.0,5.0,108,2032290504,1.2661837104571276,-2.9999999999999916,0.1013045655996902
1,105.0,60.0,5.0,109,2032290504,0.9661837104571305,-2.4999999999999973,0.6013045655996972
1,105.0,60.0,5.0,110,2032290504,0.36618371045712195,-2.9999999999999916,0.6013045655996972
1,105.0,60.0,5.0,111,2032290504,1.2661837104571276,-3.500000000000011,0.1013045655996902
1,105.0,60.0,5.0,112,2032290504,0.5661837104571248,-2.9999999999999916,-0.39869543440030414
1,105.0,60.0,5.0,113,2032290504,0.9661837104571305,-2.4999999999999973,0.6013045655996972
1,105.0,60.0,5.0,114,2032290504,1.366183710457122,-2.9999999999999916,0.6013045655996972
1,105.0,60.0,5.0,115,2032290504,0.866183710457122,-2.9999999999999916,0.1013045655996902
1,105.0,60.0,5.0,116,2032290504,-0.23381628954287237,-2.0000000000000027,0.6013045655996972
1,105.0,60.0,5.0,117,2032290504,0.36618371045712195,-2.4999999999999973,0.1013045655996902
1,105.0,60.0,5.0,118,2032290504,-0.3338162895428667,-2.0000000000000027,1.1013045655996916
1,105.0,60.0,5.0,119,2032290504,1.866183710457122,-2.9999999999999916,-0.39869543440030414
1,105.0,60.0,5.0,120,2032290504,2.066183710457125,-3.500000000000011,0.1013045655996902
1,105.0,60.0,5.0,121,2032290504,-0.23381628954287237,-1.5000000000000084,0.6013045655996972
1,105.0,60.0,5.0,122,2032290504,1.366183710457122,-2.9999999999999916,0.6013045655996972
1,105.0,60.0,5.0,123,2032290504,1.9661837104571163,-1.5000000000000084,0.1013045655996902
1,105.0,60.0,5.0,124,2032290504,0.866183710457122,-2.9999999999999916,0.6013045655996972
1,105.0,60.0,5.0,125,2032290504,0.4661837104571305,-2.9999999999999916,0.1013045655996902
1,105.0,60.0,5.0,126,2032290504,1.0661837104571248,-2.0000000000000027,0.1013045655996902
1,105.0,60.0,5.0,127,2032290504,0.7661837104571276,-2.4999999999999973,1.6013045655996987
1,105.0,60.0,5.0,128,2032290504,0.26618371045712763,-1.5000000000000084,0.1013045655996902
1,105.0,60.0,5.0,129,2032290504,0.26618371045712763,-0.9999999999999887,-0.39869543440030414
1,105.0,60.0,5.0,130,2032290504,0.9661837104571305,-1.5000000000000084,0.6013045655996972
1,105.0,60.0,5.0,131,2032290504,1.0661837104571248,-0.9999999999999887,0.1013045655996902
1,105.0,60.0,5.0,132,2032290504,0.5661837104571248,-2.9999999999999916,-0.39869543440030414
1,105.0,60.0,5.0,133,2032290504,1.9661837104571163,-3.500000000000011,0.6013045655996972
1,105.0,60.0,5.0,134,2032290504,0.7661837104571276,-2.0000000000000027,0.6013045655996972
1,105.0,60.0,5.0,135,2032290504,1.7661837104571276,-4.000000000000005,0.1013045655996902
1,105.0,60.0,5.0,136,2032290504,1.666183710457119,-2.0000000000000027,1.6013045655996987
1,105.0,60.0,5.0,137,2032290504,0.26618371045712763,-2.4999999999999973,0.6013045655996972
1,105.0,60.0,5.0,138,2032290504,-0.23381628954287237,-2.0000000000000027,-0.39869543440030414
1,105.0,60.0,5.0,139,2032290504,0.7661837104571276,-2.4999999999999973,1.1013045655996916
1,105.0,60.0,5.0,140,2032290504,0.4661837104571305,-2.9999999999999916,-0.39869543440030414
1,105.0,60.0,5.0,141,2032290504,0.26618371045712763,-2.4999999999999973,0.6013045655996972
1,105.0,60.0,5.0,142,2032290504,1.2661837104571276,-2.4999999999999973,0.1013045655996902
1,105.0,60.0,5.0,143,2032290504,2.2661837104571276,-2.4999999999999973,0.1013045655996902
1,105.0,60.0,5.0,144,2032290504,1.7661837104571276,-2.0000000000000027,0.6013045655996972
1,105.0,60.0,5.0,145,2032290504,1.1661837104571333,-2.0000000000000027,-0.39869543440030414
1,105.0,60.0,5.0,146,2032290504,1.4661837104571305,-2.4999999999999973,0.6013045655996972
1,105.0,60.0,5.0,147,2032290504,1.0661837104571248,-2.0000000000000027,0.6013045655996972
1,105.0,60.0,5.0,148,2032290504,-0.3338162895428667,-0.9999999999999887,0.1013045655996902
1,105.0,60.0,5.0,149,2032290504,0.5661837104571248,-2.0000000000000027,0.1013045655996902
1,105.0,60.0,5.0,150,2032290504,1.7661837104571276,-2.9999999999999916,1.1013045655996916
1,105.0,60.0,5.0,151,2032290504,1.4661837104571305,-3.500000000000011,1.1013045655996916
1,105.0,60.0,5.0,152,2032290504,0.7661837104571276,-2.4999999999999973,-0.39869543440030414
1,105.0,60.0,5.0,153,2032290504,0.6661837104571333,-2.0000000000000027,1.1013045655996916
1,105.0,60.0,5.0,154,2032290504,0.6661837104571333,-2.4999999999999973,-0.39869543440030414
1,105.0,60.0,5.0,155,2032290504,1.366183710457122,-2.9999999999999916,0.6013045655996972
1,105.0,60.0,5.0,156,2032290504,1.2661837104571276,-2.4999999999999973,0.1013045655996902
1,105.0,60.0,5.0,157,2032290504,0.7661837104571276,-2.0000000000000027,0.6013045655996972
1,105.0,60.0,5.0,158,2032290504,0.4661837104571305,-2.0000000000000027,-0.39869543440030414
1,105.0,60.0,5.0,159,2032290504,1.866183710457122,-2.0000000000000027,0.6013045655996972
1,105.0,60.0,5.0,160,2032290504,1.366183710457122,-1.5000000000000084,0.6013045655996972
1,105.0,60.0,5.0,161,2032290504,3.5661837104571106,-3.500000000000011,0.6013045655996972
1,105.0,60.0,5.0,162,2032290504,3.066183710457125,-3.500000000000011,0.1013045655996902
1,105.0,60.0,5.0,163,2032290504,1.9661837104571163,-2.4999999999999973,-0.39869543440030414
1,105.0,60.0,5.0,164,2032290504,1.9661837104571163,-2.4999999999999973,1.1013045655996916
1,105.0,60.0,5.0,165,2032290504,0.866183710457122,-1.5000000000000084,1.1013045655996916
1,105.0,60.0,5.0,166,2032290504,-0.6338162895428638,-1.5000000000000084,0.1013045655996902
1,105.0,60.0,5.0,167,2032290504,0.6661837104571333,-2.4999999999999973,0.6013045655996972
1,105.0,60.0,5.0,168,2032290504,1.366183710457122,-1.5000000000000084,-0.39869543440030414
1,105.0,60.0,5.0,169,2032290504,0.7661837104571276,-2.0000000000000027,0.6013045655996972
1,105.0,60.0,5.0,170,2032290504,1.4661837104571305,-2.0000000000000027,0.1013045655996902
1,105.0,60.0,5.0,171,2032290504,-0.433816289542861,-0.9999999999999887,0.1013045655996902
1,105.0,60.0,5.0,172,2032290504,0.866183710457122,-1.5000000000000084,-0.8986954344002985
1,105.0,60.0,5.0,173,2032290504,0.16618371045713332,-2.4999999999999973,0.1013045655996902
1,105.0,60.0,5.0,174,2032290504,0.9661837104571305,-2.0000000000000027,0.1013045655996902
1,105.0,60.0,5.0,175,2032290504,0.16618371045713332,-2.4999999999999973,1.1013045655996916
1,105.0,60.0,5.0,176,2032290504,1.5661837104571248,-2.4999999999999973,0.6013045655996972
1,105.0,60.0,5.0,177,2032290504,0.5661837104571248,-2.0000000000000027,0.1013045655996902
1,105.0,60.0,5.0,178,2032290504,2.066183710457125,-2.4999999999999973,-0.8986954344002985
1,105.0,60.0,5.0,179,2032290504,1.2661837104571276,-1.5000000000000084,-0.39869543440030414
1,105.0,60.0,5.0,180,2032290504,1.366183710457122,-2.4999999999999973,0.6013045655996972
1,105.0,60.0,5.0,181,2032290504,-0.23381628954287237,-2.0000000000000027,0.1013045655996902
1,105.0,60.0,5.0,182,2032290504,0.06618371045712479,-2.4999999999999973,-0.8986954344002985
1,105.0,60.0,5.0,183,2032290504,-0.3338162895428667,-2.0000000000000027,0.6013045655996972
1,105.0,60.0,5.0,184,2032290504,0.866183710457122,-2.0000000000000027,0.1013045655996902
1,105.0,60.0,5.0,185,2032290504,0.9661837104571305,-2.0000000000000027,0.1013045655996902
1,105.0,60.0,5.0,186,2032290504,1.1661837104571333,-2.9999999999999916,-0.39869543440030414
1,105.0,60.0,5.0,187,2032290504,2.166183710457119,-2.0000000000000027,0.1013045655996902
1,105.0,60.0,5.0,188,2032290504,0.866183710457122,-2.4999999999999973,0.6013045655996972
1,105.0,60.0,5.0,189,2032290504,-0.13381628954286384,-2.4999999999999973,0.1013045655996902
1,105.0,60.0,5.0,190,2032290504,0.26618371045712763,-1.5000000000000084,0.1013045655996902
1,105.0,60.0,5.0,191,2032290504,0.866183710457122,-2.4999999999999973,0.1013045655996902
1,105.0,60.0,5.0,192,2032290504,1.7661837104571276,-3.500000000000011,1.1013045655996916
1,105.0,60.0,5.0,193,2032290504,2.366183710457122,-4.000000000000005,0.6013045655996972
1,105.0,60.0,5.0,194,2032290504,-0.13381628954286384,-0.9999999999999887,0.1013045655996902
1,105.0,60.0,5.0,195,2032290504,0.26618371045712763,-2.0000000000000027,0.1013045655996902
1,105.0,60.0,5.0,196,2032290504,1.0661837104571248,-2.0000000000000027,0.1013045655996902
1,105.0,60.0,5.0,197,2032290504,1.4661837104571305,-2.4999999999999973,0.1013045655996902
1,105.0,60.0,5.0,198,2032290504,1.1661837104571333,-2.0000000000000027,0.6013045655996972
1,105.0,60.0,5.0,199,2032290504,0.9661837104571305,-2.9999999999999916,1.1013045655996916
1,105.0,60.0,10.0,0,2032290505,1.2661837104571276,-2.4999999999999973,0.1013045655996902
1,105.0,60.0,10.0,1,2032290505,0.36618371045712195,-2.0000000000000027,1.1013045655996916
1,105.0,60.0,10.0,2,2032290505,0.36618371045712195,-1.5000000000000084,0.1013045655996902
1,105.0,60.0,10.0,3,2032290505,0.26618371045712763,-2.4999999999999973,0.6013045655996972
1,105.0,60.0,10.0,4,2032290505,1.366183710457122,-2.9999999999999916,0.6013045655996972
1,105.0,60.0,10.0,5,2032290505,1.1661837104571333,-2.4999999999999973,0.1013045655996902
1,105.0,60.0,10.0,6,2032290505,0.9661837104571305,-2.0000000000000027,-0.39869543440030414
1,105.0,60.0,10.0,7,2032290505,1.2661837104571276,-2.0000000000000027,0.6013045655996972
1,105.0,60.0,10.0,8,2032290505,0.5661837104571248,-2.0000000000000027,-0.39869543440030414
1,105.0,60.0,10.0,9,2032290505,1.2661837104571276,-2.4999999999999973,-0.39869543440030414
1,105.0,60.0,10.0,10,2032290505,1.0661837104571248,-2.0000000000000027,0.1013045655996902
1,105.0,60.0,10.0,11,2032290505,0.4661837104571305,-2.0000000000000027,-0.39869543440030414
1,105.0,60.0,10.0,12,2032290505,1.366183710457122,-2.9999999999999916,0.1013045655996902
1,105.0,60.0,10.0,13,2032290505,0.9661837104571305,-2.4999999999999973,0.1013045655996902
1,105.0,60.0,10.0,14,2032290505,1.2661837104571276,-2.4999999999999973,0.1013045655996902
1,105.0,60.0,10.0,15,2032290505,1.2661837104571276,-2.0000000000000027,0.6013045655996972
1,105.0,60.0,10.0,16,2032290505,1.366183710457122,-2.9999999999999916,0.1013045655996902
1,105.0,60.0,10.0,17,2032290505,0.5661837104571248,-2.0000000000000027,0.1013045655996902
1,105.0,60.0,10.0,18,2032290505,0.9661837104571305,-2.4999999999999973,0.1013045655996902
1,105.0,60.0,10.0,19,2032290505,0.6661837104571333,-2.0000000000000027,0.6013045655996972
1,105.0,60.0,10.0,20,2032290505,0.9661837104571305,-2.9999999999999916,0.6013045655996972
1,105.0,60.0,10.0,21,2032290505,1.0661837104571248,-2.9999999999999916,-0.39869543440030414
1,105.0,60.0,10.0,22,2032290505,0.26618371045712763,-1.5000000000000084,0.6013045655996972
1,105.0,60.0,10.0,23,2032290505,0.6661837104571333,-2.4999999999999973,0.1013045655996902
1,105.0,60.0,10.0,24,2032290505,0.6661837104571333,-2.0000000000000027,0.6013045655996972
1,105.0,60.0,10.0,25,2032290505,0.7661837104571276,-2.0000000000000027,0.1013045655996902
1,105.0,60.0,10.0,26,2032290505,0.9661837104571305,-2.0000000000000027,0.1013045655996902
1,105.0,60.0,10.0,27,2032290505,2.166183710457119,-2.9999999999999916,0.6013045655996972
1,105.0,60.0,10.0,28,2032290505,0.36618371045712195,-2.4999999999999973,0.6013045655996972
1,105.0,60.0,10.0,29,2032290505,1.666183710457119,-2.0000000000000027,0.1013045655996902
1,105.0,60.0,10.0,30,2032290505,0.6661837104571333,-2.4999999999999973,0.6013045655996972
1,105.0,60.0,10.0,31,2032290505,1.866183710457122,-2.9999999999999916,0.6013045655996972
1,105.0,60.0,10.0,32,2032290505,1.666183710457119,-2.4999999999999973,0.1013045655996902
1,105.0,60.0,10.0,33,2032290505,1.1661837104571333,-2.9999999999999916,0.6013045655996972
1,105.0,60.0,10.0,34,2032290505,1.1661837104571333,-2.0000000000000027,0.1013045655996902
1,105.0,60.0,10.0,35,2032290505,0.6661837104571333,-2.0000000000000027,0.1013045655996902
1,105.0,60.0,10.0,36,2032290505,1.0661837104571248,-2.4999999999999973,0.1013045655996902
1,105.0,60.0,10.0,37,2032290505,-0.033816289542869526,-1.5000000000000084,0.6013045655996972
1,105.0,60.0,10.0,38,2032290505,-0.3338162895428667,-1.5000000000000084,0.6013045655996972
1,105.0,60.0,10.0,39,2032290505,0.6661837104571333,-2.0000000000000027,0.1013045655996902
1,105.0,60.0,10.0,40,2032290505,1.0661837104571248,-2.0000000000000027,0.6013045655996972
1,105.0,60.0,10.0,41,2032290505,0.36618371045712195,-2.0000000000000027,0.6013045655996972
1,105.0,60.0,10.0,42,2032290505,0.26618371045712763,-2.0000000000000027,0.1013045655996902
1,105.0,60.0,10.0,43,2032290505,1.2661837104571276,-2.0000000000000027,0.1013045655996902
1,105.0,60.0,10.0,44,2032290505,1.0661837104571248,-2.4999999999999973,-0.39869543440030414
1,105.0,60.0,10.0,45,2032290505,1.0661837104571248,-2.4999999999999973,0.6013045655996972
1,105.0,60.0,10.0,46,2032290505,0.866183710457122,-2.0000000000000027,0.1013045655996902
1,105.0,60.0,10.0,47,2032290505,1.366183710457122,-2.4999999999999973,0.1013045655996902
1,105.0,60.0,10.0,48,2032290505,0.9661837104571305,-2.0000000000000027,-0.39869543440030414
1,105.0,60.0,10.0,49,2032290505,0.5661837104571248,-2.4999999999999973,-0.39869543440030414
1,105.0,60.0,10.0,50,2032290505,1.866183710457122,-2.4999999999999973,0.6013045655996972
1,105.0,60.0,10.0,51,2032290505,0.4661837104571305,-2.4999999999999973,0.1013045655996902
1,105.0,60.0,10.0,52,2032290505,1.0661837104571248,-2.9999999999999916,0.1013045655996902
1,105.0,60.0,10.0,53,2032290505,0.4661837104571305,-2.4999999999999973,0.1013045655996902
1,105.0,60.0,10.0,54,2032290505,0.26618371045712763,-2.0000000000000027,0.1013045655996902
1,105.0,60.0,10.0,55,2032290505,0.7661837104571276,-2.0000000000000027,-0.39869543440030414
1,105.0,60.0,10.0,56,2032290505,1.0661837104571248,-2.4999999999999973,0.6013045655996972
1,105.0,60.0,10.0,57,2032290505,0.7661837104571276,-2.4999999999999973,0.1013045655996902
1,105.0,60.0,10.0,58,2032290505,0.4661837104571305,-2.4999999999999973,0.1013045655996902
1,105.0,60.0,10.0,59,2032290505,1.866183710457122,-2.4999999999999973,0.1013045655996902
1,105.0,60.0,10.0,60,2032290505,0.6661837104571333,-2.4999999999999973,-0.39869543440030414
1,105.0,60.0,10.0,61,2032290505,1.7661837104571276,-3.500000000000011,0.6013045655996972
1,105.0,60.0,10.0,62,2032290505,0.7661837104571276,-2.4999999999999973,0.1013045655996902
1,105.0,60.0,10.0,63,2032290505,1.0661837104571248,-2.0000000000000027,0.6013045655996972
1,105.0,60.0,10.0,64,2032290505,0.866183710457122,-2.0000000000000027,0.1013045655996902
1,105.0,60.0,10.0,65,2032290505,1.866183710457122,-2.4999999999999973,0.1013045655996902
1,105.0,60.0,10.0,66,2032290505,0.866183710457122,-2.0000000000000027,0.6013045655996972
1,105.0,60.0,10.0,67,2032290505,0.866183710457122,-2.0000000000000027,0.1013045655996902
1,105.0,60.0,10.0,68,2032290505,0.5661837104571248,-2.0000000000000027,0.1013045655996902
1,105.0,60.0,10.0,69,2032290505,1.0661837104571248,-2.4999999999999973,0.1013045655996902
1,105.0,60.0,10.0,70,2032290505,0.5661837104571248,-2.4999999999999973,0.6013045655996972
1,105.0,60.0,10.0,71,2032290505,0.26618371045712763,-2.0000000000000027,0.1013045655996902
1,105.0,60.0,10.0,72,2032290505,0.9661837104571305,-2.0000000000000027,0.6013045655996972
1,105.0,60.0,10.0,73,2032290505,0.06618371045712479,-2.0000000000000027,0.1013045655996902
1,105.0,60.0,10.0,74,2032290505,1.366183710457122,-2.4999999999999973,0.1013045655996902
1,105.0,60.0,10.0,75,2032290505,0.6661837104571333,-2.0000000000000027,0.6013045655996972
1,105.0,60.0,10.0,76,2032290505,0.866183710457122,-2.4999999999999973,0.1013045655996902
1,105.0,60.0,10.0,77,2032290505,0.4661837104571305,-2.4999999999999973,1.1013045655996916
1,105.0,60.0,10.0,78,2032290505,1.0661837104571248,-2.0000000000000027,0.1013045655996902
1,105.0,60.0,10.0,79,2032290505,0.866183710457122,-2.0000000000000027,0.1013045655996902
1,105.0,60.0,10.0,80,2032290505,0.9661837104571305,-2.4999999999999973,0.6013045655996972
1,105.0,60.0,10.0,81,2032290505,-0.13381628954286384,-1.5000000000000084,0.6013045655996972
1,105.0,60.0,10.0,82,2032290505,0.16618371045713332,-2.0000000000000027,0.1013045655996902
1,105.0,60.0,10.0,83,2032290505,1.2661837104571276,-2.9999999999999916,0.1013045655996902
1,105.0,60.0,10.0,84,2032290505,1.4661837104571305,-2.4999999999999973,0.1013045655996902
1,105.0,60.0,10.0,85,2032290505,1.5661837104571248,-2.0000000000000027,0.1013045655996902
1,105.0,60.0,10.0,86,2032290505,0.5661837104571248,-1.5000000000000084,0.1013045655996902
1,105.0,60.0,10.0,87,2032290505,0.5661837104571248,-2.0000000000000027,0.6013045655996972
1,105.0,60.0,10.0,88,2032290505,0.16618371045713332,-2.4999999999999973,0.1013045655996902
1,105.0,60.0,10.0,89,2032290505,0.7661837104571276,-2.0000000000000027,0.1013045655996902
1,105.0,60.0,10.0,90,2032290505,1.1661837104571333,-2.0000000000000027,0.1013045655996902
1,105.0,60.0,10.0,91,2032290505,0.9661837104571305,-2.4999999999999973,0.6013045655996972
1,105.0,60.0,10.0,92,2032290505,0.6661837104571333,-2.0000000000000027,0.1013045655996902
1,105.0,60.0,10.0,93,2032290505,0.866183710457122,-2.4999999999999973,0.1013045655996902
1,105.0,60.0,10.0,94,2032290505,1.666183710457119,-2.4999999999999973,-0.39869543440030414
1,105.0,60.0,10.0,95,2032290505,0.5661837104571248,-2.0000000000000027,0.1013045655996902
1,105.0,60.0,10.0,96,2032290505,0.7661837104571276,-2.4999999999999973,0.1013045655996902
1,105.0,60.0,10.0,97,2032290505,2.366183710457122,-2.9999999999999916,0.6013045655996972
1,105.0,60.0,10.0,98,2032290505,1.1661837104571333,-2.4999999999999973,0.1013045655996902
1,105.0,60.0,10.0,99,2032290505,0.7661837104571276,-2.0000000000000027,0.6013045655996972
1,105.0,60.0,10.0,100,2032290505,1.7661837104571276,-2.4999999999999973,0.6013045655996972
1,105.0,60.0,10.0,101,2032290505,1.4661837104571305,-2.0000000000000027,0.6013045655996972
1,105.0,60.0,10.0,102,2032290505,0.6661837104571333,-2.4999999999999973,0.1013045655996902
1,105.0,60.0,10.0,103,2032290505,0.9661837104571305,-2.0000000000000027,-0.39869543440030414
1,105.0,60.0,10.0,104,2032290505,1.0661837104571248,-2.9999999999999916,0.1013045655996902
1,105.0,60.0,10.0,105,2032290505,0.9661837104571305,-2.0000000000000027,0.6013045655996972
1,105.0,60.0,10.0,106,2032290505,1.666183710457119,-2.0000000000000027,0.1013045655996902
1,105.0,60.0,10.0,107,2032290505,1.2661837104571276,-2.4999999999999973,0.6013045655996972
1,105.0,60.0,10.0,108,2032290505,0.26618371045712763,-2.4999999999999973,0.1013045655996902
1,105.0,60.0,10.0,109,2032290505,0.4661837104571305,-2.0000000000000027,0.6013045655996972
1,105.0,60.0,10.0,110,2032290505,0.26618371045712763,-2.0000000000000027,0.6013045655996972
1,105.0,60.0,10.0,111,2032290505,1.0661837104571248,-2.4999999999999973,1.1013045655996916
1,105.0,60.0,10.0,112,2032290505,0.866183710457122,-2.4999999999999973,0.1013045655996902
1,105.0,60.0,10.0,113,2032290505,0.26618371045712763,-2.4999999999999973,0.1013045655996902
1,105.0,60.0,10.0,114,2032290505,1.4661837104571305,-2.9999999999999916,0.6013045655996972
1,105.0,60.0,10.0,115,2032290505,1.2661837104571276,-2.0000000000000027,0.6013045655996972
1,105.0,60.0,10.0,116,2032290505,0.26618371045712763,-2.0000000000000027,0.6013045655996972
1,105.0,60.0,10.0,117,2032290505,0.5661837104571248,-2.0000000000000027,0.1013045655996902
1,105.0,60.0,10.0,118,2032290505,1.366183710457122,-2.0000000000000027,1.1013045655996916
1,105.0,60.0,10.0,119,2032290505,-0.13381628954286384,-1.5000000000000084,-0.39869543440030414
1,105.0,60.0,10.0,120,2032290505,0.06618371045712479,-0.9999999999999887,0.6013045655996972
1,105.0,60.0,10.0,121,2032290505,1.7661837104571276,-2.4999999999999973,-0.39869543440030414
1,105.0,60.0,10.0,122,2032290505,0.5661837104571248,-1.5000000000000084,0.1013045655996902
1,105.0,60.0,10.0,123,2032290505,0.9661837104571305,-2.0000000000000027,-0.39869543440030414
1,105.0,60.0,10.0,124,2032290505,0.36618371045712195,-2.0000000000000027,0.1013045655996902
1,105.0,60.0,10.0,125,2032290505,0.7661837104571276,-2.4999999999999973,0.6013045655996972
1,105.0,60.0,10.0,126,2032290505,0.06618371045712479,-2.0000000000000027,0.6013045655996972
1,105.0,60.0,10.0,127,2032290505,1.1661837104571333,-2.0000000000000027,-0.39869543440030414
1,105.0,60.0,10.0,128,2032290505,0.36618371045712195,-2.0000000000000027,0.1013045655996902
1,105.0,60.0,10.0,129,2032290505,0.7661837104571276,-2.0000000000000027,0.1013045655996902
1,105.0,60.0,10.0,130,2032290505,0.36618371045712195,-2.4999999999999973,0.1013045655996902
1,105.0,60.0,10.0,131,2032290505,1.1661837104571333,-2.4999999999999973,0.1013045655996902
1,105.0,60.0,10.0,132,2032290505,1.5661837104571248,-2.9999999999999916,0.6013045655996972
1,105.0,60.0,10.0,133,2032290505,0.5661837104571248,-2.0000000000000027,0.6013045655996972
1,105.0,60.0,10.0,134,2032290505,1.366183710457122,-2.9999999999999916,-0.39869543440030414
1,105.0,60.0,10.0,135,2032290505,0.866183710457122,-2.4999999999999973,0.6013045655996972
1,105.0,60.0,10.0,136,2032290505,0.7661837104571276,-2.4999999999999973,0.6013045655996972
1,105.0,60.0,10.0,137,2032290505,0.7661837104571276,-2.0000000000000027,0.6013045655996972
1,105.0,60.0,10.0,138,2032290505,1.666183710457119,-2.9999999999999916,1.1013045655996916
1,105.0,60.0,10.0,139,2032290505,0.7661837104571276,-2.0000000000000027,-0.39869543440030414
1,105.0,60.0,10.0,140,2032290505,0.9661837104571305,-2.4999999999999973,0.6013045655996972
1,105.0,60.0,10.0,141,2032290505,1.2661837104571276,-2.4999999999999973,0.6013045655996972
1,105.0,60.0,10.0,142,2032290505,0.4661837104571305,-2.0000000000000027,0.1013045655996902
1,105.0,60.0,10.0,143,2032290505,1.0661837104571248,-2.4999999999999973,0.6013045655996972
1,105.0,60.0,10.0,144,2032290505,1.1661837104571333,-2.4999999999999973,0.1013045655996902
1,105.0,60.0,10.0,145,2032290505,1.4661837104571305,-2.4999999999999973,0.1013045655996902
1,105.0,60.0,10.0,146,2032290505,-0.033816289542869526,-1.5000000000000084,0.1013045655996902
1,105.0,60.0,10.0,147,2032290505,1.866183710457122,-2.9999999999999916,0.6013045655996972
1,105.0,60.0,10.0,148,2032290505,1.4661837104571305,-2.9999999999999916,0.1013045655996902
1,105.0,60.0,10.0,149,2032290505,1.866183710457122,-2.4999999999999973,0.6013045655996972
1,105.0,60.0,10.0,150,2032290505,0.16618371045713332,-2.4999999999999973,0.6013045655996972
1,105.0,60.0,10.0,151,2032290505,0.26618371045712763,-2.0000000000000027,0.1013045655996902
1,105.0,60.0,10.0,152,2032290505,0.9661837104571305,-2.4999999999999973,0.1013045655996902
1,105.0,60.0,10.0,153,2032290505,0.36618371045712195,-2.0000000000000027,0.6013045655996972
1,105.0,60.0,10.0,154,2032290505,1.0661837104571248,-2.0000000000000027,0.1013045655996902
1,105.0,60.0,10.0,155,2032290505,0.5661837104571248,-2.4999999999999973,0.1013045655996902
1,105.0,60.0,10.0,156,2032290505,0.866183710457122,-2.4999999999999973,0.6013045655996972
1,105.0,60.0,10.0,157,2032290505,1.0661837104571248,-2.0000000000000027,0.6013045655996972
1,105.0,60.0,10.0,158,2032290505,0.9661837104571305,-2.0000000000000027,0.6013045655996972
1,105.0,60.0,10.0,159,2032290505,0.7661837104571276,-2.0000000000000027,0.1013045655996902
1,105.0,60.0,10.0,160,2032290505,0.9661837104571305,-2.4999999999999973,0.6013045655996972
1,105.0,60.0,10.0,161,2032290505,1.1661837104571333,-1.5000000000000084,0.1013045655996902
1,105.0,60.0,10.0,162,2032290505,-0.7338162895428724,-1.5000000000000084,-0.39869543440030414
1,105.0,60.0,10.0,163,2032290505,0.4661837104571305,-2.0000000000000027,0.1013045655996902
1,105.0,60.0,10.0,164,2032290505,0.36618371045712195,-2.0000000000000027,-0.39869543440030414
1,105.0,60.0,10.0,165,2032290505,1.1661837104571333,-2.4999999999999973,0.6013045655996972
1,105.0,60.0,10.0,166,2032290505,1.1661837104571333,-2.0000000000000027,0.6013045655996972
1,105.0,60.0,10.0,167,2032290505,0.4661837104571305,-2.0000000000000027,0.1013045655996902
1,105.0,60.0,10.0,168,2032290505,1.7661837104571276,-2.4999999999999973,0.1013045655996902
1,105.0,60.0,10.0,169,2032290505,0.9661837104571305,-2.4999999999999973,0.1013045655996902
1,105.0,60.0,10.0,170,2032290505,1.666183710457119,-2.0000000000000027,0.1013045655996902
1,105.0,60.0,10.0,171,2032290505,1.0661837104571248,-2.0000000000000027,0.1013045655996902
1,105.0,60.0,10.0,172,2032290505,0.866183710457122,-2.4999999999999973,0.6013045655996972
1,105.0,60.0,10.0,173,2032290505,1.2661837104571276,-2.0000000000000027,0.1013045655996902
1,105.0,60.0,10.0,174,2032290505,1.0661837104571248,-2.0000000000000027,0.1013045655996902
1,105.0,60.0,10.0,175,2032290505,1.2661837104571276,-2.4999999999999973,-0.39869543440030414
1,105.0,60.0,10.0,176,2032290505,0.36618371045712195,-1.5000000000000084,0.1013045655996902
1,105.0,60.0,10.0,177,2032290505,0.6661837104571333,-1.5000000000000084,0.1013045655996902
1,105.0,60.0,10.0,178,2032290505,1.666183710457119,-2.9999999999999916,0.6013045655996972
1,105.0,60.0,10.0,179,2032290505,1.0661837104571248,-2.4999999999999973,0.1013045655996902
1,105.0,60.0,10.0,180,2032290505,0.866183710457122,-2.0000000000000027,-0.39869543440030414
1,105.0,60.0,10.0,181,2032290505,0.6661837104571333,-1.5000000000000084,0.1013045655996902
1,105.0,60.0,10.0,182,2032290505,0.5661837104571248,-2.0000000000000027,0.1013045655996902
1,105.0,60.0,10.0,183,2032290505,0.866183710457122,-2.0000000000000027,0.1013045655996902
1,105.0,60.0,10.0,184,2032290505,0.6661837104571333,-2.0000000000000027,0.6013045655996972
1,105.0,60.0,10.0,185,2032290505,1.1661837104571333,-2.0000000000000027,0.1013045655996902
1,105.0,60.0,10.0,186,2032290505,-0.033816289542869526,-1.5000000000000084,0.6013045655996972
1,105.0,60.0,10.0,187,2032290505,0.26618371045712763,-2.0000000000000027,0.6013045655996972
1,105.0,60.0,10.0,188,2032290505,0.36618371045712195,-2.4999999999999973,0.6013045655996972
1,105.0,60.0,10.0,189,2032290505,1.4661837104571305,-2.4999999999999973,0.6013045655996972
1,105.0,60.0,10.0,190,2032290505,0.866183710457122,-2.0000000000000027,-0.39869543440030414
1,105.0,60.0,10.0,191,2032290505,1.2661837104571276,-2.4999999999999973,0.6013045655996972
1,105.0,60.0,10.0,192,2032290505,0.866183710457122,-2.0000000000000027,-0.39869543440030414
1,105.0,60.0,10.0,193,2032290505,0.9661837104571305,-2.4999999999999973,0.1013045655996902
1,105.0,60.0,10.0,194,2032290505,0.36618371045712195,-2.4999999999999973,0.1013045655996902
1,105.0,60.0,10.0,195,2032290505,1.0661837104571248,-2.0000000000000027,0.1013045655996902
1,105.0,60.0,10.0,196,2032290505,1.1661837104571333,-2.0000000000000027,0.6013045655996972
1,105.0,60.0,10.0,197,2032290505,0.4661837104571305,-2.0000000000000027,0.6013045655996972
1,105.0,60.0,10.0,198,2032290505,0.866183710457122,-2.0000000000000027,1.1013045655996916
1,105.0,60.0,10.0,199,2032290505,0.26618371045712763,-2.0000000000000027,0.1013045655996902
2,60.0,80.0,-15.0,0,2032290600,143.09273487780945,-45.999999999999986,25.323861943040484
2,60.0,80.0,-15.0,1,2032290600,60.292734877809764,90.0,-2.6761380569595183
2,60.0,80.0,-15.0,2,2032290600,-0.5072651221900202,4.000000000000005,1.323861943040481
2,60.0,80.0,-15.0,3,2032290600,1.6927348778099685,8.00000000000001,-0.6761380569595218
2,60.0,80.0,-15.0,4,2032290600,-82.70726512218972,-4.999999999999995,-59.67613805695952
2,60.0,80.0,-15.0,5,2032290600,69.99273487780972,-90.0,-62.67613805695952
2,60.0,80.0,-15.0,6,2032290600,23.79273487780989,35.000000000000014,-17.67613805695952
2,60.0,80.0,-15.0,7,2032290600,3.592734877809974,0.0,8.323861943040479
2,60.0,80.0,-15.0,8,2032290600,-69.40726512218977,20.999999999999993,-12.17613805695952
2,60.0,80.0,-15.0,9,2032290600,0.3927348778099855,3.500000000000011,-1.1761380569595226
2,60.0,80.0,-15.0,10,2032290600,-85.20726512218971,-29.999999999999993,-50.67613805695952
2,60.0,80.0,-15.0,11,2032290600,63.99273487780975,90.0,-25.17613805695952
2,60.0,80.0,-15.0,12,2032290600,0.8927348778099855,2.9999999999999916,3.823861943040478
2,60.0,80.0,-15.0,13,2032290600,64.69273487780974,50.999999999999986,-84.67613805695952
2,60.0,80.0,-15.0,14,2032290600,-56.107265122189816,40.5,-15.17613805695952
2,60.0,80.0,-15.0,15,2032290600,-46.20726512218985,-59.999999999999986,-46.17613805695952
2,60.0,80.0,-15.0,16,2032290600,-76.20726512218974,-45.999999999999986,-28.176138056959523
2,60.0,80.0,-15.0,17,2032290600,-1.6072651221900145,2.4999999999999973,1.323861943040481
2,60.0,80.0,-15.0,18,2032290600,71.69273487780974,-44.50000000000001,-52.67613805695952
2,60.0,80.0,-15.0,19,2032290600,10.792734877809949,-5.4999999999999885,3.823861943040478
2,60.0,80.0,-15.0,20,2032290600,-5.207265122189995,-21.50000000000001,-73.67613805695953
2,60.0,80.0,-15.0,21,2032290600,99.69273487780963,-9.0,-84.17613805695953
2,60.0,80.0,-15.0,22,2032290600,-84.30726512218972,47.0,-13.17613805695952
2,60.0,80.0,-15.0,23,2032290600,-44.20726512218986,-44.50000000000001,14.82386194304048
2,60.0,80.0,-15.0,24,2032290600,-46.50726512218985,-47.5,-32.17613805695952
2,60.0,80.0,-15.0,25,2032290600,36.09273487780986,17.00000000000001,36.323861943040484
2,60.0,80.0,-15.0,26,2032290600,10.492734877809951,-11.000000000000004,-0.17613805695952112
2,60.0,80.0,-15.0,27,2032290600,-3.707265122190009,2.0000000000000027,8.823861943040479
2,60.0,80.0,-15.0,28,2032290600,-33.4072651221899,20.000000000000004,-64.67613805695953
2,60.0,80.0,-15.0,29,2032290600,-68.90726512218977,13.999999999999995,-11.176138056959521
2,60.0,80.0,-15.0,30,2032290600,-61.5072651221898,-90.0,-103.67613805695952
2,60.0,80.0,-15.0,31,2032290600,-24.507265122189935,-27.99999999999999,9.32386194304048
2,60.0,80.0,-15.0,32,2032290600,-0.6072651221900145,-2.9999999999999916,0.3238619430404796
2,60.0,80.0,-15.0,33,2032290600,-7.507265122189992,2.4999999999999973,-0.17613805695952112
2,60.0,80.0,-15.0,34,2032290600,27.49273487780988,-6.500000000000003,17.82386194304048
2,60.0,80.0,-15.0,35,2032290600,-3.007265122190006,1.5000000000000084,0.3238619430404796
2,60.0,80.0,-15.0,36,2032290600,33.09273487780986,15.999999999999996,-6.676138056959518
2,60.0,80.0,-15.0,37,2032290600,-58.40726512218981,-90.0,13.82386194304048
2,60.0,80.0,-15.0,38,2032290600,-65.2072651221898,81.50000000000001,-19.67613805695952
2,60.0,80.0,-15.0,39,2032290600,56.69273487780977,-12.50000000000001,-0.6761380569595218
2,60.0,80.0,-15.0,40,2032290600,150.89273487780946,-90.0,-103.17613805695953
2,60.0,80.0,-15.0,41,2032290600,123.29273487780954,-49.5,-22.17613805695952
2,60.0,80.0,-15.0,42,2032290600,-24.907265122189926,-75.5,-56.17613805695952
2,60.0,80.0,-15.0,43,2032290600,-31.1072651221899,-17.500000000000007,-3.6761380569595197
2,60.0,80.0,-15.0,44,2032290600,37.89273487780984,38.5,-3.176138056959519
2,60.0,80.0,-15.0,45,2032290600,105.0927348778096,90.0,-74.67613805695952
2,60.0,80.0,-15.0,46,2032290600,-89.1072651221897,36.999999999999986,-97.17613805695952
2,60.0,80.0,-15.0,47,2032290600,-66.70726512218978,24.999999999999996,-31.17613805695952
2,60.0,80.0,-15.0,48,2032290600,38.59273487780983,11.499999999999996,-27.676138056959523
2,60.0,80.0,-15.0,49,2032290600,70.99273487780972,-16.499999999999993,-10.17613805695952
2,60.0,80.0,-15.0,50,2032290600,-61.6072651221898,-48.499999999999986,-87.67613805695953
2,60.0,80.0,-15.0,51,2032290600,-36.30726512218989,-90.0,-77.17613805695952
2,60.0,80.0,-15.0,52,2032290600,-68.20726512218977,-13.5,-21.176138056959523
2,60.0,80.0,-15.0,53,2032290600,112.49273487780958,-36.999999999999986,-17.67613805695952
2,60.0,80.0,-15.0,54,2032290600,59.092734877809775,54.50000000000002,-71.67613805695953
2,60.0,80.0,-15.0,55,2032290600,7.292734877809963,-2.4999999999999973,4.823861943040479
2,60.0,80.0,-15.0,56,2032290600,-7.707265122189995,0.0,6.323861943040482
2,60.0,80.0,-15.0,57,2032290600,-3.807265122190003,-5.4999999999999885,-2.6761380569595183
2,60.0,80.0,-15.0,58,2032290600,-84.80726512218972,-90.0,30.823861943040484
2,60.0,80.0,-15.0,59,2032290600,-29.70726512218991,13.000000000000005,10.823861943040482
2,60.0,80.0,-15.0,60,2032290600,130.69273487780953,17.00000000000001,-102.67613805695952
2,60.0,80.0,-15.0,61,2032290600,150.59273487780945,47.5,-50.67613805695952
2,60.0,80.0,-15.0,62,2032290600,-78.30726512218973,90.0,23.32386194304048
2,60.0,80.0,-15.0,63,2032290600,57.092734877809775,-90.0,31.823861943040487
2,60.0,80.0,-15.0,64,2032290600,-12.107265122189972,-4.5,7.323861943040477
2,60.0,80.0,-15.0,65,2032290600,43.59273487780983,44.000000000000014,-74.17613805695953
2,60.0,80.0,-15.0,66,2032290600,113.59273487780958,-9.499999999999995,-46.17613805695952
2,60.0,80.0,-15.0,67,2032290600,83.59273487780969,29.499999999999996,-78.67613805695953
2,60.0,80.0,-15.0,68,2032290600,-89.1072651221897,-8.500000000000005,-16.17613805695952
2,60.0,80.0,-15.0,69,2032290600,49.1927348778098,-80.5,-46.67613805695952
2,60.0,80.0,-15.0,70,2032290600,7.192734877809954,4.000000000000005,-4.6761380569595214
2,60.0,80.0,-15.0,71,2032290600,37.89273487780984,-4.5,-13.676138056959521
2,60.0,80.0,-15.0,72,2032290600,6.09273487780996,-6.999999999999997,0.3238619430404796
2,60.0,80.0,-15.0,73,2032290600,-43.90726512218986,-22.999999999999993,5.823861943040481
2,60.0,80.0,-15.0,74,2032290600,-7.707265122189995,-24.000000000000007,33.323861943040484
2,60.0,80.0,-15.0,75,2032290600,15.592734877809932,-29.000000000000004,-34.176138056959516
2,60.0,80.0,-15.0,76,2032290600,114.39273487780959,0.0,10.823861943040482
2,60.0,80.0,-15.0,77,2032290600,-75.10726512218974,31.5,-49.67613805695952
2,60.0,80.0,-15.0,78,2032290600,-29.107265122189915,47.0,-57.676138056959516
2,60.0,80.0,-15.0,79,2032290600,12.292734877809934,-8.00000000000001,3.3238619430404777
2,60.0,80.0,-15.0,80,2032290600,-39.90726512218988,-52.49999999999999,16.323861943040484
2,60.0,80.0,-15.0,81,2032290600,128.0927348778095,-15.500000000000004,-18.17613805695952
2,60.0,80.0,-15.0,82,2032290600,117.49273487780955,13.000000000000005,-82.67613805695953
2,60.0,80.0,-15.0,83,2032290600,9.892734877809943,-6.000000000000009,-0.6761380569595218
2,60.0,80.0,-15.0,84,2032290600,-72.10726512218976,-71.0,25.323861943040484
2,60.0,80.0,-15.0,85,2032290600,94.49273487780964,-90.0,30.323861943040477
2,60.0,80.0,-15.0,86,2032290600,-82.50726512218972,-8.500000000000005,-16.17613805695952
2,60.0,80.0,-15.0,87,2032290600,32.492734877809866,45.999999999999986,-1.1761380569595226
2,60.0,80.0,-15.0,88,2032290600,52.39273487780979,6.000000000000009,-18.676138056959523
2,60.0,80.0,-15.0,89,2032290600,-60.1072651221898,90.0,-69.17613805695953
2,60.0,80.0,-15.0,90,2032290600,55.592734877809775,18.0,-54.67613805695952
2,60.0,80.0,-15.0,91,2032290600,-76.70726512218974,-49.99999999999999,-53.176138056959516
2,60.0,80.0,-15.0,92,2032290600,-10.70726512218998,0.9999999999999887,4.823861943040479
2,60.0,80.0,-15.0,93,2032290600,-18.607265122189958,-29.999999999999993,-60.17613805695953
2,60.0,80.0,-15.0,94,2032290600,5.6927348778099685,-0.9999999999999887,3.823861943040478
2,60.0,80.0,-15.0,95,2032290600,48.892734877809815,-8.500000000000005,-37.17613805695952
2,60.0,80.0,-15.0,96,2032290600,68.29273487780974,-90.0,-91.17613805695952
2,60.0,80.0,-15.0,97,2032290600,-1.4072651221900117,-2.0000000000000027,2.8238619430404768
2,60.0,80.0,-15.0,98,2032290600,112.7927348778096,-18.99999999999999,11.323861943040482
2,60.0,80.0,-15.0,99,2032290600,146.49273487780948,36.0,-72.67613805695952
2,60.0,80.0,-15.0,100,2032290600,73.19273487780971,13.000000000000005,15.323861943040482
2,60.0,80.0,-15.0,101,2032290600,87.39273487780967,90.0,-21.67613805695952
2,60.0,80.0,-15.0,102,2032290600,-72.60726512218976,-52.49999999999999,-51.176138056959516
2,60.0,80.0,-15.0,103,2032290600,98.59273487780963,17.500000000000007,-31.17613805695952
2,60.0,80.0,-15.0,104,2032290600,116.79273487780956,33.00000000000001,-34.176138056959516
2,60.0,80.0,-15.0,105,2032290600,37.29273487780985,31.5,-1.6761380569595232
2,60.0,80.0,-15.0,106,2032290600,-73.20726512218977,-61.0,6.823861943040482
2,60.0,80.0,-15.0,107,2032290600,-89.1072651221897,20.999999999999993,-96.17613805695952
2,60.0,80.0,-15.0,108,2032290600,8.692734877809954,2.9999999999999916,-6.176138056959523
2,60.0,80.0,-15.0,109,2032290600,3.2927348778099628,-0.9999999999999887,-1.1761380569595226
2,60.0,80.0,-15.0,110,2032290600,-11.407265122189983,2.0000000000000027,-3.6761380569595197
2,60.0,80.0,-15.0,111,2032290600,14.892734877809929,-90.0,-6.676138056959518
2,60.0,80.0,-15.0,112,2032290600,22.992734877809895,-30.499999999999986,-41.67613805695952
2,60.0,80.0,-15.0,113,2032290600,50.6927348778098,55.50000000000001,-0.6761380569595218
2,60.0,80.0,-15.0,114,2032290600,142.39273487780946,68.0,-2.6761380569595183
2,60.0,80.0,-15.0,115,2032290600,123.39273487780953,15.500000000000004,-47.676138056959516
2,60.0,80.0,-15.0,116,2032290600,-3.9072651221899974,-6.000000000000009,7.823861943040478
2,60.0,80.0,-15.0,117,2032290600,24.09273487780989,6.500000000000003,-4.176138056959521
2,60.0,80.0,-15.0,118,2032290600,-11.407265122189983,9.99999999999999,-3.176138056959519
2,60.0,80.0,-15.0,119,2032290600,6.09273487780996,1.5000000000000084,0.3238619430404796
2,60.0,80.0,-15.0,120,2032290600,6.09273487780996,-2.0000000000000027,11.323861943040482
2,60.0,80.0,-15.0,121,2032290600,28.292734877809878,24.999999999999996,-1.1761380569595226
2,60.0,80.0,-15.0,122,2032290600,-79.20726512218974,-6.000000000000009,-5.676138056959522
2,60.0,80.0,-15.0,123,2032290600,84.29273487780968,-31.5,-90.17613805695952
2,60.0,80.0,-15.0,124,2032290600,-11.907265122189969,56.5,-46.67613805695952
2,60.0,80.0,-15.0,125,2032290600,-70.50726512218976,18.499999999999993,-60.67613805695952
2,60.0,80.0,-15.0,126,2032290600,-71.10726512218977,-47.5,-4.176138056959521
2,60.0,80.0,-15.0,127,2032290600,70.09273487780972,45.49999999999999,-22.67613805695952
2,60.0,80.0,-15.0,128,2032290600,-13.307265122189975,28.500000000000007,-33.67613805695952
2,60.0,80.0,-15.0,129,2032290600,31.792734877809878,6.999999999999997,-10.67613805695952
2,60.0,80.0,-15.0,130,2032290600,-6.207265122189995,4.999999999999995,-2.1761380569595175
2,60.0,80.0,-15.0,131,2032290600,-15.207265122189966,-15.000000000000009,-3.176138056959519
2,60.0,80.0,-15.0,132,2032290600,3.1927348778099685,5.4999999999999885,-3.6761380569595197
2,60.0,80.0,-15.0,133,2032290600,115.69273487780957,-90.0,-66.67613805695952
2,60.0,80.0,-15.0,134,2032290600,-80.40726512218973,-59.500000000000014,-17.67613805695952
2,60.0,80.0,-15.0,135,2032290600,-1.8072651221900173,-6.000000000000009,4.823861943040479
2,60.0,80.0,-15.0,136,2032290600,-0.6072651221900145,2.0000000000000027,1.323861943040481
2,60.0,80.0,-15.0,137,2032290600,-89.1072651221897,53.000000000000014,11.823861943040484
2,60.0,80.0,-15.0,138,2032290600,-1.1072651221900145,-0.49999999999999434,-3.176138056959519
2,60.0,80.0,-15.0,139,2032290600,2.6927348778099685,-0.49999999999999434,6.823861943040482
2,60.0,80.0,-15.0,140,2032290600,137.0927348778095,12.50000000000001,-15.17613805695952
2,60.0,80.0,-15.0,141,2032290600,-2.207265122190009,0.0,-1.1761380569595226
2,60.0,80.0,-15.0,142,2032290600,108.49273487780958,-67.0,-67.17613805695953
2,60.0,80.0,-15.0,143,2032290600,-88.50726512218971,-11.000000000000004,-79.17613805695952
2,60.0,80.0,-15.0,144,2032290600,-74.40726512218976,90.0,-90.67613805695952
2,60.0,80.0,-15.0,145,2032290600,86.39273487780967,47.0,-111.17613805695953
2,60.0,80.0,-15.0,146,2032290600,74.69273487780971,8.500000000000005,26.82386194304048
2,60.0,80.0,-15.0,147,2032290600,56.19273487780977,-41.500000000000014,-78.17613805695953
2,60.0,80.0,-15.0,148,2032290600,47.99273487780981,-54.999999999999986,-9.176138056959521
2,60.0,80.0,-15.0,149,2032290600,-25.307265122189932,6.500000000000003,-23.176138056959523
2,60.0,80.0,-15.0,150,2032290600,43.09273487780983,56.5,13.82386194304048
2,60.0,80.0,-15.0,151,2032290600,-72.20726512218977,45.49999999999999,12.823861943040479
2,60.0,80.0,-15.0,152,2032290600,1.5927348778099741,-2.9999999999999916,-2.6761380569595183
2,60.0,80.0,-15.0,153,2032290600,-60.9072651221898,-27.0,-89.67613805695953
2,60.0,80.0,-15.0,154,2032290600,29.392734877809872,-15.500000000000004,5.823861943040481
2,60.0,80.0,-15.0,155,2032290600,36.192734877809855,9.0,-2.6761380569595183
2,60.0,80.0,-15.0,156,2032290600,-89.1072651221897,0.0,-12.67613805695952
2,60.0,80.0,-15.0,157,2032290600,105.0927348778096,2.0000000000000027,-34.676138056959516
2,60.0,80.0,-15.0,158,2032290600,-89.1072651221897,52.49999999999999,-34.176138056959516
2,60.0,80.0,-15.0,159,2032290600,86.89273487780967,-90.0,-7.176138056959518
2,60.0,80.0,-15.0,160,2032290600,-8.507265122189992,13.000000000000005,-46.67613805695952
2,60.0,80.0,-15.0,161,2032290600,129.99273487780954,-36.0,-1.6761380569595232
2,60.0,80.0,-15.0,162,2032290600,-6.207265122189995,22.000000000000007,-84.67613805695952
2,60.0,80.0,-15.0,163,2032290600,12.992734877809937,-54.0,-63.676138056959516
2,60.0,80.0,-15.0,164,2032290600,-70.60726512218977,-7.499999999999991,-71.67613805695953
2,60.0,80.0,-15.0,165,2032290600,55.6927348778098,90.0,-98.17613805695952
2,60.0,80.0,-15.0,166,2032290600,-32.807265122189904,-33.5,0.8238619430404803
2,60.0,80.0,-15.0,167,2032290600,101.49273487780961,-53.50000000000001,-19.17613805695952
2,60.0,80.0,-15.0,168,2032290600,-13.307265122189975,-4.5,13.323861943040479
2,60.0,80.0,-15.0,169,2032290600,44.59273487780983,-57.499999999999986,6.823861943040482
2,60.0,80.0,-15.0,170,2032290600,-20.40726512218994,90.0,-104.17613805695953
2,60.0,80.0,-15.0,171,2032290600,107.99273487780961,9.99999999999999,-28.676138056959523
2,60.0,80.0,-15.0,172,2032290600,-2.207265122190009,-2.4999999999999973,-2.6761380569595183
2,60.0,80.0,-15.0,173,2032290600,131.7927348778095,-7.499999999999991,-61.67613805695952
2,60.0,80.0,-15.0,174,2032290600,-21.307265122189946,90.0,-91.17613805695952
2,60.0,80.0,-15.0,175,2032290600,2.9927348778099656,-10.500000000000009,-10.17613805695952
2,60.0,80.0,-15.0,176,2032290600,0.3927348778099855,-1.5000000000000084,2.8238619430404768
2,60.0,80.0,-15.0,177,2032290600,-19.107265122189958,58.00000000000001,-102.67613805695952
2,60.0,80.0,-15.0,178,2032290600,150.39273487780946,-58.99999999999999,-71.67613805695953
2,60.0,80.0,-15.0,179,2032290600,12.092734877809946,-8.500000000000005,3.823861943040478
2,60.0,80.0,-15.0,180,2032290600,4.1927348778099685,-0.49999999999999434,-3.176138056959519
2,60.0,80.0,-15.0,181,2032290600,-0.7072651221900088,-0.49999999999999434,-0.6761380569595218
2,60.0,80.0,-15.0,182,2032290600,-46.407265122189855,-28.500000000000007,-18.676138056959523
2,60.0,80.0,-15.0,183,2032290600,147.99273487780948,-42.5,-17.17613805695952
2,60.0,80.0,-15.0,184,2032290600,3.9927348778099656,-6.500000000000003,4.3238619430404786
2,60.0,80.0,-15.0,185,2032290600,33.09273487780986,-62.50000000000001,-21.176138056959523
2,60.0,80.0,-15.0,186,2032290600,83.09273487780969,-36.999999999999986,-29.67613805695952
2,60.0,80.0,-15.0,187,2032290600,60.092734877809775,73.50000000000001,-75.17613805695952
2,60.0,80.0,-15.0,188,2032290600,149.99273487780943,-18.99999999999999,-42.67613805695952
2,60.0,80.0,-15.0,189,2032290600,91.59273487780966,6.000000000000009,-4.6761380569595214
2,60.0,80.0,-15.0,190,2032290600,-67.60726512218977,44.000000000000014,-45.17613805695952
2,60.0,80.0,-15.0,191,2032290600,103.89273487780962,45.999999999999986,-13.676138056959521
2,60.0,80.0,-15.0,192,2032290600,-31.407265122189912,60.5,-15.676138056959521
2,60.0,80.0,-15.0,193,2032290600,107.0927348778096,33.5,-69.67613805695953
2,60.0,80.0,-15.0,194,2032290600,63.292734877809764,-6.000000000000009,-36.67613805695952
2,60.0,80.0,-15.0,195,2032290600,144.99273487780948,76.0,34.323861943040484
2,60.0,80.0,-15.0,196,2032290600,-17.007265122189963,90.0,-64.17613805695952
2,60.0,80.0,-15.0,197,2032290600,-89.1072651221897,15.999999999999996,-31.67613805695952
2,60.0,80.0,-15.0,198,2032290600,6.09273487780996,-4.999999999999995,-4.176138056959521
2,60.0,80.0,-15.0,199,2032290600,-81.40726512218973,52.00000000000002,-32.67613805695952
2,60.0,80.0,-10.0,0,2032290601,138.2927348778095,-9.0,-35.176138056959516
2,60.0,80.0,-10.0,1,2032290601,7.59273487780996,-6.000000000000009,-1.1761380569595226
2,60.0,80.0,-10.0,2,2032290601,-24.907265122189926,83.00000000000003,-101.17613805695953
2,60.0,80.0,-10.0,3,2032290601,-27.60726512218993,7.499999999999991,-8.67613805695952
2,60.0,80.0,-10.0,4,2032290601,8.392734877809957,-3.500000000000011,1.323861943040481
2,60.0,80.0,-10.0,5,2032290601,2.1927348778099685,-4.000000000000005,2.8238619430404768
2,60.0,80.0,-10.0,6,2032290601,11.392734877809943,-11.000000000000004,2.3238619430404825
2,60.0,80.0,-10.0,7,2032290601,5.292734877809963,-2.9999999999999916,1.8238619430404817
2,60.0,80.0,-10.0,8,2032290601,87.59273487780966,4.000000000000005,-65.17613805695953
2,60.0,80.0,-10.0,9,2032290601,8.692734877809954,-4.5,1.8238619430404817
2,60.0,80.0,-10.0,10,2032290601,3.592734877809974,-0.9999999999999887,-1.1761380569595226
2,60.0,80.0,-10.0,11,2032290601,8.792734877809949,-4.000000000000005,4.823861943040479
2,60.0,80.0,-10.0,12,2032290601,53.89273487780979,10.500000000000009,-79.17613805695952
2,60.0,80.0,-10.0,13,2032290601,4.792734877809963,-1.5000000000000084,1.8238619430404817
2,60.0,80.0,-10.0,14,2032290601,10.992734877809937,-4.5,0.8238619430404803
2,60.0,80.0,-10.0,15,2032290601,82.89273487780967,-82.0,17.82386194304048
2,60.0,80.0,-10.0,16,2032290601,18.99273487780991,15.500000000000004,-12.67613805695952
2,60.0,80.0,-10.0,17,2032290601,76.2927348778097,-90.0,3.3238619430404777
2,60.0,80.0,-10.0,18,2032290601,-31.807265122189904,33.5,-42.67613805695952
2,60.0,80.0,-10.0,19,2032290601,-10.307265122189975,6.999999999999997,-3.176138056959519
2,60.0,80.0,-10.0,20,2032290601,-3.207265122190009,6.500000000000003,1.8238619430404817
2,60.0,80.0,-10.0,21,2032290601,-22.007265122189935,-45.49999999999999,-52.67613805695952
2,60.0,80.0,-10.0,22,2032290601,5.59273487780996,-2.4999999999999973,3.3238619430404777
2,60.0,80.0,-10.0,23,2032290601,39.59273487780983,29.999999999999993,-47.676138056959516
2,60.0,80.0,-10.0,24,2032290601,19.19273487780991,39.499999999999986,-39.176138056959516
2,60.0,80.0,-10.0,25,2032290601,41.192734877809826,-56.5,-41.17613805695952
2,60.0,80.0,-10.0,26,2032290601,0.9927348778099798,-1.5000000000000084,1.323861943040481
2,60.0,80.0,-10.0,27,2032290601,108.7927348778096,-27.99999999999999,-42.67613805695952
2,60.0,80.0,-10.0,28,2032290601,4.992734877809966,-2.9999999999999916,0.8238619430404803
2,60.0,80.0,-10.0,29,2032290601,94.19273487780966,63.0,-65.67613805695952
2,60.0,80.0,-10.0,30,2032290601,-1.6072651221900145,0.9999999999999887,-3.176138056959519
2,60.0,80.0,-10.0,31,2032290601,116.69273487780957,4.000000000000005,3.823861943040478
2,60.0,80.0,-10.0,32,2032290601,2.1927348778099685,-2.9999999999999916,4.823861943040479
2,60.0,80.0,-10.0,33,2032290601,50.6927348778098,81.0,-33.17613805695952
2,60.0,80.0,-10.0,34,2032290601,8.492734877809951,-0.9999999999999887,-1.1761380569595226
2,60.0,80.0,-10.0,35,2032290601,0.09273487780997414,2.0000000000000027,2.3238619430404825
2,60.0,80.0,-10.0,36,2032290601,88.99273487780967,-64.50000000000001,-24.17613805695952
2,60.0,80.0,-10.0,37,2032290601,-40.60726512218987,-37.50000000000001,-17.67613805695952
2,60.0,80.0,-10.0,38,2032290601,53.99273487780978,-6.999999999999997,-58.67613805695952
2,60.0,80.0,-10.0,39,2032290601,-54.10726512218983,90.0,3.3238619430404777
2,60.0,80.0,-10.0,40,2032290601,-35.40726512218989,81.99999999999999,-52.67613805695952
2,60.0,80.0,-10.0,41,2032290601,7.992734877809951,-4.000000000000005,-1.6761380569595232
2,60.0,80.0,-10.0,42,2032290601,133.5927348778095,5.4999999999999885,11.323861943040482
2,60.0,80.0,-10.0,43,2032290601,-0.9072651221900117,-0.49999999999999434,-2.1761380569595175
2,60.0,80.0,-10.0,44,2032290601,-5.207265122189995,-0.9999999999999887,-0.17613805695952112
2,60.0,80.0,-10.0,45,2032290601,6.392734877809957,-4.999999999999995,0.3238619430404796
2,60.0,80.0,-10.0,46,2032290601,24.992734877809895,26.00000000000001,-5.1761380569595214
2,60.0,80.0,-10.0,47,2032290601,141.69273487780947,-4.999999999999995,-1.1761380569595226
2,60.0,80.0,-10.0,48,2032290601,0.6927348778099827,0.0,-0.17613805695952112
2,60.0,80.0,-10.0,49,2032290601,-3.307265122190003,4.000000000000005,-5.1761380569595214
2,60.0,80.0,-10.0,50,2032290601,139.0927348778095,-77.5,-106.67613805695953
2,60.0,80.0,-10.0,51,2032290601,2.592734877809974,-0.9999999999999887,-1.6761380569595232
2,60.0,80.0,-10.0,52,2032290601,3.092734877809974,-2.4999999999999973,-2.1761380569595175
2,60.0,80.0,-10.0,53,2032290601,-5.507265122189992,3.500000000000011,1.8238619430404817
2,60.0,80.0,-10.0,54,2032290601,-43.30726512218986,-42.5,-73.17613805695952
2,60.0,80.0,-10.0,55,2032290601,2.292734877809977,0.0,0.8238619430404803
2,60.0,80.0,-10.0,56,2032290601,2.49273487780998,-0.49999999999999434,-1.6761380569595232
2,60.0,80.0,-10.0,57,2032290601,4.092734877809974,-2.4999999999999973,-1.1761380569595226
2,60.0,80.0,-10.0,58,2032290601,15.492734877809923,45.49999999999999,-7.676138056959519
2,60.0,80.0,-10.0,59,2032290601,-49.50726512218984,-13.5,-19.67613805695952
2,60.0,80.0,-10.0,60,2032290601,4.992734877809966,-2.4999999999999973,1.8238619430404817
2,60.0,80.0,-10.0,61,2032290601,-0.40726512219001165,0.0,3.823861943040478
2,60.0,80.0,-10.0,62,2032290601,16.79273487780992,-90.0,-0.17613805695952112
2,60.0,80.0,-10.0,63,2032290601,23.492734877809895,29.000000000000004,-6.676138056959518
2,60.0,80.0,-10.0,64,2032290601,3.1927348778099685,-2.4999999999999973,1.323861943040481
2,60.0,80.0,-10.0,65,2032290601,6.392734877809957,-2.4999999999999973,-0.17613805695952112
2,60.0,80.0,-10.0,66,2032290601,110.99273487780958,90.0,-15.676138056959521
2,60.0,80.0,-10.0,67,2032290601,-5.307265122190003,1.5000000000000084,1.323861943040481
2,60.0,80.0,-10.0,68,2032290601,0.09273487780997414,-1.5000000000000084,3.823861943040478
2,60.0,80.0,-10.0,69,2032290601,-71.90726512218976,-90.0,6.323861943040482
2,60.0,80.0,-10.0,70,2032290601,-0.1072651221900145,-3.500000000000011,0.8238619430404803
2,60.0,80.0,-10.0,71,2032290601,4.792734877809963,0.0,-0.17613805695952112
2,60.0,80.0,-10.0,72,2032290601,12.592734877809932,-5.4999999999999885,-2.1761380569595175
2,60.0,80.0,-10.0,73,2032290601,6.692734877809954,0.9999999999999887,-1.6761380569595232
2,60.0,80.0,-10.0,74,2032290601,-1.6072651221900145,-0.9999999999999887,-0.17613805695952112
2,60.0,80.0,-10.0,75,2032290601,64.89273487780976,-74.5,-51.67613805695952
2,60.0,80.0,-10.0,76,2032290601,41.79273487780982,48.499999999999986,-37.17613805695952
2,60.0,80.0,-10.0,77,2032290601,109.39273487780959,62.000000000000014,-14.176138056959521
2,60.0,80.0,-10.0,78,2032290601,149.19273487780947,-8.500000000000005,-103.67613805695952
2,60.0,80.0,-10.0,79,2032290601,11.992734877809937,-1.5000000000000084,0.8238619430404803
2,60.0,80.0,-10.0,80,2032290601,3.4927348778099656,-4.5,-0.17613805695952112
2,60.0,80.0,-10.0,81,2032290601,4.792734877809963,-2.0000000000000027,-0.17613805695952112
2,60.0,80.0,-10.0,82,2032290601,-7.807265122189989,0.49999999999999434,1.323861943040481
2,60.0,80.0,-10.0,83,2032290601,93.79273487780965,0.9999999999999887,-53.176138056959516
2,60.0,80.0,-10.0,84,2032290601,-5.707265122189995,-0.49999999999999434,3.823861943040478
2,60.0,80.0,-10.0,85,2032290601,114.69273487780957,8.00000000000001,-26.67613805695952
2,60.0,80.0,-10.0,86,2032290601,-1.7072651221900088,-2.0000000000000027,1.8238619430404817
2,60.0,80.0,-10.0,87,2032290601,86.99273487780967,-90.0,-83.67613805695952
2,60.0,80.0,-10.0,88,2032290601,-69.90726512218977,-58.00000000000001,-36.17613805695952
2,60.0,80.0,-10.0,89,2032290601,-0.1072651221900145,-1.5000000000000084,2.8238619430404768
2,60.0,80.0,-10.0,90,2032290601,111.2927348778096,-11.999999999999991,22.32386194304048
2,60.0,80.0,-10.0,91,2032290601,-87.70726512218971,-45.0,-70.17613805695952
2,60.0,80.0,-10.0,92,2032290601,-3.6072651221900003,0.49999999999999434,-0.17613805695952112
2,60.0,80.0,-10.0,93,2032290601,1.3927348778099713,0.49999999999999434,3.3238619430404777
2,60.0,80.0,-10.0,94,2032290601,-0.40726512219001165,-4.5,1.8238619430404817
2,60.0,80.0,-10.0,95,2032290601,8.392734877809957,-6.500000000000003,-0.6761380569595218
2,60.0,80.0,-10.0,96,2032290601,8.092734877809946,-4.000000000000005,6.323861943040482
2,60.0,80.0,-10.0,97,2032290601,4.1927348778099685,-1.5000000000000084,-1.6761380569595232
2,60.0,80.0,-10.0,98,2032290601,141.5927348778095,-12.50000000000001,-62.67613805695952
2,60.0,80.0,-10.0,99,2032290601,-27.60726512218993,-45.999999999999986,-44.67613805695952
2,60.0,80.0,-10.0,100,2032290601,-11.407265122189983,7.499999999999991,-1.6761380569595232
2,60.0,80.0,-10.0,101,2032290601,21.092734877809903,31.5,-5.676138056959522
2,60.0,80.0,-10.0,102,2032290601,141.99273487780948,-55.50000000000001,-100.17613805695952
2,60.0,80.0,-10.0,103,2032290601,104.6927348778096,-90.0,-57.676138056959516
2,60.0,80.0,-10.0,104,2032290601,3.1927348778099685,-4.000000000000005,1.323861943040481
2,60.0,80.0,-10.0,105,2032290601,-40.40726512218988,-66.5,-49.67613805695952
2,60.0,80.0,-10.0,106,2032290601,5.1927348778099685,0.0,-0.17613805695952112
2,60.0,80.0,-10.0,107,2032290601,-0.8072651221900173,0.9999999999999887,-0.17613805695952112
2,60.0,80.0,-10.0,108,2032290601,6.692734877809954,-0.9999999999999887,0.3238619430404796
2,60.0,80.0,-10.0,109,2032290601,-56.40726512218982,-31.5,-35.67613805695952
2,60.0,80.0,-10.0,110,2032290601,7.292734877809963,-2.0000000000000027,-2.1761380569595175
2,60.0,80.0,-10.0,111,2032290601,77.3927348778097,-27.0,-12.67613805695952
2,60.0,80.0,-10.0,112,2032290601,-21.707265122189938,90.0,-13.676138056959521
2,60.0,80.0,-10.0,113,2032290601,-59.407265122189806,55.99999999999998,-14.176138056959521
2,60.0,80.0,-10.0,114,2032290601,22.192734877809897,26.500000000000007,-2.6761380569595183
2,60.0,80.0,-10.0,115,2032290601,85.79273487780968,4.5,-84.67613805695952
2,60.0,80.0,-10.0,116,2032290601,0.3927348778099855,-2.9999999999999916,2.3238619430404825
2,60.0,80.0,-10.0,117,2032290601,7.292734877809963,-4.000000000000005,-1.6761380569595232
2,60.0,80.0,-10.0,118,2032290601,-3.007265122190006,-2.0000000000000027,-0.17613805695952112
2,60.0,80.0,-10.0,119,2032290601,80.4927348778097,-90.0,-89.67613805695953
2,60.0,80.0,-10.0,120,2032290601,94.29273487780965,-61.49999999999999,-38.676138056959516
2,60.0,80.0,-10.0,121,2032290601,103.29273487780962,34.49999999999999,-6.176138056959523
2,60.0,80.0,-10.0,122,2032290601,3.9927348778099656,0.0,-0.17613805695952112
2,60.0,80.0,-10.0,123,2032290601,12.292734877809934,-11.000000000000004,0.3238619430404796
2,60.0,80.0,-10.0,124,2032290601,1.5927348778099741,-4.000000000000005,-0.17613805695952112
2,60.0,80.0,-10.0,125,2032290601,29.09273487780989,17.00000000000001,-7.176138056959518
2,60.0,80.0,-10.0,126,2032290601,-45.20726512218986,90.0,13.82386194304048
2,60.0,80.0,-10.0,127,2032290601,-44.907265122189855,44.50000000000001,-65.67613805695952
2,60.0,80.0,-10.0,128,2032290601,11.292734877809934,-2.4999999999999973,4.3238619430404786
2,60.0,80.0,-10.0,129,2032290601,-63.90726512218979,13.000000000000005,-26.17613805695952
2,60.0,80.0,-10.0,130,2032290601,-4.60726512219,-3.500000000000011,-1.6761380569595232
2,60.0,80.0,-10.0,131,2032290601,3.2927348778099628,-0.49999999999999434,2.8238619430404768
2,60.0,80.0,-10.0,132,2032290601,5.292734877809963,-2.0000000000000027,-0.17613805695952112
2,60.0,80.0,-10.0,133,2032290601,5.09273487780996,-1.5000000000000084,4.3238619430404786
2,60.0,80.0,-10.0,134,2032290601,150.89273487780946,29.000000000000004,-9.176138056959521
2,60.0,80.0,-10.0,135,2032290601,20.8927348778099,33.5,-3.6761380569595197
2,60.0,80.0,-10.0,136,2032290601,-10.20726512218998,19.500000000000007,-8.17613805695952
2,60.0,80.0,-10.0,137,2032290601,3.4927348778099656,-1.5000000000000084,2.3238619430404825
2,60.0,80.0,-10.0,138,2032290601,124.19273487780954,-45.0,-35.176138056959516
2,60.0,80.0,-10.0,139,2032290601,1.0927348778099741,2.4999999999999973,-2.6761380569595183
2,60.0,80.0,-10.0,140,2032290601,1.0927348778099741,-2.4999999999999973,-0.17613805695952112
2,60.0,80.0,-10.0,141,2032290601,-50.80726512218984,54.50000000000002,21.323861943040477
2,60.0,80.0,-10.0,142,2032290601,10.592734877809946,0.0,-1.6761380569595232
2,60.0,80.0,-10.0,143,2032290601,-0.9072651221900117,-0.9999999999999887,0.3238619430404796
2,60.0,80.0,-10.0,144,2032290601,-0.7072651221900088,-2.4999999999999973,-1.6761380569595232
2,60.0,80.0,-10.0,145,2032290601,7.09273487780996,-4.000000000000005,-2.1761380569595175
2,60.0,80.0,-10.0,146,2032290601,94.49273487780964,-90.0,-80.17613805695952
2,60.0,80.0,-10.0,147,2032290601,9.69273487780994,-4.000000000000005,-5.1761380569595214
2,60.0,80.0,-10.0,148,2032290601,58.89273487780979,-9.99999999999999,-36.67613805695952
2,60.0,80.0,-10.0,149,2032290601,88.39273487780967,32.500000000000014,-13.676138056959521
2,60.0,80.0,-10.0,150,2032290601,7.992734877809951,-2.0000000000000027,-2.6761380569595183
2,60.0,80.0,-10.0,151,2032290601,96.79273487780965,90.0,-100.67613805695952
2,60.0,80.0,-10.0,152,2032290601,131.5927348778095,15.500000000000004,13.323861943040479
2,60.0,80.0,-10.0,153,2032290601,1.792734877809977,-0.9999999999999887,-1.6761380569595232
2,60.0,80.0,-10.0,154,2032290601,11.492734877809937,-4.999999999999995,0.8238619430404803
2,60.0,80.0,-10.0,155,2032290601,106.1927348778096,11.000000000000004,23.32386194304048
2,60.0,80.0,-10.0,156,2032290601,30.09273487780989,63.999999999999986,-43.176138056959516
2,60.0,80.0,-10.0,157,2032290601,15.992734877809923,48.000000000000014,2.3238619430404825
2,60.0,80.0,-10.0,158,2032290601,0.6927348778099827,1.5000000000000084,0.3238619430404796
2,60.0,80.0,-10.0,159,2032290601,6.692734877809954,-0.9999999999999887,0.3238619430404796
2,60.0,80.0,-10.0,160,2032290601,8.092734877809946,-6.500000000000003,1.8238619430404817
2,60.0,80.0,-10.0,161,2032290601,0.792734877809977,0.9999999999999887,1.323861943040481
2,60.0,80.0,-10.0,162,2032290601,2.592734877809974,-4.000000000000005,2.3238619430404825
2,60.0,80.0,-10.0,163,2032290601,-23.10726512218993,63.50000000000002,-52.67613805695952
2,60.0,80.0,-10.0,164,2032290601,26.59273487780989,37.50000000000001,-17.67613805695952
2,60.0,80.0,-10.0,165,2032290601,142.2927348778095,-40.00000000000001,-78.67613805695953
2,60.0,80.0,-10.0,166,2032290601,-1.8072651221900173,0.9999999999999887,-3.176138056959519
2,60.0,80.0,-10.0,167,2032290601,106.49273487780961,6.500000000000003,5.823861943040481
2,60.0,80.0,-10.0,168,2032290601,-13.407265122189969,-0.9999999999999887,-2.6761380569595183
2,60.0,80.0,-10.0,169,2032290601,28.49273487780988,11.499999999999996,-2.6761380569595183
2,60.0,80.0,-10.0,170,2032290601,51.79273487780979,10.500000000000009,23.32386194304048
2,60.0,80.0,-10.0,171,2032290601,-50.30726512218984,5.4999999999999885,5.32386194304048
2,60.0,80.0,-10.0,172,2032290601,1.3927348778099713,-2.4999999999999973,-0.6761380569595218
2,60.0,80.0,-10.0,173,2032290601,42.79273487780982,-9.0,-9.176138056959521
2,60.0,80.0,-10.0,174,2032290601,4.392734877809971,0.0,-2.6761380569595183
2,60.0,80.0,-10.0,175,2032290601,7.09273487780996,-6.999999999999997,3.3238619430404777
2,60.0,80.0,-10.0,176,2032290601,3.4927348778099656,-6.000000000000009,0.8238619430404803
2,60.0,80.0,-10.0,177,2032290601,6.192734877809954,-3.500000000000011,-1.6761380569595232
2,60.0,80.0,-10.0,178,2032290601,10.092734877809946,-0.9999999999999887,0.3238619430404796
2,60.0,80.0,-10.0,179,2032290601,1.0927348778099741,-4.000000000000005,-0.6761380569595218
2,60.0,80.0,-10.0,180,2032290601,14.592734877809932,42.00000000000001,-12.17613805695952
2,60.0,80.0,-10.0,181,2032290601,41.89273487780984,-75.5,35.323861943040484
2,60.0,80.0,-10.0,182,2032290601,8.792734877809949,-5.4999999999999885,3.823861943040478
2,60.0,80.0,-10.0,183,2032290601,120.49273487780955,-42.00000000000001,16.323861943040484
2,60.0,80.0,-10.0,184,2032290601,-87.8072651221897,-90.0,-59.67613805695952
2,60.0,80.0,-10.0,185,2032290601,4.992734877809966,-2.0000000000000027,5.823861943040481
2,60.0,80.0,-10.0,186,2032290601,2.1927348778099685,0.9999999999999887,-0.17613805695952112
2,60.0,80.0,-10.0,187,2032290601,1.1927348778099827,2.0000000000000027,-2.1761380569595175
2,60.0,80.0,-10.0,188,2032290601,37.492734877809866,27.99999999999999,24.823861943040477
2,60.0,80.0,-10.0,189,2032290601,82.69273487780968,-90.0,-72.17613805695952
2,60.0,80.0,-10.0,190,2032290601,2.49273487780998,-0.49999999999999434,2.3238619430404825
2,60.0,80.0,-10.0,191,2032290601,4.992734877809966,-2.0000000000000027,1.323861943040481
2,60.0,80.0,-10.0,192,2032290601,130.99273487780954,-47.5,-42.67613805695952
2,60.0,80.0,-10.0,193,2032290601,4.59273487780996,-2.4999999999999973,-0.6761380569595218
2,60.0,80.0,-10.0,194,2032290601,93.29273487780965,-11.499999999999996,-47.17613805695952
2,60.0,80.0,-10.0,195,2032290601,1.3927348778099713,-2.0000000000000027,0.8238619430404803
2,60.0,80.0,-10.0,196,2032290601,-61.0072651221898,-9.499999999999995,-23.676138056959523
2,60.0,80.0,-10.0,197,2032290601,-4.10726512219,0.0,-4.176138056959521
2,60.0,80.0,-10.0,198,2032290601,3.6927348778099685,-4.000000000000005,2.8238619430404768
2,60.0,80.0,-10.0,199,2032290601,36.59273487780983,-90.0,1.8238619430404817
2,60.0,80.0,-5.0,0,2032290602,-4.907265122189997,0.9999999999999887,1.323861943040481
2,60.0,80.0,-5.0,1,2032290602,7.692734877809954,-2.4999999999999973,1.323861943040481
2,60.0,80.0,-5.0,2,2032290602,7.292734877809963,-2.9999999999999916,3.3238619430404777
2,60.0,80.0,-5.0,3,2032290602,2.092734877809974,-1.5000000000000084,-0.6761380569595218
2,60.0,80.0,-5.0,4,2032290602,0.5927348778099741,-0.49999999999999434,-0.17613805695952112
2,60.0,80.0,-5.0,5,2032290602,2.49273487780998,-2.0000000000000027,-2.1761380569595175
2,60.0,80.0,-5.0,6,2032290602,-3.207265122190009,-1.5000000000000084,0.3238619430404796
2,60.0,80.0,-5.0,7,2032290602,6.192734877809954,-2.9999999999999916,3.3238619430404777
2,60.0,80.0,-5.0,8,2032290602,3.4927348778099656,-4.5,0.8238619430404803
2,60.0,80.0,-5.0,9,2032290602,-0.007265122190020179,-0.9999999999999887,0.3238619430404796
2,60.0,80.0,-5.0,10,2032290602,-1.6072651221900145,-0.9999999999999887,4.3238619430404786
2,60.0,80.0,-5.0,11,2032290602,0.09273487780997414,-0.9999999999999887,-0.6761380569595218
2,60.0,80.0,-5.0,12,2032290602,-6.10726512219,0.0,1.8238619430404817
2,60.0,80.0,-5.0,13,2032290602,3.6927348778099685,0.0,1.323861943040481
2,60.0,80.0,-5.0,14,2032290602,4.59273487780996,0.0,0.3238619430404796
2,60.0,80.0,-5.0,15,2032290602,3.1927348778099685,-2.0000000000000027,2.8238619430404768
2,60.0,80.0,-5.0,16,2032290602,2.49273487780998,-2.0000000000000027,2.3238619430404825
2,60.0,80.0,-5.0,17,2032290602,2.49273487780998,-1.5000000000000084,-0.6761380569595218
2,60.0,80.0,-5.0,18,2032290602,0.8927348778099855,0.0,0.3238619430404796
2,60.0,80.0,-5.0,19,2032290602,7.09273487780996,-2.4999999999999973,1.323861943040481
2,60.0,80.0,-5.0,20,2032290602,-2.807265122190003,3.500000000000011,-2.1761380569595175
2,60.0,80.0,-5.0,21,2032290602,4.292734877809963,-2.9999999999999916,-1.6761380569595232
2,60.0,80.0,-5.0,22,2032290602,0.6927348778099827,-1.5000000000000084,-0.17613805695952112
2,60.0,80.0,-5.0,23,2032290602,2.9927348778099656,0.0,2.3238619430404825
2,60.0,80.0,-5.0,24,2032290602,7.292734877809963,-5.4999999999999885,-0.17613805695952112
2,60.0,80.0,-5.0,25,2032290602,6.192734877809954,-4.999999999999995,0.8238619430404803
2,60.0,80.0,-5.0,26,2032290602,0.5927348778099741,-0.49999999999999434,-0.17613805695952112
2,60.0,80.0,-5.0,27,2032290602,-1.5072651221900202,-1.5000000000000084,0.3238619430404796
2,60.0,80.0,-5.0,28,2032290602,-0.5072651221900202,-0.49999999999999434,1.8238619430404817
2,60.0,80.0,-5.0,29,2032290602,-4.907265122189997,2.9999999999999916,-1.6761380569595232
2,60.0,80.0,-5.0,30,2032290602,0.09273487780997414,-2.0000000000000027,-0.17613805695952112
2,60.0,80.0,-5.0,31,2032290602,0.4927348778099798,-2.0000000000000027,-2.1761380569595175
2,60.0,80.0,-5.0,32,2032290602,-0.007265122190020179,-0.9999999999999887,-1.6761380569595232
2,60.0,80.0,-5.0,33,2032290602,2.592734877809974,-4.000000000000005,1.323861943040481
2,60.0,80.0,-5.0,34,2032290602,1.9927348778099798,-0.49999999999999434,1.323861943040481
2,60.0,80.0,-5.0,35,2032290602,-69.20726512218977,-84.0,1.8238619430404817
2,60.0,80.0,-5.0,36,2032290602,0.792734877809977,2.4999999999999973,0.3238619430404796
2,60.0,80.0,-5.0,37,2032290602,4.392734877809971,-1.5000000000000084,-1.6761380569595232
2,60.0,80.0,-5.0,38,2032290602,-3.1072651221900145,-2.0000000000000027,-0.17613805695952112
2,60.0,80.0,-5.0,39,2032290602,4.792734877809963,-1.5000000000000084,0.3238619430404796
2,60.0,80.0,-5.0,40,2032290602,4.992734877809966,-1.5000000000000084,-1.1761380569595226
2,60.0,80.0,-5.0,41,2032290602,48.99273487780981,22.999999999999993,1.8238619430404817
2,60.0,80.0,-5.0,42,2032290602,5.892734877809957,-0.49999999999999434,-1.6761380569595232
2,60.0,80.0,-5.0,43,2032290602,6.09273487780996,-2.4999999999999973,0.8238619430404803
2,60.0,80.0,-5.0,44,2032290602,3.7927348778099628,-2.0000000000000027,0.8238619430404803
2,60.0,80.0,-5.0,45,2032290602,-1.9072651221900117,0.0,1.8238619430404817
2,60.0,80.0,-5.0,46,2032290602,1.6927348778099685,-0.9999999999999887,-1.1761380569595226
2,60.0,80.0,-5.0,47,2032290602,-2.4072651221900117,2.4999999999999973,1.323861943040481
2,60.0,80.0,-5.0,48,2032290602,2.1927348778099685,-2.0000000000000027,-0.17613805695952112
2,60.0,80.0,-5.0,49,2032290602,7.692734877809954,-5.4999999999999885,-1.6761380569595232
2,60.0,80.0,-5.0,50,2032290602,-0.1072651221900145,0.0,1.323861943040481
2,60.0,80.0,-5.0,51,2032290602,2.6927348778099685,-0.9999999999999887,-2.1761380569595175
2,60.0,80.0,-5.0,52,2032290602,2.6927348778099685,-0.49999999999999434,1.323861943040481
2,60.0,80.0,-5.0,53,2032290602,7.292734877809963,-2.0000000000000027,2.3238619430404825
2,60.0,80.0,-5.0,54,2032290602,0.5927348778099741,0.0,-0.17613805695952112
2,60.0,80.0,-5.0,55,2032290602,-6.807265122189989,0.49999999999999434,-1.1761380569595226
2,60.0,80.0,-5.0,56,2032290602,-0.5072651221900202,-1.5000000000000084,0.3238619430404796
2,60.0,80.0,-5.0,57,2032290602,1.0927348778099741,0.9999999999999887,-0.17613805695952112
2,60.0,80.0,-5.0,58,2032290602,1.6927348778099685,0.9999999999999887,-0.17613805695952112
2,60.0,80.0,-5.0,59,2032290602,-0.007265122190020179,1.5000000000000084,-0.17613805695952112
2,60.0,80.0,-5.0,60,2032290602,-0.20726512219002302,-1.5000000000000084,1.8238619430404817
2,60.0,80.0,-5.0,61,2032290602,0.3927348778099855,-0.49999999999999434,0.3238619430404796
2,60.0,80.0,-5.0,62,2032290602,-0.7072651221900088,-0.49999999999999434,2.8238619430404768
2,60.0,80.0,-5.0,63,2032290602,5.6927348778099685,-0.9999999999999887,-0.6761380569595218
2,60.0,80.0,-5.0,64,2032290602,3.9927348778099656,-2.4999999999999973,0.3238619430404796
2,60.0,80.0,-5.0,65,2032290602,4.992734877809966,-0.49999999999999434,0.3238619430404796
2,60.0,80.0,-5.0,66,2032290602,7.692734877809954,-2.9999999999999916,1.8238619430404817
2,60.0,80.0,-5.0,67,2032290602,-1.9072651221900117,0.0,-0.6761380569595218
2,60.0,80.0,-5.0,68,2032290602,-0.8072651221900173,0.9999999999999887,-0.17613805695952112
2,60.0,80.0,-5.0,69,2032290602,22.792734877809906,24.999999999999996,-7.676138056959519
2,60.0,80.0,-5.0,70,2032290602,-1.8072651221900173,0.9999999999999887,-2.6761380569595183
2,60.0,80.0,-5.0,71,2032290602,1.9927348778099798,-1.5000000000000084,-2.6761380569595183
2,60.0,80.0,-5.0,72,2032290602,-2.507265122190006,-1.5000000000000084,2.3238619430404825
2,60.0,80.0,-5.0,73,2032290602,5.792734877809963,-2.9999999999999916,1.323861943040481
2,60.0,80.0,-5.0,74,2032290602,-1.1072651221900145,-0.9999999999999887,-0.6761380569595218
2,60.0,80.0,-5.0,75,2032290602,11.892734877809943,-4.999999999999995,-2.1761380569595175
2,60.0,80.0,-5.0,76,2032290602,-2.1072651221900145,0.0,1.323861943040481
2,60.0,80.0,-5.0,77,2032290602,-0.8072651221900173,-1.5000000000000084,-1.1761380569595226
2,60.0,80.0,-5.0,78,2032290602,3.8927348778099713,-2.0000000000000027,-1.1761380569595226
2,60.0,80.0,-5.0,79,2032290602,0.5927348778099741,-0.9999999999999887,0.3238619430404796
2,60.0,80.0,-5.0,80,2032290602,3.7927348778099628,-2.4999999999999973,1.323861943040481
2,60.0,80.0,-5.0,81,2032290602,5.1927348778099685,-1.5000000000000084,1.323861943040481
2,60.0,80.0,-5.0,82,2032290602,0.9927348778099798,-2.4999999999999973,0.8238619430404803
2,60.0,80.0,-5.0,83,2032290602,2.292734877809977,-0.9999999999999887,0.3238619430404796
2,60.0,80.0,-5.0,84,2032290602,1.6927348778099685,-0.9999999999999887,-0.6761380569595218
2,60.0,80.0,-5.0,85,2032290602,-3.307265122190003,-0.9999999999999887,0.8238619430404803
2,60.0,80.0,-5.0,86,2032290602,7.192734877809954,-2.9999999999999916,-0.6761380569595218
2,60.0,80.0,-5.0,87,2032290602,2.592734877809974,-1.5000000000000084,2.3238619430404825
2,60.0,80.0,-5.0,88,2032290602,1.0927348778099741,-0.9999999999999887,-0.17613805695952112
2,60.0,80.0,-5.0,89,2032290602,-2.007265122190006,0.9999999999999887,-1.1761380569595226
2,60.0,80.0,-5.0,90,2032290602,1.4927348778099798,-2.0000000000000027,-1.6761380569595232
2,60.0,80.0,-5.0,91,2032290602,4.392734877809971,-2.4999999999999973,-0.17613805695952112
2,60.0,80.0,-5.0,92,2032290602,0.6927348778099827,-2.0000000000000027,0.3238619430404796
2,60.0,80.0,-5.0,93,2032290602,1.6927348778099685,-2.0000000000000027,0.3238619430404796
2,60.0,80.0,-5.0,94,2032290602,1.5927348778099741,-1.5000000000000084,-1.6761380569595232
2,60.0,80.0,-5.0,95,2032290602,10.492734877809951,-3.500000000000011,-0.17613805695952112
2,60.0,80.0,-5.0,96,2032290602,-0.30726512219001734,-1.5000000000000084,-1.6761380569595232
2,60.0,80.0,-5.0,97,2032290602,3.092734877809974,-1.5000000000000084,-1.1761380569595226
2,60.0,80.0,-5.0,98,2032290602,6.892734877809957,0.0,-1.1761380569595226
2,60.0,80.0,-5.0,99,2032290602,2.9927348778099656,-2.0000000000000027,2.3238619430404825
2,60.0,80.0,-5.0,100,2032290602,1.792734877809977,-0.49999999999999434,0.8238619430404803
2,60.0,80.0,-5.0,101,2032290602,-0.007265122190020179,-0.49999999999999434,0.8238619430404803
2,60.0,80.0,-5.0,102,2032290602,-0.40726512219001165,-1.5000000000000084,-1.6761380569595232
2,60.0,80.0,-5.0,103,2032290602,37.89273487780984,-73.5,14.32386194304048
2,60.0,80.0,-5.0,104,2032290602,-3.807265122190003,0.0,1.8238619430404817
2,60.0,80.0,-5.0,105,2032290602,3.8927348778099713,-0.49999999999999434,1.323861943040481
2,60.0,80.0,-5.0,106,2032290602,1.5927348778099741,0.0,-1.1761380569595226
2,60.0,80.0,-5.0,107,2032290602,0.19273487780998266,0.0,-1.1761380569595226
2,60.0,80.0,-5.0,108,2032290602,12.892734877809929,-8.00000000000001,-1.6761380569595232
2,60.0,80.0,-5.0,109,2032290602,1.1927348778099827,-0.9999999999999887,-0.17613805695952112
2,60.0,80.0,-5.0,110,2032290602,0.4927348778099798,-0.49999999999999434,0.3238619430404796
2,60.0,80.0,-5.0,111,2032290602,4.992734877809966,-0.9999999999999887,-0.6761380569595218
2,60.0,80.0,-5.0,112,2032290602,0.792734877809977,-2.9999999999999916,0.8238619430404803
2,60.0,80.0,-5.0,113,2032290602,-0.20726512219002302,0.9999999999999887,-1.6761380569595232
2,60.0,80.0,-5.0,114,2032290602,-2.9072651221900117,-1.5000000000000084,0.3238619430404796
2,60.0,80.0,-5.0,115,2032290602,4.1927348778099685,-2.0000000000000027,0.8238619430404803
2,60.0,80.0,-5.0,116,2032290602,1.0927348778099741,-0.9999999999999887,0.3238619430404796
2,60.0,80.0,-5.0,117,2032290602,3.4927348778099656,-2.0000000000000027,1.8238619430404817
2,60.0,80.0,-5.0,118,2032290602,0.19273487780998266,-2.0000000000000027,0.3238619430404796
2,60.0,80.0,-5.0,119,2032290602,2.3927348778099713,0.0,2.8238619430404768
2,60.0,80.0,-5.0,120,2032290602,2.1927348778099685,-2.0000000000000027,2.3238619430404825
2,60.0,80.0,-5.0,121,2032290602,10.292734877809949,-3.500000000000011,-0.17613805695952112
2,60.0,80.0,-5.0,122,2032290602,2.6927348778099685,0.0,-1.1761380569595226
2,60.0,80.0,-5.0,123,2032290602,0.9927348778099798,0.0,0.8238619430404803
2,60.0,80.0,-5.0,124,2032290602,-0.30726512219001734,-1.5000000000000084,1.323861943040481
2,60.0,80.0,-5.0,125,2032290602,0.3927348778099855,0.0,-0.17613805695952112
2,60.0,80.0,-5.0,126,2032290602,1.292734877809977,0.0,0.8238619430404803
2,60.0,80.0,-5.0,127,2032290602,3.6927348778099685,-2.0000000000000027,-1.1761380569595226
2,60.0,80.0,-5.0,128,2032290602,5.1927348778099685,-2.0000000000000027,-0.17613805695952112
2,60.0,80.0,-5.0,129,2032290602,3.9927348778099656,-2.0000000000000027,1.8238619430404817
2,60.0,80.0,-5.0,130,2032290602,1.3927348778099713,-0.49999999999999434,-2.6761380569595183
2,60.0,80.0,-5.0,131,2032290602,-4.007265122190006,-0.9999999999999887,-1.6761380569595232
2,60.0,80.0,-5.0,132,2032290602,1.4927348778099798,-1.5000000000000084,-1.1761380569595226
2,60.0,80.0,-5.0,133,2032290602,6.09273487780996,-2.0000000000000027,-1.1761380569595226
2,60.0,80.0,-5.0,134,2032290602,-5.207265122189995,0.0,-3.176138056959519
2,60.0,80.0,-5.0,135,2032290602,-0.5072651221900202,0.0,0.8238619430404803
2,60.0,80.0,-5.0,136,2032290602,-1.3072651221900173,-0.49999999999999434,-1.6761380569595232
2,60.0,80.0,-5.0,137,2032290602,-1.0072651221900202,0.0,-1.1761380569595226
2,60.0,80.0,-5.0,138,2032290602,18.492734877809923,40.5,-3.176138056959519
2,60.0,80.0,-5.0,139,2032290602,1.9927348778099798,-2.0000000000000027,-1.1761380569595226
2,60.0,80.0,-5.0,140,2032290602,-2.807265122190003,-2.0000000000000027,1.323861943040481
2,60.0,80.0,-5.0,141,2032290602,-1.6072651221900145,1.5000000000000084,-1.1761380569595226
2,60.0,80.0,-5.0,142,2032290602,-2.207265122190009,-2.4999999999999973,3.3238619430404777
2,60.0,80.0,-5.0,143,2032290602,-0.40726512219001165,0.9999999999999887,0.3238619430404796
2,60.0,80.0,-5.0,144,2032290602,2.1927348778099685,-0.9999999999999887,0.3238619430404796
2,60.0,80.0,-5.0,145,2032290602,1.3927348778099713,-0.49999999999999434,-1.1761380569595226
2,60.0,80.0,-5.0,146,2032290602,5.292734877809963,-2.4999999999999973,0.3238619430404796
2,60.0,80.0,-5.0,147,2032290602,4.59273487780996,-3.500000000000011,-1.1761380569595226
2,60.0,80.0,-5.0,148,2032290602,-3.6072651221900003,-0.9999999999999887,0.8238619430404803
2,60.0,80.0,-5.0,149,2032290602,2.292734877809977,0.9999999999999887,-1.6761380569595232
2,60.0,80.0,-5.0,150,2032290602,112.99273487780958,-38.0,-99.17613805695952
2,60.0,80.0,-5.0,151,2032290602,5.59273487780996,-2.9999999999999916,0.3238619430404796
2,60.0,80.0,-5.0,152,2032290602,2.6927348778099685,-1.5000000000000084,0.3238619430404796
2,60.0,80.0,-5.0,153,2032290602,0.09273487780997414,-1.5000000000000084,0.3238619430404796
2,60.0,80.0,-5.0,154,2032290602,-2.507265122190006,0.0,-0.17613805695952112
2,60.0,80.0,-5.0,155,2032290602,4.892734877809957,-4.000000000000005,-1.1761380569595226
2,60.0,80.0,-5.0,156,2032290602,2.6927348778099685,-4.000000000000005,-0.17613805695952112
2,60.0,80.0,-5.0,157,2032290602,-3.707265122190009,2.4999999999999973,3.3238619430404777
2,60.0,80.0,-5.0,158,2032290602,2.092734877809974,-2.0000000000000027,1.323861943040481
2,60.0,80.0,-5.0,159,2032290602,3.1927348778099685,-1.5000000000000084,0.3238619430404796
2,60.0,80.0,-5.0,160,2032290602,4.292734877809963,-1.5000000000000084,1.323861943040481
2,60.0,80.0,-5.0,161,2032290602,3.592734877809974,-1.5000000000000084,-0.6761380569595218
2,60.0,80.0,-5.0,162,2032290602,1.792734877809977,-2.4999999999999973,-2.6761380569595183
2,60.0,80.0,-5.0,163,2032290602,4.6927348778099685,-2.4999999999999973,0.8238619430404803
2,60.0,80.0,-5.0,164,2032290602,-3.6072651221900003,2.0000000000000027,2.3238619430404825
2,60.0,80.0,-5.0,165,2032290602,-0.9072651221900117,-0.49999999999999434,-0.6761380569595218
2,60.0,80.0,-5.0,166,2032290602,3.3927348778099713,-2.0000000000000027,0.8238619430404803
2,60.0,80.0,-5.0,167,2032290602,-5.507265122189992,0.49999999999999434,1.8238619430404817
2,60.0,80.0,-5.0,168,2032290602,5.792734877809963,-2.0000000000000027,-0.17613805695952112
2,60.0,80.0,-5.0,169,2032290602,2.9927348778099656,-2.4999999999999973,-1.1761380569595226
2,60.0,80.0,-5.0,170,2032290602,2.8927348778099713,-2.4999999999999973,-0.17613805695952112
2,60.0,80.0,-5.0,171,2032290602,1.5927348778099741,-3.500000000000011,-0.17613805695952112
2,60.0,80.0,-5.0,172,2032290602,5.59273487780996,-1.5000000000000084,0.8238619430404803
2,60.0,80.0,-5.0,173,2032290602,5.09273487780996,-3.500000000000011,0.3238619430404796
2,60.0,80.0,-5.0,174,2032290602,2.1927348778099685,-0.9999999999999887,1.8238619430404817
2,60.0,80.0,-5.0,175,2032290602,-0.7072651221900088,0.0,-0.6761380569595218
2,60.0,80.0,-5.0,176,2032290602,8.292734877809949,-4.000000000000005,-1.1761380569595226
2,60.0,80.0,-5.0,177,2032290602,-0.8072651221900173,-2.0000000000000027,-1.6761380569595232
2,60.0,80.0,-5.0,178,2032290602,22.3927348778099,36.0,-6.676138056959518
2,60.0,80.0,-5.0,179,2032290602,-1.2072651221900088,0.0,-0.17613805695952112
2,60.0,80.0,-5.0,180,2032290602,6.392734877809957,-2.0000000000000027,0.3238619430404796
2,60.0,80.0,-5.0,181,2032290602,2.8927348778099713,-0.49999999999999434,-0.6761380569595218
2,60.0,80.0,-5.0,182,2032290602,-0.1072651221900145,0.9999999999999887,-1.6761380569595232
2,60.0,80.0,-5.0,183,2032290602,8.792734877809949,-5.4999999999999885,-2.1761380569595175
2,60.0,80.0,-5.0,184,2032290602,0.5927348778099741,0.0,2.3238619430404825
2,60.0,80.0,-5.0,185,2032290602,0.6927348778099827,0.0,-0.6761380569595218
2,60.0,80.0,-5.0,186,2032290602,1.9927348778099798,-1.5000000000000084,0.8238619430404803
2,60.0,80.0,-5.0,187,2032290602,1.292734877809977,0.9999999999999887,-0.6761380569595218
2,60.0,80.0,-5.0,188,2032290602,0.19273487780998266,-0.9999999999999887,-2.6761380569595183
2,60.0,80.0,-5.0,189,2032290602,1.792734877809977,-1.5000000000000084,0.3238619430404796
2,60.0,80.0,-5.0,190,2032290602,-2.9072651221900117,-0.9999999999999887,1.323861943040481
2,60.0,80.0,-5.0,191,2032290602,1.8927348778099713,-0.9999999999999887,-1.1761380569595226
2,60.0,80.0,-5.0,192,2032290602,1.8927348778099713,-0.49999999999999434,-2.1761380569595175
2,60.0,80.0,-5.0,193,2032290602,2.092734877809974,-0.9999999999999887,1.8238619430404817
2,60.0,80.0,-5.0,194,2032290602,-9.907265122189983,-0.9999999999999887,2.8238619430404768
2,60.0,80.0,-5.0,195,2032290602,0.9927348778099798,-1.5000000000000084,0.3238619430404796
2,60.0,80.0,-5.0,196,2032290602,0.3927348778099855,-2.0000000000000027,2.3238619430404825
2,60.0,80.0,-5.0,197,2032290602,-0.6072651221900145,-0.9999999999999887,-0.17613805695952112
2,60.0,80.0,-5.0,198,2032290602,-2.1072651221900145,2.4999999999999973,0.8238619430404803
2,60.0,80.0,-5.0,199,2032290602,4.792734877809963,-2.4999999999999973,0.3238619430404796
2,60.0,80.0,0.0,0,2032290603,3.8927348778099713,-2.4999999999999973,0.3238619430404796
2,60.0,80.0,0.0,1,2032290603,2.792734877809977,-0.9999999999999887,0.8238619430404803
2,60.0,80.0,0.0,2,2032290603,1.0927348778099741,-0.9999999999999887,-0.6761380569595218
2,60.0,80.0,0.0,3,2032290603,0.09273487780997414,-0.9999999999999887,0.8238619430404803
2,60.0,80.0,0.0,4,2032290603,2.092734877809974,0.0,0.3238619430404796
2,60.0,80.0,0.0,5,2032290603,0.792734877809977,-0.9999999999999887,0.8238619430404803
2,60.0,80.0,0.0,6,2032290603,0.292734877809977,0.0,1.323861943040481
2,60.0,80.0,0.0,7,2032290603,1.4927348778099798,-0.9999999999999887,0.8238619430404803
2,60.0,80.0,0.0,8,2032290603,2.1927348778099685,0.0,-0.17613805695952112
2,60.0,80.0,0.0,9,2032290603,3.592734877809974,-2.0000000000000027,-0.17613805695952112
2,60.0,80.0,0.0,10,2032290603,-0.9072651221900117,0.49999999999999434,0.3238619430404796
2,60.0,80.0,0.0,11,2032290603,2.092734877809974,-0.49999999999999434,0.3238619430404796
2,60.0,80.0,0.0,12,2032290603,2.3927348778099713,-1.5000000000000084,0.8238619430404803
2,60.0,80.0,0.0,13,2032290603,3.3927348778099713,-1.5000000000000084,-0.6761380569595218
2,60.0,80.0,0.0,14,2032290603,0.3927348778099855,0.0,-0.17613805695952112
2,60.0,80.0,0.0,15,2032290603,1.6927348778099685,-0.9999999999999887,0.3238619430404796
2,60.0,80.0,0.0,16,2032290603,1.4927348778099798,-1.5000000000000084,0.3238619430404796
2,60.0,80.0,0.0,17,2032290603,1.9927348778099798,-2.0000000000000027,0.8238619430404803
2,60.0,80.0,0.0,18,2032290603,2.592734877809974,-2.0000000000000027,0.3238619430404796
2,60.0,80.0,0.0,19,2032290603,0.9927348778099798,-1.5000000000000084,-0.6761380569595218
2,60.0,80.0,0.0,20,2032290603,1.5927348778099741,-2.0000000000000027,-0.17613805695952112
2,60.0,80.0,0.0,21,2032290603,1.9927348778099798,-2.4999999999999973,-0.6761380569595218
2,60.0,80.0,0.0,22,2032290603,3.8927348778099713,-2.9999999999999916,0.8238619430404803
2,60.0,80.0,0.0,23,2032290603,-0.007265122190020179,-0.9999999999999887,-0.17613805695952112
2,60.0,80.0,0.0,24,2032290603,3.1927348778099685,-0.9999999999999887,1.323861943040481
2,60.0,80.0,0.0,25,2032290603,1.9927348778099798,-0.9999999999999887,0.3238619430404796
2,60.0,80.0,0.0,26,2032290603,-0.007265122190020179,-0.49999999999999434,-0.17613805695952112
2,60.0,80.0,0.0,27,2032290603,2.49273487780998,-0.9999999999999887,-0.17613805695952112
2,60.0,80.0,0.0,28,2032290603,-2.1072651221900145,0.49999999999999434,0.3238619430404796
2,60.0,80.0,0.0,29,2032290603,1.5927348778099741,-1.5000000000000084,0.8238619430404803
2,60.0,80.0,0.0,30,2032290603,1.9927348778099798,-2.0000000000000027,0.8238619430404803
2,60.0,80.0,0.0,31,2032290603,-0.007265122190020179,-0.49999999999999434,0.3238619430404796
2,60.0,80.0,0.0,32,2032290603,0.8927348778099855,-0.9999999999999887,-0.6761380569595218
2,60.0,80.0,0.0,33,2032290603,0.292734877809977,0.49999999999999434,-0.17613805695952112
2,60.0,80.0,0.0,34,2032290603,0.19273487780998266,-1.5000000000000084,0.8238619430404803
2,60.0,80.0,0.0,35,2032290603,-0.1072651221900145,-2.0000000000000027,1.323861943040481
2,60.0,80.0,0.0,36,2032290603,-0.007265122190020179,-0.9999999999999887,0.3238619430404796
2,60.0,80.0,0.0,37,2032290603,4.59273487780996,-0.9999999999999887,-0.17613805695952112
2,60.0,80.0,0.0,38,2032290603,-1.0072651221900202,0.0,0.8238619430404803
2,60.0,80.0,0.0,39,2032290603,0.9927348778099798,-1.5000000000000084,-0.6761380569595218
2,60.0,80.0,0.0,40,2032290603,-0.7072651221900088,-0.9999999999999887,-0.17613805695952112
2,60.0,80.0,0.0,41,2032290603,3.6927348778099685,-1.5000000000000084,1.8238619430404817
2,60.0,80.0,0.0,42,2032290603,0.19273487780998266,-0.49999999999999434,-0.6761380569595218
2,60.0,80.0,0.0,43,2032290603,5.392734877809957,-1.5000000000000084,-0.17613805695952112
2,60.0,80.0,0.0,44,2032290603,0.4927348778099798,-0.9999999999999887,0.3238619430404796
2,60.0,80.0,0.0,45,2032290603,2.092734877809974,-0.9999999999999887,-0.17613805695952112
2,60.0,80.0,0.0,46,2032290603,1.9927348778099798,-1.5000000000000084,1.323861943040481
2,60.0,80.0,0.0,47,2032290603,0.792734877809977,0.0,0.8238619430404803
2,60.0,80.0,0.0,48,2032290603,3.6927348778099685,0.0,0.3238619430404796
2,60.0,80.0,0.0,49,2032290603,1.292734877809977,-1.5000000000000084,0.8238619430404803
2,60.0,80.0,0.0,50,2032290603,1.792734877809977,-1.5000000000000084,0.8238619430404803
2,60.0,80.0,0.0,51,2032290603,2.49273487780998,-2.9999999999999916,-0.6761380569595218
2,60.0,80.0,0.0,52,2032290603,1.4927348778099798,-1.5000000000000084,0.8238619430404803
2,60.0,80.0,0.0,53,2032290603,2.092734877809974,-0.9999999999999887,0.8238619430404803
2,60.0,80.0,0.0,54,2032290603,2.792734877809977,-1.5000000000000084,0.8238619430404803
2,60.0,80.0,0.0,55,2032290603,2.592734877809974,-1.5000000000000084,-1.1761380569595226
2,60.0,80.0,0.0,56,2032290603,0.792734877809977,-1.5000000000000084,0.8238619430404803
2,60.0,80.0,0.0,57,2032290603,5.6927348778099685,-0.9999999999999887,-0.17613805695952112
2,60.0,80.0,0.0,58,2032290603,2.1927348778099685,-0.49999999999999434,0.3238619430404796
2,60.0,80.0,0.0,59,2032290603,4.092734877809974,-2.4999999999999973,-0.17613805695952112
2,60.0,80.0,0.0,60,2032290603,2.592734877809974,-1.5000000000000084,0.3238619430404796
2,60.0,80.0,0.0,61,2032290603,-0.007265122190020179,-0.49999999999999434,0.8238619430404803
2,60.0,80.0,0.0,62,2032290603,-1.5072651221900202,0.0,0.8238619430404803
2,60.0,80.0,0.0,63,2032290603,2.092734877809974,-2.4999999999999973,0.3238619430404796
2,60.0,80.0,0.0,64,2032290603,3.7927348778099628,-0.9999999999999887,-1.1761380569595226
2,60.0,80.0,0.0,65,2032290603,2.49273487780998,-1.5000000000000084,-0.17613805695952112
2,60.0,80.0,0.0,66,2032290603,0.792734877809977,-0.9999999999999887,-0.17613805695952112
2,60.0,80.0,0.0,67,2032290603,2.592734877809974,-2.0000000000000027,-0.6761380569595218
2,60.0,80.0,0.0,68,2032290603,4.092734877809974,-2.0000000000000027,1.323861943040481
2,60.0,80.0,0.0,69,2032290603,-0.007265122190020179,-0.9999999999999887,-0.6761380569595218
2,60.0,80.0,0.0,70,2032290603,1.4927348778099798,-0.9999999999999887,-0.17613805695952112
2,60.0,80.0,0.0,71,2032290603,0.792734877809977,-2.0000000000000027,0.8238619430404803
2,60.0,80.0,0.0,72,2032290603,-0.20726512219002302,0.0,-0.17613805695952112
2,60.0,80.0,0.0,73,2032290603,4.1927348778099685,-2.0000000000000027,-0.17613805695952112
2,60.0,80.0,0.0,74,2032290603,0.4927348778099798,-2.0000000000000027,0.3238619430404796
2,60.0,80.0,0.0,75,2032290603,2.592734877809974,0.49999999999999434,-0.17613805695952112
2,60.0,80.0,0.0,76,2032290603,6.09273487780996,-2.0000000000000027,-0.17613805695952112
2,60.0,80.0,0.0,77,2032290603,2.6927348778099685,-2.0000000000000027,0.3238619430404796
2,60.0,80.0,0.0,78,2032290603,4.792734877809963,-2.4999999999999973,1.323861943040481
2,60.0,80.0,0.0,79,2032290603,1.1927348778099827,-1.5000000000000084,0.8238619430404803
2,60.0,80.0,0.0,80,2032290603,3.092734877809974,-2.0000000000000027,0.8238619430404803
2,60.0,80.0,0.0,81,2032290603,-0.1072651221900145,-0.49999999999999434,-0.6761380569595218
2,60.0,80.0,0.0,82,2032290603,1.792734877809977,0.0,0.8238619430404803
2,60.0,80.0,0.0,83,2032290603,2.9927348778099656,-2.0000000000000027,0.3238619430404796
2,60.0,80.0,0.0,84,2032290603,-1.0072651221900202,0.49999999999999434,1.323861943040481
2,60.0,80.0,0.0,85,2032290603,-1.1072651221900145,0.0,0.3238619430404796
2,60.0,80.0,0.0,86,2032290603,2.592734877809974,-2.4999999999999973,-0.17613805695952112
2,60.0,80.0,0.0,87,2032290603,-0.007265122190020179,-0.49999999999999434,-0.6761380569595218
2,60.0,80.0,0.0,88,2032290603,0.6927348778099827,-1.5000000000000084,0.3238619430404796
2,60.0,80.0,0.0,89,2032290603,0.3927348778099855,-1.5000000000000084,-0.17613805695952112
2,60.0,80.0,0.0,90,2032290603,3.092734877809974,-0.49999999999999434,0.3238619430404796
2,60.0,80.0,0.0,91,2032290603,1.0927348778099741,-0.9999999999999887,0.8238619430404803
2,60.0,80.0,0.0,92,2032290603,1.9927348778099798,-1.5000000000000084,0.8238619430404803
2,60.0,80.0,0.0,93,2032290603,1.1927348778099827,-0.9999999999999887,-0.17613805695952112
2,60.0,80.0,0.0,94,2032290603,4.392734877809971,-1.5000000000000084,-0.17613805695952112
2,60.0,80.0,0.0,95,2032290603,1.292734877809977,-0.9999999999999887,-1.1761380569595226
2,60.0,80.0,0.0,96,2032290603,0.3927348778099855,-0.49999999999999434,-0.17613805695952112
2,60.0,80.0,0.0,97,2032290603,3.8927348778099713,0.0,0.8238619430404803
2,60.0,80.0,0.0,98,2032290603,3.7927348778099628,-2.4999999999999973,-1.1761380569595226
2,60.0,80.0,0.0,99,2032290603,3.4927348778099656,-2.9999999999999916,0.8238619430404803
2,60.0,80.0,0.0,100,2032290603,1.792734877809977,-0.9999999999999887,-0.17613805695952112
2,60.0,80.0,0.0,101,2032290603,2.092734877809974,-1.5000000000000084,0.3238619430404796
2,60.0,80.0,0.0,102,2032290603,0.5927348778099741,-0.49999999999999434,0.3238619430404796
2,60.0,80.0,0.0,103,2032290603,0.3927348778099855,-1.5000000000000084,0.3238619430404796
2,60.0,80.0,0.0,104,2032290603,1.0927348778099741,-0.49999999999999434,0.8238619430404803
2,60.0,80.0,0.0,105,2032290603,0.8927348778099855,-0.9999999999999887,0.3238619430404796
2,60.0,80.0,0.0,106,2032290603,0.792734877809977,-0.49999999999999434,-0.17613805695952112
2,60.0,80.0,0.0,107,2032290603,2.292734877809977,-0.49999999999999434,0.3238619430404796
2,60.0,80.0,0.0,108,2032290603,0.792734877809977,-0.49999999999999434,0.3238619430404796
2,60.0,80.0,0.0,109,2032290603,4.1927348778099685,-2.4999999999999973,-1.1761380569595226
2,60.0,80.0,0.0,110,2032290603,0.8927348778099855,-1.5000000000000084,0.8238619430404803
2,60.0,80.0,0.0,111,2032290603,-1.1072651221900145,-2.0000000000000027,-0.6761380569595218
2,60.0,80.0,0.0,112,2032290603,1.3927348778099713,-2.0000000000000027,-0.6761380569595218
2,60.0,80.0,0.0,113,2032290603,2.49273487780998,-2.0000000000000027,-0.6761380569595218
2,60.0,80.0,0.0,114,2032290603,1.9927348778099798,-0.49999999999999434,0.3238619430404796
2,60.0,80.0,0.0,115,2032290603,-1.0072651221900202,-0.49999999999999434,-0.17613805695952112
2,60.0,80.0,0.0,116,2032290603,3.092734877809974,-1.5000000000000084,0.3238619430404796
2,60.0,80.0,0.0,117,2032290603,1.292734877809977,-0.9999999999999887,0.3238619430404796
2,60.0,80.0,0.0,118,2032290603,1.292734877809977,-0.49999999999999434,-0.17613805695952112
2,60.0,80.0,0.0,119,2032290603,0.4927348778099798,-0.49999999999999434,0.3238619430404796
2,60.0,80.0,0.0,120,2032290603,2.292734877809977,-2.4999999999999973,1.323861943040481
2,60.0,80.0,0.0,121,2032290603,-0.30726512219001734,0.0,0.3238619430404796
2,60.0,80.0,0.0,122,2032290603,3.2927348778099628,-0.9999999999999887,-0.17613805695952112
2,60.0,80.0,0.0,123,2032290603,0.792734877809977,-1.5000000000000084,-0.6761380569595218
2,60.0,80.0,0.0,124,2032290603,0.5927348778099741,-0.9999999999999887,0.3238619430404796
2,60.0,80.0,0.0,125,2032290603,2.49273487780998,-2.4999999999999973,-0.17613805695952112
2,60.0,80.0,0.0,126,2032290603,0.09273487780997414,-1.5000000000000084,-0.6761380569595218
2,60.0,80.0,0.0,127,2032290603,2.292734877809977,-1.5000000000000084,-0.6761380569595218
2,60.0,80.0,0.0,128,2032290603,1.0927348778099741,0.0,-1.1761380569595226
2,60.0,80.0,0.0,129,2032290603,1.9927348778099798,-2.0000000000000027,0.3238619430404796
2,60.0,80.0,0.0,130,2032290603,1.9927348778099798,-0.9999999999999887,1.323861943040481
2,60.0,80.0,0.0,131,2032290603,0.4927348778099798,-0.9999999999999887,-0.17613805695952112
2,60.0,80.0,0.0,132,2032290603,0.4927348778099798,-0.49999999999999434,-0.17613805695952112
2,60.0,80.0,0.0,133,2032290603,3.4927348778099656,-1.5000000000000084,-0.17613805695952112
2,60.0,80.0,0.0,134,2032290603,0.792734877809977,-0.49999999999999434,-0.6761380569595218
2,60.0,80.0,0.0,135,2032290603,3.4927348778099656,-1.5000000000000084,-0.6761380569595218
2,60.0,80.0,0.0,136,2032290603,3.7927348778099628,-0.9999999999999887,-1.1761380569595226
2,60.0,80.0,0.0,137,2032290603,2.6927348778099685,-1.5000000000000084,1.323861943040481
2,60.0,80.0,0.0,138,2032290603,-0.007265122190020179,0.0,1.323861943040481
2,60.0,80.0,0.0,139,2032290603,1.0927348778099741,-0.49999999999999434,-0.17613805695952112
2,60.0,80.0,0.0,140,2032290603,4.1927348778099685,-2.0000000000000027,-0.17613805695952112
2,60.0,80.0,0.0,141,2032290603,4.092734877809974,-2.0000000000000027,-0.6761380569595218
2,60.0,80.0,0.0,142,2032290603,0.09273487780997414,-0.49999999999999434,0.3238619430404796
2,60.0,80.0,0.0,143,2032290603,2.292734877809977,-2.0000000000000027,-0.6761380569595218
2,60.0,80.0,0.0,144,2032290603,3.3927348778099713,-1.5000000000000084,0.8238619430404803
2,60.0,80.0,0.0,145,2032290603,-1.3072651221900173,-1.5000000000000084,-0.17613805695952112
2,60.0,80.0,0.0,146,2032290603,1.0927348778099741,-0.49999999999999434,-0.17613805695952112
2,60.0,80.0,0.0,147,2032290603,-1.7072651221900088,0.49999999999999434,-0.17613805695952112
2,60.0,80.0,0.0,148,2032290603,0.5927348778099741,-0.9999999999999887,2.3238619430404825
2,60.0,80.0,0.0,149,2032290603,5.59273487780996,-2.9999999999999916,1.323861943040481
2,60.0,80.0,0.0,150,2032290603,-0.5072651221900202,-0.49999999999999434,0.8238619430404803
2,60.0,80.0,0.0,151,2032290603,-0.7072651221900088,0.0,0.8238619430404803
2,60.0,80.0,0.0,152,2032290603,-0.9072651221900117,0.0,0.3238619430404796
2,60.0,80.0,0.0,153,2032290603,0.09273487780997414,-1.5000000000000084,0.8238619430404803
2,60.0,80.0,0.0,154,2032290603,1.9927348778099798,-1.5000000000000084,0.3238619430404796
2,60.0,80.0,0.0,155,2032290603,2.3927348778099713,-0.9999999999999887,0.8238619430404803
2,60.0,80.0,0.0,156,2032290603,2.3927348778099713,-1.5000000000000084,-0.17613805695952112
2,60.0,80.0,0.0,157,2032290603,-1.2072651221900088,0.9999999999999887,-0.6761380569595218
2,60.0,80.0,0.0,158,2032290603,2.792734877809977,-0.49999999999999434,0.3238619430404796
2,60.0,80.0,0.0,159,2032290603,0.5927348778099741,-0.9999999999999887,1.323861943040481
2,60.0,80.0,0.0,160,2032290603,1.792734877809977,-0.9999999999999887,-0.17613805695952112
2,60.0,80.0,0.0,161,2032290603,1.0927348778099741,0.0,-0.6761380569595218
2,60.0,80.0,0.0,162,2032290603,1.6927348778099685,-0.9999999999999887,-0.6761380569595218
2,60.0,80.0,0.0,163,2032290603,3.092734877809974,-1.5000000000000084,0.3238619430404796
2,60.0,80.0,0.0,164,2032290603,2.092734877809974,-1.5000000000000084,1.323861943040481
2,60.0,80.0,0.0,165,2032290603,2.092734877809974,-2.9999999999999916,0.3238619430404796
2,60.0,80.0,0.0,166,2032290603,3.092734877809974,-1.5000000000000084,0.3238619430404796
2,60.0,80.0,0.0,167,2032290603,3.9927348778099656,-1.5000000000000084,1.8238619430404817
2,60.0,80.0,0.0,168,2032290603,3.3927348778099713,-1.5000000000000084,1.323861943040481
2,60.0,80.0,0.0,169,2032290603,1.792734877809977,-1.5000000000000084,0.8238619430404803
2,60.0,80.0,0.0,170,2032290603,3.8927348778099713,-0.49999999999999434,-0.17613805695952112
2,60.0,80.0,0.0,171,2032290603,2.8927348778099713,-2.0000000000000027,-2.1761380569595175
2,60.0,80.0,0.0,172,2032290603,-0.1072651221900145,-2.4999999999999973,1.323861943040481
2,60.0,80.0,0.0,173,2032290603,1.8927348778099713,-0.9999999999999887,0.3238619430404796
2,60.0,80.0,0.0,174,2032290603,-0.20726512219002302,-0.49999999999999434,-0.17613805695952112
2,60.0,80.0,0.0,175,2032290603,0.4927348778099798,0.0,-0.17613805695952112
2,60.0,80.0,0.0,176,2032290603,6.492734877809951,-2.4999999999999973,0.8238619430404803
2,60.0,80.0,0.0,177,2032290603,-0.9072651221900117,-0.9999999999999887,0.3238619430404796
2,60.0,80.0,0.0,178,2032290603,-3.207265122190009,0.9999999999999887,1.8238619430404817
2,60.0,80.0,0.0,179,2032290603,2.3927348778099713,-0.49999999999999434,-0.6761380569595218
2,60.0,80.0,0.0,180,2032290603,-0.1072651221900145,0.49999999999999434,0.3238619430404796
2,60.0,80.0,0.0,181,2032290603,1.6927348778099685,-1.5000000000000084,1.323861943040481
2,60.0,80.0,0.0,182,2032290603,1.292734877809977,-0.9999999999999887,-0.17613805695952112
2,60.0,80.0,0.0,183,2032290603,1.3927348778099713,-0.49999999999999434,-0.17613805695952112
2,60.0,80.0,0.0,184,2032290603,1.3927348778099713,-0.9999999999999887,-1.1761380569595226
2,60.0,80.0,0.0,185,2032290603,5.492734877809966,-2.9999999999999916,0.3238619430404796
2,60.0,80.0,0.0,186,2032290603,1.0927348778099741,0.0,0.8238619430404803
2,60.0,80.0,0.0,187,2032290603,0.9927348778099798,-0.9999999999999887,0.3238619430404796
2,60.0,80.0,0.0,188,2032290603,0.19273487780998266,-1.5000000000000084,0.3238619430404796
2,60.0,80.0,0.0,189,2032290603,3.4927348778099656,-2.0000000000000027,0.3238619430404796
2,60.0,80.0,0.0,190,2032290603,3.7927348778099628,-2.4999999999999973,-0.6761380569595218
2,60.0,80.0,0.0,191,2032290603,2.792734877809977,-2.0000000000000027,0.8238619430404803
2,60.0,80.0,0.0,192,2032290603,2.092734877809974,-0.9999999999999887,0.3238619430404796
2,60.0,80.0,0.0,193,2032290603,1.292734877809977,-1.5000000000000084,-0.17613805695952112
2,60.0,80.0,0.0,194,2032290603,3.592734877809974,-1.5000000000000084,-0.6761380569595218
2,60.0,80.0,0.0,195,2032290603,3.3927348778099713,-2.0000000000000027,-0.6761380569595218
2,60.0,80.0,0.0,196,2032290603,-0.20726512219002302,-0.49999999999999434,0.3238619430404796
2,60.0,80.0,0.0,197,2032290603,-0.007265122190020179,-0.9999999999999887,-0.17613805695952112
2,60.0,80.0,0.0,198,2032290603,2.3927348778099713,-0.49999999999999434,1.8238619430404817
2,60.0,80.0,0.0,199,2032290603,0.19273487780998266,-1.5000000000000084,1.323861943040481
2,60.0,80.0,5.0,0,2032290604,-0.007265122190020179,-0.49999999999999434,0.3238619430404796
2,60.0,80.0,5.0,1,2032290604,1.292734877809977,-0.49999999999999434,0.3238619430404796
2,60.0,80.0,5.0,2,2032290604,1.4927348778099798,-0.9999999999999887,0.3238619430404796
2,60.0,80.0,5.0,3,2032290604,1.8927348778099713,-0.9999999999999887,-0.17613805695952112
2,60.0,80.0,5.0,4,2032290604,1.292734877809977,-0.9999999999999887,-0.17613805695952112
2,60.0,80.0,5.0,5,2032290604,1.5927348778099741,-0.9999999999999887,0.8238619430404803
2,60.0,80.0,5.0,6,2032290604,1.292734877809977,-0.49999999999999434,-0.17613805695952112
2,60.0,80.0,5.0,7,2032290604,0.9927348778099798,-0.9999999999999887,0.3238619430404796
2,60.0,80.0,5.0,8,2032290604,1.5927348778099741,-0.9999999999999887,0.8238619430404803
2,60.0,80.0,5.0,9,2032290604,0.19273487780998266,-0.9999999999999887,0.3238619430404796
2,60.0,80.0,5.0,10,2032290604,0.8927348778099855,-0.9999999999999887,0.3238619430404796
2,60.0,80.0,5.0,11,2032290604,2.49273487780998,-1.5000000000000084,0.8238619430404803
2,60.0,80.0,5.0,12,2032290604,1.3927348778099713,-0.49999999999999434,0.3238619430404796
2,60.0,80.0,5.0,13,2032290604,1.4927348778099798,-1.5000000000000084,0.3238619430404796
2,60.0,80.0,5.0,14,2032290604,3.2927348778099628,-2.0000000000000027,-0.6761380569595218
2,60.0,80.0,5.0,15,2032290604,0.9927348778099798,0.0,0.3238619430404796
2,60.0,80.0,5.0,16,2032290604,2.9927348778099656,-1.5000000000000084,-0.17613805695952112
2,60.0,80.0,5.0,17,2032290604,0.792734877809977,-0.49999999999999434,0.8238619430404803
2,60.0,80.0,5.0,18,2032290604,0.3927348778099855,-1.5000000000000084,0.8238619430404803
2,60.0,80.0,5.0,19,2032290604,1.792734877809977,-0.9999999999999887,-0.17613805695952112
2,60.0,80.0,5.0,20,2032290604,3.2927348778099628,-0.9999999999999887,-0.17613805695952112
2,60.0,80.0,5.0,21,2032290604,2.49273487780998,-0.9999999999999887,-0.17613805695952112
2,60.0,80.0,5.0,22,2032290604,1.3927348778099713,0.0,-0.17613805695952112
2,60.0,80.0,5.0,23,2032290604,1.5927348778099741,-1.5000000000000084,-0.17613805695952112
2,60.0,80.0,5.0,24,2032290604,1.792734877809977,-0.49999999999999434,0.3238619430404796
2,60.0,80.0,5.0,25,2032290604,2.092734877809974,-1.5000000000000084,0.3238619430404796
2,60.0,80.0,5.0,26,2032290604,1.4927348778099798,-0.9999999999999887,0.3238619430404796
2,60.0,80.0,5.0,27,2032290604,1.6927348778099685,-1.5000000000000084,0.3238619430404796
2,60.0,80.0,5.0,28,2032290604,0.5927348778099741,-0.9999999999999887,0.3238619430404796
2,60.0,80.0,5.0,29,2032290604,0.792734877809977,-0.49999999999999434,0.3238619430404796
2,60.0,80.0,5.0,30,2032290604,0.8927348778099855,-0.9999999999999887,0.3238619430404796
2,60.0,80.0,5.0,31,2032290604,0.8927348778099855,-0.49999999999999434,0.3238619430404796
2,60.0,80.0,5.0,32,2032290604,0.4927348778099798,-0.9999999999999887,0.3238619430404796
2,60.0,80.0,5.0,33,2032290604,3.1927348778099685,-1.5000000000000084,-0.17613805695952112
2,60.0,80.0,5.0,34,2032290604,3.2927348778099628,-1.5000000000000084,0.3238619430404796
2,60.0,80.0,5.0,35,2032290604,2.1927348778099685,-1.5000000000000084,-0.17613805695952112
2,60.0,80.0,5.0,36,2032290604,3.4927348778099656,-1.5000000000000084,-0.17613805695952112
2,60.0,80.0,5.0,37,2032290604,2.9927348778099656,-2.0000000000000027,-0.17613805695952112
2,60.0,80.0,5.0,38,2032290604,1.792734877809977,0.0,0.3238619430404796
2,60.0,80.0,5.0,39,2032290604,2.3927348778099713,-0.9999999999999887,-0.17613805695952112
2,60.0,80.0,5.0,40,2032290604,0.792734877809977,-0.49999999999999434,0.3238619430404796
2,60.0,80.0,5.0,41,2032290604,2.6927348778099685,-1.5000000000000084,0.8238619430404803
2,60.0,80.0,5.0,42,2032290604,1.6927348778099685,-1.5000000000000084,0.3238619430404796
2,60.0,80.0,5.0,43,2032290604,0.6927348778099827,-0.49999999999999434,-0.17613805695952112
2,60.0,80.0,5.0,44,2032290604,1.0927348778099741,-1.5000000000000084,0.3238619430404796
2,60.0,80.0,5.0,45,2032290604,0.6927348778099827,-0.9999999999999887,0.3238619430404796
2,60.0,80.0,5.0,46,2032290604,2.8927348778099713,-0.9999999999999887,-0.17613805695952112
2,60.0,80.0,5.0,47,2032290604,1.9927348778099798,-0.49999999999999434,-0.17613805695952112
2,60.0,80.0,5.0,48,2032290604,1.5927348778099741,-0.9999999999999887,-0.17613805695952112
2,60.0,80.0,5.0,49,2032290604,2.9927348778099656,-1.5000000000000084,0.3238619430404796
2,60.0,80.0,5.0,50,2032290604,0.9927348778099798,-0.49999999999999434,0.3238619430404796
2,60.0,80.0,5.0,51,2032290604,2.49273487780998,-1.5000000000000084,-0.17613805695952112
2,60.0,80.0,5.0,52,2032290604,1.0927348778099741,-0.49999999999999434,0.8238619430404803
2,60.0,80.0,5.0,53,2032290604,1.8927348778099713,-1.5000000000000084,-0.17613805695952112
2,60.0,80.0,5.0,54,2032290604,2.092734877809974,-1.5000000000000084,-0.17613805695952112
2,60.0,80.0,5.0,55,2032290604,1.0927348778099741,-1.5000000000000084,-0.17613805695952112
2,60.0,80.0,5.0,56,2032290604,1.292734877809977,-0.9999999999999887,-0.17613805695952112
2,60.0,80.0,5.0,57,2032290604,1.1927348778099827,-0.9999999999999887,-0.17613805695952112
2,60.0,80.0,5.0,58,2032290604,1.0927348778099741,-0.9999999999999887,-0.6761380569595218
2,60.0,80.0,5.0,59,2032290604,3.3927348778099713,-1.5000000000000084,0.3238619430404796
2,60.0,80.0,5.0,60,2032290604,2.49273487780998,-1.5000000000000084,-0.17613805695952112
2,60.0,80.0,5.0,61,2032290604,1.5927348778099741,-0.9999999999999887,0.3238619430404796
2,60.0,80.0,5.0,62,2032290604,2.092734877809974,-0.9999999999999887,-0.17613805695952112
2,60.0,80.0,5.0,63,2032290604,0.9927348778099798,-1.5000000000000084,0.8238619430404803
2,60.0,80.0,5.0,64,2032290604,1.0927348778099741,-1.5000000000000084,0.3238619430404796
2,60.0,80.0,5.0,65,2032290604,0.9927348778099798,-0.9999999999999887,0.3238619430404796
2,60.0,80.0,5.0,66,2032290604,1.292734877809977,-0.9999999999999887,-0.6761380569595218
2,60.0,80.0,5.0,67,2032290604,-0.007265122190020179,-0.9999999999999887,0.8238619430404803
2,60.0,80.0,5.0,68,2032290604,2.49273487780998,-0.49999999999999434,-0.6761380569595218
2,60.0,80.0,5.0,69,2032290604,1.8927348778099713,-0.9999999999999887,0.3238619430404796
2,60.0,80.0,5.0,70,2032290604,1.0927348778099741,-0.49999999999999434,0.3238619430404796
2,60.0,80.0,5.0,71,2032290604,-0.40726512219001165,-0.49999999999999434,0.3238619430404796
2,60.0,80.0,5.0,72,2032290604,1.4927348778099798,-0.9999999999999887,-0.17613805695952112
2,60.0,80.0,5.0,73,2032290604,1.3927348778099713,-0.49999999999999434,-0.17613805695952112
2,60.0,80.0,5.0,74,2032290604,2.6927348778099685,-1.5000000000000084,0.8238619430404803
2,60.0,80.0,5.0,75,2032290604,-0.8072651221900173,-0.9999999999999887,-0.17613805695952112
2,60.0,80.0,5.0,76,2032290604,0.8927348778099855,-0.9999999999999887,0.3238619430404796
2,60.0,80.0,5.0,77,2032290604,3.2927348778099628,-2.0000000000000027,-0.17613805695952112
2,60.0,80.0,5.0,78,2032290604,1.792734877809977,-0.9999999999999887,0.3238619430404796
2,60.0,80.0,5.0,79,2032290604,1.292734877809977,-0.9999999999999887,-0.17613805695952112
2,60.0,80.0,5.0,80,2032290604,3.7927348778099628,-2.0000000000000027,0.3238619430404796
2,60.0,80.0,5.0,81,2032290604,0.8927348778099855,-1.5000000000000084,-0.17613805695952112
2,60.0,80.0,5.0,82,2032290604,0.8927348778099855,-0.9999999999999887,0.8238619430404803
2,60.0,80.0,5.0,83,2032290604,2.8927348778099713,-1.5000000000000084,0.3238619430404796
2,60.0,80.0,5.0,84,2032290604,0.6927348778099827,-0.9999999999999887,-0.17613805695952112
2,60.0,80.0,5.0,85,2032290604,2.292734877809977,-0.9999999999999887,0.3238619430404796
2,60.0,80.0,5.0,86,2032290604,1.6927348778099685,-0.9999999999999887,-0.17613805695952112
2,60.0,80.0,5.0,87,2032290604,2.3927348778099713,-1.5000000000000084,-0.17613805695952112
2,60.0,80.0,5.0,88,2032290604,0.6927348778099827,-0.49999999999999434,-0.17613805695952112
2,60.0,80.0,5.0,89,2032290604,0.3927348778099855,0.0,-0.17613805695952112
2,60.0,80.0,5.0,90,2032290604,1.0927348778099741,-0.9999999999999887,0.3238619430404796
2,60.0,80.0,5.0,91,2032290604,2.3927348778099713,-0.9999999999999887,-0.6761380569595218
2,60.0,80.0,5.0,92,2032290604,1.4927348778099798,-1.5000000000000084,-0.17613805695952112
2,60.0,80.0,5.0,93,2032290604,2.49273487780998,-1.5000000000000084,-0.17613805695952112
2,60.0,80.0,5.0,94,2032290604,2.792734877809977,-1.5000000000000084,-0.17613805695952112
2,60.0,80.0,5.0,95,2032290604,0.4927348778099798,-0.9999999999999887,0.3238619430404796
2,60.0,80.0,5.0,96,2032290604,1.292734877809977,-0.9999999999999887,0.3238619430404796
2,60.0,80.0,5.0,97,2032290604,3.592734877809974,-1.5000000000000084,-0.17613805695952112
2,60.0,80.0,5.0,98,2032290604,3.592734877809974,-1.5000000000000084,0.3238619430404796
2,60.0,80.0,5.0,99,2032290604,2.792734877809977,-0.9999999999999887,-0.17613805695952112
2,60.0,80.0,5.0,100,2032290604,2.1927348778099685,-0.9999999999999887,-0.6761380569595218
2,60.0,80.0,5.0,101,2032290604,0.9927348778099798,-0.49999999999999434,-0.17613805695952112
2,60.0,80.0,5.0,102,2032290604,1.3927348778099713,-0.49999999999999434,-0.17613805695952112
2,60.0,80.0,5.0,103,2032290604,0.19273487780998266,-0.9999999999999887,0.3238619430404796
2,60.0,80.0,5.0,104,2032290604,2.292734877809977,-1.5000000000000084,0.3238619430404796
2,60.0,80.0,5.0,105,2032290604,1.6927348778099685,-0.9999999999999887,0.8238619430404803
2,60.0,80.0,5.0,106,2032290604,1.0927348778099741,-0.49999999999999434,0.3238619430404796
2,60.0,80.0,5.0,107,2032290604,0.292734877809977,-0.49999999999999434,0.3238619430404796
2,60.0,80.0,5.0,108,2032290604,0.5927348778099741,-0.9999999999999887,1.323861943040481
2,60.0,80.0,5.0,109,2032290604,1.292734877809977,-0.49999999999999434,-0.17613805695952112
2,60.0,80.0,5.0,110,2032290604,1.9927348778099798,-0.49999999999999434,0.3238619430404796
2,60.0,80.0,5.0,111,2032290604,1.4927348778099798,-1.5000000000000084,0.3238619430404796
2,60.0,80.0,5.0,112,2032290604,2.592734877809974,-1.5000000000000084,-0.17613805695952112
2,60.0,80.0,5.0,113,2032290604,1.292734877809977,-0.49999999999999434,0.3238619430404796
2,60.0,80.0,5.0,114,2032290604,1.5927348778099741,-0.9999999999999887,-0.17613805695952112
2,60.0,80.0,5.0,115,2032290604,1.292734877809977,-0.9999999999999887,0.3238619430404796
2,60.0,80.0,5.0,116,2032290604,3.8927348778099713,-2.0000000000000027,-0.17613805695952112
2,60.0,80.0,5.0,117,2032290604,2.292734877809977,-1.5000000000000084,0.8238619430404803
2,60.0,80.0,5.0,118,2032290604,-0.20726512219002302,-0.9999999999999887,-0.6761380569595218
2,60.0,80.0,5.0,119,2032290604,1.8927348778099713,-1.5000000000000084,0.3238619430404796
2,60.0,80.0,5.0,120,2032290604,3.592734877809974,-1.5000000000000084,-0.17613805695952112
2,60.0,80.0,5.0,121,2032290604,0.19273487780998266,-0.49999999999999434,0.3238619430404796
2,60.0,80.0,5.0,122,2032290604,0.19273487780998266,-0.49999999999999434,0.3238619430404796
2,60.0,80.0,5.0,123,2032290604,3.2927348778099628,-2.0000000000000027,0.8238619430404803
2,60.0,80.0,5.0,124,2032290604,2.8927348778099713,-0.9999999999999887,0.8238619430404803
2,60.0,80.0,5.0,125,2032290604,1.1927348778099827,-0.9999999999999887,0.3238619430404796
2,60.0,80.0,5.0,126,2032290604,1.0927348778099741,-0.49999999999999434,0.8238619430404803
2,60.0,80.0,5.0,127,2032290604,2.3927348778099713,-1.5000000000000084,-0.17613805695952112
2,60.0,80.0,5.0,128,2032290604,0.8927348778099855,-0.9999999999999887,-0.17613805695952112
2,60.0,80.0,5.0,129,2032290604,3.092734877809974,-1.5000000000000084,-0.17613805695952112
2,60.0,80.0,5.0,130,2032290604,1.5927348778099741,-0.9999999999999887,0.8238619430404803
2,60.0,80.0,5.0,131,2032290604,2.9927348778099656,-2.0000000000000027,-0.17613805695952112
2,60.0,80.0,5.0,132,2032290604,1.4927348778099798,-0.9999999999999887,-0.17613805695952112
2,60.0,80.0,5.0,133,2032290604,1.0927348778099741,-0.9999999999999887,0.3238619430404796
2,60.0,80.0,5.0,134,2032290604,2.292734877809977,-0.9999999999999887,0.3238619430404796
2,60.0,80.0,5.0,135,2032290604,1.6927348778099685,-0.9999999999999887,-0.6761380569595218
2,60.0,80.0,5.0,136,2032290604,1.1927348778099827,-0.49999999999999434,0.8238619430404803
2,60.0,80.0,5.0,137,2032290604,1.1927348778099827,-0.49999999999999434,-0.6761380569595218
2,60.0,80.0,5.0,138,2032290604,-0.007265122190020179,-1.5000000000000084,0.3238619430404796
2,60.0,80.0,5.0,139,2032290604,1.0927348778099741,-0.9999999999999887,0.8238619430404803
2,60.0,80.0,5.0,140,2032290604,0.3927348778099855,-0.49999999999999434,0.3238619430404796
2,60.0,80.0,5.0,141,2032290604,2.1927348778099685,0.0,0.3238619430404796
2,60.0,80.0,5.0,142,2032290604,1.0927348778099741,-0.49999999999999434,0.3238619430404796
2,60.0,80.0,5.0,143,2032290604,2.49273487780998,-0.9999999999999887,0.3238619430404796
2,60.0,80.0,5.0,144,2032290604,1.792734877809977,-0.9999999999999887,-0.17613805695952112
2,60.0,80.0,5.0,145,2032290604,2.1927348778099685,-0.9999999999999887,0.8238619430404803
2,60.0,80.0,5.0,146,2032290604,0.6927348778099827,-0.49999999999999434,0.3238619430404796
2,60.0,80.0,5.0,147,2032290604,1.9927348778099798,-1.5000000000000084,0.3238619430404796
2,60.0,80.0,5.0,148,2032290604,-1.3072651221900173,-0.49999999999999434,0.8238619430404803
2,60.0,80.0,5.0,149,2032290604,2.49273487780998,-1.5000000000000084,-0.17613805695952112
2,60.0,80.0,5.0,150,2032290604,2.1927348778099685,-1.5000000000000084,0.8238619430404803
2,60.0,80.0,5.0,151,2032290604,1.792734877809977,-0.9999999999999887,0.3238619430404796
2,60.0,80.0,5.0,152,2032290604,3.592734877809974,-2.0000000000000027,-0.17613805695952112
2,60.0,80.0,5.0,153,2032290604,3.2927348778099628,-1.5000000000000084,1.323861943040481
2,60.0,80.0,5.0,154,2032290604,3.092734877809974,-1.5000000000000084,-0.17613805695952112
2,60.0,80.0,5.0,155,2032290604,1.3927348778099713,0.0,0.3238619430404796
2,60.0,80.0,5.0,156,2032290604,1.9927348778099798,-0.9999999999999887,0.8238619430404803
2,60.0,80.0,5.0,157,2032290604,1.5927348778099741,-0.9999999999999887,0.3238619430404796
2,60.0,80.0,5.0,158,2032290604,1.5927348778099741,-0.49999999999999434,0.3238619430404796
2,60.0,80.0,5.0,159,2032290604,2.1927348778099685,-2.0000000000000027,-0.17613805695952112
2,60.0,80.0,5.0,160,2032290604,1.5927348778099741,-1.5000000000000084,0.8238619430404803
2,60.0,80.0,5.0,161,2032290604,2.49273487780998,-0.9999999999999887,0.8238619430404803
2,60.0,80.0,5.0,162,2032290604,2.292734877809977,-2.0000000000000027,0.3238619430404796
2,60.0,80.0,5.0,163,2032290604,2.792734877809977,-2.0000000000000027,0.3238619430404796
2,60.0,80.0,5.0,164,2032290604,1.792734877809977,-0.9999999999999887,-0.17613805695952112
2,60.0,80.0,5.0,165,2032290604,1.8927348778099713,-0.9999999999999887,0.8238619430404803
2,60.0,80.0,5.0,166,2032290604,1.3927348778099713,-1.5000000000000084,0.3238619430404796
2,60.0,80.0,5.0,167,2032290604,1.0927348778099741,-0.49999999999999434,-0.17613805695952112
2,60.0,80.0,5.0,168,2032290604,2.792734877809977,-1.5000000000000084,-0.6761380569595218
2,60.0,80.0,5.0,169,2032290604,1.1927348778099827,-1.5000000000000084,-0.17613805695952112
2,60.0,80.0,5.0,170,2032290604,-1.4072651221900117,0.49999999999999434,0.8238619430404803
2,60.0,80.0,5.0,171,2032290604,0.9927348778099798,-1.5000000000000084,0.3238619430404796
2,60.0,80.0,5.0,172,2032290604,1.9927348778099798,-1.5000000000000084,0.3238619430404796
2,60.0,80.0,5.0,173,2032290604,1.8927348778099713,-0.49999999999999434,-0.17613805695952112
2,60.0,80.0,5.0,174,2032290604,1.8927348778099713,-0.9999999999999887,0.3238619430404796
2,60.0,80.0,5.0,175,2032290604,0.8927348778099855,-0.49999999999999434,-0.17613805695952112
2,60.0,80.0,5.0,176,2032290604,0.6927348778099827,-0.49999999999999434,-0.17613805695952112
2,60.0,80.0,5.0,177,2032290604,1.5927348778099741,-0.9999999999999887,-0.17613805695952112
2,60.0,80.0,5.0,178,2032290604,3.9927348778099656,-2.4999999999999973,0.3238619430404796
2,60.0,80.0,5.0,179,2032290604,0.9927348778099798,-0.9999999999999887,-0.17613805695952112
2,60.0,80.0,5.0,180,2032290604,1.1927348778099827,-1.5000000000000084,0.3238619430404796
2,60.0,80.0,5.0,181,2032290604,2.3927348778099713,-0.9999999999999887,0.3238619430404796
2,60.0,80.0,5.0,182,2032290604,2.292734877809977,-1.5000000000000084,0.3238619430404796
2,60.0,80.0,5.0,183,2032290604,3.092734877809974,-1.5000000000000084,0.3238619430404796
2,60.0,80.0,5.0,184,2032290604,1.5927348778099741,-0.9999999999999887,1.323861943040481
2,60.0,80.0,5.0,185,2032290604,1.3927348778099713,-0.9999999999999887,0.8238619430404803
2,60.0,80.0,5.0,186,2032290604,2.1927348778099685,-0.9999999999999887,0.3238619430404796
2,60.0,80.0,5.0,187,2032290604,1.6927348778099685,-0.49999999999999434,-0.17613805695952112
2,60.0,80.0,5.0,188,2032290604,1.9927348778099798,-1.5000000000000084,0.3238619430404796
2,60.0,80.0,5.0,189,2032290604,1.1927348778099827,-0.9999999999999887,0.3238619430404796
2,60.0,80.0,5.0,190,2032290604,1.5927348778099741,-0.9999999999999887,-0.17613805695952112
2,60.0,80.0,5.0,191,2032290604,1.8927348778099713,-1.5000000000000084,0.3238619430404796
2,60.0,80.0,5.0,192,2032290604,1.792734877809977,-0.9999999999999887,-0.17613805695952112
2,60.0,80.0,5.0,193,2032290604,1.292734877809977,-0.9999999999999887,0.3238619430404796
2,60.0,80.0,5.0,194,2032290604,2.1927348778099685,-1.5000000000000084,0.3238619430404796
2,60.0,80.0,5.0,195,2032290604,0.3927348778099855,-0.9999999999999887,0.3238619430404796
2,60.0,80.0,5.0,196,2032290604,0.09273487780997414,-0.49999999999999434,0.3238619430404796
2,60.0,80.0,5.0,197,2032290604,1.0927348778099741,-1.5000000000000084,0.8238619430404803
2,60.0,80.0,5.0,198,2032290604,3.7927348778099628,-1.5000000000000084,0.3238619430404796
2,60.0,80.0,5.0,199,2032290604,1.3927348778099713,-0.9999999999999887,0.3238619430404796
2,60.0,80.0,10.0,0,2032290605,1.1927348778099827,-0.49999999999999434,-0.17613805695952112
2,60.0,80.0,10.0,1,2032290605,1.9927348778099798,-0.9999999999999887,-0.17613805695952112
2,60.0,80.0,10.0,2,2032290605,1.3927348778099713,-0.9999999999999887,0.3238619430404796
2,60.0,80.0,10.0,3,2032290605,1.4927348778099798,-1.5000000000000084,0.3238619430404796
2,60.0,80.0,10.0,4,2032290605,0.8927348778099855,-0.49999999999999434,0.3238619430404796
2,60.0,80.0,10.0,5,2032290605,1.6927348778099685,-0.49999999999999434,0.3238619430404796
2,60.0,80.0,10.0,6,2032290605,0.6927348778099827,-0.9999999999999887,0.3238619430404796
2,60.0,80.0,10.0,7,2032290605,0.5927348778099741,-0.9999999999999887,-0.17613805695952112
2,60.0,80.0,10.0,8,2032290605,1.8927348778099713,-0.9999999999999887,0.3238619430404796
2,60.0,80.0,10.0,9,2032290605,1.8927348778099713,-1.5000000000000084,0.3238619430404796
2,60.0,80.0,10.0,10,2032290605,1.3927348778099713,-0.9999999999999887,0.3238619430404796
2,60.0,80.0,10.0,11,2032290605,0.8927348778099855,-0.49999999999999434,0.3238619430404796
2,60.0,80.0,10.0,12,2032290605,1.5927348778099741,-0.9999999999999887,0.3238619430404796
2,60.0,80.0,10.0,13,2032290605,1.5927348778099741,-1.5000000000000084,0.3238619430404796
2,60.0,80.0,10.0,14,2032290605,1.4927348778099798,-0.9999999999999887,-0.17613805695952112
2,60.0,80.0,10.0,15,2032290605,1.1927348778099827,-0.9999999999999887,0.3238619430404796
2,60.0,80.0,10.0,16,2032290605,0.9927348778099798,-0.49999999999999434,0.3238619430404796
2,60.0,80.0,10.0,17,2032290605,1.292734877809977,-0.9999999999999887,0.3238619430404796
2,60.0,80.0,10.0,18,2032290605,1.1927348778099827,-0.9999999999999887,-0.17613805695952112
2,60.0,80.0,10.0,19,2032290605,2.8927348778099713,-1.5000000000000084,-0.17613805695952112
2,60.0,80.0,10.0,20,2032290605,2.092734877809974,-1.5000000000000084,0.3238619430404796
2,60.0,80.0,10.0,21,2032290605,1.3927348778099713,-0.9999999999999887,0.3238619430404796
2,60.0,80.0,10.0,22,2032290605,1.4927348778099798,-0.9999999999999887,-0.17613805695952112
2,60.0,80.0,10.0,23,2032290605,1.9927348778099798,-1.5000000000000084,-0.17613805695952112
2,60.0,80.0,10.0,24,2032290605,1.9927348778099798,-0.49999999999999434,-0.17613805695952112
2,60.0,80.0,10.0,25,2032290605,1.9927348778099798,-0.9999999999999887,0.3238619430404796
2,60.0,80.0,10.0,26,2032290605,1.3927348778099713,-0.9999999999999887,0.3238619430404796
2,60.0,80.0,10.0,27,2032290605,1.6927348778099685,-0.9999999999999887,0.3238619430404796
2,60.0,80.0,10.0,28,2032290605,1.3927348778099713,-0.9999999999999887,0.3238619430404796
2,60.0,80.0,10.0,29,2032290605,1.4927348778099798,-0.9999999999999887,0.3238619430404796
2,60.0,80.0,10.0,30,2032290605,1.9927348778099798,-0.9999999999999887,-0.17613805695952112
2,60.0,80.0,10.0,31,2032290605,2.292734877809977,-1.5000000000000084,0.3238619430404796
2,60.0,80.0,10.0,32,2032290605,0.9927348778099798,-0.9999999999999887,-0.17613805695952112
2,60.0,80.0,10.0,33,2032290605,1.0927348778099741,-0.9999999999999887,0.3238619430404796
2,60.0,80.0,10.0,34,2032290605,1.5927348778099741,-0.9999999999999887,0.3238619430404796
2,60.0,80.0,10.0,35,2032290605,2.1927348778099685,-0.9999999999999887,0.3238619430404796
2,60.0,80.0,10.0,36,2032290605,2.592734877809974,-1.5000000000000084,0.3238619430404796
2,60.0,80.0,10.0,37,2032290605,2.1927348778099685,-0.9999999999999887,-0.17613805695952112
2,60.0,80.0,10.0,38,2032290605,1.3927348778099713,-0.9999999999999887,0.3238619430404796
2,60.0,80.0,10.0,39,2032290605,0.19273487780998266,-0.49999999999999434,0.3238619430404796
2,60.0,80.0,10.0,40,2032290605,1.8927348778099713,-1.5000000000000084,0.3238619430404796
2,60.0,80.0,10.0,41,2032290605,1.0927348778099741,-0.9999999999999887,-0.17613805695952112
2,60.0,80.0,10.0,42,2032290605,1.3927348778099713,-0.9999999999999887,0.3238619430404796
2,60.0,80.0,10.0,43,2032290605,1.3927348778099713,-0.9999999999999887,0.3238619430404796
2,60.0,80.0,10.0,44,2032290605,2.1927348778099685,-0.9999999999999887,0.3238619430404796
2,60.0,80.0,10.0,45,2032290605,1.3927348778099713,-0.9999999999999887,0.3238619430404796
2,60.0,80.0,10.0,46,2032290605,2.6927348778099685,-1.5000000000000084,0.3238619430404796
2,60.0,80.0,10.0,47,2032290605,1.1927348778099827,-0.49999999999999434,-0.17613805695952112
2,60.0,80.0,10.0,48,2032290605,1.0927348778099741,-0.9999999999999887,0.3238619430404796
2,60.0,80.0,10.0,49,2032290605,1.5927348778099741,-0.49999999999999434,-0.17613805695952112
2,60.0,80.0,10.0,50,2032290605,1.792734877809977,-0.9999999999999887,0.3238619430404796
2,60.0,80.0,10.0,51,2032290605,1.5927348778099741,-1.5000000000000084,0.3238619430404796
2,60.0,80.0,10.0,52,2032290605,1.8927348778099713,-0.9999999999999887,-0.17613805695952112
2,60.0,80.0,10.0,53,2032290605,1.6927348778099685,-0.9999999999999887,0.3238619430404796
2,60.0,80.0,10.0,54,2032290605,1.792734877809977,-1.5000000000000084,0.3238619430404796
2,60.0,80.0,10.0,55,2032290605,1.9927348778099798,-1.5000000000000084,0.3238619430404796
2,60.0,80.0,10.0,56,2032290605,0.6927348778099827,-0.49999999999999434,0.3238619430404796
2,60.0,80.0,10.0,57,2032290605,1.792734877809977,-0.9999999999999887,0.3238619430404796
2,60.0,80.0,10.0,58,2032290605,1.5927348778099741,-0.9999999999999887,0.3238619430404796
2,60.0,80.0,10.0,59,2032290605,1.292734877809977,-0.9999999999999887,0.3238619430404796
2,60.0,80.0,10.0,60,2032290605,1.3927348778099713,-0.9999999999999887,-0.17613805695952112
2,60.0,80.0,10.0,61,2032290605,1.6927348778099685,-0.9999999999999887,0.3238619430404796
2,60.0,80.0,10.0,62,2032290605,1.3927348778099713,-1.5000000000000084,0.3238619430404796
2,60.0,80.0,10.0,63,2032290605,1.6927348778099685,-1.5000000000000084,0.3238619430404796
2,60.0,80.0,10.0,64,2032290605,0.5927348778099741,-0.9999999999999887,0.8238619430404803
2,60.0,80.0,10.0,65,2032290605,2.1927348778099685,-1.5000000000000084,-0.17613805695952112
2,60.0,80.0,10.0,66,2032290605,1.6927348778099685,-0.9999999999999887,-0.17613805695952112
2,60.0,80.0,10.0,67,2032290605,1.292734877809977,-0.9999999999999887,0.3238619430404796
2,60.0,80.0,10.0,68,2032290605,2.1927348778099685,-0.9999999999999887,-0.17613805695952112
2,60.0,80.0,10.0,69,2032290605,0.4927348778099798,-0.49999999999999434,0.3238619430404796
2,60.0,80.0,10.0,70,2032290605,2.292734877809977,-1.5000000000000084,0.3238619430404796
2,60.0,80.0,10.0,71,2032290605,1.6927348778099685,-1.5000000000000084,-0.17613805695952112
2,60.0,80.0,10.0,72,2032290605,1.8927348778099713,-1.5000000000000084,-0.17613805695952112
2,60.0,80.0,10.0,73,2032290605,1.792734877809977,-1.5000000000000084,-0.17613805695952112
2,60.0,80.0,10.0,74,2032290605,1.8927348778099713,-1.5000000000000084,0.3238619430404796
2,60.0,80.0,10.0,75,2032290605,2.092734877809974,-0.9999999999999887,-0.17613805695952112
2,60.0,80.0,10.0,76,2032290605,0.9927348778099798,-0.9999999999999887,-0.17613805695952112
2,60.0,80.0,10.0,77,2032290605,2.1927348778099685,-0.9999999999999887,0.3238619430404796
2,60.0,80.0,10.0,78,2032290605,1.5927348778099741,-0.9999999999999887,0.3238619430404796
2,60.0,80.0,10.0,79,2032290605,1.792734877809977,-0.9999999999999887,-0.17613805695952112
2,60.0,80.0,10.0,80,2032290605,1.1927348778099827,-0.9999999999999887,0.3238619430404796
2,60.0,80.0,10.0,81,2032290605,2.3927348778099713,-1.5000000000000084,0.3238619430404796
2,60.0,80.0,10.0,82,2032290605,0.792734877809977,-0.49999999999999434,0.3238619430404796
2,60.0,80.0,10.0,83,2032290605,1.792734877809977,-1.5000000000000084,-0.17613805695952112
2,60.0,80.0,10.0,84,2032290605,2.092734877809974,-0.9999999999999887,-0.17613805695952112
2,60.0,80.0,10.0,85,2032290605,0.9927348778099798,-0.49999999999999434,0.3238619430404796
2,60.0,80.0,10.0,86,2032290605,2.49273487780998,-1.5000000000000084,-0.17613805695952112
2,60.0,80.0,10.0,87,2032290605,1.5927348778099741,-0.9999999999999887,0.3238619430404796
2,60.0,80.0,10.0,88,2032290605,1.1927348778099827,-0.9999999999999887,0.8238619430404803
2,60.0,80.0,10.0,89,2032290605,1.792734877809977,-0.9999999999999887,0.3238619430404796
2,60.0,80.0,10.0,90,2032290605,1.5927348778099741,-0.49999999999999434,0.3238619430404796
2,60.0,80.0,10.0,91,2032290605,1.292734877809977,-0.9999999999999887,0.3238619430404796
2,60.0,80.0,10.0,92,2032290605,1.1927348778099827,-0.9999999999999887,-0.17613805695952112
2,60.0,80.0,10.0,93,2032290605,1.8927348778099713,-0.9999999999999887,-0.17613805695952112
2,60.0,80.0,10.0,94,2032290605,1.5927348778099741,-1.5000000000000084,-0.17613805695952112
2,60.0,80.0,10.0,95,2032290605,1.8927348778099713,-0.9999999999999887,0.3238619430404796
2,60.0,80.0,10.0,96,2032290605,1.0927348778099741,-0.9999999999999887,0.3238619430404796
2,60.0,80.0,10.0,97,2032290605,1.6927348778099685,-0.9999999999999887,-0.17613805695952112
2,60.0,80.0,10.0,98,2032290605,1.9927348778099798,-1.5000000000000084,0.3238619430404796
2,60.0,80.0,10.0,99,2032290605,1.4927348778099798,-1.5000000000000084,0.3238619430404796
2,60.0,80.0,10.0,100,2032290605,0.8927348778099855,-0.49999999999999434,0.8238619430404803
2,60.0,80.0,10.0,101,2032290605,2.792734877809977,-1.5000000000000084,0.8238619430404803
2,60.0,80.0,10.0,102,2032290605,1.5927348778099741,-0.9999999999999887,-0.17613805695952112
2,60.0,80.0,10.0,103,2032290605,2.9927348778099656,-2.0000000000000027,0.3238619430404796
2,60.0,80.0,10.0,104,2032290605,1.6927348778099685,-0.9999999999999887,0.3238619430404796
2,60.0,80.0,10.0,105,2032290605,1.792734877809977,-0.9999999999999887,0.3238619430404796
2,60.0,80.0,10.0,106,2032290605,1.292734877809977,-0.9999999999999887,0.3238619430404796
2,60.0,80.0,10.0,107,2032290605,2.292734877809977,-1.5000000000000084,-0.17613805695952112
2,60.0,80.0,10.0,108,2032290605,1.792734877809977,-0.49999999999999434,-0.17613805695952112
2,60.0,80.0,10.0,109,2032290605,1.8927348778099713,-1.5000000000000084,0.3238619430404796
2,60.0,80.0,10.0,110,2032290605,1.1927348778099827,-0.9999999999999887,-0.17613805695952112
2,60.0,80.0,10.0,111,2032290605,2.092734877809974,-0.9999999999999887,0.3238619430404796
2,60.0,80.0,10.0,112,2032290605,2.092734877809974,-0.9999999999999887,-0.17613805695952112
2,60.0,80.0,10.0,113,2032290605,1.8927348778099713,-0.9999999999999887,0.3238619430404796
2,60.0,80.0,10.0,114,2032290605,1.1927348778099827,-0.9999999999999887,-0.17613805695952112
2,60.0,80.0,10.0,115,2032290605,2.1927348778099685,-1.5000000000000084,-0.17613805695952112
2,60.0,80.0,10.0,116,2032290605,1.292734877809977,-0.9999999999999887,0.3238619430404796
2,60.0,80.0,10.0,117,2032290605,1.4927348778099798,-0.9999999999999887,0.3238619430404796
2,60.0,80.0,10.0,118,2032290605,1.0927348778099741,-0.49999999999999434,0.3238619430404796
2,60.0,80.0,10.0,119,2032290605,1.8927348778099713,-1.5000000000000084,-0.17613805695952112
2,60.0,80.0,10.0,120,2032290605,1.6927348778099685,-0.9999999999999887,0.3238619430404796
2,60.0,80.0,10.0,121,2032290605,2.092734877809974,-1.5000000000000084,-0.17613805695952112
2,60.0,80.0,10.0,122,2032290605,0.9927348778099798,-0.49999999999999434,0.3238619430404796
2,60.0,80.0,10.0,123,2032290605,1.8927348778099713,-0.9999999999999887,0.3238619430404796
2,60.0,80.0,10.0,124,2032290605,1.9927348778099798,-1.5000000000000084,0.8238619430404803
2,60.0,80.0,10.0,125,2032290605,1.1927348778099827,-0.9999999999999887,-0.17613805695952112
2,60.0,80.0,10.0,126,2032290605,1.292734877809977,-0.9999999999999887,-0.17613805695952112
2,60.0,80.0,10.0,127,2032290605,1.9927348778099798,-0.9999999999999887,0.3238619430404796
2,60.0,80.0,10.0,128,2032290605,2.49273487780998,-1.5000000000000084,-0.17613805695952112
2,60.0,80.0,10.0,129,2032290605,1.9927348778099798,-0.9999999999999887,-0.17613805695952112
2,60.0,80.0,10.0,130,2032290605,1.8927348778099713,-2.0000000000000027,-0.17613805695952112
2,60.0,80.0,10.0,131,2032290605,2.292734877809977,-1.5000000000000084,0.3238619430404796
2,60.0,80.0,10.0,132,2032290605,1.292734877809977,-0.9999999999999887,0.3238619430404796
2,60.0,80.0,10.0,133,2032290605,1.9927348778099798,-1.5000000000000084,0.3238619430404796
2,60.0,80.0,10.0,134,2032290605,1.292734877809977,-0.9999999999999887,-0.17613805695952112
2,60.0,80.0,10.0,135,2032290605,1.5927348778099741,-0.9999999999999887,0.3238619430404796
2,60.0,80.0,10.0,136,2032290605,1.292734877809977,-0.9999999999999887,-0.17613805695952112
2,60.0,80.0,10.0,137,2032290605,1.6927348778099685,-0.49999999999999434,0.3238619430404796
2,60.0,80.0,10.0,138,2032290605,1.9927348778099798,-0.9999999999999887,-0.17613805695952112
2,60.0,80.0,10.0,139,2032290605,1.5927348778099741,-0.9999999999999887,0.3238619430404796
2,60.0,80.0,10.0,140,2032290605,0.9927348778099798,-0.9999999999999887,-0.17613805695952112
2,60.0,80.0,10.0,141,2032290605,1.5927348778099741,-0.9999999999999887,0.3238619430404796
2,60.0,80.0,10.0,142,2032290605,1.8927348778099713,-0.9999999999999887,0.3238619430404796
2,60.0,80.0,10.0,143,2032290605,1.292734877809977,-0.9999999999999887,0.3238619430404796
2,60.0,80.0,10.0,144,2032290605,1.3927348778099713,-0.9999999999999887,0.8238619430404803
2,60.0,80.0,10.0,145,2032290605,1.6927348778099685,-0.9999999999999887,-0.17613805695952112
2,60.0,80.0,10.0,146,2032290605,1.6927348778099685,-0.9999999999999887,0.3238619430404796
2,60.0,80.0,10.0,147,2032290605,1.8927348778099713,-0.9999999999999887,-0.17613805695952112
2,60.0,80.0,10.0,148,2032290605,1.6927348778099685,-1.5000000000000084,0.3238619430404796
2,60.0,80.0,10.0,149,2032290605,0.792734877809977,-0.49999999999999434,-0.17613805695952112
2,60.0,80.0,10.0,150,2032290605,1.9927348778099798,-0.9999999999999887,-0.17613805695952112
2,60.0,80.0,10.0,151,2032290605,1.0927348778099741,-0.9999999999999887,-0.17613805695952112
2,60.0,80.0,10.0,152,2032290605,1.4927348778099798,-0.9999999999999887,-0.17613805695952112
2,60.0,80.0,10.0,153,2032290605,1.8927348778099713,-0.9999999999999887,-0.17613805695952112
2,60.0,80.0,10.0,154,2032290605,2.092734877809974,-1.5000000000000084,0.3238619430404796
2,60.0,80.0,10.0,155,2032290605,1.6927348778099685,-1.5000000000000084,0.3238619430404796
2,60.0,80.0,10.0,156,2032290605,1.3927348778099713,-0.9999999999999887,-0.17613805695952112
2,60.0,80.0,10.0,157,2032290605,0.792734877809977,-0.9999999999999887,0.8238619430404803
2,60.0,80.0,10.0,158,2032290605,1.8927348778099713,-1.5000000000000084,0.3238619430404796
2,60.0,80.0,10.0,159,2032290605,0.5927348778099741,-0.49999999999999434,0.8238619430404803
2,60.0,80.0,10.0,160,2032290605,1.4927348778099798,-0.9999999999999887,-0.17613805695952112
2,60.0,80.0,10.0,161,2032290605,1.792734877809977,-0.9999999999999887,-0.17613805695952112
2,60.0,80.0,10.0,162,2032290605,1.3927348778099713,-0.9999999999999887,0.3238619430404796
2,60.0,80.0,10.0,163,2032290605,0.9927348778099798,-0.9999999999999887,-0.17613805695952112
2,60.0,80.0,10.0,164,2032290605,1.792734877809977,-0.9999999999999887,0.3238619430404796
2,60.0,80.0,10.0,165,2032290605,2.3927348778099713,-1.5000000000000084,0.3238619430404796
2,60.0,80.0,10.0,166,2032290605,0.8927348778099855,-0.9999999999999887,0.3238619430404796
2,60.0,80.0,10.0,167,2032290605,0.5927348778099741,-0.9999999999999887,0.8238619430404803
2,60.0,80.0,10.0,168,2032290605,1.5927348778099741,-0.9999999999999887,0.3238619430404796
2,60.0,80.0,10.0,169,2032290605,2.49273487780998,-0.9999999999999887,-0.17613805695952112
2,60.0,80.0,10.0,170,2032290605,0.6927348778099827,-0.49999999999999434,0.3238619430404796
2,60.0,80.0,10.0,171,2032290605,1.6927348778099685,-0.9999999999999887,0.3238619430404796
2,60.0,80.0,10.0,172,2032290605,1.5927348778099741,-0.9999999999999887,-0.17613805695952112
2,60.0,80.0,10.0,173,2032290605,1.5927348778099741,-0.9999999999999887,0.3238619430404796
2,60.0,80.0,10.0,174,2032290605,1.4927348778099798,-0.49999999999999434,0.3238619430404796
2,60.0,80.0,10.0,175,2032290605,1.4927348778099798,-0.9999999999999887,0.3238619430404796
2,60.0,80.0,10.0,176,2032290605,2.592734877809974,-0.9999999999999887,0.3238619430404796
2,60.0,80.0,10.0,177,2032290605,1.9927348778099798,-0.9999999999999887,-0.17613805695952112
2,60.0,80.0,10.0,178,2032290605,0.3927348778099855,-0.49999999999999434,0.3238619430404796
2,60.0,80.0,10.0,179,2032290605,1.792734877809977,-1.5000000000000084,0.3238619430404796
2,60.0,80.0,10.0,180,2032290605,1.4927348778099798,-0.9999999999999887,0.3238619430404796
2,60.0,80.0,10.0,181,2032290605,0.9927348778099798,-0.9999999999999887,0.3238619430404796
2,60.0,80.0,10.0,182,2032290605,1.5927348778099741,-0.9999999999999887,0.3238619430404796
2,60.0,80.0,10.0,183,2032290605,1.0927348778099741,-0.9999999999999887,0.3238619430404796
2,60.0,80.0,10.0,184,2032290605,1.9927348778099798,-0.9999999999999887,-0.17613805695952112
2,60.0,80.0,10.0,185,2032290605,1.8927348778099713,-0.9999999999999887,0.3238619430404796
2,60.0,80.0,10.0,186,2032290605,1.0927348778099741,-0.49999999999999434,0.3238619430404796
2,60.0,80.0,10.0,187,2032290605,3.2927348778099628,-2.0000000000000027,-0.17613805695952112
2,60.0,80.0,10.0,188,2032290605,1.9927348778099798,-0.9999999999999887,-0.17613805695952112
2,60.0,80.0,10.0,189,2032290605,1.1927348778099827,-0.9999999999999887,-0.17613805695952112
2,60.0,80.0,10.0,190,2032290605,2.1927348778099685,-1.5000000000000084,0.3238619430404796
2,60.0,80.0,10.0,191,2032290605,2.3927348778099713,-1.5000000000000084,0.3238619430404796
2,60.0,80.0,10.0,192,2032290605,1.5927348778099741,-0.9999999999999887,0.3238619430404796
2,60.0,80.0,10.0,193,2032290605,1.3927348778099713,-0.9999999999999887,-0.17613805695952112
2,60.0,80.0,10.0,194,2032290605,3.3927348778099713,-1.5000000000000084,-0.17613805695952112
2,60.0,80.0,10.0,195,2032290605,0.9927348778099798,-0.9999999999999887,-0.17613805695952112
2,60.0,80.0,10.0,196,2032290605,1.292734877809977,-0.9999999999999887,0.3238619430404796
2,60.0,80.0,10.0,197,2032290605,2.292734877809977,-1.5000000000000084,0.3238619430404796
2,60.0,80.0,10.0,198,2032290605,2.092734877809974,-1.5000000000000084,-0.17613805695952112
2,60.0,80.0,10.0,199,2032290605,2.092734877809974,-1.5000000000000084,0.3238619430404796
3,30.0,100.0,-15.0,0,2032290700,-76.18196959088634,54.50000000000002,0.09244806947415848
3,30.0,100.0,-15.0,1,2032290700,139.81803040911288,-43.0,27.592448069474155
3,30.0,100.0,-15.0,2,2032290700,-67.38196959088637,-45.49999999999999,-62.40755193052585
3,30.0,100.0,-15.0,3,2032290700,-56.28196959088641,14.500000000000014,-8.407551930525843
3,30.0,100.0,-15.0,4,2032290700,105.118030409113,-4.000000000000005,-30.90755193052584
3,30.0,100.0,-15.0,5,2032290700,-35.881969590886484,73.99999999999997,-90.90755193052584
3,30.0,100.0,-15.0,6,2032290700,3.3180304091133763,0.9999999999999887,1.0924480694741598
3,30.0,100.0,-15.0,7,2032290700,-24.881969590886527,-26.00000000000001,-18.907551930525845
3,30.0,100.0,-15.0,8,2032290700,7.818030409113362,-8.00000000000001,8.592448069474157
3,30.0,100.0,-15.0,9,2032290700,-0.8819695908866123,-5.4999999999999885,-2.407551930525842
3,30.0,100.0,-15.0,10,2032290700,14.918030409113328,40.99999999999999,2.092448069474158
3,30.0,100.0,-15.0,11,2032290700,130.81803040911294,-36.0,16.09244806947416
3,30.0,100.0,-15.0,12,2032290700,129.2180304091129,26.500000000000007,15.592448069474159
3,30.0,100.0,-15.0,13,2032290700,16.018030409113322,35.50000000000001,-10.407551930525843
3,30.0,100.0,-15.0,14,2032290700,-14.281969590886561,-28.500000000000007,51.59244806947416
3,30.0,100.0,-15.0,15,2032290700,44.918030409113214,-63.999999999999986,-22.40755193052584
3,30.0,100.0,-15.0,16,2032290700,18.118030409113317,-11.499999999999996,3.592448069474157
3,30.0,100.0,-15.0,17,2032290700,56.31803040911319,2.4999999999999973,-33.40755193052584
3,30.0,100.0,-15.0,18,2032290700,128.41803040911293,24.500000000000004,18.592448069474155
3,30.0,100.0,-15.0,19,2032290700,89.51803040911307,-48.499999999999986,23.592448069474155
3,30.0,100.0,-15.0,20,2032290700,81.9180304091131,38.5,13.09244806947416
3,30.0,100.0,-15.0,21,2032290700,-74.68196959088635,1.5000000000000084,-15.407551930525841
3,30.0,100.0,-15.0,22,2032290700,18.218030409113325,29.499999999999996,1.5924480694741574
3,30.0,100.0,-15.0,23,2032290700,98.51803040911304,-68.5,-8.907551930525841
3,30.0,100.0,-15.0,24,2032290700,85.0180304091131,36.49999999999999,24.59244806947416
3,30.0,100.0,-15.0,25,2032290700,35.11803040911326,-9.0,-49.40755193052584
3,30.0,100.0,-15.0,26,2032290700,123.91803040911296,-15.999999999999996,3.592448069474157
3,30.0,100.0,-15.0,27,2032290700,-81.48196959088632,33.00000000000001,-36.40755193052584
3,30.0,100.0,-15.0,28,2032290700,26.318030409113277,20.000000000000004,7.59244806947416
3,30.0,100.0,-15.0,29,2032290700,-91.08196959088629,35.50000000000001,-12.407551930525841
3,30.0,100.0,-15.0,30,2032290700,106.01803040911301,23.500000000000014,-40.90755193052584
3,30.0,100.0,-15.0,31,2032290700,10.418030409113356,41.500000000000014,6.092448069474157
3,30.0,100.0,-15.0,32,2032290700,141.5180304091129,90.0,-68.90755193052584
3,30.0,100.0,-15.0,33,2032290700,-38.781969590886476,-90.0,12.092448069474159
3,30.0,100.0,-15.0,34,2032290700,76.11803040911312,13.999999999999995,23.592448069474155
3,30.0,100.0,-15.0,35,2032290700,-25.28196959088652,12.50000000000001,0.09244806947415848
3,30.0,100.0,-15.0,36,2032290700,93.91803040911304,-27.99999999999999,0.09244806947415848
3,30.0,100.0,-15.0,37,2032290700,15.11803040911333,38.0,-0.4075519305258422
3,30.0,100.0,-15.0,38,2032290700,-48.68196959088644,-27.0,-84.40755193052584
3,30.0,100.0,-15.0,39,2032290700,3.018030409113379,-6.999999999999997,-3.4075519305258415
3,30.0,100.0,-15.0,40,2032290700,11.818030409113348,-6.500000000000003,0.5924480694741592
3,30.0,100.0,-15.0,41,2032290700,116.01803040911298,55.99999999999998,-21.90755193052584
3,30.0,100.0,-15.0,42,2032290700,-2.081969590886601,4.999999999999995,-2.407551930525842
3,30.0,100.0,-15.0,43,2032290700,143.71803040911288,7.499999999999991,-37.40755193052584
3,30.0,100.0,-15.0,44,2032290700,0.9180304091133848,4.000000000000005,9.092448069474159
3,30.0,100.0,-15.0,45,2032290700,-0.08196959088661515,-1.5000000000000084,-2.407551930525842
3,30.0,100.0,-15.0,46,2032290700,-89.6819695908863,-90.0,20.59244806947416
3,30.0,100.0,-15.0,47,2032290700,-7.381969590886584,-51.5,-43.40755193052585
3,30.0,100.0,-15.0,48,2032290700,-1.8819695908866123,0.0,-4.407551930525842
3,30.0,100.0,-15.0,49,2032290700,70.41803040911313,-90.0,-67.90755193052586
3,30.0,100.0,-15.0,50,2032290700,5.6180304091133735,0.0,1.5924480694741574
3,30.0,100.0,-15.0,51,2032290700,-72.28196959088635,16.499999999999993,-20.90755193052584
3,30.0,100.0,-15.0,52,2032290700,91.81803040911305,-9.499999999999995,-70.40755193052584
3,30.0,100.0,-15.0,53,2032290700,58.418030409113186,-90.0,-81.40755193052584
3,30.0,100.0,-15.0,54,2032290700,60.91803040911316,65.5,-1.907551930525841
3,30.0,100.0,-15.0,55,2032290700,-0.8819695908866123,-0.49999999999999434,0.5924480694741592
3,30.0,100.0,-15.0,56,2032290700,113.71803040911297,90.0,33.09244806947415
3,30.0,100.0,-15.0,57,2032290700,-23.181969590886524,-28.500000000000007,-8.407551930525843
3,30.0,100.0,-15.0,58,2032290700,-30.381969590886513,35.50000000000001,-37.40755193052584
3,30.0,100.0,-15.0,59,2032290700,72.91803040911313,-8.00000000000001,-49.90755193052585
3,30.0,100.0,-15.0,60,2032290700,94.31803040911305,-47.5,-49.40755193052584
3,30.0,100.0,-15.0,61,2032290700,-0.4819695908866066,-2.0000000000000027,0.09244806947415848
3,30.0,100.0,-15.0,62,2032290700,121.81803040911296,48.000000000000014,-14.907551930525841
3,30.0,100.0,-15.0,63,2032290700,117.51803040911298,85.49999999999997,-65.40755193052584
3,30.0,100.0,-15.0,64,2032290700,-93.98196959088628,-9.99999999999999,-65.90755193052584
3,30.0,100.0,-15.0,65,2032290700,76.8180304091131,90.0,-56.90755193052585
3,30.0,100.0,-15.0,66,2032290700,-82.28196959088632,-70.0,-41.90755193052584
3,30.0,100.0,-15.0,67,2032290700,7.718030409113354,-6.500000000000003,4.092448069474158
3,30.0,100.0,-15.0,68,2032290700,131.91803040911293,58.00000000000001,-34.40755193052585
3,30.0,100.0,-15.0,69,2032290700,-12.38196959088657,0.49999999999999434,-1.907551930525841
3,30.0,100.0,-15.0,70,2032290700,138.4180304091129,24.500000000000004,37.09244806947416
3,30.0,100.0,-15.0,71,2032290700,94.11803040911306,6.000000000000009,-16.40755193052584
3,30.0,100.0,-15.0,72,2032290700,57.418030409113186,25.499999999999993,-57.40755193052584
3,30.0,100.0,-15.0,73,2032290700,108.618030409113,-90.0,-61.90755193052584
3,30.0,100.0,-15.0,74,2032290700,14.518030409113337,-9.499999999999995,8.592448069474157
3,30.0,100.0,-15.0,75,2032290700,-1.6819695908866095,-0.9999999999999887,-1.4075519305258404
3,30.0,100.0,-15.0,76,2032290700,-6.581969590886587,9.99999999999999,-0.4075519305258422
3,30.0,100.0,-15.0,77,2032290700,68.81803040911313,90.0,4.092448069474158
3,30.0,100.0,-15.0,78,2032290700,-69.08196959088636,18.99999999999999,10.592448069474157
3,30.0,100.0,-15.0,79,2032290700,-53.58196959088642,68.99999999999999,-60.40755193052584
3,30.0,100.0,-15.0,80,2032290700,121.81803040911296,-2.9999999999999916,-51.40755193052584
3,30.0,100.0,-15.0,81,2032290700,56.418030409113186,-11.000000000000004,-47.40755193052584
3,30.0,100.0,-15.0,82,2032290700,50.7180304091132,-24.500000000000004,-60.90755193052584
3,30.0,100.0,-15.0,83,2032290700,91.31803040911305,-38.0,-12.907551930525841
3,30.0,100.0,-15.0,84,2032290700,21.518030409113308,28.500000000000007,-3.9075519305258406
3,30.0,100.0,-15.0,85,2032290700,-69.38196959088637,27.499999999999993,-0.9075519305258429
3,30.0,100.0,-15.0,86,2032290700,2.1180304091133735,0.0,3.0924480694741594
3,30.0,100.0,-15.0,87,2032290700,85.21803040911308,-36.0,-51.90755193052584
3,30.0,100.0,-15.0,88,2032290700,-81.98196959088632,-90.0,31.092448069474163
3,30.0,100.0,-15.0,89,2032290700,63.01803040911315,-47.0,-23.407551930525845
3,30.0,100.0,-15.0,90,2032290700,10.218030409113354,0.49999999999999434,17.09244806947416
3,30.0,100.0,-15.0,91,2032290700,37.518030409113265,-75.5,-17.40755193052584
3,30.0,100.0,-15.0,92,2032290700,40.31803040911325,38.0,-49.40755193052584
3,30.0,100.0,-15.0,93,2032290700,-2.881969590886598,0.9999999999999887,-4.407551930525842
3,30.0,100.0,-15.0,94,2032290700,10.51803040911335,0.0,-11.907551930525843
3,30.0,100.0,-15.0,95,2032290700,1.0180304091133792,0.9999999999999887,-9.907551930525841
3,30.0,100.0,-15.0,96,2032290700,110.618030409113,-19.500000000000007,7.59244806947416
3,30.0,100.0,-15.0,97,2032290700,-38.281969590886476,6.999999999999997,28.092448069474155
3,30.0,100.0,-15.0,98,2032290700,-13.281969590886561,8.00000000000001,10.09244806947416
3,30.0,100.0,-15.0,99,2032290700,146.01803040911287,-90.0,42.59244806947416
3,30.0,100.0,-15.0,100,2032290700,62.71803040911317,-35.000000000000014,2.092448069474158
3,30.0,100.0,-15.0,101,2032290700,94.11803040911306,-37.50000000000001,-51.90755193052584
3,30.0,100.0,-15.0,102,2032290700,66.71803040911314,-11.999999999999991,-17.90755193052584
3,30.0,100.0,-15.0,103,2032290700,42.41803040911324,90.0,15.592448069474159
3,30.0,100.0,-15.0,104,2032290700,-1.9819695908866066,-2.0000000000000027,1.5924480694741574
3,30.0,100.0,-15.0,105,2032290700,25.4180304091133,54.50000000000002,-15.907551930525841
3,30.0,100.0,-15.0,106,2032290700,-93.98196959088628,22.000000000000007,-71.40755193052584
3,30.0,100.0,-15.0,107,2032290700,-85.5819695908863,-90.0,-53.90755193052584
3,30.0,100.0,-15.0,108,2032290700,136.5180304091129,-34.49999999999999,-20.90755193052584
3,30.0,100.0,-15.0,109,2032290700,91.71803040911306,18.99999999999999,-17.40755193052584
3,30.0,100.0,-15.0,110,2032290700,-4.881969590886598,-0.9999999999999887,-2.407551930525842
3,30.0,100.0,-15.0,111,2032290700,84.71803040911308,13.999999999999995,2.092448069474158
3,30.0,100.0,-15.0,112,2032290700,67.01803040911315,-4.999999999999995,-82.90755193052584
3,30.0,100.0,-15.0,113,2032290700,-2.581969590886601,-0.49999999999999434,-3.4075519305258415
3,30.0,100.0,-15.0,114,2032290700,-32.28196959088649,-48.499999999999986,17.592448069474163
3,30.0,100.0,-15.0,115,2032290700,21.518030409113308,-42.00000000000001,-52.90755193052584
3,30.0,100.0,-15.0,116,2032290700,98.11803040911303,-0.49999999999999434,-37.40755193052584
3,30.0,100.0,-15.0,117,2032290700,-64.98196959088638,-90.0,-60.90755193052584
3,30.0,100.0,-15.0,118,2032290700,-52.98196959088642,-58.00000000000001,-71.40755193052584
3,30.0,100.0,-15.0,119,2032290700,-16.381969590886555,-46.50000000000001,-73.90755193052584
3,30.0,100.0,-15.0,120,2032290700,6.218030409113368,-0.49999999999999434,-1.4075519305258404
3,30.0,100.0,-15.0,121,2032290700,-18.681969590886553,53.49999999999998,-5.407551930525841
3,30.0,100.0,-15.0,122,2032290700,45.31803040911322,76.0,-25.40755193052584
3,30.0,100.0,-15.0,123,2032290700,-33.3819695908865,90.0,31.092448069474163
3,30.0,100.0,-15.0,124,2032290700,133.51803040911292,-90.0,-2.907551930525841
3,30.0,100.0,-15.0,125,2032290700,-86.18196959088631,-13.5,7.59244806947416
3,30.0,100.0,-15.0,126,2032290700,-14.281969590886561,-8.500000000000005,4.092448069474158
3,30.0,100.0,-15.0,127,2032290700,79.4180304091131,49.99999999999999,32.59244806947416
3,30.0,100.0,-15.0,128,2032290700,134.61803040911292,-52.0,-57.40755193052584
3,30.0,100.0,-15.0,129,2032290700,23.618030409113302,-1.5000000000000084,37.59244806947415
3,30.0,100.0,-15.0,130,2032290700,9.718030409113354,0.9999999999999887,9.092448069474159
3,30.0,100.0,-15.0,131,2032290700,-0.08196959088661515,-4.000000000000005,-2.907551930525841
3,30.0,100.0,-15.0,132,2032290700,52.6180304091132,-47.0,-6.907551930525842
3,30.0,100.0,-15.0,133,2032290700,122.11803040911295,40.00000000000001,-53.40755193052585
3,30.0,100.0,-15.0,134,2032290700,119.41803040911296,-71.5,5.092448069474159
3,30.0,100.0,-15.0,135,2032290700,10.218030409113354,29.000000000000004,-14.407551930525843
3,30.0,100.0,-15.0,136,2032290700,131.3180304091129,-33.5,12.092448069474159
3,30.0,100.0,-15.0,137,2032290700,30.018030409113265,29.000000000000004,-15.407551930525841
3,30.0,100.0,-15.0,138,2032290700,-6.581969590886587,-0.49999999999999434,-3.9075519305258406
3,30.0,100.0,-15.0,139,2032290700,3.9180304091133706,-9.99999999999999,-9.407551930525843
3,30.0,100.0,-15.0,140,2032290700,92.01803040911307,-34.49999999999999,-53.90755193052584
3,30.0,100.0,-15.0,141,2032290700,-36.881969590886484,11.499999999999996,16.59244806947416
3,30.0,100.0,-15.0,142,2032290700,-69.48196959088637,2.4999999999999973,57.09244806947416
3,30.0,100.0,-15.0,143,2032290700,-22.281969590886533,-15.999999999999996,-1.4075519305258404
3,30.0,100.0,-15.0,144,2032290700,-12.081969590886573,-90.0,59.092448069474166
3,30.0,100.0,-15.0,145,2032290700,-28.981969590886507,14.500000000000014,21.59244806947416
3,30.0,100.0,-15.0,146,2032290700,103.01803040911301,-63.999999999999986,-31.90755193052584
3,30.0,100.0,-15.0,147,2032290700,43.31803040911322,-27.0,-44.40755193052585
3,30.0,100.0,-15.0,148,2032290700,110.91803040911299,-9.0,-67.90755193052586
3,30.0,100.0,-15.0,149,2032290700,117.21803040911297,-85.0,-11.407551930525841
3,30.0,100.0,-15.0,150,2032290700,42.31803040911325,-0.49999999999999434,-48.90755193052585
3,30.0,100.0,-15.0,151,2032290700,137.6180304091129,90.0,-19.90755193052584
3,30.0,100.0,-15.0,152,2032290700,72.01803040911312,2.4999999999999973,-27.90755193052584
3,30.0,100.0,-15.0,153,2032290700,107.31803040911299,-31.000000000000007,-35.90755193052584
3,30.0,100.0,-15.0,154,2032290700,-66.78196959088638,-90.0,26.09244806947416
3,30.0,100.0,-15.0,155,2032290700,24.618030409113288,29.999999999999993,2.092448069474158
3,30.0,100.0,-15.0,156,2032290700,124.81803040911294,-14.500000000000014,-62.40755193052585
3,30.0,100.0,-15.0,157,2032290700,32.11803040911329,-24.000000000000007,-43.90755193052584
3,30.0,100.0,-15.0,158,2032290700,-90.6819695908863,-2.9999999999999916,6.592448069474158
3,30.0,100.0,-15.0,159,2032290700,60.91803040911316,-20.999999999999993,-38.90755193052585
3,30.0,100.0,-15.0,160,2032290700,85.71803040911308,-37.50000000000001,-7.407551930525841
3,30.0,100.0,-15.0,161,2032290700,-5.881969590886598,7.499999999999991,2.592448069474159
3,30.0,100.0,-15.0,162,2032290700,14.11803040911333,22.000000000000007,14.092448069474155
3,30.0,100.0,-15.0,163,2032290700,120.11803040911295,65.00000000000003,-22.40755193052584
3,30.0,100.0,-15.0,164,2032290700,14.21803040911334,38.0,-0.4075519305258422
3,30.0,100.0,-15.0,165,2032290700,17.918030409113328,26.500000000000007,0.09244806947415848
3,30.0,100.0,-15.0,166,2032290700,139.0180304091129,17.00000000000001,-15.407551930525841
3,30.0,100.0,-15.0,167,2032290700,123.11803040911295,40.5,-57.90755193052585
3,30.0,100.0,-15.0,168,2032290700,40.11803040911323,15.000000000000009,-27.40755193052584
3,30.0,100.0,-15.0,169,2032290700,139.1180304091129,21.50000000000001,-36.90755193052584
3,30.0,100.0,-15.0,170,2032290700,94.21803040911306,-11.499999999999996,-66.90755193052584
3,30.0,100.0,-15.0,171,2032290700,-3.581969590886601,5.4999999999999885,1.5924480694741574
3,30.0,100.0,-15.0,172,2032290700,130.41803040911293,90.0,-65.90755193052584
3,30.0,100.0,-15.0,173,2032290700,-17.381969590886555,-20.499999999999996,-1.4075519305258404
3,30.0,100.0,-15.0,174,2032290700,120.21803040911297,-22.000000000000007,6.592448069474158
3,30.0,100.0,-15.0,175,2032290700,8.918030409113356,-6.000000000000009,5.092448069474159
3,30.0,100.0,-15.0,176,2032290700,-87.1819695908863,90.0,41.092448069474166
3,30.0,100.0,-15.0,177,2032290700,127.81803040911294,90.0,28.59244806947416
3,30.0,100.0,-15.0,178,2032290700,22.118030409113302,28.500000000000007,5.59244806947416
3,30.0,100.0,-15.0,179,2032290700,-82.98196959088632,18.99999999999999,-52.90755193052584
3,30.0,100.0,-15.0,180,2032290700,-88.4819695908863,11.999999999999991,-0.9075519305258429
3,30.0,100.0,-15.0,181,2032290700,-26.181969590886524,-64.50000000000001,-63.90755193052584
3,30.0,100.0,-15.0,182,2032290700,65.51803040911315,12.50000000000001,-28.407551930525845
3,30.0,100.0,-15.0,183,2032290700,123.11803040911295,56.5,30.092448069474163
3,30.0,100.0,-15.0,184,2032290700,-35.181969590886496,15.500000000000004,-35.90755193052584
3,30.0,100.0,-15.0,185,2032290700,107.618030409113,90.0,-71.40755193052584
3,30.0,100.0,-15.0,186,2032290700,94.11803040911306,38.0,-89.90755193052584
3,30.0,100.0,-15.0,187,2032290700,4.018030409113379,38.5,-7.407551930525841
3,30.0,100.0,-15.0,188,2032290700,26.118030409113288,-44.50000000000001,-5.907551930525842
3,30.0,100.0,-15.0,189,2032290700,-84.38196959088631,79.49999999999999,31.092448069474163
3,30.0,100.0,-15.0,190,2032290700,-63.981969590886386,2.9999999999999916,6.092448069474157
3,30.0,100.0,-15.0,191,2032290700,-3.781969590886604,-4.000000000000005,3.0924480694741594
3,30.0,100.0,-15.0,192,2032290700,22.818030409113305,90.0,-77.40755193052584
3,30.0,100.0,-15.0,193,2032290700,119.11803040911298,90.0,21.09244806947416
3,30.0,100.0,-15.0,194,2032290700,131.41803040911293,20.999999999999993,-80.40755193052584
3,30.0,100.0,-15.0,195,2032290700,84.41803040911307,-1.5000000000000084,33.59244806947416
3,30.0,100.0,-15.0,196,2032290700,5.718030409113368,-4.5,2.092448069474158
3,30.0,100.0,-15.0,197,2032290700,84.91803040911307,36.999999999999986,39.092448069474166
3,30.0,100.0,-15.0,198,2032290700,-74.38196959088634,62.49999999999998,-17.40755193052584
3,30.0,100.0,-15.0,199,2032290700,1.6180304091133735,-6.999999999999997,3.592448069474157
3,30.0,100.0,-10.0,0,2032290701,-0.9819695908866066,0.49999999999999434,0.5924480694741592
3,30.0,100.0,-10.0,1,2032290701,1.8180304091133763,-2.9999999999999916,1.5924480694741574
3,30.0,100.0,-10.0,2,2032290701,141.1180304091129,36.49999999999999,-18.907551930525845
3,30.0,100.0,-10.0,3,2032290701,27.818030409113277,9.499999999999995,-7.407551930525841
3,30.0,100.0,-10.0,4,2032290701,4.718030409113368,-5.4999999999999885,-0.9075519305258429
3,30.0,100.0,-10.0,5,2032290701,3.4180304091133706,-2.9999999999999916,2.092448069474158
3,30.0,100.0,-10.0,6,2032290701,3.4180304091133706,-2.9999999999999916,0.09244806947415848
3,30.0,100.0,-10.0,7,2032290701,80.21803040911311,40.5,-0.4075519305258422
3,30.0,100.0,-10.0,8,2032290701,8.318030409113362,-4.999999999999995,0.09244806947415848
3,30.0,100.0,-10.0,9,2032290701,96.81803040911305,-72.5,-19.407551930525845
3,30.0,100.0,-10.0,10,2032290701,0.018030409113379164,-2.4999999999999973,1.0924480694741598
3,30.0,100.0,-10.0,11,2032290701,83.11803040911309,31.5,-11.407551930525841
3,30.0,100.0,-10.0,12,2032290701,8.51803040911335,-5.4999999999999885,-3.4075519305258415
3,30.0,100.0,-10.0,13,2032290701,5.218030409113368,-5.4999999999999885,-0.4075519305258422
3,30.0,100.0,-10.0,14,2032290701,99.61803040911303,-40.00000000000001,7.59244806947416
3,30.0,100.0,-10.0,15,2032290701,-1.7819695908866038,2.4999999999999973,0.5924480694741592
3,30.0,100.0,-10.0,16,2032290701,-4.781969590886604,-1.5000000000000084,-2.407551930525842
3,30.0,100.0,-10.0,17,2032290701,6.718030409113368,0.0,-1.4075519305258404
3,30.0,100.0,-10.0,18,2032290701,79.71803040911311,90.0,-37.40755193052584
3,30.0,100.0,-10.0,19,2032290701,3.218030409113368,-1.5000000000000084,1.0924480694741598
3,30.0,100.0,-10.0,20,2032290701,45.918030409113214,75.49999999999999,-50.40755193052584
3,30.0,100.0,-10.0,21,2032290701,-7.78196959088659,2.4999999999999973,0.09244806947415848
3,30.0,100.0,-10.0,22,2032290701,134.7180304091129,-20.000000000000004,1.0924480694741598
3,30.0,100.0,-10.0,23,2032290701,-11.681969590886567,-0.49999999999999434,-1.907551930525841
3,30.0,100.0,-10.0,24,2032290701,10.218030409113354,38.5,0.5924480694741592
3,30.0,100.0,-10.0,25,2032290701,-4.981969590886592,0.0,-1.4075519305258404
3,30.0,100.0,-10.0,26,2032290701,9.718030409113354,-6.000000000000009,-1.4075519305258404
3,30.0,100.0,-10.0,27,2032290701,-33.28196959088649,2.4999999999999973,2.092448069474158
3,30.0,100.0,-10.0,28,2032290701,2.6180304091133735,-4.000000000000005,1.5924480694741574
3,30.0,100.0,-10.0,29,2032290701,46.81803040911322,-52.49999999999999,-23.907551930525845
3,30.0,100.0,-10.0,30,2032290701,-5.78196959088659,0.9999999999999887,-0.4075519305258422
3,30.0,100.0,-10.0,31,2032290701,18.618030409113317,29.499999999999996,2.592448069474159
3,30.0,100.0,-10.0,32,2032290701,1.718030409113382,-1.5000000000000084,1.0924480694741598
3,30.0,100.0,-10.0,33,2032290701,0.5180304091133792,-4.000000000000005,-0.4075519305258422
3,30.0,100.0,-10.0,34,2032290701,-71.78196959088636,50.500000000000014,36.592448069474166
3,30.0,100.0,-10.0,35,2032290701,2.418030409113385,-0.49999999999999434,-0.9075519305258429
3,30.0,100.0,-10.0,36,2032290701,-62.081969590886395,31.000000000000007,3.592448069474157
3,30.0,100.0,-10.0,37,2032290701,15.818030409113334,34.0,0.5924480694741592
3,30.0,100.0,-10.0,38,2032290701,4.018030409113379,-3.500000000000011,-1.907551930525841
3,30.0,100.0,-10.0,39,2032290701,-9.781969590886575,4.999999999999995,3.592448069474157
3,30.0,100.0,-10.0,40,2032290701,91.51803040911307,39.499999999999986,-46.407551930525834
3,30.0,100.0,-10.0,41,2032290701,-4.181969590886595,-2.0000000000000027,0.5924480694741592
3,30.0,100.0,-10.0,42,2032290701,-2.881969590886598,0.49999999999999434,-0.9075519305258429
3,30.0,100.0,-10.0,43,2032290701,8.318030409113362,39.499999999999986,-2.407551930525842
3,30.0,100.0,-10.0,44,2032290701,-28.18196959088651,3.500000000000011,-0.9075519305258429
3,30.0,100.0,-10.0,45,2032290701,11.51803040911335,-6.500000000000003,-1.4075519305258404
3,30.0,100.0,-10.0,46,2032290701,84.71803040911308,51.5,-50.907551930525834
3,30.0,100.0,-10.0,47,2032290701,19.81803040911332,23.500000000000014,-5.407551930525841
3,30.0,100.0,-10.0,48,2032290701,18.418030409113328,31.5,2.092448069474158
3,30.0,100.0,-10.0,49,2032290701,-7.78196959088659,0.9999999999999887,-4.907551930525842
3,30.0,100.0,-10.0,50,2032290701,98.01803040911304,54.50000000000002,-57.40755193052584
3,30.0,100.0,-10.0,51,2032290701,2.018030409113379,-2.0000000000000027,-0.4075519305258422
3,30.0,100.0,-10.0,52,2032290701,-81.18196959088633,15.500000000000004,4.592448069474158
3,30.0,100.0,-10.0,53,2032290701,-0.3819695908866123,-0.49999999999999434,-0.9075519305258429
3,30.0,100.0,-10.0,54,2032290701,9.418030409113356,-5.4999999999999885,0.09244806947415848
3,30.0,100.0,-10.0,55,2032290701,-72.48196959088637,15.500000000000004,-11.907551930525843
3,30.0,100.0,-10.0,56,2032290701,60.618030409113175,12.50000000000001,-31.40755193052584
3,30.0,100.0,-10.0,57,2032290701,106.41803040911302,44.50000000000001,-9.407551930525843
3,30.0,100.0,-10.0,58,2032290701,129.81803040911294,40.5,-7.407551930525841
3,30.0,100.0,-10.0,59,2032290701,94.11803040911306,-22.000000000000007,-33.40755193052584
3,30.0,100.0,-10.0,60,2032290701,1.218030409113382,0.49999999999999434,-0.4075519305258422
3,30.0,100.0,-10.0,61,2032290701,-4.281969590886604,0.0,2.092448069474158
3,30.0,100.0,-10.0,62,2032290701,6.618030409113359,-2.4999999999999973,-4.407551930525842
3,30.0,100.0,-10.0,63,2032290701,3.3180304091133763,-2.9999999999999916,0.09244806947415848
3,30.0,100.0,-10.0,64,2032290701,85.91803040911307,-35.50000000000001,-75.40755193052584
3,30.0,100.0,-10.0,65,2032290701,4.6180304091133735,-0.49999999999999434,0.5924480694741592
3,30.0,100.0,-10.0,66,2032290701,2.718030409113382,-3.500000000000011,5.092448069474159
3,30.0,100.0,-10.0,67,2032290701,0.41803040911338485,-0.9999999999999887,4.592448069474158
3,30.0,100.0,-10.0,68,2032290701,6.618030409113359,-4.5,-0.4075519305258422
3,30.0,100.0,-10.0,69,2032290701,7.118030409113359,-2.4999999999999973,0.5924480694741592
3,30.0,100.0,-10.0,70,2032290701,-91.58196959088629,10.500000000000009,-2.407551930525842
3,30.0,100.0,-10.0,71,2032290701,3.6180304091133735,-3.500000000000011,-2.407551930525842
3,30.0,100.0,-10.0,72,2032290701,8.718030409113354,-6.000000000000009,2.092448069474158
3,30.0,100.0,-10.0,73,2032290701,146.01803040911287,-90.0,53.09244806947416
3,30.0,100.0,-10.0,74,2032290701,113.91803040911299,-2.0000000000000027,-68.40755193052584
3,30.0,100.0,-10.0,75,2032290701,4.018030409113379,-4.000000000000005,1.5924480694741574
3,30.0,100.0,-10.0,76,2032290701,8.318030409113362,-4.5,-2.407551930525842
3,30.0,100.0,-10.0,77,2032290701,5.418030409113371,-6.000000000000009,-1.4075519305258404
3,30.0,100.0,-10.0,78,2032290701,5.018030409113365,-3.500000000000011,2.592448069474159
3,30.0,100.0,-10.0,79,2032290701,146.01803040911287,-17.00000000000001,-31.40755193052584
3,30.0,100.0,-10.0,80,2032290701,12.918030409113342,-12.50000000000001,0.09244806947415848
3,30.0,100.0,-10.0,81,2032290701,10.218030409113354,-6.999999999999997,1.0924480694741598
3,30.0,100.0,-10.0,82,2032290701,-0.4819695908866066,2.4999999999999973,-1.907551930525841
3,30.0,100.0,-10.0,83,2032290701,9.51803040911335,-8.00000000000001,0.5924480694741592
3,30.0,100.0,-10.0,84,2032290701,-2.881969590886598,-0.9999999999999887,1.5924480694741574
3,30.0,100.0,-10.0,85,2032290701,-0.6819695908866095,0.0,2.592448069474159
3,30.0,100.0,-10.0,86,2032290701,-0.8819695908866123,0.49999999999999434,1.5924480694741574
3,30.0,100.0,-10.0,87,2032290701,-28.581969590886516,-13.999999999999995,-6.907551930525842
3,30.0,100.0,-10.0,88,2032290701,11.818030409113348,36.49999999999999,-6.907551930525842
3,30.0,100.0,-10.0,89,2032290701,-20.18196959088654,11.000000000000004,-42.90755193052584
3,30.0,100.0,-10.0,90,2032290701,-69.68196959088637,-1.5000000000000084,2.592448069474159
3,30.0,100.0,-10.0,91,2032290701,-0.08196959088661515,0.49999999999999434,0.5924480694741592
3,30.0,100.0,-10.0,92,2032290701,5.818030409113362,-3.500000000000011,-0.4075519305258422
3,30.0,100.0,-10.0,93,2032290701,14.21803040911334,41.500000000000014,-2.407551930525842
3,30.0,100.0,-10.0,94,2032290701,-86.0819695908863,-58.5,1.5924480694741574
3,30.0,100.0,-10.0,95,2032290701,137.9180304091129,90.0,-59.907551930525834
3,30.0,100.0,-10.0,96,2032290701,4.218030409113368,-4.000000000000005,-2.407551930525842
3,30.0,100.0,-10.0,97,2032290701,-6.181969590886595,2.9999999999999916,0.09244806947415848
3,30.0,100.0,-10.0,98,2032290701,-1.4819695908866066,0.9999999999999887,-0.4075519305258422
3,30.0,100.0,-10.0,99,2032290701,140.71803040911288,90.0,-59.907551930525834
3,30.0,100.0,-10.0,100,2032290701,10.118030409113345,-9.499999999999995,2.592448069474159
3,30.0,100.0,-10.0,101,2032290701,-36.98196959088648,31.000000000000007,-32.90755193052584
3,30.0,100.0,-10.0,102,2032290701,77.8180304091131,9.499999999999995,16.59244806947416
3,30.0,100.0,-10.0,103,2032290701,100.01803040911304,1.5000000000000084,6.592448069474158
3,30.0,100.0,-10.0,104,2032290701,4.6180304091133735,-0.49999999999999434,-4.907551930525842
3,30.0,100.0,-10.0,105,2032290701,-3.281969590886604,-2.4999999999999973,1.0924480694741598
3,30.0,100.0,-10.0,106,2032290701,5.318030409113362,-2.0000000000000027,1.0924480694741598
3,30.0,100.0,-10.0,107,2032290701,-3.281969590886604,-0.9999999999999887,-1.907551930525841
3,30.0,100.0,-10.0,108,2032290701,6.818030409113362,-2.9999999999999916,2.092448069474158
3,30.0,100.0,-10.0,109,2032290701,11.918030409113342,-6.999999999999997,-0.9075519305258429
3,30.0,100.0,-10.0,110,2032290701,-1.0819695908866152,-4.000000000000005,3.0924480694741594
3,30.0,100.0,-10.0,111,2032290701,127.61803040911295,-22.999999999999993,-62.40755193052585
3,30.0,100.0,-10.0,112,2032290701,10.318030409113348,38.99999999999999,0.5924480694741592
3,30.0,100.0,-10.0,113,2032290701,-90.58196959088629,-15.000000000000009,-34.40755193052585
3,30.0,100.0,-10.0,114,2032290701,97.41803040911304,-61.0,-6.407551930525841
3,30.0,100.0,-10.0,115,2032290701,-5.681969590886595,-2.9999999999999916,3.0924480694741594
3,30.0,100.0,-10.0,116,2032290701,9.11803040911336,42.5,-4.907551930525842
3,30.0,100.0,-10.0,117,2032290701,4.718030409113368,-3.500000000000011,0.5924480694741592
3,30.0,100.0,-10.0,118,2032290701,14.018030409113337,34.49999999999999,0.5924480694741592
3,30.0,100.0,-10.0,119,2032290701,8.11803040911336,-2.9999999999999916,4.092448069474158
3,30.0,100.0,-10.0,120,2032290701,-3.281969590886604,1.5000000000000084,0.09244806947415848
3,30.0,100.0,-10.0,121,2032290701,6.418030409113356,-2.0000000000000027,7.59244806947416
3,30.0,100.0,-10.0,122,2032290701,-3.4819695908866066,-2.0000000000000027,2.592448069474159
3,30.0,100.0,-10.0,123,2032290701,75.61803040911312,-13.5,-74.40755193052584
3,30.0,100.0,-10.0,124,2032290701,19.71803040911331,29.999999999999993,-3.9075519305258406
3,30.0,100.0,-10.0,125,2032290701,80.71803040911311,-22.999999999999993,-21.90755193052584
3,30.0,100.0,-10.0,126,2032290701,10.318030409113348,-5.4999999999999885,2.092448069474158
3,30.0,100.0,-10.0,127,2032290701,137.1180304091129,-15.500000000000004,-37.40755193052584
3,30.0,100.0,-10.0,128,2032290701,-3.4819695908866066,-2.0000000000000027,-0.9075519305258429
3,30.0,100.0,-10.0,129,2032290701,2.018030409113379,-1.5000000000000084,2.092448069474158
3,30.0,100.0,-10.0,130,2032290701,65.51803040911315,90.0,-71.40755193052584
3,30.0,100.0,-10.0,131,2032290701,133.3180304091129,-11.499999999999996,16.09244806947416
3,30.0,100.0,-10.0,132,2032290701,123.51803040911295,43.0,7.59244806947416
3,30.0,100.0,-10.0,133,2032290701,4.818030409113362,-4.5,-1.4075519305258404
3,30.0,100.0,-10.0,134,2032290701,-2.581969590886601,1.5000000000000084,-2.407551930525842
3,30.0,100.0,-10.0,135,2032290701,63.31803040911316,-18.499999999999993,-8.407551930525843
3,30.0,100.0,-10.0,136,2032290701,-48.48196959088644,-71.5,-9.407551930525843
3,30.0,100.0,-10.0,137,2032290701,-1.6819695908866095,0.0,-0.9075519305258429
3,30.0,100.0,-10.0,138,2032290701,20.118030409113317,32.500000000000014,-5.907551930525842
3,30.0,100.0,-10.0,139,2032290701,7.118030409113359,-3.500000000000011,1.5924480694741574
3,30.0,100.0,-10.0,140,2032290701,5.518030409113365,-6.000000000000009,-0.4075519305258422
3,30.0,100.0,-10.0,141,2032290701,144.71803040911288,-8.500000000000005,-37.40755193052584
3,30.0,100.0,-10.0,142,2032290701,78.9180304091131,-15.000000000000009,45.592448069474166
3,30.0,100.0,-10.0,143,2032290701,3.6180304091133735,-4.000000000000005,-1.907551930525841
3,30.0,100.0,-10.0,144,2032290701,20.518030409113308,24.000000000000007,-6.407551930525841
3,30.0,100.0,-10.0,145,2032290701,6.018030409113365,-4.5,-3.9075519305258406
3,30.0,100.0,-10.0,146,2032290701,2.9180304091133706,-0.9999999999999887,3.0924480694741594
3,30.0,100.0,-10.0,147,2032290701,132.11803040911292,-90.0,-46.90755193052584
3,30.0,100.0,-10.0,148,2032290701,14.21803040911334,33.5,-0.9075519305258429
3,30.0,100.0,-10.0,149,2032290701,-0.18196959088660947,0.49999999999999434,-0.9075519305258429
3,30.0,100.0,-10.0,150,2032290701,9.718030409113354,-12.50000000000001,5.092448069474159
3,30.0,100.0,-10.0,151,2032290701,-6.081969590886587,2.4999999999999973,0.09244806947415848
3,30.0,100.0,-10.0,152,2032290701,-1.5819695908866152,0.49999999999999434,2.592448069474159
3,30.0,100.0,-10.0,153,2032290701,4.018030409113379,-4.5,-2.407551930525842
3,30.0,100.0,-10.0,154,2032290701,2.9180304091133706,-0.49999999999999434,0.5924480694741592
3,30.0,100.0,-10.0,155,2032290701,17.31803040911332,32.500000000000014,-3.9075519305258406
3,30.0,100.0,-10.0,156,2032290701,64.01803040911315,5.4999999999999885,-1.907551930525841
3,30.0,100.0,-10.0,157,2032290701,-93.18196959088628,2.4999999999999973,-29.907551930525845
3,30.0,100.0,-10.0,158,2032290701,0.8180304091133905,-2.4999999999999973,2.092448069474158
3,30.0,100.0,-10.0,159,2032290701,16.818030409113334,33.5,-1.907551930525841
3,30.0,100.0,-10.0,160,2032290701,59.71803040911317,-6.500000000000003,12.092448069474159
3,30.0,100.0,-10.0,161,2032290701,2.218030409113382,-4.5,1.0924480694741598
3,30.0,100.0,-10.0,162,2032290701,51.51803040911321,17.500000000000007,-13.907551930525843
3,30.0,100.0,-10.0,163,2032290701,7.218030409113368,-2.4999999999999973,-2.407551930525842
3,30.0,100.0,-10.0,164,2032290701,13.018030409113337,38.0,-2.407551930525842
3,30.0,100.0,-10.0,165,2032290701,-2.381969590886598,-3.500000000000011,4.092448069474158
3,30.0,100.0,-10.0,166,2032290701,24.71803040911331,36.999999999999986,-9.407551930525843
3,30.0,100.0,-10.0,167,2032290701,0.5180304091133792,-2.9999999999999916,-0.4075519305258422
3,30.0,100.0,-10.0,168,2032290701,-1.9819695908866066,-2.4999999999999973,-3.9075519305258406
3,30.0,100.0,-10.0,169,2032290701,4.818030409113362,-0.49999999999999434,0.09244806947415848
3,30.0,100.0,-10.0,170,2032290701,12.21803040911334,-6.000000000000009,-3.4075519305258415
3,30.0,100.0,-10.0,171,2032290701,-1.1819695908866095,-0.9999999999999887,-1.907551930525841
3,30.0,100.0,-10.0,172,2032290701,-2.781969590886604,2.0000000000000027,-0.4075519305258422
3,30.0,100.0,-10.0,173,2032290701,22.71803040911331,12.50000000000001,1.5924480694741574
3,30.0,100.0,-10.0,174,2032290701,41.81803040911325,29.999999999999993,-18.907551930525845
3,30.0,100.0,-10.0,175,2032290701,-37.28196959088649,-90.0,-46.90755193052584
3,30.0,100.0,-10.0,176,2032290701,20.818030409113305,31.5,-10.407551930525843
3,30.0,100.0,-10.0,177,2032290701,-1.6819695908866095,-0.9999999999999887,-0.4075519305258422
3,30.0,100.0,-10.0,178,2032290701,11.418030409113342,-6.500000000000003,-1.907551930525841
3,30.0,100.0,-10.0,179,2032290701,5.318030409113362,-4.5,-0.4075519305258422
3,30.0,100.0,-10.0,180,2032290701,6.918030409113356,-3.500000000000011,1.0924480694741598
3,30.0,100.0,-10.0,181,2032290701,7.318030409113362,-4.999999999999995,1.0924480694741598
3,30.0,100.0,-10.0,182,2032290701,-31.781969590886504,0.49999999999999434,4.592448069474158
3,30.0,100.0,-10.0,183,2032290701,-41.78196959088646,-8.500000000000005,-69.40755193052584
3,30.0,100.0,-10.0,184,2032290701,0.9180304091133848,-2.9999999999999916,-0.4075519305258422
3,30.0,100.0,-10.0,185,2032290701,120.71803040911297,-0.9999999999999887,-17.90755193052584
3,30.0,100.0,-10.0,186,2032290701,20.918030409113314,26.500000000000007,2.592448069474159
3,30.0,100.0,-10.0,187,2032290701,9.818030409113348,41.500000000000014,-2.907551930525841
3,30.0,100.0,-10.0,188,2032290701,3.6180304091133735,-4.000000000000005,-2.907551930525841
3,30.0,100.0,-10.0,189,2032290701,-2.381969590886598,3.500000000000011,-0.4075519305258422
3,30.0,100.0,-10.0,190,2032290701,7.818030409113362,-4.5,-0.4075519305258422
3,30.0,100.0,-10.0,191,2032290701,0.9180304091133848,-1.5000000000000084,0.09244806947415848
3,30.0,100.0,-10.0,192,2032290701,-27.78196959088652,-74.5,-6.407551930525841
3,30.0,100.0,-10.0,193,2032290701,129.7180304091129,-90.0,44.592448069474166
3,30.0,100.0,-10.0,194,2032290701,0.218030409113382,-1.5000000000000084,0.5924480694741592
3,30.0,100.0,-10.0,195,2032290701,2.9180304091133706,-2.4999999999999973,0.09244806947415848
3,30.0,100.0,-10.0,196,2032290701,-27.68196959088651,-17.00000000000001,14.092448069474155
3,30.0,100.0,-10.0,197,2032290701,-0.7819695908866038,-0.9999999999999887,-0.4075519305258422
3,30.0,100.0,-10.0,198,2032290701,-2.9819695908866066,0.49999999999999434,-2.907551930525841
3,30.0,100.0,-10.0,199,2032290701,-38.18196959088648,-15.500000000000004,-65.90755193052584
3,30.0,100.0,-5.0,0,2032290702,-0.18196959088660947,0.0,-1.4075519305258404
3,30.0,100.0,-5.0,1,2032290702,0.6180304091133877,-2.4999999999999973,-0.4075519305258422
3,30.0,100.0,-5.0,2,2032290702,3.718030409113368,-0.49999999999999434,0.5924480694741592
3,30.0,100.0,-5.0,3,2032290702,4.1180304091133735,-2.9999999999999916,2.092448069474158
3,30.0,100.0,-5.0,4,2032290702,5.218030409113368,-4.5,0.09244806947415848
3,30.0,100.0,-5.0,5,2032290702,-0.4819695908866066,0.9999999999999887,1.5924480694741574
3,30.0,100.0,-5.0,6,2032290702,5.1180304091133735,-1.5000000000000084,-0.9075519305258429
3,30.0,100.0,-5.0,7,2032290702,4.318030409113376,-2.0000000000000027,1.0924480694741598
3,30.0,100.0,-5.0,8,2032290702,6.318030409113362,-2.4999999999999973,0.5924480694741592
3,30.0,100.0,-5.0,9,2032290702,4.1180304091133735,-2.0000000000000027,-1.4075519305258404
3,30.0,100.0,-5.0,10,2032290702,1.4180304091133848,-0.49999999999999434,-0.9075519305258429
3,30.0,100.0,-5.0,11,2032290702,-8.881969590886584,2.9999999999999916,-0.9075519305258429
3,30.0,100.0,-5.0,12,2032290702,123.41803040911296,-52.49999999999999,-31.90755193052584
3,30.0,100.0,-5.0,13,2032290702,1.0180304091133792,-0.9999999999999887,0.09244806947415848
3,30.0,100.0,-5.0,14,2032290702,10.51803040911335,42.00000000000001,-1.4075519305258404
3,30.0,100.0,-5.0,15,2032290702,1.8180304091133763,-1.5000000000000084,-0.4075519305258422
3,30.0,100.0,-5.0,16,2032290702,-2.1819695908866095,0.49999999999999434,-0.9075519305258429
3,30.0,100.0,-5.0,17,2032290702,2.518030409113379,-0.9999999999999887,-0.9075519305258429
3,30.0,100.0,-5.0,18,2032290702,22.618030409113302,27.0,0.5924480694741592
3,30.0,100.0,-5.0,19,2032290702,8.218030409113354,-4.5,-2.407551930525842
3,30.0,100.0,-5.0,20,2032290702,8.01803040911335,-5.4999999999999885,-0.4075519305258422
3,30.0,100.0,-5.0,21,2032290702,-2.6819695908866095,0.0,0.5924480694741592
3,30.0,100.0,-5.0,22,2032290702,1.4180304091133848,-0.49999999999999434,0.5924480694741592
3,30.0,100.0,-5.0,23,2032290702,9.11803040911336,-6.999999999999997,-0.9075519305258429
3,30.0,100.0,-5.0,24,2032290702,-1.8819695908866123,0.49999999999999434,-0.4075519305258422
3,30.0,100.0,-5.0,25,2032290702,4.518030409113365,-4.000000000000005,1.5924480694741574
3,30.0,100.0,-5.0,26,2032290702,2.518030409113379,-1.5000000000000084,0.09244806947415848
3,30.0,100.0,-5.0,27,2032290702,1.0180304091133792,0.0,-1.907551930525841
3,30.0,100.0,-5.0,28,2032290702,2.518030409113379,-3.500000000000011,-0.4075519305258422
3,30.0,100.0,-5.0,29,2032290702,2.518030409113379,-2.4999999999999973,0.5924480694741592
3,30.0,100.0,-5.0,30,2032290702,4.1180304091133735,-0.9999999999999887,-0.9075519305258429
3,30.0,100.0,-5.0,31,2032290702,1.3180304091133763,-0.49999999999999434,-1.907551930525841
3,30.0,100.0,-5.0,32,2032290702,0.018030409113379164,0.0,1.0924480694741598
3,30.0,100.0,-5.0,33,2032290702,1.0180304091133792,-2.0000000000000027,0.5924480694741592
3,30.0,100.0,-5.0,34,2032290702,8.11803040911336,-5.4999999999999885,-1.907551930525841
3,30.0,100.0,-5.0,35,2032290702,2.9180304091133706,-1.5000000000000084,-0.4075519305258422
3,30.0,100.0,-5.0,36,2032290702,-2.581969590886601,0.9999999999999887,-0.4075519305258422
3,30.0,100.0,-5.0,37,2032290702,2.218030409113382,0.49999999999999434,-0.4075519305258422
3,30.0,100.0,-5.0,38,2032290702,9.418030409113356,-4.5,-1.4075519305258404
3,30.0,100.0,-5.0,39,2032290702,2.718030409113382,-2.9999999999999916,-0.4075519305258422
3,30.0,100.0,-5.0,40,2032290702,1.6180304091133735,-2.0000000000000027,0.5924480694741592
3,30.0,100.0,-5.0,41,2032290702,15.718030409113325,32.500000000000014,-1.4075519305258404
3,30.0,100.0,-5.0,42,2032290702,8.51803040911335,-2.9999999999999916,-1.4075519305258404
3,30.0,100.0,-5.0,43,2032290702,4.018030409113379,-2.9999999999999916,-0.4075519305258422
3,30.0,100.0,-5.0,44,2032290702,2.718030409113382,-1.5000000000000084,0.09244806947415848
3,30.0,100.0,-5.0,45,2032290702,7.918030409113356,-2.4999999999999973,1.5924480694741574
3,30.0,100.0,-5.0,46,2032290702,3.518030409113379,-4.000000000000005,-0.4075519305258422
3,30.0,100.0,-5.0,47,2032290702,1.5180304091133792,0.49999999999999434,-0.4075519305258422
3,30.0,100.0,-5.0,48,2032290702,6.318030409113362,-4.000000000000005,-1.4075519305258404
3,30.0,100.0,-5.0,49,2032290702,17.418030409113328,35.50000000000001,-3.4075519305258415
3,30.0,100.0,-5.0,50,2032290702,3.6180304091133735,-2.4999999999999973,0.09244806947415848
3,30.0,100.0,-5.0,51,2032290702,5.918030409113371,-2.0000000000000027,-1.4075519305258404
3,30.0,100.0,-5.0,52,2032290702,9.718030409113354,-5.4999999999999885,-0.9075519305258429
3,30.0,100.0,-5.0,53,2032290702,7.718030409113354,-3.500000000000011,-2.907551930525841
3,30.0,100.0,-5.0,54,2032290702,4.818030409113362,-2.4999999999999973,2.592448069474159
3,30.0,100.0,-5.0,55,2032290702,2.018030409113379,-4.000000000000005,1.5924480694741574
3,30.0,100.0,-5.0,56,2032290702,2.218030409113382,-2.9999999999999916,0.5924480694741592
3,30.0,100.0,-5.0,57,2032290702,8.318030409113362,-2.9999999999999916,-3.9075519305258406
3,30.0,100.0,-5.0,58,2032290702,-75.18196959088635,24.999999999999996,-1.4075519305258404
3,30.0,100.0,-5.0,59,2032290702,4.418030409113371,-4.5,-2.407551930525842
3,30.0,100.0,-5.0,60,2032290702,-0.18196959088660947,-0.9999999999999887,1.0924480694741598
3,30.0,100.0,-5.0,61,2032290702,6.218030409113368,-2.0000000000000027,0.09244806947415848
3,30.0,100.0,-5.0,62,2032290702,0.718030409113382,-0.9999999999999887,1.0924480694741598
3,30.0,100.0,-5.0,63,2032290702,6.218030409113368,-2.9999999999999916,-2.407551930525842
3,30.0,100.0,-5.0,64,2032290702,1.3180304091133763,-2.0000000000000027,0.09244806947415848
3,30.0,100.0,-5.0,65,2032290702,5.1180304091133735,-3.500000000000011,0.09244806947415848
3,30.0,100.0,-5.0,66,2032290702,5.818030409113362,-3.500000000000011,0.09244806947415848
3,30.0,100.0,-5.0,67,2032290702,2.718030409113382,-2.4999999999999973,-2.407551930525842
3,30.0,100.0,-5.0,68,2032290702,0.41803040911338485,-0.49999999999999434,0.09244806947415848
3,30.0,100.0,-5.0,69,2032290702,2.6180304091133735,-2.4999999999999973,-0.4075519305258422
3,30.0,100.0,-5.0,70,2032290702,10.118030409113345,-5.4999999999999885,0.5924480694741592
3,30.0,100.0,-5.0,71,2032290702,5.518030409113365,-2.4999999999999973,0.09244806947415848
3,30.0,100.0,-5.0,72,2032290702,8.218030409113354,-4.5,0.5924480694741592
3,30.0,100.0,-5.0,73,2032290702,3.518030409113379,-2.4999999999999973,1.0924480694741598
3,30.0,100.0,-5.0,74,2032290702,7.218030409113368,-3.500000000000011,0.09244806947415848
3,30.0,100.0,-5.0,75,2032290702,-76.38196959088634,41.500000000000014,-74.40755193052584
3,30.0,100.0,-5.0,76,2032290702,3.1180304091133735,-2.4999999999999973,-0.4075519305258422
3,30.0,100.0,-5.0,77,2032290702,0.718030409113382,-0.49999999999999434,-0.9075519305258429
3,30.0,100.0,-5.0,78,2032290702,10.51803040911335,38.99999999999999,-5.907551930525842
3,30.0,100.0,-5.0,79,2032290702,2.8180304091133763,-2.4999999999999973,-1.907551930525841
3,30.0,100.0,-5.0,80,2032290702,7.618030409113359,-4.000000000000005,-3.4075519305258415
3,30.0,100.0,-5.0,81,2032290702,1.6180304091133735,-0.49999999999999434,-0.9075519305258429
3,30.0,100.0,-5.0,82,2032290702,9.918030409113356,39.499999999999986,1.0924480694741598
3,30.0,100.0,-5.0,83,2032290702,-2.081969590886601,-2.4999999999999973,1.0924480694741598
3,30.0,100.0,-5.0,84,2032290702,-6.381969590886598,2.4999999999999973,2.592448069474159
3,30.0,100.0,-5.0,85,2032290702,4.718030409113368,-2.9999999999999916,-0.9075519305258429
3,30.0,100.0,-5.0,86,2032290702,0.018030409113379164,-1.5000000000000084,-0.9075519305258429
3,30.0,100.0,-5.0,87,2032290702,0.31803040911339053,0.0,0.09244806947415848
3,30.0,100.0,-5.0,88,2032290702,-0.08196959088661515,-0.49999999999999434,-0.4075519305258422
3,30.0,100.0,-5.0,89,2032290702,-2.581969590886601,0.49999999999999434,-0.9075519305258429
3,30.0,100.0,-5.0,90,2032290702,7.318030409113362,-4.999999999999995,-0.4075519305258422
3,30.0,100.0,-5.0,91,2032290702,3.1180304091133735,-4.000000000000005,-0.9075519305258429
3,30.0,100.0,-5.0,92,2032290702,6.218030409113368,-4.999999999999995,-0.4075519305258422
3,30.0,100.0,-5.0,93,2032290702,4.518030409113365,-2.0000000000000027,0.09244806947415848
3,30.0,100.0,-5.0,94,2032290702,3.1180304091133735,-0.9999999999999887,0.5924480694741592
3,30.0,100.0,-5.0,95,2032290702,1.218030409113382,-0.9999999999999887,-0.4075519305258422
3,30.0,100.0,-5.0,96,2032290702,8.61803040911336,-3.500000000000011,-1.907551930525841
3,30.0,100.0,-5.0,97,2032290702,-2.381969590886598,0.9999999999999887,0.09244806947415848
3,30.0,100.0,-5.0,98,2032290702,4.318030409113376,-2.0000000000000027,0.09244806947415848
3,30.0,100.0,-5.0,99,2032290702,3.218030409113368,-4.999999999999995,-0.4075519305258422
3,30.0,100.0,-5.0,100,2032290702,8.418030409113356,-3.500000000000011,-1.907551930525841
3,30.0,100.0,-5.0,101,2032290702,4.6180304091133735,-2.9999999999999916,-1.4075519305258404
3,30.0,100.0,-5.0,102,2032290702,24.518030409113294,26.00000000000001,2.092448069474158
3,30.0,100.0,-5.0,103,2032290702,3.6180304091133735,-2.4999999999999973,-0.9075519305258429
3,30.0,100.0,-5.0,104,2032290702,118.71803040911297,31.5,2.592448069474159
3,30.0,100.0,-5.0,105,2032290702,1.1180304091133877,-1.5000000000000084,-1.4075519305258404
3,30.0,100.0,-5.0,106,2032290702,6.218030409113368,-3.500000000000011,-0.4075519305258422
3,30.0,100.0,-5.0,107,2032290702,6.218030409113368,-4.999999999999995,-0.4075519305258422
3,30.0,100.0,-5.0,108,2032290702,6.418030409113356,-2.4999999999999973,0.09244806947415848
3,30.0,100.0,-5.0,109,2032290702,-5.381969590886598,2.4999999999999973,-0.9075519305258429
3,30.0,100.0,-5.0,110,2032290702,1.1180304091133877,-0.49999999999999434,-1.4075519305258404
3,30.0,100.0,-5.0,111,2032290702,1.1180304091133877,0.0,-1.4075519305258404
3,30.0,100.0,-5.0,112,2032290702,5.518030409113365,-2.9999999999999916,0.5924480694741592
3,30.0,100.0,-5.0,113,2032290702,74.8180304091131,-59.500000000000014,-81.90755193052584
3,30.0,100.0,-5.0,114,2032290702,-5.681969590886595,0.0,-0.9075519305258429
3,30.0,100.0,-5.0,115,2032290702,1.5180304091133792,0.0,-2.407551930525842
3,30.0,100.0,-5.0,116,2032290702,2.1180304091133735,0.0,-1.4075519305258404
3,30.0,100.0,-5.0,117,2032290702,12.118030409113345,-3.500000000000011,-2.407551930525842
3,30.0,100.0,-5.0,118,2032290702,3.018030409113379,-3.500000000000011,0.09244806947415848
3,30.0,100.0,-5.0,119,2032290702,3.1180304091133735,-2.9999999999999916,-0.4075519305258422
3,30.0,100.0,-5.0,120,2032290702,-25.78196959088652,-4.999999999999995,0.09244806947415848
3,30.0,100.0,-5.0,121,2032290702,8.418030409113356,-6.000000000000009,-1.4075519305258404
3,30.0,100.0,-5.0,122,2032290702,2.8180304091133763,-1.5000000000000084,-0.4075519305258422
3,30.0,100.0,-5.0,123,2032290702,1.5180304091133792,-2.4999999999999973,-1.907551930525841
3,30.0,100.0,-5.0,124,2032290702,2.518030409113379,-3.500000000000011,0.5924480694741592
3,30.0,100.0,-5.0,125,2032290702,-0.8819695908866123,-0.9999999999999887,-0.9075519305258429
3,30.0,100.0,-5.0,126,2032290702,7.918030409113356,-5.4999999999999885,-0.9075519305258429
3,30.0,100.0,-5.0,127,2032290702,3.6180304091133735,-2.4999999999999973,-0.9075519305258429
3,30.0,100.0,-5.0,128,2032290702,18.718030409113325,27.99999999999999,-4.907551930525842
3,30.0,100.0,-5.0,129,2032290702,3.018030409113379,-2.9999999999999916,-1.907551930525841
3,30.0,100.0,-5.0,130,2032290702,5.818030409113362,-4.000000000000005,1.5924480694741574
3,30.0,100.0,-5.0,131,2032290702,6.518030409113365,-2.9999999999999916,-1.907551930525841
3,30.0,100.0,-5.0,132,2032290702,2.3180304091133763,-1.5000000000000084,-0.4075519305258422
3,30.0,100.0,-5.0,133,2032290702,2.418030409113385,-4.999999999999995,-0.4075519305258422
3,30.0,100.0,-5.0,134,2032290702,-3.581969590886601,0.49999999999999434,-2.407551930525842
3,30.0,100.0,-5.0,135,2032290702,-0.6819695908866095,-1.5000000000000084,0.5924480694741592
3,30.0,100.0,-5.0,136,2032290702,2.3180304091133763,-2.0000000000000027,2.092448069474158
3,30.0,100.0,-5.0,137,2032290702,2.018030409113379,-2.4999999999999973,2.092448069474158
3,30.0,100.0,-5.0,138,2032290702,-1.2819695908866038,-1.5000000000000084,-2.407551930525842
3,30.0,100.0,-5.0,139,2032290702,6.218030409113368,-4.000000000000005,-1.907551930525841
3,30.0,100.0,-5.0,140,2032290702,0.31803040911339053,-0.9999999999999887,1.5924480694741574
3,30.0,100.0,-5.0,141,2032290702,25.4180304091133,24.000000000000007,-1.4075519305258404
3,30.0,100.0,-5.0,142,2032290702,10.418030409113356,-4.000000000000005,-2.407551930525842
3,30.0,100.0,-5.0,143,2032290702,141.81803040911288,38.0,43.092448069474166
3,30.0,100.0,-5.0,144,2032290702,-3.381969590886598,0.49999999999999434,1.0924480694741598
3,30.0,100.0,-5.0,145,2032290702,6.318030409113362,-3.500000000000011,-0.9075519305258429
3,30.0,100.0,-5.0,146,2032290702,1.8180304091133763,-2.0000000000000027,0.09244806947415848
3,30.0,100.0,-5.0,147,2032290702,5.718030409113368,-3.500000000000011,1.0924480694741598
3,30.0,100.0,-5.0,148,2032290702,3.1180304091133735,-3.500000000000011,-0.4075519305258422
3,30.0,100.0,-5.0,149,2032290702,4.818030409113362,-3.500000000000011,-0.4075519305258422
3,30.0,100.0,-5.0,150,2032290702,0.31803040911339053,-2.4999999999999973,0.09244806947415848
3,30.0,100.0,-5.0,151,2032290702,11.21803040911334,-6.000000000000009,-2.407551930525842
3,30.0,100.0,-5.0,152,2032290702,2.218030409113382,-2.0000000000000027,2.092448069474158
3,30.0,100.0,-5.0,153,2032290702,4.418030409113371,-3.500000000000011,0.09244806947415848
3,30.0,100.0,-5.0,154,2032290702,5.918030409113371,-3.500000000000011,-0.9075519305258429
3,30.0,100.0,-5.0,155,2032290702,4.218030409113368,-4.000000000000005,-1.907551930525841
3,30.0,100.0,-5.0,156,2032290702,12.418030409113342,40.5,-2.907551930525841
3,30.0,100.0,-5.0,157,2032290702,5.6180304091133735,-2.4999999999999973,0.5924480694741592
3,30.0,100.0,-5.0,158,2032290702,9.918030409113356,-4.999999999999995,-3.4075519305258415
3,30.0,100.0,-5.0,159,2032290702,0.9180304091133848,-2.9999999999999916,1.5924480694741574
3,30.0,100.0,-5.0,160,2032290702,-1.3819695908866123,-0.9999999999999887,-1.907551930525841
3,30.0,100.0,-5.0,161,2032290702,2.418030409113385,-2.4999999999999973,-1.4075519305258404
3,30.0,100.0,-5.0,162,2032290702,2.6180304091133735,-2.0000000000000027,0.5924480694741592
3,30.0,100.0,-5.0,163,2032290702,4.918030409113371,-2.9999999999999916,-0.4075519305258422
3,30.0,100.0,-5.0,164,2032290702,8.11803040911336,-4.000000000000005,-2.407551930525842
3,30.0,100.0,-5.0,165,2032290702,5.1180304091133735,-2.9999999999999916,-0.4075519305258422
3,30.0,100.0,-5.0,166,2032290702,7.118030409113359,-6.000000000000009,1.0924480694741598
3,30.0,100.0,-5.0,167,2032290702,0.9180304091133848,-2.4999999999999973,-0.4075519305258422
3,30.0,100.0,-5.0,168,2032290702,-1.5819695908866152,0.49999999999999434,-0.9075519305258429
3,30.0,100.0,-5.0,169,2032290702,7.618030409113359,-6.000000000000009,1.0924480694741598
3,30.0,100.0,-5.0,170,2032290702,4.718030409113368,-4.5,-0.4075519305258422
3,30.0,100.0,-5.0,171,2032290702,5.6180304091133735,-4.5,-0.4075519305258422
3,30.0,100.0,-5.0,172,2032290702,-0.5819695908866152,0.0,0.09244806947415848
3,30.0,100.0,-5.0,173,2032290702,7.218030409113368,-2.9999999999999916,-0.9075519305258429
3,30.0,100.0,-5.0,174,2032290702,2.8180304091133763,-2.9999999999999916,0.09244806947415848
3,30.0,100.0,-5.0,175,2032290702,7.118030409113359,-4.5,-1.4075519305258404
3,30.0,100.0,-5.0,176,2032290702,-2.4819695908866066,0.0,1.5924480694741574
3,30.0,100.0,-5.0,177,2032290702,127.91803040911293,-48.499999999999986,-28.407551930525845
3,30.0,100.0,-5.0,178,2032290702,3.518030409113379,-1.5000000000000084,0.5924480694741592
3,30.0,100.0,-5.0,179,2032290702,2.018030409113379,0.9999999999999887,-2.407551930525842
3,30.0,100.0,-5.0,180,2032290702,10.418030409113356,-6.500000000000003,0.09244806947415848
3,30.0,100.0,-5.0,181,2032290702,-0.9819695908866066,-0.49999999999999434,0.09244806947415848
3,30.0,100.0,-5.0,182,2032290702,6.118030409113359,-2.9999999999999916,-1.907551930525841
3,30.0,100.0,-5.0,183,2032290702,4.818030409113362,-2.9999999999999916,0.5924480694741592
3,30.0,100.0,-5.0,184,2032290702,1.6180304091133735,-0.9999999999999887,2.592448069474159
3,30.0,100.0,-5.0,185,2032290702,0.018030409113379164,0.49999999999999434,1.0924480694741598
3,30.0,100.0,-5.0,186,2032290702,0.11803040911338769,-0.9999999999999887,1.0924480694741598
3,30.0,100.0,-5.0,187,2032290702,9.818030409113348,40.5,-4.407551930525842
3,30.0,100.0,-5.0,188,2032290702,2.8180304091133763,-1.5000000000000084,-0.9075519305258429
3,30.0,100.0,-5.0,189,2032290702,-3.081969590886601,0.49999999999999434,-0.4075519305258422
3,30.0,100.0,-5.0,190,2032290702,-1.6819695908866095,0.9999999999999887,1.5924480694741574
3,30.0,100.0,-5.0,191,2032290702,1.1180304091133877,-2.9999999999999916,-2.407551930525842
3,30.0,100.0,-5.0,192,2032290702,3.6180304091133735,-2.4999999999999973,3.0924480694741594
3,30.0,100.0,-5.0,193,2032290702,-0.7819695908866038,-0.49999999999999434,2.592448069474159
3,30.0,100.0,-5.0,194,2032290702,6.918030409113356,-4.5,-0.4075519305258422
3,30.0,100.0,-5.0,195,2032290702,5.6180304091133735,-2.9999999999999916,-1.4075519305258404
3,30.0,100.0,-5.0,196,2032290702,4.718030409113368,-3.500000000000011,0.09244806947415848
3,30.0,100.0,-5.0,197,2032290702,0.218030409113382,-2.0000000000000027,-0.4075519305258422
3,30.0,100.0,-5.0,198,2032290702,21.21803040911331,29.000000000000004,-4.907551930525842
3,30.0,100.0,-5.0,199,2032290702,5.418030409113371,-2.9999999999999916,0.09244806947415848
3,30.0,100.0,0.0,0,2032290703,3.4180304091133706,-1.5000000000000084,0.09244806947415848
3,30.0,100.0,0.0,1,2032290703,2.418030409113385,-2.0000000000000027,0.09244806947415848
3,30.0,100.0,0.0,2,2032290703,4.818030409113362,-4.000000000000005,-0.4075519305258422
3,30.0,100.0,0.0,3,2032290703,3.9180304091133706,-2.4999999999999973,-1.4075519305258404
3,30.0,100.0,0.0,4,2032290703,4.818030409113362,-2.4999999999999973,0.09244806947415848
3,30.0,100.0,0.0,5,2032290703,2.9180304091133706,-2.4999999999999973,-0.9075519305258429
3,30.0,100.0,0.0,6,2032290703,0.41803040911338485,0.0,0.5924480694741592
3,30.0,100.0,0.0,7,2032290703,1.5180304091133792,-0.9999999999999887,-0.4075519305258422
3,30.0,100.0,0.0,8,2032290703,1.4180304091133848,-0.9999999999999887,0.09244806947415848
3,30.0,100.0,0.0,9,2032290703,4.318030409113376,-2.9999999999999916,0.09244806947415848
3,30.0,100.0,0.0,10,2032290703,4.018030409113379,-4.000000000000005,0.09244806947415848
3,30.0,100.0,0.0,11,2032290703,0.9180304091133848,-0.9999999999999887,-0.9075519305258429
3,30.0,100.0,0.0,12,2032290703,5.1180304091133735,-2.9999999999999916,-0.9075519305258429
3,30.0,100.0,0.0,13,2032290703,2.018030409113379,-1.5000000000000084,-0.9075519305258429
3,30.0,100.0,0.0,14,2032290703,-0.281969590886618,-0.9999999999999887,-1.4075519305258404
3,30.0,100.0,0.0,15,2032290703,6.818030409113362,-4.5,-0.4075519305258422
3,30.0,100.0,0.0,16,2032290703,3.718030409113368,-2.0000000000000027,0.09244806947415848
3,30.0,100.0,0.0,17,2032290703,-1.0819695908866152,-0.49999999999999434,-0.9075519305258429
3,30.0,100.0,0.0,18,2032290703,3.718030409113368,-2.4999999999999973,-0.9075519305258429
3,30.0,100.0,0.0,19,2032290703,4.218030409113368,-2.0000000000000027,-0.4075519305258422
3,30.0,100.0,0.0,20,2032290703,1.9180304091133848,-1.5000000000000084,-1.4075519305258404
3,30.0,100.0,0.0,21,2032290703,3.1180304091133735,-2.0000000000000027,-0.4075519305258422
3,30.0,100.0,0.0,22,2032290703,2.6180304091133735,-0.9999999999999887,0.09244806947415848
3,30.0,100.0,0.0,23,2032290703,1.6180304091133735,-2.4999999999999973,-0.4075519305258422
3,30.0,100.0,0.0,24,2032290703,0.8180304091133905,-0.9999999999999887,1.0924480694741598
3,30.0,100.0,0.0,25,2032290703,4.1180304091133735,-1.5000000000000084,0.09244806947415848
3,30.0,100.0,0.0,26,2032290703,2.8180304091133763,-2.9999999999999916,-0.9075519305258429
3,30.0,100.0,0.0,27,2032290703,3.1180304091133735,-0.9999999999999887,-0.4075519305258422
3,30.0,100.0,0.0,28,2032290703,2.9180304091133706,-2.0000000000000027,-0.4075519305258422
3,30.0,100.0,0.0,29,2032290703,2.418030409113385,-2.0000000000000027,0.5924480694741592
3,30.0,100.0,0.0,30,2032290703,2.018030409113379,-0.9999999999999887,-0.9075519305258429
3,30.0,100.0,0.0,31,2032290703,2.3180304091133763,-2.4999999999999973,0.5924480694741592
3,30.0,100.0,0.0,32,2032290703,2.418030409113385,-2.0000000000000027,-1.4075519305258404
3,30.0,100.0,0.0,33,2032290703,3.218030409113368,-2.9999999999999916,-0.4075519305258422
3,30.0,100.0,0.0,34,2032290703,3.218030409113368,-2.0000000000000027,-0.4075519305258422
3,30.0,100.0,0.0,35,2032290703,3.218030409113368,-2.4999999999999973,-0.9075519305258429
3,30.0,100.0,0.0,36,2032290703,1.4180304091133848,-1.5000000000000084,0.09244806947415848
3,30.0,100.0,0.0,37,2032290703,3.018030409113379,-2.4999999999999973,-0.4075519305258422
3,30.0,100.0,0.0,38,2032290703,1.5180304091133792,-1.5000000000000084,-1.4075519305258404
3,30.0,100.0,0.0,39,2032290703,3.4180304091133706,-2.0000000000000027,-0.4075519305258422
3,30.0,100.0,0.0,40,2032290703,3.018030409113379,-2.0000000000000027,-0.9075519305258429
3,30.0,100.0,0.0,41,2032290703,4.918030409113371,-2.9999999999999916,-0.9075519305258429
3,30.0,100.0,0.0,42,2032290703,2.218030409113382,-2.0000000000000027,-0.4075519305258422
3,30.0,100.0,0.0,43,2032290703,4.718030409113368,-2.9999999999999916,-1.4075519305258404
3,30.0,100.0,0.0,44,2032290703,-0.6819695908866095,-0.9999999999999887,-0.9075519305258429
3,30.0,100.0,0.0,45,2032290703,5.018030409113365,-2.9999999999999916,-0.9075519305258429
3,30.0,100.0,0.0,46,2032290703,4.318030409113376,-3.500000000000011,0.09244806947415848
3,30.0,100.0,0.0,47,2032290703,0.41803040911338485,-2.0000000000000027,-1.4075519305258404
3,30.0,100.0,0.0,48,2032290703,-1.2819695908866038,-0.9999999999999887,-0.4075519305258422
3,30.0,100.0,0.0,49,2032290703,3.1180304091133735,-2.4999999999999973,-2.407551930525842
3,30.0,100.0,0.0,50,2032290703,2.418030409113385,-0.9999999999999887,0.5924480694741592
3,30.0,100.0,0.0,51,2032290703,6.718030409113368,-4.000000000000005,-0.4075519305258422
3,30.0,100.0,0.0,52,2032290703,2.8180304091133763,-0.9999999999999887,0.5924480694741592
3,30.0,100.0,0.0,53,2032290703,3.018030409113379,-2.0000000000000027,-1.4075519305258404
3,30.0,100.0,0.0,54,2032290703,1.4180304091133848,-1.5000000000000084,0.09244806947415848
3,30.0,100.0,0.0,55,2032290703,2.1180304091133735,-1.5000000000000084,0.5924480694741592
3,30.0,100.0,0.0,56,2032290703,1.218030409113382,-1.5000000000000084,-0.4075519305258422
3,30.0,100.0,0.0,57,2032290703,3.8180304091133763,-2.4999999999999973,-0.4075519305258422
3,30.0,100.0,0.0,58,2032290703,5.518030409113365,-4.000000000000005,-0.9075519305258429
3,30.0,100.0,0.0,59,2032290703,4.418030409113371,-2.9999999999999916,0.09244806947415848
3,30.0,100.0,0.0,60,2032290703,5.018030409113365,-2.9999999999999916,-0.4075519305258422
3,30.0,100.0,0.0,61,2032290703,5.318030409113362,-3.500000000000011,-0.4075519305258422
3,30.0,100.0,0.0,62,2032290703,0.8180304091133905,-2.4999999999999973,-0.4075519305258422
3,30.0,100.0,0.0,63,2032290703,4.718030409113368,-2.9999999999999916,-0.4075519305258422
3,30.0,100.0,0.0,64,2032290703,3.718030409113368,-2.9999999999999916,-1.907551930525841
3,30.0,100.0,0.0,65,2032290703,5.418030409113371,-3.500000000000011,-0.4075519305258422
3,30.0,100.0,0.0,66,2032290703,3.018030409113379,-2.4999999999999973,-0.9075519305258429
3,30.0,100.0,0.0,67,2032290703,0.6180304091133877,-2.0000000000000027,0.09244806947415848
3,30.0,100.0,0.0,68,2032290703,0.9180304091133848,-2.0000000000000027,-0.9075519305258429
3,30.0,100.0,0.0,69,2032290703,4.518030409113365,-2.4999999999999973,0.09244806947415848
3,30.0,100.0,0.0,70,2032290703,1.218030409113382,-1.5000000000000084,-0.9075519305258429
3,30.0,100.0,0.0,71,2032290703,2.418030409113385,-2.4999999999999973,0.5924480694741592
3,30.0,100.0,0.0,72,2032290703,2.218030409113382,-0.49999999999999434,-1.907551930525841
3,30.0,100.0,0.0,73,2032290703,2.1180304091133735,-1.5000000000000084,-0.4075519305258422
3,30.0,100.0,0.0,74,2032290703,3.518030409113379,-2.4999999999999973,-1.907551930525841
3,30.0,100.0,0.0,75,2032290703,3.8180304091133763,-2.9999999999999916,0.09244806947415848
3,30.0,100.0,0.0,76,2032290703,3.1180304091133735,-2.4999999999999973,0.09244806947415848
3,30.0,100.0,0.0,77,2032290703,0.5180304091133792,-1.5000000000000084,0.09244806947415848
3,30.0,100.0,0.0,78,2032290703,2.518030409113379,-2.9999999999999916,0.09244806947415848
3,30.0,100.0,0.0,79,2032290703,3.018030409113379,-0.9999999999999887,-0.9075519305258429
3,30.0,100.0,0.0,80,2032290703,4.918030409113371,-2.9999999999999916,-0.9075519305258429
3,30.0,100.0,0.0,81,2032290703,5.218030409113368,-2.9999999999999916,-0.4075519305258422
3,30.0,100.0,0.0,82,2032290703,1.718030409113382,-1.5000000000000084,0.09244806947415848
3,30.0,100.0,0.0,83,2032290703,1.8180304091133763,-0.9999999999999887,-0.4075519305258422
3,30.0,100.0,0.0,84,2032290703,1.4180304091133848,-0.9999999999999887,0.09244806947415848
3,30.0,100.0,0.0,85,2032290703,0.11803040911338769,-2.0000000000000027,-0.4075519305258422
3,30.0,100.0,0.0,86,2032290703,2.218030409113382,-2.0000000000000027,-0.4075519305258422
3,30.0,100.0,0.0,87,2032290703,4.518030409113365,-2.4999999999999973,-0.9075519305258429
3,30.0,100.0,0.0,88,2032290703,4.218030409113368,-2.9999999999999916,-0.4075519305258422
3,30.0,100.0,0.0,89,2032290703,4.518030409113365,-3.500000000000011,-0.4075519305258422
3,30.0,100.0,0.0,90,2032290703,3.3180304091133763,-2.4999999999999973,0.09244806947415848
3,30.0,100.0,0.0,91,2032290703,0.9180304091133848,-2.0000000000000027,0.09244806947415848
3,30.0,100.0,0.0,92,2032290703,7.418030409113356,-4.5,-0.4075519305258422
3,30.0,100.0,0.0,93,2032290703,4.718030409113368,-2.9999999999999916,0.09244806947415848
3,30.0,100.0,0.0,94,2032290703,2.218030409113382,-2.4999999999999973,-0.9075519305258429
3,30.0,100.0,0.0,95,2032290703,1.5180304091133792,-1.5000000000000084,0.5924480694741592
3,30.0,100.0,0.0,96,2032290703,0.6180304091133877,-0.9999999999999887,-0.4075519305258422
3,30.0,100.0,0.0,97,2032290703,2.9180304091133706,-0.9999999999999887,-0.4075519305258422
3,30.0,100.0,0.0,98,2032290703,2.6180304091133735,-1.5000000000000084,-0.4075519305258422
3,30.0,100.0,0.0,99,2032290703,1.5180304091133792,-1.5000000000000084,0.09244806947415848
3,30.0,100.0,0.0,100,2032290703,2.1180304091133735,-2.0000000000000027,-0.4075519305258422
3,30.0,100.0,0.0,101,2032290703,3.018030409113379,-2.0000000000000027,-0.4075519305258422
3,30.0,100.0,0.0,102,2032290703,-0.4819695908866066,-1.5000000000000084,-0.9075519305258429
3,30.0,100.0,0.0,103,2032290703,2.418030409113385,-1.5000000000000084,-0.9075519305258429
3,30.0,100.0,0.0,104,2032290703,1.9180304091133848,-0.9999999999999887,1.0924480694741598
3,30.0,100.0,0.0,105,2032290703,3.518030409113379,-2.9999999999999916,-0.9075519305258429
3,30.0,100.0,0.0,106,2032290703,4.518030409113365,-2.9999999999999916,0.5924480694741592
3,30.0,100.0,0.0,107,2032290703,5.818030409113362,-3.500000000000011,0.09244806947415848
3,30.0,100.0,0.0,108,2032290703,3.4180304091133706,-2.0000000000000027,0.09244806947415848
3,30.0,100.0,0.0,109,2032290703,4.818030409113362,-3.500000000000011,-0.4075519305258422
3,30.0,100.0,0.0,110,2032290703,1.9180304091133848,-2.4999999999999973,0.09244806947415848
3,30.0,100.0,0.0,111,2032290703,3.518030409113379,-2.4999999999999973,0.09244806947415848
3,30.0,100.0,0.0,112,2032290703,6.918030409113356,-2.0000000000000027,-0.9075519305258429
3,30.0,100.0,0.0,113,2032290703,4.6180304091133735,-2.9999999999999916,0.09244806947415848
3,30.0,100.0,0.0,114,2032290703,3.1180304091133735,-2.4999999999999973,-0.9075519305258429
3,30.0,100.0,0.0,115,2032290703,3.6180304091133735,-2.4999999999999973,-0.4075519305258422
3,30.0,100.0,0.0,116,2032290703,-0.281969590886618,-0.49999999999999434,0.5924480694741592
3,30.0,100.0,0.0,117,2032290703,5.418030409113371,-2.9999999999999916,0.5924480694741592
3,30.0,100.0,0.0,118,2032290703,1.6180304091133735,-0.9999999999999887,0.09244806947415848
3,30.0,100.0,0.0,119,2032290703,4.418030409113371,-2.9999999999999916,0.09244806947415848
3,30.0,100.0,0.0,120,2032290703,3.518030409113379,-2.9999999999999916,0.5924480694741592
3,30.0,100.0,0.0,121,2032290703,1.218030409113382,-2.0000000000000027,0.09244806947415848
3,30.0,100.0,0.0,122,2032290703,2.3180304091133763,-2.9999999999999916,0.09244806947415848
3,30.0,100.0,0.0,123,2032290703,5.218030409113368,-2.9999999999999916,-0.9075519305258429
3,30.0,100.0,0.0,124,2032290703,7.618030409113359,-4.5,0.09244806947415848
3,30.0,100.0,0.0,125,2032290703,3.3180304091133763,-2.9999999999999916,0.09244806947415848
3,30.0,100.0,0.0,126,2032290703,5.1180304091133735,-3.500000000000011,-0.9075519305258429
3,30.0,100.0,0.0,127,2032290703,4.218030409113368,-0.9999999999999887,-0.9075519305258429
3,30.0,100.0,0.0,128,2032290703,-0.9819695908866066,-0.49999999999999434,0.09244806947415848
3,30.0,100.0,0.0,129,2032290703,3.6180304091133735,-3.500000000000011,-0.9075519305258429
3,30.0,100.0,0.0,130,2032290703,3.518030409113379,-2.4999999999999973,-1.907551930525841
3,30.0,100.0,0.0,131,2032290703,1.8180304091133763,-1.5000000000000084,-1.4075519305258404
3,30.0,100.0,0.0,132,2032290703,5.518030409113365,-2.4999999999999973,-0.9075519305258429
3,30.0,100.0,0.0,133,2032290703,6.218030409113368,-3.500000000000011,-0.4075519305258422
3,30.0,100.0,0.0,134,2032290703,3.218030409113368,-2.0000000000000027,0.09244806947415848
3,30.0,100.0,0.0,135,2032290703,-1.1819695908866095,-0.49999999999999434,0.5924480694741592
3,30.0,100.0,0.0,136,2032290703,1.4180304091133848,-0.9999999999999887,1.0924480694741598
3,30.0,100.0,0.0,137,2032290703,1.718030409113382,-1.5000000000000084,-0.9075519305258429
3,30.0,100.0,0.0,138,2032290703,0.8180304091133905,-0.9999999999999887,0.09244806947415848
3,30.0,100.0,0.0,139,2032290703,6.518030409113365,-2.9999999999999916,-0.4075519305258422
3,30.0,100.0,0.0,140,2032290703,2.6180304091133735,-2.4999999999999973,0.09244806947415848
3,30.0,100.0,0.0,141,2032290703,6.018030409113365,-4.000000000000005,-0.4075519305258422
3,30.0,100.0,0.0,142,2032290703,2.218030409113382,-2.9999999999999916,0.09244806947415848
3,30.0,100.0,0.0,143,2032290703,8.01803040911335,-4.5,-1.4075519305258404
3,30.0,100.0,0.0,144,2032290703,4.018030409113379,-2.4999999999999973,-0.9075519305258429
3,30.0,100.0,0.0,145,2032290703,3.9180304091133706,-2.9999999999999916,0.5924480694741592
3,30.0,100.0,0.0,146,2032290703,4.518030409113365,-3.500000000000011,-0.4075519305258422
3,30.0,100.0,0.0,147,2032290703,2.218030409113382,-1.5000000000000084,0.09244806947415848
3,30.0,100.0,0.0,148,2032290703,5.918030409113371,-3.500000000000011,-0.4075519305258422
3,30.0,100.0,0.0,149,2032290703,6.718030409113368,-4.999999999999995,-1.4075519305258404
3,30.0,100.0,0.0,150,2032290703,2.518030409113379,-2.9999999999999916,-0.4075519305258422
3,30.0,100.0,0.0,151,2032290703,0.6180304091133877,-1.5000000000000084,-0.9075519305258429
3,30.0,100.0,0.0,152,2032290703,3.8180304091133763,-2.9999999999999916,-0.9075519305258429
3,30.0,100.0,0.0,153,2032290703,7.518030409113365,-4.999999999999995,-0.4075519305258422
3,30.0,100.0,0.0,154,2032290703,2.718030409113382,-2.4999999999999973,-0.4075519305258422
3,30.0,100.0,0.0,155,2032290703,3.1180304091133735,-2.0000000000000027,-1.4075519305258404
3,30.0,100.0,0.0,156,2032290703,4.018030409113379,-2.9999999999999916,0.09244806947415848
3,30.0,100.0,0.0,157,2032290703,2.3180304091133763,-1.5000000000000084,-1.907551930525841
3,30.0,100.0,0.0,158,2032290703,1.9180304091133848,-0.9999999999999887,-0.4075519305258422
3,30.0,100.0,0.0,159,2032290703,7.018030409113365,-4.999999999999995,-1.4075519305258404
3,30.0,100.0,0.0,160,2032290703,0.9180304091133848,-0.9999999999999887,0.09244806947415848
3,30.0,100.0,0.0,161,2032290703,2.518030409113379,-2.4999999999999973,0.09244806947415848
3,30.0,100.0,0.0,162,2032290703,0.9180304091133848,-0.9999999999999887,0.5924480694741592
3,30.0,100.0,0.0,163,2032290703,0.8180304091133905,-0.49999999999999434,0.09244806947415848
3,30.0,100.0,0.0,164,2032290703,1.8180304091133763,-2.0000000000000027,-0.4075519305258422
3,30.0,100.0,0.0,165,2032290703,2.418030409113385,-1.5000000000000084,0.5924480694741592
3,30.0,100.0,0.0,166,2032290703,7.018030409113365,-4.5,-1.4075519305258404
3,30.0,100.0,0.0,167,2032290703,2.6180304091133735,-2.9999999999999916,-0.4075519305258422
3,30.0,100.0,0.0,168,2032290703,8.418030409113356,-4.999999999999995,-1.4075519305258404
3,30.0,100.0,0.0,169,2032290703,2.418030409113385,-2.0000000000000027,0.09244806947415848
3,30.0,100.0,0.0,170,2032290703,0.9180304091133848,-1.5000000000000084,-0.4075519305258422
3,30.0,100.0,0.0,171,2032290703,4.918030409113371,-2.0000000000000027,0.09244806947415848
3,30.0,100.0,0.0,172,2032290703,3.518030409113379,-2.4999999999999973,-1.4075519305258404
3,30.0,100.0,0.0,173,2032290703,6.618030409113359,-4.000000000000005,-1.4075519305258404
3,30.0,100.0,0.0,174,2032290703,5.218030409113368,-3.500000000000011,0.5924480694741592
3,30.0,100.0,0.0,175,2032290703,5.318030409113362,-3.500000000000011,-0.9075519305258429
3,30.0,100.0,0.0,176,2032290703,0.018030409113379164,-2.0000000000000027,1.0924480694741598
3,30.0,100.0,0.0,177,2032290703,3.9180304091133706,-3.500000000000011,0.5924480694741592
3,30.0,100.0,0.0,178,2032290703,5.818030409113362,-2.9999999999999916,0.09244806947415848
3,30.0,100.0,0.0,179,2032290703,2.6180304091133735,-2.0000000000000027,-0.4075519305258422
3,30.0,100.0,0.0,180,2032290703,3.1180304091133735,-2.9999999999999916,-0.4075519305258422
3,30.0,100.0,0.0,181,2032290703,3.518030409113379,-2.9999999999999916,-0.4075519305258422
3,30.0,100.0,0.0,182,2032290703,2.8180304091133763,-2.0000000000000027,-0.9075519305258429
3,30.0,100.0,0.0,183,2032290703,3.3180304091133763,-2.0000000000000027,0.09244806947415848
3,30.0,100.0,0.0,184,2032290703,5.718030409113368,-4.000000000000005,-0.4075519305258422
3,30.0,100.0,0.0,185,2032290703,2.6180304091133735,-2.9999999999999916,-0.4075519305258422
3,30.0,100.0,0.0,186,2032290703,1.5180304091133792,-1.5000000000000084,0.09244806947415848
3,30.0,100.0,0.0,187,2032290703,3.3180304091133763,-1.5000000000000084,-0.9075519305258429
3,30.0,100.0,0.0,188,2032290703,2.3180304091133763,-1.5000000000000084,0.09244806947415848
3,30.0,100.0,0.0,189,2032290703,4.918030409113371,-3.500000000000011,-0.4075519305258422
3,30.0,100.0,0.0,190,2032290703,0.718030409113382,-2.0000000000000027,0.09244806947415848
3,30.0,100.0,0.0,191,2032290703,2.3180304091133763,-1.5000000000000084,-0.4075519305258422
3,30.0,100.0,0.0,192,2032290703,3.518030409113379,-2.0000000000000027,-0.9075519305258429
3,30.0,100.0,0.0,193,2032290703,3.6180304091133735,-2.9999999999999916,-0.4075519305258422
3,30.0,100.0,0.0,194,2032290703,7.918030409113356,-4.999999999999995,-1.4075519305258404
3,30.0,100.0,0.0,195,2032290703,2.6180304091133735,-1.5000000000000084,-0.9075519305258429
3,30.0,100.0,0.0,196,2032290703,3.6180304091133735,-2.4999999999999973,0.09244806947415848
3,30.0,100.0,0.0,197,2032290703,4.918030409113371,-3.500000000000011,0.09244806947415848
3,30.0,100.0,0.0,198,2032290703,1.8180304091133763,-2.4999999999999973,0.5924480694741592
3,30.0,100.0,0.0,199,2032290703,4.218030409113368,-2.4999999999999973,0.09244806947415848
3,30.0,100.0,5.0,0,2032290704,3.9180304091133706,-2.4999999999999973,0.09244806947415848
3,30.0,100.0,5.0,1,2032290704,3.8180304091133763,-2.4999999999999973,0.09244806947415848
3,30.0,100.0,5.0,2,2032290704,3.518030409113379,-2.0000000000000027,0.09244806947415848
3,30.0,100.0,5.0,3,2032290704,2.018030409113379,-2.4999999999999973,0.09244806947415848
3,30.0,100.0,5.0,4,2032290704,0.6180304091133877,-1.5000000000000084,-0.4075519305258422
3,30.0,100.0,5.0,5,2032290704,2.1180304091133735,-2.0000000000000027,-0.4075519305258422
3,30.0,100.0,5.0,6,2032290704,4.418030409113371,-2.9999999999999916,0.09244806947415848
3,30.0,100.0,5.0,7,2032290704,2.8180304091133763,-2.4999999999999973,-0.4075519305258422
3,30.0,100.0,5.0,8,2032290704,3.4180304091133706,-2.0000000000000027,0.09244806947415848
3,30.0,100.0,5.0,9,2032290704,1.8180304091133763,-2.0000000000000027,0.09244806947415848
3,30.0,100.0,5.0,10,2032290704,3.018030409113379,-2.0000000000000027,-0.4075519305258422
3,30.0,100.0,5.0,11,2032290704,4.318030409113376,-2.4999999999999973,-0.4075519305258422
3,30.0,100.0,5.0,12,2032290704,2.9180304091133706,-2.0000000000000027,-0.9075519305258429
3,30.0,100.0,5.0,13,2032290704,2.418030409113385,-2.4999999999999973,-0.4075519305258422
3,30.0,100.0,5.0,14,2032290704,1.1180304091133877,-1.5000000000000084,0.09244806947415848
3,30.0,100.0,5.0,15,2032290704,3.8180304091133763,-2.9999999999999916,-0.9075519305258429
3,30.0,100.0,5.0,16,2032290704,2.6180304091133735,-2.0000000000000027,0.09244806947415848
3,30.0,100.0,5.0,17,2032290704,1.9180304091133848,-2.0000000000000027,-0.4075519305258422
3,30.0,100.0,5.0,18,2032290704,4.1180304091133735,-2.4999999999999973,-0.4075519305258422
3,30.0,100.0,5.0,19,2032290704,2.6180304091133735,-2.0000000000000027,0.09244806947415848
3,30.0,100.0,5.0,20,2032290704,4.718030409113368,-2.9999999999999916,-0.4075519305258422
3,30.0,100.0,5.0,21,2032290704,2.1180304091133735,-2.0000000000000027,-0.4075519305258422
3,30.0,100.0,5.0,22,2032290704,3.9180304091133706,-2.9999999999999916,-0.9075519305258429
3,30.0,100.0,5.0,23,2032290704,4.518030409113365,-2.9999999999999916,0.09244806947415848
3,30.0,100.0,5.0,24,2032290704,3.718030409113368,-2.4999999999999973,0.09244806947415848
3,30.0,100.0,5.0,25,2032290704,4.218030409113368,-2.4999999999999973,-0.9075519305258429
3,30.0,100.0,5.0,26,2032290704,4.018030409113379,-2.0000000000000027,-0.4075519305258422
3,30.0,100.0,5.0,27,2032290704,3.718030409113368,-2.0000000000000027,0.09244806947415848
3,30.0,100.0,5.0,28,2032290704,1.8180304091133763,-1.5000000000000084,-0.4075519305258422
3,30.0,100.0,5.0,29,2032290704,3.518030409113379,-2.0000000000000027,0.09244806947415848
3,30.0,100.0,5.0,30,2032290704,2.9180304091133706,-2.4999999999999973,-0.4075519305258422
3,30.0,100.0,5.0,31,2032290704,3.718030409113368,-2.4999999999999973,0.09244806947415848
3,30.0,100.0,5.0,32,2032290704,3.218030409113368,-2.0000000000000027,-0.4075519305258422
3,30.0,100.0,5.0,33,2032290704,3.6180304091133735,-2.4999999999999973,-0.4075519305258422
3,30.0,100.0,5.0,34,2032290704,1.218030409113382,-2.0000000000000027,0.09244806947415848
3,30.0,100.0,5.0,35,2032290704,4.318030409113376,-2.4999999999999973,-0.4075519305258422
3,30.0,100.0,5.0,36,2032290704,2.9180304091133706,-2.9999999999999916,-0.9075519305258429
3,30.0,100.0,5.0,37,2032290704,1.8180304091133763,-1.5000000000000084,-0.4075519305258422
3,30.0,100.0,5.0,38,2032290704,5.918030409113371,-3.500000000000011,-0.4075519305258422
3,30.0,100.0,5.0,39,2032290704,4.218030409113368,-2.4999999999999973,-0.9075519305258429
3,30.0,100.0,5.0,40,2032290704,4.718030409113368,-2.4999999999999973,0.09244806947415848
3,30.0,100.0,5.0,41,2032290704,3.718030409113368,-2.9999999999999916,-0.4075519305258422
3,30.0,100.0,5.0,42,2032290704,1.3180304091133763,-1.5000000000000084,0.09244806947415848
3,30.0,100.0,5.0,43,2032290704,0.9180304091133848,-0.9999999999999887,-0.4075519305258422
3,30.0,100.0,5.0,44,2032290704,1.718030409113382,-2.0000000000000027,0.09244806947415848
3,30.0,100.0,5.0,45,2032290704,2.9180304091133706,-2.0000000000000027,-0.4075519305258422
3,30.0,100.0,5.0,46,2032290704,2.718030409113382,-2.0000000000000027,-0.9075519305258429
3,30.0,100.0,5.0,47,2032290704,1.9180304091133848,-1.5000000000000084,0.09244806947415848
3,30.0,100.0,5.0,48,2032290704,5.218030409113368,-3.500000000000011,0.09244806947415848
3,30.0,100.0,5.0,49,2032290704,4.018030409113379,-2.4999999999999973,-0.4075519305258422
3,30.0,100.0,5.0,50,2032290704,3.3180304091133763,-2.4999999999999973,-0.4075519305258422
3,30.0,100.0,5.0,51,2032290704,4.218030409113368,-2.4999999999999973,0.09244806947415848
3,30.0,100.0,5.0,52,2032290704,4.418030409113371,-2.9999999999999916,-0.9075519305258429
3,30.0,100.0,5.0,53,2032290704,3.9180304091133706,-2.9999999999999916,-0.4075519305258422
3,30.0,100.0,5.0,54,2032290704,2.9180304091133706,-2.0000000000000027,-0.9075519305258429
3,30.0,100.0,5.0,55,2032290704,3.9180304091133706,-2.4999999999999973,-0.9075519305258429
3,30.0,100.0,5.0,56,2032290704,2.6180304091133735,-2.9999999999999916,0.09244806947415848
3,30.0,100.0,5.0,57,2032290704,3.4180304091133706,-2.4999999999999973,0.09244806947415848
3,30.0,100.0,5.0,58,2032290704,3.1180304091133735,-1.5000000000000084,0.09244806947415848
3,30.0,100.0,5.0,59,2032290704,1.718030409113382,-1.5000000000000084,0.09244806947415848
3,30.0,100.0,5.0,60,2032290704,1.1180304091133877,-1.5000000000000084,-0.4075519305258422
3,30.0,100.0,5.0,61,2032290704,3.9180304091133706,-2.4999999999999973,-0.4075519305258422
3,30.0,100.0,5.0,62,2032290704,2.6180304091133735,-2.0000000000000027,-0.4075519305258422
3,30.0,100.0,5.0,63,2032290704,2.6180304091133735,-2.0000000000000027,-0.9075519305258429
3,30.0,100.0,5.0,64,2032290704,1.4180304091133848,-1.5000000000000084,0.09244806947415848
3,30.0,100.0,5.0,65,2032290704,2.6180304091133735,-2.4999999999999973,-0.4075519305258422
3,30.0,100.0,5.0,66,2032290704,4.518030409113365,-2.9999999999999916,-0.4075519305258422
3,30.0,100.0,5.0,67,2032290704,4.518030409113365,-2.4999999999999973,0.09244806947415848
3,30.0,100.0,5.0,68,2032290704,3.9180304091133706,-2.4999999999999973,0.5924480694741592
3,30.0,100.0,5.0,69,2032290704,4.218030409113368,-2.9999999999999916,0.09244806947415848
3,30.0,100.0,5.0,70,2032290704,3.4180304091133706,-2.4999999999999973,0.09244806947415848
3,30.0,100.0,5.0,71,2032290704,5.918030409113371,-3.500000000000011,0.09244806947415848
3,30.0,100.0,5.0,72,2032290704,3.218030409113368,-2.4999999999999973,-0.4075519305258422
3,30.0,100.0,5.0,73,2032290704,2.9180304091133706,-2.0000000000000027,0.09244806947415848
3,30.0,100.0,5.0,74,2032290704,3.4180304091133706,-2.4999999999999973,-0.4075519305258422
3,30.0,100.0,5.0,75,2032290704,4.018030409113379,-2.4999999999999973,0.09244806947415848
3,30.0,100.0,5.0,76,2032290704,4.918030409113371,-2.9999999999999916,-0.4075519305258422
3,30.0,100.0,5.0,77,2032290704,0.8180304091133905,-1.5000000000000084,0.09244806947415848
3,30.0,100.0,5.0,78,2032290704,3.3180304091133763,-2.4999999999999973,0.09244806947415848
3,30.0,100.0,5.0,79,2032290704,4.518030409113365,-2.9999999999999916,-0.4075519305258422
3,30.0,100.0,5.0,80,2032290704,3.9180304091133706,-2.4999999999999973,-0.4075519305258422
3,30.0,100.0,5.0,81,2032290704,2.418030409113385,-2.4999999999999973,-0.4075519305258422
3,30.0,100.0,5.0,82,2032290704,3.3180304091133763,-2.4999999999999973,-0.9075519305258429
3,30.0,100.0,5.0,83,2032290704,3.218030409113368,-2.0000000000000027,-0.9075519305258429
3,30.0,100.0,5.0,84,2032290704,3.8180304091133763,-2.4999999999999973,0.09244806947415848
3,30.0,100.0,5.0,85,2032290704,3.3180304091133763,-2.4999999999999973,0.09244806947415848
3,30.0,100.0,5.0,86,2032290704,1.8180304091133763,-1.5000000000000084,-0.4075519305258422
3,30.0,100.0,5.0,87,2032290704,4.318030409113376,-2.4999999999999973,-0.4075519305258422
3,30.0,100.0,5.0,88,2032290704,1.5180304091133792,-1.5000000000000084,-0.4075519305258422
3,30.0,100.0,5.0,89,2032290704,2.9180304091133706,-1.5000000000000084,0.09244806947415848
3,30.0,100.0,5.0,90,2032290704,3.1180304091133735,-2.0000000000000027,0.09244806947415848
3,30.0,100.0,5.0,91,2032290704,1.5180304091133792,-0.9999999999999887,0.09244806947415848
3,30.0,100.0,5.0,92,2032290704,3.9180304091133706,-2.4999999999999973,0.09244806947415848
3,30.0,100.0,5.0,93,2032290704,4.718030409113368,-2.9999999999999916,-0.4075519305258422
3,30.0,100.0,5.0,94,2032290704,3.9180304091133706,-2.9999999999999916,-0.4075519305258422
3,30.0,100.0,5.0,95,2032290704,4.518030409113365,-3.500000000000011,-1.4075519305258404
3,30.0,100.0,5.0,96,2032290704,4.1180304091133735,-2.4999999999999973,-0.9075519305258429
3,30.0,100.0,5.0,97,2032290704,0.6180304091133877,-1.5000000000000084,-0.4075519305258422
3,30.0,100.0,5.0,98,2032290704,2.718030409113382,-2.0000000000000027,0.09244806947415848
3,30.0,100.0,5.0,99,2032290704,2.6180304091133735,-2.0000000000000027,-0.4075519305258422
3,30.0,100.0,5.0,100,2032290704,2.1180304091133735,-2.0000000000000027,0.09244806947415848
3,30.0,100.0,5.0,101,2032290704,3.718030409113368,-2.4999999999999973,-0.4075519305258422
3,30.0,100.0,5.0,102,2032290704,3.8180304091133763,-2.4999999999999973,0.09244806947415848
3,30.0,100.0,5.0,103,2032290704,3.3180304091133763,-2.4999999999999973,0.09244806947415848
3,30.0,100.0,5.0,104,2032290704,1.218030409113382,-1.5000000000000084,0.09244806947415848
3,30.0,100.0,5.0,105,2032290704,3.9180304091133706,-2.4999999999999973,-0.4075519305258422
3,30.0,100.0,5.0,106,2032290704,2.1180304091133735,-2.0000000000000027,-0.4075519305258422
3,30.0,100.0,5.0,107,2032290704,5.418030409113371,-3.500000000000011,-0.4075519305258422
3,30.0,100.0,5.0,108,2032290704,2.218030409113382,-2.0000000000000027,-0.4075519305258422
3,30.0,100.0,5.0,109,2032290704,4.818030409113362,-2.9999999999999916,-0.4075519305258422
3,30.0,100.0,5.0,110,2032290704,3.3180304091133763,-2.4999999999999973,0.09244806947415848
3,30.0,100.0,5.0,111,2032290704,2.418030409113385,-2.0000000000000027,-0.9075519305258429
3,30.0,100.0,5.0,112,2032290704,3.6180304091133735,-2.4999999999999973,-0.4075519305258422
3,30.0,100.0,5.0,113,2032290704,3.8180304091133763,-2.4999999999999973,-0.4075519305258422
3,30.0,100.0,5.0,114,2032290704,3.9180304091133706,-2.0000000000000027,-0.4075519305258422
3,30.0,100.0,5.0,115,2032290704,5.6180304091133735,-4.000000000000005,0.09244806947415848
3,30.0,100.0,5.0,116,2032290704,3.218030409113368,-2.4999999999999973,-1.4075519305258404
3,30.0,100.0,5.0,117,2032290704,4.318030409113376,-2.4999999999999973,-0.4075519305258422
3,30.0,100.0,5.0,118,2032290704,2.718030409113382,-2.4999999999999973,0.09244806947415848
3,30.0,100.0,5.0,119,2032290704,1.8180304091133763,-1.5000000000000084,-0.4075519305258422
3,30.0,100.0,5.0,120,2032290704,1.4180304091133848,-1.5000000000000084,0.5924480694741592
3,30.0,100.0,5.0,121,2032290704,2.418030409113385,-2.0000000000000027,0.09244806947415848
3,30.0,100.0,5.0,122,2032290704,4.318030409113376,-2.9999999999999916,-0.9075519305258429
3,30.0,100.0,5.0,123,2032290704,2.718030409113382,-2.0000000000000027,-0.9075519305258429
3,30.0,100.0,5.0,124,2032290704,4.418030409113371,-2.9999999999999916,0.5924480694741592
3,30.0,100.0,5.0,125,2032290704,4.1180304091133735,-2.9999999999999916,-0.4075519305258422
3,30.0,100.0,5.0,126,2032290704,1.9180304091133848,-2.0000000000000027,-0.9075519305258429
3,30.0,100.0,5.0,127,2032290704,0.9180304091133848,-1.5000000000000084,-0.9075519305258429
3,30.0,100.0,5.0,128,2032290704,1.5180304091133792,-1.5000000000000084,0.09244806947415848
3,30.0,100.0,5.0,129,2032290704,4.418030409113371,-2.9999999999999916,-0.4075519305258422
3,30.0,100.0,5.0,130,2032290704,3.4180304091133706,-2.0000000000000027,0.09244806947415848
3,30.0,100.0,5.0,131,2032290704,4.018030409113379,-2.4999999999999973,-1.4075519305258404
3,30.0,100.0,5.0,132,2032290704,5.318030409113362,-2.9999999999999916,0.09244806947415848
3,30.0,100.0,5.0,133,2032290704,2.3180304091133763,-1.5000000000000084,0.09244806947415848
3,30.0,100.0,5.0,134,2032290704,1.218030409113382,-2.0000000000000027,-0.9075519305258429
3,30.0,100.0,5.0,135,2032290704,3.518030409113379,-2.9999999999999916,-0.4075519305258422
3,30.0,100.0,5.0,136,2032290704,3.9180304091133706,-2.9999999999999916,-0.4075519305258422
3,30.0,100.0,5.0,137,2032290704,3.9180304091133706,-3.500000000000011,-0.4075519305258422
3,30.0,100.0,5.0,138,2032290704,3.218030409113368,-2.4999999999999973,-0.4075519305258422
3,30.0,100.0,5.0,139,2032290704,4.1180304091133735,-2.9999999999999916,-0.4075519305258422
3,30.0,100.0,5.0,140,2032290704,2.1180304091133735,-2.0000000000000027,-0.4075519305258422
3,30.0,100.0,5.0,141,2032290704,3.9180304091133706,-2.4999999999999973,-0.4075519305258422
3,30.0,100.0,5.0,142,2032290704,1.3180304091133763,-0.9999999999999887,-0.4075519305258422
3,30.0,100.0,5.0,143,2032290704,3.518030409113379,-2.0000000000000027,-0.4075519305258422
3,30.0,100.0,5.0,144,2032290704,3.9180304091133706,-2.9999999999999916,-0.4075519305258422
3,30.0,100.0,5.0,145,2032290704,3.018030409113379,-2.0000000000000027,0.09244806947415848
3,30.0,100.0,5.0,146,2032290704,4.718030409113368,-2.9999999999999916,-0.4075519305258422
3,30.0,100.0,5.0,147,2032290704,4.1180304091133735,-2.9999999999999916,0.09244806947415848
3,30.0,100.0,5.0,148,2032290704,4.418030409113371,-3.500000000000011,0.09244806947415848
3,30.0,100.0,5.0,149,2032290704,1.718030409113382,-1.5000000000000084,-0.4075519305258422
3,30.0,100.0,5.0,150,2032290704,1.9180304091133848,-2.4999999999999973,0.09244806947415848
3,30.0,100.0,5.0,151,2032290704,3.3180304091133763,-2.4999999999999973,-0.9075519305258429
3,30.0,100.0,5.0,152,2032290704,3.518030409113379,-2.4999999999999973,-0.4075519305258422
3,30.0,100.0,5.0,153,2032290704,3.018030409113379,-2.4999999999999973,0.09244806947415848
3,30.0,100.0,5.0,154,2032290704,4.818030409113362,-2.9999999999999916,0.09244806947415848
3,30.0,100.0,5.0,155,2032290704,4.418030409113371,-2.9999999999999916,0.09244806947415848
3,30.0,100.0,5.0,156,2032290704,2.1180304091133735,-1.5000000000000084,0.5924480694741592
3,30.0,100.0,5.0,157,2032290704,3.018030409113379,-2.0000000000000027,-0.4075519305258422
3,30.0,100.0,5.0,158,2032290704,2.1180304091133735,-2.0000000000000027,-0.4075519305258422
3,30.0,100.0,5.0,159,2032290704,4.018030409113379,-2.4999999999999973,-0.9075519305258429
3,30.0,100.0,5.0,160,2032290704,2.718030409113382,-2.0000000000000027,-0.9075519305258429
3,30.0,100.0,5.0,161,2032290704,3.018030409113379,-2.0000000000000027,-0.4075519305258422
3,30.0,100.0,5.0,162,2032290704,5.1180304091133735,-2.9999999999999916,0.09244806947415848
3,30.0,100.0,5.0,163,2032290704,3.6180304091133735,-2.4999999999999973,-0.4075519305258422
3,30.0,100.0,5.0,164,2032290704,3.718030409113368,-2.0000000000000027,-0.4075519305258422
3,30.0,100.0,5.0,165,2032290704,4.918030409113371,-2.9999999999999916,0.09244806947415848
3,30.0,100.0,5.0,166,2032290704,2.418030409113385,-2.4999999999999973,0.09244806947415848
3,30.0,100.0,5.0,167,2032290704,3.518030409113379,-2.0000000000000027,-0.4075519305258422
3,30.0,100.0,5.0,168,2032290704,2.6180304091133735,-1.5000000000000084,0.09244806947415848
3,30.0,100.0,5.0,169,2032290704,2.718030409113382,-2.0000000000000027,-0.4075519305258422
3,30.0,100.0,5.0,170,2032290704,3.4180304091133706,-2.0000000000000027,0.09244806947415848
3,30.0,100.0,5.0,171,2032290704,4.6180304091133735,-3.500000000000011,-0.4075519305258422
3,30.0,100.0,5.0,172,2032290704,1.1180304091133877,-2.4999999999999973,-0.4075519305258422
3,30.0,100.0,5.0,173,2032290704,3.8180304091133763,-2.4999999999999973,-0.4075519305258422
3,30.0,100.0,5.0,174,2032290704,2.518030409113379,-2.0000000000000027,-0.4075519305258422
3,30.0,100.0,5.0,175,2032290704,4.218030409113368,-2.0000000000000027,0.09244806947415848
3,30.0,100.0,5.0,176,2032290704,2.218030409113382,-2.0000000000000027,-0.4075519305258422
3,30.0,100.0,5.0,177,2032290704,5.018030409113365,-2.9999999999999916,0.09244806947415848
3,30.0,100.0,5.0,178,2032290704,3.018030409113379,-2.4999999999999973,-0.9075519305258429
3,30.0,100.0,5.0,179,2032290704,3.8180304091133763,-2.0000000000000027,-0.4075519305258422
3,30.0,100.0,5.0,180,2032290704,3.3180304091133763,-2.4999999999999973,-0.4075519305258422
3,30.0,100.0,5.0,181,2032290704,3.8180304091133763,-2.4999999999999973,-0.4075519305258422
3,30.0,100.0,5.0,182,2032290704,4.918030409113371,-3.500000000000011,0.09244806947415848
3,30.0,100.0,5.0,183,2032290704,1.9180304091133848,-1.5000000000000084,-0.9075519305258429
3,30.0,100.0,5.0,184,2032290704,2.6180304091133735,-2.4999999999999973,0.09244806947415848
3,30.0,100.0,5.0,185,2032290704,1.1180304091133877,-0.9999999999999887,0.09244806947415848
3,30.0,100.0,5.0,186,2032290704,1.8180304091133763,-2.0000000000000027,0.09244806947415848
3,30.0,100.0,5.0,187,2032290704,4.718030409113368,-2.4999999999999973,0.09244806947415848
3,30.0,100.0,5.0,188,2032290704,4.718030409113368,-2.9999999999999916,0.5924480694741592
3,30.0,100.0,5.0,189,2032290704,2.3180304091133763,-2.0000000000000027,0.5924480694741592
3,30.0,100.0,5.0,190,2032290704,4.1180304091133735,-2.9999999999999916,-0.4075519305258422
3,30.0,100.0,5.0,191,2032290704,1.6180304091133735,-1.5000000000000084,0.09244806947415848
3,30.0,100.0,5.0,192,2032290704,4.918030409113371,-2.4999999999999973,-0.4075519305258422
3,30.0,100.0,5.0,193,2032290704,1.718030409113382,-1.5000000000000084,-0.4075519305258422
3,30.0,100.0,5.0,194,2032290704,4.1180304091133735,-2.9999999999999916,-0.4075519305258422
3,30.0,100.0,5.0,195,2032290704,2.1180304091133735,-2.4999999999999973,-0.4075519305258422
3,30.0,100.0,5.0,196,2032290704,4.6180304091133735,-2.9999999999999916,-0.9075519305258429
3,30.0,100.0,5.0,197,2032290704,3.3180304091133763,-2.4999999999999973,-0.4075519305258422
3,30.0,100.0,5.0,198,2032290704,3.518030409113379,-2.0000000000000027,-0.4075519305258422
3,30.0,100.0,5.0,199,2032290704,2.6180304091133735,-2.4999999999999973,0.09244806947415848
3,30.0,100.0,10.0,0,2032290705,2.9180304091133706,-2.0000000000000027,-0.4075519305258422
3,30.0,100.0,10.0,1,2032290705,2.6180304091133735,-2.0000000000000027,-0.4075519305258422
3,30.0,100.0,10.0,2,2032290705,3.6180304091133735,-2.4999999999999973,-0.4075519305258422
3,30.0,100.0,10.0,3,2032290705,3.218030409113368,-2.4999999999999973,-0.4075519305258422
3,30.0,100.0,10.0,4,2032290705,2.418030409113385,-1.5000000000000084,-0.4075519305258422
3,30.0,100.0,10.0,5,2032290705,3.1180304091133735,-2.4999999999999973,0.09244806947415848
3,30.0,100.0,10.0,6,2032290705,3.8180304091133763,-2.4999999999999973,-0.4075519305258422
3,30.0,100.0,10.0,7,2032290705,3.1180304091133735,-2.4999999999999973,0.09244806947415848
3,30.0,100.0,10.0,8,2032290705,3.1180304091133735,-2.0000000000000027,-0.4075519305258422
3,30.0,100.0,10.0,9,2032290705,2.718030409113382,-2.0000000000000027,-0.4075519305258422
3,30.0,100.0,10.0,10,2032290705,2.6180304091133735,-2.0000000000000027,-0.9075519305258429
3,30.0,100.0,10.0,11,2032290705,2.9180304091133706,-2.0000000000000027,-0.4075519305258422
3,30.0,100.0,10.0,12,2032290705,3.218030409113368,-2.4999999999999973,-0.4075519305258422
3,30.0,100.0,10.0,13,2032290705,2.018030409113379,-2.0000000000000027,0.09244806947415848
3,30.0,100.0,10.0,14,2032290705,3.9180304091133706,-2.4999999999999973,-0.4075519305258422
3,30.0,100.0,10.0,15,2032290705,4.018030409113379,-2.4999999999999973,0.5924480694741592
3,30.0,100.0,10.0,16,2032290705,3.018030409113379,-2.0000000000000027,-0.4075519305258422
3,30.0,100.0,10.0,17,2032290705,3.718030409113368,-2.9999999999999916,-0.4075519305258422
3,30.0,100.0,10.0,18,2032290705,1.8180304091133763,-2.0000000000000027,0.09244806947415848
3,30.0,100.0,10.0,19,2032290705,4.1180304091133735,-2.4999999999999973,-0.4075519305258422
3,30.0,100.0,10.0,20,2032290705,3.3180304091133763,-2.4999999999999973,0.09244806947415848
3,30.0,100.0,10.0,21,2032290705,3.6180304091133735,-2.4999999999999973,0.09244806947415848
3,30.0,100.0,10.0,22,2032290705,4.1180304091133735,-2.4999999999999973,0.09244806947415848
3,30.0,100.0,10.0,23,2032290705,3.218030409113368,-2.4999999999999973,-0.4075519305258422
3,30.0,100.0,10.0,24,2032290705,4.318030409113376,-2.9999999999999916,-0.4075519305258422
3,30.0,100.0,10.0,25,2032290705,3.1180304091133735,-2.4999999999999973,-0.4075519305258422
3,30.0,100.0,10.0,26,2032290705,2.8180304091133763,-2.0000000000000027,-0.4075519305258422
3,30.0,100.0,10.0,27,2032290705,3.6180304091133735,-2.4999999999999973,-0.4075519305258422
3,30.0,100.0,10.0,28,2032290705,3.4180304091133706,-2.4999999999999973,0.09244806947415848
3,30.0,100.0,10.0,29,2032290705,2.9180304091133706,-2.0000000000000027,0.09244806947415848
3,30.0,100.0,10.0,30,2032290705,2.718030409113382,-2.0000000000000027,0.09244806947415848
3,30.0,100.0,10.0,31,2032290705,2.3180304091133763,-2.0000000000000027,-0.4075519305258422
3,30.0,100.0,10.0,32,2032290705,3.3180304091133763,-2.4999999999999973,-0.4075519305258422
3,30.0,100.0,10.0,33,2032290705,3.218030409113368,-2.0000000000000027,-0.4075519305258422
3,30.0,100.0,10.0,34,2032290705,3.8180304091133763,-2.4999999999999973,-0.4075519305258422
3,30.0,100.0,10.0,35,2032290705,2.6180304091133735,-2.4999999999999973,-0.4075519305258422
3,30.0,100.0,10.0,36,2032290705,3.218030409113368,-2.4999999999999973,-0.4075519305258422
3,30.0,100.0,10.0,37,2032290705,2.9180304091133706,-2.0000000000000027,-0.4075519305258422
3,30.0,100.0,10.0,38,2032290705,3.8180304091133763,-2.4999999999999973,-0.4075519305258422
3,30.0,100.0,10.0,39,2032290705,2.718030409113382,-2.0000000000000027,-0.4075519305258422
3,30.0,100.0,10.0,40,2032290705,3.018030409113379,-2.4999999999999973,0.09244806947415848
3,30.0,100.0,10.0,41,2032290705,3.9180304091133706,-2.9999999999999916,-0.9075519305258429
3,30.0,100.0,10.0,42,2032290705,3.8180304091133763,-2.9999999999999916,-0.4075519305258422
3,30.0,100.0,10.0,43,2032290705,3.4180304091133706,-2.4999999999999973,0.09244806947415848
3,30.0,100.0,10.0,44,2032290705,3.3180304091133763,-2.4999999999999973,-0.4075519305258422
3,30.0,100.0,10.0,45,2032290705,2.418030409113385,-2.0000000000000027,-0.4075519305258422
3,30.0,100.0,10.0,46,2032290705,3.1180304091133735,-2.4999999999999973,-0.4075519305258422
3,30.0,100.0,10.0,47,2032290705,2.1180304091133735,-2.0000000000000027,0.09244806947415848
3,30.0,100.0,10.0,48,2032290705,3.6180304091133735,-2.4999999999999973,-0.4075519305258422
3,30.0,100.0,10.0,49,2032290705,2.218030409113382,-2.0000000000000027,-0.4075519305258422
3,30.0,100.0,10.0,50,2032290705,3.8180304091133763,-2.9999999999999916,-0.4075519305258422
3,30.0,100.0,10.0,51,2032290705,3.1180304091133735,-2.0000000000000027,0.09244806947415848
3,30.0,100.0,10.0,52,2032290705,2.3180304091133763,-2.0000000000000027,0.09244806947415848
3,30.0,100.0,10.0,53,2032290705,2.218030409113382,-1.5000000000000084,0.09244806947415848
3,30.0,100.0,10.0,54,2032290705,3.6180304091133735,-2.4999999999999973,0.09244806947415848
3,30.0,100.0,10.0,55,2032290705,3.1180304091133735,-2.0000000000000027,0.09244806947415848
3,30.0,100.0,10.0,56,2032290705,4.218030409113368,-2.9999999999999916,-0.4075519305258422
3,30.0,100.0,10.0,57,2032290705,3.018030409113379,-2.0000000000000027,-0.4075519305258422
3,30.0,100.0,10.0,58,2032290705,3.518030409113379,-2.4999999999999973,-0.4075519305258422
3,30.0,100.0,10.0,59,2032290705,2.418030409113385,-2.0000000000000027,0.09244806947415848
3,30.0,100.0,10.0,60,2032290705,2.9180304091133706,-2.0000000000000027,-0.4075519305258422
3,30.0,100.0,10.0,61,2032290705,2.6180304091133735,-2.0000000000000027,0.09244806947415848
3,30.0,100.0,10.0,62,2032290705,2.3180304091133763,-2.0000000000000027,0.09244806947415848
3,30.0,100.0,10.0,63,2032290705,2.6180304091133735,-2.4999999999999973,-0.4075519305258422
3,30.0,100.0,10.0,64,2032290705,3.3180304091133763,-2.4999999999999973,-0.4075519305258422
3,30.0,100.0,10.0,65,2032290705,2.6180304091133735,-1.5000000000000084,-0.4075519305258422
3,30.0,100.0,10.0,66,2032290705,3.018030409113379,-2.0000000000000027,-0.4075519305258422
3,30.0,100.0,10.0,67,2032290705,2.3180304091133763,-2.0000000000000027,-0.4075519305258422
3,30.0,100.0,10.0,68,2032290705,3.4180304091133706,-2.4999999999999973,-0.4075519305258422
3,30.0,100.0,10.0,69,2032290705,1.718030409113382,-2.0000000000000027,0.09244806947415848
3,30.0,100.0,10.0,70,2032290705,3.518030409113379,-2.4999999999999973,-0.4075519305258422
3,30.0,100.0,10.0,71,2032290705,3.6180304091133735,-2.4999999999999973,-0.4075519305258422
3,30.0,100.0,10.0,72,2032290705,3.4180304091133706,-2.4999999999999973,0.09244806947415848
3,30.0,100.0,10.0,73,2032290705,3.518030409113379,-2.4999999999999973,-0.4075519305258422
3,30.0,100.0,10.0,74,2032290705,3.1180304091133735,-2.4999999999999973,-0.4075519305258422
3,30.0,100.0,10.0,75,2032290705,4.218030409113368,-2.9999999999999916,-0.4075519305258422
3,30.0,100.0,10.0,76,2032290705,4.318030409113376,-2.9999999999999916,-0.4075519305258422
3,30.0,100.0,10.0,77,2032290705,3.6180304091133735,-2.4999999999999973,-0.4075519305258422
3,30.0,100.0,10.0,78,2032290705,3.6180304091133735,-2.4999999999999973,-0.4075519305258422
3,30.0,100.0,10.0,79,2032290705,2.8180304091133763,-2.0000000000000027,-0.4075519305258422
3,30.0,100.0,10.0,80,2032290705,3.718030409113368,-2.4999999999999973,0.09244806947415848
3,30.0,100.0,10.0,81,2032290705,3.018030409113379,-2.0000000000000027,-0.4075519305258422
3,30.0,100.0,10.0,82,2032290705,4.318030409113376,-2.9999999999999916,-0.4075519305258422
3,30.0,100.0,10.0,83,2032290705,2.518030409113379,-2.0000000000000027,-0.4075519305258422
3,30.0,100.0,10.0,84,2032290705,3.4180304091133706,-2.0000000000000027,-0.4075519305258422
3,30.0,100.0,10.0,85,2032290705,3.518030409113379,-2.4999999999999973,-0.4075519305258422
3,30.0,100.0,10.0,86,2032290705,4.518030409113365,-2.9999999999999916,0.09244806947415848
3,30.0,100.0,10.0,87,2032290705,2.9180304091133706,-2.0000000000000027,-0.4075519305258422
3,30.0,100.0,10.0,88,2032290705,4.218030409113368,-2.4999999999999973,-0.4075519305258422
3,30.0,100.0,10.0,89,2032290705,2.1180304091133735,-2.0000000000000027,0.09244806947415848
3,30.0,100.0,10.0,90,2032290705,2.3180304091133763,-2.0000000000000027,0.09244806947415848
3,30.0,100.0,10.0,91,2032290705,4.518030409113365,-2.4999999999999973,-0.4075519305258422
3,30.0,100.0,10.0,92,2032290705,3.9180304091133706,-2.4999999999999973,-0.4075519305258422
3,30.0,100.0,10.0,93,2032290705,2.8180304091133763,-2.0000000000000027,-0.4075519305258422
3,30.0,100.0,10.0,94,2032290705,2.6180304091133735,-2.0000000000000027,-0.4075519305258422
3,30.0,100.0,10.0,95,2032290705,2.718030409113382,-2.0000000000000027,0.09244806947415848
3,30.0,100.0,10.0,96,2032290705,3.218030409113368,-2.4999999999999973,-0.4075519305258422
3,30.0,100.0,10.0,97,2032290705,3.3180304091133763,-2.0000000000000027,-0.4075519305258422
3,30.0,100.0,10.0,98,2032290705,2.9180304091133706,-2.0000000000000027,-0.4075519305258422
3,30.0,100.0,10.0,99,2032290705,3.3180304091133763,-2.4999999999999973,-0.4075519305258422
3,30.0,100.0,10.0,100,2032290705,2.218030409113382,-2.0000000000000027,-0.4075519305258422
3,30.0,100.0,10.0,101,2032290705,3.1180304091133735,-2.0000000000000027,-0.4075519305258422
3,30.0,100.0,10.0,102,2032290705,2.8180304091133763,-2.0000000000000027,0.09244806947415848
3,30.0,100.0,10.0,103,2032290705,3.6180304091133735,-2.4999999999999973,0.09244806947415848
3,30.0,100.0,10.0,104,2032290705,3.1180304091133735,-2.0000000000000027,-0.4075519305258422
3,30.0,100.0,10.0,105,2032290705,2.6180304091133735,-1.5000000000000084,-0.4075519305258422
3,30.0,100.0,10.0,106,2032290705,2.8180304091133763,-2.4999999999999973,-0.4075519305258422
3,30.0,100.0,10.0,107,2032290705,2.6180304091133735,-2.0000000000000027,-0.4075519305258422
3,30.0,100.0,10.0,108,2032290705,2.8180304091133763,-2.0000000000000027,-0.4075519305258422
3,30.0,100.0,10.0,109,2032290705,3.718030409113368,-2.4999999999999973,-0.4075519305258422
3,30.0,100.0,10.0,110,2032290705,4.018030409113379,-2.9999999999999916,-0.9075519305258429
3,30.0,100.0,10.0,111,2032290705,3.218030409113368,-2.4999999999999973,-0.4075519305258422
3,30.0,100.0,10.0,112,2032290705,3.518030409113379,-2.4999999999999973,0.09244806947415848
3,30.0,100.0,10.0,113,2032290705,3.3180304091133763,-2.4999999999999973,-0.4075519305258422
3,30.0,100.0,10.0,114,2032290705,3.1180304091133735,-2.0000000000000027,0.09244806947415848
3,30.0,100.0,10.0,115,2032290705,3.6180304091133735,-2.4999999999999973,-0.4075519305258422
3,30.0,100.0,10.0,116,2032290705,2.718030409113382,-2.0000000000000027,-0.4075519305258422
3,30.0,100.0,10.0,117,2032290705,2.8180304091133763,-2.0000000000000027,-0.4075519305258422
3,30.0,100.0,10.0,118,2032290705,5.018030409113365,-2.9999999999999916,-0.4075519305258422
3,30.0,100.0,10.0,119,2032290705,1.9180304091133848,-2.0000000000000027,-0.4075519305258422
3,30.0,100.0,10.0,120,2032290705,2.518030409113379,-2.0000000000000027,0.09244806947415848
3,30.0,100.0,10.0,121,2032290705,3.218030409113368,-2.0000000000000027,-0.4075519305258422
3,30.0,100.0,10.0,122,2032290705,3.518030409113379,-2.4999999999999973,-0.4075519305258422
3,30.0,100.0,10.0,123,2032290705,2.9180304091133706,-2.4999999999999973,0.09244806947415848
3,30.0,100.0,10.0,124,2032290705,4.1180304091133735,-2.9999999999999916,-0.4075519305258422
3,30.0,100.0,10.0,125,2032290705,3.018030409113379,-2.4999999999999973,0.09244806947415848
3,30.0,100.0,10.0,126,2032290705,3.8180304091133763,-2.4999999999999973,-0.4075519305258422
3,30.0,100.0,10.0,127,2032290705,4.518030409113365,-2.9999999999999916,-0.4075519305258422
3,30.0,100.0,10.0,128,2032290705,3.1180304091133735,-2.4999999999999973,0.09244806947415848
3,30.0,100.0,10.0,129,2032290705,3.518030409113379,-2.4999999999999973,-0.4075519305258422
3,30.0,100.0,10.0,130,2032290705,3.218030409113368,-2.4999999999999973,-0.4075519305258422
3,30.0,100.0,10.0,131,2032290705,3.8180304091133763,-2.4999999999999973,-0.4075519305258422
3,30.0,100.0,10.0,132,2032290705,2.418030409113385,-2.0000000000000027,-0.4075519305258422
3,30.0,100.0,10.0,133,2032290705,2.718030409113382,-2.0000000000000027,-0.4075519305258422
3,30.0,100.0,10.0,134,2032290705,3.218030409113368,-2.4999999999999973,-0.4075519305258422
3,30.0,100.0,10.0,135,2032290705,2.9180304091133706,-2.0000000000000027,-0.4075519305258422
3,30.0,100.0,10.0,136,2032290705,3.018030409113379,-2.0000000000000027,-0.4075519305258422
3,30.0,100.0,10.0,137,2032290705,3.6180304091133735,-2.4999999999999973,0.09244806947415848
3,30.0,100.0,10.0,138,2032290705,3.3180304091133763,-2.9999999999999916,-0.4075519305258422
3,30.0,100.0,10.0,139,2032290705,2.718030409113382,-2.0000000000000027,-0.4075519305258422
3,30.0,100.0,10.0,140,2032290705,4.1180304091133735,-2.9999999999999916,-0.4075519305258422
3,30.0,100.0,10.0,141,2032290705,2.3180304091133763,-2.0000000000000027,0.09244806947415848
3,30.0,100.0,10.0,142,2032290705,3.1180304091133735,-2.4999999999999973,0.09244806947415848
3,30.0,100.0,10.0,143,2032290705,2.718030409113382,-2.0000000000000027,-0.4075519305258422
3,30.0,100.0,10.0,144,2032290705,3.218030409113368,-2.0000000000000027,-0.4075519305258422
3,30.0,100.0,10.0,145,2032290705,3.3180304091133763,-2.0000000000000027,0.09244806947415848
3,30.0,100.0,10.0,146,2032290705,2.518030409113379,-2.0000000000000027,-0.4075519305258422
3,30.0,100.0,10.0,147,2032290705,3.8180304091133763,-2.4999999999999973,-0.9075519305258429
3,30.0,100.0,10.0,148,2032290705,3.018030409113379,-2.4999999999999973,0.09244806947415848
3,30.0,100.0,10.0,149,2032290705,2.8180304091133763,-2.0000000000000027,-0.4075519305258422
3,30.0,100.0,10.0,150,2032290705,2.3180304091133763,-2.0000000000000027,-0.4075519305258422
3,30.0,100.0,10.0,151,2032290705,3.3180304091133763,-2.4999999999999973,-0.4075519305258422
3,30.0,100.0,10.0,152,2032290705,2.718030409113382,-2.4999999999999973,-0.4075519305258422
3,30.0,100.0,10.0,153,2032290705,2.718030409113382,-2.4999999999999973,-0.4075519305258422
3,30.0,100.0,10.0,154,2032290705,3.4180304091133706,-2.4999999999999973,0.09244806947415848
3,30.0,100.0,10.0,155,2032290705,2.218030409113382,-2.0000000000000027,-0.4075519305258422
3,30.0,100.0,10.0,156,2032290705,3.218030409113368,-2.4999999999999973,-0.4075519305258422
3,30.0,100.0,10.0,157,2032290705,2.1180304091133735,-2.0000000000000027,-0.4075519305258422
3,30.0,100.0,10.0,158,2032290705,2.8180304091133763,-2.0000000000000027,-0.4075519305258422
3,30.0,100.0,10.0,159,2032290705,2.8180304091133763,-2.0000000000000027,-0.4075519305258422
3,30.0,100.0,10.0,160,2032290705,2.718030409113382,-2.4999999999999973,-0.4075519305258422
3,30.0,100.0,10.0,161,2032290705,3.1180304091133735,-2.0000000000000027,-0.4075519305258422
3,30.0,100.0,10.0,162,2032290705,3.3180304091133763,-2.4999999999999973,-0.4075519305258422
3,30.0,100.0,10.0,163,2032290705,3.9180304091133706,-2.4999999999999973,0.09244806947415848
3,30.0,100.0,10.0,164,2032290705,2.9180304091133706,-2.4999999999999973,0.09244806947415848
3,30.0,100.0,10.0,165,2032290705,3.8180304091133763,-2.4999999999999973,-0.4075519305258422
3,30.0,100.0,10.0,166,2032290705,3.3180304091133763,-2.4999999999999973,-0.4075519305258422
3,30.0,100.0,10.0,167,2032290705,3.718030409113368,-2.9999999999999916,-0.4075519305258422
3,30.0,100.0,10.0,168,2032290705,3.3180304091133763,-2.4999999999999973,-0.4075519305258422
3,30.0,100.0,10.0,169,2032290705,2.218030409113382,-2.0000000000000027,-0.4075519305258422
3,30.0,100.0,10.0,170,2032290705,2.518030409113379,-2.0000000000000027,0.09244806947415848
3,30.0,100.0,10.0,171,2032290705,3.1180304091133735,-2.4999999999999973,0.09244806947415848
3,30.0,100.0,10.0,172,2032290705,3.218030409113368,-2.4999999999999973,-0.4075519305258422
3,30.0,100.0,10.0,173,2032290705,2.018030409113379,-1.5000000000000084,-0.4075519305258422
3,30.0,100.0,10.0,174,2032290705,3.1180304091133735,-2.4999999999999973,-0.4075519305258422
3,30.0,100.0,10.0,175,2032290705,3.018030409113379,-2.0000000000000027,-0.4075519305258422
3,30.0,100.0,10.0,176,2032290705,3.018030409113379,-2.0000000000000027,-0.4075519305258422
3,30.0,100.0,10.0,177,2032290705,3.6180304091133735,-2.4999999999999973,0.09244806947415848
3,30.0,100.0,10.0,178,2032290705,4.318030409113376,-2.9999999999999916,-0.4075519305258422
3,30.0,100.0,10.0,179,2032290705,3.9180304091133706,-2.9999999999999916,0.09244806947415848
3,30.0,100.0,10.0,180,2032290705,3.8180304091133763,-2.4999999999999973,-0.4075519305258422
3,30.0,100.0,10.0,181,2032290705,2.418030409113385,-2.0000000000000027,-0.4075519305258422
3,30.0,100.0,10.0,182,2032290705,2.1180304091133735,-2.0000000000000027,-0.4075519305258422
3,30.0,100.0,10.0,183,2032290705,3.718030409113368,-2.4999999999999973,0.09244806947415848
3,30.0,100.0,10.0,184,2032290705,3.8180304091133763,-2.4999999999999973,-0.4075519305258422
3,30.0,100.0,10.0,185,2032290705,2.518030409113379,-2.0000000000000027,-0.4075519305258422
3,30.0,100.0,10.0,186,2032290705,2.8180304091133763,-2.4999999999999973,0.09244806947415848
3,30.0,100.0,10.0,187,2032290705,3.4180304091133706,-2.4999999999999973,-0.4075519305258422
3,30.0,100.0,10.0,188,2032290705,3.3180304091133763,-2.4999999999999973,-0.4075519305258422
3,30.0,100.0,10.0,189,2032290705,1.718030409113382,-1.5000000000000084,0.09244806947415848
3,30.0,100.0,10.0,190,2032290705,3.518030409113379,-2.4999999999999973,-0.4075519305258422
3,30.0,100.0,10.0,191,2032290705,3.218030409113368,-2.4999999999999973,0.09244806947415848
3,30.0,100.0,10.0,192,2032290705,2.518030409113379,-2.0000000000000027,-0.4075519305258422
3,30.0,100.0,10.0,193,2032290705,4.318030409113376,-2.9999999999999916,-0.4075519305258422
3,30.0,100.0,10.0,194,2032290705,3.1180304091133735,-2.4999999999999973,-0.4075519305258422
3,30.0,100.0,10.0,195,2032290705,2.9180304091133706,-2.0000000000000027,0.09244806947415848
3,30.0,100.0,10.0,196,2032290705,4.818030409113362,-2.9999999999999916,-0.9075519305258429
3,30.0,100.0,10.0,197,2032290705,3.8180304091133763,-2.4999999999999973,-0.4075519305258422
3,30.0,100.0,10.0,198,2032290705,2.518030409113379,-1.5000000000000084,0.09244806947415848
3,30.0,100.0,10.0,199,2032290705,3.4180304091133706,-2.4999999999999973,-0.4075519305258422
4,120.0,140.0,-15.0,0,2032290800,-10.218237915427068,6.000000000000009,-7.745530036346607
4,120.0,140.0,-15.0,1,2032290800,-170.1182379154265,-35.000000000000014,-62.24553003634661
4,120.0,140.0,-15.0,2,2032290800,35.381762084572784,-17.00000000000001,-72.74553003634661
4,120.0,140.0,-15.0,3,2032290800,-51.218237915426926,0.49999999999999434,-48.74553003634661
4,120.0,140.0,-15.0,4,2032290800,-165.81823791542652,-29.499999999999996,23.2544699636534
4,120.0,140.0,-15.0,5,2032290800,21.181762084572824,45.999999999999986,-46.24553003634661
4,120.0,140.0,-15.0,6,2032290800,-148.51823791542657,24.999999999999996,-115.24553003634661
4,120.0,140.0,-15.0,7,2032290800,-147.31823791542658,90.0,-57.245530036346615
4,120.0,140.0,-15.0,8,2032290800,-136.91823791542663,39.499999999999986,-47.74553003634661
4,120.0,140.0,-15.0,9,2032290800,-0.11823791542710183,-7.499999999999991,7.754469963653396
4,120.0,140.0,-15.0,10,2032290800,36.18176208457277,-59.999999999999986,-52.74553003634661
4,120.0,140.0,-15.0,11,2032290800,-61.51823791542688,2.9999999999999916,-50.24553003634661
4,120.0,140.0,-15.0,12,2032290800,22.78176208457282,-90.0,13.754469963653392
4,120.0,140.0,-15.0,13,2032290800,-89.31823791542679,-0.9999999999999887,-8.245530036346608
4,120.0,140.0,-15.0,14,2032290800,-23.118237915427017,11.000000000000004,-81.24553003634661
4,120.0,140.0,-15.0,15,2032290800,-56.1182379154269,8.500000000000005,-48.24553003634661
4,120.0,140.0,-15.0,16,2032290800,-126.51823791542665,-17.00000000000001,-50.74553003634661
4,120.0,140.0,-15.0,17,2032290800,-81.01823791542682,48.499999999999986,-50.24553003634661
4,120.0,140.0,-15.0,18,2032290800,-1.1182379154271018,-6.999999999999997,-1.2455300363466109
4,120.0,140.0,-15.0,19,2032290800,17.681762084572824,33.00000000000001,-87.74553003634661
4,120.0,140.0,-15.0,20,2032290800,-7.118237915427073,-8.00000000000001,0.7544699636533919
4,120.0,140.0,-15.0,21,2032290800,-140.2182379154266,11.000000000000004,-41.74553003634661
4,120.0,140.0,-15.0,22,2032290800,24.681762084572796,24.500000000000004,-39.74553003634661
4,120.0,140.0,-15.0,23,2032290800,-37.61823791542696,76.50000000000003,-20.74553003634661
4,120.0,140.0,-15.0,24,2032290800,-78.41823791542683,66.49999999999999,-56.245530036346615
4,120.0,140.0,-15.0,25,2032290800,6.181762084572881,-13.999999999999995,-9.74553003634661
4,120.0,140.0,-15.0,26,2032290800,-80.11823791542682,24.500000000000004,-98.24553003634662
4,120.0,140.0,-15.0,27,2032290800,-70.91823791542686,51.5,-51.745530036346615
4,120.0,140.0,-15.0,28,2032290800,-23.71823791542701,29.000000000000004,-50.74553003634661
4,120.0,140.0,-15.0,29,2032290800,-113.81823791542669,-34.49999999999999,-85.24553003634661
4,120.0,140.0,-15.0,30,2032290800,61.88176208457267,18.0,-68.24553003634661
4,120.0,140.0,-15.0,31,2032290800,-139.4182379154266,-78.5,18.254469963653392
4,120.0,140.0,-15.0,32,2032290800,-3.4182379154270848,-12.50000000000001,1.7544699636533934
4,120.0,140.0,-15.0,33,2032290800,-64.11823791542687,40.99999999999999,27.254469963653392
4,120.0,140.0,-15.0,34,2032290800,-150.21823791542658,-47.5,-48.74553003634661
4,120.0,140.0,-15.0,35,2032290800,-115.2182379154267,-15.500000000000004,-41.24553003634661
4,120.0,140.0,-15.0,36,2032290800,-4.618237915427102,-1.5000000000000084,3.254469963653389
4,120.0,140.0,-15.0,37,2032290800,-117.31823791542669,22.999999999999993,-37.24553003634661
4,120.0,140.0,-15.0,38,2032290800,27.0817620845728,62.49999999999998,-66.24553003634661
4,120.0,140.0,-15.0,39,2032290800,5.581762084572887,-12.50000000000001,9.754469963653392
4,120.0,140.0,-15.0,40,2032290800,-105.71823791542673,-23.500000000000014,-37.24553003634661
4,120.0,140.0,-15.0,41,2032290800,30.0817620845728,-33.00000000000001,-64.24553003634661
4,120.0,140.0,-15.0,42,2032290800,-165.5182379154265,-43.0,-61.24553003634661
4,120.0,140.0,-15.0,43,2032290800,-100.51823791542675,-2.4999999999999973,-43.24553003634661
4,120.0,140.0,-15.0,44,2032290800,-112.4182379154267,-17.00000000000001,-47.245530036346615
4,120.0,140.0,-15.0,45,2032290800,9.88176208457287,-40.99999999999999,-14.745530036346608
4,120.0,140.0,-15.0,46,2032290800,-94.71823791542677,21.50000000000001,34.75446996365339
4,120.0,140.0,-15.0,47,2032290800,6.281762084572875,-6.999999999999997,-1.2455300363466109
4,120.0,140.0,-15.0,48,2032290800,-0.21823791542709614,-11.499999999999996,1.7544699636533934
4,120.0,140.0,-15.0,49,2032290800,-18.51823791542705,28.500000000000007,-55.74553003634661
4,120.0,140.0,-15.0,50,2032290800,45.28176208457273,90.0,25.754469963653396
4,120.0,140.0,-15.0,51,2032290800,0.8817620845728982,-6.500000000000003,5.754469963653393
4,120.0,140.0,-15.0,52,2032290800,-2.218237915427096,-9.0,-0.7455300363466102
4,120.0,140.0,-15.0,53,2032290800,-97.71823791542676,-41.500000000000014,-71.74553003634661
4,120.0,140.0,-15.0,54,2032290800,26.681762084572796,4.5,6.254469963653393
4,120.0,140.0,-15.0,55,2032290800,-129.91823791542663,-35.50000000000001,-56.74553003634661
4,120.0,140.0,-15.0,56,2032290800,-46.31823791542692,-15.000000000000009,-60.745530036346615
4,120.0,140.0,-15.0,57,2032290800,-27.418237915427,-54.49999999999999,-27.245530036346608
4,120.0,140.0,-15.0,58,2032290800,37.78176208457276,-13.999999999999995,-40.24553003634661
4,120.0,140.0,-15.0,59,2032290800,11.581762084572858,-16.499999999999993,-5.745530036346611
4,120.0,140.0,-15.0,60,2032290800,-113.01823791542671,-34.0,-47.74553003634661
4,120.0,140.0,-15.0,61,2032290800,-114.1182379154267,90.0,4.754469963653391
4,120.0,140.0,-15.0,62,2032290800,21.681762084572824,17.500000000000007,-4.74553003634661
4,120.0,140.0,-15.0,63,2032290800,-80.11823791542682,35.000000000000014,-28.245530036346608
4,120.0,140.0,-15.0,64,2032290800,66.58176208457266,61.49999999999999,-57.74553003634661
4,120.0,140.0,-15.0,65,2032290800,48.68176208457271,38.99999999999999,-58.74553003634661
4,120.0,140.0,-15.0,66,2032290800,6.681762084572881,-9.99999999999999,-5.745530036346611
4,120.0,140.0,-15.0,67,2032290800,6.081762084572887,-6.500000000000003,-3.745530036346608
4,120.0,140.0,-15.0,68,2032290800,36.881762084572756,12.50000000000001,-42.24553003634661
4,120.0,140.0,-15.0,69,2032290800,-151.31823791542655,-66.0,-91.24553003634661
4,120.0,140.0,-15.0,70,2032290800,-1.9182379154270848,-6.000000000000009,-2.7455300363466066
4,120.0,140.0,-15.0,71,2032290800,-2.9182379154270848,-8.500000000000005,1.2544699636533927
4,120.0,140.0,-15.0,72,2032290800,1.2817620845729039,-0.9999999999999887,-3.745530036346608
4,120.0,140.0,-15.0,73,2032290800,66.58176208457266,-9.499999999999995,-45.74553003634661
4,120.0,140.0,-15.0,74,2032290800,-23.018237915427022,40.99999999999999,6.254469963653393
4,120.0,140.0,-15.0,75,2032290800,17.58176208457283,12.50000000000001,0.7544699636533919
4,120.0,140.0,-15.0,76,2032290800,-153.81823791542655,-90.0,25.25446996365339
4,120.0,140.0,-15.0,77,2032290800,-97.41823791542676,-15.500000000000004,-67.24553003634661
4,120.0,140.0,-15.0,78,2032290800,-70.31823791542685,34.0,-88.24553003634661
4,120.0,140.0,-15.0,79,2032290800,-167.8182379154265,27.99999999999999,-2.7455300363466066
4,120.0,140.0,-15.0,80,2032290800,4.281762084572875,-20.999999999999993,8.75446996365339
4,120.0,140.0,-15.0,81,2032290800,17.981762084572836,29.499999999999996,-56.74553003634661
4,120.0,140.0,-15.0,82,2032290800,-173.4182379154265,-7.499999999999991,-6.245530036346605
4,120.0,140.0,-15.0,83,2032290800,28.381762084572784,54.50000000000002,-109.2455300363466
4,120.0,140.0,-15.0,84,2032290800,-48.81823791542692,8.00000000000001,-42.24553003634661
4,120.0,140.0,-15.0,85,2032290800,-27.618237915427017,11.000000000000004,-18.245530036346608
4,120.0,140.0,-15.0,86,2032290800,53.18176208457271,-31.5,14.754469963653392
4,120.0,140.0,-15.0,87,2032290800,25.5817620845728,65.5,0.7544699636533919
4,120.0,140.0,-15.0,88,2032290800,66.58176208457266,4.999999999999995,-64.74553003634661
4,120.0,140.0,-15.0,89,2032290800,59.18176208457268,42.5,34.75446996365339
4,120.0,140.0,-15.0,90,2032290800,7.781762084572875,43.49999999999999,-4.245530036346609
4,120.0,140.0,-15.0,91,2032290800,-62.01823791542688,68.0,-23.245530036346608
4,120.0,140.0,-15.0,92,2032290800,-31.318237915427005,-15.999999999999996,-54.24553003634661
4,120.0,140.0,-15.0,93,2032290800,-171.1182379154265,-8.500000000000005,-45.24553003634661
4,120.0,140.0,-15.0,94,2032290800,-43.218237915426954,18.99999999999999,-30.745530036346608
4,120.0,140.0,-15.0,95,2032290800,-99.61823791542675,90.0,14.754469963653392
4,120.0,140.0,-15.0,96,2032290800,-173.4182379154265,47.5,34.75446996365339
4,120.0,140.0,-15.0,97,2032290800,-12.318237915427062,-11.499999999999996,5.254469963653392
4,120.0,140.0,-15.0,98,2032290800,-161.01823791542654,41.500000000000014,-31.745530036346608
4,120.0,140.0,-15.0,99,2032290800,0.5817620845728868,-8.500000000000005,-2.2455300363466058
4,120.0,140.0,-15.0,100,2032290800,-7.018237915427079,-5.4999999999999885,5.754469963653393
4,120.0,140.0,-15.0,101,2032290800,-68.71823791542685,0.49999999999999434,-12.245530036346608
4,120.0,140.0,-15.0,102,2032290800,-157.11823791542656,-51.00000000000001,-69.74553003634661
4,120.0,140.0,-15.0,103,2032290800,-132.21823791542664,-6.000000000000009,-75.74553003634661
4,120.0,140.0,-15.0,104,2032290800,-44.91823791542694,-57.000000000000014,-34.74553003634661
4,120.0,140.0,-15.0,105,2032290800,-25.418237915427,46.50000000000001,-35.74553003634661
4,120.0,140.0,-15.0,106,2032290800,66.58176208457266,-40.00000000000001,-52.24553003634661
4,120.0,140.0,-15.0,107,2032290800,54.48176208457269,-90.0,-7.245530036346607
4,120.0,140.0,-15.0,108,2032290800,-43.51823791542694,90.0,-89.74553003634661
4,120.0,140.0,-15.0,109,2032290800,-1.5182379154271075,-1.5000000000000084,0.7544699636533919
4,120.0,140.0,-15.0,110,2032290800,0.28176208457290386,-9.0,-1.2455300363466109
4,120.0,140.0,-15.0,111,2032290800,-170.8182379154265,0.0,-35.24553003634661
4,120.0,140.0,-15.0,112,2032290800,0.6817620845728811,-2.4999999999999973,2.7544699636533947
4,120.0,140.0,-15.0,113,2032290800,-1.9182379154270848,-4.5,-5.745530036346611
4,120.0,140.0,-15.0,114,2032290800,0.3817620845728982,-5.4999999999999885,5.754469963653393
4,120.0,140.0,-15.0,115,2032290800,-120.71823791542667,-68.5,-6.745530036346606
4,120.0,140.0,-15.0,116,2032290800,-29.518237915426994,15.999999999999996,-57.74553003634661
4,120.0,140.0,-15.0,117,2032290800,18.28176208457282,26.00000000000001,-5.24553003634661
4,120.0,140.0,-15.0,118,2032290800,-25.118237915427017,-13.999999999999995,-67.24553003634661
4,120.0,140.0,-15.0,119,2032290800,-14.118237915427045,45.49999999999999,-13.74553003634661
4,120.0,140.0,-15.0,120,2032290800,0.5817620845728868,-4.000000000000005,-1.2455300363466109
4,120.0,140.0,-15.0,121,2032290800,48.98176208457272,4.000000000000005,-78.24553003634662
4,120.0,140.0,-15.0,122,2032290800,26.181762084572796,2.9999999999999916,-7.245530036346607
4,120.0,140.0,-15.0,123,2032290800,-102.51823791542674,-39.499999999999986,0.7544699636533919
4,120.0,140.0,-15.0,124,2032290800,-173.4182379154265,15.500000000000004,-19.745530036346608
4,120.0,140.0,-15.0,125,2032290800,-14.71823791542704,-12.50000000000001,19.75446996365339
4,120.0,140.0,-15.0,126,2032290800,5.181762084572881,-14.500000000000014,6.754469963653394
4,120.0,140.0,-15.0,127,2032290800,-0.21823791542709614,-4.999999999999995,-3.2455300363466075
4,120.0,140.0,-15.0,128,2032290800,5.581762084572887,-4.5,4.754469963653391
4,120.0,140.0,-15.0,129,2032290800,10.38176208457287,-15.500000000000004,-0.2455300363466095
4,120.0,140.0,-15.0,130,2032290800,34.78176208457276,-15.500000000000004,-48.24553003634661
4,120.0,140.0,-15.0,131,2032290800,-5.218237915427096,-1.5000000000000084,-0.7455300363466102
4,120.0,140.0,-15.0,132,2032290800,-49.718237915426926,9.99999999999999,-61.745530036346615
4,120.0,140.0,-15.0,133,2032290800,-170.9182379154265,29.000000000000004,-34.24553003634661
4,120.0,140.0,-15.0,134,2032290800,-120.51823791542668,90.0,-80.24553003634661
4,120.0,140.0,-15.0,135,2032290800,29.78176208457279,90.0,17.754469963653396
4,120.0,140.0,-15.0,136,2032290800,-155.51823791542654,-15.500000000000004,-63.7455300363466
4,120.0,140.0,-15.0,137,2032290800,-153.71823791542656,19.500000000000007,-53.74553003634661
4,120.0,140.0,-15.0,138,2032290800,-45.718237915426954,58.99999999999999,-56.245530036346615
4,120.0,140.0,-15.0,139,2032290800,-56.2182379154269,18.99999999999999,-11.245530036346606
4,120.0,140.0,-15.0,140,2032290800,-8.618237915427073,2.0000000000000027,10.754469963653394
4,120.0,140.0,-15.0,141,2032290800,12.181762084572853,42.5,-3.2455300363466075
4,120.0,140.0,-15.0,142,2032290800,-55.01823791542691,-24.999999999999996,-3.2455300363466075
4,120.0,140.0,-15.0,143,2032290800,-16.618237915427045,26.500000000000007,-0.7455300363466102
4,120.0,140.0,-15.0,144,2032290800,-14.51823791542705,11.999999999999991,1.2544699636533927
4,120.0,140.0,-15.0,145,2032290800,-93.01823791542677,47.5,-93.74553003634661
4,120.0,140.0,-15.0,146,2032290800,-97.61823791542676,49.99999999999999,1.7544699636533934
4,120.0,140.0,-15.0,147,2032290800,-167.0182379154265,9.99999999999999,-37.74553003634661
4,120.0,140.0,-15.0,148,2032290800,-69.01823791542685,39.499999999999986,-37.24553003634661
4,120.0,140.0,-15.0,149,2032290800,6.681762084572881,-16.499999999999993,-2.7455300363466066
4,120.0,140.0,-15.0,150,2032290800,56.08176208457269,29.999999999999993,-26.745530036346608
4,120.0,140.0,-15.0,151,2032290800,-68.11823791542686,-32.500000000000014,-88.24553003634661
4,120.0,140.0,-15.0,152,2032290800,-50.31823791542692,41.500000000000014,-35.74553003634661
4,120.0,140.0,-15.0,153,2032290800,-110.31823791542672,-79.5,-53.24553003634661
4,120.0,140.0,-15.0,154,2032290800,-3.9182379154270848,-1.5000000000000084,-6.745530036346606
4,120.0,140.0,-15.0,155,2032290800,-32.81823791542698,-2.0000000000000027,-77.74553003634661
4,120.0,140.0,-15.0,156,2032290800,34.98176208457278,7.499999999999991,-56.245530036346615
4,120.0,140.0,-15.0,157,2032290800,-163.31823791542652,6.000000000000009,-25.24553003634661
4,120.0,140.0,-15.0,158,2032290800,-33.018237915426994,-77.0,-12.745530036346608
4,120.0,140.0,-15.0,159,2032290800,-144.91823791542657,-17.500000000000007,-41.24553003634661
4,120.0,140.0,-15.0,160,2032290800,-142.6182379154266,-13.000000000000005,7.754469963653396
4,120.0,140.0,-15.0,161,2032290800,11.981762084572864,48.000000000000014,-16.245530036346608
4,120.0,140.0,-15.0,162,2032290800,-166.5182379154265,56.5,-110.24553003634661
4,120.0,140.0,-15.0,163,2032290800,-68.31823791542686,-35.000000000000014,-59.2455300363466
4,120.0,140.0,-15.0,164,2032290800,14.481762084572836,22.5,0.2544699636533912
4,120.0,140.0,-15.0,165,2032290800,43.18176208457274,40.99999999999999,-41.74553003634661
4,120.0,140.0,-15.0,166,2032290800,-9.818237915427062,-47.5,-59.2455300363466
4,120.0,140.0,-15.0,167,2032290800,-9.818237915427062,-6.500000000000003,33.75446996365339
4,120.0,140.0,-15.0,168,2032290800,-3.9182379154270848,-2.4999999999999973,0.7544699636533919
4,120.0,140.0,-15.0,169,2032290800,-142.5182379154266,27.499999999999993,0.7544699636533919
4,120.0,140.0,-15.0,170,2032290800,16.181762084572853,-15.999999999999996,8.75446996365339
4,120.0,140.0,-15.0,171,2032290800,-127.21823791542666,40.99999999999999,-78.74553003634661
4,120.0,140.0,-15.0,172,2032290800,66.58176208457266,-90.0,-26.745530036346608
4,120.0,140.0,-15.0,173,2032290800,48.68176208457271,29.000000000000004,-59.74553003634661
4,120.0,140.0,-15.0,174,2032290800,-101.91823791542674,38.5,-50.74553003634661
4,120.0,140.0,-15.0,175,2032290800,-161.41823791542652,80.00000000000001,-77.74553003634661
4,120.0,140.0,-15.0,176,2032290800,-29.018237915426994,-44.50000000000001,-27.245530036346608
4,120.0,140.0,-15.0,177,2032290800,35.98176208457278,31.5,-23.245530036346608
4,120.0,140.0,-15.0,178,2032290800,-127.51823791542665,63.999999999999986,-61.745530036346615
4,120.0,140.0,-15.0,179,2032290800,-6.218237915427068,-4.999999999999995,5.254469963653392
4,120.0,140.0,-15.0,180,2032290800,-1.6182379154271018,-6.500000000000003,-1.2455300363466109
4,120.0,140.0,-15.0,181,2032290800,-29.618237915426988,90.0,-17.245530036346608
4,120.0,140.0,-15.0,182,2032290800,-82.3182379154268,90.0,-16.245530036346608
4,120.0,140.0,-15.0,183,2032290800,-84.4182379154268,-4.000000000000005,-15.245530036346608
4,120.0,140.0,-15.0,184,2032290800,3.2817620845728754,-4.5,-1.2455300363466109
4,120.0,140.0,-15.0,185,2032290800,26.481762084572807,0.9999999999999887,-24.745530036346608
4,120.0,140.0,-15.0,186,2032290800,-59.61823791542689,-90.0,-74.74553003634661
4,120.0,140.0,-15.0,187,2032290800,-125.71823791542666,-57.499999999999986,-43.24553003634661
4,120.0,140.0,-15.0,188,2032290800,49.581762084572716,-6.500000000000003,-82.24553003634661
4,120.0,140.0,-15.0,189,2032290800,53.18176208457271,18.99999999999999,-60.745530036346615
4,120.0,140.0,-15.0,190,2032290800,4.581762084572887,-15.000000000000009,2.254469963653394
4,120.0,140.0,-15.0,191,2032290800,-37.018237915426965,-16.499999999999993,-1.7455300363466053
4,120.0,140.0,-15.0,192,2032290800,3.9817620845728925,-6.000000000000009,-3.745530036346608
4,120.0,140.0,-15.0,193,2032290800,-88.21823791542678,-35.50000000000001,-34.24553003634661
4,120.0,140.0,-15.0,194,2032290800,-3.718237915427096,-2.9999999999999916,0.2544699636533912
4,120.0,140.0,-15.0,195,2032290800,-1.7182379154270961,-7.499999999999991,-0.7455300363466102
4,120.0,140.0,-15.0,196,2032290800,-165.71823791542653,65.5,-51.24553003634661
4,120.0,140.0,-15.0,197,2032290800,-107.31823791542672,-4.999999999999995,-24.745530036346608
4,120.0,140.0,-15.0,198,2032290800,-105.11823791542673,-53.50000000000001,-2.2455300363466058
4,120.0,140.0,-15.0,199,2032290800,-124.21823791542667,52.49999999999999,-94.74553003634661
4,120.0,140.0,-10.0,0,2032290801,-1.0182379154271075,-6.000000000000009,0.2544699636533912
4,120.0,140.0,-10.0,1,2032290801,-7.218237915427068,3.500000000000011,0.7544699636533919
4,120.0,140.0,-10.0,2,2032290801,-137.7182379154266,-34.49999999999999,-38.24553003634661
4,120.0,140.0,-10.0,3,2032290801,17.88176208457284,26.500000000000007,-1.2455300363466109
4,120.0,140.0,-10.0,4,2032290801,46.28176208457273,90.0,-64.24553003634661
4,120.0,140.0,-10.0,5,2032290801,-100.21823791542676,-47.0,15.754469963653394
4,120.0,140.0,-10.0,6,2032290801,1.9817620845728925,-9.0,-1.2455300363466109
4,120.0,140.0,-10.0,7,2032290801,6.281762084572875,-2.9999999999999916,2.7544699636533947
4,120.0,140.0,-10.0,8,2032290801,-65.31823791542688,44.50000000000001,-43.24553003634661
4,120.0,140.0,-10.0,9,2032290801,35.48176208457278,6.500000000000003,-65.24553003634661
4,120.0,140.0,-10.0,10,2032290801,-159.51823791542654,-18.0,4.754469963653391
4,120.0,140.0,-10.0,11,2032290801,-26.118237915427017,-48.499999999999986,-15.245530036346608
4,120.0,140.0,-10.0,12,2032290801,-119.71823791542667,-20.499999999999996,-73.24553003634661
4,120.0,140.0,-10.0,13,2032290801,-61.81823791542689,20.499999999999996,-24.245530036346608
4,120.0,140.0,-10.0,14,2032290801,45.78176208457273,0.9999999999999887,-0.7455300363466102
4,120.0,140.0,-10.0,15,2032290801,-83.1182379154268,68.50000000000001,-22.245530036346608
4,120.0,140.0,-10.0,16,2032290801,-3.718237915427096,-4.000000000000005,-0.7455300363466102
4,120.0,140.0,-10.0,17,2032290801,3.181762084572881,-8.00000000000001,-0.2455300363466095
4,120.0,140.0,-10.0,18,2032290801,3.2817620845728754,-4.999999999999995,1.7544699636533934
4,120.0,140.0,-10.0,19,2032290801,-3.618237915427102,-3.500000000000011,2.7544699636533947
4,120.0,140.0,-10.0,20,2032290801,7.981762084572864,-13.000000000000005,4.25446996365339
4,120.0,140.0,-10.0,21,2032290801,-1.5182379154271075,-6.500000000000003,-0.2455300363466095
4,120.0,140.0,-10.0,22,2032290801,1.5817620845728868,-6.999999999999997,1.7544699636533934
4,120.0,140.0,-10.0,23,2032290801,-12.218237915427068,7.499999999999991,-2.2455300363466058
4,120.0,140.0,-10.0,24,2032290801,1.2817620845729039,-4.5,3.254469963653389
4,120.0,140.0,-10.0,25,2032290801,0.5817620845728868,-2.4999999999999973,0.2544699636533912
4,120.0,140.0,-10.0,26,2032290801,0.18176208457290954,-6.000000000000009,2.7544699636533947
4,120.0,140.0,-10.0,27,2032290801,2.2817620845728754,-9.499999999999995,2.254469963653394
4,120.0,140.0,-10.0,28,2032290801,15.58176208457283,42.00000000000001,0.2544699636533912
4,120.0,140.0,-10.0,29,2032290801,43.081762084572745,24.999999999999996,-80.74553003634661
4,120.0,140.0,-10.0,30,2032290801,-62.01823791542688,-77.0,-81.74553003634661
4,120.0,140.0,-10.0,31,2032290801,-21.318237915427034,-8.00000000000001,7.254469963653395
4,120.0,140.0,-10.0,32,2032290801,-105.81823791542672,-56.0,-93.2455300363466
4,120.0,140.0,-10.0,33,2032290801,-90.21823791542678,-0.9999999999999887,-12.745530036346608
4,120.0,140.0,-10.0,34,2032290801,-124.31823791542666,0.0,-6.245530036346605
4,120.0,140.0,-10.0,35,2032290801,-0.01823791542710751,-2.9999999999999916,4.754469963653391
4,120.0,140.0,-10.0,36,2032290801,-2.3182379154270905,-2.9999999999999916,-0.7455300363466102
4,120.0,140.0,-10.0,37,2032290801,-28.618237915426988,11.999999999999991,-54.24553003634661
4,120.0,140.0,-10.0,38,2032290801,64.68176208457265,90.0,-14.245530036346606
4,120.0,140.0,-10.0,39,2032290801,-112.2182379154267,73.99999999999997,7.754469963653396
4,120.0,140.0,-10.0,40,2032290801,-132.21823791542664,38.0,-45.74553003634661
4,120.0,140.0,-10.0,41,2032290801,4.181762084572881,-8.00000000000001,-0.7455300363466102
4,120.0,140.0,-10.0,42,2032290801,6.081762084572887,-10.500000000000009,5.754469963653393
4,120.0,140.0,-10.0,43,2032290801,17.281762084572847,27.99999999999999,2.254469963653394
4,120.0,140.0,-10.0,44,2032290801,14.081762084572858,-20.999999999999993,-0.7455300363466102
4,120.0,140.0,-10.0,45,2032290801,10.981762084572864,45.0,1.7544699636533934
4,120.0,140.0,-10.0,46,2032290801,-141.4182379154266,-43.49999999999999,-51.745530036346615
4,120.0,140.0,-10.0,47,2032290801,5.38176208457287,-12.50000000000001,-0.7455300363466102
4,120.0,140.0,-10.0,48,2032290801,15.481762084572836,33.5,4.754469963653391
4,120.0,140.0,-10.0,49,2032290801,-0.5182379154271075,-6.000000000000009,-0.2455300363466095
4,120.0,140.0,-10.0,50,2032290801,4.38176208457287,-4.999999999999995,0.2544699636533912
4,120.0,140.0,-10.0,51,2032290801,49.48176208457272,90.0,-77.24553003634661
4,120.0,140.0,-10.0,52,2032290801,4.081762084572887,-8.00000000000001,-6.245530036346605
4,120.0,140.0,-10.0,53,2032290801,-70.61823791542685,-15.500000000000004,-46.24553003634661
4,120.0,140.0,-10.0,54,2032290801,-117.01823791542668,45.999999999999986,-1.2455300363466109
4,120.0,140.0,-10.0,55,2032290801,-135.21823791542664,-90.0,-63.24553003634661
4,120.0,140.0,-10.0,56,2032290801,-7.218237915427068,-0.9999999999999887,2.7544699636533947
4,120.0,140.0,-10.0,57,2032290801,-123.01823791542667,-20.000000000000004,-77.24553003634661
4,120.0,140.0,-10.0,58,2032290801,-10.018237915427079,-0.49999999999999434,-0.7455300363466102
4,120.0,140.0,-10.0,59,2032290801,-6.518237915427079,-6.000000000000009,5.754469963653393
4,120.0,140.0,-10.0,60,2032290801,-6.018237915427079,0.49999999999999434,3.254469963653389
4,120.0,140.0,-10.0,61,2032290801,-5.218237915427096,-2.0000000000000027,0.2544699636533912
4,120.0,140.0,-10.0,62,2032290801,-122.11823791542668,6.999999999999997,-31.245530036346608
4,120.0,140.0,-10.0,63,2032290801,2.081762084572887,-5.4999999999999885,0.2544699636533912
4,120.0,140.0,-10.0,64,2032290801,-0.9182379154271132,-5.4999999999999885,-2.7455300363466066
4,120.0,140.0,-10.0,65,2032290801,1.9817620845728925,-8.00000000000001,0.2544699636533912
4,120.0,140.0,-10.0,66,2032290801,66.58176208457266,4.000000000000005,-12.745530036346608
4,120.0,140.0,-10.0,67,2032290801,-154.61823791542656,-29.499999999999996,34.75446996365339
4,120.0,140.0,-10.0,68,2032290801,-0.01823791542710751,-6.000000000000009,0.2544699636533912
4,120.0,140.0,-10.0,69,2032290801,2.9817620845728925,-6.500000000000003,0.7544699636533919
4,120.0,140.0,-10.0,70,2032290801,66.58176208457266,-9.0,6.254469963653393
4,120.0,140.0,-10.0,71,2032290801,-57.9182379154269,-47.0,-50.74553003634661
4,120.0,140.0,-10.0,72,2032290801,3.9817620845728925,-9.0,-0.7455300363466102
4,120.0,140.0,-10.0,73,2032290801,47.78176208457273,-7.499999999999991,0.7544699636533919
4,120.0,140.0,-10.0,74,2032290801,58.98176208457269,90.0,-71.74553003634661
4,120.0,140.0,-10.0,75,2032290801,12.581762084572858,-15.999999999999996,-1.7455300363466053
4,120.0,140.0,-10.0,76,2032290801,8.281762084572875,-13.000000000000005,-1.7455300363466053
4,120.0,140.0,-10.0,77,2032290801,4.781762084572875,-9.0,1.7544699636533934
4,120.0,140.0,-10.0,78,2032290801,1.7817620845728754,-6.500000000000003,-0.7455300363466102
4,120.0,140.0,-10.0,79,2032290801,-132.61823791542662,-38.0,-23.245530036346608
4,120.0,140.0,-10.0,80,2032290801,-159.21823791542653,-27.499999999999993,-75.2455300363466
4,120.0,140.0,-10.0,81,2032290801,-102.21823791542674,19.500000000000007,-46.24553003634661
4,120.0,140.0,-10.0,82,2032290801,6.081762084572887,-15.000000000000009,4.25446996365339
4,120.0,140.0,-10.0,83,2032290801,2.681762084572881,-8.500000000000005,3.254469963653389
4,120.0,140.0,-10.0,84,2032290801,8.38176208457287,-13.5,-5.745530036346611
4,120.0,140.0,-10.0,85,2032290801,-1.3182379154270905,-7.499999999999991,-4.245530036346609
4,120.0,140.0,-10.0,86,2032290801,-0.21823791542709614,-4.5,1.2544699636533927
4,120.0,140.0,-10.0,87,2032290801,0.0817620845728868,-6.999999999999997,0.7544699636533919
4,120.0,140.0,-10.0,88,2032290801,26.0817620845728,13.5,2.7544699636533947
4,120.0,140.0,-10.0,89,2032290801,7.081762084572858,-9.499999999999995,4.25446996365339
4,120.0,140.0,-10.0,90,2032290801,7.681762084572881,-9.499999999999995,-0.2455300363466095
4,120.0,140.0,-10.0,91,2032290801,6.081762084572887,-7.499999999999991,-0.7455300363466102
4,120.0,140.0,-10.0,92,2032290801,11.681762084572853,-13.000000000000005,2.7544699636533947
4,120.0,140.0,-10.0,93,2032290801,3.081762084572887,-6.500000000000003,1.2544699636533927
4,120.0,140.0,-10.0,94,2032290801,2.381762084572898,-7.499999999999991,3.254469963653389
4,120.0,140.0,-10.0,95,2032290801,-6.218237915427068,-4.999999999999995,-0.2455300363466095
4,120.0,140.0,-10.0,96,2032290801,2.9817620845728925,-9.499999999999995,1.2544699636533927
4,120.0,140.0,-10.0,97,2032290801,4.681762084572881,-9.0,-0.7455300363466102
4,120.0,140.0,-10.0,98,2032290801,-150.11823791542656,-90.0,19.75446996365339
4,120.0,140.0,-10.0,99,2032290801,1.8817620845728982,-5.4999999999999885,3.254469963653389
4,120.0,140.0,-10.0,100,2032290801,-170.6182379154265,9.499999999999995,-92.24553003634661
4,120.0,140.0,-10.0,101,2032290801,-117.41823791542669,-5.4999999999999885,-43.74553003634661
4,120.0,140.0,-10.0,102,2032290801,-104.31823791542674,17.500000000000007,-53.74553003634661
4,120.0,140.0,-10.0,103,2032290801,-3.518237915427079,-3.500000000000011,0.2544699636533912
4,120.0,140.0,-10.0,104,2032290801,42.48176208457275,38.5,-110.74553003634661
4,120.0,140.0,-10.0,105,2032290801,-109.91823791542672,36.999999999999986,-4.74553003634661
4,120.0,140.0,-10.0,106,2032290801,-85.1182379154268,-57.499999999999986,-48.24553003634661
4,120.0,140.0,-10.0,107,2032290801,0.7817620845729039,-4.5,1.2544699636533927
4,120.0,140.0,-10.0,108,2032290801,0.28176208457290386,-2.9999999999999916,-1.7455300363466053
4,120.0,140.0,-10.0,109,2032290801,-0.4182379154271132,-9.499999999999995,2.254469963653394
4,120.0,140.0,-10.0,110,2032290801,-2.9182379154270848,-2.0000000000000027,0.2544699636533912
4,120.0,140.0,-10.0,111,2032290801,-85.4182379154268,86.50000000000001,-2.2455300363466058
4,120.0,140.0,-10.0,112,2032290801,3.681762084572881,-6.000000000000009,-2.2455300363466058
4,120.0,140.0,-10.0,113,2032290801,-32.918237915427,0.49999999999999434,-23.245530036346608
4,120.0,140.0,-10.0,114,2032290801,-139.9182379154266,90.0,-52.24553003634661
4,120.0,140.0,-10.0,115,2032290801,5.081762084572887,-11.999999999999991,1.7544699636533934
4,120.0,140.0,-10.0,116,2032290801,0.9817620845728925,-4.000000000000005,3.75446996365339
4,120.0,140.0,-10.0,117,2032290801,-3.4182379154270848,-7.499999999999991,-1.2455300363466109
4,120.0,140.0,-10.0,118,2032290801,-1.8182379154270905,-4.5,0.2544699636533912
4,120.0,140.0,-10.0,119,2032290801,3.081762084572887,-6.000000000000009,5.254469963653392
4,120.0,140.0,-10.0,120,2032290801,27.881762084572784,-0.9999999999999887,9.254469963653392
4,120.0,140.0,-10.0,121,2032290801,-37.11823791542696,-4.5,16.754469963653396
4,120.0,140.0,-10.0,122,2032290801,-117.61823791542669,2.9999999999999916,-11.245530036346606
4,120.0,140.0,-10.0,123,2032290801,-5.618237915427073,-6.999999999999997,-1.7455300363466053
4,120.0,140.0,-10.0,124,2032290801,6.981762084572864,-11.999999999999991,2.254469963653394
4,120.0,140.0,-10.0,125,2032290801,16.08176208457283,-20.000000000000004,-6.245530036346605
4,120.0,140.0,-10.0,126,2032290801,9.781762084572875,-13.000000000000005,-2.7455300363466066
4,120.0,140.0,-10.0,127,2032290801,7.38176208457287,-13.000000000000005,4.754469963653391
4,120.0,140.0,-10.0,128,2032290801,4.981762084572864,-7.499999999999991,-4.245530036346609
4,120.0,140.0,-10.0,129,2032290801,-4.718237915427096,-0.49999999999999434,0.7544699636533919
4,120.0,140.0,-10.0,130,2032290801,-1.6182379154271018,-5.4999999999999885,3.75446996365339
4,120.0,140.0,-10.0,131,2032290801,1.4817620845728925,-9.499999999999995,-1.7455300363466053
4,120.0,140.0,-10.0,132,2032290801,2.181762084572881,-8.500000000000005,2.7544699636533947
4,120.0,140.0,-10.0,133,2032290801,-17.318237915427034,42.5,-59.74553003634661
4,120.0,140.0,-10.0,134,2032290801,-31.618237915426988,15.999999999999996,-7.745530036346607
4,120.0,140.0,-10.0,135,2032290801,-62.618237915426874,36.49999999999999,-1.2455300363466109
4,120.0,140.0,-10.0,136,2032290801,-2.3182379154270905,-3.500000000000011,-2.2455300363466058
4,120.0,140.0,-10.0,137,2032290801,7.681762084572881,-13.000000000000005,-3.745530036346608
4,120.0,140.0,-10.0,138,2032290801,-1.5182379154271075,-5.4999999999999885,-3.2455300363466075
4,120.0,140.0,-10.0,139,2032290801,1.1817620845728811,-12.50000000000001,-0.7455300363466102
4,120.0,140.0,-10.0,140,2032290801,-103.41823791542674,-43.49999999999999,-33.24553003634661
4,120.0,140.0,-10.0,141,2032290801,-26.618237915427017,9.499999999999995,-2.7455300363466066
4,120.0,140.0,-10.0,142,2032290801,-9.618237915427073,-4.000000000000005,-4.245530036346609
4,120.0,140.0,-10.0,143,2032290801,8.181762084572853,47.0,-1.2455300363466109
4,120.0,140.0,-10.0,144,2032290801,-10.818237915427062,4.999999999999995,-0.2455300363466095
4,120.0,140.0,-10.0,145,2032290801,-44.91823791542694,-58.99999999999999,-62.745530036346615
4,120.0,140.0,-10.0,146,2032290801,-2.9182379154270848,-4.000000000000005,0.7544699636533919
4,120.0,140.0,-10.0,147,2032290801,13.081762084572858,-15.999999999999996,0.7544699636533919
4,120.0,140.0,-10.0,148,2032290801,-23.21823791542701,-11.000000000000004,-8.245530036346608
4,120.0,140.0,-10.0,149,2032290801,-61.01823791542688,48.000000000000014,-47.74553003634661
4,120.0,140.0,-10.0,150,2032290801,-7.018237915427079,0.0,-0.7455300363466102
4,120.0,140.0,-10.0,151,2032290801,-2.4182379154270848,0.0,-0.7455300363466102
4,120.0,140.0,-10.0,152,2032290801,7.88176208457287,-13.999999999999995,1.2544699636533927
4,120.0,140.0,-10.0,153,2032290801,-3.4182379154270848,-4.999999999999995,0.7544699636533919
4,120.0,140.0,-10.0,154,2032290801,7.981762084572864,-11.999999999999991,1.2544699636533927
4,120.0,140.0,-10.0,155,2032290801,4.181762084572881,-11.999999999999991,2.7544699636533947
4,120.0,140.0,-10.0,156,2032290801,5.281762084572875,-8.500000000000005,1.7544699636533934
4,120.0,140.0,-10.0,157,2032290801,-131.01823791542665,-37.50000000000001,-40.24553003634661
4,120.0,140.0,-10.0,158,2032290801,-54.01823791542691,6.999999999999997,-34.74553003634661
4,120.0,140.0,-10.0,159,2032290801,-29.118237915426988,36.49999999999999,18.7544699636534
4,120.0,140.0,-10.0,160,2032290801,2.581762084572887,-9.499999999999995,3.254469963653389
4,120.0,140.0,-10.0,161,2032290801,-83.1182379154268,-80.0,-15.245530036346608
4,120.0,140.0,-10.0,162,2032290801,0.4817620845728925,-11.000000000000004,2.7544699636533947
4,120.0,140.0,-10.0,163,2032290801,4.4817620845728925,-8.500000000000005,2.254469963653394
4,120.0,140.0,-10.0,164,2032290801,-97.61823791542676,31.5,3.75446996365339
4,120.0,140.0,-10.0,165,2032290801,7.081762084572858,-10.500000000000009,-1.7455300363466053
4,120.0,140.0,-10.0,166,2032290801,-142.3182379154266,-6.000000000000009,-1.2455300363466109
4,120.0,140.0,-10.0,167,2032290801,24.0817620845728,-52.0,-56.74553003634661
4,120.0,140.0,-10.0,168,2032290801,3.381762084572898,-6.999999999999997,-2.2455300363466058
4,120.0,140.0,-10.0,169,2032290801,-1.1182379154271018,-6.000000000000009,1.2544699636533927
4,120.0,140.0,-10.0,170,2032290801,-4.418237915427085,-6.000000000000009,2.7544699636533947
4,120.0,140.0,-10.0,171,2032290801,5.081762084572887,-8.00000000000001,0.7544699636533919
4,120.0,140.0,-10.0,172,2032290801,-59.418237915426886,9.99999999999999,-84.74553003634661
4,120.0,140.0,-10.0,173,2032290801,-42.218237915426954,-61.0,-41.24553003634661
4,120.0,140.0,-10.0,174,2032290801,-44.81823791542695,-21.50000000000001,-32.24553003634661
4,120.0,140.0,-10.0,175,2032290801,0.4817620845728925,-4.999999999999995,2.254469963653394
4,120.0,140.0,-10.0,176,2032290801,-110.01823791542671,52.00000000000002,-17.745530036346608
4,120.0,140.0,-10.0,177,2032290801,-117.21823791542668,-90.0,-62.745530036346615
4,120.0,140.0,-10.0,178,2032290801,16.481762084572836,29.000000000000004,-9.74553003634661
4,120.0,140.0,-10.0,179,2032290801,-67.91823791542686,-90.0,-64.74553003634661
4,120.0,140.0,-10.0,180,2032290801,-152.91823791542657,-17.00000000000001,1.7544699636533934
4,120.0,140.0,-10.0,181,2032290801,1.5817620845728868,-7.499999999999991,0.2544699636533912
4,120.0,140.0,-10.0,182,2032290801,-2.718237915427096,-5.4999999999999885,-1.2455300363466109
4,120.0,140.0,-10.0,183,2032290801,6.781762084572875,-9.499999999999995,1.2544699636533927
4,120.0,140.0,-10.0,184,2032290801,0.7817620845729039,-11.499999999999996,4.25446996365339
4,120.0,140.0,-10.0,185,2032290801,-43.218237915426954,-90.0,-99.24553003634661
4,120.0,140.0,-10.0,186,2032290801,-4.918237915427085,-4.000000000000005,1.7544699636533934
4,120.0,140.0,-10.0,187,2032290801,2.7817620845728754,-11.000000000000004,2.254469963653394
4,120.0,140.0,-10.0,188,2032290801,-46.01823791542694,26.00000000000001,-54.74553003634661
4,120.0,140.0,-10.0,189,2032290801,-127.61823791542665,41.500000000000014,-20.245530036346608
4,120.0,140.0,-10.0,190,2032290801,41.68176208457274,-27.99999999999999,-72.74553003634661
4,120.0,140.0,-10.0,191,2032290801,0.5817620845728868,-9.0,2.254469963653394
4,120.0,140.0,-10.0,192,2032290801,22.28176208457282,1.5000000000000084,-3.745530036346608
4,120.0,140.0,-10.0,193,2032290801,-4.518237915427079,-2.0000000000000027,-2.7455300363466066
4,120.0,140.0,-10.0,194,2032290801,-0.8182379154270905,-2.0000000000000027,1.2544699636533927
4,120.0,140.0,-10.0,195,2032290801,-150.61823791542656,19.500000000000007,-65.24553003634661
4,120.0,140.0,-10.0,196,2032290801,-3.218237915427096,-6.999999999999997,-1.7455300363466053
4,120.0,140.0,-10.0,197,2032290801,6.181762084572881,-11.000000000000004,3.254469963653389
4,120.0,140.0,-10.0,198,2032290801,25.681762084572796,1.5000000000000084,-2.7455300363466066
4,120.0,140.0,-10.0,199,2032290801,4.38176208457287,-6.500000000000003,0.2544699636533912
4,120.0,140.0,-5.0,0,2032290802,1.8817620845728982,-8.00000000000001,0.2544699636533912
4,120.0,140.0,-5.0,1,2032290802,-2.4182379154270848,-3.500000000000011,-0.7455300363466102
4,120.0,140.0,-5.0,2,2032290802,-2.3182379154270905,-6.500000000000003,2.7544699636533947
4,120.0,140.0,-5.0,3,2032290802,3.7817620845728754,-9.0,1.2544699636533927
4,120.0,140.0,-5.0,4,2032290802,3.581762084572887,-9.499999999999995,-0.7455300363466102
4,120.0,140.0,-5.0,5,2032290802,-0.31823791542709046,-6.000000000000009,0.2544699636533912
4,120.0,140.0,-5.0,6,2032290802,4.981762084572864,-9.0,-1.7455300363466053
4,120.0,140.0,-5.0,7,2032290802,-1.7182379154270961,-4.000000000000005,0.7544699636533919
4,120.0,140.0,-5.0,8,2032290802,1.0817620845728868,-6.000000000000009,2.7544699636533947
4,120.0,140.0,-5.0,9,2032290802,-0.01823791542710751,-6.999999999999997,-1.2455300363466109
4,120.0,140.0,-5.0,10,2032290802,1.9817620845728925,-7.499999999999991,3.75446996365339
4,120.0,140.0,-5.0,11,2032290802,4.281762084572875,-9.99999999999999,2.7544699636533947
4,120.0,140.0,-5.0,12,2032290802,2.4817620845728925,-8.00000000000001,1.7544699636533934
4,120.0,140.0,-5.0,13,2032290802,3.081762084572887,-8.500000000000005,1.2544699636533927
4,120.0,140.0,-5.0,14,2032290802,1.6817620845728811,-6.000000000000009,1.7544699636533934
4,120.0,140.0,-5.0,15,2032290802,-2.118237915427102,-4.000000000000005,1.7544699636533934
4,120.0,140.0,-5.0,16,2032290802,-2.718237915427096,-4.000000000000005,0.7544699636533919
4,120.0,140.0,-5.0,17,2032290802,1.8817620845728982,-7.499999999999991,-0.7455300363466102
4,120.0,140.0,-5.0,18,2032290802,-2.5182379154271075,-2.0000000000000027,2.7544699636533947
4,120.0,140.0,-5.0,19,2032290802,-4.8182379154270905,-2.4999999999999973,0.2544699636533912
4,120.0,140.0,-5.0,20,2032290802,-5.8182379154270905,-3.500000000000011,2.7544699636533947
4,120.0,140.0,-5.0,21,2032290802,3.681762084572881,-7.499999999999991,-0.7455300363466102
4,120.0,140.0,-5.0,22,2032290802,1.0817620845728868,-6.000000000000009,-1.2455300363466109
4,120.0,140.0,-5.0,23,2032290802,2.7817620845728754,-8.500000000000005,2.7544699636533947
4,120.0,140.0,-5.0,24,2032290802,1.3817620845728982,-8.00000000000001,0.2544699636533912
4,120.0,140.0,-5.0,25,2032290802,-0.6182379154271018,-4.999999999999995,-0.7455300363466102
4,120.0,140.0,-5.0,26,2032290802,-0.11823791542710183,-5.4999999999999885,1.2544699636533927
4,120.0,140.0,-5.0,27,2032290802,0.6817620845728811,-6.999999999999997,-0.7455300363466102
4,120.0,140.0,-5.0,28,2032290802,2.9817620845728925,-5.4999999999999885,-0.2455300363466095
4,120.0,140.0,-5.0,29,2032290802,3.681762084572881,-9.99999999999999,0.7544699636533919
4,120.0,140.0,-5.0,30,2032290802,4.781762084572875,-7.499999999999991,0.7544699636533919
4,120.0,140.0,-5.0,31,2032290802,-154.71823791542656,-78.0,-73.24553003634661
4,120.0,140.0,-5.0,32,2032290802,2.7817620845728754,-5.4999999999999885,-1.2455300363466109
4,120.0,140.0,-5.0,33,2032290802,3.381762084572898,-8.00000000000001,0.7544699636533919
4,120.0,140.0,-5.0,34,2032290802,-0.4182379154271132,-6.000000000000009,2.254469963653394
4,120.0,140.0,-5.0,35,2032290802,0.6817620845728811,-4.000000000000005,2.7544699636533947
4,120.0,140.0,-5.0,36,2032290802,-1.7182379154270961,-4.000000000000005,0.7544699636533919
4,120.0,140.0,-5.0,37,2032290802,-1.3182379154270905,-5.4999999999999885,0.2544699636533912
4,120.0,140.0,-5.0,38,2032290802,-0.9182379154271132,-4.5,0.7544699636533919
4,120.0,140.0,-5.0,39,2032290802,-1.4182379154271132,-4.5,-0.2455300363466095
4,120.0,140.0,-5.0,40,2032290802,-2.218237915427096,-2.4999999999999973,0.7544699636533919
4,120.0,140.0,-5.0,41,2032290802,27.481762084572807,6.000000000000009,0.7544699636533919
4,120.0,140.0,-5.0,42,2032290802,1.8817620845728982,-6.999999999999997,-0.2455300363466095
4,120.0,140.0,-5.0,43,2032290802,19.58176208457283,26.500000000000007,2.7544699636533947
4,120.0,140.0,-5.0,44,2032290802,3.681762084572881,-7.499999999999991,2.254469963653394
4,120.0,140.0,-5.0,45,2032290802,-10.918237915427056,2.4999999999999973,6.254469963653393
4,120.0,140.0,-5.0,46,2032290802,6.581762084572887,-10.500000000000009,0.2544699636533912
4,120.0,140.0,-5.0,47,2032290802,-3.018237915427079,-2.9999999999999916,1.7544699636533934
4,120.0,140.0,-5.0,48,2032290802,6.181762084572881,-11.000000000000004,2.254469963653394
4,120.0,140.0,-5.0,49,2032290802,1.3817620845728982,-7.499999999999991,2.254469963653394
4,120.0,140.0,-5.0,50,2032290802,0.8817620845728982,-6.000000000000009,0.2544699636533912
4,120.0,140.0,-5.0,51,2032290802,-49.61823791542693,20.499999999999996,-13.74553003634661
4,120.0,140.0,-5.0,52,2032290802,0.8817620845728982,-4.999999999999995,-0.2455300363466095
4,120.0,140.0,-5.0,53,2032290802,-3.618237915427102,-3.500000000000011,3.75446996365339
4,120.0,140.0,-5.0,54,2032290802,1.5817620845728868,-4.5,0.7544699636533919
4,120.0,140.0,-5.0,55,2032290802,2.9817620845728925,-7.499999999999991,1.7544699636533934
4,120.0,140.0,-5.0,56,2032290802,2.7817620845728754,-6.500000000000003,0.2544699636533912
4,120.0,140.0,-5.0,57,2032290802,-2.4182379154270848,-2.9999999999999916,2.7544699636533947
4,120.0,140.0,-5.0,58,2032290802,-5.8182379154270905,-1.5000000000000084,-2.7455300363466066
4,120.0,140.0,-5.0,59,2032290802,-2.218237915427096,-4.999999999999995,1.7544699636533934
4,120.0,140.0,-5.0,60,2032290802,1.2817620845729039,-6.999999999999997,2.254469963653394
4,120.0,140.0,-5.0,61,2032290802,3.9817620845728925,-6.500000000000003,-0.7455300363466102
4,120.0,140.0,-5.0,62,2032290802,-0.8182379154270905,-4.5,2.254469963653394
4,120.0,140.0,-5.0,63,2032290802,-8.418237915427085,2.9999999999999916,1.2544699636533927
4,120.0,140.0,-5.0,64,2032290802,3.9817620845728925,-7.499999999999991,-2.7455300363466066
4,120.0,140.0,-5.0,65,2032290802,-3.718237915427096,-3.500000000000011,-0.2455300363466095
4,120.0,140.0,-5.0,66,2032290802,-0.8182379154270905,-3.500000000000011,0.2544699636533912
4,120.0,140.0,-5.0,67,2032290802,1.8817620845728982,-6.500000000000003,0.2544699636533912
4,120.0,140.0,-5.0,68,2032290802,2.9817620845728925,-6.999999999999997,1.7544699636533934
4,120.0,140.0,-5.0,69,2032290802,-1.2182379154270961,-4.5,1.7544699636533934
4,120.0,140.0,-5.0,70,2032290802,-0.4182379154271132,-6.500000000000003,0.2544699636533912
4,120.0,140.0,-5.0,71,2032290802,-1.7182379154270961,-6.000000000000009,-1.2455300363466109
4,120.0,140.0,-5.0,72,2032290802,-1.1182379154271018,-6.500000000000003,1.7544699636533934
4,120.0,140.0,-5.0,73,2032290802,3.4817620845728925,-10.500000000000009,1.7544699636533934
4,120.0,140.0,-5.0,74,2032290802,-1.9182379154270848,-5.4999999999999885,-1.2455300363466109
4,120.0,140.0,-5.0,75,2032290802,-1.4182379154271132,-6.000000000000009,0.2544699636533912
4,120.0,140.0,-5.0,76,2032290802,48.98176208457272,0.49999999999999434,-3.2455300363466075
4,120.0,140.0,-5.0,77,2032290802,-1.5182379154271075,-2.9999999999999916,2.7544699636533947
4,120.0,140.0,-5.0,78,2032290802,-2.3182379154270905,-3.500000000000011,0.2544699636533912
4,120.0,140.0,-5.0,79,2032290802,-1.4182379154271132,-4.000000000000005,0.7544699636533919
4,120.0,140.0,-5.0,80,2032290802,-0.6182379154271018,-5.4999999999999885,0.7544699636533919
4,120.0,140.0,-5.0,81,2032290802,0.6817620845728811,-6.999999999999997,2.254469963653394
4,120.0,140.0,-5.0,82,2032290802,-25.71823791542701,34.49999999999999,-40.74553003634661
4,120.0,140.0,-5.0,83,2032290802,28.681762084572796,-4.000000000000005,-0.2455300363466095
4,120.0,140.0,-5.0,84,2032290802,-5.018237915427079,-4.000000000000005,2.7544699636533947
4,120.0,140.0,-5.0,85,2032290802,9.781762084572875,-15.500000000000004,0.2544699636533912
4,120.0,140.0,-5.0,86,2032290802,1.3817620845728982,-6.500000000000003,-0.2455300363466095
4,120.0,140.0,-5.0,87,2032290802,4.081762084572887,-8.00000000000001,3.254469963653389
4,120.0,140.0,-5.0,88,2032290802,1.2817620845729039,-6.000000000000009,0.7544699636533919
4,120.0,140.0,-5.0,89,2032290802,12.081762084572858,39.499999999999986,-0.2455300363466095
4,120.0,140.0,-5.0,90,2032290802,-1.4182379154271132,-2.9999999999999916,2.254469963653394
4,120.0,140.0,-5.0,91,2032290802,0.28176208457290386,-9.499999999999995,0.7544699636533919
4,120.0,140.0,-5.0,92,2032290802,0.28176208457290386,-6.500000000000003,-0.2455300363466095
4,120.0,140.0,-5.0,93,2032290802,-0.6182379154271018,-4.000000000000005,1.7544699636533934
4,120.0,140.0,-5.0,94,2032290802,-112.6182379154267,-90.0,-70.24553003634661
4,120.0,140.0,-5.0,95,2032290802,5.081762084572887,-10.500000000000009,-1.7455300363466053
4,120.0,140.0,-5.0,96,2032290802,2.9817620845728925,-8.00000000000001,-2.2455300363466058
4,120.0,140.0,-5.0,97,2032290802,-1.2182379154270961,-6.000000000000009,1.7544699636533934
4,120.0,140.0,-5.0,98,2032290802,4.38176208457287,-9.0,-0.2455300363466095
4,120.0,140.0,-5.0,99,2032290802,-0.5182379154271075,-5.4999999999999885,2.254469963653394
4,120.0,140.0,-5.0,100,2032290802,5.281762084572875,-10.500000000000009,1.2544699636533927
4,120.0,140.0,-5.0,101,2032290802,0.9817620845728925,-6.500000000000003,-1.7455300363466053
4,120.0,140.0,-5.0,102,2032290802,2.4817620845728925,-6.500000000000003,-0.2455300363466095
4,120.0,140.0,-5.0,103,2032290802,-3.118237915427102,-4.999999999999995,-0.7455300363466102
4,120.0,140.0,-5.0,104,2032290802,-1.1182379154271018,-4.5,-0.2455300363466095
4,120.0,140.0,-5.0,105,2032290802,1.9817620845728925,-5.4999999999999885,-0.2455300363466095
4,120.0,140.0,-5.0,106,2032290802,1.6817620845728811,-6.000000000000009,-1.2455300363466109
4,120.0,140.0,-5.0,107,2032290802,1.1817620845728811,-6.999999999999997,-0.2455300363466095
4,120.0,140.0,-5.0,108,2032290802,6.38176208457287,-8.500000000000005,0.2544699636533912
4,120.0,140.0,-5.0,109,2032290802,-3.9182379154270848,-5.4999999999999885,-0.2455300363466095
4,120.0,140.0,-5.0,110,2032290802,5.081762084572887,-9.499999999999995,1.7544699636533934
4,120.0,140.0,-5.0,111,2032290802,5.281762084572875,-9.99999999999999,-0.2455300363466095
4,120.0,140.0,-5.0,112,2032290802,17.88176208457284,27.99999999999999,-4.74553003634661
4,120.0,140.0,-5.0,113,2032290802,2.581762084572887,-9.0,-0.2455300363466095
4,120.0,140.0,-5.0,114,2032290802,4.081762084572887,-8.500000000000005,-1.7455300363466053
4,120.0,140.0,-5.0,115,2032290802,-1.3182379154270905,-4.999999999999995,0.7544699636533919
4,120.0,140.0,-5.0,116,2032290802,5.581762084572887,-9.0,-1.2455300363466109
4,120.0,140.0,-5.0,117,2032290802,-2.5182379154271075,-4.000000000000005,-0.2455300363466095
4,120.0,140.0,-5.0,118,2032290802,-1.4182379154271132,-5.4999999999999885,-0.7455300363466102
4,120.0,140.0,-5.0,119,2032290802,3.081762084572887,-6.999999999999997,0.7544699636533919
4,120.0,140.0,-5.0,120,2032290802,0.5817620845728868,-4.999999999999995,-1.2455300363466109
4,120.0,140.0,-5.0,121,2032290802,-5.918237915427085,-6.000000000000009,-1.7455300363466053
4,120.0,140.0,-5.0,122,2032290802,-152.71823791542656,-11.000000000000004,-57.74553003634661
4,120.0,140.0,-5.0,123,2032290802,0.3817620845728982,-6.500000000000003,1.2544699636533927
4,120.0,140.0,-5.0,124,2032290802,-0.5182379154271075,-3.500000000000011,-0.2455300363466095
4,120.0,140.0,-5.0,125,2032290802,66.58176208457266,90.0,-31.245530036346608
4,120.0,140.0,-5.0,126,2032290802,8.38176208457287,-13.5,2.254469963653394
4,120.0,140.0,-5.0,127,2032290802,1.0817620845728868,-5.4999999999999885,1.7544699636533934
4,120.0,140.0,-5.0,128,2032290802,-1.0182379154271075,-6.500000000000003,0.7544699636533919
4,120.0,140.0,-5.0,129,2032290802,2.081762084572887,-6.500000000000003,0.7544699636533919
4,120.0,140.0,-5.0,130,2032290802,7.88176208457287,-12.50000000000001,-1.7455300363466053
4,120.0,140.0,-5.0,131,2032290802,-5.518237915427079,-3.500000000000011,-2.2455300363466058
4,120.0,140.0,-5.0,132,2032290802,-1.4182379154271132,-4.000000000000005,-0.7455300363466102
4,120.0,140.0,-5.0,133,2032290802,3.7817620845728754,-8.00000000000001,0.2544699636533912
4,120.0,140.0,-5.0,134,2032290802,14.881762084572841,31.999999999999993,-3.2455300363466075
4,120.0,140.0,-5.0,135,2032290802,-3.518237915427079,-4.5,-0.2455300363466095
4,120.0,140.0,-5.0,136,2032290802,-0.31823791542709046,-4.999999999999995,-0.2455300363466095
4,120.0,140.0,-5.0,137,2032290802,-0.7182379154270961,-4.5,2.254469963653394
4,120.0,140.0,-5.0,138,2032290802,0.9817620845728925,-6.999999999999997,3.75446996365339
4,120.0,140.0,-5.0,139,2032290802,-3.518237915427079,-4.5,-0.7455300363466102
4,120.0,140.0,-5.0,140,2032290802,-0.7182379154270961,-4.999999999999995,1.2544699636533927
4,120.0,140.0,-5.0,141,2032290802,-18.118237915427045,-1.5000000000000084,8.25446996365339
4,120.0,140.0,-5.0,142,2032290802,6.181762084572881,-12.50000000000001,0.7544699636533919
4,120.0,140.0,-5.0,143,2032290802,-3.718237915427096,-4.000000000000005,0.7544699636533919
4,120.0,140.0,-5.0,144,2032290802,-1.0182379154271075,-4.000000000000005,-0.2455300363466095
4,120.0,140.0,-5.0,145,2032290802,1.4817620845728925,-6.000000000000009,-0.2455300363466095
4,120.0,140.0,-5.0,146,2032290802,-70.51823791542685,-46.50000000000001,-57.245530036346615
4,120.0,140.0,-5.0,147,2032290802,-0.6182379154271018,-2.9999999999999916,1.7544699636533934
4,120.0,140.0,-5.0,148,2032290802,0.18176208457290954,-8.00000000000001,1.7544699636533934
4,120.0,140.0,-5.0,149,2032290802,1.0817620845728868,-6.000000000000009,1.2544699636533927
4,120.0,140.0,-5.0,150,2032290802,-1.6182379154271018,-4.5,1.2544699636533927
4,120.0,140.0,-5.0,151,2032290802,-138.61823791542662,-9.499999999999995,-38.24553003634661
4,120.0,140.0,-5.0,152,2032290802,-3.518237915427079,-4.000000000000005,-0.7455300363466102
4,120.0,140.0,-5.0,153,2032290802,-1.3182379154270905,-6.000000000000009,-0.7455300363466102
4,120.0,140.0,-5.0,154,2032290802,-0.21823791542709614,-6.500000000000003,1.2544699636533927
4,120.0,140.0,-5.0,155,2032290802,0.18176208457290954,-8.500000000000005,-1.2455300363466109
4,120.0,140.0,-5.0,156,2032290802,-0.8182379154270905,-2.9999999999999916,-0.2455300363466095
4,120.0,140.0,-5.0,157,2032290802,-1.8182379154270905,-4.5,0.7544699636533919
4,120.0,140.0,-5.0,158,2032290802,-1.8182379154270905,-4.000000000000005,-1.2455300363466109
4,120.0,140.0,-5.0,159,2032290802,-0.9182379154271132,-4.000000000000005,1.2544699636533927
4,120.0,140.0,-5.0,160,2032290802,1.4817620845728925,-8.00000000000001,-0.7455300363466102
4,120.0,140.0,-5.0,161,2032290802,4.181762084572881,-9.499999999999995,0.2544699636533912
4,120.0,140.0,-5.0,162,2032290802,0.9817620845728925,-6.000000000000009,-0.7455300363466102
4,120.0,140.0,-5.0,163,2032290802,0.28176208457290386,-4.999999999999995,0.2544699636533912
4,120.0,140.0,-5.0,164,2032290802,-2.618237915427102,-4.000000000000005,1.7544699636533934
4,120.0,140.0,-5.0,165,2032290802,-0.5182379154271075,-3.500000000000011,3.75446996365339
4,120.0,140.0,-5.0,166,2032290802,-2.0182379154271075,-6.500000000000003,-0.2455300363466095
4,120.0,140.0,-5.0,167,2032290802,-8.118237915427073,0.0,-0.2455300363466095
4,120.0,140.0,-5.0,168,2032290802,-0.21823791542709614,-4.5,0.2544699636533912
4,120.0,140.0,-5.0,169,2032290802,0.9817620845728925,-4.5,2.7544699636533947
4,120.0,140.0,-5.0,170,2032290802,-0.5182379154271075,-6.000000000000009,-0.2455300363466095
4,120.0,140.0,-5.0,171,2032290802,0.5817620845728868,-5.4999999999999885,-0.7455300363466102
4,120.0,140.0,-5.0,172,2032290802,-4.918237915427085,-2.9999999999999916,0.2544699636533912
4,120.0,140.0,-5.0,173,2032290802,9.38176208457287,-12.50000000000001,-3.745530036346608
4,120.0,140.0,-5.0,174,2032290802,-3.4182379154270848,-2.4999999999999973,1.2544699636533927
4,120.0,140.0,-5.0,175,2032290802,0.18176208457290954,-5.4999999999999885,0.2544699636533912
4,120.0,140.0,-5.0,176,2032290802,-0.7182379154270961,-4.999999999999995,0.2544699636533912
4,120.0,140.0,-5.0,177,2032290802,1.8817620845728982,-6.999999999999997,0.7544699636533919
4,120.0,140.0,-5.0,178,2032290802,3.681762084572881,-7.499999999999991,0.7544699636533919
4,120.0,140.0,-5.0,179,2032290802,5.281762084572875,-9.0,-0.2455300363466095
4,120.0,140.0,-5.0,180,2032290802,-2.118237915427102,-3.500000000000011,0.7544699636533919
4,120.0,140.0,-5.0,181,2032290802,7.481762084572864,-11.999999999999991,2.254469963653394
4,120.0,140.0,-5.0,182,2032290802,1.4817620845728925,-7.499999999999991,-0.7455300363466102
4,120.0,140.0,-5.0,183,2032290802,-1.3182379154270905,-4.000000000000005,4.25446996365339
4,120.0,140.0,-5.0,184,2032290802,2.181762084572881,-8.00000000000001,0.7544699636533919
4,120.0,140.0,-5.0,185,2032290802,-1.6182379154271018,-4.999999999999995,-2.2455300363466058
4,120.0,140.0,-5.0,186,2032290802,-2.118237915427102,-6.999999999999997,1.7544699636533934
4,120.0,140.0,-5.0,187,2032290802,9.38176208457287,-13.000000000000005,-1.2455300363466109
4,120.0,140.0,-5.0,188,2032290802,0.9817620845728925,-6.999999999999997,0.7544699636533919
4,120.0,140.0,-5.0,189,2032290802,1.3817620845728982,-8.00000000000001,1.2544699636533927
4,120.0,140.0,-5.0,190,2032290802,-2.4182379154270848,-2.9999999999999916,2.7544699636533947
4,120.0,140.0,-5.0,191,2032290802,2.2817620845728754,-7.499999999999991,-1.7455300363466053
4,120.0,140.0,-5.0,192,2032290802,1.6817620845728811,-5.4999999999999885,0.2544699636533912
4,120.0,140.0,-5.0,193,2032290802,3.581762084572887,-6.000000000000009,1.2544699636533927
4,120.0,140.0,-5.0,194,2032290802,-1.7182379154270961,-5.4999999999999885,0.7544699636533919
4,120.0,140.0,-5.0,195,2032290802,-0.6182379154271018,-6.999999999999997,1.2544699636533927
4,120.0,140.0,-5.0,196,2032290802,5.981762084572864,-9.0,-0.2455300363466095
4,120.0,140.0,-5.0,197,2032290802,1.6817620845728811,-4.999999999999995,-0.7455300363466102
4,120.0,140.0,-5.0,198,2032290802,-1.8182379154270905,-3.500000000000011,-0.7455300363466102
4,120.0,140.0,-5.0,199,2032290802,-1.7182379154270961,-5.4999999999999885,0.2544699636533912
4,120.0,140.0,0.0,0,2032290803,-1.7182379154270961,-4.5,0.2544699636533912
4,120.0,140.0,0.0,1,2032290803,3.181762084572881,-7.499999999999991,0.7544699636533919
4,120.0,140.0,0.0,2,2032290803,2.381762084572898,-7.499999999999991,-0.2455300363466095
4,120.0,140.0,0.0,3,2032290803,-0.21823791542709614,-6.000000000000009,0.7544699636533919
4,120.0,140.0,0.0,4,2032290803,-0.7182379154270961,-6.000000000000009,0.7544699636533919
4,120.0,140.0,0.0,5,2032290803,-0.7182379154270961,-4.5,0.2544699636533912
4,120.0,140.0,0.0,6,2032290803,-0.4182379154271132,-5.4999999999999885,0.2544699636533912
4,120.0,140.0,0.0,7,2032290803,2.4817620845728925,-6.500000000000003,0.2544699636533912
4,120.0,140.0,0.0,8,2032290803,0.0817620845728868,-4.999999999999995,0.2544699636533912
4,120.0,140.0,0.0,9,2032290803,0.0817620845728868,-6.000000000000009,0.2544699636533912
4,120.0,140.0,0.0,10,2032290803,-0.6182379154271018,-4.999999999999995,-1.7455300363466053
4,120.0,140.0,0.0,11,2032290803,-0.4182379154271132,-6.000000000000009,0.7544699636533919
4,120.0,140.0,0.0,12,2032290803,-2.118237915427102,-4.999999999999995,2.254469963653394
4,120.0,140.0,0.0,13,2032290803,2.2817620845728754,-6.500000000000003,0.2544699636533912
4,120.0,140.0,0.0,14,2032290803,1.2817620845729039,-7.499999999999991,1.2544699636533927
4,120.0,140.0,0.0,15,2032290803,-0.01823791542710751,-6.000000000000009,0.7544699636533919
4,120.0,140.0,0.0,16,2032290803,1.6817620845728811,-6.500000000000003,0.2544699636533912
4,120.0,140.0,0.0,17,2032290803,0.18176208457290954,-5.4999999999999885,-0.7455300363466102
4,120.0,140.0,0.0,18,2032290803,-1.5182379154271075,-4.999999999999995,0.2544699636533912
4,120.0,140.0,0.0,19,2032290803,0.0817620845728868,-4.999999999999995,-0.2455300363466095
4,120.0,140.0,0.0,20,2032290803,0.8817620845728982,-6.500000000000003,0.7544699636533919
4,120.0,140.0,0.0,21,2032290803,0.7817620845729039,-6.000000000000009,1.2544699636533927
4,120.0,140.0,0.0,22,2032290803,-0.9182379154271132,-4.5,0.7544699636533919
4,120.0,140.0,0.0,23,2032290803,0.9817620845728925,-5.4999999999999885,1.2544699636533927
4,120.0,140.0,0.0,24,2032290803,-1.8182379154270905,-5.4999999999999885,0.7544699636533919
4,120.0,140.0,0.0,25,2032290803,1.2817620845729039,-5.4999999999999885,0.2544699636533912
4,120.0,140.0,0.0,26,2032290803,1.3817620845728982,-6.000000000000009,1.2544699636533927
4,120.0,140.0,0.0,27,2032290803,1.0817620845728868,-5.4999999999999885,0.7544699636533919
4,120.0,140.0,0.0,28,2032290803,1.7817620845728754,-6.500000000000003,0.2544699636533912
4,120.0,140.0,0.0,29,2032290803,1.8817620845728982,-6.999999999999997,0.2544699636533912
4,120.0,140.0,0.0,30,2032290803,0.0817620845728868,-6.000000000000009,-0.7455300363466102
4,120.0,140.0,0.0,31,2032290803,2.681762084572881,-7.499999999999991,-0.2455300363466095
4,120.0,140.0,0.0,32,2032290803,-4.518237915427079,-4.5,2.254469963653394
4,120.0,140.0,0.0,33,2032290803,0.3817620845728982,-4.999999999999995,1.2544699636533927
4,120.0,140.0,0.0,34,2032290803,-1.6182379154271018,-4.000000000000005,-1.2455300363466109
4,120.0,140.0,0.0,35,2032290803,-2.118237915427102,-2.9999999999999916,-0.7455300363466102
4,120.0,140.0,0.0,36,2032290803,0.7817620845729039,-6.500000000000003,1.2544699636533927
4,120.0,140.0,0.0,37,2032290803,-1.5182379154271075,-4.999999999999995,1.7544699636533934
4,120.0,140.0,0.0,38,2032290803,2.881762084572898,-6.999999999999997,0.7544699636533919
4,120.0,140.0,0.0,39,2032290803,-0.11823791542710183,-6.000000000000009,0.2544699636533912
4,120.0,140.0,0.0,40,2032290803,-0.31823791542709046,-6.500000000000003,0.2544699636533912
4,120.0,140.0,0.0,41,2032290803,-1.1182379154271018,-4.999999999999995,0.7544699636533919
4,120.0,140.0,0.0,42,2032290803,-0.8182379154270905,-6.000000000000009,-0.2455300363466095
4,120.0,140.0,0.0,43,2032290803,-2.8182379154270905,-4.000000000000005,0.2544699636533912
4,120.0,140.0,0.0,44,2032290803,0.6817620845728811,-6.999999999999997,0.7544699636533919
4,120.0,140.0,0.0,45,2032290803,0.6817620845728811,-6.999999999999997,3.75446996365339
4,120.0,140.0,0.0,46,2032290803,1.7817620845728754,-6.000000000000009,-0.2455300363466095
4,120.0,140.0,0.0,47,2032290803,-0.21823791542709614,-5.4999999999999885,0.2544699636533912
4,120.0,140.0,0.0,48,2032290803,2.381762084572898,-6.999999999999997,1.2544699636533927
4,120.0,140.0,0.0,49,2032290803,-0.7182379154270961,-4.5,1.2544699636533927
4,120.0,140.0,0.0,50,2032290803,0.6817620845728811,-6.999999999999997,1.2544699636533927
4,120.0,140.0,0.0,51,2032290803,0.18176208457290954,-5.4999999999999885,0.2544699636533912
4,120.0,140.0,0.0,52,2032290803,3.381762084572898,-7.499999999999991,1.2544699636533927
4,120.0,140.0,0.0,53,2032290803,-0.4182379154271132,-5.4999999999999885,-0.2455300363466095
4,120.0,140.0,0.0,54,2032290803,-3.118237915427102,-4.000000000000005,0.2544699636533912
4,120.0,140.0,0.0,55,2032290803,-0.6182379154271018,-4.5,1.2544699636533927
4,120.0,140.0,0.0,56,2032290803,0.9817620845728925,-6.500000000000003,-0.2455300363466095
4,120.0,140.0,0.0,57,2032290803,1.1817620845728811,-6.999999999999997,0.2544699636533912
4,120.0,140.0,0.0,58,2032290803,1.9817620845728925,-8.00000000000001,0.2544699636533912
4,120.0,140.0,0.0,59,2032290803,1.3817620845728982,-6.000000000000009,-0.7455300363466102
4,120.0,140.0,0.0,60,2032290803,-1.2182379154270961,-4.999999999999995,0.7544699636533919
4,120.0,140.0,0.0,61,2032290803,0.9817620845728925,-6.500000000000003,-0.7455300363466102
4,120.0,140.0,0.0,62,2032290803,-0.4182379154271132,-4.999999999999995,1.7544699636533934
4,120.0,140.0,0.0,63,2032290803,0.3817620845728982,-4.999999999999995,0.2544699636533912
4,120.0,140.0,0.0,64,2032290803,1.2817620845729039,-6.500000000000003,0.7544699636533919
4,120.0,140.0,0.0,65,2032290803,-1.5182379154271075,-4.999999999999995,0.2544699636533912
4,120.0,140.0,0.0,66,2032290803,-1.2182379154270961,-5.4999999999999885,0.7544699636533919
4,120.0,140.0,0.0,67,2032290803,0.18176208457290954,-6.500000000000003,1.2544699636533927
4,120.0,140.0,0.0,68,2032290803,4.38176208457287,-8.500000000000005,-0.2455300363466095
4,120.0,140.0,0.0,69,2032290803,0.5817620845728868,-5.4999999999999885,1.2544699636533927
4,120.0,140.0,0.0,70,2032290803,0.8817620845728982,-6.999999999999997,-0.2455300363466095
4,120.0,140.0,0.0,71,2032290803,-1.6182379154271018,-5.4999999999999885,0.7544699636533919
4,120.0,140.0,0.0,72,2032290803,3.081762084572887,-9.0,-1.2455300363466109
4,120.0,140.0,0.0,73,2032290803,0.5817620845728868,-6.500000000000003,0.7544699636533919
4,120.0,140.0,0.0,74,2032290803,-1.2182379154270961,-4.000000000000005,0.7544699636533919
4,120.0,140.0,0.0,75,2032290803,2.581762084572887,-8.00000000000001,-0.7455300363466102
4,120.0,140.0,0.0,76,2032290803,-0.11823791542710183,-6.500000000000003,0.7544699636533919
4,120.0,140.0,0.0,77,2032290803,0.9817620845728925,-4.999999999999995,0.7544699636533919
4,120.0,140.0,0.0,78,2032290803,-0.21823791542709614,-6.500000000000003,1.2544699636533927
4,120.0,140.0,0.0,79,2032290803,0.0817620845728868,-5.4999999999999885,0.2544699636533912
4,120.0,140.0,0.0,80,2032290803,0.7817620845729039,-6.500000000000003,1.7544699636533934
4,120.0,140.0,0.0,81,2032290803,1.2817620845729039,-5.4999999999999885,1.2544699636533927
4,120.0,140.0,0.0,82,2032290803,0.6817620845728811,-5.4999999999999885,-0.2455300363466095
4,120.0,140.0,0.0,83,2032290803,1.0817620845728868,-5.4999999999999885,2.7544699636533947
4,120.0,140.0,0.0,84,2032290803,-0.6182379154271018,-7.499999999999991,1.2544699636533927
4,120.0,140.0,0.0,85,2032290803,2.181762084572881,-9.0,0.7544699636533919
4,120.0,140.0,0.0,86,2032290803,-1.0182379154271075,-4.5,0.7544699636533919
4,120.0,140.0,0.0,87,2032290803,2.181762084572881,-6.500000000000003,0.2544699636533912
4,120.0,140.0,0.0,88,2032290803,0.5817620845728868,-6.000000000000009,1.2544699636533927
4,120.0,140.0,0.0,89,2032290803,-1.3182379154270905,-4.5,-0.2455300363466095
4,120.0,140.0,0.0,90,2032290803,-2.5182379154271075,-3.500000000000011,-0.2455300363466095
4,120.0,140.0,0.0,91,2032290803,1.0817620845728868,-4.999999999999995,0.2544699636533912
4,120.0,140.0,0.0,92,2032290803,2.4817620845728925,-7.499999999999991,-0.7455300363466102
4,120.0,140.0,0.0,93,2032290803,-1.3182379154270905,-4.5,1.7544699636533934
4,120.0,140.0,0.0,94,2032290803,-1.9182379154270848,-4.000000000000005,1.2544699636533927
4,120.0,140.0,0.0,95,2032290803,3.9817620845728925,-8.00000000000001,0.7544699636533919
4,120.0,140.0,0.0,96,2032290803,1.5817620845728868,-6.500000000000003,1.2544699636533927
4,120.0,140.0,0.0,97,2032290803,-1.2182379154270961,-4.999999999999995,1.7544699636533934
4,120.0,140.0,0.0,98,2032290803,3.2817620845728754,-8.00000000000001,-0.2455300363466095
4,120.0,140.0,0.0,99,2032290803,0.7817620845729039,-6.000000000000009,-0.7455300363466102
4,120.0,140.0,0.0,100,2032290803,-1.7182379154270961,-4.999999999999995,-0.2455300363466095
4,120.0,140.0,0.0,101,2032290803,-0.11823791542710183,-4.999999999999995,0.7544699636533919
4,120.0,140.0,0.0,102,2032290803,3.381762084572898,-9.0,-0.2455300363466095
4,120.0,140.0,0.0,103,2032290803,-1.3182379154270905,-4.999999999999995,-0.7455300363466102
4,120.0,140.0,0.0,104,2032290803,2.681762084572881,-6.999999999999997,-1.2455300363466109
4,120.0,140.0,0.0,105,2032290803,0.0817620845728868,-6.500000000000003,0.7544699636533919
4,120.0,140.0,0.0,106,2032290803,2.2817620845728754,-6.999999999999997,1.2544699636533927
4,120.0,140.0,0.0,107,2032290803,-2.118237915427102,-5.4999999999999885,-0.7455300363466102
4,120.0,140.0,0.0,108,2032290803,-0.21823791542709614,-5.4999999999999885,1.2544699636533927
4,120.0,140.0,0.0,109,2032290803,0.9817620845728925,-6.000000000000009,1.2544699636533927
4,120.0,140.0,0.0,110,2032290803,2.381762084572898,-6.500000000000003,-0.2455300363466095
4,120.0,140.0,0.0,111,2032290803,-0.5182379154271075,-4.000000000000005,0.2544699636533912
4,120.0,140.0,0.0,112,2032290803,1.5817620845728868,-6.000000000000009,1.7544699636533934
4,120.0,140.0,0.0,113,2032290803,-0.5182379154271075,-4.999999999999995,1.2544699636533927
4,120.0,140.0,0.0,114,2032290803,-0.21823791542709614,-4.5,0.2544699636533912
4,120.0,140.0,0.0,115,2032290803,2.181762084572881,-6.500000000000003,1.7544699636533934
4,120.0,140.0,0.0,116,2032290803,0.4817620845728925,-6.500000000000003,-0.2455300363466095
4,120.0,140.0,0.0,117,2032290803,0.28176208457290386,-5.4999999999999885,0.7544699636533919
4,120.0,140.0,0.0,118,2032290803,1.2817620845729039,-7.499999999999991,-0.2455300363466095
4,120.0,140.0,0.0,119,2032290803,0.7817620845729039,-6.000000000000009,-0.2455300363466095
4,120.0,140.0,0.0,120,2032290803,2.181762084572881,-9.0,0.2544699636533912
4,120.0,140.0,0.0,121,2032290803,-1.9182379154270848,-4.5,-0.2455300363466095
4,120.0,140.0,0.0,122,2032290803,2.881762084572898,-7.499999999999991,-0.2455300363466095
4,120.0,140.0,0.0,123,2032290803,3.381762084572898,-6.999999999999997,0.2544699636533912
4,120.0,140.0,0.0,124,2032290803,2.2817620845728754,-8.00000000000001,-0.2455300363466095
4,120.0,140.0,0.0,125,2032290803,1.2817620845729039,-6.999999999999997,-0.2455300363466095
4,120.0,140.0,0.0,126,2032290803,0.4817620845728925,-6.500000000000003,2.254469963653394
4,120.0,140.0,0.0,127,2032290803,-0.4182379154271132,-6.000000000000009,-0.2455300363466095
4,120.0,140.0,0.0,128,2032290803,-1.3182379154270905,-4.999999999999995,0.2544699636533912
4,120.0,140.0,0.0,129,2032290803,1.7817620845728754,-6.500000000000003,0.2544699636533912
4,120.0,140.0,0.0,130,2032290803,2.4817620845728925,-8.500000000000005,-0.7455300363466102
4,120.0,140.0,0.0,131,2032290803,1.3817620845728982,-6.500000000000003,-0.2455300363466095
4,120.0,140.0,0.0,132,2032290803,0.0817620845728868,-6.000000000000009,0.7544699636533919
4,120.0,140.0,0.0,133,2032290803,0.3817620845728982,-6.000000000000009,0.2544699636533912
4,120.0,140.0,0.0,134,2032290803,-2.8182379154270905,-3.500000000000011,1.7544699636533934
4,120.0,140.0,0.0,135,2032290803,1.5817620845728868,-6.999999999999997,0.2544699636533912
4,120.0,140.0,0.0,136,2032290803,2.081762084572887,-6.999999999999997,-0.2455300363466095
4,120.0,140.0,0.0,137,2032290803,0.6817620845728811,-6.500000000000003,0.7544699636533919
4,120.0,140.0,0.0,138,2032290803,3.081762084572887,-9.0,0.2544699636533912
4,120.0,140.0,0.0,139,2032290803,1.1817620845728811,-6.999999999999997,0.7544699636533919
4,120.0,140.0,0.0,140,2032290803,-0.21823791542709614,-6.000000000000009,0.2544699636533912
4,120.0,140.0,0.0,141,2032290803,2.4817620845728925,-7.499999999999991,-0.2455300363466095
4,120.0,140.0,0.0,142,2032290803,1.0817620845728868,-6.000000000000009,-0.7455300363466102
4,120.0,140.0,0.0,143,2032290803,1.0817620845728868,-6.500000000000003,-0.2455300363466095
4,120.0,140.0,0.0,144,2032290803,0.0817620845728868,-4.999999999999995,1.2544699636533927
4,120.0,140.0,0.0,145,2032290803,0.18176208457290954,-6.999999999999997,1.2544699636533927
4,120.0,140.0,0.0,146,2032290803,-0.01823791542710751,-6.000000000000009,1.2544699636533927
4,120.0,140.0,0.0,147,2032290803,1.2817620845729039,-5.4999999999999885,1.7544699636533934
4,120.0,140.0,0.0,148,2032290803,-0.4182379154271132,-5.4999999999999885,1.2544699636533927
4,120.0,140.0,0.0,149,2032290803,0.4817620845728925,-6.999999999999997,0.7544699636533919
4,120.0,140.0,0.0,150,2032290803,-0.11823791542710183,-6.000000000000009,1.2544699636533927
4,120.0,140.0,0.0,151,2032290803,-1.8182379154270905,-3.500000000000011,0.2544699636533912
4,120.0,140.0,0.0,152,2032290803,0.28176208457290386,-6.500000000000003,-0.2455300363466095
4,120.0,140.0,0.0,153,2032290803,1.8817620845728982,-8.00000000000001,1.2544699636533927
4,120.0,140.0,0.0,154,2032290803,0.4817620845728925,-6.000000000000009,0.2544699636533912
4,120.0,140.0,0.0,155,2032290803,-1.0182379154271075,-5.4999999999999885,-0.2455300363466095
4,120.0,140.0,0.0,156,2032290803,-1.5182379154271075,-4.999999999999995,-0.2455300363466095
4,120.0,140.0,0.0,157,2032290803,0.18176208457290954,-4.999999999999995,-0.2455300363466095
4,120.0,140.0,0.0,158,2032290803,1.0817620845728868,-6.500000000000003,0.2544699636533912
4,120.0,140.0,0.0,159,2032290803,-2.0182379154271075,-4.000000000000005,-1.2455300363466109
4,120.0,140.0,0.0,160,2032290803,0.18176208457290954,-6.000000000000009,1.2544699636533927
4,120.0,140.0,0.0,161,2032290803,1.0817620845728868,-6.000000000000009,0.2544699636533912
4,120.0,140.0,0.0,162,2032290803,5.281762084572875,-9.99999999999999,0.2544699636533912
4,120.0,140.0,0.0,163,2032290803,5.781762084572875,-9.0,-0.2455300363466095
4,120.0,140.0,0.0,164,2032290803,2.681762084572881,-8.00000000000001,-0.2455300363466095
4,120.0,140.0,0.0,165,2032290803,-1.0182379154271075,-5.4999999999999885,2.254469963653394
4,120.0,140.0,0.0,166,2032290803,-3.218237915427096,-4.000000000000005,1.2544699636533927
4,120.0,140.0,0.0,167,2032290803,2.181762084572881,-6.500000000000003,0.2544699636533912
4,120.0,140.0,0.0,168,2032290803,1.2817620845729039,-8.00000000000001,-0.2455300363466095
4,120.0,140.0,0.0,169,2032290803,0.28176208457290386,-6.500000000000003,2.254469963653394
4,120.0,140.0,0.0,170,2032290803,1.1817620845728811,-8.00000000000001,-0.2455300363466095
4,120.0,140.0,0.0,171,2032290803,0.18176208457290954,-6.000000000000009,0.2544699636533912
4,120.0,140.0,0.0,172,2032290803,1.6817620845728811,-6.000000000000009,0.7544699636533919
4,120.0,140.0,0.0,173,2032290803,-0.11823791542710183,-5.4999999999999885,0.2544699636533912
4,120.0,140.0,0.0,174,2032290803,3.081762084572887,-7.499999999999991,0.7544699636533919
4,120.0,140.0,0.0,175,2032290803,0.7817620845729039,-6.500000000000003,0.2544699636533912
4,120.0,140.0,0.0,176,2032290803,-1.3182379154270905,-4.5,0.7544699636533919
4,120.0,140.0,0.0,177,2032290803,-2.5182379154271075,-3.500000000000011,1.2544699636533927
4,120.0,140.0,0.0,178,2032290803,-0.5182379154271075,-5.4999999999999885,0.2544699636533912
4,120.0,140.0,0.0,179,2032290803,1.4817620845728925,-5.4999999999999885,-0.2455300363466095
4,120.0,140.0,0.0,180,2032290803,1.6817620845728811,-6.000000000000009,0.7544699636533919
4,120.0,140.0,0.0,181,2032290803,3.081762084572887,-7.499999999999991,-0.7455300363466102
4,120.0,140.0,0.0,182,2032290803,-2.0182379154271075,-6.000000000000009,0.7544699636533919
4,120.0,140.0,0.0,183,2032290803,1.2817620845729039,-6.500000000000003,-0.2455300363466095
4,120.0,140.0,0.0,184,2032290803,1.7817620845728754,-6.500000000000003,2.254469963653394
4,120.0,140.0,0.0,185,2032290803,-0.11823791542710183,-6.000000000000009,-0.2455300363466095
4,120.0,140.0,0.0,186,2032290803,1.5817620845728868,-6.000000000000009,-0.2455300363466095
4,120.0,140.0,0.0,187,2032290803,2.4817620845728925,-7.499999999999991,0.2544699636533912
4,120.0,140.0,0.0,188,2032290803,2.4817620845728925,-6.999999999999997,0.7544699636533919
4,120.0,140.0,0.0,189,2032290803,4.781762084572875,-8.00000000000001,0.7544699636533919
4,120.0,140.0,0.0,190,2032290803,-1.0182379154271075,-4.999999999999995,0.2544699636533912
4,120.0,140.0,0.0,191,2032290803,-0.11823791542710183,-6.000000000000009,0.2544699636533912
4,120.0,140.0,0.0,192,2032290803,1.2817620845729039,-6.500000000000003,0.7544699636533919
4,120.0,140.0,0.0,193,2032290803,2.081762084572887,-6.000000000000009,0.2544699636533912
4,120.0,140.0,0.0,194,2032290803,-3.618237915427102,-3.500000000000011,0.2544699636533912
4,120.0,140.0,0.0,195,2032290803,-1.0182379154271075,-5.4999999999999885,-0.7455300363466102
4,120.0,140.0,0.0,196,2032290803,2.7817620845728754,-9.0,-0.7455300363466102
4,120.0,140.0,0.0,197,2032290803,5.081762084572887,-8.500000000000005,1.2544699636533927
4,120.0,140.0,0.0,198,2032290803,-0.11823791542710183,-6.000000000000009,0.2544699636533912
4,120.0,140.0,0.0,199,2032290803,1.6817620845728811,-7.499999999999991,-0.2455300363466095
4,120.0,140.0,5.0,0,2032290804,1.7817620845728754,-7.499999999999991,-0.2455300363466095
4,120.0,140.0,5.0,1,2032290804,2.181762084572881,-6.999999999999997,0.2544699636533912
4,120.0,140.0,5.0,2,2032290804,1.4817620845728925,-6.000000000000009,0.2544699636533912
4,120.0,140.0,5.0,3,2032290804,0.5817620845728868,-6.000000000000009,0.2544699636533912
4,120.0,140.0,5.0,4,2032290804,1.3817620845728982,-6.500000000000003,1.2544699636533927
4,120.0,140.0,5.0,5,2032290804,-0.31823791542709046,-5.4999999999999885,-0.7455300363466102
4,120.0,140.0,5.0,6,2032290804,0.5817620845728868,-6.500000000000003,0.7544699636533919
4,120.0,140.0,5.0,7,2032290804,0.5817620845728868,-6.000000000000009,-0.2455300363466095
4,120.0,140.0,5.0,8,2032290804,-0.21823791542709614,-6.000000000000009,-0.2455300363466095
4,120.0,140.0,5.0,9,2032290804,0.28176208457290386,-5.4999999999999885,0.7544699636533919
4,120.0,140.0,5.0,10,2032290804,2.2817620845728754,-6.999999999999997,-0.7455300363466102
4,120.0,140.0,5.0,11,2032290804,1.2817620845729039,-6.999999999999997,0.2544699636533912
4,120.0,140.0,5.0,12,2032290804,0.0817620845728868,-5.4999999999999885,0.2544699636533912
4,120.0,140.0,5.0,13,2032290804,0.3817620845728982,-6.000000000000009,0.7544699636533919
4,120.0,140.0,5.0,14,2032290804,-0.31823791542709046,-5.4999999999999885,0.7544699636533919
4,120.0,140.0,5.0,15,2032290804,-0.21823791542709614,-6.000000000000009,-0.2455300363466095
4,120.0,140.0,5.0,16,2032290804,-0.6182379154271018,-4.999999999999995,-0.2455300363466095
4,120.0,140.0,5.0,17,2032290804,-0.01823791542710751,-6.500000000000003,-0.2455300363466095
4,120.0,140.0,5.0,18,2032290804,1.8817620845728982,-6.999999999999997,0.2544699636533912
4,120.0,140.0,5.0,19,2032290804,0.3817620845728982,-5.4999999999999885,0.7544699636533919
4,120.0,140.0,5.0,20,2032290804,0.18176208457290954,-5.4999999999999885,0.2544699636533912
4,120.0,140.0,5.0,21,2032290804,-0.11823791542710183,-5.4999999999999885,0.2544699636533912
4,120.0,140.0,5.0,22,2032290804,1.6817620845728811,-6.999999999999997,0.2544699636533912
4,120.0,140.0,5.0,23,2032290804,-0.9182379154271132,-5.4999999999999885,0.2544699636533912
4,120.0,140.0,5.0,24,2032290804,0.5817620845728868,-6.500000000000003,0.7544699636533919
4,120.0,140.0,5.0,25,2032290804,-0.11823791542710183,-5.4999999999999885,0.2544699636533912
4,120.0,140.0,5.0,26,2032290804,0.4817620845728925,-5.4999999999999885,0.2544699636533912
4,120.0,140.0,5.0,27,2032290804,-0.01823791542710751,-5.4999999999999885,1.7544699636533934
4,120.0,140.0,5.0,28,2032290804,-1.1182379154271018,-4.999999999999995,0.7544699636533919
4,120.0,140.0,5.0,29,2032290804,-1.8182379154270905,-4.999999999999995,0.2544699636533912
4,120.0,140.0,5.0,30,2032290804,0.4817620845728925,-6.000000000000009,0.2544699636533912
4,120.0,140.0,5.0,31,2032290804,0.18176208457290954,-6.000000000000009,0.7544699636533919
4,120.0,140.0,5.0,32,2032290804,-0.4182379154271132,-5.4999999999999885,0.7544699636533919
4,120.0,140.0,5.0,33,2032290804,0.18176208457290954,-6.000000000000009,0.7544699636533919
4,120.0,140.0,5.0,34,2032290804,-0.01823791542710751,-5.4999999999999885,0.2544699636533912
4,120.0,140.0,5.0,35,2032290804,1.1817620845728811,-6.500000000000003,0.2544699636533912
4,120.0,140.0,5.0,36,2032290804,0.6817620845728811,-6.500000000000003,0.7544699636533919
4,120.0,140.0,5.0,37,2032290804,0.9817620845728925,-6.500000000000003,-0.2455300363466095
4,120.0,140.0,5.0,38,2032290804,0.18176208457290954,-5.4999999999999885,0.7544699636533919
4,120.0,140.0,5.0,39,2032290804,-0.21823791542709614,-5.4999999999999885,0.7544699636533919
4,120.0,140.0,5.0,40,2032290804,0.9817620845728925,-6.500000000000003,0.2544699636533912
4,120.0,140.0,5.0,41,2032290804,1.1817620845728811,-6.000000000000009,0.7544699636533919
4,120.0,140.0,5.0,42,2032290804,1.5817620845728868,-7.499999999999991,0.2544699636533912
4,120.0,140.0,5.0,43,2032290804,-0.01823791542710751,-5.4999999999999885,0.7544699636533919
4,120.0,140.0,5.0,44,2032290804,0.7817620845729039,-5.4999999999999885,0.2544699636533912
4,120.0,140.0,5.0,45,2032290804,0.7817620845729039,-5.4999999999999885,0.2544699636533912
4,120.0,140.0,5.0,46,2032290804,1.1817620845728811,-6.999999999999997,-0.2455300363466095
4,120.0,140.0,5.0,47,2032290804,1.9817620845728925,-6.500000000000003,0.7544699636533919
4,120.0,140.0,5.0,48,2032290804,-1.5182379154271075,-4.999999999999995,-0.2455300363466095
4,120.0,140.0,5.0,49,2032290804,0.18176208457290954,-5.4999999999999885,0.2544699636533912
4,120.0,140.0,5.0,50,2032290804,2.4817620845728925,-7.499999999999991,0.2544699636533912
4,120.0,140.0,5.0,51,2032290804,1.0817620845728868,-6.500000000000003,0.2544699636533912
4,120.0,140.0,5.0,52,2032290804,-0.01823791542710751,-5.4999999999999885,1.2544699636533927
4,120.0,140.0,5.0,53,2032290804,0.4817620845728925,-6.000000000000009,1.2544699636533927
4,120.0,140.0,5.0,54,2032290804,1.2817620845729039,-6.500000000000003,-0.2455300363466095
4,120.0,140.0,5.0,55,2032290804,0.18176208457290954,-6.000000000000009,0.2544699636533912
4,120.0,140.0,5.0,56,2032290804,0.6817620845728811,-6.000000000000009,0.2544699636533912
4,120.0,140.0,5.0,57,2032290804,0.0817620845728868,-5.4999999999999885,0.2544699636533912
4,120.0,140.0,5.0,58,2032290804,0.0817620845728868,-5.4999999999999885,0.2544699636533912
4,120.0,140.0,5.0,59,2032290804,1.7817620845728754,-6.000000000000009,0.7544699636533919
4,120.0,140.0,5.0,60,2032290804,1.0817620845728868,-6.000000000000009,0.2544699636533912
4,120.0,140.0,5.0,61,2032290804,2.9817620845728925,-7.499999999999991,0.2544699636533912
4,120.0,140.0,5.0,62,2032290804,3.081762084572887,-8.00000000000001,0.2544699636533912
4,120.0,140.0,5.0,63,2032290804,0.9817620845728925,-6.500000000000003,0.2544699636533912
4,120.0,140.0,5.0,64,2032290804,0.6817620845728811,-6.000000000000009,1.7544699636533934
4,120.0,140.0,5.0,65,2032290804,1.2817620845729039,-6.000000000000009,0.2544699636533912
4,120.0,140.0,5.0,66,2032290804,-1.1182379154271018,-4.999999999999995,0.2544699636533912
4,120.0,140.0,5.0,67,2032290804,-0.6182379154271018,-4.999999999999995,-0.2455300363466095
4,120.0,140.0,5.0,68,2032290804,1.7817620845728754,-6.999999999999997,0.2544699636533912
4,120.0,140.0,5.0,69,2032290804,-0.11823791542710183,-5.4999999999999885,0.7544699636533919
4,120.0,140.0,5.0,70,2032290804,-0.11823791542710183,-5.4999999999999885,0.7544699636533919
4,120.0,140.0,5.0,71,2032290804,-0.11823791542710183,-5.4999999999999885,1.2544699636533927
4,120.0,140.0,5.0,72,2032290804,0.28176208457290386,-6.000000000000009,0.7544699636533919
4,120.0,140.0,5.0,73,2032290804,1.9817620845728925,-7.499999999999991,1.2544699636533927
4,120.0,140.0,5.0,74,2032290804,3.381762084572898,-8.500000000000005,0.7544699636533919
4,120.0,140.0,5.0,75,2032290804,0.0817620845728868,-5.4999999999999885,1.2544699636533927
4,120.0,140.0,5.0,76,2032290804,0.9817620845728925,-6.500000000000003,0.7544699636533919
4,120.0,140.0,5.0,77,2032290804,2.081762084572887,-6.500000000000003,0.7544699636533919
4,120.0,140.0,5.0,78,2032290804,0.7817620845729039,-6.500000000000003,0.2544699636533912
4,120.0,140.0,5.0,79,2032290804,0.7817620845729039,-6.000000000000009,1.2544699636533927
4,120.0,140.0,5.0,80,2032290804,0.18176208457290954,-5.4999999999999885,0.2544699636533912
4,120.0,140.0,5.0,81,2032290804,2.181762084572881,-6.999999999999997,0.2544699636533912
4,120.0,140.0,5.0,82,2032290804,-0.31823791542709046,-4.999999999999995,0.7544699636533919
4,120.0,140.0,5.0,83,2032290804,0.3817620845728982,-6.000000000000009,0.7544699636533919
4,120.0,140.0,5.0,84,2032290804,0.7817620845729039,-6.000000000000009,0.2544699636533912
4,120.0,140.0,5.0,85,2032290804,-0.11823791542710183,-6.500000000000003,0.7544699636533919
4,120.0,140.0,5.0,86,2032290804,0.3817620845728982,-5.4999999999999885,0.7544699636533919
4,120.0,140.0,5.0,87,2032290804,-0.31823791542709046,-4.999999999999995,0.7544699636533919
4,120.0,140.0,5.0,88,2032290804,1.0817620845728868,-6.500000000000003,0.7544699636533919
4,120.0,140.0,5.0,89,2032290804,0.7817620845729039,-6.500000000000003,0.7544699636533919
4,120.0,140.0,5.0,90,2032290804,-0.4182379154271132,-5.4999999999999885,0.2544699636533912
4,120.0,140.0,5.0,91,2032290804,0.7817620845729039,-6.000000000000009,1.2544699636533927
4,120.0,140.0,5.0,92,2032290804,0.28176208457290386,-5.4999999999999885,0.2544699636533912
4,120.0,140.0,5.0,93,2032290804,0.5817620845728868,-6.500000000000003,0.2544699636533912
4,120.0,140.0,5.0,94,2032290804,0.8817620845728982,-6.500000000000003,0.7544699636533919
4,120.0,140.0,5.0,95,2032290804,1.1817620845728811,-6.000000000000009,0.2544699636533912
4,120.0,140.0,5.0,96,2032290804,-0.4182379154271132,-6.000000000000009,0.2544699636533912
4,120.0,140.0,5.0,97,2032290804,1.0817620845728868,-6.500000000000003,0.7544699636533919
4,120.0,140.0,5.0,98,2032290804,-0.4182379154271132,-4.999999999999995,1.2544699636533927
4,120.0,140.0,5.0,99,2032290804,0.8817620845728982,-6.999999999999997,0.2544699636533912
4,120.0,140.0,5.0,100,2032290804,-0.01823791542710751,-5.4999999999999885,0.7544699636533919
4,120.0,140.0,5.0,101,2032290804,1.6817620845728811,-6.500000000000003,0.2544699636533912
4,120.0,140.0,5.0,102,2032290804,1.5817620845728868,-7.499999999999991,0.2544699636533912
4,120.0,140.0,5.0,103,2032290804,1.1817620845728811,-6.000000000000009,0.2544699636533912
4,120.0,140.0,5.0,104,2032290804,1.6817620845728811,-6.500000000000003,0.2544699636533912
4,120.0,140.0,5.0,105,2032290804,1.4817620845728925,-6.500000000000003,0.2544699636533912
4,120.0,140.0,5.0,106,2032290804,-1.0182379154271075,-5.4999999999999885,0.2544699636533912
4,120.0,140.0,5.0,107,2032290804,0.18176208457290954,-6.000000000000009,0.2544699636533912
4,120.0,140.0,5.0,108,2032290804,3.081762084572887,-8.00000000000001,-0.2455300363466095
4,120.0,140.0,5.0,109,2032290804,2.081762084572887,-6.999999999999997,0.7544699636533919
4,120.0,140.0,5.0,110,2032290804,-0.01823791542710751,-6.500000000000003,0.2544699636533912
4,120.0,140.0,5.0,111,2032290804,-0.6182379154271018,-5.4999999999999885,0.2544699636533912
4,120.0,140.0,5.0,112,2032290804,-0.6182379154271018,-4.999999999999995,0.7544699636533919
4,120.0,140.0,5.0,113,2032290804,1.1817620845728811,-6.500000000000003,0.2544699636533912
4,120.0,140.0,5.0,114,2032290804,-0.4182379154271132,-5.4999999999999885,0.2544699636533912
4,120.0,140.0,5.0,115,2032290804,0.7817620845729039,-6.000000000000009,-0.2455300363466095
4,120.0,140.0,5.0,116,2032290804,0.6817620845728811,-6.000000000000009,0.7544699636533919
4,120.0,140.0,5.0,117,2032290804,0.28176208457290386,-5.4999999999999885,0.2544699636533912
4,120.0,140.0,5.0,118,2032290804,-1.1182379154271018,-4.999999999999995,0.7544699636533919
4,120.0,140.0,5.0,119,2032290804,0.6817620845728811,-6.500000000000003,0.7544699636533919
4,120.0,140.0,5.0,120,2032290804,1.1817620845728811,-6.500000000000003,0.7544699636533919
4,120.0,140.0,5.0,121,2032290804,0.4817620845728925,-5.4999999999999885,-0.2455300363466095
4,120.0,140.0,5.0,122,2032290804,0.18176208457290954,-5.4999999999999885,0.2544699636533912
4,120.0,140.0,5.0,123,2032290804,1.8817620845728982,-7.499999999999991,0.7544699636533919
4,120.0,140.0,5.0,124,2032290804,-0.8182379154270905,-5.4999999999999885,0.7544699636533919
4,120.0,140.0,5.0,125,2032290804,-0.31823791542709046,-6.000000000000009,0.2544699636533912
4,120.0,140.0,5.0,126,2032290804,1.6817620845728811,-6.500000000000003,0.7544699636533919
4,120.0,140.0,5.0,127,2032290804,2.581762084572887,-8.00000000000001,-0.2455300363466095
4,120.0,140.0,5.0,128,2032290804,-1.5182379154271075,-4.000000000000005,0.7544699636533919
4,120.0,140.0,5.0,129,2032290804,-0.4182379154271132,-5.4999999999999885,0.2544699636533912
4,120.0,140.0,5.0,130,2032290804,0.4817620845728925,-6.000000000000009,0.7544699636533919
4,120.0,140.0,5.0,131,2032290804,0.9817620845728925,-6.500000000000003,0.7544699636533919
4,120.0,140.0,5.0,132,2032290804,0.5817620845728868,-6.000000000000009,1.2544699636533927
4,120.0,140.0,5.0,133,2032290804,1.2817620845729039,-6.999999999999997,-0.7455300363466102
4,120.0,140.0,5.0,134,2032290804,0.18176208457290954,-6.000000000000009,0.2544699636533912
4,120.0,140.0,5.0,135,2032290804,0.8817620845728982,-6.999999999999997,-0.2455300363466095
4,120.0,140.0,5.0,136,2032290804,-0.11823791542710183,-5.4999999999999885,-0.2455300363466095
4,120.0,140.0,5.0,137,2032290804,-1.5182379154271075,-4.999999999999995,-0.2455300363466095
4,120.0,140.0,5.0,138,2032290804,-1.9182379154270848,-4.5,0.7544699636533919
4,120.0,140.0,5.0,139,2032290804,0.0817620845728868,-6.000000000000009,0.2544699636533912
4,120.0,140.0,5.0,140,2032290804,-1.1182379154271018,-6.000000000000009,-0.2455300363466095
4,120.0,140.0,5.0,141,2032290804,0.8817620845728982,-6.500000000000003,0.7544699636533919
4,120.0,140.0,5.0,142,2032290804,1.4817620845728925,-6.000000000000009,0.2544699636533912
4,120.0,140.0,5.0,143,2032290804,1.2817620845729039,-6.000000000000009,0.2544699636533912
4,120.0,140.0,5.0,144,2032290804,0.18176208457290954,-6.000000000000009,0.2544699636533912
4,120.0,140.0,5.0,145,2032290804,-0.4182379154271132,-5.4999999999999885,0.7544699636533919
4,120.0,140.0,5.0,146,2032290804,0.0817620845728868,-6.000000000000009,-0.2455300363466095
4,120.0,140.0,5.0,147,2032290804,1.9817620845728925,-7.499999999999991,0.2544699636533912
4,120.0,140.0,5.0,148,2032290804,1.7817620845728754,-6.999999999999997,0.2544699636533912
4,120.0,140.0,5.0,149,2032290804,-0.5182379154271075,-4.999999999999995,0.2544699636533912
4,120.0,140.0,5.0,150,2032290804,0.9817620845728925,-6.500000000000003,0.2544699636533912
4,120.0,140.0,5.0,151,2032290804,0.0817620845728868,-5.4999999999999885,1.2544699636533927
4,120.0,140.0,5.0,152,2032290804,1.3817620845728982,-7.499999999999991,0.7544699636533919
4,120.0,140.0,5.0,153,2032290804,0.0817620845728868,-5.4999999999999885,1.2544699636533927
4,120.0,140.0,5.0,154,2032290804,0.6817620845728811,-6.500000000000003,-0.2455300363466095
4,120.0,140.0,5.0,155,2032290804,0.6817620845728811,-6.500000000000003,1.2544699636533927
4,120.0,140.0,5.0,156,2032290804,-0.9182379154271132,-5.4999999999999885,-0.2455300363466095
4,120.0,140.0,5.0,157,2032290804,2.081762084572887,-6.500000000000003,0.7544699636533919
4,120.0,140.0,5.0,158,2032290804,0.18176208457290954,-6.500000000000003,0.7544699636533919
4,120.0,140.0,5.0,159,2032290804,0.9817620845728925,-6.500000000000003,0.2544699636533912
4,120.0,140.0,5.0,160,2032290804,-0.11823791542710183,-5.4999999999999885,0.2544699636533912
4,120.0,140.0,5.0,161,2032290804,-0.4182379154271132,-6.000000000000009,0.7544699636533919
4,120.0,140.0,5.0,162,2032290804,1.0817620845728868,-6.500000000000003,1.2544699636533927
4,120.0,140.0,5.0,163,2032290804,1.8817620845728982,-6.500000000000003,0.2544699636533912
4,120.0,140.0,5.0,164,2032290804,1.1817620845728811,-6.000000000000009,0.7544699636533919
4,120.0,140.0,5.0,165,2032290804,0.6817620845728811,-6.999999999999997,0.7544699636533919
4,120.0,140.0,5.0,166,2032290804,-0.21823791542709614,-6.000000000000009,0.2544699636533912
4,120.0,140.0,5.0,167,2032290804,0.8817620845728982,-6.500000000000003,0.7544699636533919
4,120.0,140.0,5.0,168,2032290804,0.0817620845728868,-6.500000000000003,0.7544699636533919
4,120.0,140.0,5.0,169,2032290804,1.5817620845728868,-6.500000000000003,-0.2455300363466095
4,120.0,140.0,5.0,170,2032290804,0.6817620845728811,-6.000000000000009,0.7544699636533919
4,120.0,140.0,5.0,171,2032290804,0.8817620845728982,-6.000000000000009,0.2544699636533912
4,120.0,140.0,5.0,172,2032290804,-0.01823791542710751,-5.4999999999999885,-0.2455300363466095
4,120.0,140.0,5.0,173,2032290804,-1.2182379154270961,-4.999999999999995,0.2544699636533912
4,120.0,140.0,5.0,174,2032290804,1.0817620845728868,-6.500000000000003,-0.2455300363466095
4,120.0,140.0,5.0,175,2032290804,0.6817620845728811,-6.000000000000009,-0.2455300363466095
4,120.0,140.0,5.0,176,2032290804,2.181762084572881,-7.499999999999991,0.2544699636533912
4,120.0,140.0,5.0,177,2032290804,-0.01823791542710751,-6.000000000000009,0.2544699636533912
4,120.0,140.0,5.0,178,2032290804,1.0817620845728868,-6.500000000000003,1.2544699636533927
4,120.0,140.0,5.0,179,2032290804,0.3817620845728982,-6.000000000000009,1.2544699636533927
4,120.0,140.0,5.0,180,2032290804,0.3817620845728982,-6.000000000000009,0.7544699636533919
4,120.0,140.0,5.0,181,2032290804,1.1817620845728811,-6.500000000000003,1.2544699636533927
4,120.0,140.0,5.0,182,2032290804,-0.31823791542709046,-4.999999999999995,0.2544699636533912
4,120.0,140.0,5.0,183,2032290804,-1.0182379154271075,-5.4999999999999885,1.2544699636533927
4,120.0,140.0,5.0,184,2032290804,1.5817620845728868,-6.999999999999997,0.2544699636533912
4,120.0,140.0,5.0,185,2032290804,0.9817620845728925,-5.4999999999999885,0.7544699636533919
4,120.0,140.0,5.0,186,2032290804,0.18176208457290954,-6.000000000000009,0.2544699636533912
4,120.0,140.0,5.0,187,2032290804,1.1817620845728811,-6.999999999999997,0.2544699636533912
4,120.0,140.0,5.0,188,2032290804,2.4817620845728925,-6.999999999999997,0.7544699636533919
4,120.0,140.0,5.0,189,2032290804,1.6817620845728811,-6.999999999999997,0.2544699636533912
4,120.0,140.0,5.0,190,2032290804,1.5817620845728868,-6.000000000000009,0.2544699636533912
4,120.0,140.0,5.0,191,2032290804,1.3817620845728982,-6.500000000000003,0.7544699636533919
4,120.0,140.0,5.0,192,2032290804,-0.01823791542710751,-5.4999999999999885,0.2544699636533912
4,120.0,140.0,5.0,193,2032290804,0.3817620845728982,-6.000000000000009,0.2544699636533912
4,120.0,140.0,5.0,194,2032290804,0.28176208457290386,-6.000000000000009,0.2544699636533912
4,120.0,140.0,5.0,195,2032290804,2.381762084572898,-6.999999999999997,0.2544699636533912
4,120.0,140.0,5.0,196,2032290804,0.4817620845728925,-6.999999999999997,0.2544699636533912
4,120.0,140.0,5.0,197,2032290804,0.6817620845728811,-5.4999999999999885,0.7544699636533919
4,120.0,140.0,5.0,198,2032290804,1.8817620845728982,-6.500000000000003,0.2544699636533912
4,120.0,140.0,5.0,199,2032290804,1.4817620845728925,-6.500000000000003,-0.2455300363466095
4,120.0,140.0,10.0,0,2032290805,-0.21823791542709614,-6.000000000000009,0.2544699636533912
4,120.0,140.0,10.0,1,2032290805,1.5817620845728868,-6.500000000000003,-0.2455300363466095
4,120.0,140.0,10.0,2,2032290805,0.4817620845728925,-6.000000000000009,0.7544699636533919
4,120.0,140.0,10.0,3,2032290805,0.4817620845728925,-6.000000000000009,0.2544699636533912
4,120.0,140.0,10.0,4,2032290805,0.7817620845729039,-6.500000000000003,-0.2455300363466095
4,120.0,140.0,10.0,5,2032290805,0.0817620845728868,-5.4999999999999885,0.2544699636533912
4,120.0,140.0,10.0,6,2032290805,-0.01823791542710751,-6.000000000000009,0.7544699636533919
4,120.0,140.0,10.0,7,2032290805,-0.01823791542710751,-5.4999999999999885,0.2544699636533912
4,120.0,140.0,10.0,8,2032290805,0.4817620845728925,-6.000000000000009,0.7544699636533919
4,120.0,140.0,10.0,9,2032290805,0.6817620845728811,-6.500000000000003,0.2544699636533912
4,120.0,140.0,10.0,10,2032290805,0.28176208457290386,-6.500000000000003,0.7544699636533919
4,120.0,140.0,10.0,11,2032290805,0.28176208457290386,-6.000000000000009,0.2544699636533912
4,120.0,140.0,10.0,12,2032290805,0.3817620845728982,-6.000000000000009,0.7544699636533919
4,120.0,140.0,10.0,13,2032290805,0.5817620845728868,-6.500000000000003,0.2544699636533912
4,120.0,140.0,10.0,14,2032290805,0.4817620845728925,-6.000000000000009,0.2544699636533912
4,120.0,140.0,10.0,15,2032290805,1.1817620845728811,-6.500000000000003,0.7544699636533919
4,120.0,140.0,10.0,16,2032290805,-0.21823791542709614,-6.000000000000009,0.7544699636533919
4,120.0,140.0,10.0,17,2032290805,1.5817620845728868,-6.500000000000003,0.2544699636533912
4,120.0,140.0,10.0,18,2032290805,-0.31823791542709046,-5.4999999999999885,0.2544699636533912
4,120.0,140.0,10.0,19,2032290805,1.0817620845728868,-6.500000000000003,0.2544699636533912
4,120.0,140.0,10.0,20,2032290805,0.6817620845728811,-6.500000000000003,0.2544699636533912
4,120.0,140.0,10.0,21,2032290805,0.6817620845728811,-6.000000000000009,-0.2455300363466095
4,120.0,140.0,10.0,22,2032290805,0.5817620845728868,-6.000000000000009,0.7544699636533919
4,120.0,140.0,10.0,23,2032290805,1.1817620845728811,-6.500000000000003,0.7544699636533919
4,120.0,140.0,10.0,24,2032290805,0.5817620845728868,-6.500000000000003,0.7544699636533919
4,120.0,140.0,10.0,25,2032290805,1.3817620845728982,-6.500000000000003,0.2544699636533912
4,120.0,140.0,10.0,26,2032290805,0.5817620845728868,-6.500000000000003,0.2544699636533912
4,120.0,140.0,10.0,27,2032290805,-0.01823791542710751,-5.4999999999999885,0.2544699636533912
4,120.0,140.0,10.0,28,2032290805,0.6817620845728811,-6.000000000000009,0.2544699636533912
4,120.0,140.0,10.0,29,2032290805,0.9817620845728925,-6.000000000000009,0.2544699636533912
4,120.0,140.0,10.0,30,2032290805,-0.11823791542710183,-6.000000000000009,-0.2455300363466095
4,120.0,140.0,10.0,31,2032290805,0.3817620845728982,-6.000000000000009,0.7544699636533919
4,120.0,140.0,10.0,32,2032290805,0.4817620845728925,-6.000000000000009,0.2544699636533912
4,120.0,140.0,10.0,33,2032290805,-0.21823791542709614,-6.000000000000009,0.7544699636533919
4,120.0,140.0,10.0,34,2032290805,0.28176208457290386,-6.000000000000009,0.2544699636533912
4,120.0,140.0,10.0,35,2032290805,1.6817620845728811,-7.499999999999991,0.2544699636533912
4,120.0,140.0,10.0,36,2032290805,1.1817620845728811,-6.999999999999997,0.2544699636533912
4,120.0,140.0,10.0,37,2032290805,-0.6182379154271018,-4.999999999999995,0.2544699636533912
4,120.0,140.0,10.0,38,2032290805,-0.31823791542709046,-5.4999999999999885,0.7544699636533919
4,120.0,140.0,10.0,39,2032290805,0.8817620845728982,-6.000000000000009,-0.2455300363466095
4,120.0,140.0,10.0,40,2032290805,-0.5182379154271075,-5.4999999999999885,0.7544699636533919
4,120.0,140.0,10.0,41,2032290805,0.28176208457290386,-6.000000000000009,0.7544699636533919
4,120.0,140.0,10.0,42,2032290805,1.1817620845728811,-6.500000000000003,0.7544699636533919
4,120.0,140.0,10.0,43,2032290805,0.7817620845729039,-6.500000000000003,0.2544699636533912
4,120.0,140.0,10.0,44,2032290805,-0.21823791542709614,-5.4999999999999885,0.2544699636533912
4,120.0,140.0,10.0,45,2032290805,0.0817620845728868,-6.000000000000009,0.2544699636533912
4,120.0,140.0,10.0,46,2032290805,1.1817620845728811,-6.500000000000003,0.2544699636533912
4,120.0,140.0,10.0,47,2032290805,0.28176208457290386,-6.000000000000009,0.2544699636533912
4,120.0,140.0,10.0,48,2032290805,0.5817620845728868,-6.500000000000003,0.2544699636533912
4,120.0,140.0,10.0,49,2032290805,0.7817620845729039,-6.000000000000009,0.2544699636533912
4,120.0,140.0,10.0,50,2032290805,1.0817620845728868,-6.500000000000003,0.2544699636533912
4,120.0,140.0,10.0,51,2032290805,0.3817620845728982,-6.000000000000009,0.2544699636533912
4,120.0,140.0,10.0,52,2032290805,0.9817620845728925,-6.000000000000009,0.2544699636533912
4,120.0,140.0,10.0,53,2032290805,0.28176208457290386,-6.000000000000009,-0.2455300363466095
4,120.0,140.0,10.0,54,2032290805,-0.01823791542710751,-6.000000000000009,0.7544699636533919
4,120.0,140.0,10.0,55,2032290805,0.18176208457290954,-6.000000000000009,0.2544699636533912
4,120.0,140.0,10.0,56,2032290805,0.0817620845728868,-6.000000000000009,0.7544699636533919
4,120.0,140.0,10.0,57,2032290805,0.3817620845728982,-6.000000000000009,0.2544699636533912
4,120.0,140.0,10.0,58,2032290805,1.0817620845728868,-6.500000000000003,0.2544699636533912
4,120.0,140.0,10.0,59,2032290805,0.9817620845728925,-6.000000000000009,0.2544699636533912
4,120.0,140.0,10.0,60,2032290805,0.5817620845728868,-6.500000000000003,0.2544699636533912
4,120.0,140.0,10.0,61,2032290805,0.3817620845728982,-6.000000000000009,0.2544699636533912
4,120.0,140.0,10.0,62,2032290805,0.7817620845729039,-6.000000000000009,-0.2455300363466095
4,120.0,140.0,10.0,63,2032290805,-0.21823791542709614,-5.4999999999999885,0.2544699636533912
4,120.0,140.0,10.0,64,2032290805,0.5817620845728868,-6.000000000000009,-0.2455300363466095
4,120.0,140.0,10.0,65,2032290805,1.0817620845728868,-6.500000000000003,0.2544699636533912
4,120.0,140.0,10.0,66,2032290805,0.18176208457290954,-6.000000000000009,0.2544699636533912
4,120.0,140.0,10.0,67,2032290805,0.9817620845728925,-6.500000000000003,0.7544699636533919
4,120.0,140.0,10.0,68,2032290805,-0.5182379154271075,-5.4999999999999885,0.7544699636533919
4,120.0,140.0,10.0,69,2032290805,0.18176208457290954,-6.000000000000009,0.2544699636533912
4,120.0,140.0,10.0,70,2032290805,0.4817620845728925,-6.000000000000009,0.7544699636533919
4,120.0,140.0,10.0,71,2032290805,0.28176208457290386,-5.4999999999999885,0.2544699636533912
4,120.0,140.0,10.0,72,2032290805,0.7817620845729039,-6.000000000000009,0.2544699636533912
4,120.0,140.0,10.0,73,2032290805,-0.11823791542710183,-6.000000000000009,0.2544699636533912
4,120.0,140.0,10.0,74,2032290805,-0.31823791542709046,-5.4999999999999885,0.2544699636533912
4,120.0,140.0,10.0,75,2032290805,-0.21823791542709614,-6.000000000000009,0.7544699636533919
4,120.0,140.0,10.0,76,2032290805,0.4817620845728925,-6.500000000000003,0.7544699636533919
4,120.0,140.0,10.0,77,2032290805,2.081762084572887,-6.999999999999997,0.2544699636533912
4,120.0,140.0,10.0,78,2032290805,-0.6182379154271018,-4.999999999999995,0.7544699636533919
4,120.0,140.0,10.0,79,2032290805,-0.11823791542710183,-6.000000000000009,0.2544699636533912
4,120.0,140.0,10.0,80,2032290805,-0.11823791542710183,-5.4999999999999885,0.2544699636533912
4,120.0,140.0,10.0,81,2032290805,-0.21823791542709614,-6.000000000000009,0.7544699636533919
4,120.0,140.0,10.0,82,2032290805,1.5817620845728868,-6.500000000000003,0.2544699636533912
4,120.0,140.0,10.0,83,2032290805,0.4817620845728925,-6.000000000000009,0.7544699636533919
4,120.0,140.0,10.0,84,2032290805,-0.21823791542709614,-5.4999999999999885,0.7544699636533919
4,120.0,140.0,10.0,85,2032290805,0.6817620845728811,-6.500000000000003,0.7544699636533919
4,120.0,140.0,10.0,86,2032290805,0.18176208457290954,-6.000000000000009,0.2544699636533912
4,120.0,140.0,10.0,87,2032290805,0.18176208457290954,-6.000000000000009,0.2544699636533912
4,120.0,140.0,10.0,88,2032290805,0.3817620845728982,-6.000000000000009,0.7544699636533919
4,120.0,140.0,10.0,89,2032290805,-0.5182379154271075,-5.4999999999999885,0.7544699636533919
4,120.0,140.0,10.0,90,2032290805,0.8817620845728982,-6.000000000000009,0.7544699636533919
4,120.0,140.0,10.0,91,2032290805,1.3817620845728982,-6.500000000000003,0.2544699636533912
4,120.0,140.0,10.0,92,2032290805,0.4817620845728925,-6.000000000000009,-0.2455300363466095
4,120.0,140.0,10.0,93,2032290805,0.4817620845728925,-6.000000000000009,0.2544699636533912
4,120.0,140.0,10.0,94,2032290805,-0.31823791542709046,-5.4999999999999885,0.7544699636533919
4,120.0,140.0,10.0,95,2032290805,0.7817620845729039,-6.000000000000009,0.2544699636533912
4,120.0,140.0,10.0,96,2032290805,0.0817620845728868,-5.4999999999999885,0.7544699636533919
4,120.0,140.0,10.0,97,2032290805,0.18176208457290954,-5.4999999999999885,0.2544699636533912
4,120.0,140.0,10.0,98,2032290805,0.5817620845728868,-6.000000000000009,0.7544699636533919
4,120.0,140.0,10.0,99,2032290805,-0.21823791542709614,-5.4999999999999885,0.7544699636533919
4,120.0,140.0,10.0,100,2032290805,-0.11823791542710183,-6.000000000000009,0.7544699636533919
4,120.0,140.0,10.0,101,2032290805,-0.21823791542709614,-5.4999999999999885,0.2544699636533912
4,120.0,140.0,10.0,102,2032290805,0.28176208457290386,-6.000000000000009,0.7544699636533919
4,120.0,140.0,10.0,103,2032290805,0.3817620845728982,-6.000000000000009,0.7544699636533919
4,120.0,140.0,10.0,104,2032290805,0.4817620845728925,-6.000000000000009,0.2544699636533912
4,120.0,140.0,10.0,105,2032290805,1.3817620845728982,-6.500000000000003,0.7544699636533919
4,120.0,140.0,10.0,106,2032290805,1.3817620845728982,-6.500000000000003,0.2544699636533912
4,120.0,140.0,10.0,107,2032290805,0.0817620845728868,-6.000000000000009,0.2544699636533912
4,120.0,140.0,10.0,108,2032290805,-0.11823791542710183,-6.000000000000009,0.7544699636533919
4,120.0,140.0,10.0,109,2032290805,1.3817620845728982,-6.500000000000003,0.2544699636533912
4,120.0,140.0,10.0,110,2032290805,-0.31823791542709046,-6.000000000000009,0.2544699636533912
4,120.0,140.0,10.0,111,2032290805,-0.5182379154271075,-5.4999999999999885,0.2544699636533912
4,120.0,140.0,10.0,112,2032290805,0.9817620845728925,-6.000000000000009,0.2544699636533912
4,120.0,140.0,10.0,113,2032290805,1.0817620845728868,-6.500000000000003,0.7544699636533919
4,120.0,140.0,10.0,114,2032290805,0.3817620845728982,-6.000000000000009,0.7544699636533919
4,120.0,140.0,10.0,115,2032290805,0.28176208457290386,-6.000000000000009,0.2544699636533912
4,120.0,140.0,10.0,116,2032290805,0.6817620845728811,-6.000000000000009,0.2544699636533912
4,120.0,140.0,10.0,117,2032290805,0.7817620845729039,-6.500000000000003,0.7544699636533919
4,120.0,140.0,10.0,118,2032290805,0.4817620845728925,-6.000000000000009,0.2544699636533912
4,120.0,140.0,10.0,119,2032290805,0.0817620845728868,-6.000000000000009,0.2544699636533912
4,120.0,140.0,10.0,120,2032290805,0.7817620845729039,-6.000000000000009,0.2544699636533912
4,120.0,140.0,10.0,121,2032290805,-0.11823791542710183,-5.4999999999999885,0.7544699636533919
4,120.0,140.0,10.0,122,2032290805,0.4817620845728925,-6.000000000000009,0.2544699636533912
4,120.0,140.0,10.0,123,2032290805,0.8817620845728982,-6.500000000000003,0.7544699636533919
4,120.0,140.0,10.0,124,2032290805,-0.01823791542710751,-6.000000000000009,0.7544699636533919
4,120.0,140.0,10.0,125,2032290805,0.0817620845728868,-5.4999999999999885,0.2544699636533912
4,120.0,140.0,10.0,126,2032290805,0.7817620845729039,-6.000000000000009,0.2544699636533912
4,120.0,140.0,10.0,127,2032290805,1.5817620845728868,-6.500000000000003,0.7544699636533919
4,120.0,140.0,10.0,128,2032290805,0.0817620845728868,-6.000000000000009,0.2544699636533912
4,120.0,140.0,10.0,129,2032290805,0.7817620845729039,-6.500000000000003,0.7544699636533919
4,120.0,140.0,10.0,130,2032290805,0.5817620845728868,-6.500000000000003,0.7544699636533919
4,120.0,140.0,10.0,131,2032290805,0.5817620845728868,-6.000000000000009,0.2544699636533912
4,120.0,140.0,10.0,132,2032290805,-0.11823791542710183,-5.4999999999999885,0.2544699636533912
4,120.0,140.0,10.0,133,2032290805,-0.31823791542709046,-5.4999999999999885,0.2544699636533912
4,120.0,140.0,10.0,134,2032290805,0.28176208457290386,-6.000000000000009,0.7544699636533919
4,120.0,140.0,10.0,135,2032290805,0.5817620845728868,-6.000000000000009,0.2544699636533912
4,120.0,140.0,10.0,136,2032290805,0.5817620845728868,-6.000000000000009,0.7544699636533919
4,120.0,140.0,10.0,137,2032290805,0.0817620845728868,-6.000000000000009,0.7544699636533919
4,120.0,140.0,10.0,138,2032290805,-0.01823791542710751,-6.000000000000009,0.7544699636533919
4,120.0,140.0,10.0,139,2032290805,1.4817620845728925,-6.500000000000003,0.2544699636533912
4,120.0,140.0,10.0,140,2032290805,0.9817620845728925,-6.500000000000003,0.2544699636533912
4,120.0,140.0,10.0,141,2032290805,-0.11823791542710183,-6.000000000000009,0.2544699636533912
4,120.0,140.0,10.0,142,2032290805,0.5817620845728868,-6.000000000000009,0.7544699636533919
4,120.0,140.0,10.0,143,2032290805,0.28176208457290386,-6.000000000000009,0.2544699636533912
4,120.0,140.0,10.0,144,2032290805,0.3817620845728982,-6.500000000000003,0.7544699636533919
4,120.0,140.0,10.0,145,2032290805,0.7817620845729039,-6.000000000000009,0.2544699636533912
4,120.0,140.0,10.0,146,2032290805,0.7817620845729039,-6.500000000000003,0.2544699636533912
4,120.0,140.0,10.0,147,2032290805,0.4817620845728925,-6.000000000000009,0.2544699636533912
4,120.0,140.0,10.0,148,2032290805,0.7817620845729039,-6.000000000000009,0.2544699636533912
4,120.0,140.0,10.0,149,2032290805,0.3817620845728982,-6.000000000000009,0.7544699636533919
4,120.0,140.0,10.0,150,2032290805,0.28176208457290386,-6.000000000000009,0.2544699636533912
4,120.0,140.0,10.0,151,2032290805,0.9817620845728925,-6.500000000000003,0.2544699636533912
4,120.0,140.0,10.0,152,2032290805,1.3817620845728982,-6.000000000000009,0.2544699636533912
4,120.0,140.0,10.0,153,2032290805,0.9817620845728925,-6.000000000000009,0.2544699636533912
4,120.0,140.0,10.0,154,2032290805,1.2817620845729039,-6.999999999999997,0.7544699636533919
4,120.0,140.0,10.0,155,2032290805,0.4817620845728925,-6.000000000000009,0.7544699636533919
4,120.0,140.0,10.0,156,2032290805,0.18176208457290954,-5.4999999999999885,0.2544699636533912
4,120.0,140.0,10.0,157,2032290805,0.7817620845729039,-6.500000000000003,0.2544699636533912
4,120.0,140.0,10.0,158,2032290805,-0.01823791542710751,-5.4999999999999885,0.2544699636533912
4,120.0,140.0,10.0,159,2032290805,-0.6182379154271018,-5.4999999999999885,0.2544699636533912
4,120.0,140.0,10.0,160,2032290805,0.7817620845729039,-6.500000000000003,-0.2455300363466095
4,120.0,140.0,10.0,161,2032290805,1.3817620845728982,-6.500000000000003,0.7544699636533919
4,120.0,140.0,10.0,162,2032290805,1.5817620845728868,-6.999999999999997,0.2544699636533912
4,120.0,140.0,10.0,163,2032290805,0.5817620845728868,-6.000000000000009,0.7544699636533919
4,120.0,140.0,10.0,164,2032290805,0.6817620845728811,-6.000000000000009,0.2544699636533912
4,120.0,140.0,10.0,165,2032290805,0.9817620845728925,-6.000000000000009,0.7544699636533919
4,120.0,140.0,10.0,166,2032290805,0.5817620845728868,-6.000000000000009,-0.2455300363466095
4,120.0,140.0,10.0,167,2032290805,1.4817620845728925,-6.999999999999997,0.2544699636533912
4,120.0,140.0,10.0,168,2032290805,0.18176208457290954,-6.000000000000009,0.7544699636533919
4,120.0,140.0,10.0,169,2032290805,-0.11823791542710183,-5.4999999999999885,0.2544699636533912
4,120.0,140.0,10.0,170,2032290805,0.5817620845728868,-6.000000000000009,0.7544699636533919
4,120.0,140.0,10.0,171,2032290805,1.4817620845728925,-6.500000000000003,0.2544699636533912
4,120.0,140.0,10.0,172,2032290805,0.5817620845728868,-6.000000000000009,0.7544699636533919
4,120.0,140.0,10.0,173,2032290805,0.6817620845728811,-6.000000000000009,-0.2455300363466095
4,120.0,140.0,10.0,174,2032290805,0.5817620845728868,-6.000000000000009,0.2544699636533912
4,120.0,140.0,10.0,175,2032290805,0.6817620845728811,-6.500000000000003,0.2544699636533912
4,120.0,140.0,10.0,176,2032290805,-0.7182379154270961,-5.4999999999999885,1.2544699636533927
4,120.0,140.0,10.0,177,2032290805,0.0817620845728868,-6.000000000000009,0.7544699636533919
4,120.0,140.0,10.0,178,2032290805,0.8817620845728982,-6.500000000000003,0.2544699636533912
4,120.0,140.0,10.0,179,2032290805,-0.7182379154270961,-5.4999999999999885,0.2544699636533912
4,120.0,140.0,10.0,180,2032290805,0.0817620845728868,-5.4999999999999885,0.2544699636533912
4,120.0,140.0,10.0,181,2032290805,1.2817620845729039,-6.500000000000003,0.7544699636533919
4,120.0,140.0,10.0,182,2032290805,0.28176208457290386,-6.000000000000009,0.2544699636533912
4,120.0,140.0,10.0,183,2032290805,2.581762084572887,-7.499999999999991,0.2544699636533912
4,120.0,140.0,10.0,184,2032290805,0.0817620845728868,-6.000000000000009,0.7544699636533919
4,120.0,140.0,10.0,185,2032290805,0.5817620845728868,-6.500000000000003,0.2544699636533912
4,120.0,140.0,10.0,186,2032290805,0.18176208457290954,-6.000000000000009,0.7544699636533919
4,120.0,140.0,10.0,187,2032290805,0.0817620845728868,-6.000000000000009,0.2544699636533912
4,120.0,140.0,10.0,188,2032290805,0.5817620845728868,-6.500000000000003,0.7544699636533919
4,120.0,140.0,10.0,189,2032290805,1.1817620845728811,-6.999999999999997,0.7544699636533919
4,120.0,140.0,10.0,190,2032290805,0.9817620845728925,-6.500000000000003,0.7544699636533919
4,120.0,140.0,10.0,191,2032290805,0.3817620845728982,-6.000000000000009,0.2544699636533912
4,120.0,140.0,10.0,192,2032290805,1.2817620845729039,-6.500000000000003,0.2544699636533912
4,120.0,140.0,10.0,193,2032290805,0.5817620845728868,-6.500000000000003,0.7544699636533919
4,120.0,140.0,10.0,194,2032290805,0.4817620845728925,-6.000000000000009,-0.2455300363466095
4,120.0,140.0,10.0,195,2032290805,1.0817620845728868,-6.500000000000003,0.2544699636533912
4,120.0,140.0,10.0,196,2032290805,0.4817620845728925,-6.000000000000009,0.7544699636533919
4,120.0,140.0,10.0,197,2032290805,-0.4182379154271132,-5.4999999999999885,0.7544699636533919
4,120.0,140.0,10.0,198,2032290805,0.5817620845728868,-6.000000000000009,0.7544699636533919
4,120.0,140.0,10.0,199,2032290805,0.8817620845728982,-6.500000000000003,0.2544699636533912
5,75.0,160.0,-15.0,0,2032290900,-4.774558071290386,2.4999999999999973,-3.172867370112482
5,75.0,160.0,-15.0,1,2032290900,-160.57455807128983,-71.5,-55.672867370112485
5,75.0,160.0,-15.0,2,2032290900,-0.8745580712903802,-7.499999999999991,-1.672867370112483
5,75.0,160.0,-15.0,3,2032290900,-86.57455807129008,-86.5,-11.672867370112483
5,75.0,160.0,-15.0,4,2032290900,-156.97455807128983,-24.999999999999996,-12.672867370112483
5,75.0,160.0,-15.0,5,2032290900,24.125441928709535,-15.500000000000004,4.327132629887519
5,75.0,160.0,-15.0,6,2032290900,25.525441928709512,90.0,-4.672867370112484
5,75.0,160.0,-15.0,7,2032290900,26.72544192870953,22.999999999999993,-35.67286737011248
5,75.0,160.0,-15.0,8,2032290900,-146.57455807128986,68.50000000000001,-9.672867370112485
5,75.0,160.0,-15.0,9,2032290900,-56.87455807129018,20.999999999999993,-37.172867370112485
5,75.0,160.0,-15.0,10,2032290900,-98.07455807129004,-57.000000000000014,-51.172867370112485
5,75.0,160.0,-15.0,11,2032290900,-35.17455807129028,-58.00000000000001,-40.672867370112485
5,75.0,160.0,-15.0,12,2032290900,-34.87455807129027,-90.0,-61.172867370112485
5,75.0,160.0,-15.0,13,2032290900,3.025441928709597,-10.500000000000009,6.827132629887516
5,75.0,160.0,-15.0,14,2032290900,-155.67455807128982,-17.00000000000001,-3.6728673701124825
5,75.0,160.0,-15.0,15,2032290900,-103.17455807129002,-42.5,-5.672867370112482
5,75.0,160.0,-15.0,16,2032290900,-6.87455807129038,4.000000000000005,0.3271326298875167
5,75.0,160.0,-15.0,17,2032290900,-31.574558071290284,-30.499999999999986,-96.17286737011248
5,75.0,160.0,-15.0,18,2032290900,-4.4745580712903745,-2.9999999999999916,0.3271326298875167
5,75.0,160.0,-15.0,19,2032290900,43.725441928709444,-58.99999999999999,-74.17286737011247
5,75.0,160.0,-15.0,20,2032290900,-11.07455807129034,-6.500000000000003,0.8271326298875173
5,75.0,160.0,-15.0,21,2032290900,36.325441928709495,-39.499999999999986,-81.6728673701125
5,75.0,160.0,-15.0,22,2032290900,-151.07455807128986,15.000000000000009,-69.67286737011247
5,75.0,160.0,-15.0,23,2032290900,-121.07455807128996,53.000000000000014,18.32713262988752
5,75.0,160.0,-15.0,24,2032290900,-5.87455807129038,-3.500000000000011,1.3271326298875181
5,75.0,160.0,-15.0,25,2032290900,-93.27455807129006,72.0,-28.67286737011248
5,75.0,160.0,-15.0,26,2032290900,-166.0745580712898,-16.499999999999993,15.327132629887515
5,75.0,160.0,-15.0,27,2032290900,70.72544192870936,38.99999999999999,26.32713262988752
5,75.0,160.0,-15.0,28,2032290900,-43.574558071290255,-69.0,-41.67286737011249
5,75.0,160.0,-15.0,29,2032290900,73.92544192870935,90.0,-51.172867370112485
5,75.0,160.0,-15.0,30,2032290900,16.225441928709557,21.50000000000001,-0.17286737011248404
5,75.0,160.0,-15.0,31,2032290900,-159.27455807128982,12.50000000000001,-34.672867370112485
5,75.0,160.0,-15.0,32,2032290900,-87.97455807129008,-47.0,-36.172867370112485
5,75.0,160.0,-15.0,33,2032290900,-50.37455807129021,67.49999999999997,32.827132629887515
5,75.0,160.0,-15.0,34,2032290900,-11.07455807129034,-0.9999999999999887,-6.672867370112484
5,75.0,160.0,-15.0,35,2032290900,-4.574558071290369,2.4999999999999973,-2.6728673701124843
5,75.0,160.0,-15.0,36,2032290900,-153.47455807128983,53.49999999999998,-36.172867370112485
5,75.0,160.0,-15.0,37,2032290900,-80.37455807129011,6.500000000000003,-38.172867370112485
5,75.0,160.0,-15.0,38,2032290900,48.725441928709444,-53.000000000000014,-8.172867370112483
5,75.0,160.0,-15.0,39,2032290900,0.9254419287096027,-5.4999999999999885,-1.672867370112483
5,75.0,160.0,-15.0,40,2032290900,-121.77455807128996,90.0,-45.172867370112485
5,75.0,160.0,-15.0,41,2032290900,15.625441928709563,33.00000000000001,-0.6728673701124815
5,75.0,160.0,-15.0,42,2032290900,27.625441928709506,64.50000000000001,-3.6728673701124825
5,75.0,160.0,-15.0,43,2032290900,-114.27455807128999,-43.0,4.82713262988752
5,75.0,160.0,-15.0,44,2032290900,5.32544192870958,-8.00000000000001,-2.172867370112484
5,75.0,160.0,-15.0,45,2032290900,-96.67455807129005,-13.000000000000005,27.82713262988752
5,75.0,160.0,-15.0,46,2032290900,72.92544192870935,-35.000000000000014,-22.672867370112485
5,75.0,160.0,-15.0,47,2032290900,-44.07455807129023,-4.999999999999995,-28.17286737011248
5,75.0,160.0,-15.0,48,2032290900,-53.974558071290204,-22.5,-21.67286737011248
5,75.0,160.0,-15.0,49,2032290900,-34.47455807129026,13.5,-15.672867370112483
5,75.0,160.0,-15.0,50,2032290900,6.82544192870958,-9.0,1.8271326298875157
5,75.0,160.0,-15.0,51,2032290900,-64.87455807129015,-2.9999999999999916,-44.172867370112485
5,75.0,160.0,-15.0,52,2032290900,-2.274558071290386,-2.4999999999999973,-3.6728673701124825
5,75.0,160.0,-15.0,53,2032290900,-98.67455807129004,11.999999999999991,-35.172867370112485
5,75.0,160.0,-15.0,54,2032290900,-153.07455807128986,-67.5,-51.172867370112485
5,75.0,160.0,-15.0,55,2032290900,-8.874558071290352,-0.9999999999999887,10.327132629887515
5,75.0,160.0,-15.0,56,2032290900,-37.774558071290244,-25.499999999999993,-25.172867370112485
5,75.0,160.0,-15.0,57,2032290900,54.725441928709415,-3.500000000000011,-18.67286737011248
5,75.0,160.0,-15.0,58,2032290900,18.32544192870955,44.000000000000014,-22.672867370112485
5,75.0,160.0,-15.0,59,2032290900,0.8254419287096084,-4.5,-5.672867370112482
5,75.0,160.0,-15.0,60,2032290900,1.725441928709614,-2.0000000000000027,-2.172867370112484
5,75.0,160.0,-15.0,61,2032290900,-139.7745580712899,-63.50000000000002,-63.672867370112485
5,75.0,160.0,-15.0,62,2032290900,-152.37455807128984,-29.499999999999996,4.327132629887519
5,75.0,160.0,-15.0,63,2032290900,-70.57455807129014,21.50000000000001,-99.17286737011247
5,75.0,160.0,-15.0,64,2032290900,40.62544192870948,-81.5,-13.672867370112485
5,75.0,160.0,-15.0,65,2032290900,-98.27455807129004,53.000000000000014,50.32713262988752
5,75.0,160.0,-15.0,66,2032290900,-44.17455807129022,-19.500000000000007,-75.67286737011248
5,75.0,160.0,-15.0,67,2032290900,-52.67455807129021,-57.499999999999986,-10.172867370112483
5,75.0,160.0,-15.0,68,2032290900,-35.67455807129028,-9.99999999999999,-44.172867370112485
5,75.0,160.0,-15.0,69,2032290900,4.325441928709608,48.000000000000014,5.327132629887514
5,75.0,160.0,-15.0,70,2032290900,0.9254419287096027,44.000000000000014,-9.672867370112485
5,75.0,160.0,-15.0,71,2032290900,-55.5745580712902,90.0,29.327132629887515
5,75.0,160.0,-15.0,72,2032290900,-50.774558071290215,11.499999999999996,-4.672867370112484
5,75.0,160.0,-15.0,73,2032290900,0.6254419287096198,-4.000000000000005,4.327132629887519
5,75.0,160.0,-15.0,74,2032290900,8.925441928709574,-12.50000000000001,-1.1728673701124823
5,75.0,160.0,-15.0,75,2032290900,-52.67455807129021,-90.0,-93.17286737011248
5,75.0,160.0,-15.0,76,2032290900,14.525441928709569,12.50000000000001,4.82713262988752
5,75.0,160.0,-15.0,77,2032290900,9.025441928709569,33.00000000000001,-4.172867370112483
5,75.0,160.0,-15.0,78,2032290900,-22.974558071290318,31.5,-28.67286737011248
5,75.0,160.0,-15.0,79,2032290900,-3.074558071290369,0.0,-1.1728673701124823
5,75.0,160.0,-15.0,80,2032290900,8.925441928709574,29.000000000000004,-7.172867370112485
5,75.0,160.0,-15.0,81,2032290900,-132.67455807128994,38.99999999999999,-39.172867370112485
5,75.0,160.0,-15.0,82,2032290900,4.82544192870958,-11.999999999999991,-4.172867370112483
5,75.0,160.0,-15.0,83,2032290900,-107.67455807129001,60.99999999999997,-62.67286737011248
5,75.0,160.0,-15.0,84,2032290900,-4.87455807129038,3.500000000000011,7.827132629887518
5,75.0,160.0,-15.0,85,2032290900,3.8254419287096084,-6.999999999999997,2.827132629887517
5,75.0,160.0,-15.0,86,2032290900,-108.07455807129,13.999999999999995,-50.172867370112485
5,75.0,160.0,-15.0,87,2032290900,30.125441928709506,-31.999999999999993,-36.172867370112485
5,75.0,160.0,-15.0,88,2032290900,-158.77455807128982,53.49999999999998,-46.17286737011249
5,75.0,160.0,-15.0,89,2032290900,7.625441928709591,-10.500000000000009,-1.1728673701124823
5,75.0,160.0,-15.0,90,2032290900,-66.17455807129015,52.49999999999999,-23.67286737011248
5,75.0,160.0,-15.0,91,2032290900,51.02544192870943,-49.00000000000001,-17.172867370112485
5,75.0,160.0,-15.0,92,2032290900,-142.67455807128988,-35.000000000000014,50.32713262988752
5,75.0,160.0,-15.0,93,2032290900,3.9254419287096027,-13.999999999999995,-1.1728673701124823
5,75.0,160.0,-15.0,94,2032290900,66.62544192870936,38.5,-36.672867370112485
5,75.0,160.0,-15.0,95,2032290900,19.425441928709546,22.5,-66.17286737011248
5,75.0,160.0,-15.0,96,2032290900,3.7254419287095857,35.000000000000014,4.327132629887519
5,75.0,160.0,-15.0,97,2032290900,-126.07455807128994,22.5,2.327132629887516
5,75.0,160.0,-15.0,98,2032290900,21.02544192870954,23.500000000000014,-10.172867370112483
5,75.0,160.0,-15.0,99,2032290900,-139.67455807128988,32.500000000000014,-40.17286737011248
5,75.0,160.0,-15.0,100,2032290900,-158.17455807128982,20.999999999999993,-3.172867370112482
5,75.0,160.0,-15.0,101,2032290900,-139.57455807128989,-1.5000000000000084,-10.172867370112483
5,75.0,160.0,-15.0,102,2032290900,9.82544192870958,-47.0,-39.672867370112485
5,75.0,160.0,-15.0,103,2032290900,-54.874558071290195,50.500000000000014,-99.6728673701125
5,75.0,160.0,-15.0,104,2032290900,-134.97455807128992,60.99999999999997,-32.672867370112485
5,75.0,160.0,-15.0,105,2032290900,-155.37455807128984,-8.500000000000005,35.82713262988752
5,75.0,160.0,-15.0,106,2032290900,-23.7745580712903,-90.0,8.827132629887519
5,75.0,160.0,-15.0,107,2032290900,-86.47455807129009,-90.0,-3.6728673701124825
5,75.0,160.0,-15.0,108,2032290900,-158.07455807128983,48.000000000000014,-65.67286737011248
5,75.0,160.0,-15.0,109,2032290900,-4.574558071290369,-81.0,11.327132629887517
5,75.0,160.0,-15.0,110,2032290900,-1.774558071290386,-8.500000000000005,-3.172867370112482
5,75.0,160.0,-15.0,111,2032290900,-117.77455807128997,58.99999999999999,-44.172867370112485
5,75.0,160.0,-15.0,112,2032290900,-139.0745580712899,90.0,-65.17286737011247
5,75.0,160.0,-15.0,113,2032290900,-97.57455807129004,18.499999999999993,-45.672867370112485
5,75.0,160.0,-15.0,114,2032290900,-106.67455807129001,-22.5,5.327132629887514
5,75.0,160.0,-15.0,115,2032290900,-157.77455807128985,19.500000000000007,-7.672867370112482
5,75.0,160.0,-15.0,116,2032290900,-163.3745580712898,10.500000000000009,18.827132629887515
5,75.0,160.0,-15.0,117,2032290900,-0.3745580712903802,-4.5,-6.172867370112483
5,75.0,160.0,-15.0,118,2032290900,59.425441928709404,2.4999999999999973,-44.67286737011248
5,75.0,160.0,-15.0,119,2032290900,20.125441928709535,27.499999999999993,6.327132629887515
5,75.0,160.0,-15.0,120,2032290900,5.725441928709586,-13.999999999999995,2.827132629887517
5,75.0,160.0,-15.0,121,2032290900,-113.77455807128999,36.49999999999999,-53.172867370112485
5,75.0,160.0,-15.0,122,2032290900,-42.17455807129022,76.0,8.827132629887519
5,75.0,160.0,-15.0,123,2032290900,-0.5745580712903973,-6.000000000000009,7.327132629887517
5,75.0,160.0,-15.0,124,2032290900,1.525441928709597,0.9999999999999887,0.8271326298875173
5,75.0,160.0,-15.0,125,2032290900,24.325441928709523,-20.999999999999993,-7.172867370112485
5,75.0,160.0,-15.0,126,2032290900,-73.57455807129013,6.000000000000009,-57.172867370112485
5,75.0,160.0,-15.0,127,2032290900,46.12544192870945,11.499999999999996,6.327132629887515
5,75.0,160.0,-15.0,128,2032290900,-149.67455807128985,-12.50000000000001,-80.17286737011248
5,75.0,160.0,-15.0,129,2032290900,-37.97455807129026,4.5,-15.672867370112483
5,75.0,160.0,-15.0,130,2032290900,-34.97455807129026,-31.5,-40.672867370112485
5,75.0,160.0,-15.0,131,2032290900,1.9254419287096027,-2.0000000000000027,-0.6728673701124815
5,75.0,160.0,-15.0,132,2032290900,-102.47455807129003,10.500000000000009,-40.672867370112485
5,75.0,160.0,-15.0,133,2032290900,-150.57455807128986,90.0,-53.672867370112485
5,75.0,160.0,-15.0,134,2032290900,-121.37455807128995,-40.00000000000001,5.827132629887515
5,75.0,160.0,-15.0,135,2032290900,7.225441928709586,-9.499999999999995,-3.172867370112482
5,75.0,160.0,-15.0,136,2032290900,-166.0745580712898,-90.0,-54.172867370112485
5,75.0,160.0,-15.0,137,2032290900,26.22544192870953,32.500000000000014,-82.67286737011248
5,75.0,160.0,-15.0,138,2032290900,-142.57455807128989,62.000000000000014,-9.672867370112485
5,75.0,160.0,-15.0,139,2032290900,-2.774558071290386,-13.5,2.827132629887517
5,75.0,160.0,-15.0,140,2032290900,-28.2745580712903,-42.00000000000001,-41.67286737011249
5,75.0,160.0,-15.0,141,2032290900,-97.47455807129005,-11.999999999999991,-26.672867370112485
5,75.0,160.0,-15.0,142,2032290900,58.12544192870939,32.500000000000014,-63.672867370112485
5,75.0,160.0,-15.0,143,2032290900,3.3254419287096084,-13.000000000000005,-1.672867370112483
5,75.0,160.0,-15.0,144,2032290900,-54.474558071290204,-29.000000000000004,7.327132629887517
5,75.0,160.0,-15.0,145,2032290900,-129.87455807128993,13.5,-6.172867370112483
5,75.0,160.0,-15.0,146,2032290900,62.925441928709375,-43.0,-36.172867370112485
5,75.0,160.0,-15.0,147,2032290900,73.92544192870935,0.49999999999999434,-73.17286737011248
5,75.0,160.0,-15.0,148,2032290900,-157.27455807128985,2.4999999999999973,-21.172867370112485
5,75.0,160.0,-15.0,149,2032290900,0.9254419287096027,-12.50000000000001,6.827132629887516
5,75.0,160.0,-15.0,150,2032290900,-110.67455807129,-81.5,-23.67286737011248
5,75.0,160.0,-15.0,151,2032290900,-4.174558071290363,-6.000000000000009,0.3271326298875167
5,75.0,160.0,-15.0,152,2032290900,-75.27455807129013,0.9999999999999887,-54.172867370112485
5,75.0,160.0,-15.0,153,2032290900,56.725441928709415,38.99999999999999,-20.672867370112485
5,75.0,160.0,-15.0,154,2032290900,73.92544192870935,10.500000000000009,-6.672867370112484
5,75.0,160.0,-15.0,155,2032290900,-108.17455807129001,-20.999999999999993,40.32713262988752
5,75.0,160.0,-15.0,156,2032290900,-129.17455807128994,22.999999999999993,-45.172867370112485
5,75.0,160.0,-15.0,157,2032290900,-90.97455807129006,-90.0,36.82713262988752
5,75.0,160.0,-15.0,158,2032290900,-7.574558071290369,-9.499999999999995,-7.672867370112482
5,75.0,160.0,-15.0,159,2032290900,62.425441928709375,90.0,46.327132629887515
5,75.0,160.0,-15.0,160,2032290900,-2.87455807129038,-6.000000000000009,1.3271326298875181
5,75.0,160.0,-15.0,161,2032290900,-27.47455807129029,9.499999999999995,-13.672867370112485
5,75.0,160.0,-15.0,162,2032290900,-6.674558071290363,-2.0000000000000027,3.327132629887518
5,75.0,160.0,-15.0,163,2032290900,42.025441928709455,33.00000000000001,-0.17286737011248404
5,75.0,160.0,-15.0,164,2032290900,68.42544192870938,-63.0,-56.172867370112485
5,75.0,160.0,-15.0,165,2032290900,-18.574558071290312,90.0,43.32713262988752
5,75.0,160.0,-15.0,166,2032290900,-158.57455807128983,-9.99999999999999,-40.17286737011248
5,75.0,160.0,-15.0,167,2032290900,-52.37455807129021,-48.499999999999986,19.327132629887515
5,75.0,160.0,-15.0,168,2032290900,-123.37455807128995,8.500000000000005,-57.672867370112485
5,75.0,160.0,-15.0,169,2032290900,-8.974558071290346,2.4999999999999973,-0.17286737011248404
5,75.0,160.0,-15.0,170,2032290900,4.625441928709591,-6.500000000000003,2.327132629887516
5,75.0,160.0,-15.0,171,2032290900,-1.1745580712903916,-2.4999999999999973,1.8271326298875157
5,75.0,160.0,-15.0,172,2032290900,-166.0745580712898,67.0,17.32713262988752
5,75.0,160.0,-15.0,173,2032290900,17.32544192870955,15.500000000000004,-5.172867370112485
5,75.0,160.0,-15.0,174,2032290900,47.82544192870944,-35.000000000000014,-15.172867370112483
5,75.0,160.0,-15.0,175,2032290900,-166.0745580712898,-9.99999999999999,20.827132629887515
5,75.0,160.0,-15.0,176,2032290900,46.025441928709455,-35.50000000000001,-81.6728673701125
5,75.0,160.0,-15.0,177,2032290900,-121.87455807128995,-20.999999999999993,26.32713262988752
5,75.0,160.0,-15.0,178,2032290900,-81.5745580712901,-40.5,-9.172867370112485
5,75.0,160.0,-15.0,179,2032290900,-36.17455807129025,35.50000000000001,-35.67286737011248
5,75.0,160.0,-15.0,180,2032290900,-138.67455807128988,-23.500000000000014,11.327132629887517
5,75.0,160.0,-15.0,181,2032290900,-136.1745580712899,-68.0,-31.67286737011249
5,75.0,160.0,-15.0,182,2032290900,-39.47455807129023,31.5,47.327132629887515
5,75.0,160.0,-15.0,183,2032290900,-36.77455807129027,8.500000000000005,5.327132629887514
5,75.0,160.0,-15.0,184,2032290900,-3.1745580712903916,-2.0000000000000027,0.3271326298875167
5,75.0,160.0,-15.0,185,2032290900,0.9254419287096027,-5.4999999999999885,-1.1728673701124823
5,75.0,160.0,-15.0,186,2032290900,-99.27455807129004,13.5,-30.172867370112485
5,75.0,160.0,-15.0,187,2032290900,-96.17455807129005,-4.5,10.327132629887515
5,75.0,160.0,-15.0,188,2032290900,-14.674558071290335,11.999999999999991,6.827132629887516
5,75.0,160.0,-15.0,189,2032290900,73.92544192870935,-47.5,-38.672867370112485
5,75.0,160.0,-15.0,190,2032290900,-163.5745580712898,4.5,-69.17286737011248
5,75.0,160.0,-15.0,191,2032290900,-77.97455807129012,57.499999999999986,-49.17286737011248
5,75.0,160.0,-15.0,192,2032290900,-91.67455807129006,52.49999999999999,-73.67286737011248
5,75.0,160.0,-15.0,193,2032290900,-141.67455807128988,59.999999999999986,7.327132629887517
5,75.0,160.0,-15.0,194,2032290900,-0.7745580712903859,-1.5000000000000084,-1.1728673701124823
5,75.0,160.0,-15.0,195,2032290900,-106.97455807129,32.500000000000014,-14.172867370112483
5,75.0,160.0,-15.0,196,2032290900,-106.17455807129002,10.500000000000009,25.82713262988752
5,75.0,160.0,-15.0,197,2032290900,3.525441928709597,-4.999999999999995,-2.172867370112484
5,75.0,160.0,-15.0,198,2032290900,31.92544192870949,36.999999999999986,-27.672867370112485
5,75.0,160.0,-15.0,199,2032290900,66.32544192870938,7.499999999999991,2.827132629887517
5,75.0,160.0,-10.0,0,2032290901,4.725441928709586,-6.000000000000009,-4.172867370112483
5,75.0,160.0,-10.0,1,2032290901,3.4254419287096027,-8.00000000000001,1.3271326298875181
5,75.0,160.0,-10.0,2,2032290901,7.32544192870958,-11.499999999999996,0.3271326298875167
5,75.0,160.0,-10.0,3,2032290901,16.225441928709557,22.999999999999993,-4.672867370112484
5,75.0,160.0,-10.0,4,2032290901,26.825441928709523,13.000000000000005,-7.172867370112485
5,75.0,160.0,-10.0,5,2032290901,73.02544192870934,-42.5,-78.17286737011248
5,75.0,160.0,-10.0,6,2032290901,7.425441928709574,-9.99999999999999,-0.17286737011248404
5,75.0,160.0,-10.0,7,2032290901,-18.074558071290312,-9.99999999999999,9.32713262988752
5,75.0,160.0,-10.0,8,2032290901,-28.874558071290295,-3.500000000000011,4.82713262988752
5,75.0,160.0,-10.0,9,2032290901,73.92544192870935,-70.0,-20.672867370112485
5,75.0,160.0,-10.0,10,2032290901,-62.27455807129017,-42.5,-30.672867370112485
5,75.0,160.0,-10.0,11,2032290901,-46.47455807129023,17.500000000000007,14.327132629887513
5,75.0,160.0,-10.0,12,2032290901,-141.67455807128988,40.5,-31.67286737011249
5,75.0,160.0,-10.0,13,2032290901,5.725441928709586,-9.499999999999995,1.3271326298875181
5,75.0,160.0,-10.0,14,2032290901,-2.274558071290386,-1.5000000000000084,3.8271326298875183
5,75.0,160.0,-10.0,15,2032290901,-0.8745580712903802,-0.9999999999999887,-1.672867370112483
5,75.0,160.0,-10.0,16,2032290901,17.225441928709557,22.000000000000007,-5.672867370112482
5,75.0,160.0,-10.0,17,2032290901,-1.0745580712903973,-2.9999999999999916,-1.672867370112483
5,75.0,160.0,-10.0,18,2032290901,3.3254419287096084,-8.500000000000005,-0.17286737011248404
5,75.0,160.0,-10.0,19,2032290901,1.9254419287096027,-0.9999999999999887,2.327132629887516
5,75.0,160.0,-10.0,20,2032290901,8.225441928709586,-7.499999999999991,0.3271326298875167
5,75.0,160.0,-10.0,21,2032290901,-64.37455807129017,-13.999999999999995,-19.67286737011248
5,75.0,160.0,-10.0,22,2032290901,-1.5745580712903973,-8.500000000000005,0.3271326298875167
5,75.0,160.0,-10.0,23,2032290901,3.4254419287096027,-9.0,1.3271326298875181
5,75.0,160.0,-10.0,24,2032290901,-4.37455807129038,-4.000000000000005,0.8271326298875173
5,75.0,160.0,-10.0,25,2032290901,-36.27455807129027,-17.00000000000001,-67.17286737011248
5,75.0,160.0,-10.0,26,2032290901,-2.9745580712903745,-5.4999999999999885,2.327132629887516
5,75.0,160.0,-10.0,27,2032290901,16.925441928709546,24.999999999999996,3.327132629887518
5,75.0,160.0,-10.0,28,2032290901,43.225441928709444,11.499999999999996,-43.172867370112485
5,75.0,160.0,-10.0,29,2032290901,-163.3745580712898,-7.499999999999991,1.8271326298875157
5,75.0,160.0,-10.0,30,2032290901,-0.07455807129039727,-6.999999999999997,-4.172867370112483
5,75.0,160.0,-10.0,31,2032290901,-78.67455807129011,-57.000000000000014,-68.17286737011248
5,75.0,160.0,-10.0,32,2032290901,-5.174558071290363,-2.0000000000000027,-3.172867370112482
5,75.0,160.0,-10.0,33,2032290901,-125.07455807128994,-39.499999999999986,-41.172867370112485
5,75.0,160.0,-10.0,34,2032290901,-30.074558071290284,-10.500000000000009,8.327132629887519
5,75.0,160.0,-10.0,35,2032290901,-0.8745580712903802,-4.5,1.3271326298875181
5,75.0,160.0,-10.0,36,2032290901,-99.37455807129004,34.0,-35.67286737011248
5,75.0,160.0,-10.0,37,2032290901,-31.97455807129029,-1.5000000000000084,-95.1728673701125
5,75.0,160.0,-10.0,38,2032290901,-65.67455807129016,15.500000000000004,-79.17286737011248
5,75.0,160.0,-10.0,39,2032290901,-128.37455807128993,-10.500000000000009,16.82713262988752
5,75.0,160.0,-10.0,40,2032290901,-0.7745580712903859,-4.999999999999995,-0.17286737011248404
5,75.0,160.0,-10.0,41,2032290901,0.02544192870959705,-8.00000000000001,-1.672867370112483
5,75.0,160.0,-10.0,42,2032290901,0.3254419287096084,-5.4999999999999885,-0.6728673701124815
5,75.0,160.0,-10.0,43,2032290901,1.8254419287096084,-8.500000000000005,-6.172867370112483
5,75.0,160.0,-10.0,44,2032290901,-10.874558071290352,4.999999999999995,-1.672867370112483
5,75.0,160.0,-10.0,45,2032290901,-61.37455807129017,26.500000000000007,44.82713262988752
5,75.0,160.0,-10.0,46,2032290901,0.02544192870959705,-2.4999999999999973,0.8271326298875173
5,75.0,160.0,-10.0,47,2032290901,0.7254419287096141,-6.000000000000009,0.8271326298875173
5,75.0,160.0,-10.0,48,2032290901,-5.87455807129038,-3.500000000000011,-1.672867370112483
5,75.0,160.0,-10.0,49,2032290901,-1.0745580712903973,-8.500000000000005,-0.17286737011248404
5,75.0,160.0,-10.0,50,2032290901,-3.574558071290369,-2.4999999999999973,-2.6728673701124843
5,75.0,160.0,-10.0,51,2032290901,-3.774558071290386,-0.9999999999999887,-0.17286737011248404
5,75.0,160.0,-10.0,52,2032290901,57.62544192870939,25.499999999999993,-1.672867370112483
5,75.0,160.0,-10.0,53,2032290901,73.92544192870935,50.500000000000014,3.327132629887518
5,75.0,160.0,-10.0,54,2032290901,1.6254419287095914,-7.499999999999991,-1.672867370112483
5,75.0,160.0,-10.0,55,2032290901,2.225441928709614,-6.999999999999997,3.8271326298875183
5,75.0,160.0,-10.0,56,2032290901,3.3254419287096084,-3.500000000000011,1.8271326298875157
5,75.0,160.0,-10.0,57,2032290901,-103.47455807129002,-48.000000000000014,-46.17286737011249
5,75.0,160.0,-10.0,58,2032290901,-44.17455807129022,-36.49999999999999,-17.172867370112485
5,75.0,160.0,-10.0,59,2032290901,7.625441928709591,-13.5,4.327132629887519
5,75.0,160.0,-10.0,60,2032290901,17.52544192870954,24.999999999999996,-3.172867370112482
5,75.0,160.0,-10.0,61,2032290901,-111.47455807128999,-49.00000000000001,1.8271326298875157
5,75.0,160.0,-10.0,62,2032290901,28.2254419287095,8.500000000000005,-38.672867370112485
5,75.0,160.0,-10.0,63,2032290901,2.225441928709614,-7.499999999999991,4.327132629887519
5,75.0,160.0,-10.0,64,2032290901,4.625441928709591,-8.00000000000001,1.8271326298875157
5,75.0,160.0,-10.0,65,2032290901,4.525441928709597,-8.500000000000005,4.327132629887519
5,75.0,160.0,-10.0,66,2032290901,3.6254419287095914,-8.00000000000001,-2.6728673701124843
5,75.0,160.0,-10.0,67,2032290901,5.025441928709597,-9.99999999999999,-3.172867370112482
5,75.0,160.0,-10.0,68,2032290901,-97.57455807129004,74.5,-48.172867370112485
5,75.0,160.0,-10.0,69,2032290901,3.4254419287096027,-5.4999999999999885,1.3271326298875181
5,75.0,160.0,-10.0,70,2032290901,-4.174558071290363,-6.000000000000009,2.827132629887517
5,75.0,160.0,-10.0,71,2032290901,-4.174558071290363,-4.000000000000005,-2.172867370112484
5,75.0,160.0,-10.0,72,2032290901,-2.574558071290369,-4.000000000000005,-0.17286737011248404
5,75.0,160.0,-10.0,73,2032290901,5.225441928709586,-8.500000000000005,-2.6728673701124843
5,75.0,160.0,-10.0,74,2032290901,-3.9745580712903745,-0.49999999999999434,1.8271326298875157
5,75.0,160.0,-10.0,75,2032290901,27.125441928709506,5.4999999999999885,3.327132629887518
5,75.0,160.0,-10.0,76,2032290901,-0.7745580712903859,-2.4999999999999973,-0.17286737011248404
5,75.0,160.0,-10.0,77,2032290901,9.725441928709586,37.50000000000001,2.327132629887516
5,75.0,160.0,-10.0,78,2032290901,16.82544192870955,24.500000000000004,3.327132629887518
5,75.0,160.0,-10.0,79,2032290901,4.325441928709608,-9.0,0.8271326298875173
5,75.0,160.0,-10.0,80,2032290901,6.425441928709574,-8.00000000000001,-0.6728673701124815
5,75.0,160.0,-10.0,81,2032290901,5.725441928709586,39.499999999999986,-2.172867370112484
5,75.0,160.0,-10.0,82,2032290901,2.8254419287096084,-6.000000000000009,-2.6728673701124843
5,75.0,160.0,-10.0,83,2032290901,15.725441928709557,22.999999999999993,3.8271326298875183
5,75.0,160.0,-10.0,84,2032290901,4.82544192870958,-9.499999999999995,-1.1728673701124823
5,75.0,160.0,-10.0,85,2032290901,6.82544192870958,-11.499999999999996,0.8271326298875173
5,75.0,160.0,-10.0,86,2032290901,4.925441928709603,-9.0,-4.672867370112484
5,75.0,160.0,-10.0,87,2032290901,-51.37455807129021,-90.0,6.327132629887515
5,75.0,160.0,-10.0,88,2032290901,2.6254419287095914,-6.000000000000009,0.3271326298875167
5,75.0,160.0,-10.0,89,2032290901,44.525441928709455,24.000000000000007,0.8271326298875173
5,75.0,160.0,-10.0,90,2032290901,-75.37455807129012,-90.0,-2.6728673701124843
5,75.0,160.0,-10.0,91,2032290901,3.1254419287095914,-6.999999999999997,-7.672867370112482
5,75.0,160.0,-10.0,92,2032290901,-2.6745580712903916,-4.000000000000005,0.3271326298875167
5,75.0,160.0,-10.0,93,2032290901,-166.0745580712898,35.000000000000014,-22.172867370112485
5,75.0,160.0,-10.0,94,2032290901,8.525441928709569,-11.499999999999996,-1.1728673701124823
5,75.0,160.0,-10.0,95,2032290901,2.3254419287096084,-6.999999999999997,2.827132629887517
5,75.0,160.0,-10.0,96,2032290901,11.125441928709563,28.500000000000007,-3.172867370112482
5,75.0,160.0,-10.0,97,2032290901,9.32544192870958,-9.99999999999999,1.3271326298875181
5,75.0,160.0,-10.0,98,2032290901,-1.4745580712903745,-0.9999999999999887,1.3271326298875181
5,75.0,160.0,-10.0,99,2032290901,-68.27455807129014,90.0,23.827132629887515
5,75.0,160.0,-10.0,100,2032290901,-109.27455807129,6.500000000000003,-55.672867370112485
5,75.0,160.0,-10.0,101,2032290901,-3.37455807129038,-1.5000000000000084,0.3271326298875167
5,75.0,160.0,-10.0,102,2032290901,-23.474558071290318,90.0,-48.672867370112485
5,75.0,160.0,-10.0,103,2032290901,25.625441928709506,17.00000000000001,7.827132629887518
5,75.0,160.0,-10.0,104,2032290901,-96.87455807129004,35.50000000000001,-84.67286737011248
5,75.0,160.0,-10.0,105,2032290901,-0.6745580712903916,-2.9999999999999916,6.827132629887516
5,75.0,160.0,-10.0,106,2032290901,-0.9745580712903745,-6.999999999999997,-1.672867370112483
5,75.0,160.0,-10.0,107,2032290901,11.32544192870958,33.00000000000001,-2.6728673701124843
5,75.0,160.0,-10.0,108,2032290901,13.425441928709574,27.0,-1.672867370112483
5,75.0,160.0,-10.0,109,2032290901,52.42544192870943,52.49999999999999,-9.672867370112485
5,75.0,160.0,-10.0,110,2032290901,0.02544192870959705,-6.000000000000009,-3.172867370112482
5,75.0,160.0,-10.0,111,2032290901,6.225441928709586,-8.00000000000001,-4.672867370112484
5,75.0,160.0,-10.0,112,2032290901,0.3254419287096084,-7.499999999999991,-1.1728673701124823
5,75.0,160.0,-10.0,113,2032290901,4.82544192870958,-6.999999999999997,-1.1728673701124823
5,75.0,160.0,-10.0,114,2032290901,-31.674558071290278,2.0000000000000027,-3.172867370112482
5,75.0,160.0,-10.0,115,2032290901,8.025441928709569,-10.500000000000009,0.8271326298875173
5,75.0,160.0,-10.0,116,2032290901,-29.574558071290284,6.500000000000003,15.327132629887515
5,75.0,160.0,-10.0,117,2032290901,-86.17455807129008,80.00000000000001,-57.672867370112485
5,75.0,160.0,-10.0,118,2032290901,-48.67455807129022,-42.00000000000001,-33.672867370112485
5,75.0,160.0,-10.0,119,2032290901,-9.774558071290357,0.49999999999999434,-0.6728673701124815
5,75.0,160.0,-10.0,120,2032290901,-61.974558071290176,-63.50000000000002,-21.67286737011248
5,75.0,160.0,-10.0,121,2032290901,7.32544192870958,-8.00000000000001,1.8271326298875157
5,75.0,160.0,-10.0,122,2032290901,3.2254419287095857,-7.499999999999991,-0.17286737011248404
5,75.0,160.0,-10.0,123,2032290901,2.025441928709597,-9.0,0.3271326298875167
5,75.0,160.0,-10.0,124,2032290901,-130.17455807128994,6.500000000000003,-36.672867370112485
5,75.0,160.0,-10.0,125,2032290901,24.525441928709512,4.000000000000005,-2.6728673701124843
5,75.0,160.0,-10.0,126,2032290901,-2.774558071290386,-3.500000000000011,1.8271326298875157
5,75.0,160.0,-10.0,127,2032290901,18.72544192870953,20.499999999999996,-5.672867370112482
5,75.0,160.0,-10.0,128,2032290901,8.82544192870958,-13.000000000000005,0.3271326298875167
5,75.0,160.0,-10.0,129,2032290901,8.025441928709569,-8.500000000000005,-1.672867370112483
5,75.0,160.0,-10.0,130,2032290901,46.725441928709444,-42.00000000000001,-54.672867370112485
5,75.0,160.0,-10.0,131,2032290901,-0.17455807129039158,-4.5,-0.17286737011248404
5,75.0,160.0,-10.0,132,2032290901,21.72544192870953,15.000000000000009,-0.17286737011248404
5,75.0,160.0,-10.0,133,2032290901,-2.9745580712903745,-5.4999999999999885,0.3271326298875167
5,75.0,160.0,-10.0,134,2032290901,21.425441928709546,17.00000000000001,-4.172867370112483
5,75.0,160.0,-10.0,135,2032290901,-45.67455807129022,15.000000000000009,-49.17286737011248
5,75.0,160.0,-10.0,136,2032290901,-24.2745580712903,90.0,-71.67286737011248
5,75.0,160.0,-10.0,137,2032290901,1.4254419287096027,-5.4999999999999885,-2.172867370112484
5,75.0,160.0,-10.0,138,2032290901,4.225441928709586,-7.499999999999991,-0.6728673701124815
5,75.0,160.0,-10.0,139,2032290901,1.3254419287096084,-6.500000000000003,-3.172867370112482
5,75.0,160.0,-10.0,140,2032290901,49.02544192870943,19.500000000000007,-59.172867370112485
5,75.0,160.0,-10.0,141,2032290901,14.425441928709546,29.499999999999996,-8.672867370112483
5,75.0,160.0,-10.0,142,2032290901,-12.57455807129034,4.000000000000005,2.327132629887516
5,75.0,160.0,-10.0,143,2032290901,-3.274558071290386,-2.9999999999999916,4.327132629887519
5,75.0,160.0,-10.0,144,2032290901,36.52544192870948,-63.999999999999986,-37.672867370112485
5,75.0,160.0,-10.0,145,2032290901,-1.1745580712903916,-8.500000000000005,-3.172867370112482
5,75.0,160.0,-10.0,146,2032290901,-46.17455807129022,-22.999999999999993,-43.172867370112485
5,75.0,160.0,-10.0,147,2032290901,-123.07455807128996,-47.5,-0.6728673701124815
5,75.0,160.0,-10.0,148,2032290901,73.92544192870935,16.499999999999993,17.82713262988752
5,75.0,160.0,-10.0,149,2032290901,-3.274558071290386,0.0,3.327132629887518
5,75.0,160.0,-10.0,150,2032290901,-2.6745580712903916,-2.9999999999999916,2.827132629887517
5,75.0,160.0,-10.0,151,2032290901,60.82544192870938,-33.00000000000001,14.827132629887515
5,75.0,160.0,-10.0,152,2032290901,6.625441928709591,-9.0,1.3271326298875181
5,75.0,160.0,-10.0,153,2032290901,-105.77455807129002,6.999999999999997,-1.672867370112483
5,75.0,160.0,-10.0,154,2032290901,-133.0745580712899,19.500000000000007,-54.672867370112485
5,75.0,160.0,-10.0,155,2032290901,-103.17455807129002,-27.0,-18.172867370112485
5,75.0,160.0,-10.0,156,2032290901,-29.574558071290284,-12.50000000000001,-38.172867370112485
5,75.0,160.0,-10.0,157,2032290901,9.225441928709586,-9.99999999999999,-4.672867370112484
5,75.0,160.0,-10.0,158,2032290901,0.02544192870959705,-9.0,0.8271326298875173
5,75.0,160.0,-10.0,159,2032290901,-41.47455807129023,45.0,-32.172867370112485
5,75.0,160.0,-10.0,160,2032290901,11.025441928709569,33.00000000000001,2.827132629887517
5,75.0,160.0,-10.0,161,2032290901,-147.87455807128987,36.999999999999986,5.327132629887514
5,75.0,160.0,-10.0,162,2032290901,4.125441928709591,-7.499999999999991,-3.6728673701124825
5,75.0,160.0,-10.0,163,2032290901,-88.97455807129008,-1.5000000000000084,-22.672867370112485
5,75.0,160.0,-10.0,164,2032290901,-2.074558071290369,-4.999999999999995,-1.1728673701124823
5,75.0,160.0,-10.0,165,2032290901,3.1254419287095914,-8.500000000000005,2.827132629887517
5,75.0,160.0,-10.0,166,2032290901,-1.0745580712903973,-0.49999999999999434,-3.172867370112482
5,75.0,160.0,-10.0,167,2032290901,1.3254419287096084,-6.000000000000009,-1.672867370112483
5,75.0,160.0,-10.0,168,2032290901,14.125441928709563,29.999999999999993,-4.672867370112484
5,75.0,160.0,-10.0,169,2032290901,1.1254419287096198,-6.999999999999997,-0.6728673701124815
5,75.0,160.0,-10.0,170,2032290901,-147.17455807128988,9.0,-69.67286737011247
5,75.0,160.0,-10.0,171,2032290901,-6.4745580712903745,-2.4999999999999973,-1.672867370112483
5,75.0,160.0,-10.0,172,2032290901,2.1254419287095914,-2.9999999999999916,0.3271326298875167
5,75.0,160.0,-10.0,173,2032290901,-4.87455807129038,0.9999999999999887,0.8271326298875173
5,75.0,160.0,-10.0,174,2032290901,18.625441928709535,-22.000000000000007,-73.67286737011248
5,75.0,160.0,-10.0,175,2032290901,-140.67455807128988,-45.49999999999999,19.327132629887515
5,75.0,160.0,-10.0,176,2032290901,8.125441928709591,-9.99999999999999,-2.6728673701124843
5,75.0,160.0,-10.0,177,2032290901,2.225441928709614,-2.9999999999999916,4.327132629887519
5,75.0,160.0,-10.0,178,2032290901,-3.774558071290386,-6.999999999999997,-0.17286737011248404
5,75.0,160.0,-10.0,179,2032290901,3.8254419287096084,-7.499999999999991,-0.17286737011248404
5,75.0,160.0,-10.0,180,2032290901,-5.174558071290363,-4.999999999999995,-4.172867370112483
5,75.0,160.0,-10.0,181,2032290901,-29.574558071290284,18.0,-73.17286737011248
5,75.0,160.0,-10.0,182,2032290901,5.82544192870958,-11.499999999999996,-4.672867370112484
5,75.0,160.0,-10.0,183,2032290901,4.725441928709586,-7.499999999999991,-1.1728673701124823
5,75.0,160.0,-10.0,184,2032290901,-8.174558071290363,-2.4999999999999973,-2.172867370112484
5,75.0,160.0,-10.0,185,2032290901,1.725441928709614,-4.999999999999995,1.8271326298875157
5,75.0,160.0,-10.0,186,2032290901,1.9254419287096027,-8.00000000000001,2.327132629887516
5,75.0,160.0,-10.0,187,2032290901,-11.274558071290357,2.9999999999999916,-0.6728673701124815
5,75.0,160.0,-10.0,188,2032290901,0.3254419287096084,-5.4999999999999885,-3.172867370112482
5,75.0,160.0,-10.0,189,2032290901,9.525441928709569,33.5,-3.172867370112482
5,75.0,160.0,-10.0,190,2032290901,-78.27455807129012,-22.999999999999993,-59.172867370112485
5,75.0,160.0,-10.0,191,2032290901,-1.8745580712903802,-3.500000000000011,2.827132629887517
5,75.0,160.0,-10.0,192,2032290901,-5.674558071290363,-1.5000000000000084,0.3271326298875167
5,75.0,160.0,-10.0,193,2032290901,9.525441928709569,-11.000000000000004,-2.6728673701124843
5,75.0,160.0,-10.0,194,2032290901,51.02544192870943,22.999999999999993,-24.672867370112485
5,75.0,160.0,-10.0,195,2032290901,-50.57455807129021,-12.50000000000001,-45.672867370112485
5,75.0,160.0,-10.0,196,2032290901,2.9254419287096027,-10.500000000000009,-1.672867370112483
5,75.0,160.0,-10.0,197,2032290901,-2.9745580712903745,-6.500000000000003,3.8271326298875183
5,75.0,160.0,-10.0,198,2032290901,5.925441928709574,-9.499999999999995,3.327132629887518
5,75.0,160.0,-10.0,199,2032290901,-26.674558071290306,11.000000000000004,-16.172867370112485
5,75.0,160.0,-5.0,0,2032290902,6.625441928709591,-9.99999999999999,-4.172867370112483
5,75.0,160.0,-5.0,1,2032290902,3.8254419287096084,-7.499999999999991,0.8271326298875173
5,75.0,160.0,-5.0,2,2032290902,4.925441928709603,-6.999999999999997,1.3271326298875181
5,75.0,160.0,-5.0,3,2032290902,-3.1745580712903916,-3.500000000000011,1.3271326298875181
5,75.0,160.0,-5.0,4,2032290902,-2.074558071290369,-4.000000000000005,1.3271326298875181
5,75.0,160.0,-5.0,5,2032290902,-4.87455807129038,-0.49999999999999434,0.3271326298875167
5,75.0,160.0,-5.0,6,2032290902,3.6254419287095914,-9.0,0.3271326298875167
5,75.0,160.0,-5.0,7,2032290902,6.625441928709591,-11.000000000000004,0.3271326298875167
5,75.0,160.0,-5.0,8,2032290902,-1.3745580712903802,-6.500000000000003,-2.172867370112484
5,75.0,160.0,-5.0,9,2032290902,1.025441928709597,-6.500000000000003,-1.1728673701124823
5,75.0,160.0,-5.0,10,2032290902,0.02544192870959705,-4.000000000000005,-1.1728673701124823
5,75.0,160.0,-5.0,11,2032290902,4.625441928709591,-7.499999999999991,-0.17286737011248404
5,75.0,160.0,-5.0,12,2032290902,2.3254419287096084,-9.0,1.3271326298875181
5,75.0,160.0,-5.0,13,2032290902,-3.9745580712903745,-2.0000000000000027,0.3271326298875167
5,75.0,160.0,-5.0,14,2032290902,1.025441928709597,-8.500000000000005,0.8271326298875173
5,75.0,160.0,-5.0,15,2032290902,6.025441928709597,-10.500000000000009,-1.1728673701124823
5,75.0,160.0,-5.0,16,2032290902,2.4254419287096027,-8.500000000000005,-1.672867370112483
5,75.0,160.0,-5.0,17,2032290902,0.3254419287096084,-7.499999999999991,-1.672867370112483
5,75.0,160.0,-5.0,18,2032290902,4.025441928709597,-7.499999999999991,-0.17286737011248404
5,75.0,160.0,-5.0,19,2032290902,4.725441928709586,-9.0,-0.6728673701124815
5,75.0,160.0,-5.0,20,2032290902,-107.57455807129,7.499999999999991,-87.67286737011247
5,75.0,160.0,-5.0,21,2032290902,-1.8745580712903802,-4.999999999999995,0.3271326298875167
5,75.0,160.0,-5.0,22,2032290902,4.125441928709591,-10.500000000000009,0.8271326298875173
5,75.0,160.0,-5.0,23,2032290902,0.42544192870960273,-4.000000000000005,1.3271326298875181
5,75.0,160.0,-5.0,24,2032290902,0.8254419287096084,-6.500000000000003,0.3271326298875167
5,75.0,160.0,-5.0,25,2032290902,3.4254419287096027,-7.499999999999991,-1.1728673701124823
5,75.0,160.0,-5.0,26,2032290902,1.6254419287095914,-6.999999999999997,0.3271326298875167
5,75.0,160.0,-5.0,27,2032290902,4.925441928709603,-9.0,0.8271326298875173
5,75.0,160.0,-5.0,28,2032290902,-0.9745580712903745,-5.4999999999999885,-0.17286737011248404
5,75.0,160.0,-5.0,29,2032290902,-5.37455807129038,-1.5000000000000084,1.3271326298875181
5,75.0,160.0,-5.0,30,2032290902,-1.274558071290386,-4.000000000000005,-1.1728673701124823
5,75.0,160.0,-5.0,31,2032290902,-1.6745580712903916,-4.5,0.3271326298875167
5,75.0,160.0,-5.0,32,2032290902,0.8254419287096084,-6.500000000000003,-1.1728673701124823
5,75.0,160.0,-5.0,33,2032290902,-2.274558071290386,-2.9999999999999916,2.327132629887516
5,75.0,160.0,-5.0,34,2032290902,5.525441928709597,-7.499999999999991,-0.17286737011248404
5,75.0,160.0,-5.0,35,2032290902,8.82544192870958,37.50000000000001,0.3271326298875167
5,75.0,160.0,-5.0,36,2032290902,0.525441928709597,-5.4999999999999885,1.8271326298875157
5,75.0,160.0,-5.0,37,2032290902,1.3254419287096084,-6.000000000000009,-0.6728673701124815
5,75.0,160.0,-5.0,38,2032290902,6.225441928709586,-9.499999999999995,0.8271326298875173
5,75.0,160.0,-5.0,39,2032290902,3.6254419287095914,-8.500000000000005,0.8271326298875173
5,75.0,160.0,-5.0,40,2032290902,3.525441928709597,-9.499999999999995,-2.172867370112484
5,75.0,160.0,-5.0,41,2032290902,6.32544192870958,-9.99999999999999,-0.17286737011248404
5,75.0,160.0,-5.0,42,2032290902,3.525441928709597,-9.0,0.8271326298875173
5,75.0,160.0,-5.0,43,2032290902,3.8254419287096084,-7.499999999999991,-0.17286737011248404
5,75.0,160.0,-5.0,44,2032290902,2.525441928709597,-7.499999999999991,0.8271326298875173
5,75.0,160.0,-5.0,45,2032290902,4.025441928709597,-6.500000000000003,-1.1728673701124823
5,75.0,160.0,-5.0,46,2032290902,6.82544192870958,-10.500000000000009,0.8271326298875173
5,75.0,160.0,-5.0,47,2032290902,-1.6745580712903916,-4.999999999999995,-0.17286737011248404
5,75.0,160.0,-5.0,48,2032290902,3.1254419287095914,-7.499999999999991,0.3271326298875167
5,75.0,160.0,-5.0,49,2032290902,-4.674558071290363,-1.5000000000000084,-0.6728673701124815
5,75.0,160.0,-5.0,50,2032290902,2.025441928709597,-6.000000000000009,-0.6728673701124815
5,75.0,160.0,-5.0,51,2032290902,6.225441928709586,-10.500000000000009,3.327132629887518
5,75.0,160.0,-5.0,52,2032290902,5.125441928709591,-9.0,0.8271326298875173
5,75.0,160.0,-5.0,53,2032290902,1.025441928709597,-6.500000000000003,-1.672867370112483
5,75.0,160.0,-5.0,54,2032290902,-0.9745580712903745,-4.999999999999995,-0.17286737011248404
5,75.0,160.0,-5.0,55,2032290902,2.9254419287096027,-6.500000000000003,-0.17286737011248404
5,75.0,160.0,-5.0,56,2032290902,-1.5745580712903973,-4.5,1.8271326298875157
5,75.0,160.0,-5.0,57,2032290902,2.1254419287095914,-8.00000000000001,0.8271326298875173
5,75.0,160.0,-5.0,58,2032290902,-4.274558071290386,-4.000000000000005,0.3271326298875167
5,75.0,160.0,-5.0,59,2032290902,0.1254419287096198,-4.999999999999995,0.3271326298875167
5,75.0,160.0,-5.0,60,2032290902,4.525441928709597,-9.0,-1.672867370112483
5,75.0,160.0,-5.0,61,2032290902,6.525441928709597,-9.0,-1.672867370112483
5,75.0,160.0,-5.0,62,2032290902,0.42544192870960273,-5.4999999999999885,0.3271326298875167
5,75.0,160.0,-5.0,63,2032290902,0.9254419287096027,-6.000000000000009,0.8271326298875173
5,75.0,160.0,-5.0,64,2032290902,4.025441928709597,-9.99999999999999,-0.6728673701124815
5,75.0,160.0,-5.0,65,2032290902,-4.074558071290369,-4.5,-2.6728673701124843
5,75.0,160.0,-5.0,66,2032290902,3.3254419287096084,-6.999999999999997,0.8271326298875173
5,75.0,160.0,-5.0,67,2032290902,2.225441928709614,-4.999999999999995,-1.672867370112483
5,75.0,160.0,-5.0,68,2032290902,3.9254419287096027,-9.0,-0.17286737011248404
5,75.0,160.0,-5.0,69,2032290902,4.725441928709586,-8.00000000000001,0.3271326298875167
5,75.0,160.0,-5.0,70,2032290902,-1.5745580712903973,-4.5,-1.1728673701124823
5,75.0,160.0,-5.0,71,2032290902,1.025441928709597,-4.000000000000005,-0.6728673701124815
5,75.0,160.0,-5.0,72,2032290902,-1.774558071290386,-6.000000000000009,-1.1728673701124823
5,75.0,160.0,-5.0,73,2032290902,-3.1745580712903916,-4.000000000000005,-2.6728673701124843
5,75.0,160.0,-5.0,74,2032290902,3.7254419287095857,-8.00000000000001,-1.1728673701124823
5,75.0,160.0,-5.0,75,2032290902,5.125441928709591,-9.0,-1.672867370112483
5,75.0,160.0,-5.0,76,2032290902,10.425441928709574,35.000000000000014,-2.6728673701124843
5,75.0,160.0,-5.0,77,2032290902,1.6254419287095914,-6.500000000000003,0.3271326298875167
5,75.0,160.0,-5.0,78,2032290902,-4.87455807129038,-3.500000000000011,-0.6728673701124815
5,75.0,160.0,-5.0,79,2032290902,-2.4745580712903745,-4.000000000000005,-1.1728673701124823
5,75.0,160.0,-5.0,80,2032290902,-1.0745580712903973,-4.999999999999995,0.3271326298875167
5,75.0,160.0,-5.0,81,2032290902,6.82544192870958,-9.499999999999995,-2.172867370112484
5,75.0,160.0,-5.0,82,2032290902,-1.774558071290386,-5.4999999999999885,2.327132629887516
5,75.0,160.0,-5.0,83,2032290902,2.3254419287096084,-5.4999999999999885,-0.6728673701124815
5,75.0,160.0,-5.0,84,2032290902,-0.7745580712903859,-4.999999999999995,-0.6728673701124815
5,75.0,160.0,-5.0,85,2032290902,-1.8745580712903802,-4.5,0.8271326298875173
5,75.0,160.0,-5.0,86,2032290902,2.1254419287095914,-6.000000000000009,-2.172867370112484
5,75.0,160.0,-5.0,87,2032290902,-2.37455807129038,-3.500000000000011,-2.6728673701124843
5,75.0,160.0,-5.0,88,2032290902,4.625441928709591,-7.499999999999991,0.3271326298875167
5,75.0,160.0,-5.0,89,2032290902,-15.774558071290329,5.4999999999999885,-0.17286737011248404
5,75.0,160.0,-5.0,90,2032290902,1.8254419287096084,-6.500000000000003,0.8271326298875173
5,75.0,160.0,-5.0,91,2032290902,-0.07455807129039727,-4.999999999999995,-0.6728673701124815
5,75.0,160.0,-5.0,92,2032290902,4.725441928709586,-9.0,-1.1728673701124823
5,75.0,160.0,-5.0,93,2032290902,0.1254419287096198,-4.5,-1.1728673701124823
5,75.0,160.0,-5.0,94,2032290902,1.025441928709597,-4.999999999999995,0.3271326298875167
5,75.0,160.0,-5.0,95,2032290902,-2.1745580712903916,-4.999999999999995,0.8271326298875173
5,75.0,160.0,-5.0,96,2032290902,7.525441928709597,-9.499999999999995,-1.672867370112483
5,75.0,160.0,-5.0,97,2032290902,2.1254419287095914,-6.000000000000009,0.3271326298875167
5,75.0,160.0,-5.0,98,2032290902,3.025441928709597,-6.999999999999997,-0.17286737011248404
5,75.0,160.0,-5.0,99,2032290902,-5.174558071290363,-1.5000000000000084,-0.17286737011248404
5,75.0,160.0,-5.0,100,2032290902,-5.37455807129038,-2.9999999999999916,-0.6728673701124815
5,75.0,160.0,-5.0,101,2032290902,1.3254419287096084,-5.4999999999999885,1.3271326298875181
5,75.0,160.0,-5.0,102,2032290902,0.7254419287096141,-6.999999999999997,2.827132629887517
5,75.0,160.0,-5.0,103,2032290902,-3.074558071290369,-4.000000000000005,-0.6728673701124815
5,75.0,160.0,-5.0,104,2032290902,3.025441928709597,-6.000000000000009,-0.17286737011248404
5,75.0,160.0,-5.0,105,2032290902,1.525441928709597,-4.5,-1.672867370112483
5,75.0,160.0,-5.0,106,2032290902,0.1254419287096198,-4.5,1.8271326298875157
5,75.0,160.0,-5.0,107,2032290902,7.625441928709591,-9.99999999999999,0.3271326298875167
5,75.0,160.0,-5.0,108,2032290902,23.825441928709523,14.500000000000014,0.3271326298875167
5,75.0,160.0,-5.0,109,2032290902,-1.0745580712903973,-4.000000000000005,-0.17286737011248404
5,75.0,160.0,-5.0,110,2032290902,-1.3745580712903802,-6.000000000000009,-0.17286737011248404
5,75.0,160.0,-5.0,111,2032290902,3.025441928709597,-7.499999999999991,-0.17286737011248404
5,75.0,160.0,-5.0,112,2032290902,2.8254419287096084,-6.999999999999997,3.8271326298875183
5,75.0,160.0,-5.0,113,2032290902,1.025441928709597,-6.000000000000009,0.8271326298875173
5,75.0,160.0,-5.0,114,2032290902,0.7254419287096141,-6.999999999999997,0.8271326298875173
5,75.0,160.0,-5.0,115,2032290902,4.225441928709586,-9.499999999999995,-1.1728673701124823
5,75.0,160.0,-5.0,116,2032290902,3.4254419287096027,-8.00000000000001,0.8271326298875173
5,75.0,160.0,-5.0,117,2032290902,-2.574558071290369,-4.000000000000005,-0.17286737011248404
5,75.0,160.0,-5.0,118,2032290902,5.525441928709597,-8.500000000000005,2.827132629887517
5,75.0,160.0,-5.0,119,2032290902,-2.1745580712903916,-4.000000000000005,0.3271326298875167
5,75.0,160.0,-5.0,120,2032290902,1.025441928709597,-4.5,1.3271326298875181
5,75.0,160.0,-5.0,121,2032290902,0.6254419287096198,-6.500000000000003,0.8271326298875173
5,75.0,160.0,-5.0,122,2032290902,0.7254419287096141,-6.000000000000009,0.8271326298875173
5,75.0,160.0,-5.0,123,2032290902,-0.2745580712903859,-4.5,-0.17286737011248404
5,75.0,160.0,-5.0,124,2032290902,15.52544192870954,22.999999999999993,-4.172867370112483
5,75.0,160.0,-5.0,125,2032290902,8.425441928709574,-13.5,-1.1728673701124823
5,75.0,160.0,-5.0,126,2032290902,2.7254419287095857,-9.99999999999999,2.327132629887516
5,75.0,160.0,-5.0,127,2032290902,-4.074558071290369,-4.5,0.8271326298875173
5,75.0,160.0,-5.0,128,2032290902,2.225441928709614,-6.000000000000009,-1.1728673701124823
5,75.0,160.0,-5.0,129,2032290902,4.925441928709603,-9.499999999999995,-0.17286737011248404
5,75.0,160.0,-5.0,130,2032290902,-3.6745580712903916,-0.9999999999999887,-0.17286737011248404
5,75.0,160.0,-5.0,131,2032290902,2.9254419287096027,-8.00000000000001,0.8271326298875173
5,75.0,160.0,-5.0,132,2032290902,1.9254419287096027,-6.500000000000003,-0.17286737011248404
5,75.0,160.0,-5.0,133,2032290902,-1.1745580712903916,-5.4999999999999885,-0.6728673701124815
5,75.0,160.0,-5.0,134,2032290902,2.3254419287096084,-8.500000000000005,0.3271326298875167
5,75.0,160.0,-5.0,135,2032290902,4.925441928709603,-9.99999999999999,-0.17286737011248404
5,75.0,160.0,-5.0,136,2032290902,2.9254419287096027,-8.00000000000001,-0.6728673701124815
5,75.0,160.0,-5.0,137,2032290902,11.82544192870958,31.000000000000007,-4.172867370112483
5,75.0,160.0,-5.0,138,2032290902,-35.074558071290255,0.9999999999999887,-4.172867370112483
5,75.0,160.0,-5.0,139,2032290902,1.4254419287096027,-2.9999999999999916,2.827132629887517
5,75.0,160.0,-5.0,140,2032290902,-1.5745580712903973,-4.000000000000005,1.8271326298875157
5,75.0,160.0,-5.0,141,2032290902,0.8254419287096084,-6.000000000000009,-0.6728673701124815
5,75.0,160.0,-5.0,142,2032290902,-3.574558071290369,-3.500000000000011,-1.1728673701124823
5,75.0,160.0,-5.0,143,2032290902,7.225441928709586,-9.499999999999995,0.8271326298875173
5,75.0,160.0,-5.0,144,2032290902,-0.8745580712903802,-5.4999999999999885,0.3271326298875167
5,75.0,160.0,-5.0,145,2032290902,1.1254419287096198,-8.00000000000001,1.3271326298875181
5,75.0,160.0,-5.0,146,2032290902,1.6254419287095914,-6.999999999999997,0.8271326298875173
5,75.0,160.0,-5.0,147,2032290902,6.425441928709574,-9.499999999999995,0.8271326298875173
5,75.0,160.0,-5.0,148,2032290902,4.725441928709586,-11.000000000000004,-1.672867370112483
5,75.0,160.0,-5.0,149,2032290902,-2.074558071290369,-4.999999999999995,-1.1728673701124823
5,75.0,160.0,-5.0,150,2032290902,1.525441928709597,-8.00000000000001,1.8271326298875157
5,75.0,160.0,-5.0,151,2032290902,-1.1745580712903916,-4.999999999999995,1.3271326298875181
5,75.0,160.0,-5.0,152,2032290902,0.6254419287096198,-8.00000000000001,0.8271326298875173
5,75.0,160.0,-5.0,153,2032290902,0.9254419287096027,-6.999999999999997,-0.6728673701124815
5,75.0,160.0,-5.0,154,2032290902,-2.9745580712903745,-4.5,2.327132629887516
5,75.0,160.0,-5.0,155,2032290902,12.325441928709552,30.499999999999986,-2.172867370112484
5,75.0,160.0,-5.0,156,2032290902,1.1254419287096198,-4.5,0.8271326298875173
5,75.0,160.0,-5.0,157,2032290902,-0.8745580712903802,-4.5,-0.17286737011248404
5,75.0,160.0,-5.0,158,2032290902,4.025441928709597,-8.500000000000005,-1.1728673701124823
5,75.0,160.0,-5.0,159,2032290902,-4.074558071290369,-3.500000000000011,0.8271326298875173
5,75.0,160.0,-5.0,160,2032290902,2.025441928709597,-6.999999999999997,-0.6728673701124815
5,75.0,160.0,-5.0,161,2032290902,-0.47455807129040295,-5.4999999999999885,0.3271326298875167
5,75.0,160.0,-5.0,162,2032290902,0.2254419287096141,-7.499999999999991,-0.17286737011248404
5,75.0,160.0,-5.0,163,2032290902,-2.37455807129038,-4.999999999999995,-1.1728673701124823
5,75.0,160.0,-5.0,164,2032290902,-1.9745580712903745,-5.4999999999999885,-0.6728673701124815
5,75.0,160.0,-5.0,165,2032290902,-5.674558071290363,-2.4999999999999973,-0.6728673701124815
5,75.0,160.0,-5.0,166,2032290902,4.225441928709586,-6.000000000000009,-0.6728673701124815
5,75.0,160.0,-5.0,167,2032290902,-1.4745580712903745,-6.000000000000009,-0.17286737011248404
5,75.0,160.0,-5.0,168,2032290902,3.3254419287096084,-9.0,-0.17286737011248404
5,75.0,160.0,-5.0,169,2032290902,5.525441928709597,-9.499999999999995,-0.6728673701124815
5,75.0,160.0,-5.0,170,2032290902,2.025441928709597,-7.499999999999991,1.8271326298875157
5,75.0,160.0,-5.0,171,2032290902,-4.174558071290363,-2.4999999999999973,1.3271326298875181
5,75.0,160.0,-5.0,172,2032290902,-0.8745580712903802,-4.5,-0.6728673701124815
5,75.0,160.0,-5.0,173,2032290902,-3.574558071290369,-2.9999999999999916,-0.6728673701124815
5,75.0,160.0,-5.0,174,2032290902,3.8254419287096084,-7.499999999999991,0.8271326298875173
5,75.0,160.0,-5.0,175,2032290902,3.3254419287096084,-6.000000000000009,-0.6728673701124815
5,75.0,160.0,-5.0,176,2032290902,-166.0745580712898,45.49999999999999,-69.67286737011247
5,75.0,160.0,-5.0,177,2032290902,-3.9745580712903745,-2.0000000000000027,-1.1728673701124823
5,75.0,160.0,-5.0,178,2032290902,4.82544192870958,-8.00000000000001,-3.172867370112482
5,75.0,160.0,-5.0,179,2032290902,-0.47455807129040295,-2.4999999999999973,-0.6728673701124815
5,75.0,160.0,-5.0,180,2032290902,10.025441928709569,29.499999999999996,-4.172867370112483
5,75.0,160.0,-5.0,181,2032290902,-1.4745580712903745,-6.500000000000003,-0.6728673701124815
5,75.0,160.0,-5.0,182,2032290902,-4.274558071290386,0.0,0.8271326298875173
5,75.0,160.0,-5.0,183,2032290902,5.525441928709597,-9.0,1.8271326298875157
5,75.0,160.0,-5.0,184,2032290902,4.625441928709591,-8.500000000000005,-0.6728673701124815
5,75.0,160.0,-5.0,185,2032290902,4.925441928709603,-9.499999999999995,2.327132629887516
5,75.0,160.0,-5.0,186,2032290902,8.025441928709569,-10.500000000000009,0.3271326298875167
5,75.0,160.0,-5.0,187,2032290902,2.4254419287096027,-8.500000000000005,1.8271326298875157
5,75.0,160.0,-5.0,188,2032290902,-0.6745580712903916,-5.4999999999999885,1.8271326298875157
5,75.0,160.0,-5.0,189,2032290902,-0.6745580712903916,-3.500000000000011,0.3271326298875167
5,75.0,160.0,-5.0,190,2032290902,1.8254419287096084,-7.499999999999991,0.8271326298875173
5,75.0,160.0,-5.0,191,2032290902,-1.8745580712903802,-4.000000000000005,1.3271326298875181
5,75.0,160.0,-5.0,192,2032290902,1.6254419287095914,-5.4999999999999885,0.3271326298875167
5,75.0,160.0,-5.0,193,2032290902,3.3254419287096084,-6.999999999999997,-1.672867370112483
5,75.0,160.0,-5.0,194,2032290902,2.1254419287095914,-9.0,0.3271326298875167
5,75.0,160.0,-5.0,195,2032290902,8.925441928709574,-11.999999999999991,-2.172867370112484
5,75.0,160.0,-5.0,196,2032290902,2.7254419287095857,-6.999999999999997,1.3271326298875181
5,75.0,160.0,-5.0,197,2032290902,10.82544192870958,32.500000000000014,-4.672867370112484
5,75.0,160.0,-5.0,198,2032290902,13.025441928709569,27.499999999999993,-2.6728673701124843
5,75.0,160.0,-5.0,199,2032290902,-3.6745580712903916,-3.500000000000011,1.8271326298875157
5,75.0,160.0,0.0,0,2032290903,1.9254419287096027,-6.500000000000003,-0.6728673701124815
5,75.0,160.0,0.0,1,2032290903,0.42544192870960273,-5.4999999999999885,0.3271326298875167
5,75.0,160.0,0.0,2,2032290903,-2.9745580712903745,-4.000000000000005,-0.6728673701124815
5,75.0,160.0,0.0,3,2032290903,0.6254419287096198,-6.000000000000009,1.3271326298875181
5,75.0,160.0,0.0,4,2032290903,4.725441928709586,-8.00000000000001,-0.17286737011248404
5,75.0,160.0,0.0,5,2032290903,1.725441928709614,-7.499999999999991,0.3271326298875167
5,75.0,160.0,0.0,6,2032290903,1.525441928709597,-6.500000000000003,-0.17286737011248404
5,75.0,160.0,0.0,7,2032290903,-1.0745580712903973,-4.999999999999995,0.8271326298875173
5,75.0,160.0,0.0,8,2032290903,1.025441928709597,-5.4999999999999885,1.8271326298875157
5,75.0,160.0,0.0,9,2032290903,0.9254419287096027,-6.000000000000009,0.3271326298875167
5,75.0,160.0,0.0,10,2032290903,1.025441928709597,-5.4999999999999885,0.3271326298875167
5,75.0,160.0,0.0,11,2032290903,3.6254419287095914,-7.499999999999991,0.3271326298875167
5,75.0,160.0,0.0,12,2032290903,3.7254419287095857,-7.499999999999991,-0.6728673701124815
5,75.0,160.0,0.0,13,2032290903,2.9254419287096027,-8.00000000000001,-0.17286737011248404
5,75.0,160.0,0.0,14,2032290903,1.3254419287096084,-6.999999999999997,0.3271326298875167
5,75.0,160.0,0.0,15,2032290903,-1.0745580712903973,-4.999999999999995,-0.17286737011248404
5,75.0,160.0,0.0,16,2032290903,1.4254419287096027,-7.499999999999991,0.3271326298875167
5,75.0,160.0,0.0,17,2032290903,0.2254419287096141,-5.4999999999999885,-0.17286737011248404
5,75.0,160.0,0.0,18,2032290903,4.925441928709603,-8.00000000000001,0.3271326298875167
5,75.0,160.0,0.0,19,2032290903,0.9254419287096027,-6.000000000000009,0.3271326298875167
5,75.0,160.0,0.0,20,2032290903,-5.074558071290369,-2.9999999999999916,1.3271326298875181
5,75.0,160.0,0.0,21,2032290903,1.3254419287096084,-7.499999999999991,-0.17286737011248404
5,75.0,160.0,0.0,22,2032290903,3.3254419287096084,-7.499999999999991,1.3271326298875181
5,75.0,160.0,0.0,23,2032290903,-0.07455807129039727,-6.500000000000003,-0.17286737011248404
5,75.0,160.0,0.0,24,2032290903,-0.17455807129039158,-4.999999999999995,0.3271326298875167
5,75.0,160.0,0.0,25,2032290903,2.7254419287095857,-6.999999999999997,-0.6728673701124815
5,75.0,160.0,0.0,26,2032290903,-1.0745580712903973,-5.4999999999999885,0.3271326298875167
5,75.0,160.0,0.0,27,2032290903,3.3254419287096084,-6.999999999999997,0.3271326298875167
5,75.0,160.0,0.0,28,2032290903,5.425441928709603,-9.499999999999995,-0.17286737011248404
5,75.0,160.0,0.0,29,2032290903,-1.0745580712903973,-5.4999999999999885,1.3271326298875181
5,75.0,160.0,0.0,30,2032290903,3.6254419287095914,-8.00000000000001,-0.6728673701124815
5,75.0,160.0,0.0,31,2032290903,0.2254419287096141,-4.999999999999995,0.8271326298875173
5,75.0,160.0,0.0,32,2032290903,1.9254419287096027,-6.999999999999997,0.8271326298875173
5,75.0,160.0,0.0,33,2032290903,1.9254419287096027,-6.500000000000003,-0.6728673701124815
5,75.0,160.0,0.0,34,2032290903,-0.8745580712903802,-5.4999999999999885,-0.17286737011248404
5,75.0,160.0,0.0,35,2032290903,1.225441928709614,-6.999999999999997,0.8271326298875173
5,75.0,160.0,0.0,36,2032290903,0.02544192870959705,-6.000000000000009,-0.6728673701124815
5,75.0,160.0,0.0,37,2032290903,-1.5745580712903973,-3.500000000000011,1.3271326298875181
5,75.0,160.0,0.0,38,2032290903,-0.2745580712903859,-6.000000000000009,0.8271326298875173
5,75.0,160.0,0.0,39,2032290903,1.525441928709597,-6.999999999999997,0.3271326298875167
5,75.0,160.0,0.0,40,2032290903,3.9254419287096027,-8.00000000000001,0.8271326298875173
5,75.0,160.0,0.0,41,2032290903,0.42544192870960273,-6.000000000000009,-0.17286737011248404
5,75.0,160.0,0.0,42,2032290903,0.3254419287096084,-5.4999999999999885,1.3271326298875181
5,75.0,160.0,0.0,43,2032290903,5.925441928709574,-9.499999999999995,0.3271326298875167
5,75.0,160.0,0.0,44,2032290903,0.3254419287096084,-6.000000000000009,0.3271326298875167
5,75.0,160.0,0.0,45,2032290903,2.7254419287095857,-6.999999999999997,-0.17286737011248404
5,75.0,160.0,0.0,46,2032290903,-0.17455807129039158,-6.000000000000009,-1.1728673701124823
5,75.0,160.0,0.0,47,2032290903,1.025441928709597,-6.500000000000003,-0.17286737011248404
5,75.0,160.0,0.0,48,2032290903,-0.07455807129039727,-4.5,0.8271326298875173
5,75.0,160.0,0.0,49,2032290903,0.8254419287096084,-6.000000000000009,0.3271326298875167
5,75.0,160.0,0.0,50,2032290903,3.3254419287096084,-8.00000000000001,0.8271326298875173
5,75.0,160.0,0.0,51,2032290903,-1.5745580712903973,-4.5,0.3271326298875167
5,75.0,160.0,0.0,52,2032290903,0.9254419287096027,-6.500000000000003,-0.17286737011248404
5,75.0,160.0,0.0,53,2032290903,0.6254419287096198,-6.000000000000009,1.3271326298875181
5,75.0,160.0,0.0,54,2032290903,1.6254419287095914,-6.999999999999997,0.8271326298875173
5,75.0,160.0,0.0,55,2032290903,5.025441928709597,-8.00000000000001,-0.17286737011248404
5,75.0,160.0,0.0,56,2032290903,3.1254419287095914,-6.500000000000003,0.3271326298875167
5,75.0,160.0,0.0,57,2032290903,4.325441928709608,-8.00000000000001,-1.672867370112483
5,75.0,160.0,0.0,58,2032290903,0.42544192870960273,-4.999999999999995,0.8271326298875173
5,75.0,160.0,0.0,59,2032290903,0.6254419287096198,-4.999999999999995,0.3271326298875167
5,75.0,160.0,0.0,60,2032290903,-2.074558071290369,-4.000000000000005,0.3271326298875167
5,75.0,160.0,0.0,61,2032290903,1.8254419287096084,-6.500000000000003,-0.17286737011248404
5,75.0,160.0,0.0,62,2032290903,-2.774558071290386,-4.000000000000005,-0.6728673701124815
5,75.0,160.0,0.0,63,2032290903,1.4254419287096027,-6.500000000000003,-0.17286737011248404
5,75.0,160.0,0.0,64,2032290903,-0.07455807129039727,-4.999999999999995,0.3271326298875167
5,75.0,160.0,0.0,65,2032290903,3.025441928709597,-6.999999999999997,0.8271326298875173
5,75.0,160.0,0.0,66,2032290903,0.525441928709597,-5.4999999999999885,1.8271326298875157
5,75.0,160.0,0.0,67,2032290903,-0.9745580712903745,-4.5,0.3271326298875167
5,75.0,160.0,0.0,68,2032290903,1.9254419287096027,-6.999999999999997,-0.6728673701124815
5,75.0,160.0,0.0,69,2032290903,-0.17455807129039158,-5.4999999999999885,1.3271326298875181
5,75.0,160.0,0.0,70,2032290903,-1.0745580712903973,-4.000000000000005,-0.17286737011248404
5,75.0,160.0,0.0,71,2032290903,1.3254419287096084,-6.500000000000003,-0.17286737011248404
5,75.0,160.0,0.0,72,2032290903,-1.4745580712903745,-3.500000000000011,0.3271326298875167
5,75.0,160.0,0.0,73,2032290903,2.1254419287095914,-6.999999999999997,0.8271326298875173
5,75.0,160.0,0.0,74,2032290903,-1.0745580712903973,-5.4999999999999885,0.3271326298875167
5,75.0,160.0,0.0,75,2032290903,-1.5745580712903973,-4.999999999999995,0.3271326298875167
5,75.0,160.0,0.0,76,2032290903,0.2254419287096141,-4.999999999999995,-0.17286737011248404
5,75.0,160.0,0.0,77,2032290903,0.9254419287096027,-6.000000000000009,0.3271326298875167
5,75.0,160.0,0.0,78,2032290903,-0.3745580712903802,-4.5,0.8271326298875173
5,75.0,160.0,0.0,79,2032290903,2.6254419287095914,-6.999999999999997,0.3271326298875167
5,75.0,160.0,0.0,80,2032290903,5.225441928709586,-9.0,1.3271326298875181
5,75.0,160.0,0.0,81,2032290903,3.1254419287095914,-7.499999999999991,0.8271326298875173
5,75.0,160.0,0.0,82,2032290903,0.02544192870959705,-5.4999999999999885,0.8271326298875173
5,75.0,160.0,0.0,83,2032290903,1.525441928709597,-6.500000000000003,-0.17286737011248404
5,75.0,160.0,0.0,84,2032290903,3.025441928709597,-6.999999999999997,-0.17286737011248404
5,75.0,160.0,0.0,85,2032290903,2.1254419287095914,-6.500000000000003,-0.17286737011248404
5,75.0,160.0,0.0,86,2032290903,0.6254419287096198,-6.500000000000003,-0.6728673701124815
5,75.0,160.0,0.0,87,2032290903,-0.07455807129039727,-5.4999999999999885,-0.6728673701124815
5,75.0,160.0,0.0,88,2032290903,2.225441928709614,-6.999999999999997,-0.17286737011248404
5,75.0,160.0,0.0,89,2032290903,-1.6745580712903916,-4.000000000000005,1.3271326298875181
5,75.0,160.0,0.0,90,2032290903,-0.7745580712903859,-4.999999999999995,1.8271326298875157
5,75.0,160.0,0.0,91,2032290903,2.1254419287095914,-7.499999999999991,-0.17286737011248404
5,75.0,160.0,0.0,92,2032290903,3.1254419287095914,-6.999999999999997,-0.6728673701124815
5,75.0,160.0,0.0,93,2032290903,2.8254419287096084,-8.00000000000001,-0.17286737011248404
5,75.0,160.0,0.0,94,2032290903,3.6254419287095914,-7.499999999999991,-0.17286737011248404
5,75.0,160.0,0.0,95,2032290903,3.025441928709597,-8.00000000000001,0.3271326298875167
5,75.0,160.0,0.0,96,2032290903,0.1254419287096198,-4.999999999999995,0.8271326298875173
5,75.0,160.0,0.0,97,2032290903,2.3254419287096084,-6.999999999999997,-0.17286737011248404
5,75.0,160.0,0.0,98,2032290903,1.8254419287096084,-6.500000000000003,0.8271326298875173
5,75.0,160.0,0.0,99,2032290903,2.9254419287096027,-7.499999999999991,0.8271326298875173
5,75.0,160.0,0.0,100,2032290903,3.025441928709597,-7.499999999999991,-0.17286737011248404
5,75.0,160.0,0.0,101,2032290903,-0.8745580712903802,-5.4999999999999885,-0.17286737011248404
5,75.0,160.0,0.0,102,2032290903,5.32544192870958,-9.0,-0.6728673701124815
5,75.0,160.0,0.0,103,2032290903,0.6254419287096198,-6.000000000000009,-0.17286737011248404
5,75.0,160.0,0.0,104,2032290903,2.6254419287095914,-6.999999999999997,-0.17286737011248404
5,75.0,160.0,0.0,105,2032290903,3.1254419287095914,-8.00000000000001,-0.17286737011248404
5,75.0,160.0,0.0,106,2032290903,2.1254419287095914,-6.999999999999997,-0.6728673701124815
5,75.0,160.0,0.0,107,2032290903,-0.6745580712903916,-6.000000000000009,1.3271326298875181
5,75.0,160.0,0.0,108,2032290903,3.8254419287096084,-8.500000000000005,0.3271326298875167
5,75.0,160.0,0.0,109,2032290903,1.525441928709597,-6.000000000000009,-0.17286737011248404
5,75.0,160.0,0.0,110,2032290903,-0.17455807129039158,-5.4999999999999885,-0.17286737011248404
5,75.0,160.0,0.0,111,2032290903,4.625441928709591,-6.999999999999997,1.3271326298875181
5,75.0,160.0,0.0,112,2032290903,-1.0745580712903973,-4.999999999999995,0.8271326298875173
5,75.0,160.0,0.0,113,2032290903,3.3254419287096084,-6.500000000000003,-0.6728673701124815
5,75.0,160.0,0.0,114,2032290903,-1.274558071290386,-5.4999999999999885,-0.17286737011248404
5,75.0,160.0,0.0,115,2032290903,-1.4745580712903745,-3.500000000000011,0.8271326298875173
5,75.0,160.0,0.0,116,2032290903,2.7254419287095857,-6.999999999999997,-0.6728673701124815
5,75.0,160.0,0.0,117,2032290903,0.7254419287096141,-6.000000000000009,-0.17286737011248404
5,75.0,160.0,0.0,118,2032290903,-0.17455807129039158,-5.4999999999999885,0.8271326298875173
5,75.0,160.0,0.0,119,2032290903,-0.5745580712903973,-4.000000000000005,0.3271326298875167
5,75.0,160.0,0.0,120,2032290903,-0.47455807129040295,-5.4999999999999885,0.3271326298875167
5,75.0,160.0,0.0,121,2032290903,3.2254419287095857,-6.999999999999997,-0.17286737011248404
5,75.0,160.0,0.0,122,2032290903,1.1254419287096198,-6.999999999999997,0.3271326298875167
5,75.0,160.0,0.0,123,2032290903,0.7254419287096141,-6.999999999999997,0.3271326298875167
5,75.0,160.0,0.0,124,2032290903,2.525441928709597,-6.000000000000009,-0.17286737011248404
5,75.0,160.0,0.0,125,2032290903,4.525441928709597,-9.0,-0.6728673701124815
5,75.0,160.0,0.0,126,2032290903,-0.7745580712903859,-4.5,-0.17286737011248404
5,75.0,160.0,0.0,127,2032290903,-0.07455807129039727,-5.4999999999999885,1.8271326298875157
5,75.0,160.0,0.0,128,2032290903,0.3254419287096084,-6.500000000000003,1.3271326298875181
5,75.0,160.0,0.0,129,2032290903,5.725441928709586,-9.99999999999999,-0.6728673701124815
5,75.0,160.0,0.0,130,2032290903,0.525441928709597,-4.999999999999995,-0.17286737011248404
5,75.0,160.0,0.0,131,2032290903,3.6254419287095914,-7.499999999999991,-0.6728673701124815
5,75.0,160.0,0.0,132,2032290903,0.2254419287096141,-6.500000000000003,-0.17286737011248404
5,75.0,160.0,0.0,133,2032290903,1.225441928709614,-6.000000000000009,0.3271326298875167
5,75.0,160.0,0.0,134,2032290903,0.3254419287096084,-6.000000000000009,-0.17286737011248404
5,75.0,160.0,0.0,135,2032290903,2.8254419287096084,-6.000000000000009,-0.17286737011248404
5,75.0,160.0,0.0,136,2032290903,0.3254419287096084,-6.999999999999997,1.8271326298875157
5,75.0,160.0,0.0,137,2032290903,2.7254419287095857,-6.999999999999997,0.3271326298875167
5,75.0,160.0,0.0,138,2032290903,1.725441928709614,-6.999999999999997,0.3271326298875167
5,75.0,160.0,0.0,139,2032290903,4.025441928709597,-8.500000000000005,0.8271326298875173
5,75.0,160.0,0.0,140,2032290903,2.4254419287096027,-8.00000000000001,0.8271326298875173
5,75.0,160.0,0.0,141,2032290903,2.225441928709614,-6.500000000000003,-0.17286737011248404
5,75.0,160.0,0.0,142,2032290903,-4.4745580712903745,-3.500000000000011,-0.17286737011248404
5,75.0,160.0,0.0,143,2032290903,-3.4745580712903745,-2.9999999999999916,0.3271326298875167
5,75.0,160.0,0.0,144,2032290903,1.8254419287096084,-6.500000000000003,-0.6728673701124815
5,75.0,160.0,0.0,145,2032290903,1.8254419287096084,-7.499999999999991,-0.17286737011248404
5,75.0,160.0,0.0,146,2032290903,3.1254419287095914,-7.499999999999991,-0.17286737011248404
5,75.0,160.0,0.0,147,2032290903,1.1254419287096198,-6.999999999999997,0.3271326298875167
5,75.0,160.0,0.0,148,2032290903,-3.1745580712903916,-3.500000000000011,1.3271326298875181
5,75.0,160.0,0.0,149,2032290903,0.9254419287096027,-5.4999999999999885,0.3271326298875167
5,75.0,160.0,0.0,150,2032290903,1.225441928709614,-6.500000000000003,0.3271326298875167
5,75.0,160.0,0.0,151,2032290903,0.2254419287096141,-5.4999999999999885,0.8271326298875173
5,75.0,160.0,0.0,152,2032290903,4.82544192870958,-8.00000000000001,-1.672867370112483
5,75.0,160.0,0.0,153,2032290903,2.8254419287096084,-6.500000000000003,0.3271326298875167
5,75.0,160.0,0.0,154,2032290903,0.2254419287096141,-6.000000000000009,0.8271326298875173
5,75.0,160.0,0.0,155,2032290903,3.025441928709597,-6.999999999999997,-0.17286737011248404
5,75.0,160.0,0.0,156,2032290903,-0.6745580712903916,-4.999999999999995,0.8271326298875173
5,75.0,160.0,0.0,157,2032290903,2.3254419287096084,-6.500000000000003,1.3271326298875181
5,75.0,160.0,0.0,158,2032290903,3.025441928709597,-7.499999999999991,-0.17286737011248404
5,75.0,160.0,0.0,159,2032290903,2.3254419287096084,-6.999999999999997,-0.17286737011248404
5,75.0,160.0,0.0,160,2032290903,2.4254419287096027,-6.500000000000003,-0.6728673701124815
5,75.0,160.0,0.0,161,2032290903,0.525441928709597,-4.5,0.3271326298875167
5,75.0,160.0,0.0,162,2032290903,0.3254419287096084,-4.999999999999995,-0.17286737011248404
5,75.0,160.0,0.0,163,2032290903,4.325441928709608,-8.00000000000001,0.8271326298875173
5,75.0,160.0,0.0,164,2032290903,4.425441928709603,-8.500000000000005,0.3271326298875167
5,75.0,160.0,0.0,165,2032290903,-2.1745580712903916,-2.9999999999999916,1.3271326298875181
5,75.0,160.0,0.0,166,2032290903,-0.5745580712903973,-5.4999999999999885,0.3271326298875167
5,75.0,160.0,0.0,167,2032290903,0.02544192870959705,-4.999999999999995,-1.1728673701124823
5,75.0,160.0,0.0,168,2032290903,1.4254419287096027,-7.499999999999991,0.3271326298875167
5,75.0,160.0,0.0,169,2032290903,-0.47455807129040295,-4.999999999999995,-0.6728673701124815
5,75.0,160.0,0.0,170,2032290903,-2.274558071290386,-4.000000000000005,-0.17286737011248404
5,75.0,160.0,0.0,171,2032290903,4.525441928709597,-8.500000000000005,-0.17286737011248404
5,75.0,160.0,0.0,172,2032290903,-0.17455807129039158,-5.4999999999999885,0.3271326298875167
5,75.0,160.0,0.0,173,2032290903,4.025441928709597,-8.00000000000001,-0.17286737011248404
5,75.0,160.0,0.0,174,2032290903,-0.8745580712903802,-4.000000000000005,0.8271326298875173
5,75.0,160.0,0.0,175,2032290903,2.525441928709597,-8.00000000000001,0.8271326298875173
5,75.0,160.0,0.0,176,2032290903,0.3254419287096084,-5.4999999999999885,0.3271326298875167
5,75.0,160.0,0.0,177,2032290903,0.42544192870960273,-6.000000000000009,-0.17286737011248404
5,75.0,160.0,0.0,178,2032290903,3.525441928709597,-7.499999999999991,-0.17286737011248404
5,75.0,160.0,0.0,179,2032290903,0.2254419287096141,-5.4999999999999885,0.8271326298875173
5,75.0,160.0,0.0,180,2032290903,-0.2745580712903859,-5.4999999999999885,0.8271326298875173
5,75.0,160.0,0.0,181,2032290903,4.125441928709591,-8.500000000000005,-0.17286737011248404
5,75.0,160.0,0.0,182,2032290903,0.8254419287096084,-6.000000000000009,0.3271326298875167
5,75.0,160.0,0.0,183,2032290903,5.025441928709597,-8.00000000000001,-0.17286737011248404
5,75.0,160.0,0.0,184,2032290903,1.225441928709614,-6.500000000000003,0.8271326298875173
5,75.0,160.0,0.0,185,2032290903,2.7254419287095857,-8.00000000000001,1.8271326298875157
5,75.0,160.0,0.0,186,2032290903,2.9254419287096027,-6.000000000000009,-0.17286737011248404
5,75.0,160.0,0.0,187,2032290903,4.025441928709597,-8.500000000000005,1.3271326298875181
5,75.0,160.0,0.0,188,2032290903,-0.47455807129040295,-4.5,1.3271326298875181
5,75.0,160.0,0.0,189,2032290903,2.4254419287096027,-6.500000000000003,0.3271326298875167
5,75.0,160.0,0.0,190,2032290903,-0.3745580712903802,-5.4999999999999885,-1.1728673701124823
5,75.0,160.0,0.0,191,2032290903,0.7254419287096141,-6.000000000000009,0.3271326298875167
5,75.0,160.0,0.0,192,2032290903,1.9254419287096027,-5.4999999999999885,-0.17286737011248404
5,75.0,160.0,0.0,193,2032290903,0.1254419287096198,-5.4999999999999885,0.8271326298875173
5,75.0,160.0,0.0,194,2032290903,2.525441928709597,-8.00000000000001,0.3271326298875167
5,75.0,160.0,0.0,195,2032290903,1.725441928709614,-7.499999999999991,0.8271326298875173
5,75.0,160.0,0.0,196,2032290903,1.1254419287096198,-6.000000000000009,-0.17286737011248404
5,75.0,160.0,0.0,197,2032290903,4.325441928709608,-8.500000000000005,-0.17286737011248404
5,75.0,160.0,0.0,198,2032290903,-3.37455807129038,-2.9999999999999916,0.3271326298875167
5,75.0,160.0,0.0,199,2032290903,1.4254419287096027,-6.500000000000003,1.3271326298875181
5,75.0,160.0,5.0,0,2032290904,0.7254419287096141,-6.000000000000009,-0.17286737011248404
5,75.0,160.0,5.0,1,2032290904,-0.7745580712903859,-4.999999999999995,0.3271326298875167
5,75.0,160.0,5.0,2,2032290904,1.725441928709614,-6.500000000000003,-0.17286737011248404
5,75.0,160.0,5.0,3,2032290904,0.7254419287096141,-5.4999999999999885,-0.17286737011248404
5,75.0,160.0,5.0,4,2032290904,0.7254419287096141,-5.4999999999999885,0.3271326298875167
5,75.0,160.0,5.0,5,2032290904,0.525441928709597,-6.000000000000009,0.8271326298875173
5,75.0,160.0,5.0,6,2032290904,1.8254419287096084,-6.999999999999997,0.8271326298875173
5,75.0,160.0,5.0,7,2032290904,0.9254419287096027,-6.000000000000009,0.3271326298875167
5,75.0,160.0,5.0,8,2032290904,1.725441928709614,-6.500000000000003,0.3271326298875167
5,75.0,160.0,5.0,9,2032290904,0.6254419287096198,-6.000000000000009,-0.17286737011248404
5,75.0,160.0,5.0,10,2032290904,2.7254419287095857,-7.499999999999991,-0.17286737011248404
5,75.0,160.0,5.0,11,2032290904,0.3254419287096084,-5.4999999999999885,-0.17286737011248404
5,75.0,160.0,5.0,12,2032290904,2.9254419287096027,-7.499999999999991,-0.17286737011248404
5,75.0,160.0,5.0,13,2032290904,-0.2745580712903859,-5.4999999999999885,0.3271326298875167
5,75.0,160.0,5.0,14,2032290904,4.425441928709603,-8.500000000000005,-0.17286737011248404
5,75.0,160.0,5.0,15,2032290904,2.025441928709597,-6.000000000000009,0.3271326298875167
5,75.0,160.0,5.0,16,2032290904,1.725441928709614,-6.500000000000003,-0.17286737011248404
5,75.0,160.0,5.0,17,2032290904,1.3254419287096084,-6.000000000000009,0.3271326298875167
5,75.0,160.0,5.0,18,2032290904,0.525441928709597,-6.000000000000009,-0.17286737011248404
5,75.0,160.0,5.0,19,2032290904,-0.17455807129039158,-4.999999999999995,0.8271326298875173
5,75.0,160.0,5.0,20,2032290904,0.2254419287096141,-5.4999999999999885,-0.17286737011248404
5,75.0,160.0,5.0,21,2032290904,2.025441928709597,-6.500000000000003,0.3271326298875167
5,75.0,160.0,5.0,22,2032290904,2.225441928709614,-6.500000000000003,0.3271326298875167
5,75.0,160.0,5.0,23,2032290904,0.6254419287096198,-5.4999999999999885,0.3271326298875167
5,75.0,160.0,5.0,24,2032290904,0.9254419287096027,-6.000000000000009,-0.17286737011248404
5,75.0,160.0,5.0,25,2032290904,1.8254419287096084,-6.999999999999997,0.3271326298875167
5,75.0,160.0,5.0,26,2032290904,0.3254419287096084,-6.500000000000003,0.3271326298875167
5,75.0,160.0,5.0,27,2032290904,0.6254419287096198,-6.000000000000009,-0.17286737011248404
5,75.0,160.0,5.0,28,2032290904,1.9254419287096027,-6.500000000000003,0.3271326298875167
5,75.0,160.0,5.0,29,2032290904,1.225441928709614,-6.000000000000009,0.8271326298875173
5,75.0,160.0,5.0,30,2032290904,0.9254419287096027,-6.500000000000003,0.3271326298875167
5,75.0,160.0,5.0,31,2032290904,1.225441928709614,-5.4999999999999885,-0.17286737011248404
5,75.0,160.0,5.0,32,2032290904,0.1254419287096198,-5.4999999999999885,-0.6728673701124815
5,75.0,160.0,5.0,33,2032290904,1.1254419287096198,-6.500000000000003,-0.17286737011248404
5,75.0,160.0,5.0,34,2032290904,1.6254419287095914,-6.500000000000003,0.3271326298875167
5,75.0,160.0,5.0,35,2032290904,1.4254419287096027,-6.999999999999997,0.3271326298875167
5,75.0,160.0,5.0,36,2032290904,2.225441928709614,-6.999999999999997,-0.17286737011248404
5,75.0,160.0,5.0,37,2032290904,2.1254419287095914,-6.500000000000003,-0.17286737011248404
5,75.0,160.0,5.0,38,2032290904,0.9254419287096027,-6.000000000000009,0.3271326298875167
5,75.0,160.0,5.0,39,2032290904,0.8254419287096084,-6.500000000000003,-0.17286737011248404
5,75.0,160.0,5.0,40,2032290904,1.4254419287096027,-5.4999999999999885,0.8271326298875173
5,75.0,160.0,5.0,41,2032290904,0.9254419287096027,-6.000000000000009,0.3271326298875167
5,75.0,160.0,5.0,42,2032290904,1.6254419287095914,-6.500000000000003,0.3271326298875167
5,75.0,160.0,5.0,43,2032290904,1.225441928709614,-6.000000000000009,0.3271326298875167
5,75.0,160.0,5.0,44,2032290904,-0.5745580712903973,-4.5,0.8271326298875173
5,75.0,160.0,5.0,45,2032290904,2.025441928709597,-6.500000000000003,0.8271326298875173
5,75.0,160.0,5.0,46,2032290904,0.42544192870960273,-4.999999999999995,-0.17286737011248404
5,75.0,160.0,5.0,47,2032290904,1.225441928709614,-6.000000000000009,-0.17286737011248404
5,75.0,160.0,5.0,48,2032290904,0.8254419287096084,-5.4999999999999885,0.8271326298875173
5,75.0,160.0,5.0,49,2032290904,1.025441928709597,-6.500000000000003,-0.17286737011248404
5,75.0,160.0,5.0,50,2032290904,2.3254419287096084,-6.500000000000003,0.3271326298875167
5,75.0,160.0,5.0,51,2032290904,-0.07455807129039727,-4.999999999999995,-0.17286737011248404
5,75.0,160.0,5.0,52,2032290904,0.525441928709597,-6.000000000000009,-0.17286737011248404
5,75.0,160.0,5.0,53,2032290904,4.725441928709586,-8.500000000000005,-0.17286737011248404
5,75.0,160.0,5.0,54,2032290904,2.8254419287096084,-6.999999999999997,-0.6728673701124815
5,75.0,160.0,5.0,55,2032290904,3.1254419287095914,-7.499999999999991,-0.17286737011248404
5,75.0,160.0,5.0,56,2032290904,3.1254419287095914,-7.499999999999991,0.8271326298875173
5,75.0,160.0,5.0,57,2032290904,1.4254419287096027,-6.000000000000009,-0.17286737011248404
5,75.0,160.0,5.0,58,2032290904,0.6254419287096198,-5.4999999999999885,0.3271326298875167
5,75.0,160.0,5.0,59,2032290904,1.8254419287096084,-6.500000000000003,0.3271326298875167
5,75.0,160.0,5.0,60,2032290904,0.9254419287096027,-5.4999999999999885,0.3271326298875167
5,75.0,160.0,5.0,61,2032290904,1.025441928709597,-6.999999999999997,0.3271326298875167
5,75.0,160.0,5.0,62,2032290904,0.6254419287096198,-6.999999999999997,-0.17286737011248404
5,75.0,160.0,5.0,63,2032290904,1.8254419287096084,-6.999999999999997,-0.17286737011248404
5,75.0,160.0,5.0,64,2032290904,3.2254419287095857,-8.500000000000005,0.3271326298875167
5,75.0,160.0,5.0,65,2032290904,1.225441928709614,-6.500000000000003,-0.6728673701124815
5,75.0,160.0,5.0,66,2032290904,1.8254419287096084,-6.500000000000003,0.3271326298875167
5,75.0,160.0,5.0,67,2032290904,5.025441928709597,-8.500000000000005,-0.17286737011248404
5,75.0,160.0,5.0,68,2032290904,0.525441928709597,-5.4999999999999885,0.3271326298875167
5,75.0,160.0,5.0,69,2032290904,1.725441928709614,-6.500000000000003,-0.17286737011248404
5,75.0,160.0,5.0,70,2032290904,2.7254419287095857,-6.999999999999997,-0.6728673701124815
5,75.0,160.0,5.0,71,2032290904,2.8254419287096084,-7.499999999999991,0.3271326298875167
5,75.0,160.0,5.0,72,2032290904,0.02544192870959705,-5.4999999999999885,0.8271326298875173
5,75.0,160.0,5.0,73,2032290904,1.225441928709614,-6.000000000000009,0.8271326298875173
5,75.0,160.0,5.0,74,2032290904,3.025441928709597,-7.499999999999991,0.3271326298875167
5,75.0,160.0,5.0,75,2032290904,0.9254419287096027,-6.500000000000003,0.3271326298875167
5,75.0,160.0,5.0,76,2032290904,0.2254419287096141,-4.999999999999995,0.3271326298875167
5,75.0,160.0,5.0,77,2032290904,2.8254419287096084,-6.999999999999997,-0.17286737011248404
5,75.0,160.0,5.0,78,2032290904,2.3254419287096084,-6.999999999999997,-0.6728673701124815
5,75.0,160.0,5.0,79,2032290904,0.3254419287096084,-5.4999999999999885,0.3271326298875167
5,75.0,160.0,5.0,80,2032290904,2.3254419287096084,-6.999999999999997,-0.6728673701124815
5,75.0,160.0,5.0,81,2032290904,0.525441928709597,-5.4999999999999885,-0.17286737011248404
5,75.0,160.0,5.0,82,2032290904,1.9254419287096027,-6.500000000000003,0.3271326298875167
5,75.0,160.0,5.0,83,2032290904,0.2254419287096141,-6.000000000000009,0.8271326298875173
5,75.0,160.0,5.0,84,2032290904,1.4254419287096027,-6.000000000000009,-0.17286737011248404
5,75.0,160.0,5.0,85,2032290904,-0.47455807129040295,-4.999999999999995,-0.17286737011248404
5,75.0,160.0,5.0,86,2032290904,0.7254419287096141,-6.000000000000009,0.3271326298875167
5,75.0,160.0,5.0,87,2032290904,1.025441928709597,-6.000000000000009,-0.6728673701124815
5,75.0,160.0,5.0,88,2032290904,2.9254419287096027,-8.00000000000001,-0.17286737011248404
5,75.0,160.0,5.0,89,2032290904,2.525441928709597,-7.499999999999991,-0.6728673701124815
5,75.0,160.0,5.0,90,2032290904,2.225441928709614,-6.999999999999997,-0.17286737011248404
5,75.0,160.0,5.0,91,2032290904,1.025441928709597,-6.500000000000003,0.3271326298875167
5,75.0,160.0,5.0,92,2032290904,2.1254419287095914,-6.999999999999997,0.3271326298875167
5,75.0,160.0,5.0,93,2032290904,-0.7745580712903859,-4.999999999999995,0.3271326298875167
5,75.0,160.0,5.0,94,2032290904,3.3254419287096084,-7.499999999999991,0.3271326298875167
5,75.0,160.0,5.0,95,2032290904,1.3254419287096084,-6.500000000000003,-0.17286737011248404
5,75.0,160.0,5.0,96,2032290904,2.9254419287096027,-8.00000000000001,0.3271326298875167
5,75.0,160.0,5.0,97,2032290904,3.8254419287096084,-8.00000000000001,-0.17286737011248404
5,75.0,160.0,5.0,98,2032290904,-0.3745580712903802,-5.4999999999999885,-0.17286737011248404
5,75.0,160.0,5.0,99,2032290904,1.6254419287095914,-6.999999999999997,0.3271326298875167
5,75.0,160.0,5.0,100,2032290904,3.3254419287096084,-7.499999999999991,-0.17286737011248404
5,75.0,160.0,5.0,101,2032290904,0.9254419287096027,-6.500000000000003,0.3271326298875167
5,75.0,160.0,5.0,102,2032290904,2.8254419287096084,-7.499999999999991,-0.6728673701124815
5,75.0,160.0,5.0,103,2032290904,-0.2745580712903859,-4.999999999999995,0.3271326298875167
5,75.0,160.0,5.0,104,2032290904,1.4254419287096027,-6.500000000000003,0.3271326298875167
5,75.0,160.0,5.0,105,2032290904,0.525441928709597,-6.000000000000009,0.3271326298875167
5,75.0,160.0,5.0,106,2032290904,0.42544192870960273,-5.4999999999999885,0.8271326298875173
5,75.0,160.0,5.0,107,2032290904,1.9254419287096027,-6.999999999999997,0.3271326298875167
5,75.0,160.0,5.0,108,2032290904,1.8254419287096084,-6.500000000000003,0.8271326298875173
5,75.0,160.0,5.0,109,2032290904,0.2254419287096141,-5.4999999999999885,-0.17286737011248404
5,75.0,160.0,5.0,110,2032290904,0.1254419287096198,-5.4999999999999885,0.3271326298875167
5,75.0,160.0,5.0,111,2032290904,2.7254419287095857,-6.999999999999997,0.3271326298875167
5,75.0,160.0,5.0,112,2032290904,2.4254419287096027,-6.999999999999997,-0.6728673701124815
5,75.0,160.0,5.0,113,2032290904,0.525441928709597,-6.000000000000009,0.3271326298875167
5,75.0,160.0,5.0,114,2032290904,0.02544192870959705,-6.000000000000009,-0.17286737011248404
5,75.0,160.0,5.0,115,2032290904,2.025441928709597,-6.500000000000003,-0.17286737011248404
5,75.0,160.0,5.0,116,2032290904,1.725441928709614,-6.999999999999997,0.8271326298875173
5,75.0,160.0,5.0,117,2032290904,2.225441928709614,-6.999999999999997,-0.17286737011248404
5,75.0,160.0,5.0,118,2032290904,0.8254419287096084,-6.000000000000009,0.3271326298875167
5,75.0,160.0,5.0,119,2032290904,0.525441928709597,-6.000000000000009,-0.17286737011248404
5,75.0,160.0,5.0,120,2032290904,1.3254419287096084,-6.000000000000009,0.3271326298875167
5,75.0,160.0,5.0,121,2032290904,2.3254419287096084,-6.999999999999997,0.3271326298875167
5,75.0,160.0,5.0,122,2032290904,0.1254419287096198,-5.4999999999999885,0.3271326298875167
5,75.0,160.0,5.0,123,2032290904,1.8254419287096084,-6.000000000000009,0.3271326298875167
5,75.0,160.0,5.0,124,2032290904,4.225441928709586,-8.00000000000001,-0.17286737011248404
5,75.0,160.0,5.0,125,2032290904,1.3254419287096084,-6.000000000000009,0.8271326298875173
5,75.0,160.0,5.0,126,2032290904,1.225441928709614,-6.500000000000003,-0.17286737011248404
5,75.0,160.0,5.0,127,2032290904,1.8254419287096084,-6.500000000000003,0.3271326298875167
5,75.0,160.0,5.0,128,2032290904,2.225441928709614,-6.000000000000009,0.3271326298875167
5,75.0,160.0,5.0,129,2032290904,0.7254419287096141,-6.500000000000003,-0.17286737011248404
5,75.0,160.0,5.0,130,2032290904,2.1254419287095914,-6.500000000000003,-0.17286737011248404
5,75.0,160.0,5.0,131,2032290904,2.1254419287095914,-6.500000000000003,0.3271326298875167
5,75.0,160.0,5.0,132,2032290904,0.42544192870960273,-6.500000000000003,0.3271326298875167
5,75.0,160.0,5.0,133,2032290904,0.1254419287096198,-6.000000000000009,0.8271326298875173
5,75.0,160.0,5.0,134,2032290904,0.42544192870960273,-6.500000000000003,0.3271326298875167
5,75.0,160.0,5.0,135,2032290904,1.4254419287096027,-6.500000000000003,-0.17286737011248404
5,75.0,160.0,5.0,136,2032290904,2.225441928709614,-6.999999999999997,-0.6728673701124815
5,75.0,160.0,5.0,137,2032290904,1.025441928709597,-6.000000000000009,0.3271326298875167
5,75.0,160.0,5.0,138,2032290904,0.2254419287096141,-4.999999999999995,-0.17286737011248404
5,75.0,160.0,5.0,139,2032290904,1.3254419287096084,-6.000000000000009,-0.17286737011248404
5,75.0,160.0,5.0,140,2032290904,0.2254419287096141,-5.4999999999999885,0.3271326298875167
5,75.0,160.0,5.0,141,2032290904,1.3254419287096084,-5.4999999999999885,0.3271326298875167
5,75.0,160.0,5.0,142,2032290904,1.725441928709614,-6.000000000000009,-0.6728673701124815
5,75.0,160.0,5.0,143,2032290904,1.3254419287096084,-6.500000000000003,0.3271326298875167
5,75.0,160.0,5.0,144,2032290904,0.2254419287096141,-5.4999999999999885,-0.17286737011248404
5,75.0,160.0,5.0,145,2032290904,0.3254419287096084,-5.4999999999999885,-0.17286737011248404
5,75.0,160.0,5.0,146,2032290904,0.525441928709597,-5.4999999999999885,0.3271326298875167
5,75.0,160.0,5.0,147,2032290904,0.8254419287096084,-6.000000000000009,-0.17286737011248404
5,75.0,160.0,5.0,148,2032290904,-1.0745580712903973,-4.999999999999995,0.3271326298875167
5,75.0,160.0,5.0,149,2032290904,1.1254419287096198,-6.000000000000009,-0.17286737011248404
5,75.0,160.0,5.0,150,2032290904,-0.47455807129040295,-5.4999999999999885,0.8271326298875173
5,75.0,160.0,5.0,151,2032290904,2.025441928709597,-6.999999999999997,0.3271326298875167
5,75.0,160.0,5.0,152,2032290904,1.725441928709614,-6.500000000000003,0.3271326298875167
5,75.0,160.0,5.0,153,2032290904,1.225441928709614,-6.500000000000003,-0.17286737011248404
5,75.0,160.0,5.0,154,2032290904,0.42544192870960273,-6.000000000000009,-0.17286737011248404
5,75.0,160.0,5.0,155,2032290904,2.3254419287096084,-6.999999999999997,0.8271326298875173
5,75.0,160.0,5.0,156,2032290904,0.9254419287096027,-5.4999999999999885,0.8271326298875173
5,75.0,160.0,5.0,157,2032290904,1.1254419287096198,-6.500000000000003,0.3271326298875167
5,75.0,160.0,5.0,158,2032290904,0.02544192870959705,-5.4999999999999885,0.8271326298875173
5,75.0,160.0,5.0,159,2032290904,0.7254419287096141,-5.4999999999999885,0.3271326298875167
5,75.0,160.0,5.0,160,2032290904,2.4254419287096027,-6.999999999999997,-0.17286737011248404
5,75.0,160.0,5.0,161,2032290904,1.025441928709597,-6.000000000000009,0.3271326298875167
5,75.0,160.0,5.0,162,2032290904,1.9254419287096027,-6.999999999999997,-0.6728673701124815
5,75.0,160.0,5.0,163,2032290904,1.025441928709597,-6.500000000000003,0.3271326298875167
5,75.0,160.0,5.0,164,2032290904,-0.2745580712903859,-4.999999999999995,-0.17286737011248404
5,75.0,160.0,5.0,165,2032290904,0.9254419287096027,-6.000000000000009,0.3271326298875167
5,75.0,160.0,5.0,166,2032290904,1.525441928709597,-6.500000000000003,0.3271326298875167
5,75.0,160.0,5.0,167,2032290904,0.6254419287096198,-6.500000000000003,0.3271326298875167
5,75.0,160.0,5.0,168,2032290904,3.7254419287095857,-8.500000000000005,0.8271326298875173
5,75.0,160.0,5.0,169,2032290904,3.8254419287096084,-8.00000000000001,-0.17286737011248404
5,75.0,160.0,5.0,170,2032290904,1.1254419287096198,-6.000000000000009,0.3271326298875167
5,75.0,160.0,5.0,171,2032290904,2.1254419287095914,-6.500000000000003,0.8271326298875173
5,75.0,160.0,5.0,172,2032290904,0.2254419287096141,-4.999999999999995,-0.6728673701124815
5,75.0,160.0,5.0,173,2032290904,3.025441928709597,-7.499999999999991,-0.6728673701124815
5,75.0,160.0,5.0,174,2032290904,2.025441928709597,-6.500000000000003,0.3271326298875167
5,75.0,160.0,5.0,175,2032290904,1.225441928709614,-6.500000000000003,-0.17286737011248404
5,75.0,160.0,5.0,176,2032290904,1.1254419287096198,-6.500000000000003,-0.17286737011248404
5,75.0,160.0,5.0,177,2032290904,0.8254419287096084,-6.500000000000003,0.3271326298875167
5,75.0,160.0,5.0,178,2032290904,0.525441928709597,-5.4999999999999885,0.8271326298875173
5,75.0,160.0,5.0,179,2032290904,1.8254419287096084,-6.000000000000009,-0.17286737011248404
5,75.0,160.0,5.0,180,2032290904,1.1254419287096198,-6.500000000000003,0.8271326298875173
5,75.0,160.0,5.0,181,2032290904,0.42544192870960273,-6.000000000000009,0.3271326298875167
5,75.0,160.0,5.0,182,2032290904,3.3254419287096084,-7.499999999999991,-0.17286737011248404
5,75.0,160.0,5.0,183,2032290904,1.6254419287095914,-6.500000000000003,0.3271326298875167
5,75.0,160.0,5.0,184,2032290904,0.9254419287096027,-6.000000000000009,0.3271326298875167
5,75.0,160.0,5.0,185,2032290904,1.4254419287096027,-6.500000000000003,-0.17286737011248404
5,75.0,160.0,5.0,186,2032290904,-0.5745580712903973,-4.999999999999995,0.3271326298875167
5,75.0,160.0,5.0,187,2032290904,0.6254419287096198,-6.000000000000009,0.3271326298875167
5,75.0,160.0,5.0,188,2032290904,0.42544192870960273,-5.4999999999999885,0.3271326298875167
5,75.0,160.0,5.0,189,2032290904,1.1254419287096198,-6.000000000000009,0.8271326298875173
5,75.0,160.0,5.0,190,2032290904,-0.17455807129039158,-4.999999999999995,-0.17286737011248404
5,75.0,160.0,5.0,191,2032290904,1.3254419287096084,-6.000000000000009,-0.17286737011248404
5,75.0,160.0,5.0,192,2032290904,-1.6745580712903916,-4.5,0.8271326298875173
5,75.0,160.0,5.0,193,2032290904,0.1254419287096198,-5.4999999999999885,0.8271326298875173
5,75.0,160.0,5.0,194,2032290904,0.9254419287096027,-6.000000000000009,-0.17286737011248404
5,75.0,160.0,5.0,195,2032290904,3.9254419287096027,-8.00000000000001,0.3271326298875167
5,75.0,160.0,5.0,196,2032290904,1.4254419287096027,-6.000000000000009,-0.17286737011248404
5,75.0,160.0,5.0,197,2032290904,1.525441928709597,-6.500000000000003,0.8271326298875173
5,75.0,160.0,5.0,198,2032290904,2.3254419287096084,-6.500000000000003,0.8271326298875173
5,75.0,160.0,5.0,199,2032290904,0.02544192870959705,-5.4999999999999885,0.3271326298875167
5,75.0,160.0,10.0,0,2032290905,1.725441928709614,-6.500000000000003,0.3271326298875167
5,75.0,160.0,10.0,1,2032290905,1.225441928709614,-6.500000000000003,0.3271326298875167
5,75.0,160.0,10.0,2,2032290905,0.8254419287096084,-6.000000000000009,0.3271326298875167
5,75.0,160.0,10.0,3,2032290905,2.225441928709614,-6.999999999999997,0.3271326298875167
5,75.0,160.0,10.0,4,2032290905,2.4254419287096027,-6.999999999999997,0.3271326298875167
5,75.0,160.0,10.0,5,2032290905,1.725441928709614,-6.500000000000003,-0.17286737011248404
5,75.0,160.0,10.0,6,2032290905,1.525441928709597,-6.500000000000003,0.3271326298875167
5,75.0,160.0,10.0,7,2032290905,1.1254419287096198,-6.000000000000009,0.3271326298875167
5,75.0,160.0,10.0,8,2032290905,1.6254419287095914,-6.500000000000003,0.3271326298875167
5,75.0,160.0,10.0,9,2032290905,1.725441928709614,-6.500000000000003,0.3271326298875167
5,75.0,160.0,10.0,10,2032290905,1.8254419287096084,-6.999999999999997,-0.17286737011248404
5,75.0,160.0,10.0,11,2032290905,1.4254419287096027,-6.500000000000003,0.3271326298875167
5,75.0,160.0,10.0,12,2032290905,1.725441928709614,-6.500000000000003,-0.17286737011248404
5,75.0,160.0,10.0,13,2032290905,0.9254419287096027,-6.500000000000003,0.3271326298875167
5,75.0,160.0,10.0,14,2032290905,2.6254419287095914,-6.999999999999997,0.3271326298875167
5,75.0,160.0,10.0,15,2032290905,2.225441928709614,-6.999999999999997,-0.17286737011248404
5,75.0,160.0,10.0,16,2032290905,0.8254419287096084,-6.000000000000009,-0.17286737011248404
5,75.0,160.0,10.0,17,2032290905,2.025441928709597,-6.999999999999997,0.3271326298875167
5,75.0,160.0,10.0,18,2032290905,0.9254419287096027,-6.000000000000009,0.3271326298875167
5,75.0,160.0,10.0,19,2032290905,1.6254419287095914,-6.500000000000003,0.3271326298875167
5,75.0,160.0,10.0,20,2032290905,1.3254419287096084,-6.500000000000003,0.3271326298875167
5,75.0,160.0,10.0,21,2032290905,0.7254419287096141,-6.000000000000009,-0.17286737011248404
5,75.0,160.0,10.0,22,2032290905,1.9254419287096027,-6.500000000000003,0.3271326298875167
5,75.0,160.0,10.0,23,2032290905,1.225441928709614,-6.500000000000003,0.3271326298875167
5,75.0,160.0,10.0,24,2032290905,1.225441928709614,-6.000000000000009,-0.17286737011248404
5,75.0,160.0,10.0,25,2032290905,1.025441928709597,-6.000000000000009,0.3271326298875167
5,75.0,160.0,10.0,26,2032290905,0.7254419287096141,-6.000000000000009,0.8271326298875173
5,75.0,160.0,10.0,27,2032290905,0.42544192870960273,-6.000000000000009,-0.17286737011248404
5,75.0,160.0,10.0,28,2032290905,1.9254419287096027,-6.500000000000003,0.3271326298875167
5,75.0,160.0,10.0,29,2032290905,1.025441928709597,-6.500000000000003,-0.17286737011248404
5,75.0,160.0,10.0,30,2032290905,0.9254419287096027,-6.000000000000009,0.3271326298875167
5,75.0,160.0,10.0,31,2032290905,2.4254419287096027,-6.999999999999997,-0.17286737011248404
5,75.0,160.0,10.0,32,2032290905,1.1254419287096198,-6.000000000000009,0.3271326298875167
5,75.0,160.0,10.0,33,2032290905,1.3254419287096084,-6.500000000000003,-0.17286737011248404
5,75.0,160.0,10.0,34,2032290905,1.525441928709597,-6.000000000000009,-0.17286737011248404
5,75.0,160.0,10.0,35,2032290905,1.025441928709597,-6.000000000000009,-0.17286737011248404
5,75.0,160.0,10.0,36,2032290905,1.3254419287096084,-6.000000000000009,0.3271326298875167
5,75.0,160.0,10.0,37,2032290905,1.225441928709614,-6.500000000000003,0.8271326298875173
5,75.0,160.0,10.0,38,2032290905,0.9254419287096027,-6.500000000000003,0.3271326298875167
5,75.0,160.0,10.0,39,2032290905,0.8254419287096084,-6.000000000000009,0.3271326298875167
5,75.0,160.0,10.0,40,2032290905,0.7254419287096141,-6.000000000000009,0.3271326298875167
5,75.0,160.0,10.0,41,2032290905,1.9254419287096027,-6.500000000000003,0.3271326298875167
5,75.0,160.0,10.0,42,2032290905,1.6254419287095914,-6.500000000000003,0.3271326298875167
5,75.0,160.0,10.0,43,2032290905,0.8254419287096084,-6.000000000000009,0.3271326298875167
5,75.0,160.0,10.0,44,2032290905,1.525441928709597,-6.500000000000003,0.3271326298875167
5,75.0,160.0,10.0,45,2032290905,1.225441928709614,-6.000000000000009,0.3271326298875167
5,75.0,160.0,10.0,46,2032290905,2.3254419287096084,-6.999999999999997,0.3271326298875167
5,75.0,160.0,10.0,47,2032290905,0.8254419287096084,-6.000000000000009,0.3271326298875167
5,75.0,160.0,10.0,48,2032290905,2.1254419287095914,-6.500000000000003,-0.17286737011248404
5,75.0,160.0,10.0,49,2032290905,2.225441928709614,-6.999999999999997,-0.17286737011248404
5,75.0,160.0,10.0,50,2032290905,0.7254419287096141,-5.4999999999999885,0.3271326298875167
5,75.0,160.0,10.0,51,2032290905,1.4254419287096027,-6.000000000000009,-0.17286737011248404
5,75.0,160.0,10.0,52,2032290905,0.6254419287096198,-6.000000000000009,-0.17286737011248404
5,75.0,160.0,10.0,53,2032290905,0.9254419287096027,-6.000000000000009,-0.17286737011248404
5,75.0,160.0,10.0,54,2032290905,1.1254419287096198,-6.000000000000009,0.3271326298875167
5,75.0,160.0,10.0,55,2032290905,0.6254419287096198,-6.000000000000009,0.3271326298875167
5,75.0,160.0,10.0,56,2032290905,1.525441928709597,-6.500000000000003,-0.17286737011248404
5,75.0,160.0,10.0,57,2032290905,0.1254419287096198,-5.4999999999999885,0.3271326298875167
5,75.0,160.0,10.0,58,2032290905,1.725441928709614,-6.999999999999997,0.3271326298875167
5,75.0,160.0,10.0,59,2032290905,1.4254419287096027,-6.500000000000003,0.3271326298875167
5,75.0,160.0,10.0,60,2032290905,0.9254419287096027,-6.500000000000003,-0.17286737011248404
5,75.0,160.0,10.0,61,2032290905,1.8254419287096084,-6.500000000000003,0.3271326298875167
5,75.0,160.0,10.0,62,2032290905,0.525441928709597,-6.000000000000009,0.3271326298875167
5,75.0,160.0,10.0,63,2032290905,1.6254419287095914,-6.500000000000003,0.3271326298875167
5,75.0,160.0,10.0,64,2032290905,0.525441928709597,-6.000000000000009,0.3271326298875167
5,75.0,160.0,10.0,65,2032290905,1.525441928709597,-6.000000000000009,0.3271326298875167
5,75.0,160.0,10.0,66,2032290905,0.1254419287096198,-5.4999999999999885,0.3271326298875167
5,75.0,160.0,10.0,67,2032290905,0.525441928709597,-5.4999999999999885,0.3271326298875167
5,75.0,160.0,10.0,68,2032290905,3.025441928709597,-7.499999999999991,-0.17286737011248404
5,75.0,160.0,10.0,69,2032290905,0.7254419287096141,-6.000000000000009,0.3271326298875167
5,75.0,160.0,10.0,70,2032290905,1.025441928709597,-6.000000000000009,0.8271326298875173
5,75.0,160.0,10.0,71,2032290905,0.7254419287096141,-5.4999999999999885,-0.17286737011248404
5,75.0,160.0,10.0,72,2032290905,0.42544192870960273,-5.4999999999999885,0.3271326298875167
5,75.0,160.0,10.0,73,2032290905,1.9254419287096027,-6.500000000000003,0.3271326298875167
5,75.0,160.0,10.0,74,2032290905,1.725441928709614,-6.500000000000003,-0.17286737011248404
5,75.0,160.0,10.0,75,2032290905,1.4254419287096027,-6.500000000000003,0.3271326298875167
5,75.0,160.0,10.0,76,2032290905,1.1254419287096198,-6.500000000000003,-0.17286737011248404
5,75.0,160.0,10.0,77,2032290905,2.1254419287095914,-6.500000000000003,0.3271326298875167
5,75.0,160.0,10.0,78,2032290905,0.3254419287096084,-5.4999999999999885,-0.17286737011248404
5,75.0,160.0,10.0,79,2032290905,1.4254419287096027,-6.500000000000003,0.3271326298875167
5,75.0,160.0,10.0,80,2032290905,1.4254419287096027,-6.500000000000003,-0.17286737011248404
5,75.0,160.0,10.0,81,2032290905,1.6254419287095914,-6.999999999999997,0.3271326298875167
5,75.0,160.0,10.0,82,2032290905,2.025441928709597,-6.500000000000003,0.3271326298875167
5,75.0,160.0,10.0,83,2032290905,1.3254419287096084,-6.500000000000003,0.3271326298875167
5,75.0,160.0,10.0,84,2032290905,0.9254419287096027,-6.500000000000003,0.3271326298875167
5,75.0,160.0,10.0,85,2032290905,1.025441928709597,-6.000000000000009,0.3271326298875167
5,75.0,160.0,10.0,86,2032290905,1.525441928709597,-6.500000000000003,-0.17286737011248404
5,75.0,160.0,10.0,87,2032290905,0.6254419287096198,-6.000000000000009,-0.17286737011248404
5,75.0,160.0,10.0,88,2032290905,-0.2745580712903859,-5.4999999999999885,0.3271326298875167
5,75.0,160.0,10.0,89,2032290905,1.4254419287096027,-6.000000000000009,0.3271326298875167
5,75.0,160.0,10.0,90,2032290905,1.225441928709614,-6.500000000000003,0.3271326298875167
5,75.0,160.0,10.0,91,2032290905,1.025441928709597,-6.000000000000009,0.3271326298875167
5,75.0,160.0,10.0,92,2032290905,2.525441928709597,-6.999999999999997,0.3271326298875167
5,75.0,160.0,10.0,93,2032290905,0.7254419287096141,-6.000000000000009,0.3271326298875167
5,75.0,160.0,10.0,94,2032290905,1.025441928709597,-6.500000000000003,0.3271326298875167
5,75.0,160.0,10.0,95,2032290905,1.525441928709597,-6.500000000000003,0.3271326298875167
5,75.0,160.0,10.0,96,2032290905,2.7254419287095857,-7.499999999999991,0.3271326298875167
5,75.0,160.0,10.0,97,2032290905,0.9254419287096027,-6.000000000000009,-0.17286737011248404
5,75.0,160.0,10.0,98,2032290905,1.4254419287096027,-6.000000000000009,0.3271326298875167
5,75.0,160.0,10.0,99,2032290905,1.725441928709614,-6.999999999999997,0.3271326298875167
5,75.0,160.0,10.0,100,2032290905,1.1254419287096198,-6.000000000000009,0.3271326298875167
5,75.0,160.0,10.0,101,2032290905,1.1254419287096198,-6.000000000000009,0.3271326298875167
5,75.0,160.0,10.0,102,2032290905,1.525441928709597,-6.500000000000003,-0.17286737011248404
5,75.0,160.0,10.0,103,2032290905,0.8254419287096084,-6.000000000000009,0.3271326298875167
5,75.0,160.0,10.0,104,2032290905,1.4254419287096027,-6.000000000000009,0.3271326298875167
5,75.0,160.0,10.0,105,2032290905,1.3254419287096084,-6.500000000000003,0.3271326298875167
5,75.0,160.0,10.0,106,2032290905,0.525441928709597,-6.000000000000009,0.3271326298875167
5,75.0,160.0,10.0,107,2032290905,1.725441928709614,-6.500000000000003,-0.17286737011248404
5,75.0,160.0,10.0,108,2032290905,0.9254419287096027,-6.000000000000009,-0.17286737011248404
5,75.0,160.0,10.0,109,2032290905,1.6254419287095914,-6.500000000000003,0.3271326298875167
5,75.0,160.0,10.0,110,2032290905,1.3254419287096084,-6.500000000000003,0.3271326298875167
5,75.0,160.0,10.0,111,2032290905,1.3254419287096084,-6.500000000000003,-0.17286737011248404
5,75.0,160.0,10.0,112,2032290905,1.525441928709597,-6.000000000000009,0.3271326298875167
5,75.0,160.0,10.0,113,2032290905,0.8254419287096084,-6.000000000000009,0.3271326298875167
5,75.0,160.0,10.0,114,2032290905,1.725441928709614,-6.500000000000003,0.3271326298875167
5,75.0,160.0,10.0,115,2032290905,1.1254419287096198,-6.500000000000003,0.3271326298875167
5,75.0,160.0,10.0,116,2032290905,1.4254419287096027,-6.500000000000003,0.3271326298875167
5,75.0,160.0,10.0,117,2032290905,0.8254419287096084,-6.000000000000009,-0.17286737011248404
5,75.0,160.0,10.0,118,2032290905,1.3254419287096084,-6.500000000000003,0.3271326298875167
5,75.0,160.0,10.0,119,2032290905,1.1254419287096198,-6.500000000000003,0.3271326298875167
5,75.0,160.0,10.0,120,2032290905,1.6254419287095914,-6.999999999999997,-0.17286737011248404
5,75.0,160.0,10.0,121,2032290905,1.225441928709614,-6.000000000000009,0.3271326298875167
5,75.0,160.0,10.0,122,2032290905,1.225441928709614,-6.000000000000009,-0.17286737011248404
5,75.0,160.0,10.0,123,2032290905,0.9254419287096027,-6.000000000000009,-0.17286737011248404
5,75.0,160.0,10.0,124,2032290905,0.6254419287096198,-6.000000000000009,0.3271326298875167
5,75.0,160.0,10.0,125,2032290905,1.1254419287096198,-6.000000000000009,0.3271326298875167
5,75.0,160.0,10.0,126,2032290905,1.3254419287096084,-6.500000000000003,-0.17286737011248404
5,75.0,160.0,10.0,127,2032290905,0.3254419287096084,-6.000000000000009,-0.17286737011248404
5,75.0,160.0,10.0,128,2032290905,0.3254419287096084,-5.4999999999999885,0.3271326298875167
5,75.0,160.0,10.0,129,2032290905,1.3254419287096084,-6.500000000000003,0.3271326298875167
5,75.0,160.0,10.0,130,2032290905,1.4254419287096027,-6.500000000000003,0.3271326298875167
5,75.0,160.0,10.0,131,2032290905,1.3254419287096084,-6.500000000000003,-0.17286737011248404
5,75.0,160.0,10.0,132,2032290905,1.6254419287095914,-6.500000000000003,0.3271326298875167
5,75.0,160.0,10.0,133,2032290905,1.8254419287096084,-6.500000000000003,-0.17286737011248404
5,75.0,160.0,10.0,134,2032290905,1.9254419287096027,-6.999999999999997,0.3271326298875167
5,75.0,160.0,10.0,135,2032290905,0.9254419287096027,-6.500000000000003,0.3271326298875167
5,75.0,160.0,10.0,136,2032290905,1.525441928709597,-6.000000000000009,0.3271326298875167
5,75.0,160.0,10.0,137,2032290905,0.9254419287096027,-6.000000000000009,0.8271326298875173
5,75.0,160.0,10.0,138,2032290905,0.42544192870960273,-5.4999999999999885,0.3271326298875167
5,75.0,160.0,10.0,139,2032290905,1.3254419287096084,-6.500000000000003,0.3271326298875167
5,75.0,160.0,10.0,140,2032290905,1.6254419287095914,-6.500000000000003,-0.17286737011248404
5,75.0,160.0,10.0,141,2032290905,-0.17455807129039158,-4.999999999999995,0.3271326298875167
5,75.0,160.0,10.0,142,2032290905,0.8254419287096084,-6.000000000000009,-0.17286737011248404
5,75.0,160.0,10.0,143,2032290905,1.8254419287096084,-6.500000000000003,0.3271326298875167
5,75.0,160.0,10.0,144,2032290905,2.1254419287095914,-6.999999999999997,0.3271326298875167
5,75.0,160.0,10.0,145,2032290905,0.6254419287096198,-6.000000000000009,0.3271326298875167
5,75.0,160.0,10.0,146,2032290905,0.9254419287096027,-6.000000000000009,0.3271326298875167
5,75.0,160.0,10.0,147,2032290905,0.9254419287096027,-6.500000000000003,0.3271326298875167
5,75.0,160.0,10.0,148,2032290905,1.6254419287095914,-6.500000000000003,-0.17286737011248404
5,75.0,160.0,10.0,149,2032290905,1.4254419287096027,-6.500000000000003,-0.17286737011248404
5,75.0,160.0,10.0,150,2032290905,1.725441928709614,-6.500000000000003,-0.17286737011248404
5,75.0,160.0,10.0,151,2032290905,1.8254419287096084,-6.500000000000003,0.3271326298875167
5,75.0,160.0,10.0,152,2032290905,0.8254419287096084,-6.000000000000009,0.3271326298875167
5,75.0,160.0,10.0,153,2032290905,0.9254419287096027,-6.000000000000009,0.3271326298875167
5,75.0,160.0,10.0,154,2032290905,0.8254419287096084,-6.000000000000009,0.3271326298875167
5,75.0,160.0,10.0,155,2032290905,1.1254419287096198,-6.000000000000009,0.3271326298875167
5,75.0,160.0,10.0,156,2032290905,1.025441928709597,-6.500000000000003,-0.17286737011248404
5,75.0,160.0,10.0,157,2032290905,2.1254419287095914,-6.500000000000003,0.3271326298875167
5,75.0,160.0,10.0,158,2032290905,1.8254419287096084,-6.500000000000003,-0.17286737011248404
5,75.0,160.0,10.0,159,2032290905,1.225441928709614,-6.000000000000009,-0.6728673701124815
5,75.0,160.0,10.0,160,2032290905,1.6254419287095914,-6.500000000000003,0.3271326298875167
5,75.0,160.0,10.0,161,2032290905,1.6254419287095914,-6.500000000000003,-0.17286737011248404
5,75.0,160.0,10.0,162,2032290905,2.025441928709597,-6.500000000000003,0.3271326298875167
5,75.0,160.0,10.0,163,2032290905,0.42544192870960273,-6.000000000000009,-0.17286737011248404
5,75.0,160.0,10.0,164,2032290905,1.3254419287096084,-6.500000000000003,-0.17286737011248404
5,75.0,160.0,10.0,165,2032290905,0.1254419287096198,-5.4999999999999885,0.3271326298875167
5,75.0,160.0,10.0,166,2032290905,1.525441928709597,-6.500000000000003,0.3271326298875167
5,75.0,160.0,10.0,167,2032290905,0.3254419287096084,-6.000000000000009,-0.17286737011248404
5,75.0,160.0,10.0,168,2032290905,1.225441928709614,-6.000000000000009,0.3271326298875167
5,75.0,160.0,10.0,169,2032290905,0.8254419287096084,-6.000000000000009,0.3271326298875167
5,75.0,160.0,10.0,170,2032290905,2.025441928709597,-6.500000000000003,-0.17286737011248404
5,75.0,160.0,10.0,171,2032290905,1.4254419287096027,-6.500000000000003,0.3271326298875167
5,75.0,160.0,10.0,172,2032290905,1.1254419287096198,-6.000000000000009,0.3271326298875167
5,75.0,160.0,10.0,173,2032290905,1.3254419287096084,-6.500000000000003,0.3271326298875167
5,75.0,160.0,10.0,174,2032290905,1.225441928709614,-6.500000000000003,-0.17286737011248404
5,75.0,160.0,10.0,175,2032290905,1.1254419287096198,-6.500000000000003,-0.17286737011248404
5,75.0,160.0,10.0,176,2032290905,0.2254419287096141,-6.000000000000009,0.8271326298875173
5,75.0,160.0,10.0,177,2032290905,1.1254419287096198,-6.000000000000009,-0.17286737011248404
5,75.0,160.0,10.0,178,2032290905,2.225441928709614,-6.999999999999997,-0.17286737011248404
5,75.0,160.0,10.0,179,2032290905,1.225441928709614,-6.500000000000003,0.3271326298875167
5,75.0,160.0,10.0,180,2032290905,1.725441928709614,-6.500000000000003,0.3271326298875167
5,75.0,160.0,10.0,181,2032290905,2.1254419287095914,-6.500000000000003,-0.17286737011248404
5,75.0,160.0,10.0,182,2032290905,1.6254419287095914,-6.500000000000003,0.3271326298875167
5,75.0,160.0,10.0,183,2032290905,1.9254419287096027,-6.500000000000003,0.3271326298875167
5,75.0,160.0,10.0,184,2032290905,0.3254419287096084,-5.4999999999999885,0.3271326298875167
5,75.0,160.0,10.0,185,2032290905,1.525441928709597,-6.500000000000003,-0.17286737011248404
5,75.0,160.0,10.0,186,2032290905,1.725441928709614,-6.500000000000003,0.3271326298875167
5,75.0,160.0,10.0,187,2032290905,1.6254419287095914,-6.500000000000003,0.3271326298875167
5,75.0,160.0,10.0,188,2032290905,2.3254419287096084,-6.999999999999997,-0.17286737011248404
5,75.0,160.0,10.0,189,2032290905,-0.17455807129039158,-4.999999999999995,0.3271326298875167
5,75.0,160.0,10.0,190,2032290905,1.8254419287096084,-6.500000000000003,0.3271326298875167
5,75.0,160.0,10.0,191,2032290905,1.4254419287096027,-6.000000000000009,0.3271326298875167
5,75.0,160.0,10.0,192,2032290905,1.6254419287095914,-6.500000000000003,0.3271326298875167
5,75.0,160.0,10.0,193,2032290905,1.6254419287095914,-6.500000000000003,0.3271326298875167
5,75.0,160.0,10.0,194,2032290905,0.3254419287096084,-5.4999999999999885,0.8271326298875173
5,75.0,160.0,10.0,195,2032290905,0.42544192870960273,-6.000000000000009,-0.17286737011248404
5,75.0,160.0,10.0,196,2032290905,2.025441928709597,-6.999999999999997,0.3271326298875167
5,75.0,160.0,10.0,197,2032290905,1.725441928709614,-6.500000000000003,-0.17286737011248404
5,75.0,160.0,10.0,198,2032290905,1.6254419287095914,-6.500000000000003,0.3271326298875167
5,75.0,160.0,10.0,199,2032290905,0.8254419287096084,-5.4999999999999885,0.3271326298875167
6,105.0,200.0,-15.0,0,2032291000,-7.393805421020232,-0.9999999999999887,-1.3615648202707988
6,105.0,200.0,-15.0,1,2032291000,15.606194578979682,27.499999999999993,-1.3615648202707988
6,105.0,200.0,-15.0,2,2032291000,-202.39380542101955,-2.0000000000000027,-25.3615648202708
6,105.0,200.0,-15.0,3,2032291000,-8.993805421020227,-6.000000000000009,-0.36156482027080056
6,105.0,200.0,-15.0,4,2032291000,-105.99380542101989,49.00000000000001,-39.8615648202708
6,105.0,200.0,-15.0,5,2032291000,-122.19380542101983,24.500000000000004,7.638435179729198
6,105.0,200.0,-15.0,6,2032291000,-1.3938054210202608,2.9999999999999916,-0.8615648202708013
6,105.0,200.0,-15.0,7,2032291000,-129.5938054210198,-24.999999999999996,-25.3615648202708
6,105.0,200.0,-15.0,8,2032291000,20.106194578979654,20.499999999999996,-31.3615648202708
6,105.0,200.0,-15.0,9,2032291000,-45.293805421020096,90.0,-81.3615648202708
6,105.0,200.0,-15.0,10,2032291000,-34.093805421020136,83.00000000000003,-6.361564820270799
6,105.0,200.0,-15.0,11,2032291000,-173.49380542101966,90.0,30.638435179729203
6,105.0,200.0,-15.0,12,2032291000,-38.89380542102012,9.99999999999999,24.138435179729203
6,105.0,200.0,-15.0,13,2032291000,-94.69380542101993,-33.5,-32.8615648202708
6,105.0,200.0,-15.0,14,2032291000,-88.99380542101997,-37.50000000000001,-96.36156482027079
6,105.0,200.0,-15.0,15,2032291000,-169.99380542101966,23.500000000000014,-24.8615648202708
6,105.0,200.0,-15.0,16,2032291000,12.8061945789797,31.5,-2.861564820270801
6,105.0,200.0,-15.0,17,2032291000,-205.79380542101953,36.0,-37.8615648202708
6,105.0,200.0,-15.0,18,2032291000,-97.49380542101993,38.5,5.138435179729201
6,105.0,200.0,-15.0,19,2032291000,12.506194578979688,39.499999999999986,4.6384351797292
6,105.0,200.0,-15.0,20,2032291000,-155.79380542101973,20.999999999999993,-25.3615648202708
6,105.0,200.0,-15.0,21,2032291000,-104.39380542101989,15.999999999999996,-80.36156482027079
6,105.0,200.0,-15.0,22,2032291000,-48.1938054210201,-42.00000000000001,-54.3615648202708
6,105.0,200.0,-15.0,23,2032291000,-151.79380542101973,62.000000000000014,-44.8615648202708
6,105.0,200.0,-15.0,24,2032291000,-5.293805421020238,-3.500000000000011,-2.3615648202708
6,105.0,200.0,-15.0,25,2032291000,-1.6938054210202722,-4.999999999999995,2.138435179729203
6,105.0,200.0,-15.0,26,2032291000,-127.29380542101981,40.5,27.1384351797292
6,105.0,200.0,-15.0,27,2032291000,2.5061945789797164,-11.999999999999991,2.138435179729203
6,105.0,200.0,-15.0,28,2032291000,-168.79380542101967,90.0,23.6384351797292
6,105.0,200.0,-15.0,29,2032291000,-215.1938054210195,-61.0,-28.3615648202708
6,105.0,200.0,-15.0,30,2032291000,-6.393805421020232,-2.0000000000000027,-3.8615648202707993
6,105.0,200.0,-15.0,31,2032291000,-20.4938054210202,-90.0,2.638435179729197
6,105.0,200.0,-15.0,32,2032291000,11.8061945789797,31.000000000000007,2.138435179729203
6,105.0,200.0,-15.0,33,2032291000,-40.793805421020124,-4.000000000000005,-37.3615648202708
6,105.0,200.0,-15.0,34,2032291000,10.106194578979682,31.999999999999993,-1.8615648202707995
6,105.0,200.0,-15.0,35,2032291000,-215.1938054210195,-11.499999999999996,9.1384351797292
6,105.0,200.0,-15.0,36,2032291000,-20.893805421020204,-59.999999999999986,-53.36156482027081
6,105.0,200.0,-15.0,37,2032291000,-148.29380542101973,-33.5,-16.861564820270797
6,105.0,200.0,-15.0,38,2032291000,-144.19380542101976,30.499999999999986,28.638435179729203
6,105.0,200.0,-15.0,39,2032291000,4.406194578979722,-4.999999999999995,-1.3615648202707988
6,105.0,200.0,-15.0,40,2032291000,3.6061945789797107,-6.999999999999997,9.1384351797292
6,105.0,200.0,-15.0,41,2032291000,-4.393805421020261,-5.4999999999999885,-3.8615648202707993
6,105.0,200.0,-15.0,42,2032291000,-65.89380542102003,25.499999999999993,-9.3615648202708
6,105.0,200.0,-15.0,43,2032291000,-10.793805421020238,-1.5000000000000084,-1.8615648202707995
6,105.0,200.0,-15.0,44,2032291000,-68.29380542102004,66.49999999999999,9.1384351797292
6,105.0,200.0,-15.0,45,2032291000,-4.0938054210202495,-4.000000000000005,2.138435179729203
6,105.0,200.0,-15.0,46,2032291000,-81.99380542101997,-58.00000000000001,-3.3615648202707984
6,105.0,200.0,-15.0,47,2032291000,-117.59380542101985,-32.500000000000014,20.638435179729203
6,105.0,200.0,-15.0,48,2032291000,20.906194578979665,-90.0,-55.3615648202708
6,105.0,200.0,-15.0,49,2032291000,-102.7938054210199,42.5,7.138435179729197
6,105.0,200.0,-15.0,50,2032291000,-153.49380542101972,15.500000000000004,35.6384351797292
6,105.0,200.0,-15.0,51,2032291000,-104.0938054210199,-48.000000000000014,-55.3615648202708
6,105.0,200.0,-15.0,52,2032291000,-9.393805421020232,0.49999999999999434,6.1384351797292025
6,105.0,200.0,-15.0,53,2032291000,-152.69380542101973,90.0,1.1384351797292016
6,105.0,200.0,-15.0,54,2032291000,4.806194578979699,-5.4999999999999885,1.1384351797292016
6,105.0,200.0,-15.0,55,2032291000,-14.993805421020227,11.000000000000004,4.6384351797292
6,105.0,200.0,-15.0,56,2032291000,-153.79380542101973,-22.5,0.6384351797292008
6,105.0,200.0,-15.0,57,2032291000,-106.2938054210199,21.50000000000001,22.6384351797292
6,105.0,200.0,-15.0,58,2032291000,-112.89380542101986,47.5,-21.361564820270797
6,105.0,200.0,-15.0,59,2032291000,-107.89380542101989,52.49999999999999,-27.8615648202708
6,105.0,200.0,-15.0,60,2032291000,-32.19380542102016,11.000000000000004,4.1384351797292
6,105.0,200.0,-15.0,61,2032291000,-89.49380542101997,34.49999999999999,46.13843517972919
6,105.0,200.0,-15.0,62,2032291000,-101.3938054210199,16.499999999999993,-45.8615648202708
6,105.0,200.0,-15.0,63,2032291000,-129.69380542101982,-26.500000000000007,-39.8615648202708
6,105.0,200.0,-15.0,64,2032291000,13.906194578979694,26.00000000000001,9.1384351797292
6,105.0,200.0,-15.0,65,2032291000,-100.09380542101991,22.5,12.138435179729198
6,105.0,200.0,-15.0,66,2032291000,-33.99380542102014,-27.0,-57.86156482027079
6,105.0,200.0,-15.0,67,2032291000,-136.79380542101978,54.0,0.13843517972920016
6,105.0,200.0,-15.0,68,2032291000,-148.19380542101976,-48.000000000000014,6.1384351797292025
6,105.0,200.0,-15.0,69,2032291000,-17.9938054210202,38.0,-14.861564820270802
6,105.0,200.0,-15.0,70,2032291000,3.6061945789797107,-11.999999999999991,-2.3615648202708
6,105.0,200.0,-15.0,71,2032291000,-60.89380542102006,44.000000000000014,-30.361564820270797
6,105.0,200.0,-15.0,72,2032291000,-92.59380542101994,90.0,-86.3615648202708
6,105.0,200.0,-15.0,73,2032291000,-180.69380542101962,-34.0,-50.8615648202708
6,105.0,200.0,-15.0,74,2032291000,-169.19380542101968,-79.0,-50.8615648202708
6,105.0,200.0,-15.0,75,2032291000,-10.893805421020232,-0.9999999999999887,-2.861564820270801
6,105.0,200.0,-15.0,76,2032291000,-120.79380542101984,73.50000000000001,-26.3615648202708
6,105.0,200.0,-15.0,77,2032291000,-10.193805421020244,-0.49999999999999434,-2.861564820270801
6,105.0,200.0,-15.0,78,2032291000,-168.09380542101968,-4.5,-4.3615648202708
6,105.0,200.0,-15.0,79,2032291000,-206.99380542101954,90.0,-95.3615648202708
6,105.0,200.0,-15.0,80,2032291000,-141.69380542101976,12.50000000000001,-33.3615648202708
6,105.0,200.0,-15.0,81,2032291000,-119.89380542101985,-90.0,6.638435179729203
6,105.0,200.0,-15.0,82,2032291000,6.206194578979705,-4.999999999999995,-3.8615648202707993
6,105.0,200.0,-15.0,83,2032291000,-96.39380542101992,-0.49999999999999434,33.6384351797292
6,105.0,200.0,-15.0,84,2032291000,0.20619457897973348,-8.00000000000001,4.1384351797292
6,105.0,200.0,-15.0,85,2032291000,-208.59380542101954,1.5000000000000084,5.138435179729201
6,105.0,200.0,-15.0,86,2032291000,-192.79380542101958,41.500000000000014,1.6384351797292023
6,105.0,200.0,-15.0,87,2032291000,-31.49380542102017,-21.50000000000001,-54.3615648202708
6,105.0,200.0,-15.0,88,2032291000,-101.3938054210199,-20.499999999999996,10.138435179729202
6,105.0,200.0,-15.0,89,2032291000,-127.69380542101982,18.0,-11.3615648202708
6,105.0,200.0,-15.0,90,2032291000,-163.79380542101967,53.000000000000014,-43.8615648202708
6,105.0,200.0,-15.0,91,2032291000,-170.59380542101968,-76.5,-27.8615648202708
6,105.0,200.0,-15.0,92,2032291000,-35.79380542102015,-18.499999999999993,-46.8615648202708
6,105.0,200.0,-15.0,93,2032291000,-129.9938054210198,-39.499999999999986,-52.8615648202708
6,105.0,200.0,-15.0,94,2032291000,16.206194578979677,29.999999999999993,-1.3615648202707988
6,105.0,200.0,-15.0,95,2032291000,-46.59380542102011,41.500000000000014,-54.3615648202708
6,105.0,200.0,-15.0,96,2032291000,1.0061945789797164,-9.99999999999999,-1.3615648202707988
6,105.0,200.0,-15.0,97,2032291000,-187.7938054210196,-13.000000000000005,-88.8615648202708
6,105.0,200.0,-15.0,98,2032291000,-164.09380542101968,8.500000000000005,-6.361564820270799
6,105.0,200.0,-15.0,99,2032291000,16.206194578979677,17.500000000000007,13.1384351797292
6,105.0,200.0,-15.0,100,2032291000,15.206194578979677,27.499999999999993,-13.3615648202708
6,105.0,200.0,-15.0,101,2032291000,-153.59380542101974,75.00000000000001,-34.36156482027081
6,105.0,200.0,-15.0,102,2032291000,-78.19380542101999,-12.50000000000001,-4.3615648202708
6,105.0,200.0,-15.0,103,2032291000,-62.493805421020056,-50.500000000000014,-46.3615648202708
6,105.0,200.0,-15.0,104,2032291000,24.806194578979643,-3.500000000000011,7.138435179729197
6,105.0,200.0,-15.0,105,2032291000,-0.39380542102026084,-7.499999999999991,4.1384351797292
6,105.0,200.0,-15.0,106,2032291000,-175.89380542101964,37.50000000000001,14.138435179729202
6,105.0,200.0,-15.0,107,2032291000,-51.69380542102007,-43.0,6.1384351797292025
6,105.0,200.0,-15.0,108,2032291000,7.406194578979694,-15.000000000000009,1.6384351797292023
6,105.0,200.0,-15.0,109,2032291000,-11.993805421020227,31.5,-26.3615648202708
6,105.0,200.0,-15.0,110,2032291000,-9.193805421020244,-5.4999999999999885,0.6384351797292008
6,105.0,200.0,-15.0,111,2032291000,-89.79380542101995,6.500000000000003,11.638435179729198
6,105.0,200.0,-15.0,112,2032291000,-215.1938054210195,-4.5,-36.3615648202708
6,105.0,200.0,-15.0,113,2032291000,-55.493805421020085,-24.000000000000007,0.13843517972920016
6,105.0,200.0,-15.0,114,2032291000,-198.39380542101958,13.999999999999995,-31.3615648202708
6,105.0,200.0,-15.0,115,2032291000,-165.09380542101968,9.99999999999999,12.138435179729198
6,105.0,200.0,-15.0,116,2032291000,-44.293805421020124,8.00000000000001,-73.3615648202708
6,105.0,200.0,-15.0,117,2032291000,-110.69380542101987,-27.99999999999999,-49.8615648202708
6,105.0,200.0,-15.0,118,2032291000,-194.1938054210196,52.49999999999999,-52.36156482027081
6,105.0,200.0,-15.0,119,2032291000,-144.99380542101977,-78.5,-31.8615648202708
6,105.0,200.0,-15.0,120,2032291000,-141.29380542101978,-47.5,-12.861564820270798
6,105.0,200.0,-15.0,121,2032291000,-68.99380542102003,-25.499999999999993,-11.3615648202708
6,105.0,200.0,-15.0,122,2032291000,-109.39380542101988,-24.000000000000007,-25.3615648202708
6,105.0,200.0,-15.0,123,2032291000,-68.29380542102004,-90.0,23.1384351797292
6,105.0,200.0,-15.0,124,2032291000,12.906194578979694,0.0,-28.3615648202708
6,105.0,200.0,-15.0,125,2032291000,-92.39380542101995,25.499999999999993,0.13843517972920016
6,105.0,200.0,-15.0,126,2032291000,3.0061945789797164,-8.00000000000001,0.13843517972920016
6,105.0,200.0,-15.0,127,2032291000,1.7061945789797335,-9.0,2.638435179729197
6,105.0,200.0,-15.0,128,2032291000,18.206194578979677,-45.49999999999999,13.6384351797292
6,105.0,200.0,-15.0,129,2032291000,13.206194578979677,23.500000000000014,-7.861564820270802
6,105.0,200.0,-15.0,130,2032291000,-157.0938054210197,23.500000000000014,-30.361564820270797
6,105.0,200.0,-15.0,131,2032291000,-15.79380542102021,4.5,5.638435179729202
6,105.0,200.0,-15.0,132,2032291000,-6.493805421020255,-4.5,2.138435179729203
6,105.0,200.0,-15.0,133,2032291000,-127.69380542101982,56.5,7.638435179729198
6,105.0,200.0,-15.0,134,2032291000,21.00619457897966,72.50000000000001,-17.3615648202708
6,105.0,200.0,-15.0,135,2032291000,-59.39380542102006,-43.0,33.1384351797292
6,105.0,200.0,-15.0,136,2032291000,-49.89380542102009,55.50000000000001,25.138435179729203
6,105.0,200.0,-15.0,137,2032291000,4.606194578979711,-9.0,-2.3615648202708
6,105.0,200.0,-15.0,138,2032291000,-148.39380542101975,90.0,-5.861564820270798
6,105.0,200.0,-15.0,139,2032291000,-2.7938054210202665,-9.99999999999999,-4.3615648202708
6,105.0,200.0,-15.0,140,2032291000,-188.1938054210196,-5.4999999999999885,-32.8615648202708
6,105.0,200.0,-15.0,141,2032291000,16.606194578979682,28.500000000000007,-9.3615648202708
6,105.0,200.0,-15.0,142,2032291000,-129.7938054210198,-31.999999999999993,-50.3615648202708
6,105.0,200.0,-15.0,143,2032291000,-22.593805421020193,3.500000000000011,-2.861564820270801
6,105.0,200.0,-15.0,144,2032291000,-13.393805421020232,5.4999999999999885,19.1384351797292
6,105.0,200.0,-15.0,145,2032291000,-146.69380542101976,-20.499999999999996,-17.8615648202708
6,105.0,200.0,-15.0,146,2032291000,-127.39380542101982,9.0,-92.36156482027081
6,105.0,200.0,-15.0,147,2032291000,-7.393805421020232,-2.4999999999999973,3.638435179729199
6,105.0,200.0,-15.0,148,2032291000,-5.5938054210202495,-4.000000000000005,0.6384351797292008
6,105.0,200.0,-15.0,149,2032291000,-74.39380542102,-29.999999999999993,-5.861564820270798
6,105.0,200.0,-15.0,150,2032291000,-85.29380542101995,44.50000000000001,-7.861564820270802
6,105.0,200.0,-15.0,151,2032291000,-136.29380542101978,-38.99999999999999,5.138435179729201
6,105.0,200.0,-15.0,152,2032291000,-78.49380542102,27.0,-87.36156482027079
6,105.0,200.0,-15.0,153,2032291000,-3.7938054210202665,2.9999999999999916,3.638435179729199
6,105.0,200.0,-15.0,154,2032291000,-160.8938054210197,-49.5,-57.86156482027079
6,105.0,200.0,-15.0,155,2032291000,-152.29380542101973,24.999999999999996,-21.361564820270797
6,105.0,200.0,-15.0,156,2032291000,-154.6938054210197,-62.50000000000001,-1.8615648202707995
6,105.0,200.0,-15.0,157,2032291000,-8.59380542102025,4.000000000000005,-2.861564820270801
6,105.0,200.0,-15.0,158,2032291000,-97.59380542101992,77.50000000000001,23.6384351797292
6,105.0,200.0,-15.0,159,2032291000,-75.09380542102,90.0,0.6384351797292008
6,105.0,200.0,-15.0,160,2032291000,-47.49380542102011,53.49999999999998,-35.8615648202708
6,105.0,200.0,-15.0,161,2032291000,-207.89380542101952,18.499999999999993,23.6384351797292
6,105.0,200.0,-15.0,162,2032291000,22.106194578979654,80.00000000000001,24.138435179729203
6,105.0,200.0,-15.0,163,2032291000,-35.593805421020136,-0.49999999999999434,-60.3615648202708
6,105.0,200.0,-15.0,164,2032291000,15.506194578979688,31.999999999999993,-49.3615648202708
6,105.0,200.0,-15.0,165,2032291000,-193.6938054210196,18.0,-65.36156482027081
6,105.0,200.0,-15.0,166,2032291000,-41.39380542102012,10.500000000000009,-45.3615648202708
6,105.0,200.0,-15.0,167,2032291000,-169.69380542101968,-15.000000000000009,-38.3615648202708
6,105.0,200.0,-15.0,168,2032291000,1.1061945789797392,-11.999999999999991,1.1384351797292016
6,105.0,200.0,-15.0,169,2032291000,-142.29380542101978,-54.49999999999999,-48.86156482027081
6,105.0,200.0,-15.0,170,2032291000,-37.89380542102015,-90.0,-60.86156482027081
6,105.0,200.0,-15.0,171,2032291000,0.8061945789797278,-6.500000000000003,-0.8615648202708013
6,105.0,200.0,-15.0,172,2032291000,-213.2938054210195,-2.0000000000000027,3.138435179729198
6,105.0,200.0,-15.0,173,2032291000,-188.1938054210196,-90.0,-77.3615648202708
6,105.0,200.0,-15.0,174,2032291000,-84.89380542101998,-90.0,-10.361564820270798
6,105.0,200.0,-15.0,175,2032291000,-106.39380542101989,-90.0,-68.3615648202708
6,105.0,200.0,-15.0,176,2032291000,-86.69380542101996,90.0,-64.8615648202708
6,105.0,200.0,-15.0,177,2032291000,-213.99380542101952,-56.5,-38.86156482027081
6,105.0,200.0,-15.0,178,2032291000,-178.69380542101965,-10.500000000000009,-19.861564820270804
6,105.0,200.0,-15.0,179,2032291000,-92.29380542101993,27.0,-6.361564820270799
6,105.0,200.0,-15.0,180,2032291000,13.006194578979688,-25.499999999999993,3.638435179729199
6,105.0,200.0,-15.0,181,2032291000,-55.19380542102007,36.0,-46.3615648202708
6,105.0,200.0,-15.0,182,2032291000,4.406194578979722,-11.499999999999996,0.6384351797292008
6,105.0,200.0,-15.0,183,2032291000,-2.493805421020255,-1.5000000000000084,-1.3615648202707988
6,105.0,200.0,-15.0,184,2032291000,11.606194578979682,-15.000000000000009,-8.361564820270798
6,105.0,200.0,-15.0,185,2032291000,-181.39380542101964,43.49999999999999,-26.3615648202708
6,105.0,200.0,-15.0,186,2032291000,-98.19380542101992,-49.99999999999999,2.138435179729203
6,105.0,200.0,-15.0,187,2032291000,-206.99380542101954,-40.5,-20.8615648202708
6,105.0,200.0,-15.0,188,2032291000,-115.89380542101986,37.50000000000001,27.1384351797292
6,105.0,200.0,-15.0,189,2032291000,-28.093805421020164,-69.0,-77.3615648202708
6,105.0,200.0,-15.0,190,2032291000,4.506194578979716,-3.500000000000011,-0.8615648202708013
6,105.0,200.0,-15.0,191,2032291000,-172.49380542101966,-49.00000000000001,-37.8615648202708
6,105.0,200.0,-15.0,192,2032291000,22.206194578979648,-40.00000000000001,37.6384351797292
6,105.0,200.0,-15.0,193,2032291000,-90.29380542101995,53.000000000000014,-7.361564820270801
6,105.0,200.0,-15.0,194,2032291000,-213.6938054210195,29.499999999999996,-43.36156482027081
6,105.0,200.0,-15.0,195,2032291000,-33.19380542102016,-33.5,-23.8615648202708
6,105.0,200.0,-15.0,196,2032291000,-74.59380542102,41.500000000000014,-4.8615648202708
6,105.0,200.0,-15.0,197,2032291000,-157.29380542101973,24.500000000000004,-83.8615648202708
6,105.0,200.0,-15.0,198,2032291000,4.106194578979711,-6.999999999999997,1.1384351797292016
6,105.0,200.0,-15.0,199,2032291000,-202.19380542101956,19.500000000000007,-3.3615648202707984
6,105.0,200.0,-10.0,0,2032291001,-172.19380542101965,-2.4999999999999973,38.63843517972921
6,105.0,200.0,-10.0,1,2032291001,-12.293805421020238,0.49999999999999434,-1.8615648202707995
6,105.0,200.0,-10.0,2,2032291001,-212.39380542101952,2.0000000000000027,-4.8615648202708
6,105.0,200.0,-10.0,3,2032291001,2.406194578979722,-6.999999999999997,-2.3615648202708
6,105.0,200.0,-10.0,4,2032291001,-5.393805421020261,-6.500000000000003,1.1384351797292016
6,105.0,200.0,-10.0,5,2032291001,-181.99380542101963,90.0,-71.8615648202708
6,105.0,200.0,-10.0,6,2032291001,3.6061945789797107,-9.499999999999995,1.6384351797292023
6,105.0,200.0,-10.0,7,2032291001,-202.69380542101953,26.500000000000007,13.6384351797292
6,105.0,200.0,-10.0,8,2032291001,4.806194578979699,-8.500000000000005,2.138435179729203
6,105.0,200.0,-10.0,9,2032291001,5.106194578979711,-8.500000000000005,0.13843517972920016
6,105.0,200.0,-10.0,10,2032291001,-12.093805421020221,0.0,-3.3615648202707984
6,105.0,200.0,-10.0,11,2032291001,7.406194578979694,36.0,-2.3615648202708
6,105.0,200.0,-10.0,12,2032291001,0.7061945789797335,-7.499999999999991,3.638435179729199
6,105.0,200.0,-10.0,13,2032291001,1.3061945789797278,-8.500000000000005,-0.36156482027080056
6,105.0,200.0,-10.0,14,2032291001,-2.393805421020261,-6.500000000000003,0.6384351797292008
6,105.0,200.0,-10.0,15,2032291001,-45.49380542102011,45.49999999999999,-14.361564820270802
6,105.0,200.0,-10.0,16,2032291001,-35.093805421020136,10.500000000000009,5.638435179729202
6,105.0,200.0,-10.0,17,2032291001,0.6061945789797392,-8.500000000000005,0.13843517972920016
6,105.0,200.0,-10.0,18,2032291001,1.406194578979722,-6.000000000000009,0.13843517972920016
6,105.0,200.0,-10.0,19,2032291001,3.406194578979722,-12.50000000000001,2.138435179729203
6,105.0,200.0,-10.0,20,2032291001,1.1061945789797392,-6.999999999999997,-1.3615648202707988
6,105.0,200.0,-10.0,21,2032291001,-176.29380542101964,-62.50000000000001,-45.3615648202708
6,105.0,200.0,-10.0,22,2032291001,-4.7938054210202665,-4.5,-0.36156482027080056
6,105.0,200.0,-10.0,23,2032291001,8.206194578979705,-13.999999999999995,0.6384351797292008
6,105.0,200.0,-10.0,24,2032291001,15.506194578979688,8.500000000000005,28.1384351797292
6,105.0,200.0,-10.0,25,2032291001,-206.29380542101953,90.0,30.138435179729196
6,105.0,200.0,-10.0,26,2032291001,-213.99380542101952,43.49999999999999,-33.3615648202708
6,105.0,200.0,-10.0,27,2032291001,-31.69380542102016,-8.500000000000005,1.6384351797292023
6,105.0,200.0,-10.0,28,2032291001,-92.39380542101995,-19.500000000000007,-26.3615648202708
6,105.0,200.0,-10.0,29,2032291001,4.406194578979722,-8.500000000000005,-0.8615648202708013
6,105.0,200.0,-10.0,30,2032291001,-169.29380542101967,24.999999999999996,10.138435179729202
6,105.0,200.0,-10.0,31,2032291001,-76.99380542102,27.499999999999993,-94.36156482027081
6,105.0,200.0,-10.0,32,2032291001,8.3061945789797,-15.999999999999996,-4.3615648202708
6,105.0,200.0,-10.0,33,2032291001,-1.6938054210202722,-6.500000000000003,-1.8615648202707995
6,105.0,200.0,-10.0,34,2032291001,-3.693805421020244,-6.000000000000009,-0.36156482027080056
6,105.0,200.0,-10.0,35,2032291001,0.20619457897973348,-6.000000000000009,1.1384351797292016
6,105.0,200.0,-10.0,36,2032291001,9.906194578979694,-18.0,-1.3615648202707988
6,105.0,200.0,-10.0,37,2032291001,8.506194578979688,32.500000000000014,-4.3615648202708
6,105.0,200.0,-10.0,38,2032291001,-5.493805421020255,-1.5000000000000084,1.6384351797292023
6,105.0,200.0,-10.0,39,2032291001,-2.2938054210202665,-6.999999999999997,0.6384351797292008
6,105.0,200.0,-10.0,40,2032291001,-3.893805421020261,-4.5,0.6384351797292008
6,105.0,200.0,-10.0,41,2032291001,-98.19380542101992,55.99999999999998,-49.8615648202708
6,105.0,200.0,-10.0,42,2032291001,8.206194578979705,27.499999999999993,0.13843517972920016
6,105.0,200.0,-10.0,43,2032291001,2.906194578979722,-9.0,1.1384351797292016
6,105.0,200.0,-10.0,44,2032291001,-25.29380542102018,-0.9999999999999887,1.6384351797292023
6,105.0,200.0,-10.0,45,2032291001,-3.493805421020255,-4.5,-1.8615648202707995
6,105.0,200.0,-10.0,46,2032291001,-180.89380542101964,9.0,6.638435179729203
6,105.0,200.0,-10.0,47,2032291001,0.006194578979744847,-8.500000000000005,3.138435179729198
6,105.0,200.0,-10.0,48,2032291001,-130.3938054210198,31.5,-6.8615648202708
6,105.0,200.0,-10.0,49,2032291001,2.6061945789797107,-10.500000000000009,3.638435179729199
6,105.0,200.0,-10.0,50,2032291001,2.5061945789797164,-6.999999999999997,-0.36156482027080056
6,105.0,200.0,-10.0,51,2032291001,14.106194578979682,26.500000000000007,-1.8615648202707995
6,105.0,200.0,-10.0,52,2032291001,12.906194578979694,22.000000000000007,-0.36156482027080056
6,105.0,200.0,-10.0,53,2032291001,8.706194578979705,-15.500000000000004,1.1384351797292016
6,105.0,200.0,-10.0,54,2032291001,-5.493805421020255,-6.000000000000009,2.138435179729203
6,105.0,200.0,-10.0,55,2032291001,14.706194578979677,21.50000000000001,1.1384351797292016
6,105.0,200.0,-10.0,56,2032291001,-1.6938054210202722,-8.00000000000001,1.1384351797292016
6,105.0,200.0,-10.0,57,2032291001,-3.2938054210202665,-2.4999999999999973,2.138435179729203
6,105.0,200.0,-10.0,58,2032291001,8.10619457897971,-18.499999999999993,-1.3615648202707988
6,105.0,200.0,-10.0,59,2032291001,20.50619457897966,9.499999999999995,11.138435179729203
6,105.0,200.0,-10.0,60,2032291001,-2.7938054210202665,-8.500000000000005,1.6384351797292023
6,105.0,200.0,-10.0,61,2032291001,-168.59380542101968,-19.500000000000007,-34.36156482027081
6,105.0,200.0,-10.0,62,2032291001,-12.493805421020227,-0.49999999999999434,-0.8615648202708013
6,105.0,200.0,-10.0,63,2032291001,21.806194578979643,22.5,3.138435179729198
6,105.0,200.0,-10.0,64,2032291001,-3.7938054210202665,-4.5,-1.3615648202707988
6,105.0,200.0,-10.0,65,2032291001,-194.1938054210196,38.0,-74.36156482027081
6,105.0,200.0,-10.0,66,2032291001,1.3061945789797278,-6.500000000000003,2.138435179729203
6,105.0,200.0,-10.0,67,2032291001,-133.3938054210198,-38.5,21.6384351797292
6,105.0,200.0,-10.0,68,2032291001,-163.2938054210197,21.50000000000001,-57.86156482027079
6,105.0,200.0,-10.0,69,2032291001,-29.99380542102017,-90.0,-55.8615648202708
6,105.0,200.0,-10.0,70,2032291001,-151.69380542101973,40.00000000000001,2.638435179729197
6,105.0,200.0,-10.0,71,2032291001,-51.493805421020085,6.999999999999997,-6.361564820270799
6,105.0,200.0,-10.0,72,2032291001,-17.393805421020204,4.000000000000005,-45.8615648202708
6,105.0,200.0,-10.0,73,2032291001,-0.49380542102025515,-8.500000000000005,-4.3615648202708
6,105.0,200.0,-10.0,74,2032291001,-0.09380542102027789,-6.999999999999997,-1.3615648202707988
6,105.0,200.0,-10.0,75,2032291001,18.106194578979654,13.5,6.1384351797292025
6,105.0,200.0,-10.0,76,2032291001,-147.29380542101973,9.0,-42.8615648202708
6,105.0,200.0,-10.0,77,2032291001,1.906194578979722,-12.50000000000001,4.1384351797292
6,105.0,200.0,-10.0,78,2032291001,3.0061945789797164,-9.499999999999995,-4.3615648202708
6,105.0,200.0,-10.0,79,2032291001,0.4061945789797221,-9.99999999999999,0.6384351797292008
6,105.0,200.0,-10.0,80,2032291001,0.20619457897973348,-10.500000000000009,0.6384351797292008
6,105.0,200.0,-10.0,81,2032291001,0.6061945789797392,-6.000000000000009,-5.361564820270801
6,105.0,200.0,-10.0,82,2032291001,-6.993805421020255,-4.5,-1.8615648202707995
6,105.0,200.0,-10.0,83,2032291001,1.5061945789797164,-6.999999999999997,2.138435179729203
6,105.0,200.0,-10.0,84,2032291001,-153.79380542101973,-11.000000000000004,-3.3615648202707984
6,105.0,200.0,-10.0,85,2032291001,1.2061945789797335,-5.4999999999999885,-1.3615648202707988
6,105.0,200.0,-10.0,86,2032291001,-26.99380542102017,-12.50000000000001,-50.8615648202708
6,105.0,200.0,-10.0,87,2032291001,-107.39380542101989,-41.500000000000014,3.638435179729199
6,105.0,200.0,-10.0,88,2032291001,5.306194578979699,-13.000000000000005,-1.3615648202707988
6,105.0,200.0,-10.0,89,2032291001,0.10619457897973916,-9.0,3.638435179729199
6,105.0,200.0,-10.0,90,2032291001,-0.2938054210202665,-7.499999999999991,-4.8615648202708
6,105.0,200.0,-10.0,91,2032291001,24.806194578979643,-75.0,2.638435179729197
6,105.0,200.0,-10.0,92,2032291001,-3.0938054210202495,-5.4999999999999885,-1.3615648202707988
6,105.0,200.0,-10.0,93,2032291001,6.506194578979716,-10.500000000000009,-3.8615648202707993
6,105.0,200.0,-10.0,94,2032291001,-99.69380542101992,36.0,7.638435179729198
6,105.0,200.0,-10.0,95,2032291001,15.506194578979688,21.50000000000001,2.138435179729203
6,105.0,200.0,-10.0,96,2032291001,-3.2938054210202665,-4.999999999999995,1.1384351797292016
6,105.0,200.0,-10.0,97,2032291001,-3.693805421020244,-2.4999999999999973,1.1384351797292016
6,105.0,200.0,-10.0,98,2032291001,-198.29380542101956,31.000000000000007,-62.36156482027079
6,105.0,200.0,-10.0,99,2032291001,3.406194578979722,-9.99999999999999,1.6384351797292023
6,105.0,200.0,-10.0,100,2032291001,5.806194578979699,-10.500000000000009,3.638435179729199
6,105.0,200.0,-10.0,101,2032291001,2.2061945789797335,-9.99999999999999,-0.8615648202708013
6,105.0,200.0,-10.0,102,2032291001,-50.6938054210201,9.499999999999995,-46.8615648202708
6,105.0,200.0,-10.0,103,2032291001,1.0061945789797164,-9.99999999999999,-3.3615648202707984
6,105.0,200.0,-10.0,104,2032291001,0.20619457897973348,-6.000000000000009,-0.8615648202708013
6,105.0,200.0,-10.0,105,2032291001,22.806194578979643,-48.499999999999986,-38.3615648202708
6,105.0,200.0,-10.0,106,2032291001,-0.7938054210202665,-9.0,2.638435179729197
6,105.0,200.0,-10.0,107,2032291001,-6.393805421020232,-3.500000000000011,-1.8615648202707995
6,105.0,200.0,-10.0,108,2032291001,-144.99380542101977,-21.50000000000001,-50.8615648202708
6,105.0,200.0,-10.0,109,2032291001,0.7061945789797335,-8.500000000000005,-0.36156482027080056
6,105.0,200.0,-10.0,110,2032291001,4.206194578979705,-9.499999999999995,5.638435179729202
6,105.0,200.0,-10.0,111,2032291001,-4.693805421020244,-4.5,-0.8615648202708013
6,105.0,200.0,-10.0,112,2032291001,-168.79380542101967,15.999999999999996,-54.8615648202708
6,105.0,200.0,-10.0,113,2032291001,-0.39380542102026084,-7.499999999999991,0.6384351797292008
6,105.0,200.0,-10.0,114,2032291001,-167.29380542101967,90.0,4.1384351797292
6,105.0,200.0,-10.0,115,2032291001,-8.09380542102025,-1.5000000000000084,-2.3615648202708
6,105.0,200.0,-10.0,116,2032291001,-73.69380542102002,-27.0,-5.361564820270801
6,105.0,200.0,-10.0,117,2032291001,-70.19380542102002,90.0,-64.8615648202708
6,105.0,200.0,-10.0,118,2032291001,3.406194578979722,-9.499999999999995,-2.861564820270801
6,105.0,200.0,-10.0,119,2032291001,-6.493805421020255,0.9999999999999887,1.6384351797292023
6,105.0,200.0,-10.0,120,2032291001,1.3061945789797278,-11.000000000000004,-0.36156482027080056
6,105.0,200.0,-10.0,121,2032291001,-150.89380542101975,26.00000000000001,9.638435179729202
6,105.0,200.0,-10.0,122,2032291001,-0.09380542102027789,-8.500000000000005,-0.8615648202708013
6,105.0,200.0,-10.0,123,2032291001,-1.8938054210202608,-2.4999999999999973,-0.36156482027080056
6,105.0,200.0,-10.0,124,2032291001,-121.59380542101984,-68.5,-15.8615648202708
6,105.0,200.0,-10.0,125,2032291001,11.8061945789797,-23.500000000000014,3.138435179729198
6,105.0,200.0,-10.0,126,2032291001,0.10619457897973916,-5.4999999999999885,1.6384351797292023
6,105.0,200.0,-10.0,127,2032291001,9.906194578979694,32.500000000000014,0.6384351797292008
6,105.0,200.0,-10.0,128,2032291001,8.406194578979694,-13.000000000000005,-1.3615648202707988
6,105.0,200.0,-10.0,129,2032291001,-155.0938054210197,50.500000000000014,-34.8615648202708
6,105.0,200.0,-10.0,130,2032291001,-196.39380542101958,27.99999999999999,-26.8615648202708
6,105.0,200.0,-10.0,131,2032291001,2.0061945789797164,-8.500000000000005,2.138435179729203
6,105.0,200.0,-10.0,132,2032291001,5.506194578979716,-4.999999999999995,-3.8615648202707993
6,105.0,200.0,-10.0,133,2032291001,-174.99380542101966,18.499999999999993,-44.8615648202708
6,105.0,200.0,-10.0,134,2032291001,-129.9938054210198,5.4999999999999885,0.13843517972920016
6,105.0,200.0,-10.0,135,2032291001,-148.89380542101975,-22.000000000000007,-0.36156482027080056
6,105.0,200.0,-10.0,136,2032291001,9.8061945789797,-15.000000000000009,0.6384351797292008
6,105.0,200.0,-10.0,137,2032291001,4.806194578979699,-16.499999999999993,0.13843517972920016
6,105.0,200.0,-10.0,138,2032291001,1.5061945789797164,-9.499999999999995,-0.36156482027080056
6,105.0,200.0,-10.0,139,2032291001,-0.39380542102026084,-8.500000000000005,2.138435179729203
6,105.0,200.0,-10.0,140,2032291001,-0.49380542102025515,-8.500000000000005,2.138435179729203
6,105.0,200.0,-10.0,141,2032291001,-46.89380542102009,46.50000000000001,-55.3615648202708
6,105.0,200.0,-10.0,142,2032291001,2.0061945789797164,-7.499999999999991,0.6384351797292008
6,105.0,200.0,-10.0,143,2032291001,1.0061945789797164,-11.000000000000004,3.138435179729198
6,105.0,200.0,-10.0,144,2032291001,-5.493805421020255,-1.5000000000000084,0.13843517972920016
6,105.0,200.0,-10.0,145,2032291001,-92.59380542101994,8.00000000000001,30.138435179729196
6,105.0,200.0,-10.0,146,2032291001,-19.193805421020187,43.49999999999999,-35.3615648202708
6,105.0,200.0,-10.0,147,2032291001,-1.093805421020278,-9.499999999999995,3.138435179729198
6,105.0,200.0,-10.0,148,2032291001,2.5061945789797164,-12.50000000000001,2.138435179729203
6,105.0,200.0,-10.0,149,2032291001,-101.1938054210199,-38.5,-87.36156482027079
6,105.0,200.0,-10.0,150,2032291001,0.10619457897973916,-9.99999999999999,2.138435179729203
6,105.0,200.0,-10.0,151,2032291001,-0.2938054210202665,-6.500000000000003,0.6384351797292008
6,105.0,200.0,-10.0,152,2032291001,-9.393805421020232,0.9999999999999887,-1.3615648202707988
6,105.0,200.0,-10.0,153,2032291001,-7.193805421020244,-4.999999999999995,1.6384351797292023
6,105.0,200.0,-10.0,154,2032291001,-2.193805421020272,-6.500000000000003,0.13843517972920016
6,105.0,200.0,-10.0,155,2032291001,4.306194578979728,-12.50000000000001,2.138435179729203
6,105.0,200.0,-10.0,156,2032291001,-2.2938054210202665,-8.500000000000005,5.638435179729202
6,105.0,200.0,-10.0,157,2032291001,-5.5938054210202495,-4.999999999999995,2.638435179729197
6,105.0,200.0,-10.0,158,2032291001,-84.09380542101997,9.0,-11.3615648202708
6,105.0,200.0,-10.0,159,2032291001,5.806194578979699,-13.000000000000005,0.6384351797292008
6,105.0,200.0,-10.0,160,2032291001,-7.0938054210202495,0.0,-0.8615648202708013
6,105.0,200.0,-10.0,161,2032291001,-128.69380542101982,68.0,-28.861564820270804
6,105.0,200.0,-10.0,162,2032291001,-197.69380542101956,2.9999999999999916,-57.86156482027079
6,105.0,200.0,-10.0,163,2032291001,3.1061945789797107,-10.500000000000009,-1.3615648202707988
6,105.0,200.0,-10.0,164,2032291001,5.406194578979722,-13.999999999999995,-2.3615648202708
6,105.0,200.0,-10.0,165,2032291001,-1.7938054210202665,-6.500000000000003,1.6384351797292023
6,105.0,200.0,-10.0,166,2032291001,23.706194578979648,36.49999999999999,19.1384351797292
6,105.0,200.0,-10.0,167,2032291001,-51.09380542102008,-15.500000000000004,-48.86156482027081
6,105.0,200.0,-10.0,168,2032291001,-13.193805421020215,7.499999999999991,0.6384351797292008
6,105.0,200.0,-10.0,169,2032291001,24.806194578979643,8.500000000000005,-3.3615648202707984
6,105.0,200.0,-10.0,170,2032291001,-2.5938054210202495,-2.0000000000000027,4.1384351797292
6,105.0,200.0,-10.0,171,2032291001,-13.993805421020227,8.00000000000001,10.638435179729202
6,105.0,200.0,-10.0,172,2032291001,4.906194578979722,-9.499999999999995,-1.3615648202707988
6,105.0,200.0,-10.0,173,2032291001,5.706194578979705,-9.99999999999999,2.138435179729203
6,105.0,200.0,-10.0,174,2032291001,24.806194578979643,15.000000000000009,-2.861564820270801
6,105.0,200.0,-10.0,175,2032291001,-215.1938054210195,43.0,-14.861564820270802
6,105.0,200.0,-10.0,176,2032291001,-184.4938054210196,2.0000000000000027,-4.3615648202708
6,105.0,200.0,-10.0,177,2032291001,1.406194578979722,-6.000000000000009,-0.36156482027080056
6,105.0,200.0,-10.0,178,2032291001,-202.19380542101956,33.00000000000001,-17.8615648202708
6,105.0,200.0,-10.0,179,2032291001,-5.993805421020255,-3.500000000000011,1.1384351797292016
6,105.0,200.0,-10.0,180,2032291001,-2.393805421020261,-6.999999999999997,0.13843517972920016
6,105.0,200.0,-10.0,181,2032291001,-1.9938054210202552,-5.4999999999999885,5.638435179729202
6,105.0,200.0,-10.0,182,2032291001,-3.893805421020261,-6.500000000000003,0.6384351797292008
6,105.0,200.0,-10.0,183,2032291001,-3.0938054210202495,-6.999999999999997,-1.3615648202707988
6,105.0,200.0,-10.0,184,2032291001,-33.79380542102015,20.999999999999993,-3.3615648202707984
6,105.0,200.0,-10.0,185,2032291001,3.0061945789797164,-8.500000000000005,-2.861564820270801
6,105.0,200.0,-10.0,186,2032291001,-188.3938054210196,-90.0,-5.861564820270798
6,105.0,200.0,-10.0,187,2032291001,-124.79380542101983,-62.50000000000001,-31.3615648202708
6,105.0,200.0,-10.0,188,2032291001,-5.793805421020238,-3.500000000000011,3.138435179729198
6,105.0,200.0,-10.0,189,2032291001,-51.493805421020085,-2.0000000000000027,-44.36156482027081
6,105.0,200.0,-10.0,190,2032291001,-1.093805421020278,-8.00000000000001,0.6384351797292008
6,105.0,200.0,-10.0,191,2032291001,0.006194578979744847,-6.000000000000009,1.6384351797292023
6,105.0,200.0,-10.0,192,2032291001,1.0061945789797164,-8.500000000000005,1.1384351797292016
6,105.0,200.0,-10.0,193,2032291001,-10.293805421020238,-2.0000000000000027,0.13843517972920016
6,105.0,200.0,-10.0,194,2032291001,-51.69380542102007,13.5,24.638435179729203
6,105.0,200.0,-10.0,195,2032291001,6.406194578979722,-11.499999999999996,-1.8615648202707995
6,105.0,200.0,-10.0,196,2032291001,-2.893805421020261,-8.00000000000001,-3.3615648202707984
6,105.0,200.0,-10.0,197,2032291001,1.906194578979722,-11.000000000000004,0.6384351797292008
6,105.0,200.0,-10.0,198,2032291001,-154.49380542101972,11.000000000000004,10.638435179729202
6,105.0,200.0,-10.0,199,2032291001,-118.39380542101985,45.0,-26.3615648202708
6,105.0,200.0,-5.0,0,2032291002,-7.793805421020238,-4.000000000000005,-0.36156482027080056
6,105.0,200.0,-5.0,1,2032291002,0.3061945789797278,-8.00000000000001,0.6384351797292008
6,105.0,200.0,-5.0,2,2032291002,0.10619457897973916,-6.999999999999997,-0.36156482027080056
6,105.0,200.0,-5.0,3,2032291002,1.5061945789797164,-9.0,1.1384351797292016
6,105.0,200.0,-5.0,4,2032291002,7.406194578979694,-13.5,1.1384351797292016
6,105.0,200.0,-5.0,5,2032291002,0.3061945789797278,-8.00000000000001,1.1384351797292016
6,105.0,200.0,-5.0,6,2032291002,-1.7938054210202665,-4.5,-1.3615648202707988
6,105.0,200.0,-5.0,7,2032291002,0.006194578979744847,-6.500000000000003,-0.36156482027080056
6,105.0,200.0,-5.0,8,2032291002,5.906194578979722,-11.499999999999996,2.138435179729203
6,105.0,200.0,-5.0,9,2032291002,3.2061945789797335,-8.500000000000005,2.638435179729197
6,105.0,200.0,-5.0,10,2032291002,2.5061945789797164,-10.500000000000009,-0.8615648202708013
6,105.0,200.0,-5.0,11,2032291002,3.806194578979728,-9.499999999999995,1.1384351797292016
6,105.0,200.0,-5.0,12,2032291002,-2.0938054210202495,-5.4999999999999885,0.6384351797292008
6,105.0,200.0,-5.0,13,2032291002,4.006194578979716,-9.499999999999995,-0.8615648202708013
6,105.0,200.0,-5.0,14,2032291002,8.10619457897971,-15.999999999999996,4.6384351797292
6,105.0,200.0,-5.0,15,2032291002,-0.5938054210202779,-9.499999999999995,0.13843517972920016
6,105.0,200.0,-5.0,16,2032291002,-1.2938054210202665,-7.499999999999991,0.13843517972920016
6,105.0,200.0,-5.0,17,2032291002,5.706194578979705,-11.499999999999996,-1.3615648202707988
6,105.0,200.0,-5.0,18,2032291002,1.1061945789797392,-8.00000000000001,-0.8615648202708013
6,105.0,200.0,-5.0,19,2032291002,-46.6938054210201,90.0,-72.8615648202708
6,105.0,200.0,-5.0,20,2032291002,2.906194578979722,-9.0,-2.3615648202708
6,105.0,200.0,-5.0,21,2032291002,2.0061945789797164,-9.499999999999995,0.6384351797292008
6,105.0,200.0,-5.0,22,2032291002,-1.6938054210202722,-6.000000000000009,3.138435179729198
6,105.0,200.0,-5.0,23,2032291002,5.506194578979716,-11.999999999999991,-0.36156482027080056
6,105.0,200.0,-5.0,24,2032291002,2.0061945789797164,-9.0,0.13843517972920016
6,105.0,200.0,-5.0,25,2032291002,15.606194578979682,29.000000000000004,0.13843517972920016
6,105.0,200.0,-5.0,26,2032291002,4.506194578979716,-9.99999999999999,1.1384351797292016
6,105.0,200.0,-5.0,27,2032291002,-1.593805421020278,-5.4999999999999885,-2.861564820270801
6,105.0,200.0,-5.0,28,2032291002,1.7061945789797335,-6.999999999999997,2.138435179729203
6,105.0,200.0,-5.0,29,2032291002,-0.8938054210202608,-7.499999999999991,0.6384351797292008
6,105.0,200.0,-5.0,30,2032291002,-1.4938054210202552,-7.499999999999991,0.6384351797292008
6,105.0,200.0,-5.0,31,2032291002,0.7061945789797335,-7.499999999999991,0.13843517972920016
6,105.0,200.0,-5.0,32,2032291002,-5.0938054210202495,-2.0000000000000027,-2.861564820270801
6,105.0,200.0,-5.0,33,2032291002,3.0061945789797164,-11.000000000000004,0.6384351797292008
6,105.0,200.0,-5.0,34,2032291002,0.3061945789797278,-6.999999999999997,-0.36156482027080056
6,105.0,200.0,-5.0,35,2032291002,0.3061945789797278,-7.499999999999991,1.1384351797292016
6,105.0,200.0,-5.0,36,2032291002,0.10619457897973916,-8.500000000000005,-0.36156482027080056
6,105.0,200.0,-5.0,37,2032291002,4.206194578979705,-11.999999999999991,-2.861564820270801
6,105.0,200.0,-5.0,38,2032291002,-0.2938054210202665,-9.0,-1.8615648202707995
6,105.0,200.0,-5.0,39,2032291002,-7.993805421020255,-1.5000000000000084,-0.8615648202708013
6,105.0,200.0,-5.0,40,2032291002,-3.2938054210202665,-6.000000000000009,0.13843517972920016
6,105.0,200.0,-5.0,41,2032291002,-2.493805421020255,-4.5,1.6384351797292023
6,105.0,200.0,-5.0,42,2032291002,7.506194578979716,-15.000000000000009,1.1384351797292016
6,105.0,200.0,-5.0,43,2032291002,1.0061945789797164,-9.0,2.138435179729203
6,105.0,200.0,-5.0,44,2032291002,-7.193805421020244,-2.9999999999999916,-0.8615648202708013
6,105.0,200.0,-5.0,45,2032291002,-0.8938054210202608,-7.499999999999991,0.6384351797292008
6,105.0,200.0,-5.0,46,2032291002,-5.293805421020238,-6.000000000000009,2.138435179729203
6,105.0,200.0,-5.0,47,2032291002,5.706194578979705,-13.000000000000005,1.1384351797292016
6,105.0,200.0,-5.0,48,2032291002,9.206194578979705,-17.00000000000001,-1.3615648202707988
6,105.0,200.0,-5.0,49,2032291002,-1.093805421020278,-6.000000000000009,0.13843517972920016
6,105.0,200.0,-5.0,50,2032291002,-2.7938054210202665,-6.999999999999997,-0.36156482027080056
6,105.0,200.0,-5.0,51,2032291002,-0.39380542102026084,-6.999999999999997,0.6384351797292008
6,105.0,200.0,-5.0,52,2032291002,1.5061945789797164,-9.0,-2.3615648202708
6,105.0,200.0,-5.0,53,2032291002,-3.993805421020255,-5.4999999999999885,1.6384351797292023
6,105.0,200.0,-5.0,54,2032291002,-2.393805421020261,-6.000000000000009,0.13843517972920016
6,105.0,200.0,-5.0,55,2032291002,0.7061945789797335,-9.0,-0.36156482027080056
6,105.0,200.0,-5.0,56,2032291002,-3.193805421020244,-4.000000000000005,0.13843517972920016
6,105.0,200.0,-5.0,57,2032291002,-4.2938054210202665,-4.5,-1.3615648202707988
6,105.0,200.0,-5.0,58,2032291002,2.6061945789797107,-9.499999999999995,1.1384351797292016
6,105.0,200.0,-5.0,59,2032291002,2.5061945789797164,-9.99999999999999,0.6384351797292008
6,105.0,200.0,-5.0,60,2032291002,2.806194578979728,-10.500000000000009,0.13843517972920016
6,105.0,200.0,-5.0,61,2032291002,0.7061945789797335,-6.999999999999997,1.1384351797292016
6,105.0,200.0,-5.0,62,2032291002,6.806194578979699,-10.500000000000009,-1.3615648202707988
6,105.0,200.0,-5.0,63,2032291002,3.306194578979728,-11.000000000000004,-0.8615648202708013
6,105.0,200.0,-5.0,64,2032291002,4.306194578979728,-11.000000000000004,0.13843517972920016
6,105.0,200.0,-5.0,65,2032291002,3.1061945789797107,-10.500000000000009,1.6384351797292023
6,105.0,200.0,-5.0,66,2032291002,-0.09380542102027789,-8.00000000000001,-0.36156482027080056
6,105.0,200.0,-5.0,67,2032291002,1.1061945789797392,-8.00000000000001,2.138435179729203
6,105.0,200.0,-5.0,68,2032291002,-3.5938054210202495,-4.999999999999995,-2.3615648202708
6,105.0,200.0,-5.0,69,2032291002,-2.893805421020261,-4.000000000000005,-0.8615648202708013
6,105.0,200.0,-5.0,70,2032291002,0.8061945789797278,-8.00000000000001,0.6384351797292008
6,105.0,200.0,-5.0,71,2032291002,-3.693805421020244,-5.4999999999999885,1.1384351797292016
6,105.0,200.0,-5.0,72,2032291002,4.206194578979705,-9.499999999999995,-1.3615648202707988
6,105.0,200.0,-5.0,73,2032291002,-0.9938054210202552,-8.500000000000005,0.6384351797292008
6,105.0,200.0,-5.0,74,2032291002,2.806194578979728,-8.500000000000005,0.6384351797292008
6,105.0,200.0,-5.0,75,2032291002,-1.6938054210202722,-8.00000000000001,-1.3615648202707988
6,105.0,200.0,-5.0,76,2032291002,-1.1938054210202722,-6.500000000000003,1.1384351797292016
6,105.0,200.0,-5.0,77,2032291002,-5.193805421020244,-4.000000000000005,1.6384351797292023
6,105.0,200.0,-5.0,78,2032291002,0.4061945789797221,-9.0,1.6384351797292023
6,105.0,200.0,-5.0,79,2032291002,7.306194578979699,-13.000000000000005,2.638435179729197
6,105.0,200.0,-5.0,80,2032291002,-3.2938054210202665,-6.500000000000003,2.138435179729203
6,105.0,200.0,-5.0,81,2032291002,5.906194578979722,-13.000000000000005,0.6384351797292008
6,105.0,200.0,-5.0,82,2032291002,-1.593805421020278,-6.500000000000003,-1.8615648202707995
6,105.0,200.0,-5.0,83,2032291002,2.1061945789797107,-11.000000000000004,0.6384351797292008
6,105.0,200.0,-5.0,84,2032291002,1.406194578979722,-9.0,-0.36156482027080056
6,105.0,200.0,-5.0,85,2032291002,0.4061945789797221,-7.499999999999991,0.6384351797292008
6,105.0,200.0,-5.0,86,2032291002,-8.693805421020244,0.0,0.13843517972920016
6,105.0,200.0,-5.0,87,2032291002,4.406194578979722,-12.50000000000001,0.13843517972920016
6,105.0,200.0,-5.0,88,2032291002,-0.1938054210202722,-9.0,-0.8615648202708013
6,105.0,200.0,-5.0,89,2032291002,0.8061945789797278,-8.00000000000001,-0.36156482027080056
6,105.0,200.0,-5.0,90,2032291002,2.7061945789797335,-7.499999999999991,-0.8615648202708013
6,105.0,200.0,-5.0,91,2032291002,-2.0938054210202495,-7.499999999999991,0.6384351797292008
6,105.0,200.0,-5.0,92,2032291002,0.006194578979744847,-8.500000000000005,0.6384351797292008
6,105.0,200.0,-5.0,93,2032291002,-6.493805421020255,-2.9999999999999916,-1.3615648202707988
6,105.0,200.0,-5.0,94,2032291002,8.206194578979705,-13.000000000000005,0.6384351797292008
6,105.0,200.0,-5.0,95,2032291002,4.506194578979716,-11.999999999999991,0.13843517972920016
6,105.0,200.0,-5.0,96,2032291002,4.106194578979711,-9.0,-0.36156482027080056
6,105.0,200.0,-5.0,97,2032291002,-0.49380542102025515,-8.500000000000005,1.6384351797292023
6,105.0,200.0,-5.0,98,2032291002,1.5061945789797164,-7.499999999999991,-0.8615648202708013
6,105.0,200.0,-5.0,99,2032291002,-2.893805421020261,-4.999999999999995,-0.8615648202708013
6,105.0,200.0,-5.0,100,2032291002,8.906194578979694,31.999999999999993,1.6384351797292023
6,105.0,200.0,-5.0,101,2032291002,2.7061945789797335,-9.99999999999999,0.6384351797292008
6,105.0,200.0,-5.0,102,2032291002,0.10619457897973916,-9.0,-2.3615648202708
6,105.0,200.0,-5.0,103,2032291002,-4.693805421020244,-4.999999999999995,1.1384351797292016
6,105.0,200.0,-5.0,104,2032291002,3.806194578979728,-9.0,-0.36156482027080056
6,105.0,200.0,-5.0,105,2032291002,3.406194578979722,-9.499999999999995,1.6384351797292023
6,105.0,200.0,-5.0,106,2032291002,-9.893805421020232,2.0000000000000027,3.638435179729199
6,105.0,200.0,-5.0,107,2032291002,-1.7938054210202665,-7.499999999999991,1.1384351797292016
6,105.0,200.0,-5.0,108,2032291002,-2.5938054210202495,-6.999999999999997,-0.8615648202708013
6,105.0,200.0,-5.0,109,2032291002,0.9061945789797221,-6.999999999999997,-0.36156482027080056
6,105.0,200.0,-5.0,110,2032291002,-1.7938054210202665,-5.4999999999999885,0.13843517972920016
6,105.0,200.0,-5.0,111,2032291002,-1.7938054210202665,-4.000000000000005,0.13843517972920016
6,105.0,200.0,-5.0,112,2032291002,1.6061945789797107,-8.00000000000001,1.6384351797292023
6,105.0,200.0,-5.0,113,2032291002,-1.9938054210202552,-6.500000000000003,0.6384351797292008
6,105.0,200.0,-5.0,114,2032291002,0.6061945789797392,-8.00000000000001,1.6384351797292023
6,105.0,200.0,-5.0,115,2032291002,-2.493805421020255,-6.000000000000009,1.6384351797292023
6,105.0,200.0,-5.0,116,2032291002,0.20619457897973348,-6.000000000000009,0.13843517972920016
6,105.0,200.0,-5.0,117,2032291002,-2.5938054210202495,-7.499999999999991,-1.3615648202707988
6,105.0,200.0,-5.0,118,2032291002,-6.5938054210202495,-1.5000000000000084,1.1384351797292016
6,105.0,200.0,-5.0,119,2032291002,-1.1938054210202722,-8.00000000000001,-0.36156482027080056
6,105.0,200.0,-5.0,120,2032291002,0.5061945789797164,-8.00000000000001,0.6384351797292008
6,105.0,200.0,-5.0,121,2032291002,-0.7938054210202665,-9.0,0.13843517972920016
6,105.0,200.0,-5.0,122,2032291002,4.706194578979705,-10.500000000000009,0.6384351797292008
6,105.0,200.0,-5.0,123,2032291002,-3.0938054210202495,-6.000000000000009,2.138435179729203
6,105.0,200.0,-5.0,124,2032291002,-0.6938054210202722,-7.499999999999991,-0.8615648202708013
6,105.0,200.0,-5.0,125,2032291002,8.506194578979688,-14.500000000000014,0.13843517972920016
6,105.0,200.0,-5.0,126,2032291002,-2.393805421020261,-6.999999999999997,1.1384351797292016
6,105.0,200.0,-5.0,127,2032291002,1.0061945789797164,-8.500000000000005,-0.8615648202708013
6,105.0,200.0,-5.0,128,2032291002,2.406194578979722,-9.0,0.13843517972920016
6,105.0,200.0,-5.0,129,2032291002,-2.693805421020272,-6.500000000000003,0.13843517972920016
6,105.0,200.0,-5.0,130,2032291002,-3.0938054210202495,-5.4999999999999885,-1.3615648202707988
6,105.0,200.0,-5.0,131,2032291002,-0.1938054210202722,-9.99999999999999,0.13843517972920016
6,105.0,200.0,-5.0,132,2032291002,-0.09380542102027789,-7.499999999999991,0.13843517972920016
6,105.0,200.0,-5.0,133,2032291002,1.7061945789797335,-8.500000000000005,1.6384351797292023
6,105.0,200.0,-5.0,134,2032291002,1.6061945789797107,-9.99999999999999,-0.36156482027080056
6,105.0,200.0,-5.0,135,2032291002,4.506194578979716,-9.99999999999999,-0.36156482027080056
6,105.0,200.0,-5.0,136,2032291002,-6.293805421020238,-3.500000000000011,0.6384351797292008
6,105.0,200.0,-5.0,137,2032291002,1.0061945789797164,-8.500000000000005,2.138435179729203
6,105.0,200.0,-5.0,138,2032291002,-2.693805421020272,-4.999999999999995,0.13843517972920016
6,105.0,200.0,-5.0,139,2032291002,-1.4938054210202552,-6.500000000000003,1.6384351797292023
6,105.0,200.0,-5.0,140,2032291002,2.6061945789797107,-11.000000000000004,0.13843517972920016
6,105.0,200.0,-5.0,141,2032291002,-1.593805421020278,-5.4999999999999885,2.138435179729203
6,105.0,200.0,-5.0,142,2032291002,-1.7938054210202665,-6.999999999999997,0.13843517972920016
6,105.0,200.0,-5.0,143,2032291002,2.0061945789797164,-10.500000000000009,2.138435179729203
6,105.0,200.0,-5.0,144,2032291002,0.3061945789797278,-8.00000000000001,-0.8615648202708013
6,105.0,200.0,-5.0,145,2032291002,-0.49380542102025515,-5.4999999999999885,1.6384351797292023
6,105.0,200.0,-5.0,146,2032291002,6.806194578979699,-14.500000000000014,-3.8615648202707993
6,105.0,200.0,-5.0,147,2032291002,2.406194578979722,-8.00000000000001,2.638435179729197
6,105.0,200.0,-5.0,148,2032291002,-1.7938054210202665,-6.000000000000009,-0.36156482027080056
6,105.0,200.0,-5.0,149,2032291002,4.006194578979716,-10.500000000000009,0.6384351797292008
6,105.0,200.0,-5.0,150,2032291002,0.10619457897973916,-6.500000000000003,0.13843517972920016
6,105.0,200.0,-5.0,151,2032291002,1.0061945789797164,-6.999999999999997,-1.8615648202707995
6,105.0,200.0,-5.0,152,2032291002,-5.5938054210202495,-3.500000000000011,-0.36156482027080056
6,105.0,200.0,-5.0,153,2032291002,-0.9938054210202552,-7.499999999999991,1.1384351797292016
6,105.0,200.0,-5.0,154,2032291002,5.206194578979705,-11.999999999999991,1.6384351797292023
6,105.0,200.0,-5.0,155,2032291002,-0.39380542102026084,-6.999999999999997,0.13843517972920016
6,105.0,200.0,-5.0,156,2032291002,-3.2938054210202665,-6.000000000000009,0.13843517972920016
6,105.0,200.0,-5.0,157,2032291002,-0.2938054210202665,-6.999999999999997,0.13843517972920016
6,105.0,200.0,-5.0,158,2032291002,4.006194578979716,-10.500000000000009,-0.8615648202708013
6,105.0,200.0,-5.0,159,2032291002,4.006194578979716,-9.499999999999995,-1.8615648202707995
6,105.0,200.0,-5.0,160,2032291002,-0.7938054210202665,-6.500000000000003,0.13843517972920016
6,105.0,200.0,-5.0,161,2032291002,-2.5938054210202495,-5.4999999999999885,0.6384351797292008
6,105.0,200.0,-5.0,162,2032291002,0.3061945789797278,-7.499999999999991,-1.3615648202707988
6,105.0,200.0,-5.0,163,2032291002,5.106194578979711,-13.999999999999995,-1.3615648202707988
6,105.0,200.0,-5.0,164,2032291002,-3.7938054210202665,-6.500000000000003,3.138435179729198
6,105.0,200.0,-5.0,165,2032291002,-1.593805421020278,-7.499999999999991,-0.36156482027080056
6,105.0,200.0,-5.0,166,2032291002,0.20619457897973348,-6.500000000000003,0.6384351797292008
6,105.0,200.0,-5.0,167,2032291002,1.7061945789797335,-9.0,0.6384351797292008
6,105.0,200.0,-5.0,168,2032291002,1.3061945789797278,-7.499999999999991,-0.8615648202708013
6,105.0,200.0,-5.0,169,2032291002,4.006194578979716,-11.000000000000004,0.13843517972920016
6,105.0,200.0,-5.0,170,2032291002,-1.4938054210202552,-6.999999999999997,0.13843517972920016
6,105.0,200.0,-5.0,171,2032291002,0.006194578979744847,-8.00000000000001,-0.8615648202708013
6,105.0,200.0,-5.0,172,2032291002,4.106194578979711,-11.499999999999996,0.13843517972920016
6,105.0,200.0,-5.0,173,2032291002,0.7061945789797335,-9.0,0.13843517972920016
6,105.0,200.0,-5.0,174,2032291002,-1.093805421020278,-8.500000000000005,-0.8615648202708013
6,105.0,200.0,-5.0,175,2032291002,7.406194578979694,-13.5,1.6384351797292023
6,105.0,200.0,-5.0,176,2032291002,2.6061945789797107,-9.499999999999995,0.13843517972920016
6,105.0,200.0,-5.0,177,2032291002,-3.193805421020244,-6.500000000000003,0.6384351797292008
6,105.0,200.0,-5.0,178,2032291002,2.6061945789797107,-9.99999999999999,-1.3615648202707988
6,105.0,200.0,-5.0,179,2032291002,-0.49380542102025515,-8.00000000000001,0.13843517972920016
6,105.0,200.0,-5.0,180,2032291002,8.006194578979688,-13.000000000000005,-0.8615648202708013
6,105.0,200.0,-5.0,181,2032291002,4.606194578979711,-11.499999999999996,0.13843517972920016
6,105.0,200.0,-5.0,182,2032291002,-1.1938054210202722,-6.000000000000009,0.13843517972920016
6,105.0,200.0,-5.0,183,2032291002,-2.5938054210202495,-7.499999999999991,1.6384351797292023
6,105.0,200.0,-5.0,184,2032291002,-0.1938054210202722,-6.999999999999997,2.638435179729197
6,105.0,200.0,-5.0,185,2032291002,-1.093805421020278,-6.500000000000003,2.138435179729203
6,105.0,200.0,-5.0,186,2032291002,1.5061945789797164,-8.00000000000001,1.6384351797292023
6,105.0,200.0,-5.0,187,2032291002,1.406194578979722,-7.499999999999991,0.13843517972920016
6,105.0,200.0,-5.0,188,2032291002,0.5061945789797164,-6.500000000000003,2.138435179729203
6,105.0,200.0,-5.0,189,2032291002,0.10619457897973916,-6.500000000000003,-1.8615648202707995
6,105.0,200.0,-5.0,190,2032291002,-0.6938054210202722,-7.499999999999991,0.13843517972920016
6,105.0,200.0,-5.0,191,2032291002,-0.7938054210202665,-8.00000000000001,1.1384351797292016
6,105.0,200.0,-5.0,192,2032291002,13.006194578979688,29.000000000000004,-0.36156482027080056
6,105.0,200.0,-5.0,193,2032291002,-0.1938054210202722,-8.500000000000005,0.6384351797292008
6,105.0,200.0,-5.0,194,2032291002,-7.193805421020244,-1.5000000000000084,2.638435179729197
6,105.0,200.0,-5.0,195,2032291002,4.506194578979716,-11.499999999999996,-0.36156482027080056
6,105.0,200.0,-5.0,196,2032291002,-3.693805421020244,-6.999999999999997,0.13843517972920016
6,105.0,200.0,-5.0,197,2032291002,7.006194578979716,-12.50000000000001,-3.3615648202707984
6,105.0,200.0,-5.0,198,2032291002,3.1061945789797107,-10.500000000000009,-0.36156482027080056
6,105.0,200.0,-5.0,199,2032291002,1.6061945789797107,-9.0,2.138435179729203
6,105.0,200.0,0.0,0,2032291003,-1.1938054210202722,-6.500000000000003,0.6384351797292008
6,105.0,200.0,0.0,1,2032291003,0.7061945789797335,-9.0,0.13843517972920016
6,105.0,200.0,0.0,2,2032291003,0.10619457897973916,-8.500000000000005,0.13843517972920016
6,105.0,200.0,0.0,3,2032291003,0.8061945789797278,-9.0,-0.36156482027080056
6,105.0,200.0,0.0,4,2032291003,-0.2938054210202665,-6.999999999999997,0.6384351797292008
6,105.0,200.0,0.0,5,2032291003,2.0061945789797164,-9.0,0.6384351797292008
6,105.0,200.0,0.0,6,2032291003,2.0061945789797164,-9.499999999999995,1.6384351797292023
6,105.0,200.0,0.0,7,2032291003,-0.1938054210202722,-6.999999999999997,0.13843517972920016
6,105.0,200.0,0.0,8,2032291003,-1.1938054210202722,-7.499999999999991,0.13843517972920016
6,105.0,200.0,0.0,9,2032291003,-0.1938054210202722,-7.499999999999991,1.1384351797292016
6,105.0,200.0,0.0,10,2032291003,1.5061945789797164,-9.499999999999995,0.6384351797292008
6,105.0,200.0,0.0,11,2032291003,-0.39380542102026084,-8.500000000000005,0.6384351797292008
6,105.0,200.0,0.0,12,2032291003,0.8061945789797278,-8.00000000000001,0.13843517972920016
6,105.0,200.0,0.0,13,2032291003,-3.693805421020244,-5.4999999999999885,0.13843517972920016
6,105.0,200.0,0.0,14,2032291003,-0.49380542102025515,-8.00000000000001,0.6384351797292008
6,105.0,200.0,0.0,15,2032291003,3.2061945789797335,-9.499999999999995,-0.36156482027080056
6,105.0,200.0,0.0,16,2032291003,-2.993805421020255,-6.999999999999997,1.1384351797292016
6,105.0,200.0,0.0,17,2032291003,0.20619457897973348,-7.499999999999991,0.13843517972920016
6,105.0,200.0,0.0,18,2032291003,-2.693805421020272,-5.4999999999999885,-0.36156482027080056
6,105.0,200.0,0.0,19,2032291003,0.3061945789797278,-8.500000000000005,-0.36156482027080056
6,105.0,200.0,0.0,20,2032291003,1.2061945789797335,-9.0,1.1384351797292016
6,105.0,200.0,0.0,21,2032291003,0.7061945789797335,-8.00000000000001,1.1384351797292016
6,105.0,200.0,0.0,22,2032291003,4.406194578979722,-11.000000000000004,0.13843517972920016
6,105.0,200.0,0.0,23,2032291003,1.406194578979722,-8.00000000000001,1.1384351797292016
6,105.0,200.0,0.0,24,2032291003,2.2061945789797335,-9.0,-0.36156482027080056
6,105.0,200.0,0.0,25,2032291003,-5.0938054210202495,-4.5,2.638435179729197
6,105.0,200.0,0.0,26,2032291003,-1.093805421020278,-6.999999999999997,-0.36156482027080056
6,105.0,200.0,0.0,27,2032291003,1.8061945789797278,-9.499999999999995,-0.36156482027080056
6,105.0,200.0,0.0,28,2032291003,0.10619457897973916,-7.499999999999991,0.6384351797292008
6,105.0,200.0,0.0,29,2032291003,-2.0938054210202495,-5.4999999999999885,0.13843517972920016
6,105.0,200.0,0.0,30,2032291003,2.7061945789797335,-9.499999999999995,0.13843517972920016
6,105.0,200.0,0.0,31,2032291003,-0.49380542102025515,-6.999999999999997,1.1384351797292016
6,105.0,200.0,0.0,32,2032291003,-0.39380542102026084,-6.999999999999997,-0.36156482027080056
6,105.0,200.0,0.0,33,2032291003,0.3061945789797278,-8.00000000000001,0.6384351797292008
6,105.0,200.0,0.0,34,2032291003,-0.09380542102027789,-9.0,0.6384351797292008
6,105.0,200.0,0.0,35,2032291003,0.5061945789797164,-8.00000000000001,0.13843517972920016
6,105.0,200.0,0.0,36,2032291003,-2.393805421020261,-6.000000000000009,0.6384351797292008
6,105.0,200.0,0.0,37,2032291003,-0.9938054210202552,-6.000000000000009,0.6384351797292008
6,105.0,200.0,0.0,38,2032291003,1.2061945789797335,-9.0,-0.36156482027080056
6,105.0,200.0,0.0,39,2032291003,-2.0938054210202495,-6.500000000000003,1.1384351797292016
6,105.0,200.0,0.0,40,2032291003,-2.893805421020261,-4.999999999999995,-0.36156482027080056
6,105.0,200.0,0.0,41,2032291003,-1.2938054210202665,-6.500000000000003,0.13843517972920016
6,105.0,200.0,0.0,42,2032291003,1.0061945789797164,-7.499999999999991,-0.36156482027080056
6,105.0,200.0,0.0,43,2032291003,-1.3938054210202608,-6.999999999999997,-0.36156482027080056
6,105.0,200.0,0.0,44,2032291003,3.406194578979722,-9.0,0.6384351797292008
6,105.0,200.0,0.0,45,2032291003,-0.09380542102027789,-6.999999999999997,0.13843517972920016
6,105.0,200.0,0.0,46,2032291003,2.5061945789797164,-9.499999999999995,0.13843517972920016
6,105.0,200.0,0.0,47,2032291003,0.10619457897973916,-7.499999999999991,0.6384351797292008
6,105.0,200.0,0.0,48,2032291003,-3.0938054210202495,-6.000000000000009,-0.36156482027080056
6,105.0,200.0,0.0,49,2032291003,-1.7938054210202665,-6.999999999999997,-0.36156482027080056
6,105.0,200.0,0.0,50,2032291003,3.0061945789797164,-9.0,-1.3615648202707988
6,105.0,200.0,0.0,51,2032291003,-2.193805421020272,-6.500000000000003,1.1384351797292016
6,105.0,200.0,0.0,52,2032291003,1.0061945789797164,-8.00000000000001,0.13843517972920016
6,105.0,200.0,0.0,53,2032291003,1.7061945789797335,-9.499999999999995,0.6384351797292008
6,105.0,200.0,0.0,54,2032291003,-0.6938054210202722,-6.999999999999997,1.1384351797292016
6,105.0,200.0,0.0,55,2032291003,1.7061945789797335,-9.499999999999995,1.1384351797292016
6,105.0,200.0,0.0,56,2032291003,-1.1938054210202722,-6.500000000000003,0.13843517972920016
6,105.0,200.0,0.0,57,2032291003,1.6061945789797107,-8.00000000000001,0.13843517972920016
6,105.0,200.0,0.0,58,2032291003,0.10619457897973916,-7.499999999999991,0.13843517972920016
6,105.0,200.0,0.0,59,2032291003,-0.5938054210202779,-8.00000000000001,1.1384351797292016
6,105.0,200.0,0.0,60,2032291003,-1.1938054210202722,-6.999999999999997,1.1384351797292016
6,105.0,200.0,0.0,61,2032291003,0.10619457897973916,-8.500000000000005,2.638435179729197
6,105.0,200.0,0.0,62,2032291003,0.20619457897973348,-7.499999999999991,-0.36156482027080056
6,105.0,200.0,0.0,63,2032291003,-1.1938054210202722,-6.500000000000003,0.6384351797292008
6,105.0,200.0,0.0,64,2032291003,3.0061945789797164,-9.499999999999995,0.6384351797292008
6,105.0,200.0,0.0,65,2032291003,0.7061945789797335,-7.499999999999991,0.6384351797292008
6,105.0,200.0,0.0,66,2032291003,-2.193805421020272,-6.000000000000009,0.6384351797292008
6,105.0,200.0,0.0,67,2032291003,2.906194578979722,-9.0,-0.8615648202708013
6,105.0,200.0,0.0,68,2032291003,-2.693805421020272,-4.999999999999995,0.13843517972920016
6,105.0,200.0,0.0,69,2032291003,0.10619457897973916,-8.00000000000001,0.13843517972920016
6,105.0,200.0,0.0,70,2032291003,-2.693805421020272,-4.999999999999995,0.6384351797292008
6,105.0,200.0,0.0,71,2032291003,-1.2938054210202665,-7.499999999999991,0.6384351797292008
6,105.0,200.0,0.0,72,2032291003,4.006194578979716,-9.99999999999999,-0.8615648202708013
6,105.0,200.0,0.0,73,2032291003,1.3061945789797278,-9.0,0.6384351797292008
6,105.0,200.0,0.0,74,2032291003,5.006194578979716,-11.999999999999991,-1.3615648202707988
6,105.0,200.0,0.0,75,2032291003,-0.5938054210202779,-7.499999999999991,1.1384351797292016
6,105.0,200.0,0.0,76,2032291003,-0.09380542102027789,-8.00000000000001,0.13843517972920016
6,105.0,200.0,0.0,77,2032291003,-0.9938054210202552,-6.999999999999997,0.6384351797292008
6,105.0,200.0,0.0,78,2032291003,2.1061945789797107,-9.499999999999995,-0.8615648202708013
6,105.0,200.0,0.0,79,2032291003,-0.2938054210202665,-6.999999999999997,0.13843517972920016
6,105.0,200.0,0.0,80,2032291003,2.7061945789797335,-9.499999999999995,1.1384351797292016
6,105.0,200.0,0.0,81,2032291003,-1.2938054210202665,-6.999999999999997,-0.36156482027080056
6,105.0,200.0,0.0,82,2032291003,-0.8938054210202608,-6.500000000000003,0.13843517972920016
6,105.0,200.0,0.0,83,2032291003,0.5061945789797164,-7.499999999999991,0.13843517972920016
6,105.0,200.0,0.0,84,2032291003,-0.39380542102026084,-6.500000000000003,-0.36156482027080056
6,105.0,200.0,0.0,85,2032291003,2.2061945789797335,-8.500000000000005,0.13843517972920016
6,105.0,200.0,0.0,86,2032291003,-1.3938054210202608,-6.500000000000003,-0.8615648202708013
6,105.0,200.0,0.0,87,2032291003,2.2061945789797335,-8.00000000000001,0.13843517972920016
6,105.0,200.0,0.0,88,2032291003,2.7061945789797335,-9.99999999999999,0.6384351797292008
6,105.0,200.0,0.0,89,2032291003,-2.0938054210202495,-6.500000000000003,1.1384351797292016
6,105.0,200.0,0.0,90,2032291003,1.406194578979722,-9.499999999999995,-0.36156482027080056
6,105.0,200.0,0.0,91,2032291003,-0.6938054210202722,-7.499999999999991,0.6384351797292008
6,105.0,200.0,0.0,92,2032291003,-1.1938054210202722,-6.999999999999997,0.13843517972920016
6,105.0,200.0,0.0,93,2032291003,-1.4938054210202552,-7.499999999999991,0.13843517972920016
6,105.0,200.0,0.0,94,2032291003,0.006194578979744847,-9.0,0.6384351797292008
6,105.0,200.0,0.0,95,2032291003,2.906194578979722,-10.500000000000009,0.6384351797292008
6,105.0,200.0,0.0,96,2032291003,2.2061945789797335,-9.499999999999995,0.6384351797292008
6,105.0,200.0,0.0,97,2032291003,-3.693805421020244,-5.4999999999999885,-0.36156482027080056
6,105.0,200.0,0.0,98,2032291003,0.20619457897973348,-8.00000000000001,-0.36156482027080056
6,105.0,200.0,0.0,99,2032291003,0.3061945789797278,-7.499999999999991,-0.36156482027080056
6,105.0,200.0,0.0,100,2032291003,3.906194578979722,-10.500000000000009,1.1384351797292016
6,105.0,200.0,0.0,101,2032291003,4.706194578979705,-11.000000000000004,1.1384351797292016
6,105.0,200.0,0.0,102,2032291003,-2.693805421020272,-6.500000000000003,0.6384351797292008
6,105.0,200.0,0.0,103,2032291003,2.806194578979728,-9.499999999999995,0.6384351797292008
6,105.0,200.0,0.0,104,2032291003,-1.593805421020278,-6.500000000000003,-0.36156482027080056
6,105.0,200.0,0.0,105,2032291003,3.706194578979705,-9.99999999999999,0.13843517972920016
6,105.0,200.0,0.0,106,2032291003,1.3061945789797278,-8.500000000000005,0.13843517972920016
6,105.0,200.0,0.0,107,2032291003,1.3061945789797278,-9.499999999999995,-0.36156482027080056
6,105.0,200.0,0.0,108,2032291003,1.406194578979722,-9.0,-0.36156482027080056
6,105.0,200.0,0.0,109,2032291003,1.6061945789797107,-9.0,0.13843517972920016
6,105.0,200.0,0.0,110,2032291003,2.306194578979728,-9.0,1.1384351797292016
6,105.0,200.0,0.0,111,2032291003,4.606194578979711,-11.499999999999996,0.13843517972920016
6,105.0,200.0,0.0,112,2032291003,0.5061945789797164,-8.00000000000001,0.13843517972920016
6,105.0,200.0,0.0,113,2032291003,0.5061945789797164,-8.500000000000005,0.13843517972920016
6,105.0,200.0,0.0,114,2032291003,1.5061945789797164,-8.00000000000001,0.6384351797292008
6,105.0,200.0,0.0,115,2032291003,1.3061945789797278,-8.500000000000005,1.6384351797292023
6,105.0,200.0,0.0,116,2032291003,-0.09380542102027789,-6.999999999999997,2.638435179729197
6,105.0,200.0,0.0,117,2032291003,1.2061945789797335,-8.500000000000005,0.13843517972920016
6,105.0,200.0,0.0,118,2032291003,-0.49380542102025515,-7.499999999999991,0.6384351797292008
6,105.0,200.0,0.0,119,2032291003,0.20619457897973348,-9.499999999999995,-1.3615648202707988
6,105.0,200.0,0.0,120,2032291003,3.5061945789797164,-11.000000000000004,0.6384351797292008
6,105.0,200.0,0.0,121,2032291003,3.906194578979722,-10.500000000000009,-0.36156482027080056
6,105.0,200.0,0.0,122,2032291003,-2.493805421020255,-5.4999999999999885,0.13843517972920016
6,105.0,200.0,0.0,123,2032291003,-0.2938054210202665,-6.999999999999997,0.6384351797292008
6,105.0,200.0,0.0,124,2032291003,0.8061945789797278,-9.0,-0.8615648202708013
6,105.0,200.0,0.0,125,2032291003,1.906194578979722,-8.500000000000005,1.6384351797292023
6,105.0,200.0,0.0,126,2032291003,2.306194578979728,-9.0,0.13843517972920016
6,105.0,200.0,0.0,127,2032291003,1.7061945789797335,-9.0,-0.36156482027080056
6,105.0,200.0,0.0,128,2032291003,2.1061945789797107,-9.99999999999999,-0.8615648202708013
6,105.0,200.0,0.0,129,2032291003,-3.693805421020244,-5.4999999999999885,2.138435179729203
6,105.0,200.0,0.0,130,2032291003,-0.39380542102026084,-7.499999999999991,0.6384351797292008
6,105.0,200.0,0.0,131,2032291003,7.006194578979716,-13.5,0.6384351797292008
6,105.0,200.0,0.0,132,2032291003,0.006194578979744847,-6.999999999999997,-0.36156482027080056
6,105.0,200.0,0.0,133,2032291003,4.506194578979716,-9.499999999999995,0.13843517972920016
6,105.0,200.0,0.0,134,2032291003,2.6061945789797107,-9.499999999999995,-0.36156482027080056
6,105.0,200.0,0.0,135,2032291003,1.0061945789797164,-9.0,0.6384351797292008
6,105.0,200.0,0.0,136,2032291003,1.3061945789797278,-8.500000000000005,0.13843517972920016
6,105.0,200.0,0.0,137,2032291003,0.7061945789797335,-7.499999999999991,-0.8615648202708013
6,105.0,200.0,0.0,138,2032291003,-2.2938054210202665,-6.000000000000009,0.6384351797292008
6,105.0,200.0,0.0,139,2032291003,-3.193805421020244,-4.999999999999995,1.1384351797292016
6,105.0,200.0,0.0,140,2032291003,1.8061945789797278,-8.500000000000005,-0.36156482027080056
6,105.0,200.0,0.0,141,2032291003,0.10619457897973916,-7.499999999999991,-0.36156482027080056
6,105.0,200.0,0.0,142,2032291003,1.406194578979722,-8.500000000000005,-0.36156482027080056
6,105.0,200.0,0.0,143,2032291003,-1.093805421020278,-6.500000000000003,0.13843517972920016
6,105.0,200.0,0.0,144,2032291003,2.6061945789797107,-9.0,0.6384351797292008
6,105.0,200.0,0.0,145,2032291003,2.7061945789797335,-9.499999999999995,0.6384351797292008
6,105.0,200.0,0.0,146,2032291003,0.006194578979744847,-6.999999999999997,-0.8615648202708013
6,105.0,200.0,0.0,147,2032291003,0.006194578979744847,-7.499999999999991,0.13843517972920016
6,105.0,200.0,0.0,148,2032291003,3.0061945789797164,-10.500000000000009,1.6384351797292023
6,105.0,200.0,0.0,149,2032291003,-2.0938054210202495,-6.000000000000009,-1.3615648202707988
6,105.0,200.0,0.0,150,2032291003,1.8061945789797278,-9.0,1.1384351797292016
6,105.0,200.0,0.0,151,2032291003,-0.49380542102025515,-8.00000000000001,0.6384351797292008
6,105.0,200.0,0.0,152,2032291003,-3.993805421020255,-4.5,1.1384351797292016
6,105.0,200.0,0.0,153,2032291003,3.706194578979705,-11.000000000000004,0.6384351797292008
6,105.0,200.0,0.0,154,2032291003,1.1061945789797392,-9.0,-0.36156482027080056
6,105.0,200.0,0.0,155,2032291003,1.406194578979722,-7.499999999999991,-1.8615648202707995
6,105.0,200.0,0.0,156,2032291003,-2.5938054210202495,-6.000000000000009,0.13843517972920016
6,105.0,200.0,0.0,157,2032291003,2.5061945789797164,-9.99999999999999,-0.36156482027080056
6,105.0,200.0,0.0,158,2032291003,-0.8938054210202608,-6.999999999999997,1.1384351797292016
6,105.0,200.0,0.0,159,2032291003,-1.4938054210202552,-6.999999999999997,1.6384351797292023
6,105.0,200.0,0.0,160,2032291003,-3.193805421020244,-5.4999999999999885,1.6384351797292023
6,105.0,200.0,0.0,161,2032291003,2.806194578979728,-9.99999999999999,0.13843517972920016
6,105.0,200.0,0.0,162,2032291003,2.2061945789797335,-9.499999999999995,-0.36156482027080056
6,105.0,200.0,0.0,163,2032291003,2.7061945789797335,-9.0,-0.8615648202708013
6,105.0,200.0,0.0,164,2032291003,5.406194578979722,-12.50000000000001,0.13843517972920016
6,105.0,200.0,0.0,165,2032291003,0.5061945789797164,-8.00000000000001,0.6384351797292008
6,105.0,200.0,0.0,166,2032291003,-1.6938054210202722,-6.999999999999997,0.6384351797292008
6,105.0,200.0,0.0,167,2032291003,-1.3938054210202608,-6.999999999999997,-1.8615648202707995
6,105.0,200.0,0.0,168,2032291003,1.2061945789797335,-8.500000000000005,-0.36156482027080056
6,105.0,200.0,0.0,169,2032291003,0.5061945789797164,-8.00000000000001,0.6384351797292008
6,105.0,200.0,0.0,170,2032291003,2.906194578979722,-9.99999999999999,0.6384351797292008
6,105.0,200.0,0.0,171,2032291003,-2.193805421020272,-5.4999999999999885,0.6384351797292008
6,105.0,200.0,0.0,172,2032291003,-2.693805421020272,-6.000000000000009,0.6384351797292008
6,105.0,200.0,0.0,173,2032291003,3.806194578979728,-8.500000000000005,-0.36156482027080056
6,105.0,200.0,0.0,174,2032291003,-1.1938054210202722,-7.499999999999991,0.6384351797292008
6,105.0,200.0,0.0,175,2032291003,-0.39380542102026084,-6.999999999999997,1.1384351797292016
6,105.0,200.0,0.0,176,2032291003,-2.393805421020261,-7.499999999999991,1.1384351797292016
6,105.0,200.0,0.0,177,2032291003,0.5061945789797164,-7.499999999999991,1.1384351797292016
6,105.0,200.0,0.0,178,2032291003,-0.5938054210202779,-6.500000000000003,0.6384351797292008
6,105.0,200.0,0.0,179,2032291003,-0.7938054210202665,-8.00000000000001,1.1384351797292016
6,105.0,200.0,0.0,180,2032291003,-0.2938054210202665,-6.500000000000003,0.13843517972920016
6,105.0,200.0,0.0,181,2032291003,4.706194578979705,-11.000000000000004,0.13843517972920016
6,105.0,200.0,0.0,182,2032291003,-1.3938054210202608,-6.999999999999997,0.13843517972920016
6,105.0,200.0,0.0,183,2032291003,2.806194578979728,-9.99999999999999,1.6384351797292023
6,105.0,200.0,0.0,184,2032291003,4.206194578979705,-11.000000000000004,-1.3615648202707988
6,105.0,200.0,0.0,185,2032291003,-0.09380542102027789,-7.499999999999991,-0.8615648202708013
6,105.0,200.0,0.0,186,2032291003,-1.3938054210202608,-6.500000000000003,0.13843517972920016
6,105.0,200.0,0.0,187,2032291003,-0.9938054210202552,-6.999999999999997,0.6384351797292008
6,105.0,200.0,0.0,188,2032291003,6.506194578979716,-13.000000000000005,1.1384351797292016
6,105.0,200.0,0.0,189,2032291003,-0.7938054210202665,-8.00000000000001,1.1384351797292016
6,105.0,200.0,0.0,190,2032291003,-1.1938054210202722,-6.999999999999997,0.13843517972920016
6,105.0,200.0,0.0,191,2032291003,-3.893805421020261,-4.5,0.6384351797292008
6,105.0,200.0,0.0,192,2032291003,-1.593805421020278,-6.999999999999997,0.13843517972920016
6,105.0,200.0,0.0,193,2032291003,1.6061945789797107,-9.99999999999999,-0.36156482027080056
6,105.0,200.0,0.0,194,2032291003,-1.4938054210202552,-6.500000000000003,0.13843517972920016
6,105.0,200.0,0.0,195,2032291003,-3.7938054210202665,-4.5,-0.36156482027080056
6,105.0,200.0,0.0,196,2032291003,0.8061945789797278,-8.00000000000001,-0.36156482027080056
6,105.0,200.0,0.0,197,2032291003,-1.8938054210202608,-6.500000000000003,0.6384351797292008
6,105.0,200.0,0.0,198,2032291003,-2.193805421020272,-5.4999999999999885,0.6384351797292008
6,105.0,200.0,0.0,199,2032291003,-0.6938054210202722,-6.500000000000003,-0.36156482027080056
6,105.0,200.0,5.0,0,2032291004,1.5061945789797164,-9.0,0.13843517972920016
6,105.0,200.0,5.0,1,2032291004,-0.2938054210202665,-7.499999999999991,0.13843517972920016
6,105.0,200.0,5.0,2,2032291004,1.0061945789797164,-8.500000000000005,-0.36156482027080056
6,105.0,200.0,5.0,3,2032291004,-0.39380542102026084,-6.999999999999997,0.6384351797292008
6,105.0,200.0,5.0,4,2032291004,1.5061945789797164,-8.500000000000005,-0.36156482027080056
6,105.0,200.0,5.0,5,2032291004,0.20619457897973348,-8.00000000000001,-0.36156482027080056
6,105.0,200.0,5.0,6,2032291004,0.5061945789797164,-7.499999999999991,0.13843517972920016
6,105.0,200.0,5.0,7,2032291004,0.10619457897973916,-7.499999999999991,-0.8615648202708013
6,105.0,200.0,5.0,8,2032291004,1.5061945789797164,-9.0,0.6384351797292008
6,105.0,200.0,5.0,9,2032291004,2.1061945789797107,-9.0,0.13843517972920016
6,105.0,200.0,5.0,10,2032291004,2.406194578979722,-9.499999999999995,0.13843517972920016
6,105.0,200.0,5.0,11,2032291004,0.9061945789797221,-8.500000000000005,0.13843517972920016
6,105.0,200.0,5.0,12,2032291004,0.10619457897973916,-8.00000000000001,0.13843517972920016
6,105.0,200.0,5.0,13,2032291004,1.7061945789797335,-9.0,-0.8615648202708013
6,105.0,200.0,5.0,14,2032291004,0.3061945789797278,-8.00000000000001,0.6384351797292008
6,105.0,200.0,5.0,15,2032291004,0.20619457897973348,-8.500000000000005,0.6384351797292008
6,105.0,200.0,5.0,16,2032291004,1.3061945789797278,-9.0,0.13843517972920016
6,105.0,200.0,5.0,17,2032291004,-0.5938054210202779,-6.999999999999997,0.13843517972920016
6,105.0,200.0,5.0,18,2032291004,2.806194578979728,-9.99999999999999,0.6384351797292008
6,105.0,200.0,5.0,19,2032291004,0.3061945789797278,-8.00000000000001,-0.36156482027080056
6,105.0,200.0,5.0,20,2032291004,1.1061945789797392,-8.500000000000005,0.6384351797292008
6,105.0,200.0,5.0,21,2032291004,2.5061945789797164,-9.499999999999995,0.13843517972920016
6,105.0,200.0,5.0,22,2032291004,-0.5938054210202779,-7.499999999999991,0.13843517972920016
6,105.0,200.0,5.0,23,2032291004,-0.5938054210202779,-7.499999999999991,0.6384351797292008
6,105.0,200.0,5.0,24,2032291004,1.406194578979722,-8.500000000000005,0.6384351797292008
6,105.0,200.0,5.0,25,2032291004,2.906194578979722,-9.499999999999995,0.13843517972920016
6,105.0,200.0,5.0,26,2032291004,2.2061945789797335,-8.500000000000005,0.6384351797292008
6,105.0,200.0,5.0,27,2032291004,0.5061945789797164,-8.500000000000005,0.13843517972920016
6,105.0,200.0,5.0,28,2032291004,-0.49380542102025515,-7.499999999999991,-0.36156482027080056
6,105.0,200.0,5.0,29,2032291004,-1.6938054210202722,-6.999999999999997,0.6384351797292008
6,105.0,200.0,5.0,30,2032291004,-0.2938054210202665,-8.00000000000001,-0.36156482027080056
6,105.0,200.0,5.0,31,2032291004,0.6061945789797392,-8.500000000000005,0.13843517972920016
6,105.0,200.0,5.0,32,2032291004,0.6061945789797392,-8.00000000000001,0.6384351797292008
6,105.0,200.0,5.0,33,2032291004,-1.8938054210202608,-6.999999999999997,1.1384351797292016
6,105.0,200.0,5.0,34,2032291004,0.10619457897973916,-8.00000000000001,-0.36156482027080056
6,105.0,200.0,5.0,35,2032291004,2.6061945789797107,-9.499999999999995,0.13843517972920016
6,105.0,200.0,5.0,36,2032291004,0.6061945789797392,-8.00000000000001,-0.36156482027080056
6,105.0,200.0,5.0,37,2032291004,0.4061945789797221,-7.499999999999991,0.6384351797292008
6,105.0,200.0,5.0,38,2032291004,0.006194578979744847,-8.00000000000001,0.6384351797292008
6,105.0,200.0,5.0,39,2032291004,0.6061945789797392,-7.499999999999991,0.6384351797292008
6,105.0,200.0,5.0,40,2032291004,2.2061945789797335,-8.500000000000005,0.6384351797292008
6,105.0,200.0,5.0,41,2032291004,0.5061945789797164,-8.500000000000005,0.6384351797292008
6,105.0,200.0,5.0,42,2032291004,0.20619457897973348,-8.00000000000001,0.13843517972920016
6,105.0,200.0,5.0,43,2032291004,-0.5938054210202779,-6.999999999999997,0.6384351797292008
6,105.0,200.0,5.0,44,2032291004,1.406194578979722,-9.0,0.6384351797292008
6,105.0,200.0,5.0,45,2032291004,0.7061945789797335,-8.00000000000001,0.6384351797292008
6,105.0,200.0,5.0,46,2032291004,-0.8938054210202608,-7.499999999999991,1.1384351797292016
6,105.0,200.0,5.0,47,2032291004,1.8061945789797278,-8.00000000000001,0.6384351797292008
6,105.0,200.0,5.0,48,2032291004,-1.3938054210202608,-6.999999999999997,0.13843517972920016
6,105.0,200.0,5.0,49,2032291004,0.3061945789797278,-8.00000000000001,0.6384351797292008
6,105.0,200.0,5.0,50,2032291004,0.7061945789797335,-7.499999999999991,0.13843517972920016
6,105.0,200.0,5.0,51,2032291004,2.406194578979722,-9.499999999999995,-0.36156482027080056
6,105.0,200.0,5.0,52,2032291004,3.1061945789797107,-9.99999999999999,-0.8615648202708013
6,105.0,200.0,5.0,53,2032291004,1.2061945789797335,-9.0,0.13843517972920016
6,105.0,200.0,5.0,54,2032291004,0.8061945789797278,-8.00000000000001,0.13843517972920016
6,105.0,200.0,5.0,55,2032291004,1.8061945789797278,-9.0,0.13843517972920016
6,105.0,200.0,5.0,56,2032291004,1.906194578979722,-8.500000000000005,0.13843517972920016
6,105.0,200.0,5.0,57,2032291004,2.0061945789797164,-9.0,0.6384351797292008
6,105.0,200.0,5.0,58,2032291004,-0.49380542102025515,-6.999999999999997,1.1384351797292016
6,105.0,200.0,5.0,59,2032291004,0.20619457897973348,-7.499999999999991,-0.8615648202708013
6,105.0,200.0,5.0,60,2032291004,1.906194578979722,-9.0,0.13843517972920016
6,105.0,200.0,5.0,61,2032291004,-0.7938054210202665,-6.999999999999997,0.6384351797292008
6,105.0,200.0,5.0,62,2032291004,1.6061945789797107,-8.500000000000005,0.6384351797292008
6,105.0,200.0,5.0,63,2032291004,-0.5938054210202779,-6.999999999999997,0.13843517972920016
6,105.0,200.0,5.0,64,2032291004,1.2061945789797335,-9.0,0.13843517972920016
6,105.0,200.0,5.0,65,2032291004,0.5061945789797164,-7.499999999999991,0.13843517972920016
6,105.0,200.0,5.0,66,2032291004,1.6061945789797107,-9.0,1.6384351797292023
6,105.0,200.0,5.0,67,2032291004,1.1061945789797392,-8.00000000000001,-0.36156482027080056
6,105.0,200.0,5.0,68,2032291004,0.006194578979744847,-8.00000000000001,0.13843517972920016
6,105.0,200.0,5.0,69,2032291004,1.7061945789797335,-8.500000000000005,-0.36156482027080056
6,105.0,200.0,5.0,70,2032291004,-0.39380542102026084,-7.499999999999991,-0.36156482027080056
6,105.0,200.0,5.0,71,2032291004,1.7061945789797335,-8.500000000000005,0.13843517972920016
6,105.0,200.0,5.0,72,2032291004,0.8061945789797278,-9.0,0.13843517972920016
6,105.0,200.0,5.0,73,2032291004,-0.09380542102027789,-8.00000000000001,-0.36156482027080056
6,105.0,200.0,5.0,74,2032291004,-0.2938054210202665,-7.499999999999991,0.6384351797292008
6,105.0,200.0,5.0,75,2032291004,-0.7938054210202665,-7.499999999999991,-0.36156482027080056
6,105.0,200.0,5.0,76,2032291004,1.906194578979722,-8.500000000000005,-0.36156482027080056
6,105.0,200.0,5.0,77,2032291004,1.2061945789797335,-8.500000000000005,0.13843517972920016
6,105.0,200.0,5.0,78,2032291004,-0.6938054210202722,-6.999999999999997,0.13843517972920016
6,105.0,200.0,5.0,79,2032291004,0.006194578979744847,-6.999999999999997,-0.36156482027080056
6,105.0,200.0,5.0,80,2032291004,-0.2938054210202665,-6.999999999999997,-0.36156482027080056
6,105.0,200.0,5.0,81,2032291004,0.4061945789797221,-8.00000000000001,0.13843517972920016
6,105.0,200.0,5.0,82,2032291004,-1.3938054210202608,-6.500000000000003,1.6384351797292023
6,105.0,200.0,5.0,83,2032291004,-1.9938054210202552,-6.000000000000009,-0.36156482027080056
6,105.0,200.0,5.0,84,2032291004,0.9061945789797221,-8.500000000000005,-0.36156482027080056
6,105.0,200.0,5.0,85,2032291004,2.6061945789797107,-9.499999999999995,1.1384351797292016
6,105.0,200.0,5.0,86,2032291004,1.3061945789797278,-9.0,0.6384351797292008
6,105.0,200.0,5.0,87,2032291004,2.5061945789797164,-9.99999999999999,-0.36156482027080056
6,105.0,200.0,5.0,88,2032291004,0.7061945789797335,-8.00000000000001,-0.36156482027080056
6,105.0,200.0,5.0,89,2032291004,-0.09380542102027789,-7.499999999999991,0.6384351797292008
6,105.0,200.0,5.0,90,2032291004,-2.2938054210202665,-5.4999999999999885,1.1384351797292016
6,105.0,200.0,5.0,91,2032291004,0.5061945789797164,-8.00000000000001,0.13843517972920016
6,105.0,200.0,5.0,92,2032291004,-0.2938054210202665,-7.499999999999991,0.6384351797292008
6,105.0,200.0,5.0,93,2032291004,-0.6938054210202722,-6.999999999999997,-0.36156482027080056
6,105.0,200.0,5.0,94,2032291004,1.1061945789797392,-8.00000000000001,0.6384351797292008
6,105.0,200.0,5.0,95,2032291004,1.0061945789797164,-8.500000000000005,0.6384351797292008
6,105.0,200.0,5.0,96,2032291004,0.006194578979744847,-7.499999999999991,0.6384351797292008
6,105.0,200.0,5.0,97,2032291004,1.3061945789797278,-8.500000000000005,0.13843517972920016
6,105.0,200.0,5.0,98,2032291004,0.3061945789797278,-8.500000000000005,0.13843517972920016
6,105.0,200.0,5.0,99,2032291004,-1.3938054210202608,-6.999999999999997,0.13843517972920016
6,105.0,200.0,5.0,100,2032291004,-0.49380542102025515,-6.999999999999997,0.6384351797292008
6,105.0,200.0,5.0,101,2032291004,1.7061945789797335,-8.500000000000005,-0.36156482027080056
6,105.0,200.0,5.0,102,2032291004,-0.2938054210202665,-6.999999999999997,-0.36156482027080056
6,105.0,200.0,5.0,103,2032291004,1.0061945789797164,-8.500000000000005,0.6384351797292008
6,105.0,200.0,5.0,104,2032291004,-0.09380542102027789,-7.499999999999991,0.6384351797292008
6,105.0,200.0,5.0,105,2032291004,0.5061945789797164,-8.00000000000001,-0.36156482027080056
6,105.0,200.0,5.0,106,2032291004,1.1061945789797392,-9.0,0.6384351797292008
6,105.0,200.0,5.0,107,2032291004,0.5061945789797164,-8.00000000000001,0.6384351797292008
6,105.0,200.0,5.0,108,2032291004,-1.3938054210202608,-6.999999999999997,1.1384351797292016
6,105.0,200.0,5.0,109,2032291004,-0.49380542102025515,-7.499999999999991,-0.36156482027080056
6,105.0,200.0,5.0,110,2032291004,-0.39380542102026084,-8.00000000000001,0.6384351797292008
6,105.0,200.0,5.0,111,2032291004,2.1061945789797107,-9.499999999999995,0.13843517972920016
6,105.0,200.0,5.0,112,2032291004,0.6061945789797392,-7.499999999999991,0.6384351797292008
6,105.0,200.0,5.0,113,2032291004,0.4061945789797221,-7.499999999999991,0.6384351797292008
6,105.0,200.0,5.0,114,2032291004,0.7061945789797335,-8.00000000000001,0.6384351797292008
6,105.0,200.0,5.0,115,2032291004,0.7061945789797335,-8.00000000000001,0.13843517972920016
6,105.0,200.0,5.0,116,2032291004,-0.2938054210202665,-8.00000000000001,0.6384351797292008
6,105.0,200.0,5.0,117,2032291004,-0.5938054210202779,-7.499999999999991,0.13843517972920016
6,105.0,200.0,5.0,118,2032291004,-1.3938054210202608,-6.500000000000003,0.13843517972920016
6,105.0,200.0,5.0,119,2032291004,-1.093805421020278,-6.999999999999997,0.6384351797292008
6,105.0,200.0,5.0,120,2032291004,0.3061945789797278,-8.00000000000001,0.6384351797292008
6,105.0,200.0,5.0,121,2032291004,1.7061945789797335,-8.500000000000005,0.13843517972920016
6,105.0,200.0,5.0,122,2032291004,1.2061945789797335,-8.500000000000005,0.13843517972920016
6,105.0,200.0,5.0,123,2032291004,0.006194578979744847,-8.00000000000001,0.6384351797292008
6,105.0,200.0,5.0,124,2032291004,0.006194578979744847,-7.499999999999991,0.6384351797292008
6,105.0,200.0,5.0,125,2032291004,1.2061945789797335,-8.500000000000005,0.13843517972920016
6,105.0,200.0,5.0,126,2032291004,-0.1938054210202722,-6.999999999999997,0.6384351797292008
6,105.0,200.0,5.0,127,2032291004,2.0061945789797164,-9.499999999999995,-0.36156482027080056
6,105.0,200.0,5.0,128,2032291004,-1.4938054210202552,-6.999999999999997,0.13843517972920016
6,105.0,200.0,5.0,129,2032291004,0.006194578979744847,-8.00000000000001,0.6384351797292008
6,105.0,200.0,5.0,130,2032291004,1.5061945789797164,-8.500000000000005,0.13843517972920016
6,105.0,200.0,5.0,131,2032291004,0.8061945789797278,-8.500000000000005,1.1384351797292016
6,105.0,200.0,5.0,132,2032291004,1.906194578979722,-9.499999999999995,-0.36156482027080056
6,105.0,200.0,5.0,133,2032291004,0.006194578979744847,-7.499999999999991,0.6384351797292008
6,105.0,200.0,5.0,134,2032291004,1.6061945789797107,-9.0,0.6384351797292008
6,105.0,200.0,5.0,135,2032291004,0.4061945789797221,-8.00000000000001,0.6384351797292008
6,105.0,200.0,5.0,136,2032291004,-0.1938054210202722,-7.499999999999991,0.6384351797292008
6,105.0,200.0,5.0,137,2032291004,2.1061945789797107,-9.499999999999995,0.6384351797292008
6,105.0,200.0,5.0,138,2032291004,1.3061945789797278,-8.500000000000005,0.6384351797292008
6,105.0,200.0,5.0,139,2032291004,1.1061945789797392,-8.500000000000005,0.6384351797292008
6,105.0,200.0,5.0,140,2032291004,0.8061945789797278,-8.500000000000005,-0.36156482027080056
6,105.0,200.0,5.0,141,2032291004,0.4061945789797221,-7.499999999999991,0.6384351797292008
6,105.0,200.0,5.0,142,2032291004,2.306194578979728,-9.0,-0.36156482027080056
6,105.0,200.0,5.0,143,2032291004,-0.7938054210202665,-7.499999999999991,0.13843517972920016
6,105.0,200.0,5.0,144,2032291004,1.1061945789797392,-8.500000000000005,0.6384351797292008
6,105.0,200.0,5.0,145,2032291004,-0.1938054210202722,-7.499999999999991,0.13843517972920016
6,105.0,200.0,5.0,146,2032291004,2.2061945789797335,-9.499999999999995,0.13843517972920016
6,105.0,200.0,5.0,147,2032291004,0.7061945789797335,-8.500000000000005,0.13843517972920016
6,105.0,200.0,5.0,148,2032291004,-0.49380542102025515,-6.999999999999997,0.13843517972920016
6,105.0,200.0,5.0,149,2032291004,-0.9938054210202552,-6.999999999999997,0.13843517972920016
6,105.0,200.0,5.0,150,2032291004,-0.1938054210202722,-8.00000000000001,0.13843517972920016
6,105.0,200.0,5.0,151,2032291004,1.6061945789797107,-8.500000000000005,1.1384351797292016
6,105.0,200.0,5.0,152,2032291004,0.10619457897973916,-8.00000000000001,1.1384351797292016
6,105.0,200.0,5.0,153,2032291004,1.6061945789797107,-9.0,0.6384351797292008
6,105.0,200.0,5.0,154,2032291004,0.8061945789797278,-8.00000000000001,0.6384351797292008
6,105.0,200.0,5.0,155,2032291004,-0.7938054210202665,-7.499999999999991,0.6384351797292008
6,105.0,200.0,5.0,156,2032291004,1.8061945789797278,-8.500000000000005,0.13843517972920016
6,105.0,200.0,5.0,157,2032291004,-0.09380542102027789,-6.999999999999997,0.13843517972920016
6,105.0,200.0,5.0,158,2032291004,0.20619457897973348,-7.499999999999991,0.6384351797292008
6,105.0,200.0,5.0,159,2032291004,0.9061945789797221,-8.00000000000001,-0.36156482027080056
6,105.0,200.0,5.0,160,2032291004,-0.5938054210202779,-7.499999999999991,0.6384351797292008
6,105.0,200.0,5.0,161,2032291004,-0.49380542102025515,-6.999999999999997,0.6384351797292008
6,105.0,200.0,5.0,162,2032291004,2.1061945789797107,-9.0,0.13843517972920016
6,105.0,200.0,5.0,163,2032291004,0.4061945789797221,-8.00000000000001,0.6384351797292008
6,105.0,200.0,5.0,164,2032291004,1.406194578979722,-8.00000000000001,0.6384351797292008
6,105.0,200.0,5.0,165,2032291004,1.7061945789797335,-9.0,0.13843517972920016
6,105.0,200.0,5.0,166,2032291004,0.9061945789797221,-8.00000000000001,0.13843517972920016
6,105.0,200.0,5.0,167,2032291004,-1.3938054210202608,-6.500000000000003,0.6384351797292008
6,105.0,200.0,5.0,168,2032291004,1.0061945789797164,-8.00000000000001,0.13843517972920016
6,105.0,200.0,5.0,169,2032291004,-0.2938054210202665,-6.999999999999997,1.1384351797292016
6,105.0,200.0,5.0,170,2032291004,0.5061945789797164,-8.00000000000001,0.13843517972920016
6,105.0,200.0,5.0,171,2032291004,0.8061945789797278,-7.499999999999991,0.13843517972920016
6,105.0,200.0,5.0,172,2032291004,-0.2938054210202665,-6.999999999999997,0.13843517972920016
6,105.0,200.0,5.0,173,2032291004,0.20619457897973348,-8.00000000000001,0.6384351797292008
6,105.0,200.0,5.0,174,2032291004,0.20619457897973348,-8.00000000000001,0.6384351797292008
6,105.0,200.0,5.0,175,2032291004,0.5061945789797164,-7.499999999999991,0.13843517972920016
6,105.0,200.0,5.0,176,2032291004,1.7061945789797335,-8.500000000000005,0.13843517972920016
6,105.0,200.0,5.0,177,2032291004,-0.5938054210202779,-7.499999999999991,0.13843517972920016
6,105.0,200.0,5.0,178,2032291004,0.6061945789797392,-8.00000000000001,0.6384351797292008
6,105.0,200.0,5.0,179,2032291004,2.7061945789797335,-9.499999999999995,-0.36156482027080056
6,105.0,200.0,5.0,180,2032291004,1.1061945789797392,-8.00000000000001,0.6384351797292008
6,105.0,200.0,5.0,181,2032291004,-1.1938054210202722,-6.999999999999997,0.6384351797292008
6,105.0,200.0,5.0,182,2032291004,1.406194578979722,-8.00000000000001,0.13843517972920016
6,105.0,200.0,5.0,183,2032291004,1.906194578979722,-8.500000000000005,0.6384351797292008
6,105.0,200.0,5.0,184,2032291004,1.5061945789797164,-9.0,0.13843517972920016
6,105.0,200.0,5.0,185,2032291004,-0.1938054210202722,-8.00000000000001,0.13843517972920016
6,105.0,200.0,5.0,186,2032291004,2.7061945789797335,-9.99999999999999,0.6384351797292008
6,105.0,200.0,5.0,187,2032291004,-0.6938054210202722,-6.999999999999997,1.1384351797292016
6,105.0,200.0,5.0,188,2032291004,3.1061945789797107,-9.499999999999995,0.6384351797292008
6,105.0,200.0,5.0,189,2032291004,-0.1938054210202722,-7.499999999999991,0.13843517972920016
6,105.0,200.0,5.0,190,2032291004,0.6061945789797392,-8.500000000000005,0.13843517972920016
6,105.0,200.0,5.0,191,2032291004,0.8061945789797278,-8.00000000000001,0.13843517972920016
6,105.0,200.0,5.0,192,2032291004,1.5061945789797164,-9.0,0.13843517972920016
6,105.0,200.0,5.0,193,2032291004,-0.8938054210202608,-6.999999999999997,0.13843517972920016
6,105.0,200.0,5.0,194,2032291004,0.5061945789797164,-8.500000000000005,0.6384351797292008
6,105.0,200.0,5.0,195,2032291004,0.7061945789797335,-7.499999999999991,0.6384351797292008
6,105.0,200.0,5.0,196,2032291004,-1.093805421020278,-6.500000000000003,0.13843517972920016
6,105.0,200.0,5.0,197,2032291004,-0.5938054210202779,-7.499999999999991,-0.36156482027080056
6,105.0,200.0,5.0,198,2032291004,1.1061945789797392,-9.0,0.6384351797292008
6,105.0,200.0,5.0,199,2032291004,-1.1938054210202722,-7.499999999999991,0.6384351797292008
6,105.0,200.0,10.0,0,2032291005,-0.49380542102025515,-7.499999999999991,0.13843517972920016
6,105.0,200.0,10.0,1,2032291005,0.006194578979744847,-7.499999999999991,1.1384351797292016
6,105.0,200.0,10.0,2,2032291005,0.006194578979744847,-7.499999999999991,0.6384351797292008
6,105.0,200.0,10.0,3,2032291005,-0.39380542102026084,-7.499999999999991,0.13843517972920016
6,105.0,200.0,10.0,4,2032291005,0.20619457897973348,-8.00000000000001,0.13843517972920016
6,105.0,200.0,10.0,5,2032291005,0.8061945789797278,-8.00000000000001,0.13843517972920016
6,105.0,200.0,10.0,6,2032291005,0.5061945789797164,-8.500000000000005,0.6384351797292008
6,105.0,200.0,10.0,7,2032291005,0.3061945789797278,-8.00000000000001,0.6384351797292008
6,105.0,200.0,10.0,8,2032291005,-0.09380542102027789,-7.499999999999991,0.13843517972920016
6,105.0,200.0,10.0,9,2032291005,0.006194578979744847,-8.00000000000001,0.13843517972920016
6,105.0,200.0,10.0,10,2032291005,0.8061945789797278,-8.00000000000001,0.13843517972920016
6,105.0,200.0,10.0,11,2032291005,1.406194578979722,-9.0,0.6384351797292008
6,105.0,200.0,10.0,12,2032291005,0.5061945789797164,-8.00000000000001,0.13843517972920016
6,105.0,200.0,10.0,13,2032291005,0.6061945789797392,-8.00000000000001,0.13843517972920016
6,105.0,200.0,10.0,14,2032291005,0.5061945789797164,-8.500000000000005,0.13843517972920016
6,105.0,200.0,10.0,15,2032291005,1.7061945789797335,-9.0,0.13843517972920016
6,105.0,200.0,10.0,16,2032291005,0.4061945789797221,-8.00000000000001,0.6384351797292008
6,105.0,200.0,10.0,17,2032291005,0.10619457897973916,-8.00000000000001,0.13843517972920016
6,105.0,200.0,10.0,18,2032291005,0.3061945789797278,-7.499999999999991,0.13843517972920016
6,105.0,200.0,10.0,19,2032291005,0.8061945789797278,-8.500000000000005,0.6384351797292008
6,105.0,200.0,10.0,20,2032291005,1.3061945789797278,-8.500000000000005,0.13843517972920016
6,105.0,200.0,10.0,21,2032291005,0.5061945789797164,-8.500000000000005,0.13843517972920016
6,105.0,200.0,10.0,22,2032291005,1.7061945789797335,-8.500000000000005,0.13843517972920016
6,105.0,200.0,10.0,23,2032291005,0.3061945789797278,-8.00000000000001,0.13843517972920016
6,105.0,200.0,10.0,24,2032291005,0.20619457897973348,-8.00000000000001,0.13843517972920016
6,105.0,200.0,10.0,25,2032291005,1.406194578979722,-8.500000000000005,0.13843517972920016
6,105.0,200.0,10.0,26,2032291005,0.10619457897973916,-8.00000000000001,0.13843517972920016
6,105.0,200.0,10.0,27,2032291005,0.10619457897973916,-7.499999999999991,0.13843517972920016
6,105.0,200.0,10.0,28,2032291005,0.7061945789797335,-8.00000000000001,-0.36156482027080056
6,105.0,200.0,10.0,29,2032291005,0.9061945789797221,-8.00000000000001,0.13843517972920016
6,105.0,200.0,10.0,30,2032291005,0.5061945789797164,-8.00000000000001,0.6384351797292008
6,105.0,200.0,10.0,31,2032291005,1.1061945789797392,-8.500000000000005,0.13843517972920016
6,105.0,200.0,10.0,32,2032291005,0.5061945789797164,-8.00000000000001,0.6384351797292008
6,105.0,200.0,10.0,33,2032291005,0.8061945789797278,-8.500000000000005,0.13843517972920016
6,105.0,200.0,10.0,34,2032291005,-0.39380542102026084,-7.499999999999991,0.6384351797292008
6,105.0,200.0,10.0,35,2032291005,-0.49380542102025515,-6.999999999999997,0.13843517972920016
6,105.0,200.0,10.0,36,2032291005,1.5061945789797164,-8.500000000000005,0.13843517972920016
6,105.0,200.0,10.0,37,2032291005,1.1061945789797392,-8.500000000000005,0.13843517972920016
6,105.0,200.0,10.0,38,2032291005,0.20619457897973348,-8.00000000000001,0.13843517972920016
6,105.0,200.0,10.0,39,2032291005,1.1061945789797392,-8.500000000000005,-0.36156482027080056
6,105.0,200.0,10.0,40,2032291005,0.10619457897973916,-7.499999999999991,0.6384351797292008
6,105.0,200.0,10.0,41,2032291005,0.6061945789797392,-8.00000000000001,0.13843517972920016
6,105.0,200.0,10.0,42,2032291005,1.2061945789797335,-8.500000000000005,0.13843517972920016
6,105.0,200.0,10.0,43,2032291005,0.20619457897973348,-8.00000000000001,0.13843517972920016
6,105.0,200.0,10.0,44,2032291005,-0.2938054210202665,-7.499999999999991,0.6384351797292008
6,105.0,200.0,10.0,45,2032291005,0.9061945789797221,-8.00000000000001,0.13843517972920016
6,105.0,200.0,10.0,46,2032291005,0.10619457897973916,-7.499999999999991,0.13843517972920016
6,105.0,200.0,10.0,47,2032291005,0.6061945789797392,-8.00000000000001,0.13843517972920016
6,105.0,200.0,10.0,48,2032291005,0.3061945789797278,-8.00000000000001,0.13843517972920016
6,105.0,200.0,10.0,49,2032291005,0.20619457897973348,-8.00000000000001,0.13843517972920016
6,105.0,200.0,10.0,50,2032291005,0.4061945789797221,-8.00000000000001,0.13843517972920016
6,105.0,200.0,10.0,51,2032291005,0.9061945789797221,-8.500000000000005,0.13843517972920016
6,105.0,200.0,10.0,52,2032291005,1.5061945789797164,-8.500000000000005,0.13843517972920016
6,105.0,200.0,10.0,53,2032291005,0.20619457897973348,-8.00000000000001,0.6384351797292008
6,105.0,200.0,10.0,54,2032291005,-0.2938054210202665,-6.999999999999997,0.13843517972920016
6,105.0,200.0,10.0,55,2032291005,0.6061945789797392,-8.00000000000001,0.13843517972920016
6,105.0,200.0,10.0,56,2032291005,-0.49380542102025515,-7.499999999999991,0.6384351797292008
6,105.0,200.0,10.0,57,2032291005,0.7061945789797335,-8.00000000000001,0.13843517972920016
6,105.0,200.0,10.0,58,2032291005,1.0061945789797164,-8.00000000000001,0.13843517972920016
6,105.0,200.0,10.0,59,2032291005,0.006194578979744847,-7.499999999999991,0.6384351797292008
6,105.0,200.0,10.0,60,2032291005,1.3061945789797278,-8.500000000000005,0.13843517972920016
6,105.0,200.0,10.0,61,2032291005,0.006194578979744847,-7.499999999999991,0.6384351797292008
6,105.0,200.0,10.0,62,2032291005,1.3061945789797278,-8.500000000000005,0.6384351797292008
6,105.0,200.0,10.0,63,2032291005,0.4061945789797221,-8.00000000000001,0.13843517972920016
6,105.0,200.0,10.0,64,2032291005,-0.1938054210202722,-7.499999999999991,0.6384351797292008
6,105.0,200.0,10.0,65,2032291005,0.8061945789797278,-8.00000000000001,0.6384351797292008
6,105.0,200.0,10.0,66,2032291005,1.0061945789797164,-8.500000000000005,0.13843517972920016
6,105.0,200.0,10.0,67,2032291005,1.3061945789797278,-8.500000000000005,0.13843517972920016
6,105.0,200.0,10.0,68,2032291005,1.2061945789797335,-8.00000000000001,0.13843517972920016
6,105.0,200.0,10.0,69,2032291005,0.6061945789797392,-8.00000000000001,0.13843517972920016
6,105.0,200.0,10.0,70,2032291005,1.2061945789797335,-8.00000000000001,0.6384351797292008
6,105.0,200.0,10.0,71,2032291005,-0.09380542102027789,-7.499999999999991,0.6384351797292008
6,105.0,200.0,10.0,72,2032291005,0.5061945789797164,-8.00000000000001,0.6384351797292008
6,105.0,200.0,10.0,73,2032291005,1.2061945789797335,-8.500000000000005,0.13843517972920016
6,105.0,200.0,10.0,74,2032291005,0.20619457897973348,-8.00000000000001,0.6384351797292008
6,105.0,200.0,10.0,75,2032291005,1.6061945789797107,-9.0,0.13843517972920016
6,105.0,200.0,10.0,76,2032291005,0.3061945789797278,-8.00000000000001,0.13843517972920016
6,105.0,200.0,10.0,77,2032291005,0.5061945789797164,-8.00000000000001,0.13843517972920016
6,105.0,200.0,10.0,78,2032291005,-0.09380542102027789,-8.00000000000001,0.13843517972920016
6,105.0,200.0,10.0,79,2032291005,0.20619457897973348,-8.00000000000001,0.6384351797292008
6,105.0,200.0,10.0,80,2032291005,1.0061945789797164,-8.00000000000001,0.6384351797292008
6,105.0,200.0,10.0,81,2032291005,0.10619457897973916,-7.499999999999991,0.13843517972920016
6,105.0,200.0,10.0,82,2032291005,1.5061945789797164,-9.0,-0.36156482027080056
6,105.0,200.0,10.0,83,2032291005,1.0061945789797164,-8.500000000000005,0.13843517972920016
6,105.0,200.0,10.0,84,2032291005,0.3061945789797278,-8.00000000000001,0.13843517972920016
6,105.0,200.0,10.0,85,2032291005,0.8061945789797278,-8.00000000000001,0.13843517972920016
6,105.0,200.0,10.0,86,2032291005,0.4061945789797221,-7.499999999999991,0.13843517972920016
6,105.0,200.0,10.0,87,2032291005,0.7061945789797335,-8.00000000000001,0.6384351797292008
6,105.0,200.0,10.0,88,2032291005,1.0061945789797164,-8.500000000000005,-0.36156482027080056
6,105.0,200.0,10.0,89,2032291005,0.10619457897973916,-7.499999999999991,0.13843517972920016
6,105.0,200.0,10.0,90,2032291005,0.9061945789797221,-8.500000000000005,0.6384351797292008
6,105.0,200.0,10.0,91,2032291005,1.3061945789797278,-8.500000000000005,0.13843517972920016
6,105.0,200.0,10.0,92,2032291005,0.5061945789797164,-8.00000000000001,0.6384351797292008
6,105.0,200.0,10.0,93,2032291005,1.0061945789797164,-8.00000000000001,0.13843517972920016
6,105.0,200.0,10.0,94,2032291005,1.0061945789797164,-8.00000000000001,0.13843517972920016
6,105.0,200.0,10.0,95,2032291005,0.7061945789797335,-8.00000000000001,0.6384351797292008
6,105.0,200.0,10.0,96,2032291005,-0.09380542102027789,-6.999999999999997,0.6384351797292008
6,105.0,200.0,10.0,97,2032291005,0.3061945789797278,-7.499999999999991,0.13843517972920016
6,105.0,200.0,10.0,98,2032291005,0.8061945789797278,-8.00000000000001,0.13843517972920016
6,105.0,200.0,10.0,99,2032291005,0.3061945789797278,-8.00000000000001,0.6384351797292008
6,105.0,200.0,10.0,100,2032291005,0.7061945789797335,-8.00000000000001,0.6384351797292008
6,105.0,200.0,10.0,101,2032291005,0.3061945789797278,-8.00000000000001,0.13843517972920016
6,105.0,200.0,10.0,102,2032291005,0.5061945789797164,-8.00000000000001,0.13843517972920016
6,105.0,200.0,10.0,103,2032291005,0.7061945789797335,-8.500000000000005,0.13843517972920016
6,105.0,200.0,10.0,104,2032291005,0.10619457897973916,-8.00000000000001,0.6384351797292008
6,105.0,200.0,10.0,105,2032291005,1.406194578979722,-8.500000000000005,0.13843517972920016
6,105.0,200.0,10.0,106,2032291005,0.4061945789797221,-8.00000000000001,0.6384351797292008
6,105.0,200.0,10.0,107,2032291005,0.3061945789797278,-8.00000000000001,0.13843517972920016
6,105.0,200.0,10.0,108,2032291005,0.10619457897973916,-7.499999999999991,0.13843517972920016
6,105.0,200.0,10.0,109,2032291005,0.8061945789797278,-8.00000000000001,0.6384351797292008
6,105.0,200.0,10.0,110,2032291005,0.5061945789797164,-8.00000000000001,0.6384351797292008
6,105.0,200.0,10.0,111,2032291005,0.006194578979744847,-7.499999999999991,-0.36156482027080056
6,105.0,200.0,10.0,112,2032291005,0.4061945789797221,-8.00000000000001,0.13843517972920016
6,105.0,200.0,10.0,113,2032291005,1.0061945789797164,-8.500000000000005,0.6384351797292008
6,105.0,200.0,10.0,114,2032291005,0.4061945789797221,-8.00000000000001,0.13843517972920016
6,105.0,200.0,10.0,115,2032291005,0.8061945789797278,-8.00000000000001,0.6384351797292008
6,105.0,200.0,10.0,116,2032291005,1.406194578979722,-8.500000000000005,0.6384351797292008
6,105.0,200.0,10.0,117,2032291005,-0.39380542102026084,-7.499999999999991,0.6384351797292008
6,105.0,200.0,10.0,118,2032291005,0.006194578979744847,-7.499999999999991,0.13843517972920016
6,105.0,200.0,10.0,119,2032291005,1.6061945789797107,-9.0,0.6384351797292008
6,105.0,200.0,10.0,120,2032291005,-0.09380542102027789,-7.499999999999991,0.6384351797292008
6,105.0,200.0,10.0,121,2032291005,-0.09380542102027789,-7.499999999999991,0.6384351797292008
6,105.0,200.0,10.0,122,2032291005,1.406194578979722,-9.0,0.13843517972920016
6,105.0,200.0,10.0,123,2032291005,1.0061945789797164,-8.500000000000005,-0.36156482027080056
6,105.0,200.0,10.0,124,2032291005,1.906194578979722,-9.0,0.13843517972920016
6,105.0,200.0,10.0,125,2032291005,0.3061945789797278,-8.00000000000001,0.13843517972920016
6,105.0,200.0,10.0,126,2032291005,0.8061945789797278,-8.00000000000001,0.13843517972920016
6,105.0,200.0,10.0,127,2032291005,0.9061945789797221,-8.00000000000001,-0.36156482027080056
6,105.0,200.0,10.0,128,2032291005,0.006194578979744847,-7.499999999999991,0.13843517972920016
6,105.0,200.0,10.0,129,2032291005,0.5061945789797164,-8.500000000000005,0.6384351797292008
6,105.0,200.0,10.0,130,2032291005,-0.09380542102027789,-7.499999999999991,0.13843517972920016
6,105.0,200.0,10.0,131,2032291005,0.006194578979744847,-7.499999999999991,0.13843517972920016
6,105.0,200.0,10.0,132,2032291005,0.10619457897973916,-8.00000000000001,0.13843517972920016
6,105.0,200.0,10.0,133,2032291005,0.3061945789797278,-8.00000000000001,0.6384351797292008
6,105.0,200.0,10.0,134,2032291005,-0.9938054210202552,-6.999999999999997,0.6384351797292008
6,105.0,200.0,10.0,135,2032291005,0.006194578979744847,-8.00000000000001,0.6384351797292008
6,105.0,200.0,10.0,136,2032291005,1.7061945789797335,-8.500000000000005,0.13843517972920016
6,105.0,200.0,10.0,137,2032291005,1.3061945789797278,-8.500000000000005,0.13843517972920016
6,105.0,200.0,10.0,138,2032291005,0.7061945789797335,-8.500000000000005,0.13843517972920016
6,105.0,200.0,10.0,139,2032291005,0.4061945789797221,-8.00000000000001,0.6384351797292008
6,105.0,200.0,10.0,140,2032291005,0.5061945789797164,-8.00000000000001,0.13843517972920016
6,105.0,200.0,10.0,141,2032291005,-0.49380542102025515,-7.499999999999991,0.13843517972920016
6,105.0,200.0,10.0,142,2032291005,-0.09380542102027789,-7.499999999999991,0.6384351797292008
6,105.0,200.0,10.0,143,2032291005,0.3061945789797278,-7.499999999999991,0.13843517972920016
6,105.0,200.0,10.0,144,2032291005,1.0061945789797164,-8.500000000000005,0.13843517972920016
6,105.0,200.0,10.0,145,2032291005,0.6061945789797392,-8.00000000000001,0.6384351797292008
6,105.0,200.0,10.0,146,2032291005,0.20619457897973348,-8.00000000000001,0.13843517972920016
6,105.0,200.0,10.0,147,2032291005,1.0061945789797164,-8.500000000000005,0.6384351797292008
6,105.0,200.0,10.0,148,2032291005,-0.09380542102027789,-7.499999999999991,0.13843517972920016
6,105.0,200.0,10.0,149,2032291005,0.5061945789797164,-8.00000000000001,0.13843517972920016
6,105.0,200.0,10.0,150,2032291005,0.4061945789797221,-8.00000000000001,1.1384351797292016
6,105.0,200.0,10.0,151,2032291005,0.4061945789797221,-8.00000000000001,0.13843517972920016
6,105.0,200.0,10.0,152,2032291005,0.10619457897973916,-8.00000000000001,0.6384351797292008
6,105.0,200.0,10.0,153,2032291005,-0.2938054210202665,-7.499999999999991,0.6384351797292008
6,105.0,200.0,10.0,154,2032291005,0.5061945789797164,-8.00000000000001,0.13843517972920016
6,105.0,200.0,10.0,155,2032291005,0.10619457897973916,-7.499999999999991,0.6384351797292008
6,105.0,200.0,10.0,156,2032291005,-0.6938054210202722,-7.499999999999991,0.6384351797292008
6,105.0,200.0,10.0,157,2032291005,0.006194578979744847,-8.00000000000001,0.13843517972920016
6,105.0,200.0,10.0,158,2032291005,0.7061945789797335,-8.00000000000001,0.6384351797292008
6,105.0,200.0,10.0,159,2032291005,0.9061945789797221,-8.500000000000005,0.13843517972920016
6,105.0,200.0,10.0,160,2032291005,-0.09380542102027789,-7.499999999999991,0.13843517972920016
6,105.0,200.0,10.0,161,2032291005,1.2061945789797335,-8.500000000000005,0.6384351797292008
6,105.0,200.0,10.0,162,2032291005,0.006194578979744847,-7.499999999999991,0.13843517972920016
6,105.0,200.0,10.0,163,2032291005,1.1061945789797392,-8.500000000000005,0.6384351797292008
6,105.0,200.0,10.0,164,2032291005,-0.09380542102027789,-7.499999999999991,0.6384351797292008
6,105.0,200.0,10.0,165,2032291005,0.8061945789797278,-8.00000000000001,0.6384351797292008
6,105.0,200.0,10.0,166,2032291005,0.3061945789797278,-8.00000000000001,0.13843517972920016
6,105.0,200.0,10.0,167,2032291005,0.10619457897973916,-7.499999999999991,0.13843517972920016
6,105.0,200.0,10.0,168,2032291005,2.0061945789797164,-9.0,0.13843517972920016
6,105.0,200.0,10.0,169,2032291005,0.006194578979744847,-7.499999999999991,0.13843517972920016
6,105.0,200.0,10.0,170,2032291005,0.4061945789797221,-8.00000000000001,0.6384351797292008
6,105.0,200.0,10.0,171,2032291005,0.20619457897973348,-8.00000000000001,0.6384351797292008
6,105.0,200.0,10.0,172,2032291005,0.5061945789797164,-8.00000000000001,0.13843517972920016
6,105.0,200.0,10.0,173,2032291005,0.3061945789797278,-8.00000000000001,0.6384351797292008
6,105.0,200.0,10.0,174,2032291005,0.4061945789797221,-8.00000000000001,-0.36156482027080056
6,105.0,200.0,10.0,175,2032291005,0.4061945789797221,-8.00000000000001,0.13843517972920016
6,105.0,200.0,10.0,176,2032291005,0.5061945789797164,-8.00000000000001,-0.36156482027080056
6,105.0,200.0,10.0,177,2032291005,0.6061945789797392,-8.00000000000001,0.6384351797292008
6,105.0,200.0,10.0,178,2032291005,0.7061945789797335,-8.00000000000001,0.6384351797292008
6,105.0,200.0,10.0,179,2032291005,0.6061945789797392,-8.00000000000001,0.13843517972920016
6,105.0,200.0,10.0,180,2032291005,0.7061945789797335,-8.00000000000001,0.13843517972920016
6,105.0,200.0,10.0,181,2032291005,0.7061945789797335,-8.00000000000001,0.13843517972920016
6,105.0,200.0,10.0,182,2032291005,-0.09380542102027789,-8.00000000000001,0.13843517972920016
6,105.0,200.0,10.0,183,2032291005,0.9061945789797221,-8.500000000000005,0.13843517972920016
6,105.0,200.0,10.0,184,2032291005,0.5061945789797164,-8.500000000000005,0.13843517972920016
6,105.0,200.0,10.0,185,2032291005,0.9061945789797221,-8.500000000000005,0.13843517972920016
6,105.0,200.0,10.0,186,2032291005,0.7061945789797335,-8.00000000000001,0.6384351797292008
6,105.0,200.0,10.0,187,2032291005,0.5061945789797164,-8.00000000000001,0.6384351797292008
6,105.0,200.0,10.0,188,2032291005,0.5061945789797164,-7.499999999999991,0.13843517972920016
6,105.0,200.0,10.0,189,2032291005,0.4061945789797221,-8.00000000000001,0.6384351797292008
6,105.0,200.0,10.0,190,2032291005,-0.6938054210202722,-7.499999999999991,0.6384351797292008
6,105.0,200.0,10.0,191,2032291005,1.2061945789797335,-8.500000000000005,-0.36156482027080056
6,105.0,200.0,10.0,192,2032291005,0.006194578979744847,-7.499999999999991,0.13843517972920016
6,105.0,200.0,10.0,193,2032291005,0.006194578979744847,-8.00000000000001,0.6384351797292008
6,105.0,200.0,10.0,194,2032291005,0.4061945789797221,-8.00000000000001,0.13843517972920016
6,105.0,200.0,10.0,195,2032291005,0.4061945789797221,-8.00000000000001,0.13843517972920016
6,105.0,200.0,10.0,196,2032291005,1.2061945789797335,-8.500000000000005,0.13843517972920016
6,105.0,200.0,10.0,197,2032291005,-0.5938054210202779,-6.999999999999997,0.13843517972920016
6,105.0,200.0,10.0,198,2032291005,0.20619457897973348,-7.499999999999991,0.13843517972920016
6,105.0,200.0,10.0,199,2032291005,-0.1938054210202722,-6.999999999999997,0.6384351797292008
7,30.0,200.0,-15.0,0,2032291100,41.97958024001551,60.5,34.389952170580905
7,30.0,200.0,-15.0,1,2032291100,14.8795802400156,-35.50000000000001,-40.110047829419095
7,30.0,200.0,-15.0,2,2032291100,-98.82041975998399,-35.50000000000001,-42.610047829419095
7,30.0,200.0,-15.0,3,2032291100,-181.4204197599837,49.00000000000001,-29.6100478294191
7,30.0,200.0,-15.0,4,2032291100,11.279580240015605,20.000000000000004,8.889952170580905
7,30.0,200.0,-15.0,5,2032291100,-34.62041975998423,-13.5,-0.6100478294190974
7,30.0,200.0,-15.0,6,2032291100,-192.02041975998367,26.500000000000007,-33.6100478294191
7,30.0,200.0,-15.0,7,2032291100,-150.82041975998382,-46.50000000000001,-22.610047829419095
7,30.0,200.0,-15.0,8,2032291100,-19.520419759984293,24.000000000000007,9.389952170580901
7,30.0,200.0,-15.0,9,2032291100,-81.02041975998407,-64.50000000000001,-9.110047829419097
7,30.0,200.0,-15.0,10,2032291100,-71.12041975998409,-6.999999999999997,-7.610047829419096
7,30.0,200.0,-15.0,11,2032291100,2.0795802400156447,24.999999999999996,-5.110047829419097
7,30.0,200.0,-15.0,12,2032291100,2.7795802400156333,31.000000000000007,-28.6100478294191
7,30.0,200.0,-15.0,13,2032291100,34.97958024001554,29.499999999999996,6.389952170580904
7,30.0,200.0,-15.0,14,2032291100,29.679580240015554,90.0,29.88995217058091
7,30.0,200.0,-15.0,15,2032291100,-99.32041975998399,78.99999999999997,-26.110047829419095
7,30.0,200.0,-15.0,16,2032291100,-69.4204197599841,-4.5,-5.110047829419097
7,30.0,200.0,-15.0,17,2032291100,-28.42041975998424,-18.0,11.889952170580903
7,30.0,200.0,-15.0,18,2032291100,2.679580240015639,-12.50000000000001,0.389952170580904
7,30.0,200.0,-15.0,19,2032291100,-142.02041975998384,-35.000000000000014,-10.610047829419097
7,30.0,200.0,-15.0,20,2032291100,-188.1204197599837,-17.500000000000007,22.889952170580905
7,30.0,200.0,-15.0,21,2032291100,2.179580240015639,24.999999999999996,-6.110047829419098
7,30.0,200.0,-15.0,22,2032291100,37.679580240015525,38.99999999999999,34.389952170580905
7,30.0,200.0,-15.0,23,2032291100,-144.42041975998384,10.500000000000009,2.3899521705809037
7,30.0,200.0,-15.0,24,2032291100,-2.920419759984327,-8.00000000000001,-0.6100478294190974
7,30.0,200.0,-15.0,25,2032291100,-147.92041975998382,-90.0,49.389952170580905
7,30.0,200.0,-15.0,26,2032291100,-16.120419759984287,13.5,48.88995217058091
7,30.0,200.0,-15.0,27,2032291100,-149.6204197599838,12.50000000000001,-37.110047829419095
7,30.0,200.0,-15.0,28,2032291100,15.479580240015594,22.5,-8.110047829419097
7,30.0,200.0,-15.0,29,2032291100,9.67958024001561,22.999999999999993,1.3899521705809037
7,30.0,200.0,-15.0,30,2032291100,-3.0204197599843496,-5.4999999999999885,1.3899521705809037
7,30.0,200.0,-15.0,31,2032291100,-31.820419759984247,-90.0,20.88995217058091
7,30.0,200.0,-15.0,32,2032291100,-153.6204197599838,25.499999999999993,-5.610047829419097
7,30.0,200.0,-15.0,33,2032291100,9.879580240015628,22.5,-4.110047829419097
7,30.0,200.0,-15.0,34,2032291100,-20.020419759984293,-13.999999999999995,2.889952170580903
7,30.0,200.0,-15.0,35,2032291100,-63.22041975998411,24.500000000000004,-12.110047829419099
7,30.0,200.0,-15.0,36,2032291100,7.079580240015616,22.000000000000007,2.889952170580903
7,30.0,200.0,-15.0,37,2032291100,2.4795802400156504,-19.500000000000007,7.389952170580902
7,30.0,200.0,-15.0,38,2032291100,-67.8204197599841,18.499999999999993,0.8899521705809031
7,30.0,200.0,-15.0,39,2032291100,-6.820419759984333,-6.999999999999997,1.8899521705809028
7,30.0,200.0,-15.0,40,2032291100,-99.020419759984,-13.5,41.889952170580905
7,30.0,200.0,-15.0,41,2032291100,-110.22041975998395,-59.500000000000014,12.889952170580903
7,30.0,200.0,-15.0,42,2032291100,-167.22041975998377,15.500000000000004,-24.6100478294191
7,30.0,200.0,-15.0,43,2032291100,-7.920419759984327,-16.499999999999993,-51.1100478294191
7,30.0,200.0,-15.0,44,2032291100,-50.02041975998418,18.499999999999993,6.889952170580902
7,30.0,200.0,-15.0,45,2032291100,-67.22041975998411,24.500000000000004,-26.610047829419095
7,30.0,200.0,-15.0,46,2032291100,-92.62041975998402,-35.000000000000014,-16.6100478294191
7,30.0,200.0,-15.0,47,2032291100,-104.12041975998397,-9.499999999999995,-13.110047829419097
7,30.0,200.0,-15.0,48,2032291100,0.9795802400156504,-6.999999999999997,-8.610047829419097
7,30.0,200.0,-15.0,49,2032291100,-2.5204197599843496,-15.000000000000009,-0.11004782941909672
7,30.0,200.0,-15.0,50,2032291100,-7.6204197599843155,-6.500000000000003,1.8899521705809028
7,30.0,200.0,-15.0,51,2032291100,11.079580240015616,24.999999999999996,-9.610047829419097
7,30.0,200.0,-15.0,52,2032291100,-74.12041975998409,-37.50000000000001,-26.610047829419095
7,30.0,200.0,-15.0,53,2032291100,-168.62041975998375,27.499999999999993,-52.610047829419095
7,30.0,200.0,-15.0,54,2032291100,-36.62041975998423,90.0,45.889952170580905
7,30.0,200.0,-15.0,55,2032291100,-20.820419759984276,14.500000000000014,15.889952170580907
7,30.0,200.0,-15.0,56,2032291100,-32.62041975998423,49.00000000000001,20.88995217058091
7,30.0,200.0,-15.0,57,2032291100,13.079580240015616,24.999999999999996,-4.610047829419097
7,30.0,200.0,-15.0,58,2032291100,-117.22041975998394,-3.500000000000011,-0.6100478294190974
7,30.0,200.0,-15.0,59,2032291100,-73.82041975998408,36.49999999999999,4.389952170580903
7,30.0,200.0,-15.0,60,2032291100,-144.12041975998383,90.0,-66.6100478294191
7,30.0,200.0,-15.0,61,2032291100,-7.020419759984321,90.0,-70.11004782941909
7,30.0,200.0,-15.0,62,2032291100,5.279580240015633,27.99999999999999,1.3899521705809037
7,30.0,200.0,-15.0,63,2032291100,-89.22041975998403,-25.499999999999993,31.889952170580905
7,30.0,200.0,-15.0,64,2032291100,31.179580240015525,19.500000000000007,17.8899521705809
7,30.0,200.0,-15.0,65,2032291100,-0.620419759984344,36.0,0.389952170580904
7,30.0,200.0,-15.0,66,2032291100,-0.12041975998434395,21.50000000000001,5.389952170580903
7,30.0,200.0,-15.0,67,2032291100,47.97958024001548,-1.5000000000000084,62.38995217058091
7,30.0,200.0,-15.0,68,2032291100,-123.3204197599839,-8.500000000000005,-31.110047829419095
7,30.0,200.0,-15.0,69,2032291100,9.479580240015622,25.499999999999993,-4.110047829419097
7,30.0,200.0,-15.0,70,2032291100,-46.220419759984196,-4.000000000000005,-4.610047829419097
7,30.0,200.0,-15.0,71,2032291100,-47.02041975998418,-2.0000000000000027,-74.1100478294191
7,30.0,200.0,-15.0,72,2032291100,-182.6204197599837,90.0,46.889952170580905
7,30.0,200.0,-15.0,73,2032291100,7.979580240015622,24.000000000000007,-4.110047829419097
7,30.0,200.0,-15.0,74,2032291100,-4.820419759984333,-9.499999999999995,-3.110047829419097
7,30.0,200.0,-15.0,75,2032291100,-82.82041975998405,35.50000000000001,38.889952170580905
7,30.0,200.0,-15.0,76,2032291100,-31.220419759984225,23.500000000000014,-34.1100478294191
7,30.0,200.0,-15.0,77,2032291100,-72.4204197599841,90.0,-72.1100478294191
7,30.0,200.0,-15.0,78,2032291100,-99.720419759984,-34.0,-27.110047829419095
7,30.0,200.0,-15.0,79,2032291100,6.979580240015622,22.5,-0.6100478294190974
7,30.0,200.0,-15.0,80,2032291100,47.97958024001548,-66.0,17.8899521705809
7,30.0,200.0,-15.0,81,2032291100,21.87958024001557,60.5,-10.610047829419097
7,30.0,200.0,-15.0,82,2032291100,40.379580240015514,79.49999999999999,-30.610047829419095
7,30.0,200.0,-15.0,83,2032291100,10.779580240015605,23.500000000000014,0.389952170580904
7,30.0,200.0,-15.0,84,2032291100,9.279580240015605,23.500000000000014,2.3899521705809037
7,30.0,200.0,-15.0,85,2032291100,-150.6204197599838,-49.5,-26.110047829419095
7,30.0,200.0,-15.0,86,2032291100,-158.72041975998377,-21.50000000000001,11.889952170580903
7,30.0,200.0,-15.0,87,2032291100,-173.52041975998372,-9.99999999999999,-25.1100478294191
7,30.0,200.0,-15.0,88,2032291100,-162.32041975998376,71.00000000000001,-34.610047829419095
7,30.0,200.0,-15.0,89,2032291100,11.479580240015622,20.999999999999993,-5.110047829419097
7,30.0,200.0,-15.0,90,2032291100,47.97958024001548,23.500000000000014,6.389952170580904
7,30.0,200.0,-15.0,91,2032291100,16.079580240015588,24.999999999999996,3.3899521705809033
7,30.0,200.0,-15.0,92,2032291100,-62.42041975998413,57.499999999999986,19.389952170580905
7,30.0,200.0,-15.0,93,2032291100,-189.92041975998367,-13.5,15.389952170580907
7,30.0,200.0,-15.0,94,2032291100,15.679580240015582,18.99999999999999,-0.6100478294190974
7,30.0,200.0,-15.0,95,2032291100,-68.3204197599841,-90.0,5.889952170580904
7,30.0,200.0,-15.0,96,2032291100,-174.92041975998373,-54.0,-29.1100478294191
7,30.0,200.0,-15.0,97,2032291100,-55.52041975998415,-90.0,-59.610047829419095
7,30.0,200.0,-15.0,98,2032291100,-162.82041975998376,-49.5,-26.610047829419095
7,30.0,200.0,-15.0,99,2032291100,-29.62041975998426,-66.0,7.889952170580903
7,30.0,200.0,-15.0,100,2032291100,-40.32041975998422,2.9999999999999916,-13.110047829419097
7,30.0,200.0,-15.0,101,2032291100,-42.82041975998419,31.5,-51.1100478294191
7,30.0,200.0,-15.0,102,2032291100,-90.02041975998404,-8.500000000000005,14.889952170580905
7,30.0,200.0,-15.0,103,2032291100,2.4795802400156504,-9.499999999999995,-1.6100478294190965
7,30.0,200.0,-15.0,104,2032291100,18.37958024001557,7.499999999999991,2.3899521705809037
7,30.0,200.0,-15.0,105,2032291100,-133.82041975998388,6.999999999999997,-30.610047829419095
7,30.0,200.0,-15.0,106,2032291100,-36.220419759984225,8.500000000000005,-1.6100478294190965
7,30.0,200.0,-15.0,107,2032291100,-177.9204197599837,-3.500000000000011,5.389952170580903
7,30.0,200.0,-15.0,108,2032291100,-129.1204197599839,90.0,49.389952170580905
7,30.0,200.0,-15.0,109,2032291100,13.479580240015594,24.500000000000004,-8.110047829419097
7,30.0,200.0,-15.0,110,2032291100,-26.320419759984247,27.99999999999999,-11.110047829419097
7,30.0,200.0,-15.0,111,2032291100,-81.92041975998406,18.499999999999993,-21.1100478294191
7,30.0,200.0,-15.0,112,2032291100,-185.1204197599837,-75.5,-10.110047829419097
7,30.0,200.0,-15.0,113,2032291100,5.879580240015628,23.500000000000014,-3.6100478294190967
7,30.0,200.0,-15.0,114,2032291100,12.8795802400156,19.500000000000007,-0.11004782941909672
7,30.0,200.0,-15.0,115,2032291100,10.17958024001561,24.000000000000007,5.889952170580904
7,30.0,200.0,-15.0,116,2032291100,6.079580240015616,24.000000000000007,3.3899521705809033
7,30.0,200.0,-15.0,117,2032291100,-41.42041975998421,-29.499999999999996,16.3899521705809
7,30.0,200.0,-15.0,118,2032291100,-61.02041975998412,49.49999999999997,65.3899521705809
7,30.0,200.0,-15.0,119,2032291100,31.279580240015548,-90.0,-42.1100478294191
7,30.0,200.0,-15.0,120,2032291100,36.879580240015514,20.999999999999993,-1.1100478294190965
7,30.0,200.0,-15.0,121,2032291100,-119.22041975998393,-58.99999999999999,17.3899521705809
7,30.0,200.0,-15.0,122,2032291100,0.7795802400156617,33.5,5.389952170580903
7,30.0,200.0,-15.0,123,2032291100,42.77958024001549,10.500000000000009,4.889952170580904
7,30.0,200.0,-15.0,124,2032291100,9.379580240015628,20.999999999999993,2.889952170580903
7,30.0,200.0,-15.0,125,2032291100,-191.22041975998366,-7.499999999999991,-1.1100478294190965
7,30.0,200.0,-15.0,126,2032291100,47.97958024001548,-41.500000000000014,-14.110047829419097
7,30.0,200.0,-15.0,127,2032291100,2.8795802400156276,-11.000000000000004,2.889952170580903
7,30.0,200.0,-15.0,128,2032291100,-192.02041975998367,39.499999999999986,34.889952170580905
7,30.0,200.0,-15.0,129,2032291100,-134.32041975998388,-15.000000000000009,4.889952170580904
7,30.0,200.0,-15.0,130,2032291100,47.97958024001548,-31.999999999999993,50.389952170580905
7,30.0,200.0,-15.0,131,2032291100,18.279580240015576,8.00000000000001,-5.110047829419097
7,30.0,200.0,-15.0,132,2032291100,21.57958024001556,-6.000000000000009,-21.1100478294191
7,30.0,200.0,-15.0,133,2032291100,3.8795802400156276,28.500000000000007,-0.11004782941909672
7,30.0,200.0,-15.0,134,2032291100,-135.72041975998388,15.999999999999996,16.8899521705809
7,30.0,200.0,-15.0,135,2032291100,-180.8204197599837,-17.500000000000007,12.889952170580903
7,30.0,200.0,-15.0,136,2032291100,-1.5204197599843496,-6.999999999999997,-1.6100478294190965
7,30.0,200.0,-15.0,137,2032291100,34.97958024001554,-11.000000000000004,20.88995217058091
7,30.0,200.0,-15.0,138,2032291100,-2.2204197599843383,-17.00000000000001,5.889952170580904
7,30.0,200.0,-15.0,139,2032291100,9.67958024001561,26.500000000000007,1.8899521705809028
7,30.0,200.0,-15.0,140,2032291100,-37.12041975998423,-47.0,-26.110047829419095
7,30.0,200.0,-15.0,141,2032291100,47.97958024001548,-20.000000000000004,-28.6100478294191
7,30.0,200.0,-15.0,142,2032291100,-108.72041975998397,-51.00000000000001,11.389952170580901
7,30.0,200.0,-15.0,143,2032291100,-35.220419759984225,90.0,-52.110047829419095
7,30.0,200.0,-15.0,144,2032291100,35.679580240015525,-72.0,-24.6100478294191
7,30.0,200.0,-15.0,145,2032291100,-192.02041975998367,-24.999999999999996,-40.610047829419095
7,30.0,200.0,-15.0,146,2032291100,-97.920419759984,90.0,57.88995217058091
7,30.0,200.0,-15.0,147,2032291100,-191.02041975998367,-8.00000000000001,-19.1100478294191
7,30.0,200.0,-15.0,148,2032291100,17.679580240015582,11.999999999999991,0.389952170580904
7,30.0,200.0,-15.0,149,2032291100,1.7795802400156333,30.499999999999986,-3.6100478294190967
7,30.0,200.0,-15.0,150,2032291100,-168.22041975998377,-90.0,36.889952170580905
7,30.0,200.0,-15.0,151,2032291100,-168.32041975998374,73.99999999999997,-12.610047829419097
7,30.0,200.0,-15.0,152,2032291100,33.37958024001554,5.4999999999999885,6.889952170580902
7,30.0,200.0,-15.0,153,2032291100,-10.320419759984304,4.999999999999995,5.889952170580904
7,30.0,200.0,-15.0,154,2032291100,18.37958024001557,12.50000000000001,-3.110047829419097
7,30.0,200.0,-15.0,155,2032291100,15.279580240015605,20.499999999999996,-2.610047829419097
7,30.0,200.0,-15.0,156,2032291100,-144.82041975998385,-90.0,-44.610047829419095
7,30.0,200.0,-15.0,157,2032291100,-76.62041975998407,4.000000000000005,-26.610047829419095
7,30.0,200.0,-15.0,158,2032291100,-157.3204197599838,-29.000000000000004,-22.110047829419095
7,30.0,200.0,-15.0,159,2032291100,45.0795802400155,13.5,-59.610047829419095
7,30.0,200.0,-15.0,160,2032291100,-47.420419759984185,46.50000000000001,-51.610047829419095
7,30.0,200.0,-15.0,161,2032291100,36.97958024001551,27.99999999999999,-17.610047829419095
7,30.0,200.0,-15.0,162,2032291100,-132.62041975998386,66.00000000000001,11.889952170580903
7,30.0,200.0,-15.0,163,2032291100,38.97958024001551,-77.5,24.389952170580905
7,30.0,200.0,-15.0,164,2032291100,1.9795802400156504,27.0,-3.6100478294190967
7,30.0,200.0,-15.0,165,2032291100,2.0795802400156447,-18.0,1.8899521705809028
7,30.0,200.0,-15.0,166,2032291100,14.279580240015605,21.50000000000001,1.8899521705809028
7,30.0,200.0,-15.0,167,2032291100,12.8795802400156,20.499999999999996,-1.1100478294190965
7,30.0,200.0,-15.0,168,2032291100,40.5795802400155,46.50000000000001,18.389952170580905
7,30.0,200.0,-15.0,169,2032291100,-11.320419759984304,-44.000000000000014,-4.610047829419097
7,30.0,200.0,-15.0,170,2032291100,-32.62041975998423,-22.999999999999993,-10.610047829419097
7,30.0,200.0,-15.0,171,2032291100,-131.1204197599839,-3.500000000000011,-29.1100478294191
7,30.0,200.0,-15.0,172,2032291100,14.979580240015594,20.499999999999996,-3.6100478294190967
7,30.0,200.0,-15.0,173,2032291100,-153.42041975998382,67.0,15.389952170580907
7,30.0,200.0,-15.0,174,2032291100,-37.12041975998423,-90.0,-59.610047829419095
7,30.0,200.0,-15.0,175,2032291100,-84.42041975998404,-42.5,-65.1100478294191
7,30.0,200.0,-15.0,176,2032291100,-57.620419759984145,-6.000000000000009,-32.110047829419095
7,30.0,200.0,-15.0,177,2032291100,-142.42041975998384,-74.0,-43.110047829419095
7,30.0,200.0,-15.0,178,2032291100,-28.720419759984253,46.50000000000001,-83.1100478294191
7,30.0,200.0,-15.0,179,2032291100,8.67958024001561,23.500000000000014,-0.6100478294190974
7,30.0,200.0,-15.0,180,2032291100,-46.62041975998417,-20.499999999999996,-68.11004782941909
7,30.0,200.0,-15.0,181,2032291100,-188.42041975998367,-56.0,10.389952170580903
7,30.0,200.0,-15.0,182,2032291100,-123.52041975998391,49.99999999999999,-7.610047829419096
7,30.0,200.0,-15.0,183,2032291100,-158.6204197599838,-1.5000000000000084,31.3899521705809
7,30.0,200.0,-15.0,184,2032291100,12.279580240015605,18.499999999999993,-3.110047829419097
7,30.0,200.0,-15.0,185,2032291100,17.679580240015582,19.500000000000007,-6.610047829419097
7,30.0,200.0,-15.0,186,2032291100,-99.920419759984,49.99999999999999,19.889952170580905
7,30.0,200.0,-15.0,187,2032291100,-122.72041975998391,36.49999999999999,-18.110047829419095
7,30.0,200.0,-15.0,188,2032291100,-161.72041975998377,26.500000000000007,-8.110047829419097
7,30.0,200.0,-15.0,189,2032291100,-188.1204197599837,-20.999999999999993,26.3899521705809
7,30.0,200.0,-15.0,190,2032291100,-132.0204197599839,72.99999999999999,57.389952170580905
7,30.0,200.0,-15.0,191,2032291100,4.579580240015645,35.000000000000014,-6.110047829419098
7,30.0,200.0,-15.0,192,2032291100,-127.9204197599839,11.499999999999996,19.889952170580905
7,30.0,200.0,-15.0,193,2032291100,-152.7204197599838,47.5,-40.610047829419095
7,30.0,200.0,-15.0,194,2032291100,-165.32041975998376,18.0,-17.610047829419095
7,30.0,200.0,-15.0,195,2032291100,11.279580240015605,22.000000000000007,-2.610047829419097
7,30.0,200.0,-15.0,196,2032291100,44.6795802400155,-6.999999999999997,28.889952170580905
7,30.0,200.0,-15.0,197,2032291100,-83.52041975998405,68.99999999999999,35.389952170580905
7,30.0,200.0,-15.0,198,2032291100,13.579580240015616,19.500000000000007,2.889952170580903
7,30.0,200.0,-15.0,199,2032291100,-170.32041975998374,33.5,-56.610047829419095
7,30.0,200.0,-10.0,0,2032291101,-2.2204197599843383,-9.499999999999995,1.3899521705809037
7,30.0,200.0,-10.0,1,2032291101,-119.02041975998392,37.50000000000001,14.389952170580905
7,30.0,200.0,-10.0,2,2032291101,-39.720419759984196,-76.0,-3.110047829419097
7,30.0,200.0,-10.0,3,2032291101,9.379580240015628,22.000000000000007,3.889952170580904
7,30.0,200.0,-10.0,4,2032291101,11.779580240015605,20.000000000000004,1.3899521705809037
7,30.0,200.0,-10.0,5,2032291101,-4.120419759984344,-9.99999999999999,-1.1100478294190965
7,30.0,200.0,-10.0,6,2032291101,-55.120419759984145,32.500000000000014,-57.610047829419095
7,30.0,200.0,-10.0,7,2032291101,-35.32041975998422,-90.0,40.389952170580905
7,30.0,200.0,-10.0,8,2032291101,4.979580240015622,-13.5,-4.610047829419097
7,30.0,200.0,-10.0,9,2032291101,-189.92041975998367,90.0,-0.11004782941909672
7,30.0,200.0,-10.0,10,2032291101,-70.0204197599841,-15.000000000000009,16.3899521705809
7,30.0,200.0,-10.0,11,2032291101,-65.72041975998411,-48.000000000000014,-29.1100478294191
7,30.0,200.0,-10.0,12,2032291101,0.879580240015656,28.500000000000007,-1.1100478294190965
7,30.0,200.0,-10.0,13,2032291101,7.179580240015639,24.500000000000004,-1.6100478294190965
7,30.0,200.0,-10.0,14,2032291101,4.979580240015622,26.00000000000001,-3.110047829419097
7,30.0,200.0,-10.0,15,2032291101,-3.0204197599843496,-10.500000000000009,3.889952170580904
7,30.0,200.0,-10.0,16,2032291101,7.679580240015611,24.000000000000007,-0.6100478294190974
7,30.0,200.0,-10.0,17,2032291101,11.67958024001561,22.999999999999993,-1.1100478294190965
7,30.0,200.0,-10.0,18,2032291101,-1.0204197599843496,33.5,0.389952170580904
7,30.0,200.0,-10.0,19,2032291101,4.679580240015639,26.500000000000007,0.389952170580904
7,30.0,200.0,-10.0,20,2032291101,3.679580240015639,31.000000000000007,-0.11004782941909672
7,30.0,200.0,-10.0,21,2032291101,1.379580240015656,-11.999999999999991,3.889952170580904
7,30.0,200.0,-10.0,22,2032291101,-1.620419759984344,-11.000000000000004,2.3899521705809037
7,30.0,200.0,-10.0,23,2032291101,-9.920419759984327,-2.4999999999999973,-2.610047829419097
7,30.0,200.0,-10.0,24,2032291101,0.47958024001565036,-12.50000000000001,-1.6100478294190965
7,30.0,200.0,-10.0,25,2032291101,15.3795802400156,16.499999999999993,0.8899521705809031
7,30.0,200.0,-10.0,26,2032291101,-0.12041975998434395,-9.499999999999995,-3.6100478294190967
7,30.0,200.0,-10.0,27,2032291101,10.67958024001561,22.5,-5.110047829419097
7,30.0,200.0,-10.0,28,2032291101,-52.420419759984156,-90.0,45.389952170580905
7,30.0,200.0,-10.0,29,2032291101,-10.820419759984304,-6.500000000000003,-3.6100478294190967
7,30.0,200.0,-10.0,30,2032291101,5.479580240015622,27.0,-3.110047829419097
7,30.0,200.0,-10.0,31,2032291101,18.87958024001557,11.999999999999991,-1.6100478294190965
7,30.0,200.0,-10.0,32,2032291101,3.4795802400156504,29.000000000000004,-1.6100478294190965
7,30.0,200.0,-10.0,33,2032291101,3.4795802400156504,-12.50000000000001,0.8899521705809031
7,30.0,200.0,-10.0,34,2032291101,15.779580240015605,20.000000000000004,-1.6100478294190965
7,30.0,200.0,-10.0,35,2032291101,-57.72041975998414,50.500000000000014,-16.6100478294191
7,30.0,200.0,-10.0,36,2032291101,11.17958024001561,22.999999999999993,1.3899521705809037
7,30.0,200.0,-10.0,37,2032291101,10.079580240015616,22.5,1.8899521705809028
7,30.0,200.0,-10.0,38,2032291101,-109.52041975998397,-41.500000000000014,-58.1100478294191
7,30.0,200.0,-10.0,39,2032291101,6.479580240015622,25.499999999999993,0.8899521705809031
7,30.0,200.0,-10.0,40,2032291101,-92.42041975998401,9.499999999999995,39.389952170580905
7,30.0,200.0,-10.0,41,2032291101,-111.52041975998395,0.0,0.389952170580904
7,30.0,200.0,-10.0,42,2032291101,13.479580240015594,22.000000000000007,-0.6100478294190974
7,30.0,200.0,-10.0,43,2032291101,-30.520419759984236,47.5,-16.1100478294191
7,30.0,200.0,-10.0,44,2032291101,-2.620419759984344,-11.499999999999996,1.8899521705809028
7,30.0,200.0,-10.0,45,2032291101,41.0795802400155,62.49999999999998,59.389952170580905
7,30.0,200.0,-10.0,46,2032291101,8.67958024001561,24.999999999999996,2.889952170580903
7,30.0,200.0,-10.0,47,2032291101,-153.6204197599838,50.999999999999986,-27.110047829419095
7,30.0,200.0,-10.0,48,2032291101,5.579580240015616,26.00000000000001,-3.110047829419097
7,30.0,200.0,-10.0,49,2032291101,7.879580240015628,23.500000000000014,-3.110047829419097
7,30.0,200.0,-10.0,50,2032291101,-1.2204197599843383,-3.500000000000011,-5.110047829419097
7,30.0,200.0,-10.0,51,2032291101,-140.72041975998386,-58.5,3.889952170580904
7,30.0,200.0,-10.0,52,2032291101,-129.22041975998388,-19.500000000000007,-15.110047829419099
7,30.0,200.0,-10.0,53,2032291101,-4.120419759984344,-6.000000000000009,1.8899521705809028
7,30.0,200.0,-10.0,54,2032291101,16.779580240015605,20.000000000000004,2.3899521705809037
7,30.0,200.0,-10.0,55,2032291101,15.179580240015582,22.000000000000007,0.8899521705809031
7,30.0,200.0,-10.0,56,2032291101,28.979580240015537,48.499999999999986,5.889952170580904
7,30.0,200.0,-10.0,57,2032291101,9.579580240015616,20.999999999999993,-1.1100478294190965
7,30.0,200.0,-10.0,58,2032291101,11.579580240015616,20.999999999999993,-2.610047829419097
7,30.0,200.0,-10.0,59,2032291101,3.0795802400156447,29.999999999999993,5.389952170580903
7,30.0,200.0,-10.0,60,2032291101,-65.52041975998412,32.500000000000014,9.389952170580901
7,30.0,200.0,-10.0,61,2032291101,-179.02041975998372,20.000000000000004,9.389952170580901
7,30.0,200.0,-10.0,62,2032291101,8.779580240015605,22.5,-2.610047829419097
7,30.0,200.0,-10.0,63,2032291101,8.379580240015628,24.500000000000004,-1.6100478294190965
7,30.0,200.0,-10.0,64,2032291101,9.879580240015628,24.500000000000004,-1.6100478294190965
7,30.0,200.0,-10.0,65,2032291101,35.77958024001552,-42.00000000000001,42.889952170580905
7,30.0,200.0,-10.0,66,2032291101,12.17958024001561,18.499999999999993,3.3899521705809033
7,30.0,200.0,-10.0,67,2032291101,0.37958024001565605,29.999999999999993,-4.110047829419097
7,30.0,200.0,-10.0,68,2032291101,0.37958024001565605,29.999999999999993,0.389952170580904
7,30.0,200.0,-10.0,69,2032291101,-148.12041975998383,35.50000000000001,17.3899521705809
7,30.0,200.0,-10.0,70,2032291101,-16.820419759984304,-6.999999999999997,6.389952170580904
7,30.0,200.0,-10.0,71,2032291101,7.879580240015628,26.500000000000007,-4.110047829419097
7,30.0,200.0,-10.0,72,2032291101,6.279580240015633,25.499999999999993,-5.110047829419097
7,30.0,200.0,-10.0,73,2032291101,4.379580240015628,31.000000000000007,0.8899521705809031
7,30.0,200.0,-10.0,74,2032291101,-2.620419759984344,-9.499999999999995,2.3899521705809037
7,30.0,200.0,-10.0,75,2032291101,-2.920419759984327,-8.00000000000001,-2.1100478294190963
7,30.0,200.0,-10.0,76,2032291101,-0.320419759984361,-11.000000000000004,4.889952170580904
7,30.0,200.0,-10.0,77,2032291101,-168.92041975998376,45.49999999999999,-8.610047829419097
7,30.0,200.0,-10.0,78,2032291101,11.3795802400156,22.5,-4.110047829419097
7,30.0,200.0,-10.0,79,2032291101,-122.62041975998392,90.0,-82.61004782941909
7,30.0,200.0,-10.0,80,2032291101,2.0795802400156447,-11.000000000000004,1.8899521705809028
7,30.0,200.0,-10.0,81,2032291101,-59.120419759984145,-2.0000000000000027,-0.11004782941909672
7,30.0,200.0,-10.0,82,2032291101,12.479580240015594,24.000000000000007,-1.1100478294190965
7,30.0,200.0,-10.0,83,2032291101,3.5795802400156447,28.500000000000007,1.8899521705809028
7,30.0,200.0,-10.0,84,2032291101,-72.5204197599841,-18.0,-9.610047829419097
7,30.0,200.0,-10.0,85,2032291101,41.27958024001549,13.999999999999995,-7.610047829419096
7,30.0,200.0,-10.0,86,2032291101,47.97958024001548,32.500000000000014,3.889952170580904
7,30.0,200.0,-10.0,87,2032291101,16.979580240015594,23.500000000000014,-4.610047829419097
7,30.0,200.0,-10.0,88,2032291101,47.97958024001548,62.49999999999998,10.389952170580903
7,30.0,200.0,-10.0,89,2032291101,33.97958024001554,43.49999999999999,-40.610047829419095
7,30.0,200.0,-10.0,90,2032291101,-65.9204197599841,67.49999999999997,31.889952170580905
7,30.0,200.0,-10.0,91,2032291101,8.879580240015628,26.00000000000001,1.8899521705809028
7,30.0,200.0,-10.0,92,2032291101,3.4795802400156504,27.99999999999999,2.3899521705809037
7,30.0,200.0,-10.0,93,2032291101,-170.02041975998375,-90.0,42.389952170580905
7,30.0,200.0,-10.0,94,2032291101,-57.72041975998414,-90.0,35.389952170580905
7,30.0,200.0,-10.0,95,2032291101,-70.4204197599841,90.0,-66.1100478294191
7,30.0,200.0,-10.0,96,2032291101,20.679580240015582,17.00000000000001,2.3899521705809037
7,30.0,200.0,-10.0,97,2032291101,9.879580240015628,22.000000000000007,1.3899521705809037
7,30.0,200.0,-10.0,98,2032291101,-67.4204197599841,-13.000000000000005,10.889952170580905
7,30.0,200.0,-10.0,99,2032291101,12.17958024001561,24.000000000000007,2.3899521705809037
7,30.0,200.0,-10.0,100,2032291101,22.179580240015582,-3.500000000000011,5.889952170580904
7,30.0,200.0,-10.0,101,2032291101,8.079580240015616,26.00000000000001,-3.110047829419097
7,30.0,200.0,-10.0,102,2032291101,-132.62041975998386,-12.50000000000001,46.889952170580905
7,30.0,200.0,-10.0,103,2032291101,8.279580240015633,24.000000000000007,-0.11004782941909672
7,30.0,200.0,-10.0,104,2032291101,-94.92041975998401,58.00000000000001,30.38995217058091
7,30.0,200.0,-10.0,105,2032291101,11.67958024001561,20.499999999999996,-0.6100478294190974
7,30.0,200.0,-10.0,106,2032291101,4.379580240015628,27.0,4.889952170580904
7,30.0,200.0,-10.0,107,2032291101,5.779580240015633,-17.00000000000001,-2.1100478294190963
7,30.0,200.0,-10.0,108,2032291101,-73.32041975998408,4.5,41.389952170580905
7,30.0,200.0,-10.0,109,2032291101,4.979580240015622,28.500000000000007,-0.11004782941909672
7,30.0,200.0,-10.0,110,2032291101,-170.92041975998376,44.000000000000014,-35.110047829419095
7,30.0,200.0,-10.0,111,2032291101,36.679580240015525,2.4999999999999973,-52.110047829419095
7,30.0,200.0,-10.0,112,2032291101,1.4795802400156504,-13.5,-1.1100478294190965
7,30.0,200.0,-10.0,113,2032291101,14.67958024001561,21.50000000000001,1.3899521705809037
7,30.0,200.0,-10.0,114,2032291101,12.67958024001561,20.499999999999996,-0.6100478294190974
7,30.0,200.0,-10.0,115,2032291101,3.2795802400156333,27.0,2.889952170580903
7,30.0,200.0,-10.0,116,2032291101,-35.42041975998421,86.50000000000001,35.889952170580905
7,30.0,200.0,-10.0,117,2032291101,4.479580240015622,28.500000000000007,0.8899521705809031
7,30.0,200.0,-10.0,118,2032291101,-53.52041975998415,19.500000000000007,5.389952170580903
7,30.0,200.0,-10.0,119,2032291101,-57.920419759984156,77.50000000000001,17.8899521705809
7,30.0,200.0,-10.0,120,2032291101,-0.320419759984361,-11.999999999999991,1.3899521705809037
7,30.0,200.0,-10.0,121,2032291101,14.67958024001561,20.999999999999993,-5.610047829419097
7,30.0,200.0,-10.0,122,2032291101,6.079580240015616,27.0,1.8899521705809028
7,30.0,200.0,-10.0,123,2032291101,-111.42041975998396,18.499999999999993,-36.110047829419095
7,30.0,200.0,-10.0,124,2032291101,22.979580240015565,16.499999999999993,-10.110047829419097
7,30.0,200.0,-10.0,125,2032291101,-161.62041975998378,24.000000000000007,-38.610047829419095
7,30.0,200.0,-10.0,126,2032291101,-156.02041975998378,35.50000000000001,-6.610047829419097
7,30.0,200.0,-10.0,127,2032291101,5.279580240015633,32.500000000000014,-2.610047829419097
7,30.0,200.0,-10.0,128,2032291101,-39.720419759984196,79.49999999999999,18.389952170580905
7,30.0,200.0,-10.0,129,2032291101,-134.72041975998388,-41.500000000000014,45.889952170580905
7,30.0,200.0,-10.0,130,2032291101,23.37958024001557,19.500000000000007,2.3899521705809037
7,30.0,200.0,-10.0,131,2032291101,-187.72041975998368,77.50000000000001,-58.610047829419095
7,30.0,200.0,-10.0,132,2032291101,6.679580240015639,28.500000000000007,-3.110047829419097
7,30.0,200.0,-10.0,133,2032291101,7.179580240015639,26.00000000000001,0.389952170580904
7,30.0,200.0,-10.0,134,2032291101,16.3795802400156,21.50000000000001,-2.610047829419097
7,30.0,200.0,-10.0,135,2032291101,-108.62041975998396,3.500000000000011,-45.110047829419095
7,30.0,200.0,-10.0,136,2032291101,5.679580240015639,25.499999999999993,-1.1100478294190965
7,30.0,200.0,-10.0,137,2032291101,6.079580240015616,29.499999999999996,1.3899521705809037
7,30.0,200.0,-10.0,138,2032291101,-75.92041975998409,19.500000000000007,-7.610047829419096
7,30.0,200.0,-10.0,139,2032291101,-102.72041975998398,22.000000000000007,13.889952170580901
7,30.0,200.0,-10.0,140,2032291101,-35.12041975998423,71.50000000000003,-4.110047829419097
7,30.0,200.0,-10.0,141,2032291101,-12.520419759984293,4.999999999999995,-3.6100478294190967
7,30.0,200.0,-10.0,142,2032291101,-1.120419759984344,-11.000000000000004,4.889952170580904
7,30.0,200.0,-10.0,143,2032291101,-140.02041975998384,21.50000000000001,15.389952170580907
7,30.0,200.0,-10.0,144,2032291101,0.47958024001565036,-11.499999999999996,-1.1100478294190965
7,30.0,200.0,-10.0,145,2032291101,2.8795802400156276,28.500000000000007,-2.610047829419097
7,30.0,200.0,-10.0,146,2032291101,-59.320419759984134,36.0,-38.110047829419095
7,30.0,200.0,-10.0,147,2032291101,9.379580240015628,24.500000000000004,-2.1100478294190963
7,30.0,200.0,-10.0,148,2032291101,3.0795802400156447,-12.50000000000001,-0.6100478294190974
7,30.0,200.0,-10.0,149,2032291101,16.079580240015588,19.500000000000007,-3.6100478294190967
7,30.0,200.0,-10.0,150,2032291101,1.179580240015639,29.000000000000004,0.8899521705809031
7,30.0,200.0,-10.0,151,2032291101,-97.420419759984,-63.999999999999986,9.889952170580903
7,30.0,200.0,-10.0,152,2032291101,5.779580240015633,28.500000000000007,-1.6100478294190965
7,30.0,200.0,-10.0,153,2032291101,-132.32041975998388,2.4999999999999973,23.389952170580905
7,30.0,200.0,-10.0,154,2032291101,10.579580240015616,26.500000000000007,0.389952170580904
7,30.0,200.0,-10.0,155,2032291101,5.779580240015633,23.500000000000014,-0.6100478294190974
7,30.0,200.0,-10.0,156,2032291101,-85.72041975998404,-90.0,-65.61004782941909
7,30.0,200.0,-10.0,157,2032291101,4.879580240015628,27.99999999999999,-2.1100478294190963
7,30.0,200.0,-10.0,158,2032291101,7.479580240015622,25.499999999999993,1.3899521705809037
7,30.0,200.0,-10.0,159,2032291101,-192.02041975998367,4.999999999999995,16.3899521705809
7,30.0,200.0,-10.0,160,2032291101,-45.82041975998419,50.999999999999986,46.389952170580905
7,30.0,200.0,-10.0,161,2032291101,40.6795802400155,20.999999999999993,-3.6100478294190967
7,30.0,200.0,-10.0,162,2032291101,2.2795802400156333,29.499999999999996,1.8899521705809028
7,30.0,200.0,-10.0,163,2032291101,2.9795802400156504,29.000000000000004,-2.1100478294190963
7,30.0,200.0,-10.0,164,2032291101,25.37958024001557,15.500000000000004,0.389952170580904
7,30.0,200.0,-10.0,165,2032291101,3.7795802400156333,30.499999999999986,0.389952170580904
7,30.0,200.0,-10.0,166,2032291101,-7.1204197599843155,-2.0000000000000027,1.8899521705809028
7,30.0,200.0,-10.0,167,2032291101,-36.42041975998421,67.0,-2.610047829419097
7,30.0,200.0,-10.0,168,2032291101,-1.0204197599843496,-10.500000000000009,-1.6100478294190965
7,30.0,200.0,-10.0,169,2032291101,-134.42041975998387,-38.99999999999999,-23.1100478294191
7,30.0,200.0,-10.0,170,2032291101,24.679580240015554,6.999999999999997,-3.110047829419097
7,30.0,200.0,-10.0,171,2032291101,-7.520419759984321,0.0,-2.610047829419097
7,30.0,200.0,-10.0,172,2032291101,3.5795802400156447,-11.999999999999991,-0.11004782941909672
7,30.0,200.0,-10.0,173,2032291101,5.779580240015633,27.499999999999993,-0.11004782941909672
7,30.0,200.0,-10.0,174,2032291101,2.7795802400156333,32.500000000000014,-4.610047829419097
7,30.0,200.0,-10.0,175,2032291101,-92.32041975998402,-43.0,26.3899521705809
7,30.0,200.0,-10.0,176,2032291101,16.279580240015605,17.500000000000007,4.389952170580903
7,30.0,200.0,-10.0,177,2032291101,-31.720419759984225,-2.0000000000000027,-70.6100478294191
7,30.0,200.0,-10.0,178,2032291101,8.879580240015628,22.999999999999993,-1.1100478294190965
7,30.0,200.0,-10.0,179,2032291101,-112.42041975998396,-2.0000000000000027,-10.110047829419097
7,30.0,200.0,-10.0,180,2032291101,9.17958024001561,20.999999999999993,3.3899521705809033
7,30.0,200.0,-10.0,181,2032291101,-7.920419759984327,-1.5000000000000084,-4.610047829419097
7,30.0,200.0,-10.0,182,2032291101,6.079580240015616,27.0,0.8899521705809031
7,30.0,200.0,-10.0,183,2032291101,14.479580240015594,18.499999999999993,0.389952170580904
7,30.0,200.0,-10.0,184,2032291101,8.67958024001561,22.5,-1.6100478294190965
7,30.0,200.0,-10.0,185,2032291101,12.17958024001561,22.000000000000007,1.3899521705809037
7,30.0,200.0,-10.0,186,2032291101,-43.220419759984196,-8.00000000000001,-44.610047829419095
7,30.0,200.0,-10.0,187,2032291101,17.179580240015582,15.999999999999996,-1.1100478294190965
7,30.0,200.0,-10.0,188,2032291101,-183.9204197599837,-9.99999999999999,-42.1100478294191
7,30.0,200.0,-10.0,189,2032291101,-4.120419759984344,-6.999999999999997,-0.6100478294190974
7,30.0,200.0,-10.0,190,2032291101,-2.2204197599843383,-7.499999999999991,2.889952170580903
7,30.0,200.0,-10.0,191,2032291101,12.67958024001561,24.999999999999996,-1.1100478294190965
7,30.0,200.0,-10.0,192,2032291101,-6.720419759984338,-6.000000000000009,3.889952170580904
7,30.0,200.0,-10.0,193,2032291101,-50.72041975998417,-6.000000000000009,6.889952170580902
7,30.0,200.0,-10.0,194,2032291101,17.979580240015594,18.499999999999993,-3.110047829419097
7,30.0,200.0,-10.0,195,2032291101,35.07958024001553,-18.99999999999999,34.389952170580905
7,30.0,200.0,-10.0,196,2032291101,-96.22041975998401,90.0,-81.1100478294191
7,30.0,200.0,-10.0,197,2032291101,15.579580240015588,17.00000000000001,1.8899521705809028
7,30.0,200.0,-10.0,198,2032291101,7.379580240015628,26.00000000000001,-1.6100478294190965
7,30.0,200.0,-10.0,199,2032291101,8.879580240015628,27.0,-0.11004782941909672
7,30.0,200.0,-5.0,0,2032291102,4.279580240015633,29.000000000000004,0.8899521705809031
7,30.0,200.0,-5.0,1,2032291102,7.979580240015622,27.0,0.8899521705809031
7,30.0,200.0,-5.0,2,2032291102,-0.620419759984344,-9.99999999999999,-0.6100478294190974
7,30.0,200.0,-5.0,3,2032291102,3.179580240015639,28.500000000000007,-0.11004782941909672
7,30.0,200.0,-5.0,4,2032291102,13.479580240015594,20.499999999999996,-0.6100478294190974
7,30.0,200.0,-5.0,5,2032291102,11.779580240015605,22.5,1.8899521705809028
7,30.0,200.0,-5.0,6,2032291102,8.879580240015628,25.499999999999993,-0.11004782941909672
7,30.0,200.0,-5.0,7,2032291102,4.079580240015645,28.500000000000007,-0.6100478294190974
7,30.0,200.0,-5.0,8,2032291102,12.279580240015605,20.499999999999996,-1.1100478294190965
7,30.0,200.0,-5.0,9,2032291102,9.979580240015622,22.999999999999993,-1.6100478294190965
7,30.0,200.0,-5.0,10,2032291102,10.079580240015616,23.500000000000014,-2.1100478294190963
7,30.0,200.0,-5.0,11,2032291102,4.779580240015633,27.0,-1.6100478294190965
7,30.0,200.0,-5.0,12,2032291102,14.17958024001561,21.50000000000001,1.3899521705809037
7,30.0,200.0,-5.0,13,2032291102,6.279580240015633,25.499999999999993,-1.1100478294190965
7,30.0,200.0,-5.0,14,2032291102,6.779580240015633,27.499999999999993,0.8899521705809031
7,30.0,200.0,-5.0,15,2032291102,6.879580240015628,26.500000000000007,-0.6100478294190974
7,30.0,200.0,-5.0,16,2032291102,-1.9204197599843553,-6.500000000000003,-1.6100478294190965
7,30.0,200.0,-5.0,17,2032291102,-173.02041975998372,-33.00000000000001,-17.610047829419095
7,30.0,200.0,-5.0,18,2032291102,13.079580240015616,22.999999999999993,-0.6100478294190974
7,30.0,200.0,-5.0,19,2032291102,10.979580240015622,22.999999999999993,-2.1100478294190963
7,30.0,200.0,-5.0,20,2032291102,6.779580240015633,27.499999999999993,0.8899521705809031
7,30.0,200.0,-5.0,21,2032291102,9.879580240015628,22.000000000000007,-0.11004782941909672
7,30.0,200.0,-5.0,22,2032291102,-5.320419759984333,-9.0,-0.6100478294190974
7,30.0,200.0,-5.0,23,2032291102,1.9795802400156504,27.0,-1.1100478294190965
7,30.0,200.0,-5.0,24,2032291102,8.579580240015616,23.500000000000014,0.389952170580904
7,30.0,200.0,-5.0,25,2032291102,11.8795802400156,22.000000000000007,-0.6100478294190974
7,30.0,200.0,-5.0,26,2032291102,-3.120419759984344,-6.999999999999997,-3.6100478294190967
7,30.0,200.0,-5.0,27,2032291102,12.579580240015616,20.499999999999996,-1.6100478294190965
7,30.0,200.0,-5.0,28,2032291102,7.179580240015639,27.499999999999993,-0.11004782941909672
7,30.0,200.0,-5.0,29,2032291102,10.17958024001561,26.00000000000001,1.3899521705809037
7,30.0,200.0,-5.0,30,2032291102,3.0795802400156447,-11.999999999999991,0.389952170580904
7,30.0,200.0,-5.0,31,2032291102,7.279580240015633,24.500000000000004,-2.1100478294190963
7,30.0,200.0,-5.0,32,2032291102,-1.120419759984344,-10.500000000000009,0.8899521705809031
7,30.0,200.0,-5.0,33,2032291102,8.379580240015628,24.500000000000004,0.389952170580904
7,30.0,200.0,-5.0,34,2032291102,8.379580240015628,24.500000000000004,-0.6100478294190974
7,30.0,200.0,-5.0,35,2032291102,3.8795802400156276,29.499999999999996,-0.6100478294190974
7,30.0,200.0,-5.0,36,2032291102,-4.420419759984327,-8.00000000000001,-0.6100478294190974
7,30.0,200.0,-5.0,37,2032291102,9.379580240015628,22.999999999999993,0.389952170580904
7,30.0,200.0,-5.0,38,2032291102,9.079580240015616,24.999999999999996,0.8899521705809031
7,30.0,200.0,-5.0,39,2032291102,8.979580240015622,24.000000000000007,-2.1100478294190963
7,30.0,200.0,-5.0,40,2032291102,9.079580240015616,23.500000000000014,0.389952170580904
7,30.0,200.0,-5.0,41,2032291102,-2.0204197599843496,-9.499999999999995,2.3899521705809037
7,30.0,200.0,-5.0,42,2032291102,9.67958024001561,24.000000000000007,-2.1100478294190963
7,30.0,200.0,-5.0,43,2032291102,7.779580240015633,24.500000000000004,-3.110047829419097
7,30.0,200.0,-5.0,44,2032291102,8.67958024001561,24.500000000000004,-0.6100478294190974
7,30.0,200.0,-5.0,45,2032291102,8.17958024001561,24.999999999999996,1.3899521705809037
7,30.0,200.0,-5.0,46,2032291102,7.279580240015633,26.00000000000001,-1.6100478294190965
7,30.0,200.0,-5.0,47,2032291102,10.17958024001561,26.00000000000001,-0.6100478294190974
7,30.0,200.0,-5.0,48,2032291102,20.779580240015576,13.000000000000005,-2.1100478294190963
7,30.0,200.0,-5.0,49,2032291102,-2.2204197599843383,-8.500000000000005,2.889952170580903
7,30.0,200.0,-5.0,50,2032291102,-5.120419759984344,-3.500000000000011,-2.1100478294190963
7,30.0,200.0,-5.0,51,2032291102,2.679580240015639,28.500000000000007,1.8899521705809028
7,30.0,200.0,-5.0,52,2032291102,4.479580240015622,27.0,-0.6100478294190974
7,30.0,200.0,-5.0,53,2032291102,11.279580240015605,22.999999999999993,1.3899521705809037
7,30.0,200.0,-5.0,54,2032291102,9.979580240015622,24.000000000000007,-1.1100478294190965
7,30.0,200.0,-5.0,55,2032291102,8.279580240015633,26.00000000000001,-1.1100478294190965
7,30.0,200.0,-5.0,56,2032291102,8.779580240015605,24.999999999999996,-1.1100478294190965
7,30.0,200.0,-5.0,57,2032291102,5.479580240015622,27.0,-1.1100478294190965
7,30.0,200.0,-5.0,58,2032291102,10.8795802400156,24.000000000000007,-1.1100478294190965
7,30.0,200.0,-5.0,59,2032291102,8.079580240015616,24.500000000000004,-0.11004782941909672
7,30.0,200.0,-5.0,60,2032291102,-6.720419759984338,-2.9999999999999916,-0.6100478294190974
7,30.0,200.0,-5.0,61,2032291102,-2.2204197599843383,-9.0,-0.6100478294190974
7,30.0,200.0,-5.0,62,2032291102,14.279580240015605,22.000000000000007,-0.6100478294190974
7,30.0,200.0,-5.0,63,2032291102,4.379580240015628,29.499999999999996,0.8899521705809031
7,30.0,200.0,-5.0,64,2032291102,8.479580240015622,25.499999999999993,1.3899521705809037
7,30.0,200.0,-5.0,65,2032291102,1.4795802400156504,-11.499999999999996,1.3899521705809037
7,30.0,200.0,-5.0,66,2032291102,6.179580240015639,25.499999999999993,-0.6100478294190974
7,30.0,200.0,-5.0,67,2032291102,5.679580240015639,26.00000000000001,0.389952170580904
7,30.0,200.0,-5.0,68,2032291102,4.679580240015639,29.499999999999996,-1.1100478294190965
7,30.0,200.0,-5.0,69,2032291102,10.079580240015616,26.00000000000001,-0.11004782941909672
7,30.0,200.0,-5.0,70,2032291102,2.2795802400156333,29.999999999999993,2.3899521705809037
7,30.0,200.0,-5.0,71,2032291102,10.67958024001561,23.500000000000014,-0.6100478294190974
7,30.0,200.0,-5.0,72,2032291102,-0.02041975998434964,31.999999999999993,1.3899521705809037
7,30.0,200.0,-5.0,73,2032291102,7.079580240015616,26.00000000000001,1.3899521705809037
7,30.0,200.0,-5.0,74,2032291102,6.679580240015639,27.499999999999993,-1.6100478294190965
7,30.0,200.0,-5.0,75,2032291102,2.8795802400156276,-12.50000000000001,-0.6100478294190974
7,30.0,200.0,-5.0,76,2032291102,5.679580240015639,27.0,-0.6100478294190974
7,30.0,200.0,-5.0,77,2032291102,-0.620419759984344,-11.999999999999991,-2.1100478294190963
7,30.0,200.0,-5.0,78,2032291102,3.2795802400156333,29.999999999999993,-0.6100478294190974
7,30.0,200.0,-5.0,79,2032291102,2.8795802400156276,28.500000000000007,0.389952170580904
7,30.0,200.0,-5.0,80,2032291102,0.879580240015656,-11.000000000000004,-1.1100478294190965
7,30.0,200.0,-5.0,81,2032291102,-83.52041975998405,-25.499999999999993,24.389952170580905
7,30.0,200.0,-5.0,82,2032291102,5.679580240015639,26.00000000000001,-1.1100478294190965
7,30.0,200.0,-5.0,83,2032291102,10.8795802400156,22.000000000000007,-2.610047829419097
7,30.0,200.0,-5.0,84,2032291102,-0.820419759984361,-11.499999999999996,0.389952170580904
7,30.0,200.0,-5.0,85,2032291102,14.279580240015605,20.999999999999993,-2.1100478294190963
7,30.0,200.0,-5.0,86,2032291102,-1.0204197599843496,-7.499999999999991,0.8899521705809031
7,30.0,200.0,-5.0,87,2032291102,-1.9204197599843553,-9.0,0.8899521705809031
7,30.0,200.0,-5.0,88,2032291102,4.479580240015622,27.0,0.389952170580904
7,30.0,200.0,-5.0,89,2032291102,4.579580240015645,27.499999999999993,-0.11004782941909672
7,30.0,200.0,-5.0,90,2032291102,18.179580240015582,15.500000000000004,-0.6100478294190974
7,30.0,200.0,-5.0,91,2032291102,7.079580240015616,27.0,-0.11004782941909672
7,30.0,200.0,-5.0,92,2032291102,6.479580240015622,27.0,1.8899521705809028
7,30.0,200.0,-5.0,93,2032291102,16.779580240015605,18.499999999999993,0.8899521705809031
7,30.0,200.0,-5.0,94,2032291102,9.479580240015622,22.000000000000007,2.889952170580903
7,30.0,200.0,-5.0,95,2032291102,8.479580240015622,27.499999999999993,0.8899521705809031
7,30.0,200.0,-5.0,96,2032291102,7.779580240015633,24.999999999999996,0.389952170580904
7,30.0,200.0,-5.0,97,2032291102,6.479580240015622,25.499999999999993,0.389952170580904
7,30.0,200.0,-5.0,98,2032291102,7.379580240015628,24.999999999999996,-0.6100478294190974
7,30.0,200.0,-5.0,99,2032291102,2.9795802400156504,28.500000000000007,-0.6100478294190974
7,30.0,200.0,-5.0,100,2032291102,5.679580240015639,26.00000000000001,-1.1100478294190965
7,30.0,200.0,-5.0,101,2032291102,14.579580240015588,17.500000000000007,0.389952170580904
7,30.0,200.0,-5.0,102,2032291102,0.9795802400156504,-10.500000000000009,-0.11004782941909672
7,30.0,200.0,-5.0,103,2032291102,6.179580240015639,27.0,-0.11004782941909672
7,30.0,200.0,-5.0,104,2032291102,5.979580240015622,27.0,2.889952170580903
7,30.0,200.0,-5.0,105,2032291102,2.8795802400156276,-12.50000000000001,-1.1100478294190965
7,30.0,200.0,-5.0,106,2032291102,3.9795802400156504,29.999999999999993,-0.6100478294190974
7,30.0,200.0,-5.0,107,2032291102,12.17958024001561,20.999999999999993,0.8899521705809031
7,30.0,200.0,-5.0,108,2032291102,6.079580240015616,27.499999999999993,0.389952170580904
7,30.0,200.0,-5.0,109,2032291102,1.0795802400156447,31.5,1.3899521705809037
7,30.0,200.0,-5.0,110,2032291102,7.479580240015622,25.499999999999993,-0.6100478294190974
7,30.0,200.0,-5.0,111,2032291102,10.779580240015605,24.500000000000004,-0.11004782941909672
7,30.0,200.0,-5.0,112,2032291102,10.279580240015605,22.5,0.8899521705809031
7,30.0,200.0,-5.0,113,2032291102,3.4795802400156504,29.499999999999996,0.389952170580904
7,30.0,200.0,-5.0,114,2032291102,8.579580240015616,23.500000000000014,0.389952170580904
7,30.0,200.0,-5.0,115,2032291102,6.979580240015622,25.499999999999993,-0.11004782941909672
7,30.0,200.0,-5.0,116,2032291102,6.279580240015633,26.500000000000007,1.8899521705809028
7,30.0,200.0,-5.0,117,2032291102,2.4795802400156504,29.000000000000004,-1.6100478294190965
7,30.0,200.0,-5.0,118,2032291102,1.4795802400156504,-12.50000000000001,-0.11004782941909672
7,30.0,200.0,-5.0,119,2032291102,11.079580240015616,22.000000000000007,-3.110047829419097
7,30.0,200.0,-5.0,120,2032291102,-50.02041975998418,-49.00000000000001,1.3899521705809037
7,30.0,200.0,-5.0,121,2032291102,2.179580240015639,31.000000000000007,1.3899521705809037
7,30.0,200.0,-5.0,122,2032291102,8.479580240015622,24.000000000000007,0.8899521705809031
7,30.0,200.0,-5.0,123,2032291102,4.379580240015628,27.0,1.8899521705809028
7,30.0,200.0,-5.0,124,2032291102,3.8795802400156276,28.500000000000007,-2.1100478294190963
7,30.0,200.0,-5.0,125,2032291102,6.279580240015633,27.499999999999993,-0.6100478294190974
7,30.0,200.0,-5.0,126,2032291102,4.479580240015622,28.500000000000007,-0.6100478294190974
7,30.0,200.0,-5.0,127,2032291102,5.579580240015616,27.499999999999993,-2.1100478294190963
7,30.0,200.0,-5.0,128,2032291102,7.679580240015611,27.0,-0.6100478294190974
7,30.0,200.0,-5.0,129,2032291102,6.379580240015628,27.99999999999999,-3.110047829419097
7,30.0,200.0,-5.0,130,2032291102,2.179580240015639,29.000000000000004,-1.6100478294190965
7,30.0,200.0,-5.0,131,2032291102,1.2795802400156333,31.999999999999993,0.8899521705809031
7,30.0,200.0,-5.0,132,2032291102,-4.220419759984338,-6.999999999999997,-2.1100478294190963
7,30.0,200.0,-5.0,133,2032291102,3.5795802400156447,29.000000000000004,-1.1100478294190965
7,30.0,200.0,-5.0,134,2032291102,-1.620419759984344,-8.500000000000005,0.389952170580904
7,30.0,200.0,-5.0,135,2032291102,7.179580240015639,24.999999999999996,-0.11004782941909672
7,30.0,200.0,-5.0,136,2032291102,7.979580240015622,25.499999999999993,-1.6100478294190965
7,30.0,200.0,-5.0,137,2032291102,-5.520419759984321,-2.9999999999999916,-0.11004782941909672
7,30.0,200.0,-5.0,138,2032291102,2.2795802400156333,-12.50000000000001,1.3899521705809037
7,30.0,200.0,-5.0,139,2032291102,5.479580240015622,28.500000000000007,1.3899521705809037
7,30.0,200.0,-5.0,140,2032291102,6.979580240015622,22.5,1.3899521705809037
7,30.0,200.0,-5.0,141,2032291102,2.679580240015639,29.499999999999996,3.3899521705809033
7,30.0,200.0,-5.0,142,2032291102,6.679580240015639,24.999999999999996,0.389952170580904
7,30.0,200.0,-5.0,143,2032291102,-68.72041975998411,9.499999999999995,66.88995217058091
7,30.0,200.0,-5.0,144,2032291102,-123.42041975998391,-34.49999999999999,11.389952170580901
7,30.0,200.0,-5.0,145,2032291102,-1.9204197599843553,-9.0,0.389952170580904
7,30.0,200.0,-5.0,146,2032291102,3.179580240015639,28.500000000000007,2.3899521705809037
7,30.0,200.0,-5.0,147,2032291102,4.079580240015645,29.000000000000004,-0.11004782941909672
7,30.0,200.0,-5.0,148,2032291102,8.079580240015616,26.00000000000001,-0.6100478294190974
7,30.0,200.0,-5.0,149,2032291102,1.4795802400156504,-11.499999999999996,-1.1100478294190965
7,30.0,200.0,-5.0,150,2032291102,6.279580240015633,26.00000000000001,-2.610047829419097
7,30.0,200.0,-5.0,151,2032291102,12.979580240015594,22.5,-0.11004782941909672
7,30.0,200.0,-5.0,152,2032291102,10.579580240015616,21.50000000000001,-0.11004782941909672
7,30.0,200.0,-5.0,153,2032291102,4.779580240015633,29.499999999999996,-1.6100478294190965
7,30.0,200.0,-5.0,154,2032291102,9.079580240015616,24.999999999999996,-1.6100478294190965
7,30.0,200.0,-5.0,155,2032291102,7.879580240015628,24.000000000000007,-1.1100478294190965
7,30.0,200.0,-5.0,156,2032291102,7.279580240015633,26.00000000000001,2.3899521705809037
7,30.0,200.0,-5.0,157,2032291102,7.579580240015616,26.00000000000001,-0.6100478294190974
7,30.0,200.0,-5.0,158,2032291102,10.979580240015622,21.50000000000001,-0.6100478294190974
7,30.0,200.0,-5.0,159,2032291102,11.079580240015616,22.000000000000007,-1.1100478294190965
7,30.0,200.0,-5.0,160,2032291102,11.079580240015616,22.000000000000007,-1.6100478294190965
7,30.0,200.0,-5.0,161,2032291102,7.979580240015622,24.000000000000007,-0.6100478294190974
7,30.0,200.0,-5.0,162,2032291102,7.179580240015639,26.500000000000007,-0.11004782941909672
7,30.0,200.0,-5.0,163,2032291102,11.3795802400156,25.499999999999993,-0.6100478294190974
7,30.0,200.0,-5.0,164,2032291102,10.979580240015622,22.999999999999993,-1.6100478294190965
7,30.0,200.0,-5.0,165,2032291102,0.679580240015639,33.5,-0.11004782941909672
7,30.0,200.0,-5.0,166,2032291102,7.879580240015628,24.500000000000004,-0.6100478294190974
7,30.0,200.0,-5.0,167,2032291102,12.579580240015616,21.50000000000001,0.389952170580904
7,30.0,200.0,-5.0,168,2032291102,3.8795802400156276,-13.000000000000005,-1.1100478294190965
7,30.0,200.0,-5.0,169,2032291102,2.9795802400156504,29.000000000000004,-2.1100478294190963
7,30.0,200.0,-5.0,170,2032291102,6.179580240015639,27.0,0.389952170580904
7,30.0,200.0,-5.0,171,2032291102,1.7795802400156333,31.5,-0.11004782941909672
7,30.0,200.0,-5.0,172,2032291102,3.7795802400156333,27.499999999999993,0.389952170580904
7,30.0,200.0,-5.0,173,2032291102,-9.120419759984316,-3.500000000000011,1.8899521705809028
7,30.0,200.0,-5.0,174,2032291102,3.9795802400156504,29.999999999999993,-1.6100478294190965
7,30.0,200.0,-5.0,175,2032291102,5.579580240015616,26.500000000000007,0.389952170580904
7,30.0,200.0,-5.0,176,2032291102,8.879580240015628,24.999999999999996,-0.11004782941909672
7,30.0,200.0,-5.0,177,2032291102,13.17958024001561,22.999999999999993,1.8899521705809028
7,30.0,200.0,-5.0,178,2032291102,4.879580240015628,27.99999999999999,-0.11004782941909672
7,30.0,200.0,-5.0,179,2032291102,-6.920419759984327,-8.00000000000001,2.889952170580903
7,30.0,200.0,-5.0,180,2032291102,6.779580240015633,24.500000000000004,-0.11004782941909672
7,30.0,200.0,-5.0,181,2032291102,5.579580240015616,27.499999999999993,-1.1100478294190965
7,30.0,200.0,-5.0,182,2032291102,5.579580240015616,27.99999999999999,-1.6100478294190965
7,30.0,200.0,-5.0,183,2032291102,6.579580240015616,26.00000000000001,0.389952170580904
7,30.0,200.0,-5.0,184,2032291102,9.67958024001561,22.999999999999993,-0.11004782941909672
7,30.0,200.0,-5.0,185,2032291102,8.379580240015628,25.499999999999993,-1.1100478294190965
7,30.0,200.0,-5.0,186,2032291102,5.379580240015628,27.499999999999993,0.8899521705809031
7,30.0,200.0,-5.0,187,2032291102,8.17958024001561,26.500000000000007,0.389952170580904
7,30.0,200.0,-5.0,188,2032291102,5.579580240015616,27.99999999999999,1.3899521705809037
7,30.0,200.0,-5.0,189,2032291102,-0.620419759984344,-9.99999999999999,0.8899521705809031
7,30.0,200.0,-5.0,190,2032291102,4.779580240015633,26.500000000000007,0.389952170580904
7,30.0,200.0,-5.0,191,2032291102,13.3795802400156,22.5,-0.6100478294190974
7,30.0,200.0,-5.0,192,2032291102,8.879580240015628,22.999999999999993,-0.11004782941909672
7,30.0,200.0,-5.0,193,2032291102,6.579580240015616,27.99999999999999,-1.6100478294190965
7,30.0,200.0,-5.0,194,2032291102,11.079580240015616,22.999999999999993,-1.1100478294190965
7,30.0,200.0,-5.0,195,2032291102,6.279580240015633,27.0,-1.1100478294190965
7,30.0,200.0,-5.0,196,2032291102,-0.12041975998434395,-11.000000000000004,-1.6100478294190965
7,30.0,200.0,-5.0,197,2032291102,10.8795802400156,22.999999999999993,-0.11004782941909672
7,30.0,200.0,-5.0,198,2032291102,5.479580240015622,27.99999999999999,-2.1100478294190963
7,30.0,200.0,-5.0,199,2032291102,6.779580240015633,26.500000000000007,-1.1100478294190965
7,30.0,200.0,0.0,0,2032291103,-0.9204197599843553,-10.500000000000009,-0.11004782941909672
7,30.0,200.0,0.0,1,2032291103,0.179580240015639,-11.499999999999996,-0.11004782941909672
7,30.0,200.0,0.0,2,2032291103,4.879580240015628,27.0,-1.1100478294190965
7,30.0,200.0,0.0,3,2032291103,6.979580240015622,25.499999999999993,-0.11004782941909672
7,30.0,200.0,0.0,4,2032291103,3.4795802400156504,29.499999999999996,0.389952170580904
7,30.0,200.0,0.0,5,2032291103,4.279580240015633,28.500000000000007,0.389952170580904
7,30.0,200.0,0.0,6,2032291103,5.579580240015616,26.500000000000007,-1.1100478294190965
7,30.0,200.0,0.0,7,2032291103,8.17958024001561,24.999999999999996,-1.1100478294190965
7,30.0,200.0,0.0,8,2032291103,6.279580240015633,26.00000000000001,-0.6100478294190974
7,30.0,200.0,0.0,9,2032291103,5.079580240015645,27.99999999999999,-1.1100478294190965
7,30.0,200.0,0.0,10,2032291103,4.579580240015645,27.499999999999993,-0.11004782941909672
7,30.0,200.0,0.0,11,2032291103,7.879580240015628,26.00000000000001,-0.6100478294190974
7,30.0,200.0,0.0,12,2032291103,2.5795802400156447,-13.000000000000005,0.389952170580904
7,30.0,200.0,0.0,13,2032291103,7.879580240015628,24.999999999999996,-1.1100478294190965
7,30.0,200.0,0.0,14,2032291103,5.579580240015616,26.500000000000007,-0.11004782941909672
7,30.0,200.0,0.0,15,2032291103,5.179580240015639,27.99999999999999,-0.11004782941909672
7,30.0,200.0,0.0,16,2032291103,7.179580240015639,24.999999999999996,-0.6100478294190974
7,30.0,200.0,0.0,17,2032291103,8.379580240015628,24.500000000000004,-0.11004782941909672
7,30.0,200.0,0.0,18,2032291103,6.579580240015616,26.00000000000001,-1.1100478294190965
7,30.0,200.0,0.0,19,2032291103,4.579580240015645,27.499999999999993,-0.6100478294190974
7,30.0,200.0,0.0,20,2032291103,3.179580240015639,28.500000000000007,-0.11004782941909672
7,30.0,200.0,0.0,21,2032291103,2.7795802400156333,29.000000000000004,0.8899521705809031
7,30.0,200.0,0.0,22,2032291103,6.179580240015639,26.500000000000007,-1.6100478294190965
7,30.0,200.0,0.0,23,2032291103,5.879580240015628,27.0,-0.11004782941909672
7,30.0,200.0,0.0,24,2032291103,8.479580240015622,24.999999999999996,-0.11004782941909672
7,30.0,200.0,0.0,25,2032291103,6.679580240015639,27.0,-1.1100478294190965
7,30.0,200.0,0.0,26,2032291103,4.679580240015639,27.499999999999993,-0.6100478294190974
7,30.0,200.0,0.0,27,2032291103,7.479580240015622,25.499999999999993,-0.6100478294190974
7,30.0,200.0,0.0,28,2032291103,6.679580240015639,25.499999999999993,-1.1100478294190965
7,30.0,200.0,0.0,29,2032291103,4.879580240015628,28.500000000000007,0.8899521705809031
7,30.0,200.0,0.0,30,2032291103,6.779580240015633,25.499999999999993,0.389952170580904
7,30.0,200.0,0.0,31,2032291103,8.279580240015633,23.500000000000014,-0.6100478294190974
7,30.0,200.0,0.0,32,2032291103,5.779580240015633,27.0,-0.11004782941909672
7,30.0,200.0,0.0,33,2032291103,6.079580240015616,26.500000000000007,1.3899521705809037
7,30.0,200.0,0.0,34,2032291103,4.079580240015645,27.499999999999993,-0.6100478294190974
7,30.0,200.0,0.0,35,2032291103,2.3795802400156276,-12.50000000000001,-1.1100478294190965
7,30.0,200.0,0.0,36,2032291103,7.479580240015622,24.999999999999996,1.3899521705809037
7,30.0,200.0,0.0,37,2032291103,5.579580240015616,27.0,0.389952170580904
7,30.0,200.0,0.0,38,2032291103,8.17958024001561,25.499999999999993,0.389952170580904
7,30.0,200.0,0.0,39,2032291103,2.4795802400156504,29.000000000000004,0.389952170580904
7,30.0,200.0,0.0,40,2032291103,6.279580240015633,25.499999999999993,-1.6100478294190965
7,30.0,200.0,0.0,41,2032291103,5.379580240015628,26.500000000000007,-0.6100478294190974
7,30.0,200.0,0.0,42,2032291103,8.979580240015622,24.000000000000007,-1.6100478294190965
7,30.0,200.0,0.0,43,2032291103,7.979580240015622,24.999999999999996,-1.6100478294190965
7,30.0,200.0,0.0,44,2032291103,4.779580240015633,27.99999999999999,-0.6100478294190974
7,30.0,200.0,0.0,45,2032291103,4.479580240015622,27.499999999999993,-0.11004782941909672
7,30.0,200.0,0.0,46,2032291103,7.979580240015622,25.499999999999993,0.389952170580904
7,30.0,200.0,0.0,47,2032291103,5.679580240015639,27.499999999999993,-0.6100478294190974
7,30.0,200.0,0.0,48,2032291103,3.679580240015639,29.499999999999996,-1.1100478294190965
7,30.0,200.0,0.0,49,2032291103,5.379580240015628,27.499999999999993,-0.11004782941909672
7,30.0,200.0,0.0,50,2032291103,12.3795802400156,22.000000000000007,-0.11004782941909672
7,30.0,200.0,0.0,51,2032291103,9.779580240015605,23.500000000000014,-0.6100478294190974
7,30.0,200.0,0.0,52,2032291103,6.279580240015633,26.00000000000001,-1.1100478294190965
7,30.0,200.0,0.0,53,2032291103,2.7795802400156333,29.999999999999993,-0.6100478294190974
7,30.0,200.0,0.0,54,2032291103,7.079580240015616,25.499999999999993,0.8899521705809031
7,30.0,200.0,0.0,55,2032291103,3.8795802400156276,27.99999999999999,-0.11004782941909672
7,30.0,200.0,0.0,56,2032291103,5.179580240015639,27.499999999999993,0.389952170580904
7,30.0,200.0,0.0,57,2032291103,6.779580240015633,25.499999999999993,-1.6100478294190965
7,30.0,200.0,0.0,58,2032291103,5.479580240015622,26.500000000000007,-0.11004782941909672
7,30.0,200.0,0.0,59,2032291103,4.079580240015645,28.500000000000007,0.389952170580904
7,30.0,200.0,0.0,60,2032291103,9.379580240015628,24.000000000000007,-1.1100478294190965
7,30.0,200.0,0.0,61,2032291103,1.5795802400156447,-11.499999999999996,0.389952170580904
7,30.0,200.0,0.0,62,2032291103,8.379580240015628,24.500000000000004,-1.6100478294190965
7,30.0,200.0,0.0,63,2032291103,6.179580240015639,26.00000000000001,-0.11004782941909672
7,30.0,200.0,0.0,64,2032291103,3.3795802400156276,29.000000000000004,0.389952170580904
7,30.0,200.0,0.0,65,2032291103,6.279580240015633,26.500000000000007,-0.6100478294190974
7,30.0,200.0,0.0,66,2032291103,9.479580240015622,24.999999999999996,0.389952170580904
7,30.0,200.0,0.0,67,2032291103,8.879580240015628,24.999999999999996,-1.1100478294190965
7,30.0,200.0,0.0,68,2032291103,4.779580240015633,27.499999999999993,0.389952170580904
7,30.0,200.0,0.0,69,2032291103,6.379580240015628,26.00000000000001,-0.11004782941909672
7,30.0,200.0,0.0,70,2032291103,8.879580240015628,24.999999999999996,-0.11004782941909672
7,30.0,200.0,0.0,71,2032291103,1.379580240015656,31.000000000000007,0.8899521705809031
7,30.0,200.0,0.0,72,2032291103,7.079580240015616,26.00000000000001,-0.6100478294190974
7,30.0,200.0,0.0,73,2032291103,7.379580240015628,26.00000000000001,0.389952170580904
7,30.0,200.0,0.0,74,2032291103,5.579580240015616,27.499999999999993,-1.1100478294190965
7,30.0,200.0,0.0,75,2032291103,7.679580240015611,24.999999999999996,-0.6100478294190974
7,30.0,200.0,0.0,76,2032291103,3.4795802400156504,29.499999999999996,-0.6100478294190974
7,30.0,200.0,0.0,77,2032291103,10.379580240015628,24.000000000000007,-0.11004782941909672
7,30.0,200.0,0.0,78,2032291103,8.979580240015622,23.500000000000014,-0.6100478294190974
7,30.0,200.0,0.0,79,2032291103,1.679580240015639,29.999999999999993,0.389952170580904
7,30.0,200.0,0.0,80,2032291103,2.4795802400156504,-13.000000000000005,-0.11004782941909672
7,30.0,200.0,0.0,81,2032291103,4.279580240015633,29.000000000000004,-0.6100478294190974
7,30.0,200.0,0.0,82,2032291103,5.579580240015616,27.0,0.389952170580904
7,30.0,200.0,0.0,83,2032291103,4.279580240015633,27.499999999999993,0.389952170580904
7,30.0,200.0,0.0,84,2032291103,1.7795802400156333,-11.499999999999996,-0.11004782941909672
7,30.0,200.0,0.0,85,2032291103,7.079580240015616,26.500000000000007,0.389952170580904
7,30.0,200.0,0.0,86,2032291103,6.279580240015633,27.0,-0.11004782941909672
7,30.0,200.0,0.0,87,2032291103,5.079580240015645,27.499999999999993,0.389952170580904
7,30.0,200.0,0.0,88,2032291103,3.3795802400156276,28.500000000000007,-0.6100478294190974
7,30.0,200.0,0.0,89,2032291103,7.979580240015622,24.999999999999996,-0.11004782941909672
7,30.0,200.0,0.0,90,2032291103,4.979580240015622,27.0,-1.1100478294190965
7,30.0,200.0,0.0,91,2032291103,6.979580240015622,25.499999999999993,-0.6100478294190974
7,30.0,200.0,0.0,92,2032291103,3.5795802400156447,28.500000000000007,-0.11004782941909672
7,30.0,200.0,0.0,93,2032291103,8.579580240015616,24.500000000000004,-1.1100478294190965
7,30.0,200.0,0.0,94,2032291103,5.579580240015616,27.0,-0.11004782941909672
7,30.0,200.0,0.0,95,2032291103,4.179580240015639,28.500000000000007,0.8899521705809031
7,30.0,200.0,0.0,96,2032291103,6.379580240015628,26.500000000000007,-1.1100478294190965
7,30.0,200.0,0.0,97,2032291103,5.179580240015639,28.500000000000007,-0.6100478294190974
7,30.0,200.0,0.0,98,2032291103,5.479580240015622,27.499999999999993,0.389952170580904
7,30.0,200.0,0.0,99,2032291103,7.179580240015639,25.499999999999993,-1.1100478294190965
7,30.0,200.0,0.0,100,2032291103,5.379580240015628,27.99999999999999,0.389952170580904
7,30.0,200.0,0.0,101,2032291103,6.079580240015616,26.00000000000001,1.3899521705809037
7,30.0,200.0,0.0,102,2032291103,7.279580240015633,26.00000000000001,-0.11004782941909672
7,30.0,200.0,0.0,103,2032291103,6.179580240015639,26.500000000000007,-0.11004782941909672
7,30.0,200.0,0.0,104,2032291103,3.8795802400156276,29.499999999999996,0.8899521705809031
7,30.0,200.0,0.0,105,2032291103,4.079580240015645,26.500000000000007,-0.6100478294190974
7,30.0,200.0,0.0,106,2032291103,4.179580240015639,27.99999999999999,1.3899521705809037
7,30.0,200.0,0.0,107,2032291103,5.779580240015633,27.99999999999999,-0.11004782941909672
7,30.0,200.0,0.0,108,2032291103,6.579580240015616,25.499999999999993,0.389952170580904
7,30.0,200.0,0.0,109,2032291103,6.079580240015616,26.500000000000007,-0.11004782941909672
7,30.0,200.0,0.0,110,2032291103,10.079580240015616,24.000000000000007,-1.1100478294190965
7,30.0,200.0,0.0,111,2032291103,8.379580240015628,24.999999999999996,0.8899521705809031
7,30.0,200.0,0.0,112,2032291103,6.379580240015628,26.500000000000007,-0.6100478294190974
7,30.0,200.0,0.0,113,2032291103,11.67958024001561,22.000000000000007,-0.6100478294190974
7,30.0,200.0,0.0,114,2032291103,5.379580240015628,27.499999999999993,0.8899521705809031
7,30.0,200.0,0.0,115,2032291103,10.67958024001561,23.500000000000014,-1.1100478294190965
7,30.0,200.0,0.0,116,2032291103,5.879580240015628,27.0,-0.11004782941909672
7,30.0,200.0,0.0,117,2032291103,3.5795802400156447,29.499999999999996,-0.11004782941909672
7,30.0,200.0,0.0,118,2032291103,7.879580240015628,24.999999999999996,0.389952170580904
7,30.0,200.0,0.0,119,2032291103,6.579580240015616,27.99999999999999,-0.6100478294190974
7,30.0,200.0,0.0,120,2032291103,6.279580240015633,26.500000000000007,-2.1100478294190963
7,30.0,200.0,0.0,121,2032291103,1.9795802400156504,31.000000000000007,-1.1100478294190965
7,30.0,200.0,0.0,122,2032291103,4.379580240015628,27.99999999999999,-0.11004782941909672
7,30.0,200.0,0.0,123,2032291103,13.3795802400156,20.499999999999996,-0.6100478294190974
7,30.0,200.0,0.0,124,2032291103,10.67958024001561,22.999999999999993,-1.6100478294190965
7,30.0,200.0,0.0,125,2032291103,7.079580240015616,25.499999999999993,-0.11004782941909672
7,30.0,200.0,0.0,126,2032291103,3.7795802400156333,27.99999999999999,-0.6100478294190974
7,30.0,200.0,0.0,127,2032291103,-0.5204197599843496,-9.0,-0.6100478294190974
7,30.0,200.0,0.0,128,2032291103,1.879580240015656,-11.999999999999991,-0.11004782941909672
7,30.0,200.0,0.0,129,2032291103,6.979580240015622,25.499999999999993,-0.11004782941909672
7,30.0,200.0,0.0,130,2032291103,-2.7204197599843383,-6.500000000000003,-1.1100478294190965
7,30.0,200.0,0.0,131,2032291103,7.679580240015611,24.999999999999996,-0.11004782941909672
7,30.0,200.0,0.0,132,2032291103,4.579580240015645,27.499999999999993,0.389952170580904
7,30.0,200.0,0.0,133,2032291103,5.979580240015622,26.500000000000007,1.3899521705809037
7,30.0,200.0,0.0,134,2032291103,11.279580240015605,22.000000000000007,0.389952170580904
7,30.0,200.0,0.0,135,2032291103,3.0795802400156447,29.999999999999993,0.389952170580904
7,30.0,200.0,0.0,136,2032291103,7.579580240015616,24.999999999999996,-0.6100478294190974
7,30.0,200.0,0.0,137,2032291103,3.2795802400156333,29.000000000000004,0.389952170580904
7,30.0,200.0,0.0,138,2032291103,6.079580240015616,26.500000000000007,0.389952170580904
7,30.0,200.0,0.0,139,2032291103,6.879580240015628,26.00000000000001,0.389952170580904
7,30.0,200.0,0.0,140,2032291103,6.779580240015633,26.500000000000007,-1.1100478294190965
7,30.0,200.0,0.0,141,2032291103,5.379580240015628,27.99999999999999,-1.6100478294190965
7,30.0,200.0,0.0,142,2032291103,6.079580240015616,26.00000000000001,-0.6100478294190974
7,30.0,200.0,0.0,143,2032291103,4.779580240015633,26.500000000000007,0.389952170580904
7,30.0,200.0,0.0,144,2032291103,6.279580240015633,26.500000000000007,-0.11004782941909672
7,30.0,200.0,0.0,145,2032291103,7.379580240015628,26.00000000000001,-1.1100478294190965
7,30.0,200.0,0.0,146,2032291103,7.679580240015611,26.00000000000001,0.389952170580904
7,30.0,200.0,0.0,147,2032291103,6.779580240015633,24.999999999999996,-1.1100478294190965
7,30.0,200.0,0.0,148,2032291103,6.879580240015628,26.00000000000001,-0.6100478294190974
7,30.0,200.0,0.0,149,2032291103,5.279580240015633,27.499999999999993,-0.6100478294190974
7,30.0,200.0,0.0,150,2032291103,7.979580240015622,25.499999999999993,-0.6100478294190974
7,30.0,200.0,0.0,151,2032291103,12.979580240015594,22.000000000000007,-0.6100478294190974
7,30.0,200.0,0.0,152,2032291103,5.379580240015628,27.0,-0.6100478294190974
7,30.0,200.0,0.0,153,2032291103,9.379580240015628,24.000000000000007,-0.6100478294190974
7,30.0,200.0,0.0,154,2032291103,6.079580240015616,26.00000000000001,-0.6100478294190974
7,30.0,200.0,0.0,155,2032291103,2.3795802400156276,29.999999999999993,-1.1100478294190965
7,30.0,200.0,0.0,156,2032291103,8.379580240015628,24.500000000000004,0.389952170580904
7,30.0,200.0,0.0,157,2032291103,8.379580240015628,24.000000000000007,-0.6100478294190974
7,30.0,200.0,0.0,158,2032291103,8.079580240015616,25.499999999999993,-0.6100478294190974
7,30.0,200.0,0.0,159,2032291103,5.079580240015645,27.0,-0.11004782941909672
7,30.0,200.0,0.0,160,2032291103,9.079580240015616,24.500000000000004,-0.6100478294190974
7,30.0,200.0,0.0,161,2032291103,5.879580240015628,27.499999999999993,-0.11004782941909672
7,30.0,200.0,0.0,162,2032291103,7.379580240015628,26.500000000000007,-0.6100478294190974
7,30.0,200.0,0.0,163,2032291103,6.179580240015639,26.500000000000007,-0.11004782941909672
7,30.0,200.0,0.0,164,2032291103,5.679580240015639,27.0,-0.6100478294190974
7,30.0,200.0,0.0,165,2032291103,8.079580240015616,27.0,-1.6100478294190965
7,30.0,200.0,0.0,166,2032291103,6.979580240015622,26.00000000000001,-0.6100478294190974
7,30.0,200.0,0.0,167,2032291103,8.479580240015622,26.00000000000001,-0.6100478294190974
7,30.0,200.0,0.0,168,2032291103,0.5795802400156447,-11.000000000000004,0.389952170580904
7,30.0,200.0,0.0,169,2032291103,7.879580240015628,24.500000000000004,0.8899521705809031
7,30.0,200.0,0.0,170,2032291103,10.379580240015628,22.999999999999993,-0.6100478294190974
7,30.0,200.0,0.0,171,2032291103,7.079580240015616,24.999999999999996,-0.6100478294190974
7,30.0,200.0,0.0,172,2032291103,0.7795802400156617,-11.000000000000004,-0.6100478294190974
7,30.0,200.0,0.0,173,2032291103,6.479580240015622,27.499999999999993,0.389952170580904
7,30.0,200.0,0.0,174,2032291103,5.579580240015616,26.00000000000001,-0.6100478294190974
7,30.0,200.0,0.0,175,2032291103,2.3795802400156276,-11.499999999999996,-2.1100478294190963
7,30.0,200.0,0.0,176,2032291103,8.079580240015616,24.500000000000004,-2.1100478294190963
7,30.0,200.0,0.0,177,2032291103,8.379580240015628,24.500000000000004,0.389952170580904
7,30.0,200.0,0.0,178,2032291103,3.679580240015639,27.99999999999999,-0.6100478294190974
7,30.0,200.0,0.0,179,2032291103,8.079580240015616,26.00000000000001,0.389952170580904
7,30.0,200.0,0.0,180,2032291103,3.8795802400156276,27.99999999999999,-0.11004782941909672
7,30.0,200.0,0.0,181,2032291103,7.379580240015628,25.499999999999993,0.389952170580904
7,30.0,200.0,0.0,182,2032291103,10.079580240015616,22.999999999999993,0.389952170580904
7,30.0,200.0,0.0,183,2032291103,7.679580240015611,25.499999999999993,-0.6100478294190974
7,30.0,200.0,0.0,184,2032291103,6.479580240015622,27.0,-0.11004782941909672
7,30.0,200.0,0.0,185,2032291103,8.579580240015616,24.999999999999996,-0.11004782941909672
7,30.0,200.0,0.0,186,2032291103,7.879580240015628,24.999999999999996,-1.1100478294190965
7,30.0,200.0,0.0,187,2032291103,7.079580240015616,24.999999999999996,-1.6100478294190965
7,30.0,200.0,0.0,188,2032291103,4.779580240015633,27.499999999999993,-1.6100478294190965
7,30.0,200.0,0.0,189,2032291103,3.7795802400156333,29.499999999999996,-1.1100478294190965
7,30.0,200.0,0.0,190,2032291103,10.379580240015628,22.5,-0.11004782941909672
7,30.0,200.0,0.0,191,2032291103,8.279580240015633,25.499999999999993,-0.11004782941909672
7,30.0,200.0,0.0,192,2032291103,6.879580240015628,25.499999999999993,0.389952170580904
7,30.0,200.0,0.0,193,2032291103,7.179580240015639,26.00000000000001,0.389952170580904
7,30.0,200.0,0.0,194,2032291103,6.279580240015633,26.00000000000001,-0.6100478294190974
7,30.0,200.0,0.0,195,2032291103,8.879580240015628,23.500000000000014,-1.1100478294190965
7,30.0,200.0,0.0,196,2032291103,8.379580240015628,24.500000000000004,-1.1100478294190965
7,30.0,200.0,0.0,197,2032291103,7.279580240015633,24.999999999999996,-1.1100478294190965
7,30.0,200.0,0.0,198,2032291103,4.579580240015645,27.499999999999993,-1.6100478294190965
7,30.0,200.0,0.0,199,2032291103,10.17958024001561,22.999999999999993,0.389952170580904
7,30.0,200.0,5.0,0,2032291104,5.979580240015622,26.500000000000007,-0.11004782941909672
7,30.0,200.0,5.0,1,2032291104,9.17958024001561,24.000000000000007,-1.1100478294190965
7,30.0,200.0,5.0,2,2032291104,6.579580240015616,27.0,-0.11004782941909672
7,30.0,200.0,5.0,3,2032291104,6.679580240015639,25.499999999999993,-0.11004782941909672
7,30.0,200.0,5.0,4,2032291104,6.179580240015639,27.0,-0.6100478294190974
7,30.0,200.0,5.0,5,2032291104,6.979580240015622,26.00000000000001,-0.6100478294190974
7,30.0,200.0,5.0,6,2032291104,6.779580240015633,26.500000000000007,-0.6100478294190974
7,30.0,200.0,5.0,7,2032291104,3.0795802400156447,29.999999999999993,-0.6100478294190974
7,30.0,200.0,5.0,8,2032291104,6.679580240015639,25.499999999999993,-0.11004782941909672
7,30.0,200.0,5.0,9,2032291104,7.879580240015628,24.500000000000004,-0.6100478294190974
7,30.0,200.0,5.0,10,2032291104,6.079580240015616,26.500000000000007,-0.11004782941909672
7,30.0,200.0,5.0,11,2032291104,3.4795802400156504,28.500000000000007,-0.11004782941909672
7,30.0,200.0,5.0,12,2032291104,6.179580240015639,26.500000000000007,0.8899521705809031
7,30.0,200.0,5.0,13,2032291104,5.179580240015639,27.0,0.389952170580904
7,30.0,200.0,5.0,14,2032291104,3.8795802400156276,29.499999999999996,-0.6100478294190974
7,30.0,200.0,5.0,15,2032291104,5.579580240015616,27.0,0.389952170580904
7,30.0,200.0,5.0,16,2032291104,7.079580240015616,26.00000000000001,-0.6100478294190974
7,30.0,200.0,5.0,17,2032291104,7.379580240015628,25.499999999999993,-0.6100478294190974
7,30.0,200.0,5.0,18,2032291104,5.079580240015645,27.99999999999999,-0.6100478294190974
7,30.0,200.0,5.0,19,2032291104,6.579580240015616,26.500000000000007,-1.1100478294190965
7,30.0,200.0,5.0,20,2032291104,3.9795802400156504,28.500000000000007,-0.11004782941909672
7,30.0,200.0,5.0,21,2032291104,6.079580240015616,26.500000000000007,-0.11004782941909672
7,30.0,200.0,5.0,22,2032291104,5.179580240015639,27.499999999999993,-0.6100478294190974
7,30.0,200.0,5.0,23,2032291104,8.079580240015616,24.999999999999996,-0.11004782941909672
7,30.0,200.0,5.0,24,2032291104,5.779580240015633,27.499999999999993,-0.11004782941909672
7,30.0,200.0,5.0,25,2032291104,5.879580240015628,26.500000000000007,-0.11004782941909672
7,30.0,200.0,5.0,26,2032291104,4.779580240015633,27.499999999999993,-0.11004782941909672
7,30.0,200.0,5.0,27,2032291104,5.779580240015633,27.0,-1.1100478294190965
7,30.0,200.0,5.0,28,2032291104,5.279580240015633,27.499999999999993,-0.6100478294190974
7,30.0,200.0,5.0,29,2032291104,5.279580240015633,26.500000000000007,-0.11004782941909672
7,30.0,200.0,5.0,30,2032291104,5.979580240015622,27.0,-0.6100478294190974
7,30.0,200.0,5.0,31,2032291104,7.979580240015622,24.999999999999996,-1.1100478294190965
7,30.0,200.0,5.0,32,2032291104,3.4795802400156504,29.000000000000004,0.389952170580904
7,30.0,200.0,5.0,33,2032291104,8.479580240015622,24.999999999999996,-0.6100478294190974
7,30.0,200.0,5.0,34,2032291104,6.279580240015633,27.0,-0.11004782941909672
7,30.0,200.0,5.0,35,2032291104,6.979580240015622,26.500000000000007,-0.11004782941909672
7,30.0,200.0,5.0,36,2032291104,6.079580240015616,27.0,-0.6100478294190974
7,30.0,200.0,5.0,37,2032291104,6.479580240015622,26.500000000000007,-0.11004782941909672
7,30.0,200.0,5.0,38,2032291104,6.079580240015616,27.0,-0.6100478294190974
7,30.0,200.0,5.0,39,2032291104,5.279580240015633,27.0,-0.11004782941909672
7,30.0,200.0,5.0,40,2032291104,4.579580240015645,28.500000000000007,0.389952170580904
7,30.0,200.0,5.0,41,2032291104,6.879580240015628,26.00000000000001,-1.1100478294190965
7,30.0,200.0,5.0,42,2032291104,6.679580240015639,26.00000000000001,-0.11004782941909672
7,30.0,200.0,5.0,43,2032291104,4.979580240015622,27.499999999999993,-0.6100478294190974
7,30.0,200.0,5.0,44,2032291104,5.879580240015628,27.0,-0.11004782941909672
7,30.0,200.0,5.0,45,2032291104,6.279580240015633,26.500000000000007,-1.1100478294190965
7,30.0,200.0,5.0,46,2032291104,4.779580240015633,27.0,-0.11004782941909672
7,30.0,200.0,5.0,47,2032291104,5.679580240015639,27.0,-0.6100478294190974
7,30.0,200.0,5.0,48,2032291104,4.879580240015628,27.0,-0.11004782941909672
7,30.0,200.0,5.0,49,2032291104,5.979580240015622,27.0,0.389952170580904
7,30.0,200.0,5.0,50,2032291104,5.879580240015628,27.0,-0.6100478294190974
7,30.0,200.0,5.0,51,2032291104,7.879580240015628,24.999999999999996,-1.1100478294190965
7,30.0,200.0,5.0,52,2032291104,6.579580240015616,26.00000000000001,-0.6100478294190974
7,30.0,200.0,5.0,53,2032291104,6.679580240015639,26.500000000000007,-0.11004782941909672
7,30.0,200.0,5.0,54,2032291104,6.279580240015633,26.500000000000007,-0.11004782941909672
7,30.0,200.0,5.0,55,2032291104,4.679580240015639,27.99999999999999,-0.11004782941909672
7,30.0,200.0,5.0,56,2032291104,6.279580240015633,26.500000000000007,-0.11004782941909672
7,30.0,200.0,5.0,57,2032291104,3.679580240015639,28.500000000000007,-0.6100478294190974
7,30.0,200.0,5.0,58,2032291104,7.679580240015611,24.999999999999996,0.389952170580904
7,30.0,200.0,5.0,59,2032291104,4.879580240015628,27.99999999999999,-0.11004782941909672
7,30.0,200.0,5.0,60,2032291104,4.779580240015633,27.499999999999993,-1.1100478294190965
7,30.0,200.0,5.0,61,2032291104,4.679580240015639,27.499999999999993,-0.6100478294190974
7,30.0,200.0,5.0,62,2032291104,8.779580240015605,24.500000000000004,-1.1100478294190965
7,30.0,200.0,5.0,63,2032291104,7.779580240015633,25.499999999999993,0.389952170580904
7,30.0,200.0,5.0,64,2032291104,5.479580240015622,26.500000000000007,-0.11004782941909672
7,30.0,200.0,5.0,65,2032291104,3.5795802400156447,28.500000000000007,-0.6100478294190974
7,30.0,200.0,5.0,66,2032291104,8.479580240015622,24.999999999999996,-0.11004782941909672
7,30.0,200.0,5.0,67,2032291104,8.279580240015633,25.499999999999993,-0.6100478294190974
7,30.0,200.0,5.0,68,2032291104,6.679580240015639,26.500000000000007,-0.11004782941909672
7,30.0,200.0,5.0,69,2032291104,7.079580240015616,26.00000000000001,-0.6100478294190974
7,30.0,200.0,5.0,70,2032291104,5.879580240015628,26.00000000000001,-1.1100478294190965
7,30.0,200.0,5.0,71,2032291104,7.879580240015628,24.500000000000004,-0.11004782941909672
7,30.0,200.0,5.0,72,2032291104,6.479580240015622,27.0,-0.11004782941909672
7,30.0,200.0,5.0,73,2032291104,4.079580240015645,27.99999999999999,-0.11004782941909672
7,30.0,200.0,5.0,74,2032291104,4.279580240015633,27.99999999999999,-0.11004782941909672
7,30.0,200.0,5.0,75,2032291104,7.579580240015616,26.00000000000001,-0.6100478294190974
7,30.0,200.0,5.0,76,2032291104,5.779580240015633,26.500000000000007,0.389952170580904
7,30.0,200.0,5.0,77,2032291104,4.479580240015622,27.99999999999999,-1.1100478294190965
7,30.0,200.0,5.0,78,2032291104,4.979580240015622,27.499999999999993,-0.11004782941909672
7,30.0,200.0,5.0,79,2032291104,6.879580240015628,25.499999999999993,-0.6100478294190974
7,30.0,200.0,5.0,80,2032291104,7.279580240015633,26.500000000000007,-0.11004782941909672
7,30.0,200.0,5.0,81,2032291104,7.579580240015616,25.499999999999993,-0.6100478294190974
7,30.0,200.0,5.0,82,2032291104,4.979580240015622,27.99999999999999,-0.11004782941909672
7,30.0,200.0,5.0,83,2032291104,3.679580240015639,28.500000000000007,-1.1100478294190965
7,30.0,200.0,5.0,84,2032291104,5.579580240015616,27.0,-0.11004782941909672
7,30.0,200.0,5.0,85,2032291104,5.979580240015622,27.0,-0.6100478294190974
7,30.0,200.0,5.0,86,2032291104,4.979580240015622,27.499999999999993,-0.6100478294190974
7,30.0,200.0,5.0,87,2032291104,6.079580240015616,27.0,0.8899521705809031
7,30.0,200.0,5.0,88,2032291104,6.279580240015633,27.0,-0.6100478294190974
7,30.0,200.0,5.0,89,2032291104,3.8795802400156276,27.99999999999999,-0.11004782941909672
7,30.0,200.0,5.0,90,2032291104,5.479580240015622,27.499999999999993,0.389952170580904
7,30.0,200.0,5.0,91,2032291104,4.079580240015645,27.99999999999999,-0.11004782941909672
7,30.0,200.0,5.0,92,2032291104,6.379580240015628,26.500000000000007,-1.1100478294190965
7,30.0,200.0,5.0,93,2032291104,4.979580240015622,27.499999999999993,-0.6100478294190974
7,30.0,200.0,5.0,94,2032291104,7.179580240015639,26.00000000000001,0.8899521705809031
7,30.0,200.0,5.0,95,2032291104,7.379580240015628,25.499999999999993,-0.6100478294190974
7,30.0,200.0,5.0,96,2032291104,7.079580240015616,26.00000000000001,-0.6100478294190974
7,30.0,200.0,5.0,97,2032291104,5.279580240015633,27.0,-0.11004782941909672
7,30.0,200.0,5.0,98,2032291104,9.17958024001561,24.500000000000004,-0.6100478294190974
7,30.0,200.0,5.0,99,2032291104,4.879580240015628,27.0,0.389952170580904
7,30.0,200.0,5.0,100,2032291104,5.579580240015616,27.499999999999993,-0.6100478294190974
7,30.0,200.0,5.0,101,2032291104,7.479580240015622,25.499999999999993,0.389952170580904
7,30.0,200.0,5.0,102,2032291104,7.579580240015616,25.499999999999993,-0.11004782941909672
7,30.0,200.0,5.0,103,2032291104,7.379580240015628,25.499999999999993,-1.1100478294190965
7,30.0,200.0,5.0,104,2032291104,7.279580240015633,25.499999999999993,-0.11004782941909672
7,30.0,200.0,5.0,105,2032291104,6.479580240015622,26.00000000000001,-0.6100478294190974
7,30.0,200.0,5.0,106,2032291104,5.379580240015628,27.0,-0.6100478294190974
7,30.0,200.0,5.0,107,2032291104,7.579580240015616,25.499999999999993,-0.11004782941909672
7,30.0,200.0,5.0,108,2032291104,5.179580240015639,27.499999999999993,-0.11004782941909672
7,30.0,200.0,5.0,109,2032291104,5.579580240015616,27.0,-0.11004782941909672
7,30.0,200.0,5.0,110,2032291104,6.679580240015639,25.499999999999993,-0.6100478294190974
7,30.0,200.0,5.0,111,2032291104,6.979580240015622,26.00000000000001,-0.6100478294190974
7,30.0,200.0,5.0,112,2032291104,6.579580240015616,26.500000000000007,-1.1100478294190965
7,30.0,200.0,5.0,113,2032291104,6.079580240015616,26.500000000000007,0.389952170580904
7,30.0,200.0,5.0,114,2032291104,6.979580240015622,26.00000000000001,0.389952170580904
7,30.0,200.0,5.0,115,2032291104,6.079580240015616,27.0,-0.11004782941909672
7,30.0,200.0,5.0,116,2032291104,5.479580240015622,26.500000000000007,-0.11004782941909672
7,30.0,200.0,5.0,117,2032291104,6.379580240015628,26.500000000000007,-0.6100478294190974
7,30.0,200.0,5.0,118,2032291104,6.279580240015633,26.500000000000007,0.389952170580904
7,30.0,200.0,5.0,119,2032291104,5.579580240015616,27.0,-0.11004782941909672
7,30.0,200.0,5.0,120,2032291104,6.879580240015628,26.00000000000001,-0.6100478294190974
7,30.0,200.0,5.0,121,2032291104,5.779580240015633,26.500000000000007,-0.11004782941909672
7,30.0,200.0,5.0,122,2032291104,6.679580240015639,25.499999999999993,-0.11004782941909672
7,30.0,200.0,5.0,123,2032291104,5.779580240015633,26.500000000000007,-1.1100478294190965
7,30.0,200.0,5.0,124,2032291104,4.179580240015639,27.99999999999999,-0.11004782941909672
7,30.0,200.0,5.0,125,2032291104,6.179580240015639,26.00000000000001,-0.11004782941909672
7,30.0,200.0,5.0,126,2032291104,6.079580240015616,27.0,-0.6100478294190974
7,30.0,200.0,5.0,127,2032291104,6.479580240015622,26.500000000000007,-0.6100478294190974
7,30.0,200.0,5.0,128,2032291104,7.879580240015628,25.499999999999993,-0.11004782941909672
7,30.0,200.0,5.0,129,2032291104,5.279580240015633,27.499999999999993,0.389952170580904
7,30.0,200.0,5.0,130,2032291104,6.879580240015628,26.500000000000007,-0.11004782941909672
7,30.0,200.0,5.0,131,2032291104,7.179580240015639,26.00000000000001,-0.6100478294190974
7,30.0,200.0,5.0,132,2032291104,5.079580240015645,27.499999999999993,-1.1100478294190965
7,30.0,200.0,5.0,133,2032291104,4.779580240015633,27.99999999999999,-1.1100478294190965
7,30.0,200.0,5.0,134,2032291104,3.7795802400156333,28.500000000000007,-0.6100478294190974
7,30.0,200.0,5.0,135,2032291104,7.079580240015616,25.499999999999993,0.389952170580904
7,30.0,200.0,5.0,136,2032291104,8.279580240015633,24.500000000000004,-0.6100478294190974
7,30.0,200.0,5.0,137,2032291104,6.079580240015616,27.0,0.389952170580904
7,30.0,200.0,5.0,138,2032291104,6.379580240015628,26.00000000000001,-0.11004782941909672
7,30.0,200.0,5.0,139,2032291104,6.179580240015639,26.500000000000007,-0.6100478294190974
7,30.0,200.0,5.0,140,2032291104,4.679580240015639,27.499999999999993,-0.11004782941909672
7,30.0,200.0,5.0,141,2032291104,4.979580240015622,27.499999999999993,-0.6100478294190974
7,30.0,200.0,5.0,142,2032291104,5.379580240015628,27.0,-0.11004782941909672
7,30.0,200.0,5.0,143,2032291104,7.979580240015622,25.499999999999993,-0.11004782941909672
7,30.0,200.0,5.0,144,2032291104,6.379580240015628,26.500000000000007,-0.11004782941909672
7,30.0,200.0,5.0,145,2032291104,8.579580240015616,24.500000000000004,-0.6100478294190974
7,30.0,200.0,5.0,146,2032291104,6.479580240015622,26.500000000000007,-0.11004782941909672
7,30.0,200.0,5.0,147,2032291104,9.67958024001561,22.999999999999993,-0.6100478294190974
7,30.0,200.0,5.0,148,2032291104,5.979580240015622,27.0,-0.6100478294190974
7,30.0,200.0,5.0,149,2032291104,4.379580240015628,27.99999999999999,-0.11004782941909672
7,30.0,200.0,5.0,150,2032291104,5.679580240015639,27.0,-0.11004782941909672
7,30.0,200.0,5.0,151,2032291104,5.279580240015633,27.99999999999999,-0.6100478294190974
7,30.0,200.0,5.0,152,2032291104,6.479580240015622,26.500000000000007,-0.6100478294190974
7,30.0,200.0,5.0,153,2032291104,3.679580240015639,27.99999999999999,0.389952170580904
7,30.0,200.0,5.0,154,2032291104,5.179580240015639,27.99999999999999,-0.11004782941909672
7,30.0,200.0,5.0,155,2032291104,5.079580240015645,27.499999999999993,-0.11004782941909672
7,30.0,200.0,5.0,156,2032291104,5.579580240015616,27.499999999999993,-0.11004782941909672
7,30.0,200.0,5.0,157,2032291104,6.179580240015639,26.500000000000007,-0.6100478294190974
7,30.0,200.0,5.0,158,2032291104,4.279580240015633,29.000000000000004,-0.11004782941909672
7,30.0,200.0,5.0,159,2032291104,4.879580240015628,27.0,0.389952170580904
7,30.0,200.0,5.0,160,2032291104,3.0795802400156447,29.000000000000004,-0.11004782941909672
7,30.0,200.0,5.0,161,2032291104,7.579580240015616,25.499999999999993,-0.11004782941909672
7,30.0,200.0,5.0,162,2032291104,4.579580240015645,27.499999999999993,-0.11004782941909672
7,30.0,200.0,5.0,163,2032291104,6.079580240015616,27.0,-0.6100478294190974
7,30.0,200.0,5.0,164,2032291104,5.379580240015628,27.499999999999993,-0.11004782941909672
7,30.0,200.0,5.0,165,2032291104,7.379580240015628,24.999999999999996,-0.11004782941909672
7,30.0,200.0,5.0,166,2032291104,5.179580240015639,27.499999999999993,-0.6100478294190974
7,30.0,200.0,5.0,167,2032291104,3.7795802400156333,27.99999999999999,-0.11004782941909672
7,30.0,200.0,5.0,168,2032291104,5.079580240015645,27.0,0.389952170580904
7,30.0,200.0,5.0,169,2032291104,5.479580240015622,27.99999999999999,-0.11004782941909672
7,30.0,200.0,5.0,170,2032291104,8.279580240015633,24.999999999999996,-0.6100478294190974
7,30.0,200.0,5.0,171,2032291104,7.179580240015639,25.499999999999993,-0.6100478294190974
7,30.0,200.0,5.0,172,2032291104,5.879580240015628,26.500000000000007,-0.11004782941909672
7,30.0,200.0,5.0,173,2032291104,7.379580240015628,26.00000000000001,-0.6100478294190974
7,30.0,200.0,5.0,174,2032291104,4.579580240015645,27.99999999999999,0.8899521705809031
7,30.0,200.0,5.0,175,2032291104,4.879580240015628,27.499999999999993,-0.11004782941909672
7,30.0,200.0,5.0,176,2032291104,5.479580240015622,27.0,-0.6100478294190974
7,30.0,200.0,5.0,177,2032291104,7.179580240015639,25.499999999999993,0.389952170580904
7,30.0,200.0,5.0,178,2032291104,7.879580240015628,24.999999999999996,-0.6100478294190974
7,30.0,200.0,5.0,179,2032291104,7.379580240015628,25.499999999999993,-0.6100478294190974
7,30.0,200.0,5.0,180,2032291104,6.579580240015616,25.499999999999993,-0.11004782941909672
7,30.0,200.0,5.0,181,2032291104,4.779580240015633,27.99999999999999,-0.6100478294190974
7,30.0,200.0,5.0,182,2032291104,5.679580240015639,27.0,-0.11004782941909672
7,30.0,200.0,5.0,183,2032291104,7.779580240015633,24.999999999999996,-1.1100478294190965
7,30.0,200.0,5.0,184,2032291104,6.279580240015633,26.00000000000001,0.389952170580904
7,30.0,200.0,5.0,185,2032291104,8.479580240015622,24.999999999999996,-0.6100478294190974
7,30.0,200.0,5.0,186,2032291104,4.979580240015622,28.500000000000007,-0.6100478294190974
7,30.0,200.0,5.0,187,2032291104,5.479580240015622,27.99999999999999,-0.11004782941909672
7,30.0,200.0,5.0,188,2032291104,7.779580240015633,24.500000000000004,-0.6100478294190974
7,30.0,200.0,5.0,189,2032291104,4.279580240015633,27.99999999999999,-0.6100478294190974
7,30.0,200.0,5.0,190,2032291104,5.879580240015628,26.00000000000001,-1.1100478294190965
7,30.0,200.0,5.0,191,2032291104,4.579580240015645,27.99999999999999,-0.11004782941909672
7,30.0,200.0,5.0,192,2032291104,1.679580240015639,-11.999999999999991,-0.6100478294190974
7,30.0,200.0,5.0,193,2032291104,3.0795802400156447,29.000000000000004,-0.11004782941909672
7,30.0,200.0,5.0,194,2032291104,5.779580240015633,26.500000000000007,-0.6100478294190974
7,30.0,200.0,5.0,195,2032291104,7.479580240015622,25.499999999999993,-0.6100478294190974
7,30.0,200.0,5.0,196,2032291104,6.479580240015622,26.00000000000001,-0.11004782941909672
7,30.0,200.0,5.0,197,2032291104,7.179580240015639,25.499999999999993,0.389952170580904
7,30.0,200.0,5.0,198,2032291104,5.379580240015628,27.499999999999993,-0.11004782941909672
7,30.0,200.0,5.0,199,2032291104,8.379580240015628,24.999999999999996,-0.11004782941909672
7,30.0,200.0,10.0,0,2032291105,5.779580240015633,26.500000000000007,-0.11004782941909672
7,30.0,200.0,10.0,1,2032291105,5.379580240015628,27.0,-0.11004782941909672
7,30.0,200.0,10.0,2,2032291105,5.779580240015633,27.0,-0.11004782941909672
7,30.0,200.0,10.0,3,2032291105,6.379580240015628,26.500000000000007,-0.11004782941909672
7,30.0,200.0,10.0,4,2032291105,6.079580240015616,26.500000000000007,-0.11004782941909672
7,30.0,200.0,10.0,5,2032291105,6.779580240015633,26.00000000000001,-0.6100478294190974
7,30.0,200.0,10.0,6,2032291105,5.279580240015633,27.499999999999993,-0.6100478294190974
7,30.0,200.0,10.0,7,2032291105,5.679580240015639,27.0,-0.11004782941909672
7,30.0,200.0,10.0,8,2032291105,6.879580240015628,26.00000000000001,-0.11004782941909672
7,30.0,200.0,10.0,9,2032291105,5.979580240015622,27.0,-0.11004782941909672
7,30.0,200.0,10.0,10,2032291105,5.979580240015622,26.500000000000007,-0.11004782941909672
7,30.0,200.0,10.0,11,2032291105,5.479580240015622,27.0,-0.11004782941909672
7,30.0,200.0,10.0,12,2032291105,4.779580240015633,27.499999999999993,0.389952170580904
7,30.0,200.0,10.0,13,2032291105,6.179580240015639,26.500000000000007,0.389952170580904
7,30.0,200.0,10.0,14,2032291105,7.379580240015628,25.499999999999993,-0.6100478294190974
7,30.0,200.0,10.0,15,2032291105,5.479580240015622,27.499999999999993,-0.11004782941909672
7,30.0,200.0,10.0,16,2032291105,5.879580240015628,26.500000000000007,-0.11004782941909672
7,30.0,200.0,10.0,17,2032291105,4.679580240015639,27.99999999999999,-0.11004782941909672
7,30.0,200.0,10.0,18,2032291105,6.279580240015633,26.500000000000007,0.389952170580904
7,30.0,200.0,10.0,19,2032291105,7.179580240015639,25.499999999999993,-0.6100478294190974
7,30.0,200.0,10.0,20,2032291105,6.179580240015639,26.500000000000007,-0.11004782941909672
7,30.0,200.0,10.0,21,2032291105,5.379580240015628,27.499999999999993,-0.6100478294190974
7,30.0,200.0,10.0,22,2032291105,5.279580240015633,27.0,-0.11004782941909672
7,30.0,200.0,10.0,23,2032291105,6.779580240015633,26.00000000000001,-0.6100478294190974
7,30.0,200.0,10.0,24,2032291105,5.579580240015616,27.0,-0.11004782941909672
7,30.0,200.0,10.0,25,2032291105,7.779580240015633,25.499999999999993,-0.6100478294190974
7,30.0,200.0,10.0,26,2032291105,6.779580240015633,26.00000000000001,-0.11004782941909672
7,30.0,200.0,10.0,27,2032291105,5.679580240015639,27.0,-0.6100478294190974
7,30.0,200.0,10.0,28,2032291105,5.879580240015628,26.500000000000007,-0.6100478294190974
7,30.0,200.0,10.0,29,2032291105,6.479580240015622,26.500000000000007,-0.11004782941909672
7,30.0,200.0,10.0,30,2032291105,5.479580240015622,27.0,-0.11004782941909672
7,30.0,200.0,10.0,31,2032291105,4.779580240015633,27.499999999999993,-0.6100478294190974
7,30.0,200.0,10.0,32,2032291105,7.279580240015633,25.499999999999993,-0.6100478294190974
7,30.0,200.0,10.0,33,2032291105,6.679580240015639,26.500000000000007,-0.11004782941909672
7,30.0,200.0,10.0,34,2032291105,5.979580240015622,26.500000000000007,-0.6100478294190974
7,30.0,200.0,10.0,35,2032291105,7.079580240015616,26.00000000000001,-0.6100478294190974
7,30.0,200.0,10.0,36,2032291105,4.979580240015622,27.499999999999993,-0.11004782941909672
7,30.0,200.0,10.0,37,2032291105,5.679580240015639,27.0,-0.11004782941909672
7,30.0,200.0,10.0,38,2032291105,7.079580240015616,26.00000000000001,-0.11004782941909672
7,30.0,200.0,10.0,39,2032291105,6.679580240015639,26.00000000000001,-0.6100478294190974
7,30.0,200.0,10.0,40,2032291105,6.679580240015639,26.500000000000007,-0.6100478294190974
7,30.0,200.0,10.0,41,2032291105,5.479580240015622,27.0,-0.11004782941909672
7,30.0,200.0,10.0,42,2032291105,5.179580240015639,27.499999999999993,-0.11004782941909672
7,30.0,200.0,10.0,43,2032291105,7.279580240015633,25.499999999999993,-0.11004782941909672
7,30.0,200.0,10.0,44,2032291105,6.079580240015616,27.0,-0.11004782941909672
7,30.0,200.0,10.0,45,2032291105,5.079580240015645,27.499999999999993,-0.11004782941909672
7,30.0,200.0,10.0,46,2032291105,6.979580240015622,25.499999999999993,-0.6100478294190974
7,30.0,200.0,10.0,47,2032291105,5.879580240015628,26.500000000000007,-0.11004782941909672
7,30.0,200.0,10.0,48,2032291105,7.079580240015616,25.499999999999993,-0.11004782941909672
7,30.0,200.0,10.0,49,2032291105,7.979580240015622,25.499999999999993,-0.11004782941909672
7,30.0,200.0,10.0,50,2032291105,6.279580240015633,26.500000000000007,-0.11004782941909672
7,30.0,200.0,10.0,51,2032291105,6.579580240015616,26.500000000000007,0.389952170580904
7,30.0,200.0,10.0,52,2032291105,5.779580240015633,26.500000000000007,-0.6100478294190974
7,30.0,200.0,10.0,53,2032291105,6.979580240015622,26.00000000000001,-0.11004782941909672
7,30.0,200.0,10.0,54,2032291105,6.879580240015628,26.00000000000001,-0.11004782941909672
7,30.0,200.0,10.0,55,2032291105,6.079580240015616,27.0,-0.11004782941909672
7,30.0,200.0,10.0,56,2032291105,6.679580240015639,26.00000000000001,-0.6100478294190974
7,30.0,200.0,10.0,57,2032291105,6.479580240015622,26.00000000000001,-0.6100478294190974
7,30.0,200.0,10.0,58,2032291105,4.179580240015639,27.99999999999999,-0.11004782941909672
7,30.0,200.0,10.0,59,2032291105,6.779580240015633,26.00000000000001,-0.11004782941909672
7,30.0,200.0,10.0,60,2032291105,6.679580240015639,26.00000000000001,-0.11004782941909672
7,30.0,200.0,10.0,61,2032291105,5.279580240015633,27.499999999999993,-0.11004782941909672
7,30.0,200.0,10.0,62,2032291105,6.079580240015616,26.500000000000007,-0.6100478294190974
7,30.0,200.0,10.0,63,2032291105,5.079580240015645,27.499999999999993,-0.6100478294190974
7,30.0,200.0,10.0,64,2032291105,6.779580240015633,26.00000000000001,-0.6100478294190974
7,30.0,200.0,10.0,65,2032291105,5.979580240015622,26.500000000000007,-0.6100478294190974
7,30.0,200.0,10.0,66,2032291105,5.679580240015639,26.500000000000007,-0.11004782941909672
7,30.0,200.0,10.0,67,2032291105,5.379580240015628,27.499999999999993,-0.6100478294190974
7,30.0,200.0,10.0,68,2032291105,6.679580240015639,26.500000000000007,-0.11004782941909672
7,30.0,200.0,10.0,69,2032291105,5.879580240015628,26.500000000000007,-0.6100478294190974
7,30.0,200.0,10.0,70,2032291105,5.979580240015622,27.0,-0.11004782941909672
7,30.0,200.0,10.0,71,2032291105,5.779580240015633,27.0,-0.11004782941909672
7,30.0,200.0,10.0,72,2032291105,5.579580240015616,27.0,-0.6100478294190974
7,30.0,200.0,10.0,73,2032291105,6.479580240015622,26.500000000000007,-0.6100478294190974
7,30.0,200.0,10.0,74,2032291105,5.379580240015628,27.0,-0.6100478294190974
7,30.0,200.0,10.0,75,2032291105,5.279580240015633,27.499999999999993,-0.11004782941909672
7,30.0,200.0,10.0,76,2032291105,6.579580240015616,26.500000000000007,-0.6100478294190974
7,30.0,200.0,10.0,77,2032291105,6.579580240015616,26.00000000000001,-0.11004782941909672
7,30.0,200.0,10.0,78,2032291105,5.379580240015628,27.499999999999993,-0.11004782941909672
7,30.0,200.0,10.0,79,2032291105,5.779580240015633,27.0,-0.11004782941909672
7,30.0,200.0,10.0,80,2032291105,5.179580240015639,27.0,-0.11004782941909672
7,30.0,200.0,10.0,81,2032291105,5.279580240015633,27.499999999999993,-0.11004782941909672
7,30.0,200.0,10.0,82,2032291105,5.479580240015622,27.499999999999993,-0.6100478294190974
7,30.0,200.0,10.0,83,2032291105,6.379580240015628,26.00000000000001,-0.11004782941909672
7,30.0,200.0,10.0,84,2032291105,5.379580240015628,27.0,-0.11004782941909672
7,30.0,200.0,10.0,85,2032291105,6.379580240015628,26.500000000000007,-0.11004782941909672
7,30.0,200.0,10.0,86,2032291105,5.779580240015633,27.499999999999993,-0.11004782941909672
7,30.0,200.0,10.0,87,2032291105,5.279580240015633,27.499999999999993,0.389952170580904
7,30.0,200.0,10.0,88,2032291105,7.479580240015622,25.499999999999993,-0.6100478294190974
7,30.0,200.0,10.0,89,2032291105,6.279580240015633,26.500000000000007,-0.11004782941909672
7,30.0,200.0,10.0,90,2032291105,6.779580240015633,26.00000000000001,-0.6100478294190974
7,30.0,200.0,10.0,91,2032291105,5.879580240015628,27.0,-0.6100478294190974
7,30.0,200.0,10.0,92,2032291105,4.679580240015639,27.99999999999999,-0.11004782941909672
7,30.0,200.0,10.0,93,2032291105,5.979580240015622,27.0,-0.11004782941909672
7,30.0,200.0,10.0,94,2032291105,5.879580240015628,27.0,-0.6100478294190974
7,30.0,200.0,10.0,95,2032291105,5.879580240015628,26.500000000000007,-0.6100478294190974
7,30.0,200.0,10.0,96,2032291105,6.979580240015622,26.00000000000001,-0.11004782941909672
7,30.0,200.0,10.0,97,2032291105,6.279580240015633,26.500000000000007,-0.11004782941909672
7,30.0,200.0,10.0,98,2032291105,5.379580240015628,27.0,-0.11004782941909672
7,30.0,200.0,10.0,99,2032291105,6.379580240015628,26.00000000000001,-0.6100478294190974
7,30.0,200.0,10.0,100,2032291105,6.579580240015616,26.500000000000007,-0.11004782941909672
7,30.0,200.0,10.0,101,2032291105,5.979580240015622,26.500000000000007,-0.6100478294190974
7,30.0,200.0,10.0,102,2032291105,6.479580240015622,26.500000000000007,-0.11004782941909672
7,30.0,200.0,10.0,103,2032291105,6.279580240015633,26.00000000000001,-0.11004782941909672
7,30.0,200.0,10.0,104,2032291105,5.879580240015628,26.500000000000007,-0.11004782941909672
7,30.0,200.0,10.0,105,2032291105,8.079580240015616,24.999999999999996,-0.11004782941909672
7,30.0,200.0,10.0,106,2032291105,6.279580240015633,26.500000000000007,-0.6100478294190974
7,30.0,200.0,10.0,107,2032291105,6.479580240015622,26.00000000000001,-0.11004782941909672
7,30.0,200.0,10.0,108,2032291105,6.579580240015616,26.00000000000001,-0.11004782941909672
7,30.0,200.0,10.0,109,2032291105,6.379580240015628,26.500000000000007,-0.6100478294190974
7,30.0,200.0,10.0,110,2032291105,5.079580240015645,27.499999999999993,-1.1100478294190965
7,30.0,200.0,10.0,111,2032291105,7.679580240015611,25.499999999999993,-0.6100478294190974
7,30.0,200.0,10.0,112,2032291105,6.379580240015628,26.500000000000007,-0.11004782941909672
7,30.0,200.0,10.0,113,2032291105,5.879580240015628,27.0,-0.11004782941909672
7,30.0,200.0,10.0,114,2032291105,5.479580240015622,27.499999999999993,-0.6100478294190974
7,30.0,200.0,10.0,115,2032291105,7.379580240015628,25.499999999999993,-0.11004782941909672
7,30.0,200.0,10.0,116,2032291105,6.279580240015633,26.500000000000007,-0.6100478294190974
7,30.0,200.0,10.0,117,2032291105,6.479580240015622,26.00000000000001,-0.11004782941909672
7,30.0,200.0,10.0,118,2032291105,7.379580240015628,25.499999999999993,-0.11004782941909672
7,30.0,200.0,10.0,119,2032291105,5.779580240015633,27.0,-0.11004782941909672
7,30.0,200.0,10.0,120,2032291105,7.579580240015616,25.499999999999993,-0.6100478294190974
7,30.0,200.0,10.0,121,2032291105,6.479580240015622,26.00000000000001,-0.11004782941909672
7,30.0,200.0,10.0,122,2032291105,6.179580240015639,26.500000000000007,-0.11004782941909672
7,30.0,200.0,10.0,123,2032291105,6.379580240015628,26.500000000000007,-0.11004782941909672
7,30.0,200.0,10.0,124,2032291105,5.779580240015633,27.0,-0.11004782941909672
7,30.0,200.0,10.0,125,2032291105,7.079580240015616,25.499999999999993,-0.11004782941909672
7,30.0,200.0,10.0,126,2032291105,4.979580240015622,27.499999999999993,-0.6100478294190974
7,30.0,200.0,10.0,127,2032291105,6.379580240015628,26.00000000000001,-0.6100478294190974
7,30.0,200.0,10.0,128,2032291105,6.579580240015616,26.00000000000001,-0.6100478294190974
7,30.0,200.0,10.0,129,2032291105,3.679580240015639,28.500000000000007,-0.11004782941909672
7,30.0,200.0,10.0,130,2032291105,7.179580240015639,26.00000000000001,-0.11004782941909672
7,30.0,200.0,10.0,131,2032291105,6.379580240015628,26.500000000000007,-0.6100478294190974
7,30.0,200.0,10.0,132,2032291105,5.179580240015639,27.499999999999993,-0.11004782941909672
7,30.0,200.0,10.0,133,2032291105,7.579580240015616,25.499999999999993,-0.11004782941909672
7,30.0,200.0,10.0,134,2032291105,5.479580240015622,27.499999999999993,-0.11004782941909672
7,30.0,200.0,10.0,135,2032291105,5.979580240015622,26.500000000000007,-0.6100478294190974
7,30.0,200.0,10.0,136,2032291105,4.979580240015622,27.99999999999999,-0.11004782941909672
7,30.0,200.0,10.0,137,2032291105,8.079580240015616,24.999999999999996,-0.11004782941909672
7,30.0,200.0,10.0,138,2032291105,5.979580240015622,27.0,-0.11004782941909672
7,30.0,200.0,10.0,139,2032291105,6.579580240015616,26.500000000000007,-0.6100478294190974
7,30.0,200.0,10.0,140,2032291105,6.579580240015616,26.500000000000007,-0.11004782941909672
7,30.0,200.0,10.0,141,2032291105,7.079580240015616,26.00000000000001,-0.6100478294190974
7,30.0,200.0,10.0,142,2032291105,5.279580240015633,27.499999999999993,-0.11004782941909672
7,30.0,200.0,10.0,143,2032291105,6.779580240015633,26.00000000000001,-0.6100478294190974
7,30.0,200.0,10.0,144,2032291105,5.279580240015633,27.499999999999993,-0.11004782941909672
7,30.0,200.0,10.0,145,2032291105,5.579580240015616,27.499999999999993,-0.11004782941909672
7,30.0,200.0,10.0,146,2032291105,5.879580240015628,27.0,-0.11004782941909672
7,30.0,200.0,10.0,147,2032291105,5.079580240015645,27.499999999999993,-0.6100478294190974
7,30.0,200.0,10.0,148,2032291105,7.079580240015616,26.00000000000001,-0.6100478294190974
7,30.0,200.0,10.0,149,2032291105,6.479580240015622,26.500000000000007,-0.11004782941909672
7,30.0,200.0,10.0,150,2032291105,5.279580240015633,27.0,-0.6100478294190974
7,30.0,200.0,10.0,151,2032291105,6.079580240015616,27.0,-0.11004782941909672
7,30.0,200.0,10.0,152,2032291105,3.7795802400156333,28.500000000000007,-0.11004782941909672
7,30.0,200.0,10.0,153,2032291105,5.379580240015628,27.0,-0.6100478294190974
7,30.0,200.0,10.0,154,2032291105,7.479580240015622,25.499999999999993,-0.6100478294190974
7,30.0,200.0,10.0,155,2032291105,6.979580240015622,26.00000000000001,-0.11004782941909672
7,30.0,200.0,10.0,156,2032291105,5.879580240015628,26.500000000000007,-0.11004782941909672
7,30.0,200.0,10.0,157,2032291105,6.679580240015639,26.500000000000007,-0.11004782941909672
7,30.0,200.0,10.0,158,2032291105,4.879580240015628,27.99999999999999,-0.6100478294190974
7,30.0,200.0,10.0,159,2032291105,6.279580240015633,26.500000000000007,-0.6100478294190974
7,30.0,200.0,10.0,160,2032291105,7.479580240015622,25.499999999999993,-0.11004782941909672
7,30.0,200.0,10.0,161,2032291105,6.979580240015622,26.00000000000001,-0.11004782941909672
7,30.0,200.0,10.0,162,2032291105,5.179580240015639,27.499999999999993,-0.11004782941909672
7,30.0,200.0,10.0,163,2032291105,6.079580240015616,26.500000000000007,-0.6100478294190974
7,30.0,200.0,10.0,164,2032291105,5.379580240015628,27.0,-0.11004782941909672
7,30.0,200.0,10.0,165,2032291105,6.279580240015633,26.500000000000007,-0.6100478294190974
7,30.0,200.0,10.0,166,2032291105,6.679580240015639,26.00000000000001,-0.11004782941909672
7,30.0,200.0,10.0,167,2032291105,6.979580240015622,26.00000000000001,-0.11004782941909672
7,30.0,200.0,10.0,168,2032291105,7.279580240015633,25.499999999999993,-0.6100478294190974
7,30.0,200.0,10.0,169,2032291105,6.779580240015633,26.00000000000001,-0.6100478294190974
7,30.0,200.0,10.0,170,2032291105,5.679580240015639,27.0,-0.6100478294190974
7,30.0,200.0,10.0,171,2032291105,6.279580240015633,26.500000000000007,-0.11004782941909672
7,30.0,200.0,10.0,172,2032291105,6.279580240015633,26.500000000000007,-0.6100478294190974
7,30.0,200.0,10.0,173,2032291105,5.279580240015633,27.0,-0.6100478294190974
7,30.0,200.0,10.0,174,2032291105,6.879580240015628,26.00000000000001,-0.11004782941909672
7,30.0,200.0,10.0,175,2032291105,4.579580240015645,27.99999999999999,0.389952170580904
7,30.0,200.0,10.0,176,2032291105,5.979580240015622,27.0,-0.11004782941909672
7,30.0,200.0,10.0,177,2032291105,5.979580240015622,26.500000000000007,-0.6100478294190974
7,30.0,200.0,10.0,178,2032291105,6.179580240015639,26.500000000000007,-0.11004782941909672
7,30.0,200.0,10.0,179,2032291105,5.479580240015622,27.0,0.389952170580904
7,30.0,200.0,10.0,180,2032291105,6.579580240015616,26.500000000000007,-0.6100478294190974
7,30.0,200.0,10.0,181,2032291105,6.079580240015616,27.0,-0.11004782941909672
7,30.0,200.0,10.0,182,2032291105,6.879580240015628,26.500000000000007,-0.6100478294190974
7,30.0,200.0,10.0,183,2032291105,6.579580240015616,26.500000000000007,-0.11004782941909672
7,30.0,200.0,10.0,184,2032291105,6.579580240015616,26.500000000000007,-0.11004782941909672
7,30.0,200.0,10.0,185,2032291105,5.079580240015645,27.499999999999993,-0.11004782941909672
7,30.0,200.0,10.0,186,2032291105,6.279580240015633,26.00000000000001,-0.11004782941909672
7,30.0,200.0,10.0,187,2032291105,5.479580240015622,27.0,-0.11004782941909672
7,30.0,200.0,10.0,188,2032291105,5.779580240015633,27.0,-0.11004782941909672
7,30.0,200.0,10.0,189,2032291105,6.279580240015633,26.500000000000007,-0.11004782941909672
7,30.0,200.0,10.0,190,2032291105,6.679580240015639,26.00000000000001,-0.11004782941909672
7,30.0,200.0,10.0,191,2032291105,7.279580240015633,25.499999999999993,-0.6100478294190974
7,30.0,200.0,10.0,192,2032291105,5.579580240015616,27.0,-0.11004782941909672
7,30.0,200.0,10.0,193,2032291105,6.479580240015622,26.500000000000007,-0.6100478294190974
7,30.0,200.0,10.0,194,2032291105,6.279580240015633,26.500000000000007,-0.6100478294190974
7,30.0,200.0,10.0,195,2032291105,6.379580240015628,26.00000000000001,-0.6100478294190974
7,30.0,200.0,10.0,196,2032291105,5.979580240015622,27.0,-0.11004782941909672
7,30.0,200.0,10.0,197,2032291105,5.179580240015639,27.499999999999993,-0.6100478294190974
7,30.0,200.0,10.0,198,2032291105,5.679580240015639,27.0,-0.11004782941909672
7,30.0,200.0,10.0,199,2032291105,6.179580240015639,26.500000000000007,0.389952170580904
