cell_id,realization,rf_error_3d_m,joint_error_3d_m,rf_error_z_m,joint_error_z_m
0,0,2.544066064500813,2.4847285782153032,2.344040159866033,2.1009735430215146
0,1,1.2287976337490172,1.1399543702557953,0.667284667921507,0.7596615172490946
0,2,0.6648808304361641,0.42335869575102447,0.04473294898944147,0.3808384262408404
0,3,1.4897301614367724,1.281934532668608,1.4849862217329743,0.9446617874292261
0,4,1.1354097636251848,0.8546874943084536,0.10972875734881526,0.2926381007944949
0,5,1.3792985123392905,1.089068790641319,1.3554252795674806,0.7925548713597752
0,6,1.2422605040696768,1.0736575309771912,0.41504161163946307,0.6348944384113474
0,7,0.7778954270145445,0.8693971858169657,0.6227258580113642,0.5547039946568528
0,8,2.3189952258434885,1.2437176614592682,2.0746442295587,1.1833537632785673
0,9,0.4483337728022158,0.4481299519202516,0.17890180749198237,0.2052345612435269
0,10,1.2046768678797262,0.8105982640952701,1.0998400202886067,0.763835951342012
0,11,3.377403095554349,3.3818783261210283,2.6910112221067948,2.850296051107823
0,12,1.0861089455755069,0.4863732451809567,0.8722164216709132,0.4761432277875437
0,13,0.6434762079737144,0.4838239680340103,0.11760232474685495,0.2647152610027901
0,14,0.6652925972727866,0.6775241617738976,0.6122295811456908,0.6186844758040357
0,15,3.2989623562486994,2.2393834869916986,3.1824400242197264,2.1092955403940175
0,16,1.26699768526732,1.2024964847047277,0.7562323544625187,0.9117797124625451
0,17,1.5003702901871816,1.3952770306503064,0.8454756726581074,1.1865940600629163
0,18,0.6522691883472511,0.4328544057883038,0.429120448631501,0.16634763760266136
0,19,1.4430995999580964,1.0640226579130496,0.33773012458951257,0.8098571405071708
0,20,0.26061222696637654,0.24900162971353465,0.24344242025925666,0.1640611860886989
0,21,0.8714812520948552,0.7921456290471399,0.48747885425102666,0.599909080707655
0,22,0.8171949561253301,0.8698961944269179,0.27665014880467353,0.11820804557618558
0,23,1.2431612885459273,0.6490763227600498,1.0718463694167824,0.5678883754330656
0,24,1.3964555552886309,1.2754449318925032,1.3367731356755996,1.177594230121659
0,25,0.49719612883680425,0.3602134905394176,0.07608091799483674,0.3497560962669011
0,26,1.0781240460142894,0.9749964413231166,0.4834271503620293,0.7108331031337335
0,27,1.4310574188739005,1.1638147579397358,0.9765458985624846,1.0144455107818617
0,28,1.5255509612284959,1.3995304811715947,0.8074138532086188,1.0467645402811785
0,29,0.3122292870072776,0.4261155793062121,0.3091010866470931,0.22678698581056977
0,30,1.3625216126768098,0.3461199202160018,0.8054618285038231,0.17000560301292
0,31,2.954216073142351,2.936302942397756,2.6059080038945233,2.490948226367298
0,32,3.3724724905854404,3.2689796065809875,3.192722719422825,2.8996903973020305
0,33,1.502992717580474,1.3490771615309505,1.3512545258208561,1.156463630208855
0,34,0.6032011087069117,0.5165231362363671,0.12522757920317673,0.18390346071026964
0,35,2.123592217114142,2.1075274410397364,1.917405019536755,1.7112089384263736
0,36,1.9703143557763694,1.5947331578476054,1.8921756521141475,1.343070866017885
0,37,1.6392104772510685,1.5679783309354096,1.075740970044091,1.395448368957009
0,38,2.1272102663414287,2.152887717838198,1.659003528137994,1.7592082645511646
0,39,1.583868209242758,1.4675241056687922,1.4712354772632317,1.335171686653675
0,40,1.295770402087522,0.9227165697829248,0.24121135646168668,0.6313114220008296
0,41,0.7594918521100424,0.5794216340281548,0.7028579594156987,0.3210276709871742
0,42,0.710679271468599,0.4554669223492305,0.3622234693750208,0.03869009380627242
0,43,0.9015912876011225,1.0294322383238605,0.7865658348896538,0.5523895917212998
0,44,2.394824803100148,2.337456084590906,1.5526923390832081,2.079952799066579
0,45,0.8838398523736044,0.7484722742574997,0.19070764449272204,0.3700296063110122
0,46,2.2000138481048577,1.444437071486569,0.23112675702473595,1.1120921136576452
0,47,0.6232009206991582,0.5025741341463216,0.07188199998933698,0.2779523660888856
0,48,2.890200220165254,2.661366551222228,2.4424855472370908,2.2019121062939413
0,49,1.0124022298488065,0.9324267590551345,0.8724420620872522,0.6651334958351303
0,50,0.9643820074400985,0.5855341154091107,0.8151452960927976,0.5670270707044224
0,51,2.557069782206706,2.5296817362027726,2.303219815993984,2.0876993547584073
0,52,1.4661663623857117,0.4909904229139962,0.5330316681315317,0.0753029888996517
0,53,0.9899845878166954,0.7755768769991453,0.9869191485826292,0.5663517229304332
0,54,2.869188439655863,2.6020594069627934,2.843667633857482,2.370335769719576
0,55,1.942083060321483,1.503959991030674,1.8790649104119161,0.9160595779343073
0,56,0.6366919647924086,0.30027491383272814,0.39331334033746046,0.23034936619943447
0,57,0.9852696404485238,0.9682019560402649,0.9053780296461724,0.9329106697715686
0,58,1.5349365939951778,1.5337045772079865,1.2336976871452343,1.2244610333638482
0,59,1.5734983745115252,0.6189172318860862,0.5455259156093888,0.07568746367433521
0,60,2.605269132709891,2.571314649381249,2.308347309245505,2.0974395571202877
0,61,1.6009397127448615,1.6268981304765124,1.342030932624997,1.496030247336245
0,62,2.3850180904948157,2.4005802892991452,1.843274246719762,1.8880257374388472
0,63,1.2084065849977736,0.4167620665617293,0.3521586961346408,0.11312830139008923
0,64,1.3425081066900435,1.257234872305566,0.6590768248622716,0.7804786618665633
0,65,0.35779489657937297,0.5237642557087966,0.23173843370019753,0.37232200558001427
0,66,1.525493967270041,1.5392669807409811,1.4351659579293106,1.3087173449025036
0,67,3.5826119767316182,3.4415349857840036,2.1140301621519093,2.518737185156438
0,68,2.589793074872112,2.42435255892714,1.4147840355414658,1.7916556051531445
0,69,2.200897387028677,2.113133252262006,2.104628922810363,1.5680583257637926
0,70,1.327975512420387,1.3496564140459308,1.0352349286307323,0.8709481486211057
0,71,1.8203101876095011,1.1130494083776201,0.023956470837280364,0.7468894476360979
0,72,1.7356633752661685,1.533291404966528,0.5955325178800841,0.882201611263191
0,73,1.240922928567942,1.2329545791950114,0.93043404956601,1.0222861997805301
0,74,2.416596177855262,1.2465232800587582,2.106884624119772,1.2142983321384373
0,75,0.8908962389051643,0.33332975297149664,0.4244652492272323,0.049160179451804176
0,76,1.007452161774653,0.5860574493319798,0.48300033599756986,0.38685100358059854
0,77,1.6583001762868126,1.4246937310761523,1.563102278850625,1.2510698361193398
0,78,3.2026645687869286,3.1828546082759375,2.805971583618188,2.7066926504638555
0,79,1.1570071194433413,0.6534749136293646,0.8535908287093328,0.564261210657952
0,80,0.6427116848561951,0.7152504085229658,0.2755418769741276,0.3669414943791338
0,81,1.859056532095985,1.7967091306844263,1.170602861896512,1.2974664733750338
0,82,2.130072746295263,1.9756316115921604,2.0484261583211634,1.5991296419124983
0,83,1.9660793398767265,1.8463897998870968,1.85466118811474,1.512533818523608
0,84,0.6384805774802932,0.2974429105910876,0.446708657638883,0.22506710155740062
0,85,3.008825218481576,2.7931436051541865,2.842428648079075,2.4845943718154384
0,86,1.758429369031735,1.7606186020333066,1.3114309717888837,1.2836469092634717
0,87,2.420319587669197,1.960469326486882,2.203274548123453,1.5382289964135127
0,88,2.1184539721398195,1.9109925799920233,2.062915044889138,1.5831169274254238
0,89,0.3463021116291798,0.2233491322270515,0.016428035674852737,0.08718757860373594
0,90,1.2689102710914695,1.2027837062045803,1.2320658706542815,1.0514843892770975
0,91,1.4654026423944189,1.0802260433284459,0.9578421881497583,0.840446033478147
0,92,1.800903559184619,1.4338063783596104,1.7800695395828399,1.3363896261904178
0,93,2.070573222947989,1.7268755110776997,2.0695175750386703,1.4055299453398176
0,94,2.006741096091662,1.8543561239835027,1.9660500606338616,1.6326241468068803
0,95,3.4588274881591627,3.293676401581113,2.1376464426696273,2.63455679013075
0,96,1.235972973447303,0.9602545208812453,1.1959510839209102,0.9472518516523442
0,97,0.46837187982524836,0.4905617334925172,0.24845026594087827,0.3022910095040394
0,98,1.6593479062323866,1.6301126391243927,1.0218009379613875,1.4931424674481817
0,99,4.125804080101552,3.933425005640642,3.831428309042142,3.35248442705538
0,100,2.6617833175635304,2.6947988285970523,2.121948983325751,2.3802273216127507
0,101,1.029921816495643,0.8606793420802167,0.5913842989340239,0.5127411790161479
0,102,0.9038687053312051,0.5505947739242862,0.8551639650618164,0.3964431535816244
0,103,1.0817883221254698,0.9743307231658926,0.9607544547966285,0.7562757964082405
0,104,1.7419240155586047,1.300774092673071,1.433006786311843,1.2201978480948972
0,105,1.2590946800890088,0.061287611208490446,0.7190734835481862,0.02811751942987839
0,106,2.1520716623116147,1.6742227638753413,0.6029080042236608,1.231540272396832
0,107,1.186411741382281,0.947404629549861,0.3681938931693054,0.7558922404908457
0,108,3.2107561494032724,2.9226312823080725,3.1918650807489506,2.738303032665077
0,109,2.997682355099997,2.985644302897935,2.2334721661941295,2.417607708554054
0,110,2.047601619739831,1.868341841288977,1.0967082428600428,1.5149150254614123
0,111,1.5802681749883702,1.500019668827053,1.4995533628947761,1.2445462938581582
0,112,2.0857640431388202,1.7938379345182511,0.8641350964378773,1.341628637301186
0,113,1.6849634799476747,1.1692310482023824,1.553986160948945,0.9383799267740967
0,114,0.15270952362232076,0.129203610825843,0.0434595148324739,0.01943343671317921
0,115,0.9707782771975667,0.9541350205052503,0.3648816062200524,0.41005768495611994
0,116,2.039091723336146,1.9625718163977768,1.5895201497229223,1.4696444926375252
0,117,2.03936749034002,0.7945945305391647,0.808907353286596,0.06287795084514647
0,118,2.071006556388057,1.4544065331197085,0.3323389905625902,0.8895251191501412
0,119,0.9055572964807213,0.8544915683273598,0.7520725494119418,0.6888023103154757
0,120,1.664262335290503,1.5887365405063782,1.563418613979458,1.350806425013656
0,121,1.1148132323626792,1.118144373411068,0.8518265561243616,1.008724559949194
0,122,1.4664412342186537,0.7663933823649144,1.2161434391791488,0.5558507779571022
0,123,0.9593568066946774,0.7432512194695444,0.22119816021972483,0.5594131006245422
0,124,0.43137150772266286,0.24118835727586982,0.3433974224322256,0.1645830649854807
0,125,0.3553673102283022,0.35023077516768125,0.09626243085429564,0.2242046973229892
0,126,2.449208103997583,2.3780417605910014,2.3637630369125624,1.5603947866620669
0,127,2.399200636746608,2.3668316871458495,1.7517312985397915,1.9161296413497122
0,128,0.5617543399311743,0.517627778549475,0.3255314959207958,0.4047009421359731
0,129,1.2663840704108489,0.9735740029394085,0.2543312223222607,0.6556567770292352
0,130,2.2242263049777704,2.22014671502871,1.9626501328210963,1.4027561737508507
0,131,1.8909199306527982,1.7091626829914564,0.93133551500609,1.2673878673479626
0,132,1.5153877268162395,1.372650547567181,1.0788441656952088,0.9765302141301598
0,133,1.5952408006494736,1.5481249932169197,1.0321779105817228,1.234516136190333
0,134,1.6323230617810183,0.48154992352254256,1.1801737585751049,0.42848594673955476
0,135,1.94788517038248,1.9268929181642938,1.7238434226973425,1.344818087541293
0,136,1.4760073498052615,1.3913351691845195,1.0682700871213058,1.0695416248180474
0,137,1.459350995727291,1.330328746440235,1.3505330171830359,1.0797287466037602
0,138,3.516755045406314,3.516177834759089,2.924422366384558,2.770069400278315
0,139,3.753148004640021,3.69059664716153,3.372293676925338,3.168764001537477
0,140,0.6876045567932467,0.6509323696176768,0.6386540474689326,0.40686884303199267
0,141,0.27181398306264265,0.4239607107804078,0.03807999545205831,0.18325762731118234
0,142,1.556243855882226,0.9915894486422325,1.4839627248252256,0.6640473929881994
0,143,2.633147759280199,2.5161871039064274,2.4482585677819095,2.2551897572379356
0,144,0.1554788088894291,0.12309172746229718,0.026071109045130214,0.0026468467863489664
0,145,0.684085822681684,0.21929039467645964,0.48318562598103654,0.11432615257851464
0,146,2.9252794664067405,2.828389995302477,1.8872475687516008,2.2506706573934037
0,147,1.345492031050016,1.2709057105133397,1.2861081999257848,0.9440932275295302
0,148,0.66355652952985,0.6074762150378566,0.3364067570278486,0.5026557849481756
0,149,1.9539678798926257,1.9135586574680568,1.7963561955753669,1.417719399569702
0,150,2.1063666517590147,1.717775611317396,1.0647732539689727,1.3586291482221764
0,151,1.7096008320304785,1.6585023767657399,1.3781130585050434,1.4995871674928964
0,152,2.9984215509516687,2.867185446093568,2.8599293004075044,2.3369894937826747
0,153,2.2739533322332472,2.2639639794651627,2.082457847568417,1.6094276245249899
0,154,1.1233827592307235,0.799946300762853,0.6788212051273597,0.47675158806993356
0,155,0.5778545598493116,0.5033204149965492,0.011557705739342339,0.008983908920254136
0,156,2.5550551669991792,2.0393579515775526,2.4771364549224266,1.8812460756317235
0,157,2.506583736951331,2.327996085109608,2.443110412662712,1.9496919104946593
0,158,0.661764643952773,0.4482760983470421,0.028805297452457523,0.442607693182125
0,159,1.844890027447379,1.5076019859467484,0.6283758796106902,1.2014677449961502
0,160,2.9071600922631355,2.8790601586197173,2.6429981991446354,2.6151193190505415
0,161,0.7381748904170602,0.6456255998534733,0.02380823463190751,0.547571894123879
0,162,0.73801244229862,0.7699406958731404,0.6881149483768247,0.7659809754072671
0,163,1.1848131970062707,1.1598274550608307,0.6218961702991201,0.6769371223041233
0,164,1.3788236244578818,1.0457320223795583,1.225178935210998,0.9625998249751503
0,165,1.8637500038775563,1.5805066508109038,1.7812049812338309,1.240394550101409
0,166,1.0450891447754735,0.9162993801411374,0.26926385999500724,0.39019834403081965
0,167,1.2865967093596997,0.8489581300639613,0.20680559911333418,0.7844279446620961
0,168,1.6882294687277473,1.6197297611138382,1.5475382904067239,1.3871889568123463
0,169,1.958928603601808,1.896154582357666,1.5071325594328755,1.264227084995038
0,170,1.2139585854578234,1.196947691245214,0.9834255412730926,0.9301412744797157
0,171,0.7935931680890479,0.801185557795001,0.530202222478767,0.21326041857344635
0,172,3.8061637445902403,3.76208855730978,3.319540542650028,2.9624598598479697
0,173,2.0500591713237184,1.9676107403090097,1.9363721487550656,1.602921241695267
0,174,1.088729714023229,0.6436224962585343,0.9523566281724563,0.6336934962280883
0,175,1.6482763490888157,1.6527793044802621,1.291153206586106,1.261085552770341
0,176,1.119077409525405,1.1706717945780942,0.9931262020783578,1.1207230324483153
0,177,1.009262346251718,1.0414718818619333,0.9253986573006436,1.0164101618177552
0,178,3.1899607695216208,3.1579052437072854,2.415084473147644,2.722557625562711
0,179,0.9895840788704142,0.6400416359997952,0.2320729291541923,0.01683107870175804
0,180,1.3298101424816327,1.2672656150792134,1.0012203041877221,1.0571341109775851
0,181,1.471632022768507,1.431681022452632,1.2256838791074216,1.2857183654083357
0,182,2.0740726853382854,1.9144307246686982,1.8455417551378268,1.6847341702870953
0,183,1.9084206298446804,1.8307014179771808,1.7226421588039216,1.5404426463777343
0,184,1.036928843987209,0.9135325183034265,0.4865136093685898,0.6296981964376629
0,185,3.0222160447017523,2.8235140807867043,2.782446663049001,2.3398822157433274
0,186,1.476181829902438,0.5987129303376943,1.157745105349175,0.4958999309962573
0,187,0.7719525697177263,0.7441387319708295,0.5403234104627117,0.5608877916560573
0,188,2.3643968037072787,2.259696063636331,1.549145386310851,1.7082020022553008
0,189,3.171751100649619,3.1939650184973094,2.6325490913271636,2.379134625169825
0,190,1.553080585854218,1.3939400071966244,1.2312077588652564,0.7860288080496991
0,191,2.458407922111379,2.1185719558170057,2.3675675650026555,1.8182911723144568
0,192,0.9944797816948275,0.9378971503011861,0.7470131312477619,0.7070222607514293
0,193,1.330045641392427,1.337846912659392,1.100621926138178,1.1327018388407462
0,194,1.2888798374164228,1.0431128144377915,1.2581142775732914,0.8662734633780209
0,195,2.362905290026259,2.3646363634041507,1.8584827605296432,2.107140981939928
0,196,1.5292567446381966,1.5461146929783356,1.255833517890558,1.0514744943207959
0,197,1.1196772120652962,0.11829865770557872,0.677229866237397,0.09281261207146074
0,198,0.8990097026182752,0.7024988093759389,0.20238145516643868,0.02542109916135149
0,199,0.9634840004054349,0.7207683053810466,0.19595263921773665,0.665336830396511
1,0,5.615981467207812,3.369955332742172,0.005493659233863468,1.3942892647566008
1,1,4.004946954644521,1.3062416246082669,1.6821583861535885,0.545003429152624
1,2,2.1379451186039566,0.9467546446734143,0.7085775355594421,0.0907822806364127
1,3,5.263857674455672,3.1660596596961863,1.2488499718381547,2.635529666609058
1,4,3.3886627525531465,2.5304347768481765,1.8698321631014068,1.8103433219592517
1,5,2.9348500799492636,0.7212749734643547,0.5486151213283676,0.5570857368723442
1,6,5.382943577279011,2.8425273680232572,3.4387528734262816,2.200220936112257
1,7,4.458280595416795,2.589314633183245,1.0695525438890314,1.5294670350482147
1,8,2.7625764901397982,1.8329626686358462,0.6923636900811658,1.12502912481509
1,9,3.3083715025364286,2.2376522406746298,1.5327964725483412,1.3024534064639095
1,10,4.256696219728395,1.173768242526355,2.669892771263733,0.38681870040444966
1,11,3.3094016896206364,1.7170404028531667,0.18820561343383702,1.5574916306628723
1,12,3.640329211127856,2.9566999436349644,1.892740686535376,2.6576719636416497
1,13,4.435995465211098,1.9185820390696717,2.8213449399739687,1.753927918447776
1,14,3.534507099167032,2.153207742931367,0.5798429935576621,1.5029300291531347
1,15,6.418132056172506,3.782217276169594,2.5932759372214775,3.1693580111972413
1,16,3.144518509627861,3.192580879077699,1.9695515182242929,1.9466603043013184
1,17,2.7894329853501945,1.8168128982326568,1.279487173425963,1.7511382149856174
1,18,3.1752100734147835,1.6453261264019021,0.2044310796831752,0.9316981019492406
1,19,1.2869588762598916,0.8801514963482556,0.7538278758725312,0.3149169731543964
1,20,1.9013905271033529,0.42078519760504524,0.4107880495256069,0.02764765803877256
1,21,7.409973467941035,2.8685630947980596,5.259420450313243,2.8117529452602144
1,22,2.3272213778663486,1.1545648970122797,0.1695819673413297,0.9176216442339804
1,23,5.34747738022029,2.835016704980494,3.2686011536674613,2.4257805638610295
1,24,5.967064667796747,5.430866231485981,4.8222730728032985,5.251517387334079
1,25,2.5401652850220553,0.785446754923319,1.3248752351006914,0.12147694210435622
1,26,4.848325187522657,1.5198853346452292,1.310300876425643,0.48613337100255083
1,27,2.882839596768827,1.932085071502793,1.8392504290074498,1.2278981637939068
1,28,5.431344400710068,1.8153076045022338,0.8893753167969578,0.7282755472553738
1,29,6.171752223727233,4.254712777492252,3.345220047894486,3.35314807877663
1,30,2.5515973321568017,1.5729542716715224,0.8556834299524638,0.9094501203062477
1,31,3.629147868963419,2.138120896315486,1.9041295924521506,1.4501037760596558
1,32,3.295351901508893,1.3304704284770255,0.06688227148720216,0.32031859838679755
1,33,2.388886804479629,1.2316615131949267,0.5431634971865122,1.132878295665303
1,34,3.844996389653575,1.6790869732480467,0.07175916409745753,1.2392804662185988
1,35,2.02915841251251,1.1268128203483012,0.016666720869409346,0.48826264652736096
1,36,7.14965435821769,5.2399307090597995,4.169477717088839,3.547887884869721
1,37,5.590477741335729,3.0768301804519314,0.3430322831566315,1.9076041112123971
1,38,2.365378495496803,0.5196459173622398,1.067976487472734,0.16013983705291301
1,39,2.741089199852569,1.027789115941801,0.6891380131443157,0.12476612303978629
1,40,5.597836506966901,4.216337574175234,3.2799604364401915,3.262952421554565
1,41,4.628406224158188,2.4857583397233136,1.7724255500658046,0.8873034084384488
1,42,4.5563104004881865,2.0022640808006513,2.5848627003328772,1.480579629283809
1,43,2.7667209381528024,0.9206145949504494,0.06239825043864755,0.00125440547650002
1,44,0.9508654530160068,0.9943465618751365,0.5085943824334151,0.4550137623064099
1,45,2.8979840230721567,1.5489016094001171,1.3052624719213526,0.5358565380723679
1,46,3.3422051366224172,1.9503296441068907,0.2606608022642547,0.8464677890285355
1,47,3.619874542263764,2.3106110673195404,0.7740374742369198,0.2595075081339704
1,48,2.7386787532107957,1.6413950204299352,0.9006197822767348,1.322259433118204
1,49,1.9945525419961996,0.7046633772310161,1.2898208975555434,0.6565389574643277
1,50,2.7669363169913637,2.826965175509873,0.3883048850281483,1.1635701466395998
1,51,7.988547305178163,5.280231527206801,4.821433142852754,3.664653757661609
1,52,2.8175046633199616,2.0389303402383816,0.690342000891107,0.20334648347263506
1,53,4.855965434994637,2.5789170937734465,3.077484229767691,1.9316467115657103
1,54,2.8007640258293076,1.1761385474293,0.5910342891746012,0.646267355702395
1,55,1.3382598709597224,0.551494759698284,0.8919233686118275,0.4746613078953068
1,56,2.8612079495524108,1.3719398170370465,0.47499603898356213,1.1890353496878197
1,57,4.356090267138639,2.072319677512907,0.31379310771231417,1.5180094757874367
1,58,6.013534445173088,4.437361375440758,3.75648655065352,3.2362110120577032
1,59,2.9837001121735245,1.7866147526401648,2.029712160492565,1.4419626757294097
1,60,4.973190116993429,3.6323587857977686,2.522503333043815,3.0796785396658652
1,61,0.2385597206688151,0.4312886889349221,0.05623516879684587,0.0961068343533813
1,62,3.459176916497243,1.6973646795002084,0.5553194786243125,0.34656782135706066
1,63,2.7558381251594635,1.16088149455368,0.25601618987585084,0.3241970259015221
1,64,2.176882823077918,2.2669352814913766,1.6648867315786475,2.2329819955149866
1,65,1.5516429137375412,1.007702653533592,0.17367847336319642,0.46265232029773773
1,66,3.540297344501572,1.4967314120727242,1.5005014021912473,0.7575655316199729
1,67,6.95073230556253,2.5166916851134085,3.598327782057112,1.0862879634745695
1,68,4.654695775970757,2.3548296259127044,3.3074806634608365,1.9671869912101503
1,69,5.6334572795842455,4.582813794434875,4.28889567415861,3.7970216030335027
1,70,6.154630534341517,0.9113604607405646,2.89547043385744,0.3148854138536894
1,71,5.005580472094913,3.871937127614868,2.061198891986038,2.9082751614115376
1,72,3.6545414461497754,2.8603043515419535,2.631467655988274,2.6840037718334964
1,73,6.6326849231445015,5.170930524968185,4.854840798898039,4.668833653202823
1,74,2.3927515423532064,2.1747614163323026,0.255381993719908,0.11078964931601831
1,75,2.5889719193203558,0.24013154901950468,1.1234375754643509,0.03510604269141582
1,76,3.4296321921084765,1.8277685341775052,1.2800368565958848,1.4888902829944906
1,77,1.2608786732707378,0.6821938175067718,0.08273878629790943,0.23670790586655488
1,78,4.50879511825144,2.5778697684841934,2.2885360921199407,2.5071751478404547
1,79,1.4860321301183042,1.6143296772740672,0.4783733774687704,0.9951133925454259
1,80,4.415018702637433,2.1186596848688937,3.526508101449153,1.6374113852531562
1,81,2.474433716234621,1.7855185980579074,0.4961638536042443,0.9766127892016706
1,82,5.882627216215893,3.1956314320425494,4.585012532623409,2.9348071726997884
1,83,2.405587386680997,2.1368100388396245,1.914379698935548,1.632120546763856
1,84,5.320026509137809,3.8208892423312952,2.3579153317217134,3.088473927000659
1,85,5.140270782178069,4.552544660818313,3.798710772535273,3.7057225692912015
1,86,3.1105144803155507,2.1419726944394157,1.2589789888629355,1.8181172362962252
1,87,1.5073313227883116,0.8697362204986373,0.0024247395064946886,0.6201216184923752
1,88,4.475805369320658,2.447962171196478,1.6176865746279816,0.6539616480086489
1,89,3.231007193469127,2.0123426062598098,1.729035250187863,1.6736725651702888
1,90,4.863058954290763,1.6736090053150647,1.3593981916906586,0.23641168920042044
1,91,5.0255905535898435,1.5517176980410905,2.804110435663219,1.274668330177104
1,92,2.3644330039719987,1.435771217102871,1.0111572582801642,1.4279555803591328
1,93,3.487729638719213,2.7106438492393767,2.357684992298971,2.125698139718209
1,94,2.9652322441244965,1.523407318310251,0.6132232475483335,0.6342770845910435
1,95,3.729118734090815,1.0684178213860172,1.2959471809954408,0.49090537918376786
1,96,3.628969137979623,2.3759464722399337,1.3906980465875591,1.6452982066369746
1,97,3.6484580810454768,1.7030573181436284,0.8806805867136092,0.12814098938102303
1,98,4.816331802202671,2.7026428171206596,3.6108163023791064,2.3322401561286537
1,99,1.9381976185842889,2.0506516620249053,0.2197876986312366,0.8029210400239964
1,100,1.0689728295981873,1.321912977318006,0.5135065923850419,0.5274692667594894
1,101,2.902131223429853,2.1027988307257366,2.2429084309023892,1.8488120690243381
1,102,5.775240769767353,3.8237259599170277,1.2402387826684276,2.816034221762191
1,103,4.622369746401409,2.805912040429552,3.363734579163605,1.878350727053666
1,104,1.7656960757028548,1.0152840911569803,0.0022156500488534903,0.08161278815220574
1,105,2.991093469492551,1.2981434520477002,0.6004928449361131,0.13273527852050804
1,106,5.512092657519963,1.2023076216808868,1.7863482600924385,0.5517427711352751
1,107,3.6647801538946725,2.2964539245252533,0.048444870650214966,0.5079311693740959
1,108,4.505918349332939,2.1701921766208123,1.8332107717290853,0.8095359281991517
1,109,2.5933835078066845,1.9639162339239884,1.14123859111821,1.0995440628401782
1,110,2.0231470803230884,2.189306961504246,1.7033395141211116,1.2560793900530949
1,111,6.875820543637035,1.9688069036837814,2.988471192271078,0.6828849306854642
1,112,5.0220462468357105,3.506162758255062,0.27873713830631175,0.20633961154951574
1,113,4.019056086898724,2.582534482710435,1.5442242096508352,1.1099897865051442
1,114,5.361576192602337,3.2122065447234647,1.1238040527232585,1.470895380121251
1,115,3.8367991658709344,2.195923279562949,1.2730141231395038,2.0225183091313808
1,116,4.38747095589982,2.748308285652459,1.1182082374578783,2.2729559967455373
1,117,1.2486597940547242,1.1756379528768475,1.0781656356307394,1.061829153806226
1,118,2.8162787169948555,1.509316281862026,0.07536021459442566,0.28096520562220473
1,119,2.1431698099685486,1.1181781778930604,1.2105903517726375,0.8836788904599375
1,120,2.56140379312696,0.580147263100426,0.034733956089965545,0.5371771098795585
1,121,3.663924007748399,3.837251230849765,2.686620220490582,2.5129394202804543
1,122,2.6095643527875803,2.078388928681321,1.5495888046043405,2.0000166507109363
1,123,7.00780211376594,3.4848370157115576,4.594160070281276,2.8909927869122467
1,124,7.7682409158543155,4.651628858225495,4.263840990030246,3.998583738582033
1,125,3.0016082037791896,1.086540014527255,0.30547647068449635,0.390370324069083
1,126,1.7231739205411227,1.2977326205224005,1.0967511971430923,1.2773411246834256
1,127,2.9149107807089263,1.1553588017546692,0.5846843483980848,0.7989246322213758
1,128,2.690142384801378,1.1649305400867107,0.3252814108848554,0.5498097610173643
1,129,4.952801753955499,1.975126487598351,1.912499354515134,1.0251777080465265
1,130,4.642551814250763,1.608094116549601,0.8051744125176015,1.0824422216154934
1,131,4.034241136403078,3.126846639538493,2.4935566468644197,2.9156519076158705
1,132,4.500686239492801,3.294037566030071,2.711576547632774,3.223238677229616
1,133,4.152838870447352,0.99975633008994,1.4559333675894095,0.09143443814271235
1,134,6.147125265645541,3.665721173461293,4.013099260404871,3.171911606215725
1,135,1.3959259419107606,0.9772991094486215,1.131121518938187,0.7347143840456442
1,136,7.309655221868354,4.482825754818246,1.8830057661737243,3.494451810505515
1,137,1.7628621995471283,1.451909962113674,1.572501540098017,0.9486939548910974
1,138,2.0181799016117163,1.2380001661296742,0.43013505122051754,0.005506305837459813
1,139,2.0773975176974075,1.0330534226330073,0.8285368432694611,0.46728322810199296
1,140,3.103341154892076,1.8406894825724436,0.9077940836043012,1.0275198574051279
1,141,3.91060765505797,2.005995102492622,0.5002399740776013,0.7215820816979064
1,142,4.693750329769349,2.6330737982649346,0.8783708717500076,2.3679166007199575
1,143,4.627788498623172,3.0214072509104755,2.979907885640486,2.1353659196510026
1,144,3.1143271257367062,2.1551882292209426,0.30813583676322764,0.30476230703373863
1,145,4.975639342069583,3.9666664869770774,2.719069991061545,3.8950916164212086
1,146,3.3725609913380916,2.2016572350497507,2.5109719306716016,2.1056370245043197
1,147,3.0302073697080205,2.38356038137507,2.719668015726498,1.9468181824107136
1,148,1.7325365200430305,1.5158057585689544,0.07110025155095911,0.13376671913940297
1,149,1.3274019440484945,0.6954030090276985,0.8083711712026229,0.4530278261892755
1,150,3.0645041159354514,2.391390308042939,1.3986128659271344,2.3717088459487234
1,151,2.955321739914079,2.971345105106866,2.242479830945314,2.3516197894917665
1,152,5.837368243639178,2.5800634889290914,0.41143820742945536,2.0666659688192683
1,153,2.6486110766512687,2.397336185846487,1.0258614447134988,1.1582566002322434
1,154,5.211753881064607,4.020671197640957,4.050714647600444,3.541058926018379
1,155,1.8082286966375043,0.923987205051989,1.0230073519642673,0.22744576996427068
1,156,6.291377068144724,2.790457443786877,4.367079170387925,2.5185753246243623
1,157,4.8648655032226955,2.944144358018611,0.35167928942640003,0.626824160555695
1,158,3.729287136134636,2.3651774845267295,2.1740010457688186,1.8226933806116226
1,159,2.82452772326568,1.4526496784653304,1.8938078271526564,1.0694172124182535
1,160,3.065045409845212,1.8691105214751753,2.4558351577923077,1.7750699465979234
1,161,2.235668657188609,1.3968988987874336,0.5414442859514423,0.30933423279175387
1,162,4.661250636284005,2.533002386287099,2.721979384121667,1.5761917711141817
1,163,3.205213616658197,1.3910362466649937,0.7580433174739625,0.18507558957829917
1,164,5.443164406549957,3.5413214076544506,1.7109415982657197,3.018929713824665
1,165,2.001437140968486,1.053011493889284,0.5320116454799972,0.153868250387575
1,166,2.4647829055664077,1.8359278177253613,1.4688040587990088,1.813000149791391
1,167,3.0298255247223715,1.4375702829612906,1.184481901029784,0.2859976358960248
1,168,2.343012367881443,1.3629816647576156,0.35741667221010687,0.7302755488272831
1,169,2.5499220033308916,1.472712493895915,0.40069492743613466,0.09292843341794343
1,170,3.46429804234421,1.078985676073136,1.84252597381807,1.0136679361760748
1,171,6.117236676851248,4.1597970527723325,4.504541473843247,3.4356453617437204
1,172,3.860912718171887,2.020727952055371,0.4380137772654962,0.8265264421358302
1,173,4.627557701083665,2.600112089234549,1.8204025262310068,1.9280093710716055
1,174,5.578030261526724,1.9011339677401726,1.1361935749029612,1.0190234058538183
1,175,5.854686813587906,4.537405667340217,3.596280529781822,3.87236356736195
1,176,6.014045771939924,4.067651342263928,3.1753404599778463,3.3975727203462256
1,177,5.984252356492107,2.7121112564933383,3.0282801882071624,2.02735614149642
1,178,6.066897745272062,3.955312051296709,1.4728938714992807,3.056878886162452
1,179,5.470773564030861,2.73831756928081,4.068415146029139,1.8747416837205644
1,180,5.183133945465778,0.4960161092431694,2.8139721981113723,0.26234946778158674
1,181,3.300970684821403,1.7434053083933645,0.44146437764521806,0.09155539295027859
1,182,5.846368871222518,4.31463522609583,3.70796911468409,3.435591643315634
1,183,2.768033503735124,1.0876503636307848,1.3234473421266983,0.8748274816350478
1,184,1.9745716200031274,0.5526008444264583,1.4174228487999159,0.5442478807410267
1,185,3.5097089624933044,0.8225070954501225,1.4741858740406997,0.20609743718445017
1,186,6.098065771767228,3.2288932221713753,4.4216523413390405,2.997600544823646
1,187,2.6675189956217618,1.74262953085059,1.257778574060751,1.3649718435607865
1,188,3.480723618387743,2.4745250560400196,2.3957489540964048,2.0557053667990326
1,189,3.7000897032718996,2.4154347711065234,3.1212297299357346,2.2959820736002405
1,190,3.6564352421132496,2.000590972298605,0.7846630912183912,1.4388170083877978
1,191,6.415640888586341,2.510406512084687,1.561256189570443,0.47842461749260856
1,192,3.704781155917868,1.502478676626496,0.4084779453354912,0.6903019482712373
1,193,2.271970515957545,1.274917473529679,1.2325096941508775,1.1923901571585835
1,194,3.9938101415431437,2.0347684880080155,2.4027580652691256,1.260930811853476
1,195,3.5357964253362204,2.45560967633457,0.6807016777308803,0.9465549019416586
1,196,1.7658506686759676,2.5070226249813494,1.16418400438954,2.1089395864308162
1,197,2.1813177805186195,0.6856295812087577,0.4405777322989053,0.6681176239500659
1,198,3.2578067348781294,1.9565897977045716,2.066919991498665,1.595476491895057
1,199,2.750708768211331,2.234692622180778,1.727808256093752,1.934623896633222
2,0,5.636435043556164,4.050779984287381,2.9719627555549195,1.8757160834984459
2,1,4.035977268806858,3.307388262187178,3.382768803152061,2.4283230872440162
2,2,2.183860391323179,1.337200086630275,0.4861849505364617,0.21913792873888127
2,3,1.9284229415752183,0.5673422262730073,1.136622179020783,0.05203026608681682
2,4,2.1729730102143963,2.111501662620424,1.7333854522183998,1.4250912921261458
2,5,1.881554751489425,1.1611460597793564,0.8022891311494149,0.18014935634805318
2,6,3.0236754006800814,1.0540175738861672,2.5111348070305297,0.9214689070654853
2,7,2.5576015941763557,2.018986900284702,1.9167364360254595,1.4585857069431603
2,8,1.9942606847785638,2.3284013822803016,1.078094448598378,2.1220104604794794
2,9,4.894670309201641,3.936020379486082,1.4264423002162658,1.8246347791239095
2,10,1.6274231128284882,1.0874700590480015,0.503999670134192,0.7610000987071706
2,11,2.7390545500756334,2.7137190420205806,1.8461091697026575,1.6330863469156829
2,12,3.650764583908032,2.8614802433753876,2.15235192220554,1.8105616820771715
2,13,3.8819629708192647,3.3465630207170403,1.402107931152841,2.4986264774272327
2,14,0.7212160870624358,0.9528004580158975,0.03396637217055343,0.5971495447307239
2,15,2.6950464050564507,2.05019464692988,1.6452849047434555,0.9716628959626207
2,16,2.476631424946664,1.6101938186686509,1.2350428874402581,0.7444878200089122
2,17,3.731723838005103,2.0910245193106882,2.0607166543059705,0.9999537763357106
2,18,4.10177957384281,2.914317505641863,1.6393234066252802,1.7451424035733174
2,19,2.2861826327638353,1.415424897814018,0.0034412548677877908,1.379356328732438
2,20,3.026601894678369,1.9265912400850562,0.5673548583754169,1.1207368319694426
2,21,5.125587703663299,2.8899998790513277,0.1294124992237471,1.4232872735017483
2,22,6.200660013115633,4.505046498019046,3.9959492202479936,3.769273145107977
2,23,1.8158687074397837,0.6325459880697983,0.14165424458042963,0.1068215619242947
2,24,4.342397649777449,3.2798489244080753,3.6833115302493056,2.1436285141192357
2,25,2.8150997415947963,2.1202420049439477,1.5291542573028494,0.7127856231754238
2,26,0.6126652898852026,0.20270559060802099,0.37750279268967546,0.08856222810838488
2,27,2.7540666171866324,2.4530095968689016,1.3346307281328507,1.8050207491373769
2,28,2.474790517415212,2.3734655523165085,1.1571785224070368,1.2284216554724878
2,29,2.541249667962823,2.0812282377773843,1.621252901346807,1.1165614979096032
2,30,3.4868280822866415,2.128131254634157,1.97801759101759,1.0399278706242743
2,31,1.0453511806208249,0.3384322731381532,0.000214155878225597,0.10158945038691192
2,32,1.816100548100403,1.0908732961917296,0.40556723844587594,0.5122787408150563
2,33,0.9202840631138677,0.29249381050913326,0.5138025634875518,0.1883213853213075
2,34,2.641973927915552,1.284206613883158,1.252216518299818,0.824652398255563
2,35,3.878110554980144,0.44825837837782884,1.6785203576768097,0.041083455925109424
2,36,0.9422857657241358,0.9375469635559028,0.17181989497372285,0.03609595069092686
2,37,4.9018721729692025,4.756625784096722,2.227568463891096,2.5440847121758523
2,38,1.3318718327545735,2.064375311677631,0.015643294287940535,1.353674033411378
2,39,2.295436790720483,1.1612652315741103,0.18709665513682694,0.9065337007778299
2,40,2.1095987505698557,1.6974809559785686,0.5698710009057564,0.7281022020305508
2,41,5.696244221318444,4.104140283914382,5.022863910431006,2.5961308652548243
2,42,1.2863660075165777,0.6673207878158748,0.6717696289780832,0.07197416290617697
2,43,5.651231555506624,5.565957902274979,2.476513651243735,2.3180407975025554
2,44,2.247397220441331,1.6014119103624591,1.4193477986170038,1.2802739097343905
2,45,2.518558850386786,2.008190725046932,0.8867744188908091,1.4140424293662008
2,46,3.73732443563212,2.1809639766677305,2.9632871150109423,1.7598932858907106
2,47,1.3857549444585293,1.3921268526128956,1.2865727096720576,0.9024694149125045
2,48,4.013202134370523,4.01482375737696,2.7994772517434754,2.6276734454050135
2,49,3.2666272704378865,1.7303463506383043,2.066398235445128,0.46378372449083693
2,50,3.171382164671861,2.174626232590974,2.355061771422946,1.2601638968037556
2,51,5.392906885178098,2.790767279732031,0.08171728060918326,1.8268539246988635
2,52,2.645202275661169,2.0147889439331723,2.194089918466183,1.9703013064331394
2,53,3.17366550641324,2.334094531354088,3.082431990623803,2.0332792591954147
2,54,3.644136444434218,2.663892247943526,2.546664273540493,1.676288582106233
2,55,3.2994261757688133,2.477817702683766,0.09795179645607988,1.9220326167877702
2,56,2.764862424650357,1.5276804798757555,1.3899639887306137,0.4884685425101476
2,57,5.837727379727052,5.863444899107465,3.6890100619878723,4.337036488324804
2,58,2.522701059559666,2.1243428745526565,2.2551992948143678,1.4391720167069875
2,59,5.229111391953344,4.182910489012208,2.0188686527943247,2.2513703758809287
2,60,3.5515885984626614,2.7449536082741006,1.9494558899837244,1.5710919142294348
2,61,1.5811598886241496,0.12600523455024387,1.1589687331065193,0.004155166056417414
2,62,2.1572328337198137,1.672700367012081,0.19117230951450637,0.9638717557723893
2,63,3.663868667658067,2.2787258647041964,1.122494587278993,0.5399836892031356
2,64,4.6014412068132255,3.798740536547371,0.3409636209409257,2.157404940121425
2,65,3.631957762262046,2.6154171835591926,1.0640006342763542,0.8793600855270705
2,66,1.614435598952937,0.5077707506391386,0.48425172207986833,0.2614465779715185
2,67,4.286433956042362,3.0141261282881873,1.450565193416658,2.4824707528156846
2,68,5.464759278405586,4.185947252102136,4.34795046432086,2.3236053677270663
2,69,1.3185984754128408,0.3493842649820871,0.5495266229632136,0.2517482871054315
2,70,2.0547315799205257,1.7531682001682876,0.596829796205121,1.1889342243296137
2,71,3.190736674778701,1.3534841151366943,1.4020518834331597,0.7603614000528863
2,72,0.6440808524845393,0.7023083015165423,0.40805217427872975,0.007570561673217346
2,73,5.284116933234782,4.706032964833077,2.8293512463390087,3.468601624292587
2,74,2.894416920696612,0.9313706714613582,1.1803980989422413,0.6349656218507408
2,75,2.614249792983445,2.4717281185374764,0.709187382367702,0.9138212692343387
2,76,6.739719594904482,6.354653265965193,3.7735028948817018,4.107584430130332
2,77,3.634702948565295,2.597917768896711,2.0191425657943753,1.9123297751832091
2,78,6.352052786839057,5.128429932133257,4.905352437387357,2.7183300244490285
2,79,2.4806942728424355,1.6868772933103038,1.5210426495024407,0.4816574926246131
2,80,4.139105760020529,2.9943315163551505,2.851545908770035,2.1174269041315936
2,81,1.742418475473986,1.2256452151689519,0.7002800419809319,0.26982570967053854
2,82,2.46739216885496,2.1827539922221573,2.218756488594387,1.230735510308041
2,83,4.699798965158637,3.2494658419380933,2.822676144029188,2.2321367288924128
2,84,2.767797672144007,0.865967722169159,1.5143006108876094,0.4827171800480059
2,85,1.5496290439276184,1.7499315230964572,0.670063598379322,0.5762145331075454
2,86,4.29101679809268,2.7789338759158,1.030122982074971,1.705633676347483
2,87,1.874163553546292,0.9260972862247,1.3597424466429686,0.6431280802969361
2,88,2.2774652506496573,1.2552520768364377,1.0708806574586873,0.46907819152788255
2,89,1.8122634148940242,1.6526709333565262,0.5622193392990908,1.4810475050838168
2,90,3.3878297729687366,3.287419692133653,2.8533248365723054,2.659645451776742
2,91,2.4153943184260833,1.8344256688712257,1.4014211516846586,0.5100420961005802
2,92,3.135840777523658,1.89849070019075,2.423881289506035,1.414986281274884
2,93,2.7282153702772436,1.592617637955669,0.4104267444027201,0.4467927734993635
2,94,4.7000937432141505,4.253988401820939,2.2810878477084273,2.4076079957809133
2,95,3.3264954450489883,1.5846043852081086,1.6025240629169204,0.28042746061824864
2,96,1.2920961180730763,1.0927589087367586,0.16039245479383624,0.6573802602604158
2,97,4.407191503389125,4.205227079902625,3.5725538752976007,2.3969402229367094
2,98,5.6904811127205335,3.7736432805406843,0.678151612699736,2.567304516678632
2,99,5.23979228135856,3.666254184738364,3.7666981873297587,3.169718467454218
2,100,1.9723192782304801,2.0165281761421183,0.7750789923105472,0.7273179627533015
2,101,3.093336603389665,2.475236717135978,1.4549027049519836,1.500914641124356
2,102,1.3093941077467663,1.0227872165304237,1.0618694159400022,0.9406019802630793
2,103,2.307878105413653,0.9095097736406106,0.6742943566917461,0.8152243729078156
2,104,1.9364333721400897,1.2783486279743907,1.92615333166097,0.7296805931849127
2,105,1.5545733025057273,1.0027109666237954,1.1509645534086772,0.7504162916054851
2,106,1.1722431169919796,0.9896855307582663,0.07502879420593445,0.29295995749970527
2,107,2.565551600552486,2.480164904587861,1.525990754716915,1.0794908493699085
2,108,1.1702100718515753,0.8733264836767026,0.7758922887090307,0.6314139781763621
2,109,5.737173770507684,4.38957302757936,1.0540318312199588,2.562898182152463
2,110,2.6011144101479355,0.7701595749348178,1.6150823225610509,0.4158691859973207
2,111,2.8817961414285294,2.1206005755260606,1.2400853614550442,0.26630952574865696
2,112,3.8619505851846037,2.009581033579817,0.1543203785411933,0.6456908127103727
2,113,3.4166031876938425,2.5789844480354827,0.6262776639992822,1.8575216825858298
2,114,2.4317768803348536,2.4491015733425714,1.1798807933380857,0.7102035919192123
2,115,1.4144863715807594,1.4429521693873866,1.1452020744728983,0.7866727374541425
2,116,3.772164016825085,3.3530338843296654,2.389807852930005,2.278705757440581
2,117,1.7165557609390865,0.8876437807780361,0.6059308064827533,0.3599530727467046
2,118,1.3396745391426457,1.3614585212261892,0.5644364567296165,0.41831362445538645
2,119,1.3749408346512373,0.7677187647368339,1.0174920583753035,0.16427859853980542
2,120,4.953937950344633,2.7225534649630103,3.9945210771436663,2.2255968309904723
2,121,0.8986242801838787,1.2939630507300404,0.48609663335279407,0.4585987941617069
2,122,3.5095647559624337,3.2327462799562334,1.1521633074426916,0.9409002761317209
2,123,2.35852708401259,0.7419661916988067,0.9106509844373392,0.061322640070345935
2,124,1.179799318814643,0.9422116393956714,0.8411201747385277,0.40677731383668636
2,125,4.573320097425162,2.8802062415115914,1.0130245698294544,1.6604072291733694
2,126,2.802750852917362,1.0382700433122471,1.071400170596597,0.05702852404696368
2,127,3.3670888300458275,2.7124457753665396,0.9290841083088992,1.2472141720776106
2,128,2.2839005897072675,1.237343416899294,0.8622266015490183,0.6869484498476199
2,129,3.8032081668899043,2.4930054758069167,1.7990730062520157,1.5746778700644026
2,130,3.666971184569236,2.413867308647836,3.5032965490349426,1.877663559878712
2,131,0.9523820563770728,1.2197168335324986,0.5153213741911244,1.0700854626931804
2,132,0.877970927828366,0.3821486384719883,0.08182640025118815,0.047563159524182996
2,133,3.7163592632367894,3.2087500313490587,1.8122419001478889,1.9840510394659672
2,134,1.0472595647608611,0.7759333939265624,0.1882891704825127,0.6649732691003961
2,135,4.836053396733491,3.8591146253604887,0.8781782991811866,1.9370081227846248
2,136,4.607181176524012,3.686109449308865,0.10897665805941159,2.034122148816173
2,137,4.100346451763824,2.921648269986699,3.3005031498982547,1.0240094409895795
2,138,2.5624468748332037,0.8174707992035907,1.8208964813437802,0.16455917516860952
2,139,1.245629711234219,1.1960944845204773,0.013032118042922036,0.024271330387943157
2,140,5.262915721969836,4.5509297851894495,2.4515321887919583,2.733837211279206
2,141,5.522604039710339,4.657461232302645,2.0519948054784365,3.359836821005395
2,142,1.2056363912596473,0.8542754457723029,0.6266001297464712,0.4972718132486915
2,143,3.916942678731849,2.7678705655563807,0.5279703011856611,2.0252835305561865
2,144,4.438765425506196,3.6811760104361957,3.4299924328749682,2.5385901457119955
2,145,2.076095828695686,1.7909992969316382,0.46963371874433335,0.1580918265011435
2,146,1.3201708432876453,1.230464911223972,0.6639041138888899,1.0714385925997485
2,147,1.388166711772643,1.6976517839801126,1.0567632525772055,1.1767622410201741
2,148,4.302873903853353,0.8605048633352852,3.362980755799583,0.24669771945165864
2,149,7.817465183863458,5.984694309204388,5.515029920872898,4.351694285177951
2,150,1.7090680422472113,0.8466721852257817,0.6723768841653879,0.21666897084715742
2,151,1.2753243276989181,1.385823418981186,0.003810794266073003,1.225391452334914
2,152,1.3396809131395004,1.236095056603222,0.10683216698242859,0.5757864652861127
2,153,2.8435275289515194,1.8370852306371688,2.087621969961212,1.4449333781017386
2,154,3.3309981308744847,2.293573616379086,1.97336945538553,1.378888823922234
2,155,3.261391863727593,2.499511158694833,2.5101683192166675,1.7898339793681906
2,156,3.9815690205795407,2.9792421508239344,0.41914517148222785,0.4745939191659616
2,157,2.0280627000806004,1.2465213898308916,1.6383074187078392,0.9781938732511026
2,158,2.9696367708984,2.9500882235776706,1.9319556909977393,2.1052599732420005
2,159,2.9929828661358844,1.1998621628397592,2.6303734417148803,1.1893335485148497
2,160,2.090108929193454,1.8268971229382132,0.711323690251092,1.2642775123440577
2,161,1.4503612011422875,1.7194065841326924,0.18841089559141722,0.9369437203688884
2,162,2.345564325449014,1.575204078465947,0.197671986844405,0.7455816167324336
2,163,3.5640643721189442,3.229595097892596,2.6185192398607455,1.9403673581751193
2,164,3.691596431167378,2.463328765249801,2.91057683903945,1.3383613785704171
2,165,5.066949712769094,2.828083563409587,1.81772111732311,1.873181838057335
2,166,3.50730679876789,3.144411562176738,2.228243779691624,1.5269566050655436
2,167,5.111826455194317,3.9240226427639207,4.929748529903456,3.0692526658729027
2,168,4.432695229889176,3.3131135340523454,3.7302699055533495,1.8734056540977848
2,169,3.5374082157086284,2.0008315028547874,2.454991986013745,0.7568787867713155
2,170,4.073261516832893,4.012160666091171,1.8817266302475844,2.207166433934559
2,171,5.083528484993241,2.9237157284324784,1.2412728475933932,1.4201473349298719
2,172,4.018109603697333,1.535826729992181,1.805850584434836,0.6309779282180364
2,173,2.123074875655752,2.0929275195470014,1.1635022740313659,0.7379745426993024
2,174,0.7051643183335629,0.45680615518598344,0.3003939889370315,0.3447768863778429
2,175,0.43382457739678126,1.1711958150582722,0.3205260820686746,0.9276074805936629
2,176,7.483675872674368,6.519740816707335,4.69322049408278,4.338693583024589
2,177,1.5716508076605076,1.2280502447574162,0.46940280786949984,0.4551897830502838
2,178,5.365151149459508,3.384581803784324,1.116381994644506,1.0731285287222443
2,179,3.3535812014804702,2.7729894960950263,0.13965508983488206,0.7841869328910552
2,180,1.2146831311072608,1.412902948932076,0.43010116588586556,0.7300910813176609
2,181,3.3800317042552717,2.476299423105027,2.3703553155294017,1.047311414566359
2,182,1.888715728229048,1.3116597112933701,0.318072983955652,0.9933222150761878
2,183,1.8342263276355237,1.556538111253918,0.5434207310619925,1.1499837880055406
2,184,2.702368655385027,1.5987373824157913,0.2780074350733486,1.0007851729226358
2,185,7.150783409810753,5.85784662187264,3.494596706090249,3.3863609841720326
2,186,1.6658783764489389,1.2391765962304608,1.650911078649436,0.04952265453617
2,187,1.9257469905080693,1.3986523707977565,1.7410151295968745,1.219782726183285
2,188,2.1972801958984447,1.1207261656446164,1.0837700220856235,1.0281872858454943
2,189,4.513478270805671,3.647724081384166,2.6841028860425737,2.8005602686843822
2,190,5.18927846878976,3.843655942221899,1.3491517515234577,2.1496791888644258
2,191,3.595826641244827,2.939311846434206,2.3868585709196495,1.2086625056451703
2,192,2.956276340884184,2.6160054264805566,1.993801535655109,1.434120789620322
2,193,1.9058266914945423,1.2612754609410801,0.6402413376832925,0.9316590943670868
2,194,4.933378986397375,3.935555665577041,1.2787339209688255,2.3402869317286017
2,195,3.921361852476249,3.0662690056042012,0.9789960247475022,2.139916793911781
2,196,1.4398549661301896,1.7676914188000579,0.2479883327616932,0.16265733476223398
2,197,1.6563924127457004,0.23304449660227497,0.2239824792043592,0.18016446739823966
2,198,4.041590053892092,2.6101647726384916,4.003057305404354,1.9355066371567635
2,199,2.7142215024012253,0.5779543209552178,1.9473564894775706,0.07574062745645338
3,0,4.823807956370667,3.772918514803547,1.6812457962465963,1.818292127813343
3,1,4.0230259606435,2.6378952005114766,0.6915788450134457,0.9675941559745569
3,2,8.416909125501242,5.201727120713391,0.8705824212397495,1.6407814235040543
3,3,6.530155892867514,4.175359356378431,1.6393567886827753,0.5483380865781579
3,4,6.114051554218132,5.00954007317228,2.167331278086838,2.228847019655829
3,5,5.832380668565369,3.3603849520298605,0.46471608620025506,1.8563667499064782
3,6,0.9552192071544642,1.1825554483631153,0.668256156381922,0.6127022134559272
3,7,1.8106439566489514,1.5672453295461375,0.049852250697309586,0.7099780660337464
3,8,1.8564939856670044,1.430457918001261,0.3895897416869154,1.0742283241720159
3,9,6.802644792191063,4.317969064649265,1.964373357903007,2.2875531230401327
3,10,8.022036369321707,4.067874729638179,1.378778919201423,1.2821910391045925
3,11,2.5449507948229932,1.6017687990912792,1.5159496098297112,0.7525406740953793
3,12,7.5777394486565095,5.3381938970763745,0.3467685089742325,2.6029005682661017
3,13,3.1141488056724156,2.085725626347987,0.6948414218819892,1.3831815705154473
3,14,3.692152943895306,1.3053391765162115,3.3382958705899526,1.133131230242863
3,15,10.812763991474462,6.902097913005261,1.2119401535673404,2.3236050859214625
3,16,4.831310160132665,3.74379413702644,1.0448751174006219,0.513137590865989
3,17,2.0321466165096607,0.7493950185375924,1.8963165838621698,0.547746291000434
3,18,5.7568174100772325,4.271212819839828,1.4803972131346939,0.023247116600056517
3,19,5.62137784267149,3.928557073167232,0.6466133805296792,0.9751392778221901
3,20,5.043042666940629,2.497296097179597,2.2144147810253436,0.8231972202145222
3,21,5.126294980803838,3.46572560373534,0.055915490255653566,1.2121287829009046
3,22,3.6018135917993566,3.170938939594744,1.008252673140948,1.294096976622857
3,23,4.8242351395035294,1.5666159189000415,0.1469908034509224,0.6428688513916051
3,24,3.628753527621482,1.6801084446156571,2.8706842370051646,1.4167542552413788
3,25,4.898817789457837,4.131725893633494,1.0499856987222458,0.9846928350764688
3,26,5.829917634290162,2.750793927966502,1.162503662715487,0.6673954653305093
3,27,4.168011362839739,3.140517318665231,0.36492240220828975,1.189207234398006
3,28,4.682061299952857,3.084482863395948,0.4563270466612934,0.413548954869285
3,29,3.760432298244103,2.0013307836555874,1.412172813818657,0.37984463656688927
3,30,2.762081926681749,1.7737194506543437,1.0266119857081115,0.9832461946012376
3,31,5.762965132128716,2.9197983174541817,2.6684289698715062,1.6586557548808905
3,32,5.236329215184205,2.9666800664569197,1.4725659828914388,0.2761201792823331
3,33,6.029898776506098,3.1769383006956966,0.5725554266432482,0.7386003029308367
3,34,5.133197902533316,4.226940781513851,0.5186480931161981,2.030254774209591
3,35,5.926252357304486,3.713533685437102,1.0060378627118745,0.8675459051138003
3,36,3.03044351645886,1.898480132224596,1.3663314023941062,1.2647093219956753
3,37,5.5578513267597085,3.2555012020422125,0.3437049583347971,0.9487290530671574
3,38,3.8967192005443185,1.7382307118393912,2.442383097831538,0.050801697714563776
3,39,5.3151285043814145,3.6611140797511394,0.1891894140766439,0.5685907935490815
3,40,4.4315931594265106,3.409125476218229,1.070019281174421,0.2149636477724377
3,41,7.186145321594178,4.874269631454288,0.04829005546401888,1.5375183585753254
3,42,4.023442286638451,2.3039851258732282,0.14629867532558194,0.5831970336988342
3,43,8.115910368148539,5.120098519169975,1.4457006408225475,0.7071327331889286
3,44,2.3356240424941053,0.7583667345573781,1.6172312006031895,0.19082076880846333
3,45,7.80731061715564,4.904150529221941,1.2043534201741615,0.2869112901426891
3,46,7.391065343021973,4.675313252167114,1.0619419844009208,1.0939008841469193
3,47,4.614302192555216,1.2506213825142352,2.0480165526982113,0.4355183817142616
3,48,2.620944414110556,1.6484868967064434,0.9022422783919808,0.18095849902220262
3,49,7.279677926930362,3.4180529855423933,3.674674640520461,0.7866714452934924
3,50,3.67293788883052,2.861424522147499,2.0648761799981123,1.5568121224402125
3,51,10.218714910498392,7.1869495760397255,1.1147217456365794,1.8147694353615482
3,52,3.944100242764027,3.278743579022413,2.5576516242125074,2.1684894061481597
3,53,5.294599316117242,2.8114813671820125,2.044034234268235,0.7134271881103036
3,54,3.1694913111863126,2.378520419576748,0.2466211890764356,0.9923746989534861
3,55,3.876081405794272,2.2235967396145004,1.5948738997564185,0.28695802165678264
3,56,2.510132934667682,1.5321534970293615,0.023563006851247792,0.8607237158494533
3,57,5.966320553010247,4.278149112063227,0.08833592585954264,0.4704435335820001
3,58,9.127132502440915,5.546563084803962,0.25487185752844965,1.7479330285828913
3,59,7.039224530057852,4.82714546611643,1.609838242444546,1.7252712325788324
3,60,7.999230375171209,5.389946007187293,0.16697324129024693,0.677139507673923
3,61,8.259241616378487,5.436960159722565,0.2973991321763094,1.3617436383351578
3,62,2.9519810032252285,1.4547375918667653,0.2487047502889581,0.9667364401129671
3,63,6.9023537422346175,4.852291365609916,0.3056351883743247,0.9104491575706233
3,64,7.3149219000588666,4.106717207869956,1.9993311170282553,1.4232946177564785
3,65,8.936881313247396,5.931602537108631,0.030653725353118944,0.5763797295787482
3,66,6.324001778888888,3.3643923989426976,1.112099871329633,0.4731839378727192
3,67,3.3166257660150587,0.7357505532276871,0.12770177719203346,0.03967474986257713
3,68,4.1734602383538295,0.8995746342139069,2.07433107721425,0.6776253506218475
3,69,6.057371733796521,4.391252089660789,1.4492902091398854,1.40209545631982
3,70,3.1014330197058015,1.1392257337874228,0.8774439121710635,0.3199993620560966
3,71,4.703886107154101,2.2014088822788604,1.2479488998041042,0.5472764348969129
3,72,3.6719919540326567,2.240392545977794,2.3825130924694378,0.8505394273220711
3,73,3.4328198856734575,1.6025503804653052,0.5003441009961165,0.635890090327137
3,74,6.945616250932429,3.689528510911567,2.984680203048992,0.42033102611608486
3,75,6.849390276396596,4.612360104596702,0.36573006408260866,0.7930969542044405
3,76,5.3815716983334365,3.1275575765453567,1.0861966530758984,1.0454511778839022
3,77,2.4373246207678454,0.8534690066340157,0.29710558949749455,0.1572745602995238
3,78,6.003741541382218,2.6644080835407404,1.0922321637763197,1.4148482323915228
3,79,4.083559445763418,3.4121208646413996,0.6831610900863758,0.3134335175523153
3,80,7.315568013298403,4.950715127202806,0.5590687451049732,1.1187434171424204
3,81,7.143344126500553,4.938786604110101,0.20720701127035213,0.2816312292301213
3,82,3.8877774046894453,2.1966771726622696,0.641031037256262,0.668361132653312
3,83,2.623872492088998,2.097802156960056,0.37831418357068003,0.9751614369456568
3,84,2.5431743431526326,1.4998407047925155,0.40154989731553314,0.16662824617182936
3,85,3.3453224456232817,0.6936660418469971,0.2391598901620604,0.6645551266042234
3,86,4.797815011364254,2.529239416625006,0.176253354219142,0.5665706436218558
3,87,6.808933608403703,4.650544276867244,0.6807763376767539,0.9792788003182782
3,88,6.958514397517182,4.2733232419833795,0.7506556340053372,1.2980080274426817
3,89,7.639193794888013,4.264244443160485,0.54229711597063,1.0484854224945799
3,90,5.217696198017924,3.388623663349357,0.895705686473736,1.3367830492467818
3,91,3.863757164232923,1.2273804274666573,0.215104375985522,0.2619094161173885
3,92,10.860798838467685,7.565775675409776,1.0628919584376177,1.8514112416937998
3,93,6.927350051329662,5.068703298847563,1.9144002248889969,2.3133057204128757
3,94,5.859343516152344,2.851943909268749,0.836793354202154,0.5836815351477211
3,95,3.6668980378698803,1.4981211362696598,1.4559533161028249,1.1760359584494193
3,96,1.512094933361901,0.7012167349577212,0.03960706974341477,0.00036483366996153954
3,97,3.322442544617331,2.863994204261311,0.30005474304467583,0.5449216146255773
3,98,4.097421059157746,3.090868444934353,0.4065603533259541,0.6660958855478477
3,99,3.4451654664776146,1.9283115418224401,0.729167908462756,0.12099125258157639
3,100,4.113752043466833,2.023313973038011,0.2877128185509896,0.34688231380900647
3,101,4.2506047121249395,3.1152588806823753,0.35151730142176163,0.15857401020323603
3,102,3.9413209969221796,1.6450095970294607,2.548541816301391,1.4509674196182858
3,103,3.6361150311131163,2.138518127403649,0.7667144997561088,0.8475492969672017
3,104,2.9997963032510584,2.335703511029806,1.8072682909657125,0.0960105313670565
3,105,7.088421082957991,3.639984997948453,1.158825173388319,0.16253972218793922
3,106,6.844112888400031,4.388651726933932,2.1728730992693457,1.460893872572375
3,107,8.8472779189026,6.289974517351078,2.1974624185837435,2.1447076829642495
3,108,4.6332375488344955,3.4601349169940625,1.0544456323760656,0.49865893562859864
3,109,7.220307012783215,4.744697120071259,0.870089476444317,1.8260460549977444
3,110,4.774175350027462,1.9547432172219175,0.29222617023768294,0.0072173706521205805
3,111,5.92156240613219,3.78380263574722,1.582143362422098,1.0566989491430416
3,112,7.706105020535414,6.732758629281239,0.05887748800246584,2.0192388655989633
3,113,6.958177341794999,4.316137735227451,0.9876651190383114,0.8708753840893396
3,114,5.519879665404515,3.130634056453781,0.8227073644942138,0.34950073301032214
3,115,5.520528921187596,3.7471284232779007,0.060362930274390436,2.0379031672010246
3,116,1.3985567510422028,0.5278221687728968,1.103584353048646,0.17223501670713048
3,117,7.19249764208505,5.471503007594504,2.7256557167131206,1.8727405883883381
3,118,3.0752174516775748,2.5153479776819645,0.41284108933664143,1.523855063795375
3,119,7.016125176341973,4.490300947158174,1.5565946872359149,1.3764697590194785
3,120,6.748437186114837,3.715701416304094,2.4934314168003233,1.2300910818835895
3,121,3.562646809575342,1.4847823734890842,0.8173351255935692,0.8058043536956587
3,122,5.248624362041986,2.56089819629551,0.7359095437625278,1.2761074470228315
3,123,8.025979724713176,5.662971723579184,0.2519758509846355,1.8208260683019029
3,124,10.862557597348124,7.639592613212504,2.055461302414585,1.6993449323281304
3,125,6.521288439122013,3.6128522015509565,1.6902527372744593,1.127749650838393
3,126,8.744167764621587,5.406038817318607,0.1374459163687476,1.0955506922659923
3,127,5.05414328620118,4.400680220141402,1.1142994939622142,0.2286515610058748
3,128,1.4602950922653013,1.0289752896157818,0.1861184706525485,0.2302434959967512
3,129,7.543853182824062,3.5487120578734044,0.3874083079881885,1.515390423646073
3,130,6.475279269792151,3.7969386221220254,2.5374157972531783,0.6987871987092222
3,131,4.008462878013582,1.8898373969345184,1.7217967055621166,0.3709164188763674
3,132,7.823991670895449,6.074989561871253,0.14355640943442793,1.4168713486481261
3,133,8.958289660822942,6.26188602902343,1.4060600903657594,2.6942504730192534
3,134,4.779014482780793,3.539062721308287,0.6888969761129538,0.5454473037563999
3,135,1.518498861589136,1.3519151570537031,0.29425711649134456,1.1737149876156128
3,136,2.9844282682749546,1.977376010089983,2.2323449658728975,0.5898257962787498
3,137,3.6356700486111286,2.108310231743763,1.273699611033173,0.046300518840309834
3,138,1.945958504327128,1.2279323693655029,0.3900737223289532,0.2366509241408441
3,139,8.352457915615837,6.2925498345634905,1.305471012690699,2.113312108871389
3,140,5.822198477053653,3.1482774171982935,0.5233477545872844,0.21722164922343934
3,141,9.513049648887977,6.603731968656716,0.9410385434356243,2.1693948601503106
3,142,5.093642354793115,1.9392959921903372,0.681202882046847,0.46480922591469054
3,143,11.604655856883406,8.096193908419,0.3660102413126829,2.365649565157236
3,144,5.5185043635095266,3.940918007026266,0.7498420719589838,0.8777428549181354
3,145,6.9026225078317,4.112096738517926,1.930710297743115,1.4778787824540465
3,146,7.650667877120824,4.669579646297904,0.5724039949253346,2.062424560035278
3,147,3.23590180270452,2.1546428334911822,0.7428860385238352,1.1201056222029366
3,148,8.70676083929317,6.162479058210633,0.8740658193050947,1.7175063621454745
3,149,10.903187685553661,6.605110262656584,0.5506205819835408,2.384951925601263
3,150,5.793783592326234,2.5199893101693442,0.04227973646418093,0.9565932640173207
3,151,2.914504290045636,1.1821136167343156,1.6118922344595958,0.3283253259121879
3,152,6.645285897583337,4.018126854956533,0.26879017276178274,2.1581324270342312
3,153,11.793843823064964,7.584019532253839,1.659315264163947,2.8038791947471813
3,154,5.803905587835454,3.3451587893663897,0.4312642251487624,1.0384720407872365
3,155,5.706593344615232,3.255821656807485,2.29725599261398,0.3425798368981565
3,156,6.438638164537714,4.011472541054919,0.8490866987979544,0.7801287521525435
3,157,5.439041705736672,2.863246997604637,2.8626375996863374,0.35245766153243663
3,158,2.275981875273611,1.698754295904988,0.18734330656868892,0.5238942215459826
3,159,11.628892084530914,7.114902538275219,0.4920210731554242,2.568314726298196
3,160,1.332705621794185,1.0361959209010552,0.6768144423988751,0.5610758691653274
3,161,5.553818015351667,3.003758800222311,0.8957771736014557,0.8716731796898439
3,162,2.2431963755962445,1.137283455838144,1.0898379838479393,0.10639039472832623
3,163,1.1427701443826614,1.4498499616700493,0.25860869674427533,0.24336880461959542
3,164,4.38472615556206,2.3368265532500647,0.17351668585432378,1.0159954189399607
3,165,4.15999496305175,3.0459936202428275,2.2383935571487896,1.8886088113104995
3,166,11.648588861445377,7.4726987818534125,0.7528767124019531,2.2278565174539047
3,167,5.594727347162627,2.7019954734318454,0.41904596222272517,1.234269826979955
3,168,12.494494963025701,8.697336075202463,0.15667735851507203,3.476585320074796
3,169,4.390355417497474,2.5977186698227617,0.2992431706502572,0.30630133359078804
3,170,2.6960273564871353,0.9158388102780868,0.35888360992420587,0.04029272965613351
3,171,6.343616906337754,4.986719862380305,1.1897112044422542,1.684949790528008
3,172,7.054502075626016,4.168500981129307,2.318836076070305,0.18514471991070813
3,173,10.407123508318227,6.790354307294859,0.6770756863648728,1.7804119557910685
3,174,8.304812368470598,5.247025368711685,2.6048193758264304,1.4521567471425294
3,175,8.462434988186489,5.644710239554959,0.19306807880457555,2.0579736471629397
3,176,4.443750695415067,1.0332865188174707,1.8104261966799235,0.14642220585239052
3,177,7.580579907522211,4.248671051781428,1.8768720579536158,1.5144132369234273
3,178,7.70926617820639,5.607276619029821,1.8264138197592956,1.4269305277779625
3,179,4.653282072259471,3.0004939979422884,0.10076086354949965,1.2348380246052466
3,180,6.407515009048607,3.298576055708849,0.1323465866378548,0.4919657854371482
3,181,5.947107122533615,3.4911864982412038,0.5011999556338544,1.4717045957688473
3,182,5.329245910963653,3.543685893542046,0.8180365431873149,1.3878527863674224
3,183,4.639818468811614,3.360278886294825,1.370193118034571,0.9427930118035661
3,184,9.381158229266083,5.9865527466288775,0.8618656917379113,2.3541181614627718
3,185,6.130886001862506,2.6205264387273814,0.10902384990600922,0.6950399932970929
3,186,2.8238084806851362,1.452409782884461,1.0097816793735497,0.788643081586177
3,187,5.292933080871142,3.6046536172189354,1.2133652444054803,0.5038017591891746
3,188,3.5809362276938397,2.4894471201352837,0.685532991621951,0.7338799782462149
3,189,7.780381998363258,4.7547352430780565,0.43272792486804335,0.7974683865703377
3,190,3.146651565786375,0.8116590671416266,0.24009888040937,0.5865097730492069
3,191,4.582505224160363,3.1157294615346967,0.0240713393719858,0.7601755182568424
3,192,5.695793950887122,3.7845830471273083,0.8013046980017613,0.25614528066487785
3,193,6.401772660629438,4.03395089285931,0.7956509030232866,0.8599207660161411
3,194,12.812298148016499,8.122905036339846,0.2092754725092263,2.470457250017875
3,195,4.254234270336214,2.525902685627152,1.5323987398782428,0.33519768305507713
3,196,5.443076872660375,3.369665339905184,1.1012346826512136,1.0044100132666862
3,197,7.5941172453972685,4.761061151377153,1.6857800748921221,1.7321451976544757
3,198,5.132101204876209,1.8383364705844598,1.2086627015593265,0.4849949336736479
3,199,6.204508069425508,4.454768246600185,0.8741401907950141,1.0183280652443512
4,0,11.020202882167927,3.079022058944912,1.2215818321929817,1.5346481544056574
4,1,18.644811370887993,6.399182610812186,4.2680627162399105,4.750039162104999
4,2,18.089424884837257,5.655217463625896,0.9640055436693729,2.747535937770662
4,3,16.25325428839497,5.702621726248993,2.484140758666058,2.5115143908131663
4,4,14.846543777819544,2.779158783878147,0.9701376873384504,0.3553418075375485
4,5,12.586343788436004,4.37327116028518,1.2419732799513383,1.4392984152768624
4,6,14.01379221477967,4.161797600367797,0.07650486121941924,1.10674382363246
4,7,16.64419561142483,4.626284324097215,2.7545955300321907,2.030151691595897
4,8,12.3802960803005,4.407560549129614,0.995406359729941,0.8311135729806299
4,9,15.066829318889086,5.194479871280298,0.13501445267786494,1.3382180618825466
4,10,13.54162012308245,2.4718276640673316,5.394954620178311,0.13657836087216446
4,11,14.547605655866333,4.452388137380941,1.198371956105646,1.3788978036585218
4,12,15.239071412534015,5.471700275031805,4.629512412487898,0.5045798018273993
4,13,16.90866532572955,6.859496149687867,1.9260043332567278,2.5725234728417945
4,14,18.661027191599963,5.018064639260507,4.488844266746412,2.2000534872273048
4,15,14.743214005506001,3.9806618293214515,1.7553770181613118,0.3177871847980003
4,16,16.435941941966135,5.354465870701592,2.104756318682888,2.6353546675274018
4,17,13.38252720798789,3.1500037524967452,1.862029837229116,0.2116413584003043
4,18,11.415952798908949,2.5899840561615197,0.37213275319554384,0.669205332883263
4,19,12.705701723673934,3.7182846690731917,1.0242341078862154,0.7369020638945876
4,20,16.66873440053425,6.128500567167671,2.7749026726089028,2.0604005512824193
4,21,15.544538587460622,4.567901995681307,4.462533803305092,2.604160852946254
4,22,10.797546789625173,2.7732340857847824,1.129365297942158,0.3006412212068881
4,23,14.088547549820486,5.004772717605399,2.698635490687238,0.8259830173871165
4,24,13.789809165598015,4.682672961567323,0.32742323061768275,0.6578526500252169
4,25,13.560268692741232,4.169594187147762,0.5353583849807819,0.39687213176759206
4,26,16.038678392054575,5.489418791114701,3.9414748860679367,1.6925938326277383
4,27,13.867976676271473,4.450338003637465,2.565451673160112,1.1179998437371241
4,28,16.28892603822925,6.394094366274133,3.0807550037762326,4.911013681965745
4,29,15.162143708755142,2.7155511154875698,1.8677334050094458,1.3032531139278387
4,30,13.156346865082524,1.7772190984587035,1.5193800059613807,0.8057200516637056
4,31,18.725015447676526,4.998719601595612,0.5715104900238401,2.195085027014537
4,32,14.505531803908227,6.614357046771074,3.0263655154836044,0.7887700351815075
4,33,13.941763088916796,4.42624756690848,3.526988283408059,1.7735083544606425
4,34,11.77035564595479,2.539933085317104,5.087393613382389,1.2118107226782144
4,35,7.761396233668389,2.602987085972996,2.38565510128889,0.9588094931206421
4,36,15.996282392198724,5.409380731920642,4.45996047941712,3.2902115402060432
4,37,13.285393232388078,3.927126352916357,3.61503930452821,0.017063437717154795
4,38,17.68230468138587,5.38390024362207,3.6129241863520747,2.678085809614432
4,39,13.359724784493224,2.7962884184231225,0.5431149302784775,0.5661700241255586
4,40,16.544749989051574,5.579400266222633,0.9045358330021571,1.4009331149004596
4,41,12.113527290223368,4.284758850170259,1.420265506920643,0.7372252338115659
4,42,15.108337330678387,3.285416337489253,1.0905605471646425,0.09804728295013687
4,43,9.105383424384813,3.5277924009135257,1.1064763898980488,0.5737034586528829
4,44,16.342432489071797,3.4830598076300263,1.7795900949145391,1.615785203397569
4,45,19.9061085528097,4.650693852170938,9.322438851503179,2.071070491704816
4,46,14.46918233642298,4.711773205432955,0.23377901641192977,0.7813128384551246
4,47,13.379966031802063,2.8961795908851853,0.2666740345226657,0.06505743860255264
4,48,16.672465553201558,4.881620045880792,3.677517568158237,2.3301200166236984
4,49,12.768552487874828,4.424258465650226,3.5269148959822445,1.5544211300467714
4,50,17.577117247690865,4.185884044570493,4.30927717103377,1.8381823344413846
4,51,13.89482001455786,3.322078035711816,0.26126273549951406,0.5247684632484712
4,52,19.132395907510748,4.753295100881006,5.1639340333436365,3.10396075746534
4,53,13.868842852087827,3.077095068013634,0.7626182743267833,0.27580124572426756
4,54,10.649664736905496,4.411508735109614,1.3212205583587746,0.43124827514578024
4,55,10.700614934609186,2.6144687660830943,1.502549225217706,1.4606921438400153
4,56,16.101548273594883,4.269986997973415,1.3657075153747797,2.639678271455897
4,57,17.833203948998886,6.630863051413368,0.987742987776528,2.3528530737305062
4,58,20.056011044187457,5.468182012945898,1.6226051628507037,2.138519968777799
4,59,14.928515854012062,3.1350338625248084,0.6932954437201602,1.1482315624576547
4,60,12.553642264136647,2.1165454259647634,1.2117500759987792,0.17970331526177863
4,61,16.85666392091857,4.40927541561167,1.949969952770573,0.388537382300842
4,62,13.792586084189983,4.985008666093209,3.0238606419432443,0.8810841979939167
4,63,12.955941685587081,3.742251043841709,1.364697304835289,0.7154181776552424
4,64,16.28682843524891,4.803521909889889,4.085476957857821,3.0294936281123754
4,65,11.799176057113625,3.206226873247873,1.4241911578004363,2.2382781837131955
4,66,13.771930337480912,4.285537092923287,0.9585151303264468,0.05346974439566643
4,67,16.811597015470728,5.441086735237813,3.335506245487963,1.0317425068254293
4,68,21.013146666254478,6.114457019899754,1.4313956411942854,3.2903284565472672
4,69,14.306068938806828,3.8145893795177432,3.790241649208369,2.063668708113997
4,70,15.771455273663566,2.3873928720885016,0.023283532618435743,1.7572024269451747
4,71,12.468016344154188,3.3245871636928856,1.0324732557919987,0.3961357840636288
4,72,23.257317964579773,6.506653123777236,0.9649848956307636,3.5601366335332507
4,73,17.088551449908973,4.078487936592109,2.0290744049958107,0.9433090805294313
4,74,9.245338011530613,2.3691682540011354,0.5997673086666993,0.5012007352546641
4,75,19.676302481177856,4.281049971842113,1.2836150710758858,1.395964008911012
4,76,14.850284096845515,4.0329605883792965,2.3327064972896494,1.6201466033484937
4,77,11.549794382687612,3.09030524286186,2.9666599202442114,2.193521838376388
4,78,16.708608329365866,4.106012977960866,3.064874887492948,1.6124872533790013
4,79,13.164958718342975,2.1216022527366722,0.5150681449374162,0.1285829700290273
4,80,16.100066338998037,4.1159698907125515,4.473212100843028,1.872972566729514
4,81,15.318406895743237,5.46914241983067,4.095175417942045,2.336183356599449
4,82,14.1236959744026,2.1904559435621183,0.3252885159981389,0.2793919864957666
4,83,16.327221481525875,4.269073568756999,7.706473430951917,3.1287313138106736
4,84,18.697702062956697,4.844936273616563,2.4576227657093597,0.9193492726520629
4,85,21.525136949638068,6.3059652421441275,2.9280580044369486,2.0428462054542056
4,86,11.412375234674265,3.9946776139905418,0.35805161624178083,0.24896561300680942
4,87,16.641067990272283,5.930660298470789,1.9423362663724504,2.4618597877347104
4,88,14.82457898679515,4.034919148865555,2.662223271402894,1.1031301968307752
4,89,11.875301127145079,2.9879360495240235,1.5307521980163585,1.1079390802545608
4,90,8.529954858798241,3.109416814080509,2.7504546458199144,1.9064156914028834
4,91,13.485761687847031,4.740547110913207,1.3075250023858018,1.0064976841975768
4,92,18.469826732356935,5.507689655735409,0.6170494183651698,2.509228545584561
4,93,11.935424967151757,3.4666524106234293,3.1960617468386374,0.04540782804665655
4,94,9.422552698229394,3.146733086732106,1.7679109977069913,0.21708501441507355
4,95,19.926005455771072,6.53300895437707,4.475753571507326,4.199584174085451
4,96,15.25851772221359,3.4983119350098533,3.5142501898341436,1.5291472510676698
4,97,13.102748545694283,3.6603272027333174,3.227827114855401,0.07593041724034877
4,98,20.88144357538452,6.006300773704579,0.9107898234760228,2.7416902868455058
4,99,15.087917735463378,3.951745763966078,0.7549987899900117,1.2734912034843742
4,100,12.026780860867857,3.0509049429454715,1.99953176660307,0.5513338088552442
4,101,11.781477634335769,2.344438406007352,1.0980607582507105,0.28645619695595204
4,102,21.404492486197345,5.712368683560965,2.4893515403271635,3.004289957097786
4,103,12.82528431914772,3.6060586598662017,3.432728956124393,1.2122165754146979
4,104,17.223402020629333,5.270047118932343,0.8448704586551941,3.366955053547037
4,105,16.282429776549222,3.43664467861944,2.1725111372615658,0.9208820103179839
4,106,17.8307498326723,5.819256782232982,5.002882078547188,3.9256756550789684
4,107,14.977658690582828,4.245292626992001,3.922946567608676,0.8937136883566001
4,108,11.888864107278778,1.1701141525643017,1.9125166487898184,0.895789414397119
4,109,14.159568634910041,2.540287904535578,3.202592940608824,1.1237163006692525
4,110,16.259073717449084,4.9471529578237865,1.4342268942987033,2.8611670210024682
4,111,9.429943498623567,2.508360730468226,0.011307169483515622,0.575281598548298
4,112,15.777968470822675,4.171688272361993,5.656638671306496,2.6455143581303684
4,113,13.762926382097863,4.721077191342765,3.4375539681948197,1.8170052153198248
4,114,11.531565253100789,2.8854498285253554,0.9159321710941981,1.0685493416372596
4,115,16.70440507559447,4.730475265433879,4.2091393458576505,1.4544175770495764
4,116,15.770913467298277,3.0009425379973034,0.7534831583962074,0.358128389227661
4,117,13.121642866487246,2.7522284376976667,1.8961633024857747,0.8833463949317063
4,118,18.181135282947295,4.515469477438648,0.29138106019884447,2.2458691477095445
4,119,13.909556535063524,1.699791899546672,0.5419157853034449,1.3543385828557355
4,120,21.70376033331355,4.905115798445532,3.097283434569775,3.2217912824518704
4,121,10.438746552793436,2.156917123277488,1.3001132685087953,0.5853028047215099
4,122,19.154598400850176,5.824375724053651,1.8254260577234902,3.4906565236689797
4,123,17.128203291514513,4.504802172987659,3.587509604276292,3.2298379347153725
4,124,20.45761477169773,6.566825714319741,0.3138718061051833,3.0923744473798145
4,125,18.864638629132955,6.215382714973981,0.3591515307840041,0.934810150105039
4,126,16.75332458702665,4.2165683549597075,5.8547896660722785,2.310119470670478
4,127,13.778750628030199,3.7134793012069287,0.2606069383558065,1.1809776458467163
4,128,11.687893453132169,2.8178312940155674,0.25962211857857653,0.35548487426641606
4,129,16.413876142684597,4.760031512488761,2.5202596700595308,3.117070910484532
4,130,20.117211238621707,5.636608022946363,0.12622002458614645,3.613493182606059
4,131,15.304763292110252,3.575673020105142,0.6932869462007432,2.513199176096329
4,132,14.444446692667498,4.318248037841725,3.060973214636661,2.771982230993983
4,133,14.581601334571605,2.652239787970954,1.0129681642698216,1.0491062204542048
4,134,10.007892764242563,4.0592601845925484,2.1994227781188016,0.5551212025307204
4,135,16.859511988349936,4.190494034679593,1.1840852592872864,0.5139236341944124
4,136,16.45043589005604,4.62048284977838,0.0424245441311939,0.7223267707379862
4,137,15.975273938326453,4.732122160728161,2.4315153339615705,1.5142813463631872
4,138,22.980082894738093,6.3353838773979065,2.90208884911263,3.8458996319270544
4,139,16.876211010573044,4.36336504483145,1.9264200218963339,0.9207460587326212
4,140,14.784044530992027,5.488504113203116,1.8730904125161345,2.8043149037780997
4,141,18.5015057185509,5.537275861598019,0.6501144207151413,1.8523138422577503
4,142,15.019825017594716,3.539736712688808,1.1519967233651158,1.1682809832800707
4,143,16.203392161774254,4.073995341274752,0.37151010477329294,0.27201387518382947
4,144,11.4835187492513,3.5641560514917385,1.947236652838214,0.7756398949689802
4,145,17.78327223877087,4.660628799226158,4.294411886080496,2.7625115072832234
4,146,14.608593696285439,4.6584601701205655,3.287893147381695,1.7565569506499932
4,147,13.664720709234569,2.3990315874318893,5.3098749052665255,0.8401390045853021
4,148,13.907146478173967,4.007153666760964,3.4413587698440296,1.1502175707051352
4,149,17.561648680688105,5.452610128719866,2.356964770307485,2.6207964383543736
4,150,14.223624803384698,3.3997984690840224,2.9809049786970547,1.487276397576174
4,151,8.136418160571345,2.5989306163491857,0.4672085456388544,0.438229091185133
4,152,15.179203061110327,3.746217816203219,0.0023962612973775776,1.7469348640573754
4,153,20.595219049683507,5.23540808872694,4.163819676470936,2.5304979863370756
4,154,15.417221813195367,4.8203862833992135,0.5931018937306902,2.0208436376901955
4,155,14.076196213699312,4.917536316339533,1.0146880193654795,0.16271459179190773
4,156,11.835154028090924,4.282177014491073,0.869992608116732,1.1991135821041552
4,157,13.128464555208298,5.279042817528505,1.4190822603967632,0.5371135188265317
4,158,16.987073813136277,6.570329395851846,1.6378424653543249,2.0675074928467536
4,159,11.42613781347772,4.713739571869055,3.890107572855456,0.04881511249584558
4,160,15.784892188766307,6.906047370515138,3.5936386378314893,3.17887400867828
4,161,15.15253485579151,3.2975837062099833,1.4469519692143962,1.0170787110156299
4,162,25.686651915186236,8.968809614224284,4.355407019604243,5.26265317051625
4,163,23.490404108044938,7.97836391130267,3.115739698413975,4.175656158094284
4,164,20.21030676664098,5.514859963499204,0.8344297373666336,3.1099014785832546
4,165,15.331947874504003,5.143176557807833,4.869171386196314,1.0353304629284579
4,166,10.409201618693384,3.596305495216129,1.3509234473381042,1.3009963217343383
4,167,17.021764844351882,4.6442911029671965,1.5457582319158405,1.865980715829759
4,168,20.879989566707323,7.590868062821206,0.9679942784902664,2.744989123431088
4,169,17.276860255952524,6.459742451332056,6.097617520271029,2.466612406716228
4,170,19.620861534092867,6.220194949363182,0.5044425122025729,1.5367463142904687
4,171,14.570394713939793,2.938991092181283,0.5749215235269816,1.58365649644039
4,172,15.251341019745345,5.385433444507464,3.0668743375005363,2.504075270290695
4,173,13.800051173048695,3.1462634131855056,0.7805087119925389,0.2036923742749197
4,174,18.78914642835135,5.952835535653324,3.716199411229425,3.695787744985856
4,175,15.303206698631815,3.9491850587549138,1.0027766356341345,1.953802477174611
4,176,11.004893125952735,3.374912910856541,1.495999477868878,0.21218238423334634
4,177,8.534309921267026,3.5731983067497883,1.0297043208696977,0.4994599049648383
4,178,12.49189192960292,1.902979998136047,0.23718980223651442,0.4410804050289281
4,179,13.791333168339603,4.078870651462478,0.15645652203473048,1.7092317389038272
4,180,14.856581742229782,4.7829000336902014,3.3812046861271625,3.116612472128214
4,181,18.624356851480478,6.18974505677428,0.5106955228381764,2.5928626874234384
4,182,14.746399533617945,3.994659928497868,0.24615241060959647,0.5405927162619992
4,183,16.893261094405183,5.049085403128738,0.7398765705501091,2.453669567783187
4,184,17.403890465441826,4.759738533702781,5.767261905476033,1.8489528053016515
4,185,15.044228454713748,4.58507742507948,0.5435436433478742,1.0990143702764792
4,186,14.299539371209889,2.9646685471433396,0.8138724915357614,1.2975764176271978
4,187,18.51453889155543,5.105690404604471,1.865413293531418,0.9537077179815856
4,188,16.980250726884876,3.9232465278160213,3.120299898797043,2.510615166709755
4,189,19.01054604692526,6.384291089862192,4.523774592842585,4.038061830681817
4,190,12.36062396768867,3.725583623594738,0.3192723861097164,0.6949567813038066
4,191,14.288362298419347,2.460250824752484,0.4597255840829888,0.235678960570618
4,192,15.998269463622517,4.069092617490896,2.4741210673173413,2.354233631965716
4,193,14.915942042291764,5.000755011465274,1.7669124302588983,2.9033741807448425
4,194,9.679665055638734,5.024166312536012,1.4676354096067712,1.4061193224344715
4,195,13.953253869667433,3.3004102505697106,3.2966192554256537,1.6097684839330708
4,196,21.997223046745063,6.687333984174263,1.514194513925844,1.6119227969767635
4,197,22.2110579245012,8.591916260897829,6.084408674800201,4.512011362394689
4,198,14.45764010299097,3.767166830237883,0.24302781831455889,0.08586067367601635
4,199,18.446610171988375,3.2154449280031088,0.16753644635601006,0.7579493548709246
5,0,18.26635761540304,4.255362873279326,0.5320533921194937,2.06642103265846
5,1,16.208294169982107,3.1825833833326542,1.355982409637889,0.5297812843763511
5,2,11.286825386609937,2.705516810348108,2.9095518642938742,1.291492764789258
5,3,16.144900579597568,1.4086530712397995,3.212167482002741,0.5870010569834097
5,4,24.49365310465272,6.04876531191763,1.0327022710397955,2.036481636562513
5,5,21.644259969210122,5.6895897815641385,2.663188105885837,3.4891647189412947
5,6,18.549224240143978,5.348335071751576,1.3658015196724165,3.2611917656163762
5,7,14.367298651070305,1.3606862630010073,2.4248876392538534,0.028531765584449698
5,8,15.785926195759554,4.0125796430029395,4.836654879126769,1.5315030283750493
5,9,16.77839188190136,2.8499233915892628,1.814818000697926,1.04720116633313
5,10,15.172894516158905,2.479442970259016,1.6994726256674682,1.815599187303716
5,11,21.147552818265524,6.330717869392006,2.7500161679734276,3.5088725605732862
5,12,21.272853285492406,5.215493787296161,0.5492552249304339,2.500643275061609
5,13,23.04945412527015,5.016489229297251,1.6610083922305847,2.563747403019429
5,14,19.962051124654216,2.8854443235859653,1.0060819482644519,0.716317995298613
5,15,14.241086134883897,4.0623846091628755,1.108761163786312,1.1130841603490267
5,16,21.44067055402369,4.291470658960966,1.2386102918890458,1.1436929638995936
5,17,15.535037052501083,3.2503273879037606,0.22615554468455912,1.514725622976989
5,18,22.875976646384352,5.567378982210211,3.2286154015146877,3.0540657742698563
5,19,16.911120399864977,2.9764911442234414,1.8272621769365855,2.2106116309249826
5,20,11.06695993228703,5.060151033935809,2.4679462351297445,0.9257462989775407
5,21,21.72901901294607,3.435881381581985,0.03697585784732382,1.2237253278369156
5,22,20.275099888471075,4.128160929772495,5.895356311683571,3.096849506788268
5,23,19.336638876521533,4.640678948123361,1.4147909788709683,0.40409228942743325
5,24,14.03829934818257,0.7295889986698901,0.24837190673180487,0.23675485986250622
5,25,19.56422884285583,3.923238238247292,1.1065222850214127,2.0676812852479873
5,26,14.197420688882515,2.611794371869084,0.8082713591589936,0.34577172170352477
5,27,19.61264757601481,5.644295983047267,1.92944155261317,3.4118798289708865
5,28,26.68614641952274,7.594832265051633,2.5569518130051705,5.18339813887251
5,29,14.38979070272378,1.8597117449199445,3.3840036033361116,0.3885412698227799
5,30,22.248109632128653,5.035373716679843,0.2021112470516755,2.242294568395751
5,31,14.439068119034792,3.529539760110916,0.8914883064800563,0.929323369822737
5,32,20.73136952899671,4.888857825230377,4.14343060441027,2.6758734136097435
5,33,20.09268314489711,4.0927149280300945,1.28051143765623,1.1597554793873073
5,34,14.857818820428966,2.7068658152238325,0.9699778548750402,0.5318948942410612
5,35,19.563662241071114,2.937230795493152,2.814347255098923,1.5190820804919385
5,36,17.423126621713667,4.33191065045007,3.4390481930776247,0.635659771693788
5,37,10.47467312111855,3.0175709682317424,3.801895821769662,1.8503274729120593
5,38,16.997795433982592,4.708779179000793,2.478952237988622,2.538023571767447
5,39,19.992826914873422,3.628553440244481,1.5651803674581828,1.920717129448902
5,40,22.64044510225679,5.923716782006665,3.790608803923945,3.0124962596475493
5,41,18.046760846546576,5.0925439310193115,0.6657637312370639,0.4698062243508778
5,42,14.893346829809271,2.5435601911167773,3.922627689335343,1.5809850244830956
5,43,27.072571537244396,7.046542928809953,3.192224987659003,3.998142824038943
5,44,15.864301561429922,1.6167125566103717,0.21065238831801025,0.3747836658617123
5,45,19.015796135674826,3.8030060239301524,0.3842277360866433,1.7094805929571384
5,46,18.34826464391299,3.3690027856960043,2.793831284795715,1.000519711891212
5,47,18.22404622624411,2.880963527420889,0.7219970750334284,0.4443908283220803
5,48,12.743539226777557,1.9180772466507023,3.004699767292834,1.167855537949102
5,49,16.747178204067904,2.8973954210067823,0.6380865419802859,0.4737844805331939
5,50,22.327998568926716,5.833585999069511,4.8386681923553,4.079167772099103
5,51,12.945123947779544,2.8641841739232197,1.3988032887450288,0.563835986371253
5,52,17.831957742281038,2.683373999439413,0.4500490399585857,0.013591466594226276
5,53,15.92705559901773,2.53603007793489,3.604598701722608,1.3685966542217958
5,54,19.958666721386273,3.2682454208223644,3.4800136217915423,2.281592715398283
5,55,22.416749643591075,6.227452175207526,1.98634661410874,3.0799235125033544
5,56,19.583353062456354,5.399780213001254,2.205614906677553,1.96939217272796
5,57,24.18862957374159,4.976843242700129,2.9625335069550545,1.3213192595352177
5,58,14.302284570921572,2.52597057290335,3.3825319936049425,1.7513109168544734
5,59,12.796944759984422,1.9015637276860167,0.9353598032706429,1.1142748436527463
5,60,11.177343788269818,2.769817368071011,0.13123491752645577,0.10006740837406447
5,61,18.308741026329123,3.888361803976066,0.13407976863508964,1.5319351679855442
5,62,10.34540599912193,2.618180619502916,2.3461180201619385,0.37371408538021256
5,63,17.396269735105296,3.9900028279564093,0.19532369074808287,2.359518908152123
5,64,14.299473284668375,1.4068573756040135,0.5644462639588284,0.6224845517456252
5,65,19.366456067292685,4.716862848177074,3.3087070600624884,1.4649162376638656
5,66,15.908430183910708,2.433691872363276,5.101676623598507,1.6287663613365992
5,67,13.068749566781266,2.487473011778364,0.45675497602228177,0.7304781162883236
5,68,18.698729154685807,3.223253271942818,0.7082849090343615,2.0023542364236713
5,69,14.525589894773653,2.954156021263034,4.384815015467424,2.244937503365623
5,70,11.579530505988082,3.316153440285688,0.3225399976334842,2.0918930955841253
5,71,17.118835783808162,2.918132017219408,0.43086284454976465,1.6568954656541124
5,72,9.540131604329364,3.6964483829883608,1.0702138100856473,1.5245608662079266
5,73,19.989206407396313,4.805055946169214,4.282350205246686,3.3603404973758373
5,74,16.03969008511208,4.266305400744881,0.797761169029954,1.2514657163496785
5,75,12.923543489280684,2.1585336689588677,1.1506135319540078,0.5224328167508906
5,76,13.588858032739429,2.6637263297057503,0.6150960058935766,1.9423729615056713
5,77,16.747226501384013,4.646530212123785,1.9560219672923012,3.0533543136584536
5,78,12.984311459330621,2.8559702179900377,1.881554983878388,0.4363188697776865
5,79,21.194192618462864,6.1525464784617325,2.154528743021615,3.258129785630813
5,80,25.96493741112177,7.290286449084238,6.943387393019947,4.715644944687005
5,81,20.878517920233463,4.880164140366003,3.303097417601947,2.1368858372486588
5,82,15.684806735064894,2.495590721466497,3.9674173000713893,1.6961380652860678
5,83,19.09677966397059,4.341314453527158,0.6778442677020848,2.3288096587672626
5,84,19.397362014414867,4.995327466541369,1.7100426521216008,3.0387348860352974
5,85,17.844497056865134,4.246858557134927,0.6567973443753772,2.6729821236492315
5,86,17.703812731234972,4.809909248548272,0.6388574526939266,3.2425577617746817
5,87,13.881582331863722,0.8032362928928553,2.140785163793609,0.2560204017980614
5,88,20.143971849882067,3.909004497129099,0.23511833796904114,1.8042880485125237
5,89,12.555046175768439,4.065949290131425,3.168448851633059,1.0408142613824907
5,90,14.702610136719375,2.530414885646501,5.41038489555072,1.1370048262964092
5,91,20.77342607832525,4.283822811414912,0.4735873788019802,0.2744671723419585
5,92,20.710507468301213,5.084100130640391,1.2698527959035744,0.08208497711322793
5,93,22.80234840041587,5.465931900878031,0.4814001513644257,0.5662738080967586
5,94,21.007714819545196,5.538531741754677,1.7994629371386424,3.4466997065791283
5,95,23.556610537681745,6.6936465846583095,1.2840395614680205,2.621036637321302
5,96,13.499368052333196,2.017972510750669,2.984843986374983,0.879808226433919
5,97,19.327157165913782,4.304472243300244,0.6897938065598197,2.3796407343912676
5,98,18.850312694554745,4.9590058319308685,3.032602593207031,3.0687740632797675
5,99,22.74107505628422,6.737337747439397,3.932191399633851,3.5909571492278847
5,100,21.584118086448104,3.7857771004943555,0.26207568877704546,1.4943183925124721
5,101,15.52462120302246,3.188845546416362,1.283197765782603,0.1506403520595636
5,102,26.21119745825233,6.392526095171946,1.1297990338417634,3.1750760574226584
5,103,16.61300687393613,2.8119609515767676,1.1190338876408816,0.854097646116907
5,104,20.389619374323726,5.836580438487944,0.2644936491744403,1.203360645180334
5,105,23.269134757932566,5.587006828733565,0.3629731648492225,1.9283422608803011
5,106,19.643506869026734,2.967213645650098,0.969460874262424,1.6156540256240184
5,107,17.313529793219306,5.055163539151427,3.847770005907037,1.9170127584007681
5,108,23.896719123646843,6.000070830262456,2.6882973113313824,2.304997106940605
5,109,17.073295222799263,3.2295367555206376,0.4911843976559567,1.2656812758963683
5,110,15.464455712607496,2.2914947772152443,0.6362943662709029,0.9212622631854805
5,111,21.14278839159969,7.42158559728267,5.578605673559622,3.4195161867083383
5,112,14.784985510741246,3.222106708033984,3.5317935025752547,1.8474834189918148
5,113,18.55835730965635,4.592129308956345,0.4162211342831341,1.6621677142345572
5,114,15.014141758202582,2.547342900082192,1.1972162368920891,0.47289749619307253
5,115,9.479387933262727,1.9911670858964885,0.45609780858661964,0.978778932930152
5,116,20.105905702443643,4.874926867954666,1.1868928032802017,1.8476661298852601
5,117,17.150692230164783,2.953925311890485,0.1980267129698774,1.183655212471635
5,118,16.468617686453374,4.541996063001219,1.9754996624230756,1.2310322959574467
5,119,10.590347900426323,0.9432879728371927,1.3407632819033353,0.028925164573223583
5,120,14.707838651047688,2.275487233248662,0.6507789535496755,0.33754066307294184
5,121,18.97853392413787,3.5339076625184704,0.23281098622456398,1.3608154635054004
5,122,18.90068950648368,3.8856098801785577,1.5841774955428463,1.0403867014064012
5,123,19.43138535698654,3.9981814656557186,0.940369479895665,1.1107931384910816
5,124,16.877765892127,3.5999676356778125,0.18221721987717387,1.508295394172555
5,125,26.72001714004883,7.062738857324856,1.0870109182218641,1.3087610799956795
5,126,12.862718079608863,2.800593477382112,1.0389328492938006,0.19807439929350412
5,127,15.686391927951735,2.0253795444338034,5.993174062437561,1.5117481716964944
5,128,18.009188425148203,2.8142645854602324,3.6856646809386433,0.5164100913656475
5,129,28.77584376208027,6.803714533491716,0.768934640994928,3.123803175587306
5,130,13.544665693288524,2.7262808864649126,0.44624901175816944,1.8205961122867031
5,131,21.12149438903847,5.45796951645036,1.140589227204316,2.8166098720940935
5,132,18.080278855601296,4.417867933818132,0.597721090855245,2.105503218228792
5,133,17.772322799543634,6.110191627796924,2.0431956767850465,2.6631357375720905
5,134,16.31669844031478,3.074662667026861,0.06663301272422473,1.6364045439648374
5,135,16.317286724689477,3.2007298007530047,0.7280731661813462,1.5335915078152518
5,136,18.8454485152921,2.8808874517671947,4.5398983290007635,1.0799829094901676
5,137,20.140671961989018,4.689705443334772,1.526650062001309,1.9238870990178532
5,138,19.384849135024737,3.880210565257299,1.4556639643211753,1.822171351099018
5,139,25.086871323474963,6.515674107836183,4.4349847531325395,3.148115313761012
5,140,22.60479349348192,5.2123140849844525,3.2274216005489365,2.6133798464533005
5,141,17.904272113793617,3.469961105271827,1.5872579057351004,2.261707132847866
5,142,10.57631251505126,4.480673640374697,1.847658845645455,1.26450402072402
5,143,9.194143326381539,4.3288532276615355,0.8623277691713866,1.44128879447622
5,144,18.440869588167875,3.9515370487531425,1.4064644379095625,1.0706583637382068
5,145,20.084736012979434,2.8310034105188144,0.6172184987127594,1.0685742722773588
5,146,21.363581911678494,4.54368560259871,1.807685431936818,2.5285575774664792
5,147,17.70584601622578,1.6093141332292695,1.6314871299907168,0.9758240685185436
5,148,11.803398240643851,4.284326466201721,2.4790282783256004,0.33583930939289464
5,149,15.617601479762783,3.440485902839522,0.8899144915637152,0.5653616072817075
5,150,18.265758048409495,2.9053852906306252,1.4081024884134195,0.8042138522814374
5,151,14.242027935023534,2.638913086513023,1.7035344421990857,0.18917489154113198
5,152,24.266369931569677,6.134097282059876,2.35955843690256,2.236506803416263
5,153,18.53809155475476,4.767314764754078,2.0782916065759736,3.2572742393025758
5,154,16.117174085864946,1.0050200477059847,1.5795131336602424,0.6382171886534447
5,155,20.32809388548397,4.847953454714408,0.40478016462635935,0.6588411772165823
5,156,13.681634287295145,3.017149153521762,2.6083115317709087,0.955670992234144
5,157,17.90025872510679,3.66043865838662,5.052106381371786,3.1284035525234932
5,158,21.94940637275536,5.16399070360042,0.6028959572854546,1.696378114613743
5,159,20.316153723635313,3.549987544226094,0.19396434602511192,0.49315332611166784
5,160,18.732820920163057,3.845617613993376,0.1593515505509373,1.5246342729305262
5,161,12.167477995850835,1.9171547626246321,0.5410227126427856,0.6654057838143466
5,162,13.293433033972658,1.6065783747831188,0.18468784046264375,1.4177229479394684
5,163,23.209480459163974,6.067929289780275,4.383307656790535,3.7289419245826134
5,164,24.607101788722147,7.011239351407753,3.2688724603139576,3.9936968897691965
5,165,9.358169486724005,3.1005337742537287,3.336032300405492,0.27414938036543
5,166,15.884991383656798,1.8307468827858002,1.2787041408195705,0.620217334129267
5,167,14.507252186828849,1.3324938545834646,2.7575585911471023,0.49949656942251175
5,168,20.26049370595632,3.2194440764656953,0.5906129818263821,0.6602136691306092
5,169,14.333409402269806,1.9140551847695484,1.6988313108107178,0.14151933703209707
5,170,12.364196714679155,3.157756105109592,1.9801554272556388,1.5932161352403722
5,171,23.621706581820682,5.356254736800586,0.3106153376436964,2.344256164283783
5,172,15.0071735128333,1.9225453272514383,0.9990026947602502,0.45484982810544383
5,173,24.22153200135277,5.832529613912404,0.7599568477647551,0.4805652912364857
5,174,10.965634468222664,1.9089471719530475,1.3619077590900446,1.2040724606816307
5,175,22.089372271849214,5.5655930574094805,4.342834175536808,4.087349678725348
5,176,14.868171949086042,2.9082652498458734,0.2569618642174021,0.2322641731629671
5,177,16.417887748793426,1.7593020217363156,0.1396308742197192,0.012154222659320979
5,178,21.81873027941437,5.964604775508705,0.9316130287954678,2.234146997764714
5,179,15.298217708776287,3.1150767817058282,3.2665821069835346,1.537099231018735
5,180,14.853026265569687,1.7783031577595687,2.8350587592180716,1.0493384636691387
5,181,23.359584660149327,5.512707518303935,1.507245615382871,2.5787949645123063
5,182,17.182806808945458,2.6205014714426174,0.06414951808405078,0.4969190346943231
5,183,22.031999701249973,6.251052950894355,1.1071813771643804,2.8359280838184224
5,184,17.64814126743927,4.027310498875658,2.056052782931843,0.5829067919316918
5,185,23.81412784082999,6.304274599556995,6.930146145882574,2.793289407588649
5,186,16.50116483402043,3.6505030688159836,0.8370633738678492,1.456724383590326
5,187,24.626008324196093,5.221059310530496,6.383025257911683,3.5437094370758855
5,188,12.919942483221002,2.7229316974312425,4.278856821071784,1.486663479396291
5,189,19.263950322876088,4.701032147440471,1.8993212098997532,0.8770591945386823
5,190,14.873984401590922,2.1344813093461905,3.9889686254117436,0.22572177439689178
5,191,17.12228723960173,2.9205319683226456,0.6118447373160905,0.11839329872190696
5,192,16.091055344052467,4.217916128950779,1.4204443361027188,2.212970949701472
5,193,15.18039238682147,3.4213922672278776,2.669497524502688,1.7320765685471033
5,194,22.78884781089757,5.632374314532032,2.306306063108096,2.7769983630916535
5,195,20.7759065984468,5.867656784939986,2.8424680418217747,1.5288776350261055
5,196,17.189886101248923,3.1288481761492823,0.8018278792172282,1.6609888529638976
5,197,25.42859016282658,6.373036150034016,1.6544090781769683,3.480737868394706
5,198,8.850069688488128,4.443834700105626,0.06787764821146425,0.4911450930515884
5,199,18.117743758482916,2.8801569925369748,4.554126127116547,2.2061518704121146
6,0,23.077503190725004,4.061611499861231,0.7649940213972144,1.4648770886954465
6,1,32.11500837985703,8.522248357981413,0.9462942910557643,2.5268626888987473
6,2,31.698348429872674,6.748340407718644,0.7852371760706234,1.0519922065075775
6,3,30.604111528961138,4.39998335591958,1.67096345542231,0.13212741462399946
6,4,24.590689191576306,4.799106479773372,2.1582566209254566,1.8567932141781172
6,5,32.685394078131196,4.62915120182949,3.4838844956691446,1.540136197078396
6,6,33.33529381662999,6.713315168168002,6.688434572512634,2.8010954531791734
6,7,24.200577060409213,4.41084866255206,0.4923241255180244,0.7339729431881398
6,8,25.174735829534434,5.659044237485525,0.7953153174321415,0.2505182970547748
6,9,27.30120620692109,7.122724206869063,4.584382586970307,2.0170698194322645
6,10,32.471262381737475,5.652305812730024,2.9799339246774394,1.9162788869053076
6,11,28.962078809674644,5.576075116190481,1.5416149087288176,0.26230557933655896
6,12,29.417045393061347,7.011404680749209,0.9069849014934306,2.275110149711239
6,13,20.92866110340693,7.289782469894979,1.213586452490219,0.25529646784908366
6,14,28.374376035421005,4.392778064524156,1.8535946906702918,0.9039378758595951
6,15,32.54142472566393,5.3402060715224655,1.0638365274760275,3.783559272768069
6,16,23.612296808045297,4.090256639913322,2.506248431359637,0.09660135309596951
6,17,26.599401135552316,5.569413684479934,0.9147897103341052,2.460755406711366
6,18,19.077832677692527,3.670019210666217,2.0643494728957705,0.04013270339542574
6,19,29.379490365236496,4.5939731994934725,0.709889746610358,1.8519482208251665
6,20,30.16041546209814,6.485268123936659,5.646195620157755,3.3434811488191647
6,21,28.41615578560414,5.598730515771873,3.7019493335766924,2.2110147519871566
6,22,38.88595348279265,10.474244748881553,3.2295450261419063,5.215778390764331
6,23,27.669928299342814,4.085226907287549,3.8426337678426137,1.116324457447625
6,24,30.62825853086511,6.595757619877648,0.9854954084476759,3.784980952978977
6,25,18.631741651043047,6.39510519552627,6.690696213696626,0.01835434979394135
6,26,24.21864714499738,2.827893971832198,2.262078488548326,0.533404379761075
6,27,33.994455046893535,5.9276250428991535,1.1752630234045398,2.2996190280110653
6,28,27.513595500017093,6.018347032880585,2.425231854002135,1.61983996597281
6,29,20.65439472304384,5.077737135935856,0.5235947823099991,0.08697671895217107
6,30,33.520439417248845,8.241910374561368,2.6489078066754814,4.701291150643378
6,31,21.928557592716537,1.3816891056607872,2.186785510155289,0.9009799972120374
6,32,23.99241480044557,4.649514177693583,2.626302145368882,1.1849620711238584
6,33,28.396592643759906,5.953716460094861,1.1849674662617957,0.4014058750984846
6,34,31.992874079400874,7.277375788706204,1.9295391211106079,1.8350017360056123
6,35,27.58877230601769,4.536277507931966,0.6410841393517899,1.5951778920487072
6,36,20.861127841321956,4.479722582119847,0.9566260911157514,1.2450914724995108
6,37,22.235879561500468,4.641377612715798,1.8064399589042068,0.5935214504259115
6,38,31.605439345593282,5.3000495106438965,0.6953493056460189,1.3904151204781614
6,39,22.474775469186167,4.394809883482162,1.683596745990144,1.755896919263217
6,40,18.21331048671915,3.6129016898213253,1.9899879036291566,1.2474150487640143
6,41,23.976364117704804,5.344580614585738,0.3947322584931783,1.6623907187342997
6,42,25.65918348304221,5.307858965097535,0.43118545007538955,2.891123910728288
6,43,24.85155905451602,4.965730758426217,3.381814253923565,0.09920520139025912
6,44,30.933642205639686,7.662703332232613,3.465108922684749,5.222251755712147
6,45,23.406856075536496,3.1932632990881,0.8256211854133113,1.4457222108026961
6,46,31.802595548007847,5.427549781926268,2.1689035000240438,2.8848472403487717
6,47,26.906991745213304,5.468412646724188,4.214862219011309,3.2034838669046906
6,48,21.324996772227856,6.1462011234186225,2.491739118771264,1.3607022793795427
6,49,24.30860846474792,6.397458880097623,1.7054347573191393,1.0135942971525849
6,50,32.13394084210483,5.361163483077292,3.3389753371285025,2.479498318169047
6,51,23.036493457371588,3.4123356407073167,2.4700423427651828,0.27882303679698217
6,52,27.59248214241901,5.123831854635585,1.2899579367290954,2.0087483393186027
6,53,32.8766155186579,5.983872257820711,3.3097383482596854,2.9136872828659452
6,54,25.702949407689285,6.934667954009008,2.986315077697313,0.39081996027306753
6,55,31.931284114095472,5.4539362601836325,4.578555757906244,2.414747758319035
6,56,23.963390882492234,5.445715531634987,0.1378200827035556,0.061191665299987985
6,57,28.41677522685641,4.633679936118404,1.6348411034521604,1.7995531707541332
6,58,26.635273812422817,6.154572737688976,1.6463527108647042,3.248245070143711
6,59,28.788405088717692,7.14742852258813,5.634311284850327,4.15777353186888
6,60,23.938737172810264,5.025058466330397,3.8794479742866628,2.396428151881234
6,61,31.42298655816987,5.1483206977504015,8.760673598266095,1.4120441455267763
6,62,25.257257170242955,2.838178619283188,1.9988395071188592,0.3955692452858277
6,63,20.98106097271071,3.882445822456676,1.9319459660803489,1.9614340147564777
6,64,33.49765956231603,6.645220873575953,4.6132082475626675,3.680086591628321
6,65,27.343784047128363,5.1799531162168195,1.743397932851508,0.48907028973100686
6,66,20.765203306198103,4.063811344836385,0.2133114867785082,1.7576367411536986
6,67,31.524565281663804,7.2130967376023625,1.3984771348905412,3.401564881980236
6,68,15.550910133349753,3.1138142028515405,1.2879353552205401,0.30565987126053784
6,69,27.39607177611685,5.328988762672776,0.8731357740006871,1.137088072036628
6,70,17.36275599743487,4.963647245188599,1.2311857066164151,0.8879698811524918
6,71,26.15335843988344,6.4630460078701155,2.633160291015699,2.259045688775782
6,72,35.67915570534922,7.478451706170251,2.3290447445115348,2.1852156043204136
6,73,30.12605140862579,4.7914323299018715,2.5017223261770027,1.9899811843555906
6,74,40.2403507120423,6.785262603161373,2.591343172607978,3.5545685177214907
6,75,25.553016388092548,5.331840046388255,3.1847103785606947,1.2059883964368736
6,76,28.171945170132496,6.078026066230821,0.18558671318842812,2.8530793687099
6,77,23.228352858318097,4.791905446121848,2.9285678831876396,2.8114600589820897
6,78,33.021531219638405,4.200393863920744,1.64615117486629,2.08258063183746
6,79,23.93198842763061,4.311837020209373,0.12530853538545728,1.5688196616101182
6,80,33.8363061158112,7.372792358263978,5.9747451099584765,2.745123759857928
6,81,23.619650210609414,5.711937088455678,1.0184358070046926,2.971536097830607
6,82,22.3526959821413,3.1203885791533574,0.33756652520202124,0.27177818770218454
6,83,27.36645417368248,6.757821360493789,0.1481523052513296,1.121563907684517
6,84,21.86281025546164,4.264049044895268,0.8355025780603142,0.18795963001160887
6,85,28.971740243473892,6.505285018195656,0.45679517682674486,2.0317378425452444
6,86,24.27780861207024,6.724429810101782,4.254798990896944,0.3510596397733603
6,87,27.3494644131538,6.140638036579862,1.4480646326788502,2.976071043018857
6,88,34.627949831415414,6.625460096104074,3.3399059733014838,2.429013057493363
6,89,22.72118338766654,5.3952768033070075,2.8653734673544733,0.9004976696154593
6,90,32.54514598998507,3.370792884849616,0.8850784924381259,0.7209575187986217
6,91,25.093918741825973,3.909161427348346,2.045759373933066,0.38483190890283825
6,92,25.086785338113504,5.0546640870469535,0.5655596864254306,0.5467700477378921
6,93,25.571727462968283,5.894188636882209,0.9686588427193783,1.826939754802626
6,94,32.48640216112492,6.654592395291372,2.8444517993162037,3.441619592411792
6,95,35.82755282106948,6.2589119560663,3.074467709984617,2.513001900619364
6,96,32.19953413993918,5.339664040100565,2.3562043645777635,1.9818077174983433
6,97,19.888576077274227,6.163378236886147,2.6841477769695388,1.0238002128274113
6,98,28.597870401021076,6.0734283524734565,1.9241953194811856,0.35853923461303094
6,99,25.72321160356982,4.507284161612874,0.899669731768995,1.5691627592953847
6,100,38.00722847752047,9.751162958209834,6.280314818760303,3.7832161665285815
6,101,38.90793263726642,8.795928572628409,6.798500685200636,4.553203138330538
6,102,23.83112734804829,7.51341095227531,1.6439719420380214,1.511452939386375
6,103,33.909708703928644,8.707130618554801,3.3709916317535686,3.524702026968865
6,104,23.01898557719529,4.360040074785993,1.414016711756119,0.43928411120485666
6,105,35.83072241577284,8.440170951377224,1.9316134351946346,3.719195785855222
6,106,29.84473093272847,3.9047098212458122,1.6150047790531517,0.6766570428276062
6,107,32.53989661185804,4.999846293455129,0.3509735552930522,1.7645151110315207
6,108,31.04781095286023,5.562797107781204,2.1993277955685073,0.12102455629126574
6,109,30.955388902316216,5.289285034180866,1.7286934841478825,1.7899595245987752
6,110,31.219519644554815,4.956478077781184,5.223464074227493,1.7229618416785266
6,111,41.84042107450438,10.00489767934833,2.304637706722218,4.624856184762264
6,112,26.71399641429281,3.7689271097591224,0.09650751096621946,1.1584992635836904
6,113,29.284619102355972,4.933118019751733,0.19080731916287164,0.08490820239600239
6,114,28.390239940432124,5.726413888886152,2.837524697911107,1.2749469373939668
6,115,30.203122803479364,5.8477583798870185,6.194721406468744,2.879181978131154
6,116,25.17198825584041,3.3320668362768746,8.270518475381593,0.45917893817025957
6,117,29.419618786988753,4.598391285753188,0.4264336510032791,1.614206370092813
6,118,25.91795319866629,3.5066853026525022,2.305165538657448,1.0641893041505888
6,119,35.50918055518487,9.392684647367249,3.1883352373661467,3.907497362477375
6,120,39.12326977662062,8.079667064214657,3.895142295056985,4.573811526479577
6,121,37.17875589512255,7.322268165955838,0.9311415660306039,2.3016797889560054
6,122,18.85059344848192,3.5631079545466333,1.7467461908310042,1.4558120787759186
6,123,24.25069773545347,4.5390703458271,3.1081501138607877,2.430552211409618
6,124,32.35506910794312,6.452560111803312,2.152307563487483,2.848504049559662
6,125,30.57577027163581,6.293748059695027,7.402830889995343,2.7147439768402712
6,126,30.766786372391902,5.7354922058504325,1.7572953737578842,3.4544966981872425
6,127,30.771689474769595,5.606100216554566,0.4832256367950265,2.420304441391265
6,128,34.9114756311954,5.717931600131562,2.4457122585736073,3.347049155549194
6,129,21.537347585331243,5.18000373265864,6.069481984448458,0.3040696493148429
6,130,26.99868476105669,6.07356879405461,1.2712777997734719,0.4258349235220076
6,131,48.813401048878845,12.093074812994127,5.029888778524082,3.597332001283578
6,132,25.72370520094801,4.79057385169394,3.351432578111684,2.189128877645293
6,133,33.491040768646826,7.0174047662624295,1.248636987894713,1.6889062604902059
6,134,33.74708226840685,6.0000375263281365,0.6356830005913849,1.7649377789950285
6,135,30.950095347706057,5.6787029549252255,2.4552387770732764,1.9746738197209068
6,136,28.487599434869587,6.575593091794259,1.7423185570308704,2.522728630854956
6,137,26.34457088012959,3.7824441183942246,3.982084446102391,0.6393737822310106
6,138,21.091738894082084,4.318299330637539,0.912005726603681,1.097707216508665
6,139,17.37255790338069,4.31876194721614,3.178985600827147,0.25214346161068457
6,140,29.397232739711942,4.7000340830297604,0.9124173403074565,2.0787782383857896
6,141,27.020303811068285,3.531870598918542,1.2490426968143282,0.2702235541120377
6,142,29.54883396727054,5.106124233729549,0.5442232041265527,2.4137310108729086
6,143,21.095201741919123,2.160944248750953,0.6870341128298065,0.8686138396767754
6,144,32.12566014618551,6.898680363509001,3.413795055715511,2.9336483966961273
6,145,33.871476806638825,7.884103280093886,2.4356391185963133,2.5288294978942227
6,146,24.787417879181785,5.575932352042583,3.510165994932777,0.9409058762825758
6,147,26.473550244322297,2.249740248575009,0.0006556550428484798,0.13235510300815356
6,148,37.827258731441226,8.418331675613677,7.699906243966694,4.740160893438393
6,149,19.913553472046978,3.628098624384764,4.708090578716323,0.265910838774297
6,150,32.6081049261327,7.400064685277733,5.786456965906041,3.776464187922844
6,151,27.079446932324217,5.591199632693176,2.0580117958606934,2.11232914437408
6,152,16.325802793833834,4.987168993892097,0.5662413316830737,2.419397785098721
6,153,39.0078578629254,9.780209731303103,5.06247356938421,5.077756699897259
6,154,32.696457791013984,6.533268722441957,0.47467283154593076,2.0093971213436133
6,155,26.83949213650626,3.103416304159263,6.153919831782531,0.38739991515648153
6,156,20.981810901528227,5.350490818378612,1.335667810079471,0.9969514257269774
6,157,35.73116591856325,9.228245194799591,0.5736346076922985,4.554155620944536
6,158,24.721780119017346,6.1766505634909326,2.8459068041113085,1.030514870345181
6,159,24.928494929253308,5.574620724774355,4.952225486973802,0.02708411707208147
6,160,19.895952112445,4.517681329183931,4.312262066511593,0.14816237022275658
6,161,36.261700813083216,8.645825739392254,1.864735095308646,2.8412546064324236
6,162,32.922096669706974,5.651246733107313,0.21368174103577076,3.326527969839974
6,163,33.03224172508506,8.485606856140336,2.1778926064427253,2.1493430393354434
6,164,45.32089764904041,11.30555805629435,3.8943611985642406,5.548279075008027
6,165,27.84768793041555,5.282673312091832,1.8204434859761847,1.1834345808714275
6,166,25.54502828147418,6.925037391657471,1.4009653539199292,0.7328710847753974
6,167,25.714394165883668,4.340022760808726,7.619075747988205,0.2152507200106486
6,168,30.41430740699402,6.487776460725334,0.307205563903878,3.604770128162941
6,169,27.737349175141567,4.2177835312595855,2.5308323922524067,1.4684920310461942
6,170,36.74921293052367,7.166595558580863,4.17103204590093,2.8320321653662814
6,171,18.58802404871844,3.13851973576776,1.3785739641084547,1.0254438986499705
6,172,21.353027867496444,3.6925956308930266,0.4784399122454772,1.3311274877714143
6,173,28.887561537502982,5.467336234940222,2.1525755625641096,3.902156819374446
6,174,26.80300598101598,5.949302163557858,2.1647557487146116,1.5277610159086257
6,175,24.971025420132456,4.063804008989776,3.0347055853516878,0.6324093791228743
6,176,25.63257970088927,4.49345936811528,3.5245523976304867,1.1216966160049007
6,177,26.234130526174035,6.079081323071867,5.055285862899126,3.108014592938261
6,178,23.336241697293815,6.520805352281812,2.2167709046005513,0.7607562667073936
6,179,25.393164723090923,2.2114081971201336,2.679732885344791,0.29956856992128644
6,180,22.529930615949645,3.0825088411274946,0.0035206328393968533,0.2805389426574527
6,181,39.98919017041517,10.267271802345366,2.404081237547132,5.229489133013933
6,182,24.238621827163904,3.76760369433472,0.004856687853276753,0.9246275478504442
6,183,34.17949554205831,6.360247102336263,6.823126114431574,3.0960016704327673
6,184,39.22591736061787,7.5082298329885875,3.1344999303635177,3.2302224087048197
6,185,26.500050399543113,5.80209342411716,2.3068671579935938,1.735356046272888
6,186,21.102821829161275,4.245846941787177,1.3880430838611062,2.5263124524464864
6,187,23.95755371726602,5.252609182949057,1.5879408886765844,0.6556096732983533
6,188,45.89078271176834,10.875628884508307,7.381017571435535,7.2873878208620555
6,189,27.456999881267052,4.603815291975137,3.9651755630283816,0.7932938666376329
6,190,23.692784639663213,4.379598048586827,0.530015083462942,1.267204159834923
6,191,16.276492093051324,5.728449128386148,1.30631593094256,0.107019216924648
6,192,25.858706297987442,7.031557360480713,0.8515292093501614,1.296211946313539
6,193,35.079112369244285,5.946368485924554,0.4398733614094965,2.9182204183264293
6,194,21.57906458703299,2.0220035604762585,0.2409457351497366,0.006502501855115916
6,195,16.985724933524295,5.908303591270857,1.4438578164365055,0.43509159989356605
6,196,27.434214371400227,4.913946577516359,1.8974259926732344,1.2683928989895819
6,197,23.082567327407986,5.188002762909637,1.9454568683930944,0.809282523983513
6,198,19.874663192270262,4.082324817099369,1.9338593904683563,0.7068357084005377
6,199,22.789767719670643,5.0115284039283985,1.4326457317702364,0.8141398042125834
7,0,35.137225738341506,2.2960782825896877,0.6081415406130652,1.2865971879262823
7,1,39.848986954480736,3.3591763653892768,0.43454073962692163,0.6683288370996447
7,2,95.76018246046144,12.21084007118592,2.7471163039515325,1.5930537692032143
7,3,90.31423931326395,11.963065813923421,0.6407380189491434,3.269654105325923
7,4,102.08474540410157,10.535296456226527,1.6037575447893104,2.7455561457316175
7,5,100.09706433765378,13.750795294926482,1.340605590109682,3.7122443214672822
7,6,93.09665902601019,10.128710691307123,2.5111112832074163,1.3895703609973356
7,7,88.58400668783588,12.123975705187938,1.782519899390433,0.31532136824585777
7,8,91.45741724749253,10.748809552363081,0.9526210371795116,0.8833080553296075
7,9,98.33572515371067,11.674520244392792,2.8550331136915403,1.2986706477995429
7,10,96.20161323561152,13.094011885150302,0.7298977295091618,4.473151009084251
7,11,91.04187769103078,11.244693910536887,0.25459225587661294,1.4395487684856703
7,12,44.328374810069235,4.823807630625877,1.6964011453943009,1.6011247055362228
7,13,89.2303658036217,12.959608471199608,1.5628357525308019,0.2525742141581502
7,14,94.09440829579631,11.804589033803115,0.9151904848194761,2.1249758761615363
7,15,97.73571554546803,10.077182914506732,0.1322275555415331,1.9660138360043353
7,16,89.43600335278613,12.881026298793863,0.6829314869894567,1.8553836028576964
7,17,87.25664873006997,12.148562740282438,0.7107869397005189,1.0198408662366423
7,18,90.82034572709257,12.051543656659625,3.7237692591505294,2.122778259811136
7,19,96.4550671798557,10.969818494669573,1.3951159781329778,0.8654844067405416
7,20,100.1370201433152,11.966523482107403,0.2429844920062436,1.9375634083752837
7,21,100.74902656913208,10.982176882965817,2.837711482453816,2.691958264448119
7,22,93.72019862000776,11.2091111914647,4.9020279369502795,1.735315179939163
7,23,94.95970354587557,11.235850815369728,0.06915918072493454,1.207215501831433
7,24,88.35395324640231,12.318954645107517,0.7010899431088404,1.7173630235652615
7,25,96.02831131732411,12.501952464191731,3.5602978045007028,2.0147884775052822
7,26,96.02543739904559,11.154873901313762,1.6955609453226685,2.638691577284991
7,27,89.12444415066217,10.951255759704699,1.5823936886720524,2.85450093980002
7,28,91.12657356786018,11.327660403020888,2.4009342189096508,0.11541347458375384
7,29,99.69311436933408,11.827536536570005,2.8687847050008592,2.8228488594916286
7,30,89.4359132577594,10.951275644970757,2.766748115648923,0.3966627620466925
7,31,83.7522708805946,12.379576071417633,2.8024829837795764,2.2492181798743864
7,32,93.8930452914801,9.923823204050658,0.0502326248636642,1.9376116346818972
7,33,94.22047010220118,12.430994853148666,5.344605898302074,1.0808439345779948
7,34,96.10149437198551,9.733026868308771,1.394723939422768,2.6908012526302
7,35,44.75542828006216,5.082624874428583,3.792549023201378,0.1932321435013482
7,36,87.98677022528295,11.090850052625404,6.036235113983459,1.6216978383224103
7,37,94.70581096081374,11.39117410530874,2.025698531566409,1.4842908964934098
7,38,90.19586058323644,10.965701900141525,3.607622284213985,0.1924914828560207
7,39,101.87265306315541,12.442380672882338,0.5661913339996616,3.5106033076668224
7,40,90.91524387758375,12.666803355353714,3.636893194748975,0.10277547464081604
7,41,92.7469527841047,11.222665602863652,2.105114244782804,2.7154665605409862
7,42,86.37805681441016,13.887413301461555,6.129011831338172,3.1844876447311092
7,43,89.91501406931745,13.620374506147678,5.39048200383316,1.504633677018394
7,44,97.92214810850435,11.852479695734585,1.184979050146243,2.7212640838230193
7,45,95.68449044947172,10.655440896265446,0.9357383263127055,1.978047739303288
7,46,89.6940497741207,11.390761194992082,1.6964905656596088,1.542299367023681
7,47,95.38953095268349,10.155455277633566,0.9620622213059811,1.5812377132838025
7,48,103.20299449764877,11.74440460323957,3.686066011809313,1.8009381540024667
7,49,96.77812255604428,12.332095023070291,1.7981649539255216,0.23551180541187855
7,50,79.96296304643487,15.420821174891115,2.8611260869834254,0.5891739429327705
7,51,84.56230797632689,12.984537022477934,0.8235754559735575,0.5526063565569888
7,52,91.87380837833669,11.682531849836183,1.4005146761078962,0.06665241624537344
7,53,105.47031069345086,11.745450087469642,1.0990828595275133,1.2703154518169795
7,54,89.22626481730373,11.644318784112052,4.768014498909061,0.13127559174949277
7,55,97.41674240199445,9.72242315758334,0.5696418932580158,1.5851454434309407
7,56,96.3645436131377,9.872715220010022,2.285974327978195,1.743586974294034
7,57,90.55082151905565,12.41797972803587,4.833165413492917,1.45322594920456
7,58,92.964439489286,11.302932335441815,0.025294228542545483,2.522684737601822
7,59,100.16849643715263,11.460661103548528,1.690853754565758,2.97723846307138
7,60,85.79897325569752,12.45900996727457,1.2908999451413763,1.7967171596674516
7,61,40.02553663833405,5.8937448025012795,1.6218874709827773,2.6478740278305297
7,62,87.39212551220578,12.669354062355703,5.067248025515525,1.732978860597893
7,63,91.17567188716075,11.344066195031766,0.817908438209102,2.5149882215066013
7,64,100.83290037108534,11.403105146160568,3.033563015374174,2.482558188003752
7,65,93.7358667153722,12.544353367360957,1.638772682415535,3.0503493408252496
7,66,87.86187744761826,11.252983851470884,4.0915034212832175,0.08411469484811085
7,67,88.64302759704506,12.510477344309521,3.568928701664216,1.9403834218572524
7,68,94.98675302590871,9.089638558138251,1.4344076117556277,1.5951012696432794
7,69,91.0728809423142,10.483628574966822,0.6980588827935392,0.8505562949672565
7,70,89.08283819649016,12.859601708814862,0.9667652688481851,1.5089736945561971
7,71,108.09332883295592,11.887630347412266,3.5876072929542246,0.6788075416814023
7,72,92.02912705666317,11.455422722420813,1.3682419580612404,1.404729234724099
7,73,91.7716400089616,13.181739533651935,2.6257799899354772,2.6528705582192798
7,74,96.65973986085811,11.922546470335913,3.537325847280929,3.782274136375487
7,75,88.57742468941638,11.54778688902341,0.8209631157714803,0.7982356395179147
7,76,103.20993926087503,11.71569010273998,0.7819040975589466,2.2658793911892396
7,77,84.88693020759082,12.73461329088401,1.5374717970282354,0.29679269977045086
7,78,83.90965081228823,11.847531689423747,0.47666508702828736,0.5819960033709606
7,79,104.83053020358595,14.402485504947432,0.38799983573482777,4.851989915559572
7,80,46.20677441022321,7.015868821462136,0.33803353364524114,2.313304171840813
7,81,101.50949038566645,12.510700968332081,0.4056855757297235,1.7334809894771195
7,82,94.6712770776151,12.2613972940436,2.157172037552378,1.2654381947361495
7,83,95.89080973042375,10.586835816289996,2.9009410843149617,0.7699547107938178
7,84,38.931174953007414,3.9097068700214406,0.5345660401353385,1.188554223206172
7,85,93.16401050154248,11.746659859459378,2.297749426656626,1.6454040908084258
7,86,95.20322576178408,12.00912843739421,0.1685320058993156,2.377265264810828
7,87,97.65899779535938,12.990134058738068,1.5388203385900248,2.402804873659776
7,88,98.58798070271281,10.355227481773033,1.8179157368322016,1.6800705403628964
7,89,89.55434549906116,13.936560627363273,0.7733894901929865,1.8649143303922084
7,90,94.46372210755237,11.633716036538258,3.422530193768118,2.8834108399897866
7,91,89.6772262485542,10.761946273471338,1.808230958011464,0.8171777733009042
7,92,99.12582295992911,9.324382254601211,1.4530049428754133,0.14683470935119436
7,93,87.75594588360062,13.466266483225073,3.0233289443993208,1.4099229240933622
7,94,94.66858402986678,11.561496065123421,0.8413816709864008,2.367956385161317
7,95,100.34475598021194,11.355283878059154,3.754545967025745,0.6134371752980696
7,96,92.51657026959712,10.175423932411643,3.2957117438614993,1.9731320559750452
7,97,100.68792745423157,10.960595620432843,2.0296513876469966,2.3545788980437683
7,98,97.66044928898484,11.122967556533602,2.4086377157908316,0.745046459124532
7,99,89.66463853773757,11.218794602167646,4.268545670517469,2.4162533905658043
7,100,98.1939548674353,11.39050580576419,2.7360006286299487,1.532046717119568
7,101,90.26558175385138,10.081502349714828,5.74570660933292,1.804685431406412
7,102,91.16086048948638,10.185883378332424,1.205423142875091,0.12866516942290085
7,103,92.40283946170287,10.82243371099657,0.7790105627000408,1.1690174831315838
7,104,102.1619239056221,11.1713337807964,2.8671627874316776,3.250955285356741
7,105,92.31770402678478,10.372324532431135,2.9657250469840655,3.218022316379807
7,106,98.30876918893294,11.33192136342321,5.1662790818060635,1.2767132023658117
7,107,99.34270915205842,12.223680848521745,1.4812842859248292,0.7248853064182326
7,108,89.90411271773019,11.602829075676347,3.3964082995434453,0.20448856179849306
7,109,93.9846285699743,12.078126733457747,0.28938071883942484,1.682660318556699
7,110,85.56905697408753,12.5894511147755,1.986546251663622,0.28722964402813145
7,111,87.7576927085129,11.714825536424595,4.226707862715031,1.5802268509824553
7,112,92.416363586397,10.333672149965407,1.4620903446896634,1.5364032065145987
7,113,78.44307769494839,14.064403438819657,1.6383657961564957,2.5970510360568912
7,114,96.63874389938455,11.284451700134456,3.5783603320347375,1.7275509853650592
7,115,85.02036374705717,13.353140264787541,1.286690199697592,1.488243244224838
7,116,95.46838345900842,11.668110621792339,0.6682146817959627,2.0431139177346056
7,117,102.03376063446116,11.416954355014377,1.1990932716715008,3.853871250062629
7,118,88.05704000627632,12.165603896651978,2.911707159155714,1.5596714911538667
7,119,99.0564975566667,11.690719570435803,1.2397318455178983,2.365983324640401
7,120,93.672209089523,12.097339191718259,6.933533151094188,1.7040892712391025
7,121,107.70343542958359,11.177221850506399,3.390318166346823,2.326114708177069
7,122,99.17538694055116,11.141806337804962,0.21052093698051522,1.9342726733327975
7,123,75.0487451175827,15.951982536089863,0.347472847030879,0.04326345250902319
7,124,83.60682446003835,14.342706004726939,3.364350315515761,1.053369751103101
7,125,91.14848902528814,13.303167520608646,0.29932735014058665,2.0727843063299587
7,126,98.30401044144114,10.365616201847196,1.353248758320234,0.9654849617981385
7,127,30.797096288066694,3.4997149965994154,2.7563534945177395,0.6432594560722298
7,128,44.12173700222196,6.549577492950166,0.8206811434534309,0.6722383479065328
7,129,90.11909702282269,10.067285203116942,0.6941797258711802,0.9087124318299358
7,130,23.417623201189965,3.8273229000565387,3.8717336919210332,0.599348399172852
7,131,89.92563234928605,12.35893480586417,1.1368055725711557,1.3678812814209205
7,132,96.0451178933404,11.070476019341426,1.6165661983823547,1.705126900518004
7,133,94.22927113785684,11.411373439570292,5.009901780601645,2.5539325231013557
7,134,80.06770554682079,14.989301187196896,4.343280319539396,0.17388106108179913
7,135,105.57278497024373,13.513929925127112,1.4826436926815063,2.5080651980902804
7,136,89.330702856574,13.396971878572593,0.6312296874742707,0.8597062983514192
7,137,100.81575091575687,9.697315440732504,0.34666193545208657,2.9309418764732875
7,138,92.36775969064502,11.060298158699245,1.4599370765396422,3.108686157674728
7,139,92.21808016030342,12.194480147152834,2.9507072513568815,1.319635879230026
7,140,94.60635266412851,12.116010301284193,3.0432753631850886,1.5261865330673583
7,141,100.1775601026858,14.134295291537736,5.464861769649932,2.205262914049871
7,142,93.120632796258,11.756694613872819,0.07683152472402455,1.3134128112948762
7,143,93.0325555080421,9.79536499841086,3.2127503788481064,0.12063628422211914
7,144,92.85318966436225,10.915598275044557,1.0911532624180538,1.6654302469521287
7,145,91.9875385158459,14.318533075755042,3.9159651077996784,3.160961824777078
7,146,91.77734743957943,11.365062824921331,3.636729922172403,0.0975308134159274
7,147,88.30799369972085,10.087732903055795,2.2096198964560543,0.5105619432790011
7,148,92.44890269034212,12.513579982693567,0.2054580092230971,1.1165509927342239
7,149,96.13048703442854,10.94826105068753,0.2986987965271979,0.8993925111385064
7,150,91.27097814618404,12.13626588384638,1.3000298233076677,1.8431117841716658
7,151,79.97646062139492,15.122519116725801,0.4508838017514414,0.3095954308636468
7,152,95.04289870644646,10.515450441868046,0.3868635068415145,0.32923607372828445
7,153,85.659855611903,13.024836077963345,1.1607780900602869,0.01668007540424954
7,154,91.92050525453416,11.528830440372541,0.7928122369455579,1.864539081276087
7,155,104.02717909621269,11.5719726148506,3.2007205201926183,2.766052083770875
7,156,87.11072055633616,13.277975729313324,1.5322553211973649,2.318486321263743
7,157,85.54625986446041,12.245007408723511,2.7609397957049353,3.4376934331693993
7,158,88.23579009304714,11.146801846027628,2.310092443099112,3.0803938985461157
7,159,94.86801383308992,11.36088937123789,0.9948369609701935,0.608456924269916
7,160,87.99803456090945,13.58832553345623,0.7516955888051804,0.4554440226122485
7,161,97.59917653316565,12.441412635942179,0.9391820575450467,1.0320251457791088
7,162,92.97762754434616,10.766577608510909,0.8528793615533772,0.7836400964947113
7,163,93.07208197235677,11.147731196752746,0.41747987088713856,2.0838813891451036
7,164,95.36801396980131,11.68775033267783,0.02652322058033718,0.376668732029968
7,165,97.39507423176579,14.669891910490266,4.95122781756708,0.6699603397690859
7,166,91.58917282939707,11.077019111256622,1.2133157716262666,0.5870196087721009
7,167,92.75487598824154,12.462489685549007,0.796004332968252,0.46912985056241485
7,168,38.454542462211215,4.275134200090718,1.5126410199120848,0.4431746796085856
7,169,87.63502064746001,12.211073018298926,5.282093877210006,0.4119423536691702
7,170,83.04317981124197,13.42698813071441,0.2031240500888032,0.7067744676382692
7,171,87.82344991540626,10.483820437597743,0.10978360138589238,0.460461752820684
7,172,38.232062322432355,2.787978117531227,2.501511964037878,0.8174669994522878
7,173,97.06905802613045,11.750655153021984,3.5688823339539795,0.7725261949394571
7,174,91.75043867073772,10.089041233902613,1.9527185664285938,2.660553669741387
7,175,40.64019081085003,5.290991080423556,6.694822913573585,1.5098382156869077
7,176,87.2537533268924,12.434831045841205,7.366537000957756,3.4556478797372376
7,177,86.02274733053947,12.176919604553094,2.920028814756222,0.062201830797583124
7,178,98.0215814054841,10.480403556627707,0.6653914354274022,1.8178784492227567
7,179,91.88822190652046,11.567710041618026,3.4766972155950597,0.07725284258798082
7,180,97.1240117602692,10.529358133079569,0.7394066526120433,3.460083616084016
7,181,89.8366843100403,12.01359544433491,2.9126063065324246,0.7074678995643571
7,182,83.19767137946783,13.863387705647519,3.213583502025049,0.024863013850502602
7,183,90.14587569391244,12.21833096307725,1.2936048754233909,1.664662857567519
7,184,95.31274049312363,11.328187281940293,1.0310089534890103,0.19182458672757008
7,185,90.53321578981954,13.49441442219048,0.46259448175359097,2.394185085822909
7,186,88.74395196642921,11.489009926002037,3.5551846457561673,2.0425293243871616
7,187,87.92744048372785,10.817354863857906,5.049123290085998,1.3041261978419487
7,188,96.46981586780144,10.460697525844822,4.132790967015012,0.3259346322922536
7,189,105.3627953821715,14.017229303220413,3.4943097973362924,2.4081460522411837
7,190,81.05728607362025,14.36686805164919,1.6472799729967242,0.3020217564240415
7,191,90.42081167295372,11.972372609019983,0.0007083504037588284,1.5030671767718964
7,192,89.6319640187302,12.361886140222614,2.0137739644002117,1.2205326313949754
7,193,91.21476623497712,11.144359729219396,1.5361195574771251,1.308776768261796
7,194,92.59881670057953,12.321157673158785,2.429459912567385,1.9022009258836428
7,195,84.20369108737445,11.849050779724697,3.1357814055180064,0.3088321221191397
7,196,88.00626332020728,12.857394692644078,1.9587574296286157,0.8753624553197734
7,197,89.24016847207282,12.474012579188935,3.921922198538141,2.8887758000098964
7,198,97.77674376568716,10.830956316637726,4.718162458580387,1.992355578106165
7,199,82.24697718461172,13.170328151054505,2.9109763277479566,1.0013610981295766
